2026-08-22 22:41:02.520 [TRACE][START] pid=47 TRACE_OUT='/testbed/logs/kedro_qa/utils_remove_nested_section_s2_loops__pert_llm_s0/trace.log' TRACE_FILE='kedro/templates/project/hooks/utils.py' TRACE_FUNCS=['_remove_nested_section'] TRACE_EVENTS=['call', 'exception', 'line', 'return']
2026-08-22 22:41:02.590 /testbed/kedro/templates/project/hooks/utils.py:50 kedro.templates.project.hooks.utils._remove_nested_section event=call locals={'data': "{'a0': {'keepA': 10, 'a1': {'a2': {'a3': {'a4': {'a5': {'a6': {'a7': {'a8': {'a9': {'a10': {'a11': {'a12': {'a13': {'a14': {'leafA': 1}}}}}}}}}}}}}}}, 'e0': {'keepE': 12, 'leafE2': 7, 'leafE3': 8, 'leafE4': 9, 'e1': {'e2': {'e3': {'e4': {'e5': {'e6': {'e7': {'e8': {'e9': {'e10': {'e11': {'e12': {'leafE1': 6}}}}}}}}}}}}}, 'project': {'name': 'hard-demo', 'version': '2.4.1', 'authors': ['alice', 'bob', 'carol']}, 'd0': {'d1': {'d2': {'d3': {'d4': {'d5': {'d6': {'d7': {'keepD': 11, 'd8': {'d9': {'d...", 'nested_key': "'e0.leafE4'"}
2026-08-22 22:41:02.590 /testbed/kedro/templates/project/hooks/utils.py:57 kedro.templates.project.hooks.utils._remove_nested_section event=line locals={}
2026-08-22 22:41:02.590 /testbed/kedro/templates/project/hooks/utils.py:58 kedro.templates.project.hooks.utils._remove_nested_section event=line locals={'keys': "['e0', 'leafE4']"}
2026-08-22 22:41:02.590 /testbed/kedro/templates/project/hooks/utils.py:60 kedro.templates.project.hooks.utils._remove_nested_section event=line locals={'current_data': "{'a0': {'keepA': 10, 'a1': {'a2': {'a3': {'a4': {'a5': {'a6': {'a7': {'a8': {'a9': {'a10': {'a11': {'a12': {'a13': {'a14': {'leafA': 1}}}}}}}}}}}}}}}, 'e0': {'keepE': 12, 'leafE2': 7, 'leafE3': 8, 'leafE4': 9, 'e1': {'e2': {'e3': {'e4': {'e5': {'e6': {'e7': {'e8': {'e9': {'e10': {'e11': {'e12': {'leafE1': 6}}}}}}}}}}}}}, 'project': {'name': 'hard-demo', 'version': '2.4.1', 'authors': ['alice', 'bob', 'carol']}, 'd0': {'d1': {'d2': {'d3': {'d4': {'d5': {'d6': {'d7': {'keepD': 11, 'd8': {'d9': {'d..."}
2026-08-22 22:41:02.590 /testbed/kedro/templates/project/hooks/utils.py:61 kedro.templates.project.hooks.utils._remove_nested_section event=line locals={'key': "'e0'"}
2026-08-22 22:41:02.590 /testbed/kedro/templates/project/hooks/utils.py:62 kedro.templates.project.hooks.utils._remove_nested_section event=line locals={}
2026-08-22 22:41:02.590 /testbed/kedro/templates/project/hooks/utils.py:60 kedro.templates.project.hooks.utils._remove_nested_section event=line locals={'current_data': "{'keepE': 12, 'leafE2': 7, 'leafE3': 8, 'leafE4': 9, 'e1': {'e2': {'e3': {'e4': {'e5': {'e6': {'e7': {'e8': {'e9': {'e10': {'e11': {'e12': {'leafE1': 6}}}}}}}}}}}}}"}
2026-08-22 22:41:02.590 /testbed/kedro/templates/project/hooks/utils.py:67 kedro.templates.project.hooks.utils._remove_nested_section event=line locals={}
2026-08-22 22:41:02.590 /testbed/kedro/templates/project/hooks/utils.py:68 kedro.templates.project.hooks.utils._remove_nested_section event=line locals={'current_data': "{'keepE': 12, 'leafE2': 7, 'leafE3': 8, 'e1': {'e2': {'e3': {'e4': {'e5': {'e6': {'e7': {'e8': {'e9': {'e10': {'e11': {'e12': {'leafE1': 6}}}}}}}}}}}}}", 'data': "{'a0': {'keepA': 10, 'a1': {'a2': {'a3': {'a4': {'a5': {'a6': {'a7': {'a8': {'a9': {'a10': {'a11': {'a12': {'a13': {'a14': {'leafA': 1}}}}}}}}}}}}}}}, 'e0': {'keepE': 12, 'leafE2': 7, 'leafE3': 8, 'e1': {'e2': {'e3': {'e4': {'e5': {'e6': {'e7': {'e8': {'e9': {'e10': {'e11': {'e12': {'leafE1': 6}}}}}}}}}}}}}, 'project': {'name': 'hard-demo', 'version': '2.4.1', 'authors': ['alice', 'bob', 'carol']}, 'd0': {'d1': {'d2': {'d3': {'d4': {'d5': {'d6': {'d7': {'keepD': 11, 'd8': {'d9': {'d10': {'d11': ..."}
2026-08-22 22:41:02.590 /testbed/kedro/templates/project/hooks/utils.py:69 kedro.templates.project.hooks.utils._remove_nested_section event=line locals={}
2026-08-22 22:41:02.590 /testbed/kedro/templates/project/hooks/utils.py:70 kedro.templates.project.hooks.utils._remove_nested_section event=line locals={'parent_section': "{'a0': {'keepA': 10, 'a1': {'a2': {'a3': {'a4': {'a5': {'a6': {'a7': {'a8': {'a9': {'a10': {'a11': {'a12': {'a13': {'a14': {'leafA': 1}}}}}}}}}}}}}}}, 'e0': {'keepE': 12, 'leafE2': 7, 'leafE3': 8, 'e1': {'e2': {'e3': {'e4': {'e5': {'e6': {'e7': {'e8': {'e9': {'e10': {'e11': {'e12': {'leafE1': 6}}}}}}}}}}}}}, 'project': {'name': 'hard-demo', 'version': '2.4.1', 'authors': ['alice', 'bob', 'carol']}, 'd0': {'d1': {'d2': {'d3': {'d4': {'d5': {'d6': {'d7': {'keepD': 11, 'd8': {'d9': {'d10': {'d11': ..."}
2026-08-22 22:41:02.590 /testbed/kedro/templates/project/hooks/utils.py:72 kedro.templates.project.hooks.utils._remove_nested_section event=line locals={}
2026-08-22 22:41:02.590 /testbed/kedro/templates/project/hooks/utils.py:76 kedro.templates.project.hooks.utils._remove_nested_section event=line locals={}
2026-08-22 22:41:02.590 /testbed/kedro/templates/project/hooks/utils.py:76 kedro.templates.project.hooks.utils._remove_nested_section event=return retval=None locals={'current_data': "{'keepE': 12, 'leafE2': 7, 'leafE3': 8, 'e1': {'e2': {'e3': {'e4': {'e5': {'e6': {'e7': {'e8': {'e9': {'e10': {'e11': {'e12': {'leafE1': 6}}}}}}}}}}}}}", 'data': "{'a0': {'keepA': 10, 'a1': {'a2': {'a3': {'a4': {'a5': {'a6': {'a7': {'a8': {'a9': {'a10': {'a11': {'a12': {'a13': {'a14': {'leafA': 1}}}}}}}}}}}}}}}, 'e0': {'keepE': 12, 'leafE2': 7, 'leafE3': 8, 'e1': {'e2': {'e3': {'e4': {'e5': {'e6': {'e7': {'e8': {'e9': {'e10': {'e11': {'e12': {'leafE1': 6}}}}}}}}}}}}}, 'project': {'name': 'hard-demo', 'version': '2.4.1', 'authors': ['alice', 'bob', 'carol']}, 'd0': {'d1': {'d2': {'d3': {'d4': {'d5': {'d6': {'d7': {'keepD': 11, 'd8': {'d9': {'d10': {'d11': ...", 'key': "'e0'", 'keys': "['e0', 'leafE4']", 'nested_key': "'e0.leafE4'", 'parent_section': "{'a0': {'keepA': 10, 'a1': {'a2': {'a3': {'a4': {'a5': {'a6': {'a7': {'a8': {'a9': {'a10': {'a11': {'a12': {'a13': {'a14': {'leafA': 1}}}}}}}}}}}}}}}, 'e0': {'keepE': 12, 'leafE2': 7, 'leafE3': 8, 'e1': {'e2': {'e3': {'e4': {'e5': {'e6': {'e7': {'e8': {'e9': {'e10': {'e11': {'e12': {'leafE1': 6}}}}}}}}}}}}}, 'project': {'name': 'hard-demo', 'version': '2.4.1', 'authors': ['alice', 'bob', 'carol']}, 'd0': {'d1': {'d2': {'d3': {'d4': {'d5': {'d6': {'d7': {'keepD': 11, 'd8': {'d9': {'d10': {'d11': ..."}
2026-08-22 22:41:02.590 /testbed/kedro/templates/project/hooks/utils.py:50 kedro.templates.project.hooks.utils._remove_nested_section event=call locals={'data': "{'a0': {'keepA': 10, 'a1': {'a2': {'a3': {'a4': {'a5': {'a6': {'a7': {'a8': {'a9': {'a10': {'a11': {'a12': {'a13': {'a14': {'leafA': 1}}}}}}}}}}}}}}}, 'e0': {'keepE': 12, 'leafE2': 7, 'leafE3': 8, 'e1': {'e2': {'e3': {'e4': {'e5': {'e6': {'e7': {'e8': {'e9': {'e10': {'e11': {'e12': {'leafE1': 6}}}}}}}}}}}}}, 'project': {'name': 'hard-demo', 'version': '2.4.1', 'authors': ['alice', 'bob', 'carol']}, 'd0': {'d1': {'d2': {'d3': {'d4': {'d5': {'d6': {'d7': {'keepD': 11, 'd8': {'d9': {'d10': {'d11': ...", 'nested_key': "'e0.missing.leafX'"}
2026-08-22 22:41:02.590 /testbed/kedro/templates/project/hooks/utils.py:57 kedro.templates.project.hooks.utils._remove_nested_section event=line locals={}
2026-08-22 22:41:02.590 /testbed/kedro/templates/project/hooks/utils.py:58 kedro.templates.project.hooks.utils._remove_nested_section event=line locals={'keys': "['e0', 'missing', 'leafX']"}
2026-08-22 22:41:02.591 /testbed/kedro/templates/project/hooks/utils.py:60 kedro.templates.project.hooks.utils._remove_nested_section event=line locals={'current_data': "{'a0': {'keepA': 10, 'a1': {'a2': {'a3': {'a4': {'a5': {'a6': {'a7': {'a8': {'a9': {'a10': {'a11': {'a12': {'a13': {'a14': {'leafA': 1}}}}}}}}}}}}}}}, 'e0': {'keepE': 12, 'leafE2': 7, 'leafE3': 8, 'e1': {'e2': {'e3': {'e4': {'e5': {'e6': {'e7': {'e8': {'e9': {'e10': {'e11': {'e12': {'leafE1': 6}}}}}}}}}}}}}, 'project': {'name': 'hard-demo', 'version': '2.4.1', 'authors': ['alice', 'bob', 'carol']}, 'd0': {'d1': {'d2': {'d3': {'d4': {'d5': {'d6': {'d7': {'keepD': 11, 'd8': {'d9': {'d10': {'d11': ..."}
2026-08-22 22:41:02.591 /testbed/kedro/templates/project/hooks/utils.py:61 kedro.templates.project.hooks.utils._remove_nested_section event=line locals={'key': "'e0'"}
2026-08-22 22:41:02.591 /testbed/kedro/templates/project/hooks/utils.py:62 kedro.templates.project.hooks.utils._remove_nested_section event=line locals={}
2026-08-22 22:41:02.591 /testbed/kedro/templates/project/hooks/utils.py:60 kedro.templates.project.hooks.utils._remove_nested_section event=line locals={'current_data': "{'keepE': 12, 'leafE2': 7, 'leafE3': 8, 'e1': {'e2': {'e3': {'e4': {'e5': {'e6': {'e7': {'e8': {'e9': {'e10': {'e11': {'e12': {'leafE1': 6}}}}}}}}}}}}}"}
2026-08-22 22:41:02.591 /testbed/kedro/templates/project/hooks/utils.py:61 kedro.templates.project.hooks.utils._remove_nested_section event=line locals={'key': "'missing'"}
2026-08-22 22:41:02.591 /testbed/kedro/templates/project/hooks/utils.py:64 kedro.templates.project.hooks.utils._remove_nested_section event=line locals={}
2026-08-22 22:41:02.591 /testbed/kedro/templates/project/hooks/utils.py:64 kedro.templates.project.hooks.utils._remove_nested_section event=return retval=None locals={'current_data': "{'keepE': 12, 'leafE2': 7, 'leafE3': 8, 'e1': {'e2': {'e3': {'e4': {'e5': {'e6': {'e7': {'e8': {'e9': {'e10': {'e11': {'e12': {'leafE1': 6}}}}}}}}}}}}}", 'data': "{'a0': {'keepA': 10, 'a1': {'a2': {'a3': {'a4': {'a5': {'a6': {'a7': {'a8': {'a9': {'a10': {'a11': {'a12': {'a13': {'a14': {'leafA': 1}}}}}}}}}}}}}}}, 'e0': {'keepE': 12, 'leafE2': 7, 'leafE3': 8, 'e1': {'e2': {'e3': {'e4': {'e5': {'e6': {'e7': {'e8': {'e9': {'e10': {'e11': {'e12': {'leafE1': 6}}}}}}}}}}}}}, 'project': {'name': 'hard-demo', 'version': '2.4.1', 'authors': ['alice', 'bob', 'carol']}, 'd0': {'d1': {'d2': {'d3': {'d4': {'d5': {'d6': {'d7': {'keepD': 11, 'd8': {'d9': {'d10': {'d11': ...", 'key': "'missing'", 'keys': "['e0', 'missing', 'leafX']", 'nested_key': "'e0.missing.leafX'"}
2026-08-22 22:41:02.591 /testbed/kedro/templates/project/hooks/utils.py:50 kedro.templates.project.hooks.utils._remove_nested_section event=call locals={'data': "{'a0': {'keepA': 10, 'a1': {'a2': {'a3': {'a4': {'a5': {'a6': {'a7': {'a8': {'a9': {'a10': {'a11': {'a12': {'a13': {'a14': {'leafA': 1}}}}}}}}}}}}}}}, 'e0': {'keepE': 12, 'leafE2': 7, 'leafE3': 8, 'e1': {'e2': {'e3': {'e4': {'e5': {'e6': {'e7': {'e8': {'e9': {'e10': {'e11': {'e12': {'leafE1': 6}}}}}}}}}}}}}, 'project': {'name': 'hard-demo', 'version': '2.4.1', 'authors': ['alice', 'bob', 'carol']}, 'd0': {'d1': {'d2': {'d3': {'d4': {'d5': {'d6': {'d7': {'keepD': 11, 'd8': {'d9': {'d10': {'d11': ...", 'nested_key': "'b0.b1.b2.b3.b4.b5.b6.b7.b8.b9.b10.b11.leafB'"}
2026-08-22 22:41:02.591 /testbed/kedro/templates/project/hooks/utils.py:57 kedro.templates.project.hooks.utils._remove_nested_section event=line locals={}
2026-08-22 22:41:02.591 /testbed/kedro/templates/project/hooks/utils.py:58 kedro.templates.project.hooks.utils._remove_nested_section event=line locals={'keys': "['b0', 'b1', 'b2', 'b3', 'b4', 'b5', 'b6', 'b7', 'b8', 'b9', 'b10', 'b11', 'leafB']"}
2026-08-22 22:41:02.591 /testbed/kedro/templates/project/hooks/utils.py:60 kedro.templates.project.hooks.utils._remove_nested_section event=line locals={'current_data': "{'a0': {'keepA': 10, 'a1': {'a2': {'a3': {'a4': {'a5': {'a6': {'a7': {'a8': {'a9': {'a10': {'a11': {'a12': {'a13': {'a14': {'leafA': 1}}}}}}}}}}}}}}}, 'e0': {'keepE': 12, 'leafE2': 7, 'leafE3': 8, 'e1': {'e2': {'e3': {'e4': {'e5': {'e6': {'e7': {'e8': {'e9': {'e10': {'e11': {'e12': {'leafE1': 6}}}}}}}}}}}}}, 'project': {'name': 'hard-demo', 'version': '2.4.1', 'authors': ['alice', 'bob', 'carol']}, 'd0': {'d1': {'d2': {'d3': {'d4': {'d5': {'d6': {'d7': {'keepD': 11, 'd8': {'d9': {'d10': {'d11': ..."}
2026-08-22 22:41:02.591 /testbed/kedro/templates/project/hooks/utils.py:61 kedro.templates.project.hooks.utils._remove_nested_section event=line locals={'key': "'b0'"}
2026-08-22 22:41:02.591 /testbed/kedro/templates/project/hooks/utils.py:62 kedro.templates.project.hooks.utils._remove_nested_section event=line locals={}
2026-08-22 22:41:02.591 /testbed/kedro/templates/project/hooks/utils.py:60 kedro.templates.project.hooks.utils._remove_nested_section event=line locals={'current_data': "{'b1': {'b2': {'b3': {'b4': {'b5': {'b6': {'b7': {'b8': {'b9': {'b10': {'b11': {'leafB': 2}}}}}}}}}}}}"}
2026-08-22 22:41:02.591 /testbed/kedro/templates/project/hooks/utils.py:61 kedro.templates.project.hooks.utils._remove_nested_section event=line locals={'key': "'b1'"}
2026-08-22 22:41:02.591 /testbed/kedro/templates/project/hooks/utils.py:62 kedro.templates.project.hooks.utils._remove_nested_section event=line locals={}
2026-08-22 22:41:02.591 /testbed/kedro/templates/project/hooks/utils.py:60 kedro.templates.project.hooks.utils._remove_nested_section event=line locals={'current_data': "{'b2': {'b3': {'b4': {'b5': {'b6': {'b7': {'b8': {'b9': {'b10': {'b11': {'leafB': 2}}}}}}}}}}}"}
2026-08-22 22:41:02.591 /testbed/kedro/templates/project/hooks/utils.py:61 kedro.templates.project.hooks.utils._remove_nested_section event=line locals={'key': "'b2'"}
2026-08-22 22:41:02.591 /testbed/kedro/templates/project/hooks/utils.py:62 kedro.templates.project.hooks.utils._remove_nested_section event=line locals={}
2026-08-22 22:41:02.591 /testbed/kedro/templates/project/hooks/utils.py:60 kedro.templates.project.hooks.utils._remove_nested_section event=line locals={'current_data': "{'b3': {'b4': {'b5': {'b6': {'b7': {'b8': {'b9': {'b10': {'b11': {'leafB': 2}}}}}}}}}}"}
2026-08-22 22:41:02.591 /testbed/kedro/templates/project/hooks/utils.py:61 kedro.templates.project.hooks.utils._remove_nested_section event=line locals={'key': "'b3'"}
2026-08-22 22:41:02.591 /testbed/kedro/templates/project/hooks/utils.py:62 kedro.templates.project.hooks.utils._remove_nested_section event=line locals={}
2026-08-22 22:41:02.591 /testbed/kedro/templates/project/hooks/utils.py:60 kedro.templates.project.hooks.utils._remove_nested_section event=line locals={'current_data': "{'b4': {'b5': {'b6': {'b7': {'b8': {'b9': {'b10': {'b11': {'leafB': 2}}}}}}}}}"}
2026-08-22 22:41:02.591 /testbed/kedro/templates/project/hooks/utils.py:61 kedro.templates.project.hooks.utils._remove_nested_section event=line locals={'key': "'b4'"}
2026-08-22 22:41:02.591 /testbed/kedro/templates/project/hooks/utils.py:62 kedro.templates.project.hooks.utils._remove_nested_section event=line locals={}
2026-08-22 22:41:02.591 /testbed/kedro/templates/project/hooks/utils.py:60 kedro.templates.project.hooks.utils._remove_nested_section event=line locals={'current_data': "{'b5': {'b6': {'b7': {'b8': {'b9': {'b10': {'b11': {'leafB': 2}}}}}}}}"}
2026-08-22 22:41:02.591 /testbed/kedro/templates/project/hooks/utils.py:61 kedro.templates.project.hooks.utils._remove_nested_section event=line locals={'key': "'b5'"}
2026-08-22 22:41:02.591 /testbed/kedro/templates/project/hooks/utils.py:62 kedro.templates.project.hooks.utils._remove_nested_section event=line locals={}
2026-08-22 22:41:02.591 /testbed/kedro/templates/project/hooks/utils.py:60 kedro.templates.project.hooks.utils._remove_nested_section event=line locals={'current_data': "{'b6': {'b7': {'b8': {'b9': {'b10': {'b11': {'leafB': 2}}}}}}}"}
2026-08-22 22:41:02.591 /testbed/kedro/templates/project/hooks/utils.py:61 kedro.templates.project.hooks.utils._remove_nested_section event=line locals={'key': "'b6'"}
2026-08-22 22:41:02.591 /testbed/kedro/templates/project/hooks/utils.py:62 kedro.templates.project.hooks.utils._remove_nested_section event=line locals={}
2026-08-22 22:41:02.591 /testbed/kedro/templates/project/hooks/utils.py:60 kedro.templates.project.hooks.utils._remove_nested_section event=line locals={'current_data': "{'b7': {'b8': {'b9': {'b10': {'b11': {'leafB': 2}}}}}}"}
2026-08-22 22:41:02.592 /testbed/kedro/templates/project/hooks/utils.py:61 kedro.templates.project.hooks.utils._remove_nested_section event=line locals={'key': "'b7'"}
2026-08-22 22:41:02.592 /testbed/kedro/templates/project/hooks/utils.py:62 kedro.templates.project.hooks.utils._remove_nested_section event=line locals={}
2026-08-22 22:41:02.592 /testbed/kedro/templates/project/hooks/utils.py:60 kedro.templates.project.hooks.utils._remove_nested_section event=line locals={'current_data': "{'b8': {'b9': {'b10': {'b11': {'leafB': 2}}}}}"}
2026-08-22 22:41:02.592 /testbed/kedro/templates/project/hooks/utils.py:61 kedro.templates.project.hooks.utils._remove_nested_section event=line locals={'key': "'b8'"}
2026-08-22 22:41:02.592 /testbed/kedro/templates/project/hooks/utils.py:62 kedro.templates.project.hooks.utils._remove_nested_section event=line locals={}
2026-08-22 22:41:02.592 /testbed/kedro/templates/project/hooks/utils.py:60 kedro.templates.project.hooks.utils._remove_nested_section event=line locals={'current_data': "{'b9': {'b10': {'b11': {'leafB': 2}}}}"}
2026-08-22 22:41:02.592 /testbed/kedro/templates/project/hooks/utils.py:61 kedro.templates.project.hooks.utils._remove_nested_section event=line locals={'key': "'b9'"}
2026-08-22 22:41:02.592 /testbed/kedro/templates/project/hooks/utils.py:62 kedro.templates.project.hooks.utils._remove_nested_section event=line locals={}
2026-08-22 22:41:02.592 /testbed/kedro/templates/project/hooks/utils.py:60 kedro.templates.project.hooks.utils._remove_nested_section event=line locals={'current_data': "{'b10': {'b11': {'leafB': 2}}}"}
2026-08-22 22:41:02.592 /testbed/kedro/templates/project/hooks/utils.py:61 kedro.templates.project.hooks.utils._remove_nested_section event=line locals={'key': "'b10'"}
2026-08-22 22:41:02.592 /testbed/kedro/templates/project/hooks/utils.py:62 kedro.templates.project.hooks.utils._remove_nested_section event=line locals={}
2026-08-22 22:41:02.592 /testbed/kedro/templates/project/hooks/utils.py:60 kedro.templates.project.hooks.utils._remove_nested_section event=line locals={'current_data': "{'b11': {'leafB': 2}}"}
2026-08-22 22:41:02.592 /testbed/kedro/templates/project/hooks/utils.py:61 kedro.templates.project.hooks.utils._remove_nested_section event=line locals={'key': "'b11'"}
2026-08-22 22:41:02.592 /testbed/kedro/templates/project/hooks/utils.py:62 kedro.templates.project.hooks.utils._remove_nested_section event=line locals={}
2026-08-22 22:41:02.592 /testbed/kedro/templates/project/hooks/utils.py:60 kedro.templates.project.hooks.utils._remove_nested_section event=line locals={'current_data': "{'leafB': 2}"}
2026-08-22 22:41:02.592 /testbed/kedro/templates/project/hooks/utils.py:67 kedro.templates.project.hooks.utils._remove_nested_section event=line locals={}
2026-08-22 22:41:02.592 /testbed/kedro/templates/project/hooks/utils.py:68 kedro.templates.project.hooks.utils._remove_nested_section event=line locals={'current_data': '{}'}
2026-08-22 22:41:02.592 /testbed/kedro/templates/project/hooks/utils.py:69 kedro.templates.project.hooks.utils._remove_nested_section event=line locals={}
2026-08-22 22:41:02.592 /testbed/kedro/templates/project/hooks/utils.py:70 kedro.templates.project.hooks.utils._remove_nested_section event=line locals={'parent_section': "{'a0': {'keepA': 10, 'a1': {'a2': {'a3': {'a4': {'a5': {'a6': {'a7': {'a8': {'a9': {'a10': {'a11': {'a12': {'a13': {'a14': {'leafA': 1}}}}}}}}}}}}}}}, 'e0': {'keepE': 12, 'leafE2': 7, 'leafE3': 8, 'e1': {'e2': {'e3': {'e4': {'e5': {'e6': {'e7': {'e8': {'e9': {'e10': {'e11': {'e12': {'leafE1': 6}}}}}}}}}}}}}, 'project': {'name': 'hard-demo', 'version': '2.4.1', 'authors': ['alice', 'bob', 'carol']}, 'd0': {'d1': {'d2': {'d3': {'d4': {'d5': {'d6': {'d7': {'keepD': 11, 'd8': {'d9': {'d10': {'d11': ..."}
2026-08-22 22:41:02.592 /testbed/kedro/templates/project/hooks/utils.py:71 kedro.templates.project.hooks.utils._remove_nested_section event=line locals={'key_part': "'b0'"}
2026-08-22 22:41:02.592 /testbed/kedro/templates/project/hooks/utils.py:70 kedro.templates.project.hooks.utils._remove_nested_section event=line locals={'parent_section': "{'b1': {'b2': {'b3': {'b4': {'b5': {'b6': {'b7': {'b8': {'b9': {'b10': {'b11': {}}}}}}}}}}}}"}
2026-08-22 22:41:02.592 /testbed/kedro/templates/project/hooks/utils.py:71 kedro.templates.project.hooks.utils._remove_nested_section event=line locals={'key_part': "'b1'"}
2026-08-22 22:41:02.592 /testbed/kedro/templates/project/hooks/utils.py:70 kedro.templates.project.hooks.utils._remove_nested_section event=line locals={'parent_section': "{'b2': {'b3': {'b4': {'b5': {'b6': {'b7': {'b8': {'b9': {'b10': {'b11': {}}}}}}}}}}}"}
2026-08-22 22:41:02.592 /testbed/kedro/templates/project/hooks/utils.py:71 kedro.templates.project.hooks.utils._remove_nested_section event=line locals={'key_part': "'b2'"}
2026-08-22 22:41:02.592 /testbed/kedro/templates/project/hooks/utils.py:70 kedro.templates.project.hooks.utils._remove_nested_section event=line locals={'parent_section': "{'b3': {'b4': {'b5': {'b6': {'b7': {'b8': {'b9': {'b10': {'b11': {}}}}}}}}}}"}
2026-08-22 22:41:02.592 /testbed/kedro/templates/project/hooks/utils.py:71 kedro.templates.project.hooks.utils._remove_nested_section event=line locals={'key_part': "'b3'"}
2026-08-22 22:41:02.592 /testbed/kedro/templates/project/hooks/utils.py:70 kedro.templates.project.hooks.utils._remove_nested_section event=line locals={'parent_section': "{'b4': {'b5': {'b6': {'b7': {'b8': {'b9': {'b10': {'b11': {}}}}}}}}}"}
2026-08-22 22:41:02.592 /testbed/kedro/templates/project/hooks/utils.py:71 kedro.templates.project.hooks.utils._remove_nested_section event=line locals={'key_part': "'b4'"}
2026-08-22 22:41:02.592 /testbed/kedro/templates/project/hooks/utils.py:70 kedro.templates.project.hooks.utils._remove_nested_section event=line locals={'parent_section': "{'b5': {'b6': {'b7': {'b8': {'b9': {'b10': {'b11': {}}}}}}}}"}
2026-08-22 22:41:02.592 /testbed/kedro/templates/project/hooks/utils.py:71 kedro.templates.project.hooks.utils._remove_nested_section event=line locals={'key_part': "'b5'"}
2026-08-22 22:41:02.592 /testbed/kedro/templates/project/hooks/utils.py:70 kedro.templates.project.hooks.utils._remove_nested_section event=line locals={'parent_section': "{'b6': {'b7': {'b8': {'b9': {'b10': {'b11': {}}}}}}}"}
2026-08-22 22:41:02.592 /testbed/kedro/templates/project/hooks/utils.py:71 kedro.templates.project.hooks.utils._remove_nested_section event=line locals={'key_part': "'b6'"}
2026-08-22 22:41:02.592 /testbed/kedro/templates/project/hooks/utils.py:70 kedro.templates.project.hooks.utils._remove_nested_section event=line locals={'parent_section': "{'b7': {'b8': {'b9': {'b10': {'b11': {}}}}}}"}
2026-08-22 22:41:02.592 /testbed/kedro/templates/project/hooks/utils.py:71 kedro.templates.project.hooks.utils._remove_nested_section event=line locals={'key_part': "'b7'"}
2026-08-22 22:41:02.592 /testbed/kedro/templates/project/hooks/utils.py:70 kedro.templates.project.hooks.utils._remove_nested_section event=line locals={'parent_section': "{'b8': {'b9': {'b10': {'b11': {}}}}}"}
2026-08-22 22:41:02.592 /testbed/kedro/templates/project/hooks/utils.py:71 kedro.templates.project.hooks.utils._remove_nested_section event=line locals={'key_part': "'b8'"}
2026-08-22 22:41:02.593 /testbed/kedro/templates/project/hooks/utils.py:70 kedro.templates.project.hooks.utils._remove_nested_section event=line locals={'parent_section': "{'b9': {'b10': {'b11': {}}}}"}
2026-08-22 22:41:02.593 /testbed/kedro/templates/project/hooks/utils.py:71 kedro.templates.project.hooks.utils._remove_nested_section event=line locals={'key_part': "'b9'"}
2026-08-22 22:41:02.593 /testbed/kedro/templates/project/hooks/utils.py:70 kedro.templates.project.hooks.utils._remove_nested_section event=line locals={'parent_section': "{'b10': {'b11': {}}}"}
2026-08-22 22:41:02.593 /testbed/kedro/templates/project/hooks/utils.py:71 kedro.templates.project.hooks.utils._remove_nested_section event=line locals={'key_part': "'b10'"}
2026-08-22 22:41:02.593 /testbed/kedro/templates/project/hooks/utils.py:70 kedro.templates.project.hooks.utils._remove_nested_section event=line locals={'parent_section': "{'b11': {}}"}
2026-08-22 22:41:02.593 /testbed/kedro/templates/project/hooks/utils.py:72 kedro.templates.project.hooks.utils._remove_nested_section event=line locals={}
2026-08-22 22:41:02.593 /testbed/kedro/templates/project/hooks/utils.py:73 kedro.templates.project.hooks.utils._remove_nested_section event=line locals={}
2026-08-22 22:41:02.593 /testbed/kedro/templates/project/hooks/utils.py:74 kedro.templates.project.hooks.utils._remove_nested_section event=line locals={'parent_section': '{}'}
2026-08-22 22:41:02.593 /testbed/kedro/templates/project/hooks/utils.py:68 kedro.templates.project.hooks.utils._remove_nested_section event=line locals={}
2026-08-22 22:41:02.593 /testbed/kedro/templates/project/hooks/utils.py:69 kedro.templates.project.hooks.utils._remove_nested_section event=line locals={'key': "'b10'"}
2026-08-22 22:41:02.593 /testbed/kedro/templates/project/hooks/utils.py:70 kedro.templates.project.hooks.utils._remove_nested_section event=line locals={'parent_section': "{'a0': {'keepA': 10, 'a1': {'a2': {'a3': {'a4': {'a5': {'a6': {'a7': {'a8': {'a9': {'a10': {'a11': {'a12': {'a13': {'a14': {'leafA': 1}}}}}}}}}}}}}}}, 'e0': {'keepE': 12, 'leafE2': 7, 'leafE3': 8, 'e1': {'e2': {'e3': {'e4': {'e5': {'e6': {'e7': {'e8': {'e9': {'e10': {'e11': {'e12': {'leafE1': 6}}}}}}}}}}}}}, 'project': {'name': 'hard-demo', 'version': '2.4.1', 'authors': ['alice', 'bob', 'carol']}, 'd0': {'d1': {'d2': {'d3': {'d4': {'d5': {'d6': {'d7': {'keepD': 11, 'd8': {'d9': {'d10': {'d11': ..."}
2026-08-22 22:41:02.593 /testbed/kedro/templates/project/hooks/utils.py:71 kedro.templates.project.hooks.utils._remove_nested_section event=line locals={'key_part': "'b0'"}
2026-08-22 22:41:02.593 /testbed/kedro/templates/project/hooks/utils.py:70 kedro.templates.project.hooks.utils._remove_nested_section event=line locals={'parent_section': "{'b1': {'b2': {'b3': {'b4': {'b5': {'b6': {'b7': {'b8': {'b9': {'b10': {}}}}}}}}}}}"}
2026-08-22 22:41:02.593 /testbed/kedro/templates/project/hooks/utils.py:71 kedro.templates.project.hooks.utils._remove_nested_section event=line locals={'key_part': "'b1'"}
2026-08-22 22:41:02.593 /testbed/kedro/templates/project/hooks/utils.py:70 kedro.templates.project.hooks.utils._remove_nested_section event=line locals={'parent_section': "{'b2': {'b3': {'b4': {'b5': {'b6': {'b7': {'b8': {'b9': {'b10': {}}}}}}}}}}"}
2026-08-22 22:41:02.593 /testbed/kedro/templates/project/hooks/utils.py:71 kedro.templates.project.hooks.utils._remove_nested_section event=line locals={'key_part': "'b2'"}
2026-08-22 22:41:02.593 /testbed/kedro/templates/project/hooks/utils.py:70 kedro.templates.project.hooks.utils._remove_nested_section event=line locals={'parent_section': "{'b3': {'b4': {'b5': {'b6': {'b7': {'b8': {'b9': {'b10': {}}}}}}}}}"}
2026-08-22 22:41:02.593 /testbed/kedro/templates/project/hooks/utils.py:71 kedro.templates.project.hooks.utils._remove_nested_section event=line locals={'key_part': "'b3'"}
2026-08-22 22:41:02.593 /testbed/kedro/templates/project/hooks/utils.py:70 kedro.templates.project.hooks.utils._remove_nested_section event=line locals={'parent_section': "{'b4': {'b5': {'b6': {'b7': {'b8': {'b9': {'b10': {}}}}}}}}"}
2026-08-22 22:41:02.593 /testbed/kedro/templates/project/hooks/utils.py:71 kedro.templates.project.hooks.utils._remove_nested_section event=line locals={'key_part': "'b4'"}
2026-08-22 22:41:02.593 /testbed/kedro/templates/project/hooks/utils.py:70 kedro.templates.project.hooks.utils._remove_nested_section event=line locals={'parent_section': "{'b5': {'b6': {'b7': {'b8': {'b9': {'b10': {}}}}}}}"}
2026-08-22 22:41:02.593 /testbed/kedro/templates/project/hooks/utils.py:71 kedro.templates.project.hooks.utils._remove_nested_section event=line locals={'key_part': "'b5'"}
2026-08-22 22:41:02.593 /testbed/kedro/templates/project/hooks/utils.py:70 kedro.templates.project.hooks.utils._remove_nested_section event=line locals={'parent_section': "{'b6': {'b7': {'b8': {'b9': {'b10': {}}}}}}"}
2026-08-22 22:41:02.593 /testbed/kedro/templates/project/hooks/utils.py:71 kedro.templates.project.hooks.utils._remove_nested_section event=line locals={'key_part': "'b6'"}
2026-08-22 22:41:02.593 /testbed/kedro/templates/project/hooks/utils.py:70 kedro.templates.project.hooks.utils._remove_nested_section event=line locals={'parent_section': "{'b7': {'b8': {'b9': {'b10': {}}}}}"}
2026-08-22 22:41:02.593 /testbed/kedro/templates/project/hooks/utils.py:71 kedro.templates.project.hooks.utils._remove_nested_section event=line locals={'key_part': "'b7'"}
2026-08-22 22:41:02.593 /testbed/kedro/templates/project/hooks/utils.py:70 kedro.templates.project.hooks.utils._remove_nested_section event=line locals={'parent_section': "{'b8': {'b9': {'b10': {}}}}"}
2026-08-22 22:41:02.593 /testbed/kedro/templates/project/hooks/utils.py:71 kedro.templates.project.hooks.utils._remove_nested_section event=line locals={'key_part': "'b8'"}
2026-08-22 22:41:02.593 /testbed/kedro/templates/project/hooks/utils.py:70 kedro.templates.project.hooks.utils._remove_nested_section event=line locals={'parent_section': "{'b9': {'b10': {}}}"}
2026-08-22 22:41:02.593 /testbed/kedro/templates/project/hooks/utils.py:71 kedro.templates.project.hooks.utils._remove_nested_section event=line locals={'key_part': "'b9'"}
2026-08-22 22:41:02.593 /testbed/kedro/templates/project/hooks/utils.py:70 kedro.templates.project.hooks.utils._remove_nested_section event=line locals={'parent_section': "{'b10': {}}"}
2026-08-22 22:41:02.593 /testbed/kedro/templates/project/hooks/utils.py:72 kedro.templates.project.hooks.utils._remove_nested_section event=line locals={}
2026-08-22 22:41:02.593 /testbed/kedro/templates/project/hooks/utils.py:73 kedro.templates.project.hooks.utils._remove_nested_section event=line locals={}
2026-08-22 22:41:02.593 /testbed/kedro/templates/project/hooks/utils.py:74 kedro.templates.project.hooks.utils._remove_nested_section event=line locals={'parent_section': '{}'}
2026-08-22 22:41:02.593 /testbed/kedro/templates/project/hooks/utils.py:68 kedro.templates.project.hooks.utils._remove_nested_section event=line locals={}
2026-08-22 22:41:02.593 /testbed/kedro/templates/project/hooks/utils.py:69 kedro.templates.project.hooks.utils._remove_nested_section event=line locals={'key': "'b9'"}
2026-08-22 22:41:02.594 /testbed/kedro/templates/project/hooks/utils.py:70 kedro.templates.project.hooks.utils._remove_nested_section event=line locals={'parent_section': "{'a0': {'keepA': 10, 'a1': {'a2': {'a3': {'a4': {'a5': {'a6': {'a7': {'a8': {'a9': {'a10': {'a11': {'a12': {'a13': {'a14': {'leafA': 1}}}}}}}}}}}}}}}, 'e0': {'keepE': 12, 'leafE2': 7, 'leafE3': 8, 'e1': {'e2': {'e3': {'e4': {'e5': {'e6': {'e7': {'e8': {'e9': {'e10': {'e11': {'e12': {'leafE1': 6}}}}}}}}}}}}}, 'project': {'name': 'hard-demo', 'version': '2.4.1', 'authors': ['alice', 'bob', 'carol']}, 'd0': {'d1': {'d2': {'d3': {'d4': {'d5': {'d6': {'d7': {'keepD': 11, 'd8': {'d9': {'d10': {'d11': ..."}
2026-08-22 22:41:02.594 /testbed/kedro/templates/project/hooks/utils.py:71 kedro.templates.project.hooks.utils._remove_nested_section event=line locals={'key_part': "'b0'"}
2026-08-22 22:41:02.594 /testbed/kedro/templates/project/hooks/utils.py:70 kedro.templates.project.hooks.utils._remove_nested_section event=line locals={'parent_section': "{'b1': {'b2': {'b3': {'b4': {'b5': {'b6': {'b7': {'b8': {'b9': {}}}}}}}}}}"}
2026-08-22 22:41:02.594 /testbed/kedro/templates/project/hooks/utils.py:71 kedro.templates.project.hooks.utils._remove_nested_section event=line locals={'key_part': "'b1'"}
2026-08-22 22:41:02.594 /testbed/kedro/templates/project/hooks/utils.py:70 kedro.templates.project.hooks.utils._remove_nested_section event=line locals={'parent_section': "{'b2': {'b3': {'b4': {'b5': {'b6': {'b7': {'b8': {'b9': {}}}}}}}}}"}
2026-08-22 22:41:02.594 /testbed/kedro/templates/project/hooks/utils.py:71 kedro.templates.project.hooks.utils._remove_nested_section event=line locals={'key_part': "'b2'"}
2026-08-22 22:41:02.594 /testbed/kedro/templates/project/hooks/utils.py:70 kedro.templates.project.hooks.utils._remove_nested_section event=line locals={'parent_section': "{'b3': {'b4': {'b5': {'b6': {'b7': {'b8': {'b9': {}}}}}}}}"}
2026-08-22 22:41:02.594 /testbed/kedro/templates/project/hooks/utils.py:71 kedro.templates.project.hooks.utils._remove_nested_section event=line locals={'key_part': "'b3'"}
2026-08-22 22:41:02.594 /testbed/kedro/templates/project/hooks/utils.py:70 kedro.templates.project.hooks.utils._remove_nested_section event=line locals={'parent_section': "{'b4': {'b5': {'b6': {'b7': {'b8': {'b9': {}}}}}}}"}
2026-08-22 22:41:02.594 /testbed/kedro/templates/project/hooks/utils.py:71 kedro.templates.project.hooks.utils._remove_nested_section event=line locals={'key_part': "'b4'"}
2026-08-22 22:41:02.594 /testbed/kedro/templates/project/hooks/utils.py:70 kedro.templates.project.hooks.utils._remove_nested_section event=line locals={'parent_section': "{'b5': {'b6': {'b7': {'b8': {'b9': {}}}}}}"}
2026-08-22 22:41:02.594 /testbed/kedro/templates/project/hooks/utils.py:71 kedro.templates.project.hooks.utils._remove_nested_section event=line locals={'key_part': "'b5'"}
2026-08-22 22:41:02.594 /testbed/kedro/templates/project/hooks/utils.py:70 kedro.templates.project.hooks.utils._remove_nested_section event=line locals={'parent_section': "{'b6': {'b7': {'b8': {'b9': {}}}}}"}
2026-08-22 22:41:02.594 /testbed/kedro/templates/project/hooks/utils.py:71 kedro.templates.project.hooks.utils._remove_nested_section event=line locals={'key_part': "'b6'"}
2026-08-22 22:41:02.594 /testbed/kedro/templates/project/hooks/utils.py:70 kedro.templates.project.hooks.utils._remove_nested_section event=line locals={'parent_section': "{'b7': {'b8': {'b9': {}}}}"}
2026-08-22 22:41:02.594 /testbed/kedro/templates/project/hooks/utils.py:71 kedro.templates.project.hooks.utils._remove_nested_section event=line locals={'key_part': "'b7'"}
2026-08-22 22:41:02.594 /testbed/kedro/templates/project/hooks/utils.py:70 kedro.templates.project.hooks.utils._remove_nested_section event=line locals={'parent_section': "{'b8': {'b9': {}}}"}
2026-08-22 22:41:02.594 /testbed/kedro/templates/project/hooks/utils.py:71 kedro.templates.project.hooks.utils._remove_nested_section event=line locals={'key_part': "'b8'"}
2026-08-22 22:41:02.594 /testbed/kedro/templates/project/hooks/utils.py:70 kedro.templates.project.hooks.utils._remove_nested_section event=line locals={'parent_section': "{'b9': {}}"}
2026-08-22 22:41:02.594 /testbed/kedro/templates/project/hooks/utils.py:72 kedro.templates.project.hooks.utils._remove_nested_section event=line locals={}
2026-08-22 22:41:02.594 /testbed/kedro/templates/project/hooks/utils.py:73 kedro.templates.project.hooks.utils._remove_nested_section event=line locals={}
2026-08-22 22:41:02.594 /testbed/kedro/templates/project/hooks/utils.py:74 kedro.templates.project.hooks.utils._remove_nested_section event=line locals={'parent_section': '{}'}
2026-08-22 22:41:02.594 /testbed/kedro/templates/project/hooks/utils.py:68 kedro.templates.project.hooks.utils._remove_nested_section event=line locals={}
2026-08-22 22:41:02.594 /testbed/kedro/templates/project/hooks/utils.py:69 kedro.templates.project.hooks.utils._remove_nested_section event=line locals={'key': "'b8'"}
2026-08-22 22:41:02.594 /testbed/kedro/templates/project/hooks/utils.py:70 kedro.templates.project.hooks.utils._remove_nested_section event=line locals={'parent_section': "{'a0': {'keepA': 10, 'a1': {'a2': {'a3': {'a4': {'a5': {'a6': {'a7': {'a8': {'a9': {'a10': {'a11': {'a12': {'a13': {'a14': {'leafA': 1}}}}}}}}}}}}}}}, 'e0': {'keepE': 12, 'leafE2': 7, 'leafE3': 8, 'e1': {'e2': {'e3': {'e4': {'e5': {'e6': {'e7': {'e8': {'e9': {'e10': {'e11': {'e12': {'leafE1': 6}}}}}}}}}}}}}, 'project': {'name': 'hard-demo', 'version': '2.4.1', 'authors': ['alice', 'bob', 'carol']}, 'd0': {'d1': {'d2': {'d3': {'d4': {'d5': {'d6': {'d7': {'keepD': 11, 'd8': {'d9': {'d10': {'d11': ..."}
2026-08-22 22:41:02.594 /testbed/kedro/templates/project/hooks/utils.py:71 kedro.templates.project.hooks.utils._remove_nested_section event=line locals={'key_part': "'b0'"}
2026-08-22 22:41:02.594 /testbed/kedro/templates/project/hooks/utils.py:70 kedro.templates.project.hooks.utils._remove_nested_section event=line locals={'parent_section': "{'b1': {'b2': {'b3': {'b4': {'b5': {'b6': {'b7': {'b8': {}}}}}}}}}"}
2026-08-22 22:41:02.594 /testbed/kedro/templates/project/hooks/utils.py:71 kedro.templates.project.hooks.utils._remove_nested_section event=line locals={'key_part': "'b1'"}
2026-08-22 22:41:02.594 /testbed/kedro/templates/project/hooks/utils.py:70 kedro.templates.project.hooks.utils._remove_nested_section event=line locals={'parent_section': "{'b2': {'b3': {'b4': {'b5': {'b6': {'b7': {'b8': {}}}}}}}}"}
2026-08-22 22:41:02.594 /testbed/kedro/templates/project/hooks/utils.py:71 kedro.templates.project.hooks.utils._remove_nested_section event=line locals={'key_part': "'b2'"}
2026-08-22 22:41:02.594 /testbed/kedro/templates/project/hooks/utils.py:70 kedro.templates.project.hooks.utils._remove_nested_section event=line locals={'parent_section': "{'b3': {'b4': {'b5': {'b6': {'b7': {'b8': {}}}}}}}"}
2026-08-22 22:41:02.594 /testbed/kedro/templates/project/hooks/utils.py:71 kedro.templates.project.hooks.utils._remove_nested_section event=line locals={'key_part': "'b3'"}
2026-08-22 22:41:02.594 /testbed/kedro/templates/project/hooks/utils.py:70 kedro.templates.project.hooks.utils._remove_nested_section event=line locals={'parent_section': "{'b4': {'b5': {'b6': {'b7': {'b8': {}}}}}}"}
2026-08-22 22:41:02.594 /testbed/kedro/templates/project/hooks/utils.py:71 kedro.templates.project.hooks.utils._remove_nested_section event=line locals={'key_part': "'b4'"}
2026-08-22 22:41:02.594 /testbed/kedro/templates/project/hooks/utils.py:70 kedro.templates.project.hooks.utils._remove_nested_section event=line locals={'parent_section': "{'b5': {'b6': {'b7': {'b8': {}}}}}"}
2026-08-22 22:41:02.594 /testbed/kedro/templates/project/hooks/utils.py:71 kedro.templates.project.hooks.utils._remove_nested_section event=line locals={'key_part': "'b5'"}
2026-08-22 22:41:02.594 /testbed/kedro/templates/project/hooks/utils.py:70 kedro.templates.project.hooks.utils._remove_nested_section event=line locals={'parent_section': "{'b6': {'b7': {'b8': {}}}}"}
2026-08-22 22:41:02.595 /testbed/kedro/templates/project/hooks/utils.py:71 kedro.templates.project.hooks.utils._remove_nested_section event=line locals={'key_part': "'b6'"}
2026-08-22 22:41:02.595 /testbed/kedro/templates/project/hooks/utils.py:70 kedro.templates.project.hooks.utils._remove_nested_section event=line locals={'parent_section': "{'b7': {'b8': {}}}"}
2026-08-22 22:41:02.595 /testbed/kedro/templates/project/hooks/utils.py:71 kedro.templates.project.hooks.utils._remove_nested_section event=line locals={'key_part': "'b7'"}
2026-08-22 22:41:02.595 /testbed/kedro/templates/project/hooks/utils.py:70 kedro.templates.project.hooks.utils._remove_nested_section event=line locals={'parent_section': "{'b8': {}}"}
2026-08-22 22:41:02.595 /testbed/kedro/templates/project/hooks/utils.py:72 kedro.templates.project.hooks.utils._remove_nested_section event=line locals={}
2026-08-22 22:41:02.595 /testbed/kedro/templates/project/hooks/utils.py:73 kedro.templates.project.hooks.utils._remove_nested_section event=line locals={}
2026-08-22 22:41:02.595 /testbed/kedro/templates/project/hooks/utils.py:74 kedro.templates.project.hooks.utils._remove_nested_section event=line locals={'parent_section': '{}'}
2026-08-22 22:41:02.595 /testbed/kedro/templates/project/hooks/utils.py:68 kedro.templates.project.hooks.utils._remove_nested_section event=line locals={}
2026-08-22 22:41:02.595 /testbed/kedro/templates/project/hooks/utils.py:69 kedro.templates.project.hooks.utils._remove_nested_section event=line locals={'key': "'b7'"}
2026-08-22 22:41:02.595 /testbed/kedro/templates/project/hooks/utils.py:70 kedro.templates.project.hooks.utils._remove_nested_section event=line locals={'parent_section': "{'a0': {'keepA': 10, 'a1': {'a2': {'a3': {'a4': {'a5': {'a6': {'a7': {'a8': {'a9': {'a10': {'a11': {'a12': {'a13': {'a14': {'leafA': 1}}}}}}}}}}}}}}}, 'e0': {'keepE': 12, 'leafE2': 7, 'leafE3': 8, 'e1': {'e2': {'e3': {'e4': {'e5': {'e6': {'e7': {'e8': {'e9': {'e10': {'e11': {'e12': {'leafE1': 6}}}}}}}}}}}}}, 'project': {'name': 'hard-demo', 'version': '2.4.1', 'authors': ['alice', 'bob', 'carol']}, 'd0': {'d1': {'d2': {'d3': {'d4': {'d5': {'d6': {'d7': {'keepD': 11, 'd8': {'d9': {'d10': {'d11': ..."}
2026-08-22 22:41:02.595 /testbed/kedro/templates/project/hooks/utils.py:71 kedro.templates.project.hooks.utils._remove_nested_section event=line locals={'key_part': "'b0'"}
2026-08-22 22:41:02.595 /testbed/kedro/templates/project/hooks/utils.py:70 kedro.templates.project.hooks.utils._remove_nested_section event=line locals={'parent_section': "{'b1': {'b2': {'b3': {'b4': {'b5': {'b6': {'b7': {}}}}}}}}"}
2026-08-22 22:41:02.595 /testbed/kedro/templates/project/hooks/utils.py:71 kedro.templates.project.hooks.utils._remove_nested_section event=line locals={'key_part': "'b1'"}
2026-08-22 22:41:02.595 /testbed/kedro/templates/project/hooks/utils.py:70 kedro.templates.project.hooks.utils._remove_nested_section event=line locals={'parent_section': "{'b2': {'b3': {'b4': {'b5': {'b6': {'b7': {}}}}}}}"}
2026-08-22 22:41:02.595 /testbed/kedro/templates/project/hooks/utils.py:71 kedro.templates.project.hooks.utils._remove_nested_section event=line locals={'key_part': "'b2'"}
2026-08-22 22:41:02.595 /testbed/kedro/templates/project/hooks/utils.py:70 kedro.templates.project.hooks.utils._remove_nested_section event=line locals={'parent_section': "{'b3': {'b4': {'b5': {'b6': {'b7': {}}}}}}"}
2026-08-22 22:41:02.595 /testbed/kedro/templates/project/hooks/utils.py:71 kedro.templates.project.hooks.utils._remove_nested_section event=line locals={'key_part': "'b3'"}
2026-08-22 22:41:02.595 /testbed/kedro/templates/project/hooks/utils.py:70 kedro.templates.project.hooks.utils._remove_nested_section event=line locals={'parent_section': "{'b4': {'b5': {'b6': {'b7': {}}}}}"}
2026-08-22 22:41:02.595 /testbed/kedro/templates/project/hooks/utils.py:71 kedro.templates.project.hooks.utils._remove_nested_section event=line locals={'key_part': "'b4'"}
2026-08-22 22:41:02.595 /testbed/kedro/templates/project/hooks/utils.py:70 kedro.templates.project.hooks.utils._remove_nested_section event=line locals={'parent_section': "{'b5': {'b6': {'b7': {}}}}"}
2026-08-22 22:41:02.595 /testbed/kedro/templates/project/hooks/utils.py:71 kedro.templates.project.hooks.utils._remove_nested_section event=line locals={'key_part': "'b5'"}
2026-08-22 22:41:02.595 /testbed/kedro/templates/project/hooks/utils.py:70 kedro.templates.project.hooks.utils._remove_nested_section event=line locals={'parent_section': "{'b6': {'b7': {}}}"}
2026-08-22 22:41:02.595 /testbed/kedro/templates/project/hooks/utils.py:71 kedro.templates.project.hooks.utils._remove_nested_section event=line locals={'key_part': "'b6'"}
2026-08-22 22:41:02.595 /testbed/kedro/templates/project/hooks/utils.py:70 kedro.templates.project.hooks.utils._remove_nested_section event=line locals={'parent_section': "{'b7': {}}"}
2026-08-22 22:41:02.595 /testbed/kedro/templates/project/hooks/utils.py:72 kedro.templates.project.hooks.utils._remove_nested_section event=line locals={}
2026-08-22 22:41:02.595 /testbed/kedro/templates/project/hooks/utils.py:73 kedro.templates.project.hooks.utils._remove_nested_section event=line locals={}
2026-08-22 22:41:02.595 /testbed/kedro/templates/project/hooks/utils.py:74 kedro.templates.project.hooks.utils._remove_nested_section event=line locals={'parent_section': '{}'}
2026-08-22 22:41:02.595 /testbed/kedro/templates/project/hooks/utils.py:68 kedro.templates.project.hooks.utils._remove_nested_section event=line locals={}
2026-08-22 22:41:02.595 /testbed/kedro/templates/project/hooks/utils.py:69 kedro.templates.project.hooks.utils._remove_nested_section event=line locals={'key': "'b6'"}
2026-08-22 22:41:02.595 /testbed/kedro/templates/project/hooks/utils.py:70 kedro.templates.project.hooks.utils._remove_nested_section event=line locals={'parent_section': "{'a0': {'keepA': 10, 'a1': {'a2': {'a3': {'a4': {'a5': {'a6': {'a7': {'a8': {'a9': {'a10': {'a11': {'a12': {'a13': {'a14': {'leafA': 1}}}}}}}}}}}}}}}, 'e0': {'keepE': 12, 'leafE2': 7, 'leafE3': 8, 'e1': {'e2': {'e3': {'e4': {'e5': {'e6': {'e7': {'e8': {'e9': {'e10': {'e11': {'e12': {'leafE1': 6}}}}}}}}}}}}}, 'project': {'name': 'hard-demo', 'version': '2.4.1', 'authors': ['alice', 'bob', 'carol']}, 'd0': {'d1': {'d2': {'d3': {'d4': {'d5': {'d6': {'d7': {'keepD': 11, 'd8': {'d9': {'d10': {'d11': ..."}
2026-08-22 22:41:02.595 /testbed/kedro/templates/project/hooks/utils.py:71 kedro.templates.project.hooks.utils._remove_nested_section event=line locals={'key_part': "'b0'"}
2026-08-22 22:41:02.595 /testbed/kedro/templates/project/hooks/utils.py:70 kedro.templates.project.hooks.utils._remove_nested_section event=line locals={'parent_section': "{'b1': {'b2': {'b3': {'b4': {'b5': {'b6': {}}}}}}}"}
2026-08-22 22:41:02.595 /testbed/kedro/templates/project/hooks/utils.py:71 kedro.templates.project.hooks.utils._remove_nested_section event=line locals={'key_part': "'b1'"}
2026-08-22 22:41:02.595 /testbed/kedro/templates/project/hooks/utils.py:70 kedro.templates.project.hooks.utils._remove_nested_section event=line locals={'parent_section': "{'b2': {'b3': {'b4': {'b5': {'b6': {}}}}}}"}
2026-08-22 22:41:02.595 /testbed/kedro/templates/project/hooks/utils.py:71 kedro.templates.project.hooks.utils._remove_nested_section event=line locals={'key_part': "'b2'"}
2026-08-22 22:41:02.595 /testbed/kedro/templates/project/hooks/utils.py:70 kedro.templates.project.hooks.utils._remove_nested_section event=line locals={'parent_section': "{'b3': {'b4': {'b5': {'b6': {}}}}}"}
2026-08-22 22:41:02.596 /testbed/kedro/templates/project/hooks/utils.py:71 kedro.templates.project.hooks.utils._remove_nested_section event=line locals={'key_part': "'b3'"}
2026-08-22 22:41:02.596 /testbed/kedro/templates/project/hooks/utils.py:70 kedro.templates.project.hooks.utils._remove_nested_section event=line locals={'parent_section': "{'b4': {'b5': {'b6': {}}}}"}
2026-08-22 22:41:02.596 /testbed/kedro/templates/project/hooks/utils.py:71 kedro.templates.project.hooks.utils._remove_nested_section event=line locals={'key_part': "'b4'"}
2026-08-22 22:41:02.596 /testbed/kedro/templates/project/hooks/utils.py:70 kedro.templates.project.hooks.utils._remove_nested_section event=line locals={'parent_section': "{'b5': {'b6': {}}}"}
2026-08-22 22:41:02.596 /testbed/kedro/templates/project/hooks/utils.py:71 kedro.templates.project.hooks.utils._remove_nested_section event=line locals={'key_part': "'b5'"}
2026-08-22 22:41:02.596 /testbed/kedro/templates/project/hooks/utils.py:70 kedro.templates.project.hooks.utils._remove_nested_section event=line locals={'parent_section': "{'b6': {}}"}
2026-08-22 22:41:02.596 /testbed/kedro/templates/project/hooks/utils.py:72 kedro.templates.project.hooks.utils._remove_nested_section event=line locals={}
2026-08-22 22:41:02.596 /testbed/kedro/templates/project/hooks/utils.py:73 kedro.templates.project.hooks.utils._remove_nested_section event=line locals={}
2026-08-22 22:41:02.596 /testbed/kedro/templates/project/hooks/utils.py:74 kedro.templates.project.hooks.utils._remove_nested_section event=line locals={'parent_section': '{}'}
2026-08-22 22:41:02.596 /testbed/kedro/templates/project/hooks/utils.py:68 kedro.templates.project.hooks.utils._remove_nested_section event=line locals={}
2026-08-22 22:41:02.596 /testbed/kedro/templates/project/hooks/utils.py:69 kedro.templates.project.hooks.utils._remove_nested_section event=line locals={'key': "'b5'"}
2026-08-22 22:41:02.596 /testbed/kedro/templates/project/hooks/utils.py:70 kedro.templates.project.hooks.utils._remove_nested_section event=line locals={'parent_section': "{'a0': {'keepA': 10, 'a1': {'a2': {'a3': {'a4': {'a5': {'a6': {'a7': {'a8': {'a9': {'a10': {'a11': {'a12': {'a13': {'a14': {'leafA': 1}}}}}}}}}}}}}}}, 'e0': {'keepE': 12, 'leafE2': 7, 'leafE3': 8, 'e1': {'e2': {'e3': {'e4': {'e5': {'e6': {'e7': {'e8': {'e9': {'e10': {'e11': {'e12': {'leafE1': 6}}}}}}}}}}}}}, 'project': {'name': 'hard-demo', 'version': '2.4.1', 'authors': ['alice', 'bob', 'carol']}, 'd0': {'d1': {'d2': {'d3': {'d4': {'d5': {'d6': {'d7': {'keepD': 11, 'd8': {'d9': {'d10': {'d11': ..."}
2026-08-22 22:41:02.596 /testbed/kedro/templates/project/hooks/utils.py:71 kedro.templates.project.hooks.utils._remove_nested_section event=line locals={'key_part': "'b0'"}
2026-08-22 22:41:02.596 /testbed/kedro/templates/project/hooks/utils.py:70 kedro.templates.project.hooks.utils._remove_nested_section event=line locals={'parent_section': "{'b1': {'b2': {'b3': {'b4': {'b5': {}}}}}}"}
2026-08-22 22:41:02.596 /testbed/kedro/templates/project/hooks/utils.py:71 kedro.templates.project.hooks.utils._remove_nested_section event=line locals={'key_part': "'b1'"}
2026-08-22 22:41:02.596 /testbed/kedro/templates/project/hooks/utils.py:70 kedro.templates.project.hooks.utils._remove_nested_section event=line locals={'parent_section': "{'b2': {'b3': {'b4': {'b5': {}}}}}"}
2026-08-22 22:41:02.596 /testbed/kedro/templates/project/hooks/utils.py:71 kedro.templates.project.hooks.utils._remove_nested_section event=line locals={'key_part': "'b2'"}
2026-08-22 22:41:02.596 /testbed/kedro/templates/project/hooks/utils.py:70 kedro.templates.project.hooks.utils._remove_nested_section event=line locals={'parent_section': "{'b3': {'b4': {'b5': {}}}}"}
2026-08-22 22:41:02.596 /testbed/kedro/templates/project/hooks/utils.py:71 kedro.templates.project.hooks.utils._remove_nested_section event=line locals={'key_part': "'b3'"}
2026-08-22 22:41:02.596 /testbed/kedro/templates/project/hooks/utils.py:70 kedro.templates.project.hooks.utils._remove_nested_section event=line locals={'parent_section': "{'b4': {'b5': {}}}"}
2026-08-22 22:41:02.596 /testbed/kedro/templates/project/hooks/utils.py:71 kedro.templates.project.hooks.utils._remove_nested_section event=line locals={'key_part': "'b4'"}
2026-08-22 22:41:02.596 /testbed/kedro/templates/project/hooks/utils.py:70 kedro.templates.project.hooks.utils._remove_nested_section event=line locals={'parent_section': "{'b5': {}}"}
2026-08-22 22:41:02.596 /testbed/kedro/templates/project/hooks/utils.py:72 kedro.templates.project.hooks.utils._remove_nested_section event=line locals={}
2026-08-22 22:41:02.596 /testbed/kedro/templates/project/hooks/utils.py:73 kedro.templates.project.hooks.utils._remove_nested_section event=line locals={}
2026-08-22 22:41:02.596 /testbed/kedro/templates/project/hooks/utils.py:74 kedro.templates.project.hooks.utils._remove_nested_section event=line locals={'parent_section': '{}'}
2026-08-22 22:41:02.596 /testbed/kedro/templates/project/hooks/utils.py:68 kedro.templates.project.hooks.utils._remove_nested_section event=line locals={}
2026-08-22 22:41:02.596 /testbed/kedro/templates/project/hooks/utils.py:69 kedro.templates.project.hooks.utils._remove_nested_section event=line locals={'key': "'b4'"}
2026-08-22 22:41:02.596 /testbed/kedro/templates/project/hooks/utils.py:70 kedro.templates.project.hooks.utils._remove_nested_section event=line locals={'parent_section': "{'a0': {'keepA': 10, 'a1': {'a2': {'a3': {'a4': {'a5': {'a6': {'a7': {'a8': {'a9': {'a10': {'a11': {'a12': {'a13': {'a14': {'leafA': 1}}}}}}}}}}}}}}}, 'e0': {'keepE': 12, 'leafE2': 7, 'leafE3': 8, 'e1': {'e2': {'e3': {'e4': {'e5': {'e6': {'e7': {'e8': {'e9': {'e10': {'e11': {'e12': {'leafE1': 6}}}}}}}}}}}}}, 'project': {'name': 'hard-demo', 'version': '2.4.1', 'authors': ['alice', 'bob', 'carol']}, 'd0': {'d1': {'d2': {'d3': {'d4': {'d5': {'d6': {'d7': {'keepD': 11, 'd8': {'d9': {'d10': {'d11': ..."}
2026-08-22 22:41:02.596 /testbed/kedro/templates/project/hooks/utils.py:71 kedro.templates.project.hooks.utils._remove_nested_section event=line locals={'key_part': "'b0'"}
2026-08-22 22:41:02.596 /testbed/kedro/templates/project/hooks/utils.py:70 kedro.templates.project.hooks.utils._remove_nested_section event=line locals={'parent_section': "{'b1': {'b2': {'b3': {'b4': {}}}}}"}
2026-08-22 22:41:02.596 /testbed/kedro/templates/project/hooks/utils.py:71 kedro.templates.project.hooks.utils._remove_nested_section event=line locals={'key_part': "'b1'"}
2026-08-22 22:41:02.596 /testbed/kedro/templates/project/hooks/utils.py:70 kedro.templates.project.hooks.utils._remove_nested_section event=line locals={'parent_section': "{'b2': {'b3': {'b4': {}}}}"}
2026-08-22 22:41:02.596 /testbed/kedro/templates/project/hooks/utils.py:71 kedro.templates.project.hooks.utils._remove_nested_section event=line locals={'key_part': "'b2'"}
2026-08-22 22:41:02.596 /testbed/kedro/templates/project/hooks/utils.py:70 kedro.templates.project.hooks.utils._remove_nested_section event=line locals={'parent_section': "{'b3': {'b4': {}}}"}
2026-08-22 22:41:02.596 /testbed/kedro/templates/project/hooks/utils.py:71 kedro.templates.project.hooks.utils._remove_nested_section event=line locals={'key_part': "'b3'"}
2026-08-22 22:41:02.596 /testbed/kedro/templates/project/hooks/utils.py:70 kedro.templates.project.hooks.utils._remove_nested_section event=line locals={'parent_section': "{'b4': {}}"}
2026-08-22 22:41:02.596 /testbed/kedro/templates/project/hooks/utils.py:72 kedro.templates.project.hooks.utils._remove_nested_section event=line locals={}
2026-08-22 22:41:02.596 /testbed/kedro/templates/project/hooks/utils.py:73 kedro.templates.project.hooks.utils._remove_nested_section event=line locals={}
2026-08-22 22:41:02.597 /testbed/kedro/templates/project/hooks/utils.py:74 kedro.templates.project.hooks.utils._remove_nested_section event=line locals={'parent_section': '{}'}
2026-08-22 22:41:02.597 /testbed/kedro/templates/project/hooks/utils.py:68 kedro.templates.project.hooks.utils._remove_nested_section event=line locals={}
2026-08-22 22:41:02.597 /testbed/kedro/templates/project/hooks/utils.py:69 kedro.templates.project.hooks.utils._remove_nested_section event=line locals={'key': "'b3'"}
2026-08-22 22:41:02.597 /testbed/kedro/templates/project/hooks/utils.py:70 kedro.templates.project.hooks.utils._remove_nested_section event=line locals={'parent_section': "{'a0': {'keepA': 10, 'a1': {'a2': {'a3': {'a4': {'a5': {'a6': {'a7': {'a8': {'a9': {'a10': {'a11': {'a12': {'a13': {'a14': {'leafA': 1}}}}}}}}}}}}}}}, 'e0': {'keepE': 12, 'leafE2': 7, 'leafE3': 8, 'e1': {'e2': {'e3': {'e4': {'e5': {'e6': {'e7': {'e8': {'e9': {'e10': {'e11': {'e12': {'leafE1': 6}}}}}}}}}}}}}, 'project': {'name': 'hard-demo', 'version': '2.4.1', 'authors': ['alice', 'bob', 'carol']}, 'd0': {'d1': {'d2': {'d3': {'d4': {'d5': {'d6': {'d7': {'keepD': 11, 'd8': {'d9': {'d10': {'d11': ..."}
2026-08-22 22:41:02.597 /testbed/kedro/templates/project/hooks/utils.py:71 kedro.templates.project.hooks.utils._remove_nested_section event=line locals={'key_part': "'b0'"}
2026-08-22 22:41:02.597 /testbed/kedro/templates/project/hooks/utils.py:70 kedro.templates.project.hooks.utils._remove_nested_section event=line locals={'parent_section': "{'b1': {'b2': {'b3': {}}}}"}
2026-08-22 22:41:02.597 /testbed/kedro/templates/project/hooks/utils.py:71 kedro.templates.project.hooks.utils._remove_nested_section event=line locals={'key_part': "'b1'"}
2026-08-22 22:41:02.597 /testbed/kedro/templates/project/hooks/utils.py:70 kedro.templates.project.hooks.utils._remove_nested_section event=line locals={'parent_section': "{'b2': {'b3': {}}}"}
2026-08-22 22:41:02.597 /testbed/kedro/templates/project/hooks/utils.py:71 kedro.templates.project.hooks.utils._remove_nested_section event=line locals={'key_part': "'b2'"}
2026-08-22 22:41:02.597 /testbed/kedro/templates/project/hooks/utils.py:70 kedro.templates.project.hooks.utils._remove_nested_section event=line locals={'parent_section': "{'b3': {}}"}
2026-08-22 22:41:02.597 /testbed/kedro/templates/project/hooks/utils.py:72 kedro.templates.project.hooks.utils._remove_nested_section event=line locals={}
2026-08-22 22:41:02.597 /testbed/kedro/templates/project/hooks/utils.py:73 kedro.templates.project.hooks.utils._remove_nested_section event=line locals={}
2026-08-22 22:41:02.597 /testbed/kedro/templates/project/hooks/utils.py:74 kedro.templates.project.hooks.utils._remove_nested_section event=line locals={'parent_section': '{}'}
2026-08-22 22:41:02.597 /testbed/kedro/templates/project/hooks/utils.py:68 kedro.templates.project.hooks.utils._remove_nested_section event=line locals={}
2026-08-22 22:41:02.597 /testbed/kedro/templates/project/hooks/utils.py:69 kedro.templates.project.hooks.utils._remove_nested_section event=line locals={'key': "'b2'"}
2026-08-22 22:41:02.597 /testbed/kedro/templates/project/hooks/utils.py:70 kedro.templates.project.hooks.utils._remove_nested_section event=line locals={'parent_section': "{'a0': {'keepA': 10, 'a1': {'a2': {'a3': {'a4': {'a5': {'a6': {'a7': {'a8': {'a9': {'a10': {'a11': {'a12': {'a13': {'a14': {'leafA': 1}}}}}}}}}}}}}}}, 'e0': {'keepE': 12, 'leafE2': 7, 'leafE3': 8, 'e1': {'e2': {'e3': {'e4': {'e5': {'e6': {'e7': {'e8': {'e9': {'e10': {'e11': {'e12': {'leafE1': 6}}}}}}}}}}}}}, 'project': {'name': 'hard-demo', 'version': '2.4.1', 'authors': ['alice', 'bob', 'carol']}, 'd0': {'d1': {'d2': {'d3': {'d4': {'d5': {'d6': {'d7': {'keepD': 11, 'd8': {'d9': {'d10': {'d11': ..."}
2026-08-22 22:41:02.597 /testbed/kedro/templates/project/hooks/utils.py:71 kedro.templates.project.hooks.utils._remove_nested_section event=line locals={'key_part': "'b0'"}
2026-08-22 22:41:02.597 /testbed/kedro/templates/project/hooks/utils.py:70 kedro.templates.project.hooks.utils._remove_nested_section event=line locals={'parent_section': "{'b1': {'b2': {}}}"}
2026-08-22 22:41:02.597 /testbed/kedro/templates/project/hooks/utils.py:71 kedro.templates.project.hooks.utils._remove_nested_section event=line locals={'key_part': "'b1'"}
2026-08-22 22:41:02.597 /testbed/kedro/templates/project/hooks/utils.py:70 kedro.templates.project.hooks.utils._remove_nested_section event=line locals={'parent_section': "{'b2': {}}"}
2026-08-22 22:41:02.597 /testbed/kedro/templates/project/hooks/utils.py:72 kedro.templates.project.hooks.utils._remove_nested_section event=line locals={}
2026-08-22 22:41:02.597 /testbed/kedro/templates/project/hooks/utils.py:73 kedro.templates.project.hooks.utils._remove_nested_section event=line locals={}
2026-08-22 22:41:02.597 /testbed/kedro/templates/project/hooks/utils.py:74 kedro.templates.project.hooks.utils._remove_nested_section event=line locals={'parent_section': '{}'}
2026-08-22 22:41:02.597 /testbed/kedro/templates/project/hooks/utils.py:68 kedro.templates.project.hooks.utils._remove_nested_section event=line locals={}
2026-08-22 22:41:02.597 /testbed/kedro/templates/project/hooks/utils.py:69 kedro.templates.project.hooks.utils._remove_nested_section event=line locals={'key': "'b1'"}
2026-08-22 22:41:02.597 /testbed/kedro/templates/project/hooks/utils.py:70 kedro.templates.project.hooks.utils._remove_nested_section event=line locals={'parent_section': "{'a0': {'keepA': 10, 'a1': {'a2': {'a3': {'a4': {'a5': {'a6': {'a7': {'a8': {'a9': {'a10': {'a11': {'a12': {'a13': {'a14': {'leafA': 1}}}}}}}}}}}}}}}, 'e0': {'keepE': 12, 'leafE2': 7, 'leafE3': 8, 'e1': {'e2': {'e3': {'e4': {'e5': {'e6': {'e7': {'e8': {'e9': {'e10': {'e11': {'e12': {'leafE1': 6}}}}}}}}}}}}}, 'project': {'name': 'hard-demo', 'version': '2.4.1', 'authors': ['alice', 'bob', 'carol']}, 'd0': {'d1': {'d2': {'d3': {'d4': {'d5': {'d6': {'d7': {'keepD': 11, 'd8': {'d9': {'d10': {'d11': ..."}
2026-08-22 22:41:02.597 /testbed/kedro/templates/project/hooks/utils.py:71 kedro.templates.project.hooks.utils._remove_nested_section event=line locals={'key_part': "'b0'"}
2026-08-22 22:41:02.597 /testbed/kedro/templates/project/hooks/utils.py:70 kedro.templates.project.hooks.utils._remove_nested_section event=line locals={'parent_section': "{'b1': {}}"}
2026-08-22 22:41:02.597 /testbed/kedro/templates/project/hooks/utils.py:72 kedro.templates.project.hooks.utils._remove_nested_section event=line locals={}
2026-08-22 22:41:02.597 /testbed/kedro/templates/project/hooks/utils.py:73 kedro.templates.project.hooks.utils._remove_nested_section event=line locals={}
2026-08-22 22:41:02.597 /testbed/kedro/templates/project/hooks/utils.py:74 kedro.templates.project.hooks.utils._remove_nested_section event=line locals={'parent_section': '{}'}
2026-08-22 22:41:02.597 /testbed/kedro/templates/project/hooks/utils.py:68 kedro.templates.project.hooks.utils._remove_nested_section event=line locals={}
2026-08-22 22:41:02.597 /testbed/kedro/templates/project/hooks/utils.py:69 kedro.templates.project.hooks.utils._remove_nested_section event=line locals={'key': "'b0'"}
2026-08-22 22:41:02.597 /testbed/kedro/templates/project/hooks/utils.py:70 kedro.templates.project.hooks.utils._remove_nested_section event=line locals={'parent_section': "{'a0': {'keepA': 10, 'a1': {'a2': {'a3': {'a4': {'a5': {'a6': {'a7': {'a8': {'a9': {'a10': {'a11': {'a12': {'a13': {'a14': {'leafA': 1}}}}}}}}}}}}}}}, 'e0': {'keepE': 12, 'leafE2': 7, 'leafE3': 8, 'e1': {'e2': {'e3': {'e4': {'e5': {'e6': {'e7': {'e8': {'e9': {'e10': {'e11': {'e12': {'leafE1': 6}}}}}}}}}}}}}, 'project': {'name': 'hard-demo', 'version': '2.4.1', 'authors': ['alice', 'bob', 'carol']}, 'd0': {'d1': {'d2': {'d3': {'d4': {'d5': {'d6': {'d7': {'keepD': 11, 'd8': {'d9': {'d10': {'d11': ..."}
2026-08-22 22:41:02.597 /testbed/kedro/templates/project/hooks/utils.py:72 kedro.templates.project.hooks.utils._remove_nested_section event=line locals={}
2026-08-22 22:41:02.597 /testbed/kedro/templates/project/hooks/utils.py:73 kedro.templates.project.hooks.utils._remove_nested_section event=line locals={}
2026-08-22 22:41:02.598 /testbed/kedro/templates/project/hooks/utils.py:74 kedro.templates.project.hooks.utils._remove_nested_section event=line locals={}
2026-08-22 22:41:02.598 /testbed/kedro/templates/project/hooks/utils.py:68 kedro.templates.project.hooks.utils._remove_nested_section event=line locals={'current_data': "{'a0': {'keepA': 10, 'a1': {'a2': {'a3': {'a4': {'a5': {'a6': {'a7': {'a8': {'a9': {'a10': {'a11': {'a12': {'a13': {'a14': {'leafA': 1}}}}}}}}}}}}}}}, 'e0': {'keepE': 12, 'leafE2': 7, 'leafE3': 8, 'e1': {'e2': {'e3': {'e4': {'e5': {'e6': {'e7': {'e8': {'e9': {'e10': {'e11': {'e12': {'leafE1': 6}}}}}}}}}}}}}, 'project': {'name': 'hard-demo', 'version': '2.4.1', 'authors': ['alice', 'bob', 'carol']}, 'd0': {'d1': {'d2': {'d3': {'d4': {'d5': {'d6': {'d7': {'keepD': 11, 'd8': {'d9': {'d10': {'d11': ..."}
2026-08-22 22:41:02.598 /testbed/kedro/templates/project/hooks/utils.py:68 kedro.templates.project.hooks.utils._remove_nested_section event=return retval=None locals={'current_data': "{'a0': {'keepA': 10, 'a1': {'a2': {'a3': {'a4': {'a5': {'a6': {'a7': {'a8': {'a9': {'a10': {'a11': {'a12': {'a13': {'a14': {'leafA': 1}}}}}}}}}}}}}}}, 'e0': {'keepE': 12, 'leafE2': 7, 'leafE3': 8, 'e1': {'e2': {'e3': {'e4': {'e5': {'e6': {'e7': {'e8': {'e9': {'e10': {'e11': {'e12': {'leafE1': 6}}}}}}}}}}}}}, 'project': {'name': 'hard-demo', 'version': '2.4.1', 'authors': ['alice', 'bob', 'carol']}, 'd0': {'d1': {'d2': {'d3': {'d4': {'d5': {'d6': {'d7': {'keepD': 11, 'd8': {'d9': {'d10': {'d11': ...", 'data': "{'a0': {'keepA': 10, 'a1': {'a2': {'a3': {'a4': {'a5': {'a6': {'a7': {'a8': {'a9': {'a10': {'a11': {'a12': {'a13': {'a14': {'leafA': 1}}}}}}}}}}}}}}}, 'e0': {'keepE': 12, 'leafE2': 7, 'leafE3': 8, 'e1': {'e2': {'e3': {'e4': {'e5': {'e6': {'e7': {'e8': {'e9': {'e10': {'e11': {'e12': {'leafE1': 6}}}}}}}}}}}}}, 'project': {'name': 'hard-demo', 'version': '2.4.1', 'authors': ['alice', 'bob', 'carol']}, 'd0': {'d1': {'d2': {'d3': {'d4': {'d5': {'d6': {'d7': {'keepD': 11, 'd8': {'d9': {'d10': {'d11': ...", 'key': "'b0'", 'key_part': "'b0'", 'keys': "['b0', 'b1', 'b2', 'b3', 'b4', 'b5', 'b6', 'b7', 'b8', 'b9', 'b10', 'b11', 'leafB']", 'nested_key': "'b0.b1.b2.b3.b4.b5.b6.b7.b8.b9.b10.b11.leafB'", 'parent_section': "{'a0': {'keepA': 10, 'a1': {'a2': {'a3': {'a4': {'a5': {'a6': {'a7': {'a8': {'a9': {'a10': {'a11': {'a12': {'a13': {'a14': {'leafA': 1}}}}}}}}}}}}}}}, 'e0': {'keepE': 12, 'leafE2': 7, 'leafE3': 8, 'e1': {'e2': {'e3': {'e4': {'e5': {'e6': {'e7': {'e8': {'e9': {'e10': {'e11': {'e12': {'leafE1': 6}}}}}}}}}}}}}, 'project': {'name': 'hard-demo', 'version': '2.4.1', 'authors': ['alice', 'bob', 'carol']}, 'd0': {'d1': {'d2': {'d3': {'d4': {'d5': {'d6': {'d7': {'keepD': 11, 'd8': {'d9': {'d10': {'d11': ..."}
2026-08-22 22:41:02.598 /testbed/kedro/templates/project/hooks/utils.py:50 kedro.templates.project.hooks.utils._remove_nested_section event=call locals={'data': "{'a0': {'keepA': 10, 'a1': {'a2': {'a3': {'a4': {'a5': {'a6': {'a7': {'a8': {'a9': {'a10': {'a11': {'a12': {'a13': {'a14': {'leafA': 1}}}}}}}}}}}}}}}, 'e0': {'keepE': 12, 'leafE2': 7, 'leafE3': 8, 'e1': {'e2': {'e3': {'e4': {'e5': {'e6': {'e7': {'e8': {'e9': {'e10': {'e11': {'e12': {'leafE1': 6}}}}}}}}}}}}}, 'project': {'name': 'hard-demo', 'version': '2.4.1', 'authors': ['alice', 'bob', 'carol']}, 'd0': {'d1': {'d2': {'d3': {'d4': {'d5': {'d6': {'d7': {'keepD': 11, 'd8': {'d9': {'d10': {'d11': ...", 'nested_key': "'a0.a1.a2.a3.a4.a5.a6.a7.a8.a9.a10.a11.a12.a13.a14.leafA'"}
2026-08-22 22:41:02.598 /testbed/kedro/templates/project/hooks/utils.py:57 kedro.templates.project.hooks.utils._remove_nested_section event=line locals={}
2026-08-22 22:41:02.598 /testbed/kedro/templates/project/hooks/utils.py:58 kedro.templates.project.hooks.utils._remove_nested_section event=line locals={'keys': "['a0', 'a1', 'a2', 'a3', 'a4', 'a5', 'a6', 'a7', 'a8', 'a9', 'a10', 'a11', 'a12', 'a13', 'a14', 'leafA']"}
2026-08-22 22:41:02.598 /testbed/kedro/templates/project/hooks/utils.py:60 kedro.templates.project.hooks.utils._remove_nested_section event=line locals={'current_data': "{'a0': {'keepA': 10, 'a1': {'a2': {'a3': {'a4': {'a5': {'a6': {'a7': {'a8': {'a9': {'a10': {'a11': {'a12': {'a13': {'a14': {'leafA': 1}}}}}}}}}}}}}}}, 'e0': {'keepE': 12, 'leafE2': 7, 'leafE3': 8, 'e1': {'e2': {'e3': {'e4': {'e5': {'e6': {'e7': {'e8': {'e9': {'e10': {'e11': {'e12': {'leafE1': 6}}}}}}}}}}}}}, 'project': {'name': 'hard-demo', 'version': '2.4.1', 'authors': ['alice', 'bob', 'carol']}, 'd0': {'d1': {'d2': {'d3': {'d4': {'d5': {'d6': {'d7': {'keepD': 11, 'd8': {'d9': {'d10': {'d11': ..."}
2026-08-22 22:41:02.598 /testbed/kedro/templates/project/hooks/utils.py:61 kedro.templates.project.hooks.utils._remove_nested_section event=line locals={'key': "'a0'"}
2026-08-22 22:41:02.598 /testbed/kedro/templates/project/hooks/utils.py:62 kedro.templates.project.hooks.utils._remove_nested_section event=line locals={}
2026-08-22 22:41:02.598 /testbed/kedro/templates/project/hooks/utils.py:60 kedro.templates.project.hooks.utils._remove_nested_section event=line locals={'current_data': "{'keepA': 10, 'a1': {'a2': {'a3': {'a4': {'a5': {'a6': {'a7': {'a8': {'a9': {'a10': {'a11': {'a12': {'a13': {'a14': {'leafA': 1}}}}}}}}}}}}}}}"}
2026-08-22 22:41:02.598 /testbed/kedro/templates/project/hooks/utils.py:61 kedro.templates.project.hooks.utils._remove_nested_section event=line locals={'key': "'a1'"}
2026-08-22 22:41:02.598 /testbed/kedro/templates/project/hooks/utils.py:62 kedro.templates.project.hooks.utils._remove_nested_section event=line locals={}
2026-08-22 22:41:02.598 /testbed/kedro/templates/project/hooks/utils.py:60 kedro.templates.project.hooks.utils._remove_nested_section event=line locals={'current_data': "{'a2': {'a3': {'a4': {'a5': {'a6': {'a7': {'a8': {'a9': {'a10': {'a11': {'a12': {'a13': {'a14': {'leafA': 1}}}}}}}}}}}}}}"}
2026-08-22 22:41:02.598 /testbed/kedro/templates/project/hooks/utils.py:61 kedro.templates.project.hooks.utils._remove_nested_section event=line locals={'key': "'a2'"}
2026-08-22 22:41:02.598 /testbed/kedro/templates/project/hooks/utils.py:62 kedro.templates.project.hooks.utils._remove_nested_section event=line locals={}
2026-08-22 22:41:02.598 /testbed/kedro/templates/project/hooks/utils.py:60 kedro.templates.project.hooks.utils._remove_nested_section event=line locals={'current_data': "{'a3': {'a4': {'a5': {'a6': {'a7': {'a8': {'a9': {'a10': {'a11': {'a12': {'a13': {'a14': {'leafA': 1}}}}}}}}}}}}}"}
2026-08-22 22:41:02.598 /testbed/kedro/templates/project/hooks/utils.py:61 kedro.templates.project.hooks.utils._remove_nested_section event=line locals={'key': "'a3'"}
2026-08-22 22:41:02.598 /testbed/kedro/templates/project/hooks/utils.py:62 kedro.templates.project.hooks.utils._remove_nested_section event=line locals={}
2026-08-22 22:41:02.598 /testbed/kedro/templates/project/hooks/utils.py:60 kedro.templates.project.hooks.utils._remove_nested_section event=line locals={'current_data': "{'a4': {'a5': {'a6': {'a7': {'a8': {'a9': {'a10': {'a11': {'a12': {'a13': {'a14': {'leafA': 1}}}}}}}}}}}}"}
2026-08-22 22:41:02.598 /testbed/kedro/templates/project/hooks/utils.py:61 kedro.templates.project.hooks.utils._remove_nested_section event=line locals={'key': "'a4'"}
2026-08-22 22:41:02.598 /testbed/kedro/templates/project/hooks/utils.py:62 kedro.templates.project.hooks.utils._remove_nested_section event=line locals={}
2026-08-22 22:41:02.598 /testbed/kedro/templates/project/hooks/utils.py:60 kedro.templates.project.hooks.utils._remove_nested_section event=line locals={'current_data': "{'a5': {'a6': {'a7': {'a8': {'a9': {'a10': {'a11': {'a12': {'a13': {'a14': {'leafA': 1}}}}}}}}}}}"}
2026-08-22 22:41:02.598 /testbed/kedro/templates/project/hooks/utils.py:61 kedro.templates.project.hooks.utils._remove_nested_section event=line locals={'key': "'a5'"}
2026-08-22 22:41:02.598 /testbed/kedro/templates/project/hooks/utils.py:62 kedro.templates.project.hooks.utils._remove_nested_section event=line locals={}
2026-08-22 22:41:02.598 /testbed/kedro/templates/project/hooks/utils.py:60 kedro.templates.project.hooks.utils._remove_nested_section event=line locals={'current_data': "{'a6': {'a7': {'a8': {'a9': {'a10': {'a11': {'a12': {'a13': {'a14': {'leafA': 1}}}}}}}}}}"}
2026-08-22 22:41:02.598 /testbed/kedro/templates/project/hooks/utils.py:61 kedro.templates.project.hooks.utils._remove_nested_section event=line locals={'key': "'a6'"}
2026-08-22 22:41:02.598 /testbed/kedro/templates/project/hooks/utils.py:62 kedro.templates.project.hooks.utils._remove_nested_section event=line locals={}
2026-08-22 22:41:02.598 /testbed/kedro/templates/project/hooks/utils.py:60 kedro.templates.project.hooks.utils._remove_nested_section event=line locals={'current_data': "{'a7': {'a8': {'a9': {'a10': {'a11': {'a12': {'a13': {'a14': {'leafA': 1}}}}}}}}}"}
2026-08-22 22:41:02.598 /testbed/kedro/templates/project/hooks/utils.py:61 kedro.templates.project.hooks.utils._remove_nested_section event=line locals={'key': "'a7'"}
2026-08-22 22:41:02.598 /testbed/kedro/templates/project/hooks/utils.py:62 kedro.templates.project.hooks.utils._remove_nested_section event=line locals={}
2026-08-22 22:41:02.598 /testbed/kedro/templates/project/hooks/utils.py:60 kedro.templates.project.hooks.utils._remove_nested_section event=line locals={'current_data': "{'a8': {'a9': {'a10': {'a11': {'a12': {'a13': {'a14': {'leafA': 1}}}}}}}}"}
2026-08-22 22:41:02.598 /testbed/kedro/templates/project/hooks/utils.py:61 kedro.templates.project.hooks.utils._remove_nested_section event=line locals={'key': "'a8'"}
2026-08-22 22:41:02.598 /testbed/kedro/templates/project/hooks/utils.py:62 kedro.templates.project.hooks.utils._remove_nested_section event=line locals={}
2026-08-22 22:41:02.598 /testbed/kedro/templates/project/hooks/utils.py:60 kedro.templates.project.hooks.utils._remove_nested_section event=line locals={'current_data': "{'a9': {'a10': {'a11': {'a12': {'a13': {'a14': {'leafA': 1}}}}}}}"}
2026-08-22 22:41:02.598 /testbed/kedro/templates/project/hooks/utils.py:61 kedro.templates.project.hooks.utils._remove_nested_section event=line locals={'key': "'a9'"}
2026-08-22 22:41:02.598 /testbed/kedro/templates/project/hooks/utils.py:62 kedro.templates.project.hooks.utils._remove_nested_section event=line locals={}
2026-08-22 22:41:02.599 /testbed/kedro/templates/project/hooks/utils.py:60 kedro.templates.project.hooks.utils._remove_nested_section event=line locals={'current_data': "{'a10': {'a11': {'a12': {'a13': {'a14': {'leafA': 1}}}}}}"}
2026-08-22 22:41:02.599 /testbed/kedro/templates/project/hooks/utils.py:61 kedro.templates.project.hooks.utils._remove_nested_section event=line locals={'key': "'a10'"}
2026-08-22 22:41:02.599 /testbed/kedro/templates/project/hooks/utils.py:62 kedro.templates.project.hooks.utils._remove_nested_section event=line locals={}
2026-08-22 22:41:02.599 /testbed/kedro/templates/project/hooks/utils.py:60 kedro.templates.project.hooks.utils._remove_nested_section event=line locals={'current_data': "{'a11': {'a12': {'a13': {'a14': {'leafA': 1}}}}}"}
2026-08-22 22:41:02.599 /testbed/kedro/templates/project/hooks/utils.py:61 kedro.templates.project.hooks.utils._remove_nested_section event=line locals={'key': "'a11'"}
2026-08-22 22:41:02.599 /testbed/kedro/templates/project/hooks/utils.py:62 kedro.templates.project.hooks.utils._remove_nested_section event=line locals={}
2026-08-22 22:41:02.599 /testbed/kedro/templates/project/hooks/utils.py:60 kedro.templates.project.hooks.utils._remove_nested_section event=line locals={'current_data': "{'a12': {'a13': {'a14': {'leafA': 1}}}}"}
2026-08-22 22:41:02.599 /testbed/kedro/templates/project/hooks/utils.py:61 kedro.templates.project.hooks.utils._remove_nested_section event=line locals={'key': "'a12'"}
2026-08-22 22:41:02.599 /testbed/kedro/templates/project/hooks/utils.py:62 kedro.templates.project.hooks.utils._remove_nested_section event=line locals={}
2026-08-22 22:41:02.599 /testbed/kedro/templates/project/hooks/utils.py:60 kedro.templates.project.hooks.utils._remove_nested_section event=line locals={'current_data': "{'a13': {'a14': {'leafA': 1}}}"}
2026-08-22 22:41:02.599 /testbed/kedro/templates/project/hooks/utils.py:61 kedro.templates.project.hooks.utils._remove_nested_section event=line locals={'key': "'a13'"}
2026-08-22 22:41:02.599 /testbed/kedro/templates/project/hooks/utils.py:62 kedro.templates.project.hooks.utils._remove_nested_section event=line locals={}
2026-08-22 22:41:02.599 /testbed/kedro/templates/project/hooks/utils.py:60 kedro.templates.project.hooks.utils._remove_nested_section event=line locals={'current_data': "{'a14': {'leafA': 1}}"}
2026-08-22 22:41:02.599 /testbed/kedro/templates/project/hooks/utils.py:61 kedro.templates.project.hooks.utils._remove_nested_section event=line locals={'key': "'a14'"}
2026-08-22 22:41:02.599 /testbed/kedro/templates/project/hooks/utils.py:62 kedro.templates.project.hooks.utils._remove_nested_section event=line locals={}
2026-08-22 22:41:02.599 /testbed/kedro/templates/project/hooks/utils.py:60 kedro.templates.project.hooks.utils._remove_nested_section event=line locals={'current_data': "{'leafA': 1}"}
2026-08-22 22:41:02.599 /testbed/kedro/templates/project/hooks/utils.py:67 kedro.templates.project.hooks.utils._remove_nested_section event=line locals={}
2026-08-22 22:41:02.599 /testbed/kedro/templates/project/hooks/utils.py:68 kedro.templates.project.hooks.utils._remove_nested_section event=line locals={'current_data': '{}', 'data': "{'a0': {'keepA': 10, 'a1': {'a2': {'a3': {'a4': {'a5': {'a6': {'a7': {'a8': {'a9': {'a10': {'a11': {'a12': {'a13': {'a14': {}}}}}}}}}}}}}}}, 'e0': {'keepE': 12, 'leafE2': 7, 'leafE3': 8, 'e1': {'e2': {'e3': {'e4': {'e5': {'e6': {'e7': {'e8': {'e9': {'e10': {'e11': {'e12': {'leafE1': 6}}}}}}}}}}}}}, 'project': {'name': 'hard-demo', 'version': '2.4.1', 'authors': ['alice', 'bob', 'carol']}, 'd0': {'d1': {'d2': {'d3': {'d4': {'d5': {'d6': {'d7': {'keepD': 11, 'd8': {'d9': {'d10': {'d11': {'d12': {'..."}
2026-08-22 22:41:02.599 /testbed/kedro/templates/project/hooks/utils.py:69 kedro.templates.project.hooks.utils._remove_nested_section event=line locals={}
2026-08-22 22:41:02.599 /testbed/kedro/templates/project/hooks/utils.py:70 kedro.templates.project.hooks.utils._remove_nested_section event=line locals={'parent_section': "{'a0': {'keepA': 10, 'a1': {'a2': {'a3': {'a4': {'a5': {'a6': {'a7': {'a8': {'a9': {'a10': {'a11': {'a12': {'a13': {'a14': {}}}}}}}}}}}}}}}, 'e0': {'keepE': 12, 'leafE2': 7, 'leafE3': 8, 'e1': {'e2': {'e3': {'e4': {'e5': {'e6': {'e7': {'e8': {'e9': {'e10': {'e11': {'e12': {'leafE1': 6}}}}}}}}}}}}}, 'project': {'name': 'hard-demo', 'version': '2.4.1', 'authors': ['alice', 'bob', 'carol']}, 'd0': {'d1': {'d2': {'d3': {'d4': {'d5': {'d6': {'d7': {'keepD': 11, 'd8': {'d9': {'d10': {'d11': {'d12': {'..."}
2026-08-22 22:41:02.599 /testbed/kedro/templates/project/hooks/utils.py:71 kedro.templates.project.hooks.utils._remove_nested_section event=line locals={'key_part': "'a0'"}
2026-08-22 22:41:02.599 /testbed/kedro/templates/project/hooks/utils.py:70 kedro.templates.project.hooks.utils._remove_nested_section event=line locals={'parent_section': "{'keepA': 10, 'a1': {'a2': {'a3': {'a4': {'a5': {'a6': {'a7': {'a8': {'a9': {'a10': {'a11': {'a12': {'a13': {'a14': {}}}}}}}}}}}}}}}"}
2026-08-22 22:41:02.599 /testbed/kedro/templates/project/hooks/utils.py:71 kedro.templates.project.hooks.utils._remove_nested_section event=line locals={'key_part': "'a1'"}
2026-08-22 22:41:02.599 /testbed/kedro/templates/project/hooks/utils.py:70 kedro.templates.project.hooks.utils._remove_nested_section event=line locals={'parent_section': "{'a2': {'a3': {'a4': {'a5': {'a6': {'a7': {'a8': {'a9': {'a10': {'a11': {'a12': {'a13': {'a14': {}}}}}}}}}}}}}}"}
2026-08-22 22:41:02.599 /testbed/kedro/templates/project/hooks/utils.py:71 kedro.templates.project.hooks.utils._remove_nested_section event=line locals={'key_part': "'a2'"}
2026-08-22 22:41:02.599 /testbed/kedro/templates/project/hooks/utils.py:70 kedro.templates.project.hooks.utils._remove_nested_section event=line locals={'parent_section': "{'a3': {'a4': {'a5': {'a6': {'a7': {'a8': {'a9': {'a10': {'a11': {'a12': {'a13': {'a14': {}}}}}}}}}}}}}"}
2026-08-22 22:41:02.599 /testbed/kedro/templates/project/hooks/utils.py:71 kedro.templates.project.hooks.utils._remove_nested_section event=line locals={'key_part': "'a3'"}
2026-08-22 22:41:02.599 /testbed/kedro/templates/project/hooks/utils.py:70 kedro.templates.project.hooks.utils._remove_nested_section event=line locals={'parent_section': "{'a4': {'a5': {'a6': {'a7': {'a8': {'a9': {'a10': {'a11': {'a12': {'a13': {'a14': {}}}}}}}}}}}}"}
2026-08-22 22:41:02.599 /testbed/kedro/templates/project/hooks/utils.py:71 kedro.templates.project.hooks.utils._remove_nested_section event=line locals={'key_part': "'a4'"}
2026-08-22 22:41:02.599 /testbed/kedro/templates/project/hooks/utils.py:70 kedro.templates.project.hooks.utils._remove_nested_section event=line locals={'parent_section': "{'a5': {'a6': {'a7': {'a8': {'a9': {'a10': {'a11': {'a12': {'a13': {'a14': {}}}}}}}}}}}"}
2026-08-22 22:41:02.599 /testbed/kedro/templates/project/hooks/utils.py:71 kedro.templates.project.hooks.utils._remove_nested_section event=line locals={'key_part': "'a5'"}
2026-08-22 22:41:02.599 /testbed/kedro/templates/project/hooks/utils.py:70 kedro.templates.project.hooks.utils._remove_nested_section event=line locals={'parent_section': "{'a6': {'a7': {'a8': {'a9': {'a10': {'a11': {'a12': {'a13': {'a14': {}}}}}}}}}}"}
2026-08-22 22:41:02.599 /testbed/kedro/templates/project/hooks/utils.py:71 kedro.templates.project.hooks.utils._remove_nested_section event=line locals={'key_part': "'a6'"}
2026-08-22 22:41:02.599 /testbed/kedro/templates/project/hooks/utils.py:70 kedro.templates.project.hooks.utils._remove_nested_section event=line locals={'parent_section': "{'a7': {'a8': {'a9': {'a10': {'a11': {'a12': {'a13': {'a14': {}}}}}}}}}"}
2026-08-22 22:41:02.599 /testbed/kedro/templates/project/hooks/utils.py:71 kedro.templates.project.hooks.utils._remove_nested_section event=line locals={'key_part': "'a7'"}
2026-08-22 22:41:02.599 /testbed/kedro/templates/project/hooks/utils.py:70 kedro.templates.project.hooks.utils._remove_nested_section event=line locals={'parent_section': "{'a8': {'a9': {'a10': {'a11': {'a12': {'a13': {'a14': {}}}}}}}}"}
2026-08-22 22:41:02.599 /testbed/kedro/templates/project/hooks/utils.py:71 kedro.templates.project.hooks.utils._remove_nested_section event=line locals={'key_part': "'a8'"}
2026-08-22 22:41:02.599 /testbed/kedro/templates/project/hooks/utils.py:70 kedro.templates.project.hooks.utils._remove_nested_section event=line locals={'parent_section': "{'a9': {'a10': {'a11': {'a12': {'a13': {'a14': {}}}}}}}"}
2026-08-22 22:41:02.599 /testbed/kedro/templates/project/hooks/utils.py:71 kedro.templates.project.hooks.utils._remove_nested_section event=line locals={'key_part': "'a9'"}
2026-08-22 22:41:02.599 /testbed/kedro/templates/project/hooks/utils.py:70 kedro.templates.project.hooks.utils._remove_nested_section event=line locals={'parent_section': "{'a10': {'a11': {'a12': {'a13': {'a14': {}}}}}}"}
2026-08-22 22:41:02.600 /testbed/kedro/templates/project/hooks/utils.py:71 kedro.templates.project.hooks.utils._remove_nested_section event=line locals={'key_part': "'a10'"}
2026-08-22 22:41:02.600 /testbed/kedro/templates/project/hooks/utils.py:70 kedro.templates.project.hooks.utils._remove_nested_section event=line locals={'parent_section': "{'a11': {'a12': {'a13': {'a14': {}}}}}"}
2026-08-22 22:41:02.600 /testbed/kedro/templates/project/hooks/utils.py:71 kedro.templates.project.hooks.utils._remove_nested_section event=line locals={'key_part': "'a11'"}
2026-08-22 22:41:02.600 /testbed/kedro/templates/project/hooks/utils.py:70 kedro.templates.project.hooks.utils._remove_nested_section event=line locals={'parent_section': "{'a12': {'a13': {'a14': {}}}}"}
2026-08-22 22:41:02.600 /testbed/kedro/templates/project/hooks/utils.py:71 kedro.templates.project.hooks.utils._remove_nested_section event=line locals={'key_part': "'a12'"}
2026-08-22 22:41:02.600 /testbed/kedro/templates/project/hooks/utils.py:70 kedro.templates.project.hooks.utils._remove_nested_section event=line locals={'parent_section': "{'a13': {'a14': {}}}"}
2026-08-22 22:41:02.600 /testbed/kedro/templates/project/hooks/utils.py:71 kedro.templates.project.hooks.utils._remove_nested_section event=line locals={'key_part': "'a13'"}
2026-08-22 22:41:02.600 /testbed/kedro/templates/project/hooks/utils.py:70 kedro.templates.project.hooks.utils._remove_nested_section event=line locals={'parent_section': "{'a14': {}}"}
2026-08-22 22:41:02.600 /testbed/kedro/templates/project/hooks/utils.py:72 kedro.templates.project.hooks.utils._remove_nested_section event=line locals={}
2026-08-22 22:41:02.600 /testbed/kedro/templates/project/hooks/utils.py:73 kedro.templates.project.hooks.utils._remove_nested_section event=line locals={}
2026-08-22 22:41:02.600 /testbed/kedro/templates/project/hooks/utils.py:74 kedro.templates.project.hooks.utils._remove_nested_section event=line locals={'data': "{'a0': {'keepA': 10, 'a1': {'a2': {'a3': {'a4': {'a5': {'a6': {'a7': {'a8': {'a9': {'a10': {'a11': {'a12': {'a13': {}}}}}}}}}}}}}}, 'e0': {'keepE': 12, 'leafE2': 7, 'leafE3': 8, 'e1': {'e2': {'e3': {'e4': {'e5': {'e6': {'e7': {'e8': {'e9': {'e10': {'e11': {'e12': {'leafE1': 6}}}}}}}}}}}}}, 'project': {'name': 'hard-demo', 'version': '2.4.1', 'authors': ['alice', 'bob', 'carol']}, 'd0': {'d1': {'d2': {'d3': {'d4': {'d5': {'d6': {'d7': {'keepD': 11, 'd8': {'d9': {'d10': {'d11': {'d12': {'d13': {'l...", 'parent_section': '{}'}
2026-08-22 22:41:02.600 /testbed/kedro/templates/project/hooks/utils.py:68 kedro.templates.project.hooks.utils._remove_nested_section event=line locals={}
2026-08-22 22:41:02.600 /testbed/kedro/templates/project/hooks/utils.py:69 kedro.templates.project.hooks.utils._remove_nested_section event=line locals={'key': "'a13'"}
2026-08-22 22:41:02.600 /testbed/kedro/templates/project/hooks/utils.py:70 kedro.templates.project.hooks.utils._remove_nested_section event=line locals={'parent_section': "{'a0': {'keepA': 10, 'a1': {'a2': {'a3': {'a4': {'a5': {'a6': {'a7': {'a8': {'a9': {'a10': {'a11': {'a12': {'a13': {}}}}}}}}}}}}}}, 'e0': {'keepE': 12, 'leafE2': 7, 'leafE3': 8, 'e1': {'e2': {'e3': {'e4': {'e5': {'e6': {'e7': {'e8': {'e9': {'e10': {'e11': {'e12': {'leafE1': 6}}}}}}}}}}}}}, 'project': {'name': 'hard-demo', 'version': '2.4.1', 'authors': ['alice', 'bob', 'carol']}, 'd0': {'d1': {'d2': {'d3': {'d4': {'d5': {'d6': {'d7': {'keepD': 11, 'd8': {'d9': {'d10': {'d11': {'d12': {'d13': {'l..."}
2026-08-22 22:41:02.600 /testbed/kedro/templates/project/hooks/utils.py:71 kedro.templates.project.hooks.utils._remove_nested_section event=line locals={'key_part': "'a0'"}
2026-08-22 22:41:02.600 /testbed/kedro/templates/project/hooks/utils.py:70 kedro.templates.project.hooks.utils._remove_nested_section event=line locals={'parent_section': "{'keepA': 10, 'a1': {'a2': {'a3': {'a4': {'a5': {'a6': {'a7': {'a8': {'a9': {'a10': {'a11': {'a12': {'a13': {}}}}}}}}}}}}}}"}
2026-08-22 22:41:02.600 /testbed/kedro/templates/project/hooks/utils.py:71 kedro.templates.project.hooks.utils._remove_nested_section event=line locals={'key_part': "'a1'"}
2026-08-22 22:41:02.600 /testbed/kedro/templates/project/hooks/utils.py:70 kedro.templates.project.hooks.utils._remove_nested_section event=line locals={'parent_section': "{'a2': {'a3': {'a4': {'a5': {'a6': {'a7': {'a8': {'a9': {'a10': {'a11': {'a12': {'a13': {}}}}}}}}}}}}}"}
2026-08-22 22:41:02.600 /testbed/kedro/templates/project/hooks/utils.py:71 kedro.templates.project.hooks.utils._remove_nested_section event=line locals={'key_part': "'a2'"}
2026-08-22 22:41:02.600 /testbed/kedro/templates/project/hooks/utils.py:70 kedro.templates.project.hooks.utils._remove_nested_section event=line locals={'parent_section': "{'a3': {'a4': {'a5': {'a6': {'a7': {'a8': {'a9': {'a10': {'a11': {'a12': {'a13': {}}}}}}}}}}}}"}
2026-08-22 22:41:02.600 /testbed/kedro/templates/project/hooks/utils.py:71 kedro.templates.project.hooks.utils._remove_nested_section event=line locals={'key_part': "'a3'"}
2026-08-22 22:41:02.600 /testbed/kedro/templates/project/hooks/utils.py:70 kedro.templates.project.hooks.utils._remove_nested_section event=line locals={'parent_section': "{'a4': {'a5': {'a6': {'a7': {'a8': {'a9': {'a10': {'a11': {'a12': {'a13': {}}}}}}}}}}}"}
2026-08-22 22:41:02.600 /testbed/kedro/templates/project/hooks/utils.py:71 kedro.templates.project.hooks.utils._remove_nested_section event=line locals={'key_part': "'a4'"}
2026-08-22 22:41:02.600 /testbed/kedro/templates/project/hooks/utils.py:70 kedro.templates.project.hooks.utils._remove_nested_section event=line locals={'parent_section': "{'a5': {'a6': {'a7': {'a8': {'a9': {'a10': {'a11': {'a12': {'a13': {}}}}}}}}}}"}
2026-08-22 22:41:02.600 /testbed/kedro/templates/project/hooks/utils.py:71 kedro.templates.project.hooks.utils._remove_nested_section event=line locals={'key_part': "'a5'"}
2026-08-22 22:41:02.600 /testbed/kedro/templates/project/hooks/utils.py:70 kedro.templates.project.hooks.utils._remove_nested_section event=line locals={'parent_section': "{'a6': {'a7': {'a8': {'a9': {'a10': {'a11': {'a12': {'a13': {}}}}}}}}}"}
2026-08-22 22:41:02.600 /testbed/kedro/templates/project/hooks/utils.py:71 kedro.templates.project.hooks.utils._remove_nested_section event=line locals={'key_part': "'a6'"}
2026-08-22 22:41:02.600 /testbed/kedro/templates/project/hooks/utils.py:70 kedro.templates.project.hooks.utils._remove_nested_section event=line locals={'parent_section': "{'a7': {'a8': {'a9': {'a10': {'a11': {'a12': {'a13': {}}}}}}}}"}
2026-08-22 22:41:02.600 /testbed/kedro/templates/project/hooks/utils.py:71 kedro.templates.project.hooks.utils._remove_nested_section event=line locals={'key_part': "'a7'"}
2026-08-22 22:41:02.600 /testbed/kedro/templates/project/hooks/utils.py:70 kedro.templates.project.hooks.utils._remove_nested_section event=line locals={'parent_section': "{'a8': {'a9': {'a10': {'a11': {'a12': {'a13': {}}}}}}}"}
2026-08-22 22:41:02.600 /testbed/kedro/templates/project/hooks/utils.py:71 kedro.templates.project.hooks.utils._remove_nested_section event=line locals={'key_part': "'a8'"}
2026-08-22 22:41:02.600 /testbed/kedro/templates/project/hooks/utils.py:70 kedro.templates.project.hooks.utils._remove_nested_section event=line locals={'parent_section': "{'a9': {'a10': {'a11': {'a12': {'a13': {}}}}}}"}
2026-08-22 22:41:02.600 /testbed/kedro/templates/project/hooks/utils.py:71 kedro.templates.project.hooks.utils._remove_nested_section event=line locals={'key_part': "'a9'"}
2026-08-22 22:41:02.600 /testbed/kedro/templates/project/hooks/utils.py:70 kedro.templates.project.hooks.utils._remove_nested_section event=line locals={'parent_section': "{'a10': {'a11': {'a12': {'a13': {}}}}}"}
2026-08-22 22:41:02.600 /testbed/kedro/templates/project/hooks/utils.py:71 kedro.templates.project.hooks.utils._remove_nested_section event=line locals={'key_part': "'a10'"}
2026-08-22 22:41:02.600 /testbed/kedro/templates/project/hooks/utils.py:70 kedro.templates.project.hooks.utils._remove_nested_section event=line locals={'parent_section': "{'a11': {'a12': {'a13': {}}}}"}
2026-08-22 22:41:02.600 /testbed/kedro/templates/project/hooks/utils.py:71 kedro.templates.project.hooks.utils._remove_nested_section event=line locals={'key_part': "'a11'"}
2026-08-22 22:41:02.600 /testbed/kedro/templates/project/hooks/utils.py:70 kedro.templates.project.hooks.utils._remove_nested_section event=line locals={'parent_section': "{'a12': {'a13': {}}}"}
2026-08-22 22:41:02.600 /testbed/kedro/templates/project/hooks/utils.py:71 kedro.templates.project.hooks.utils._remove_nested_section event=line locals={'key_part': "'a12'"}
2026-08-22 22:41:02.600 /testbed/kedro/templates/project/hooks/utils.py:70 kedro.templates.project.hooks.utils._remove_nested_section event=line locals={'parent_section': "{'a13': {}}"}
2026-08-22 22:41:02.601 /testbed/kedro/templates/project/hooks/utils.py:72 kedro.templates.project.hooks.utils._remove_nested_section event=line locals={}
2026-08-22 22:41:02.601 /testbed/kedro/templates/project/hooks/utils.py:73 kedro.templates.project.hooks.utils._remove_nested_section event=line locals={}
2026-08-22 22:41:02.601 /testbed/kedro/templates/project/hooks/utils.py:74 kedro.templates.project.hooks.utils._remove_nested_section event=line locals={'data': "{'a0': {'keepA': 10, 'a1': {'a2': {'a3': {'a4': {'a5': {'a6': {'a7': {'a8': {'a9': {'a10': {'a11': {'a12': {}}}}}}}}}}}}}, 'e0': {'keepE': 12, 'leafE2': 7, 'leafE3': 8, 'e1': {'e2': {'e3': {'e4': {'e5': {'e6': {'e7': {'e8': {'e9': {'e10': {'e11': {'e12': {'leafE1': 6}}}}}}}}}}}}}, 'project': {'name': 'hard-demo', 'version': '2.4.1', 'authors': ['alice', 'bob', 'carol']}, 'd0': {'d1': {'d2': {'d3': {'d4': {'d5': {'d6': {'d7': {'keepD': 11, 'd8': {'d9': {'d10': {'d11': {'d12': {'d13': {'leafD': 5}...", 'parent_section': '{}'}
2026-08-22 22:41:02.601 /testbed/kedro/templates/project/hooks/utils.py:68 kedro.templates.project.hooks.utils._remove_nested_section event=line locals={}
2026-08-22 22:41:02.601 /testbed/kedro/templates/project/hooks/utils.py:69 kedro.templates.project.hooks.utils._remove_nested_section event=line locals={'key': "'a12'"}
2026-08-22 22:41:02.601 /testbed/kedro/templates/project/hooks/utils.py:70 kedro.templates.project.hooks.utils._remove_nested_section event=line locals={'parent_section': "{'a0': {'keepA': 10, 'a1': {'a2': {'a3': {'a4': {'a5': {'a6': {'a7': {'a8': {'a9': {'a10': {'a11': {'a12': {}}}}}}}}}}}}}, 'e0': {'keepE': 12, 'leafE2': 7, 'leafE3': 8, 'e1': {'e2': {'e3': {'e4': {'e5': {'e6': {'e7': {'e8': {'e9': {'e10': {'e11': {'e12': {'leafE1': 6}}}}}}}}}}}}}, 'project': {'name': 'hard-demo', 'version': '2.4.1', 'authors': ['alice', 'bob', 'carol']}, 'd0': {'d1': {'d2': {'d3': {'d4': {'d5': {'d6': {'d7': {'keepD': 11, 'd8': {'d9': {'d10': {'d11': {'d12': {'d13': {'leafD': 5}..."}
2026-08-22 22:41:02.601 /testbed/kedro/templates/project/hooks/utils.py:71 kedro.templates.project.hooks.utils._remove_nested_section event=line locals={'key_part': "'a0'"}
2026-08-22 22:41:02.601 /testbed/kedro/templates/project/hooks/utils.py:70 kedro.templates.project.hooks.utils._remove_nested_section event=line locals={'parent_section': "{'keepA': 10, 'a1': {'a2': {'a3': {'a4': {'a5': {'a6': {'a7': {'a8': {'a9': {'a10': {'a11': {'a12': {}}}}}}}}}}}}}"}
2026-08-22 22:41:02.601 /testbed/kedro/templates/project/hooks/utils.py:71 kedro.templates.project.hooks.utils._remove_nested_section event=line locals={'key_part': "'a1'"}
2026-08-22 22:41:02.601 /testbed/kedro/templates/project/hooks/utils.py:70 kedro.templates.project.hooks.utils._remove_nested_section event=line locals={'parent_section': "{'a2': {'a3': {'a4': {'a5': {'a6': {'a7': {'a8': {'a9': {'a10': {'a11': {'a12': {}}}}}}}}}}}}"}
2026-08-22 22:41:02.601 /testbed/kedro/templates/project/hooks/utils.py:71 kedro.templates.project.hooks.utils._remove_nested_section event=line locals={'key_part': "'a2'"}
2026-08-22 22:41:02.601 /testbed/kedro/templates/project/hooks/utils.py:70 kedro.templates.project.hooks.utils._remove_nested_section event=line locals={'parent_section': "{'a3': {'a4': {'a5': {'a6': {'a7': {'a8': {'a9': {'a10': {'a11': {'a12': {}}}}}}}}}}}"}
2026-08-22 22:41:02.601 /testbed/kedro/templates/project/hooks/utils.py:71 kedro.templates.project.hooks.utils._remove_nested_section event=line locals={'key_part': "'a3'"}
2026-08-22 22:41:02.601 /testbed/kedro/templates/project/hooks/utils.py:70 kedro.templates.project.hooks.utils._remove_nested_section event=line locals={'parent_section': "{'a4': {'a5': {'a6': {'a7': {'a8': {'a9': {'a10': {'a11': {'a12': {}}}}}}}}}}"}
2026-08-22 22:41:02.601 /testbed/kedro/templates/project/hooks/utils.py:71 kedro.templates.project.hooks.utils._remove_nested_section event=line locals={'key_part': "'a4'"}
2026-08-22 22:41:02.601 /testbed/kedro/templates/project/hooks/utils.py:70 kedro.templates.project.hooks.utils._remove_nested_section event=line locals={'parent_section': "{'a5': {'a6': {'a7': {'a8': {'a9': {'a10': {'a11': {'a12': {}}}}}}}}}"}
2026-08-22 22:41:02.601 /testbed/kedro/templates/project/hooks/utils.py:71 kedro.templates.project.hooks.utils._remove_nested_section event=line locals={'key_part': "'a5'"}
2026-08-22 22:41:02.601 /testbed/kedro/templates/project/hooks/utils.py:70 kedro.templates.project.hooks.utils._remove_nested_section event=line locals={'parent_section': "{'a6': {'a7': {'a8': {'a9': {'a10': {'a11': {'a12': {}}}}}}}}"}
2026-08-22 22:41:02.601 /testbed/kedro/templates/project/hooks/utils.py:71 kedro.templates.project.hooks.utils._remove_nested_section event=line locals={'key_part': "'a6'"}
2026-08-22 22:41:02.601 /testbed/kedro/templates/project/hooks/utils.py:70 kedro.templates.project.hooks.utils._remove_nested_section event=line locals={'parent_section': "{'a7': {'a8': {'a9': {'a10': {'a11': {'a12': {}}}}}}}"}
2026-08-22 22:41:02.601 /testbed/kedro/templates/project/hooks/utils.py:71 kedro.templates.project.hooks.utils._remove_nested_section event=line locals={'key_part': "'a7'"}
2026-08-22 22:41:02.601 /testbed/kedro/templates/project/hooks/utils.py:70 kedro.templates.project.hooks.utils._remove_nested_section event=line locals={'parent_section': "{'a8': {'a9': {'a10': {'a11': {'a12': {}}}}}}"}
2026-08-22 22:41:02.601 /testbed/kedro/templates/project/hooks/utils.py:71 kedro.templates.project.hooks.utils._remove_nested_section event=line locals={'key_part': "'a8'"}
2026-08-22 22:41:02.601 /testbed/kedro/templates/project/hooks/utils.py:70 kedro.templates.project.hooks.utils._remove_nested_section event=line locals={'parent_section': "{'a9': {'a10': {'a11': {'a12': {}}}}}"}
2026-08-22 22:41:02.601 /testbed/kedro/templates/project/hooks/utils.py:71 kedro.templates.project.hooks.utils._remove_nested_section event=line locals={'key_part': "'a9'"}
2026-08-22 22:41:02.601 /testbed/kedro/templates/project/hooks/utils.py:70 kedro.templates.project.hooks.utils._remove_nested_section event=line locals={'parent_section': "{'a10': {'a11': {'a12': {}}}}"}
2026-08-22 22:41:02.601 /testbed/kedro/templates/project/hooks/utils.py:71 kedro.templates.project.hooks.utils._remove_nested_section event=line locals={'key_part': "'a10'"}
2026-08-22 22:41:02.601 /testbed/kedro/templates/project/hooks/utils.py:70 kedro.templates.project.hooks.utils._remove_nested_section event=line locals={'parent_section': "{'a11': {'a12': {}}}"}
2026-08-22 22:41:02.601 /testbed/kedro/templates/project/hooks/utils.py:71 kedro.templates.project.hooks.utils._remove_nested_section event=line locals={'key_part': "'a11'"}
2026-08-22 22:41:02.601 /testbed/kedro/templates/project/hooks/utils.py:70 kedro.templates.project.hooks.utils._remove_nested_section event=line locals={'parent_section': "{'a12': {}}"}
2026-08-22 22:41:02.601 /testbed/kedro/templates/project/hooks/utils.py:72 kedro.templates.project.hooks.utils._remove_nested_section event=line locals={}
2026-08-22 22:41:02.601 /testbed/kedro/templates/project/hooks/utils.py:73 kedro.templates.project.hooks.utils._remove_nested_section event=line locals={}
2026-08-22 22:41:02.601 /testbed/kedro/templates/project/hooks/utils.py:74 kedro.templates.project.hooks.utils._remove_nested_section event=line locals={'data': "{'a0': {'keepA': 10, 'a1': {'a2': {'a3': {'a4': {'a5': {'a6': {'a7': {'a8': {'a9': {'a10': {'a11': {}}}}}}}}}}}}, 'e0': {'keepE': 12, 'leafE2': 7, 'leafE3': 8, 'e1': {'e2': {'e3': {'e4': {'e5': {'e6': {'e7': {'e8': {'e9': {'e10': {'e11': {'e12': {'leafE1': 6}}}}}}}}}}}}}, 'project': {'name': 'hard-demo', 'version': '2.4.1', 'authors': ['alice', 'bob', 'carol']}, 'd0': {'d1': {'d2': {'d3': {'d4': {'d5': {'d6': {'d7': {'keepD': 11, 'd8': {'d9': {'d10': {'d11': {'d12': {'d13': {'leafD': 5}}}}}}}}}}...", 'parent_section': '{}'}
2026-08-22 22:41:02.601 /testbed/kedro/templates/project/hooks/utils.py:68 kedro.templates.project.hooks.utils._remove_nested_section event=line locals={}
2026-08-22 22:41:02.601 /testbed/kedro/templates/project/hooks/utils.py:69 kedro.templates.project.hooks.utils._remove_nested_section event=line locals={'key': "'a11'"}
2026-08-22 22:41:02.601 /testbed/kedro/templates/project/hooks/utils.py:70 kedro.templates.project.hooks.utils._remove_nested_section event=line locals={'parent_section': "{'a0': {'keepA': 10, 'a1': {'a2': {'a3': {'a4': {'a5': {'a6': {'a7': {'a8': {'a9': {'a10': {'a11': {}}}}}}}}}}}}, 'e0': {'keepE': 12, 'leafE2': 7, 'leafE3': 8, 'e1': {'e2': {'e3': {'e4': {'e5': {'e6': {'e7': {'e8': {'e9': {'e10': {'e11': {'e12': {'leafE1': 6}}}}}}}}}}}}}, 'project': {'name': 'hard-demo', 'version': '2.4.1', 'authors': ['alice', 'bob', 'carol']}, 'd0': {'d1': {'d2': {'d3': {'d4': {'d5': {'d6': {'d7': {'keepD': 11, 'd8': {'d9': {'d10': {'d11': {'d12': {'d13': {'leafD': 5}}}}}}}}}}..."}
2026-08-22 22:41:02.601 /testbed/kedro/templates/project/hooks/utils.py:71 kedro.templates.project.hooks.utils._remove_nested_section event=line locals={'key_part': "'a0'"}
2026-08-22 22:41:02.601 /testbed/kedro/templates/project/hooks/utils.py:70 kedro.templates.project.hooks.utils._remove_nested_section event=line locals={'parent_section': "{'keepA': 10, 'a1': {'a2': {'a3': {'a4': {'a5': {'a6': {'a7': {'a8': {'a9': {'a10': {'a11': {}}}}}}}}}}}}"}
2026-08-22 22:41:02.601 /testbed/kedro/templates/project/hooks/utils.py:71 kedro.templates.project.hooks.utils._remove_nested_section event=line locals={'key_part': "'a1'"}
2026-08-22 22:41:02.602 /testbed/kedro/templates/project/hooks/utils.py:70 kedro.templates.project.hooks.utils._remove_nested_section event=line locals={'parent_section': "{'a2': {'a3': {'a4': {'a5': {'a6': {'a7': {'a8': {'a9': {'a10': {'a11': {}}}}}}}}}}}"}
2026-08-22 22:41:02.602 /testbed/kedro/templates/project/hooks/utils.py:71 kedro.templates.project.hooks.utils._remove_nested_section event=line locals={'key_part': "'a2'"}
2026-08-22 22:41:02.602 /testbed/kedro/templates/project/hooks/utils.py:70 kedro.templates.project.hooks.utils._remove_nested_section event=line locals={'parent_section': "{'a3': {'a4': {'a5': {'a6': {'a7': {'a8': {'a9': {'a10': {'a11': {}}}}}}}}}}"}
2026-08-22 22:41:02.602 /testbed/kedro/templates/project/hooks/utils.py:71 kedro.templates.project.hooks.utils._remove_nested_section event=line locals={'key_part': "'a3'"}
2026-08-22 22:41:02.602 /testbed/kedro/templates/project/hooks/utils.py:70 kedro.templates.project.hooks.utils._remove_nested_section event=line locals={'parent_section': "{'a4': {'a5': {'a6': {'a7': {'a8': {'a9': {'a10': {'a11': {}}}}}}}}}"}
2026-08-22 22:41:02.602 /testbed/kedro/templates/project/hooks/utils.py:71 kedro.templates.project.hooks.utils._remove_nested_section event=line locals={'key_part': "'a4'"}
2026-08-22 22:41:02.602 /testbed/kedro/templates/project/hooks/utils.py:70 kedro.templates.project.hooks.utils._remove_nested_section event=line locals={'parent_section': "{'a5': {'a6': {'a7': {'a8': {'a9': {'a10': {'a11': {}}}}}}}}"}
2026-08-22 22:41:02.602 /testbed/kedro/templates/project/hooks/utils.py:71 kedro.templates.project.hooks.utils._remove_nested_section event=line locals={'key_part': "'a5'"}
2026-08-22 22:41:02.602 /testbed/kedro/templates/project/hooks/utils.py:70 kedro.templates.project.hooks.utils._remove_nested_section event=line locals={'parent_section': "{'a6': {'a7': {'a8': {'a9': {'a10': {'a11': {}}}}}}}"}
2026-08-22 22:41:02.602 /testbed/kedro/templates/project/hooks/utils.py:71 kedro.templates.project.hooks.utils._remove_nested_section event=line locals={'key_part': "'a6'"}
2026-08-22 22:41:02.602 /testbed/kedro/templates/project/hooks/utils.py:70 kedro.templates.project.hooks.utils._remove_nested_section event=line locals={'parent_section': "{'a7': {'a8': {'a9': {'a10': {'a11': {}}}}}}"}
2026-08-22 22:41:02.602 /testbed/kedro/templates/project/hooks/utils.py:71 kedro.templates.project.hooks.utils._remove_nested_section event=line locals={'key_part': "'a7'"}
2026-08-22 22:41:02.602 /testbed/kedro/templates/project/hooks/utils.py:70 kedro.templates.project.hooks.utils._remove_nested_section event=line locals={'parent_section': "{'a8': {'a9': {'a10': {'a11': {}}}}}"}
2026-08-22 22:41:02.602 /testbed/kedro/templates/project/hooks/utils.py:71 kedro.templates.project.hooks.utils._remove_nested_section event=line locals={'key_part': "'a8'"}
2026-08-22 22:41:02.602 /testbed/kedro/templates/project/hooks/utils.py:70 kedro.templates.project.hooks.utils._remove_nested_section event=line locals={'parent_section': "{'a9': {'a10': {'a11': {}}}}"}
2026-08-22 22:41:02.602 /testbed/kedro/templates/project/hooks/utils.py:71 kedro.templates.project.hooks.utils._remove_nested_section event=line locals={'key_part': "'a9'"}
2026-08-22 22:41:02.602 /testbed/kedro/templates/project/hooks/utils.py:70 kedro.templates.project.hooks.utils._remove_nested_section event=line locals={'parent_section': "{'a10': {'a11': {}}}"}
2026-08-22 22:41:02.602 /testbed/kedro/templates/project/hooks/utils.py:71 kedro.templates.project.hooks.utils._remove_nested_section event=line locals={'key_part': "'a10'"}
2026-08-22 22:41:02.602 /testbed/kedro/templates/project/hooks/utils.py:70 kedro.templates.project.hooks.utils._remove_nested_section event=line locals={'parent_section': "{'a11': {}}"}
2026-08-22 22:41:02.602 /testbed/kedro/templates/project/hooks/utils.py:72 kedro.templates.project.hooks.utils._remove_nested_section event=line locals={}
2026-08-22 22:41:02.602 /testbed/kedro/templates/project/hooks/utils.py:73 kedro.templates.project.hooks.utils._remove_nested_section event=line locals={}
2026-08-22 22:41:02.602 /testbed/kedro/templates/project/hooks/utils.py:74 kedro.templates.project.hooks.utils._remove_nested_section event=line locals={'data': "{'a0': {'keepA': 10, 'a1': {'a2': {'a3': {'a4': {'a5': {'a6': {'a7': {'a8': {'a9': {'a10': {}}}}}}}}}}}, 'e0': {'keepE': 12, 'leafE2': 7, 'leafE3': 8, 'e1': {'e2': {'e3': {'e4': {'e5': {'e6': {'e7': {'e8': {'e9': {'e10': {'e11': {'e12': {'leafE1': 6}}}}}}}}}}}}}, 'project': {'name': 'hard-demo', 'version': '2.4.1', 'authors': ['alice', 'bob', 'carol']}, 'd0': {'d1': {'d2': {'d3': {'d4': {'d5': {'d6': {'d7': {'keepD': 11, 'd8': {'d9': {'d10': {'d11': {'d12': {'d13': {'leafD': 5}}}}}}}}}}}}}}, 'c0...", 'parent_section': '{}'}
2026-08-22 22:41:02.602 /testbed/kedro/templates/project/hooks/utils.py:68 kedro.templates.project.hooks.utils._remove_nested_section event=line locals={}
2026-08-22 22:41:02.602 /testbed/kedro/templates/project/hooks/utils.py:69 kedro.templates.project.hooks.utils._remove_nested_section event=line locals={'key': "'a10'"}
2026-08-22 22:41:02.602 /testbed/kedro/templates/project/hooks/utils.py:70 kedro.templates.project.hooks.utils._remove_nested_section event=line locals={'parent_section': "{'a0': {'keepA': 10, 'a1': {'a2': {'a3': {'a4': {'a5': {'a6': {'a7': {'a8': {'a9': {'a10': {}}}}}}}}}}}, 'e0': {'keepE': 12, 'leafE2': 7, 'leafE3': 8, 'e1': {'e2': {'e3': {'e4': {'e5': {'e6': {'e7': {'e8': {'e9': {'e10': {'e11': {'e12': {'leafE1': 6}}}}}}}}}}}}}, 'project': {'name': 'hard-demo', 'version': '2.4.1', 'authors': ['alice', 'bob', 'carol']}, 'd0': {'d1': {'d2': {'d3': {'d4': {'d5': {'d6': {'d7': {'keepD': 11, 'd8': {'d9': {'d10': {'d11': {'d12': {'d13': {'leafD': 5}}}}}}}}}}}}}}, 'c0..."}
2026-08-22 22:41:02.602 /testbed/kedro/templates/project/hooks/utils.py:71 kedro.templates.project.hooks.utils._remove_nested_section event=line locals={'key_part': "'a0'"}
2026-08-22 22:41:02.602 /testbed/kedro/templates/project/hooks/utils.py:70 kedro.templates.project.hooks.utils._remove_nested_section event=line locals={'parent_section': "{'keepA': 10, 'a1': {'a2': {'a3': {'a4': {'a5': {'a6': {'a7': {'a8': {'a9': {'a10': {}}}}}}}}}}}"}
2026-08-22 22:41:02.602 /testbed/kedro/templates/project/hooks/utils.py:71 kedro.templates.project.hooks.utils._remove_nested_section event=line locals={'key_part': "'a1'"}
2026-08-22 22:41:02.602 /testbed/kedro/templates/project/hooks/utils.py:70 kedro.templates.project.hooks.utils._remove_nested_section event=line locals={'parent_section': "{'a2': {'a3': {'a4': {'a5': {'a6': {'a7': {'a8': {'a9': {'a10': {}}}}}}}}}}"}
2026-08-22 22:41:02.602 /testbed/kedro/templates/project/hooks/utils.py:71 kedro.templates.project.hooks.utils._remove_nested_section event=line locals={'key_part': "'a2'"}
2026-08-22 22:41:02.602 /testbed/kedro/templates/project/hooks/utils.py:70 kedro.templates.project.hooks.utils._remove_nested_section event=line locals={'parent_section': "{'a3': {'a4': {'a5': {'a6': {'a7': {'a8': {'a9': {'a10': {}}}}}}}}}"}
2026-08-22 22:41:02.602 /testbed/kedro/templates/project/hooks/utils.py:71 kedro.templates.project.hooks.utils._remove_nested_section event=line locals={'key_part': "'a3'"}
2026-08-22 22:41:02.602 /testbed/kedro/templates/project/hooks/utils.py:70 kedro.templates.project.hooks.utils._remove_nested_section event=line locals={'parent_section': "{'a4': {'a5': {'a6': {'a7': {'a8': {'a9': {'a10': {}}}}}}}}"}
2026-08-22 22:41:02.602 /testbed/kedro/templates/project/hooks/utils.py:71 kedro.templates.project.hooks.utils._remove_nested_section event=line locals={'key_part': "'a4'"}
2026-08-22 22:41:02.602 /testbed/kedro/templates/project/hooks/utils.py:70 kedro.templates.project.hooks.utils._remove_nested_section event=line locals={'parent_section': "{'a5': {'a6': {'a7': {'a8': {'a9': {'a10': {}}}}}}}"}
2026-08-22 22:41:02.602 /testbed/kedro/templates/project/hooks/utils.py:71 kedro.templates.project.hooks.utils._remove_nested_section event=line locals={'key_part': "'a5'"}
2026-08-22 22:41:02.602 /testbed/kedro/templates/project/hooks/utils.py:70 kedro.templates.project.hooks.utils._remove_nested_section event=line locals={'parent_section': "{'a6': {'a7': {'a8': {'a9': {'a10': {}}}}}}"}
2026-08-22 22:41:02.602 /testbed/kedro/templates/project/hooks/utils.py:71 kedro.templates.project.hooks.utils._remove_nested_section event=line locals={'key_part': "'a6'"}
2026-08-22 22:41:02.602 /testbed/kedro/templates/project/hooks/utils.py:70 kedro.templates.project.hooks.utils._remove_nested_section event=line locals={'parent_section': "{'a7': {'a8': {'a9': {'a10': {}}}}}"}
2026-08-22 22:41:02.603 /testbed/kedro/templates/project/hooks/utils.py:71 kedro.templates.project.hooks.utils._remove_nested_section event=line locals={'key_part': "'a7'"}
2026-08-22 22:41:02.603 /testbed/kedro/templates/project/hooks/utils.py:70 kedro.templates.project.hooks.utils._remove_nested_section event=line locals={'parent_section': "{'a8': {'a9': {'a10': {}}}}"}
2026-08-22 22:41:02.603 /testbed/kedro/templates/project/hooks/utils.py:71 kedro.templates.project.hooks.utils._remove_nested_section event=line locals={'key_part': "'a8'"}
2026-08-22 22:41:02.603 /testbed/kedro/templates/project/hooks/utils.py:70 kedro.templates.project.hooks.utils._remove_nested_section event=line locals={'parent_section': "{'a9': {'a10': {}}}"}
2026-08-22 22:41:02.603 /testbed/kedro/templates/project/hooks/utils.py:71 kedro.templates.project.hooks.utils._remove_nested_section event=line locals={'key_part': "'a9'"}
2026-08-22 22:41:02.603 /testbed/kedro/templates/project/hooks/utils.py:70 kedro.templates.project.hooks.utils._remove_nested_section event=line locals={'parent_section': "{'a10': {}}"}
2026-08-22 22:41:02.603 /testbed/kedro/templates/project/hooks/utils.py:72 kedro.templates.project.hooks.utils._remove_nested_section event=line locals={}
2026-08-22 22:41:02.603 /testbed/kedro/templates/project/hooks/utils.py:73 kedro.templates.project.hooks.utils._remove_nested_section event=line locals={}
2026-08-22 22:41:02.603 /testbed/kedro/templates/project/hooks/utils.py:74 kedro.templates.project.hooks.utils._remove_nested_section event=line locals={'data': "{'a0': {'keepA': 10, 'a1': {'a2': {'a3': {'a4': {'a5': {'a6': {'a7': {'a8': {'a9': {}}}}}}}}}}, 'e0': {'keepE': 12, 'leafE2': 7, 'leafE3': 8, 'e1': {'e2': {'e3': {'e4': {'e5': {'e6': {'e7': {'e8': {'e9': {'e10': {'e11': {'e12': {'leafE1': 6}}}}}}}}}}}}}, 'project': {'name': 'hard-demo', 'version': '2.4.1', 'authors': ['alice', 'bob', 'carol']}, 'd0': {'d1': {'d2': {'d3': {'d4': {'d5': {'d6': {'d7': {'keepD': 11, 'd8': {'d9': {'d10': {'d11': {'d12': {'d13': {'leafD': 5}}}}}}}}}}}}}}, 'c0': {'c1':...", 'parent_section': '{}'}
2026-08-22 22:41:02.603 /testbed/kedro/templates/project/hooks/utils.py:68 kedro.templates.project.hooks.utils._remove_nested_section event=line locals={}
2026-08-22 22:41:02.603 /testbed/kedro/templates/project/hooks/utils.py:69 kedro.templates.project.hooks.utils._remove_nested_section event=line locals={'key': "'a9'"}
2026-08-22 22:41:02.603 /testbed/kedro/templates/project/hooks/utils.py:70 kedro.templates.project.hooks.utils._remove_nested_section event=line locals={'parent_section': "{'a0': {'keepA': 10, 'a1': {'a2': {'a3': {'a4': {'a5': {'a6': {'a7': {'a8': {'a9': {}}}}}}}}}}, 'e0': {'keepE': 12, 'leafE2': 7, 'leafE3': 8, 'e1': {'e2': {'e3': {'e4': {'e5': {'e6': {'e7': {'e8': {'e9': {'e10': {'e11': {'e12': {'leafE1': 6}}}}}}}}}}}}}, 'project': {'name': 'hard-demo', 'version': '2.4.1', 'authors': ['alice', 'bob', 'carol']}, 'd0': {'d1': {'d2': {'d3': {'d4': {'d5': {'d6': {'d7': {'keepD': 11, 'd8': {'d9': {'d10': {'d11': {'d12': {'d13': {'leafD': 5}}}}}}}}}}}}}}, 'c0': {'c1':..."}
2026-08-22 22:41:02.603 /testbed/kedro/templates/project/hooks/utils.py:71 kedro.templates.project.hooks.utils._remove_nested_section event=line locals={'key_part': "'a0'"}
2026-08-22 22:41:02.603 /testbed/kedro/templates/project/hooks/utils.py:70 kedro.templates.project.hooks.utils._remove_nested_section event=line locals={'parent_section': "{'keepA': 10, 'a1': {'a2': {'a3': {'a4': {'a5': {'a6': {'a7': {'a8': {'a9': {}}}}}}}}}}"}
2026-08-22 22:41:02.603 /testbed/kedro/templates/project/hooks/utils.py:71 kedro.templates.project.hooks.utils._remove_nested_section event=line locals={'key_part': "'a1'"}
2026-08-22 22:41:02.603 /testbed/kedro/templates/project/hooks/utils.py:70 kedro.templates.project.hooks.utils._remove_nested_section event=line locals={'parent_section': "{'a2': {'a3': {'a4': {'a5': {'a6': {'a7': {'a8': {'a9': {}}}}}}}}}"}
2026-08-22 22:41:02.603 /testbed/kedro/templates/project/hooks/utils.py:71 kedro.templates.project.hooks.utils._remove_nested_section event=line locals={'key_part': "'a2'"}
2026-08-22 22:41:02.603 /testbed/kedro/templates/project/hooks/utils.py:70 kedro.templates.project.hooks.utils._remove_nested_section event=line locals={'parent_section': "{'a3': {'a4': {'a5': {'a6': {'a7': {'a8': {'a9': {}}}}}}}}"}
2026-08-22 22:41:02.603 /testbed/kedro/templates/project/hooks/utils.py:71 kedro.templates.project.hooks.utils._remove_nested_section event=line locals={'key_part': "'a3'"}
2026-08-22 22:41:02.603 /testbed/kedro/templates/project/hooks/utils.py:70 kedro.templates.project.hooks.utils._remove_nested_section event=line locals={'parent_section': "{'a4': {'a5': {'a6': {'a7': {'a8': {'a9': {}}}}}}}"}
2026-08-22 22:41:02.603 /testbed/kedro/templates/project/hooks/utils.py:71 kedro.templates.project.hooks.utils._remove_nested_section event=line locals={'key_part': "'a4'"}
2026-08-22 22:41:02.603 /testbed/kedro/templates/project/hooks/utils.py:70 kedro.templates.project.hooks.utils._remove_nested_section event=line locals={'parent_section': "{'a5': {'a6': {'a7': {'a8': {'a9': {}}}}}}"}
2026-08-22 22:41:02.603 /testbed/kedro/templates/project/hooks/utils.py:71 kedro.templates.project.hooks.utils._remove_nested_section event=line locals={'key_part': "'a5'"}
2026-08-22 22:41:02.603 /testbed/kedro/templates/project/hooks/utils.py:70 kedro.templates.project.hooks.utils._remove_nested_section event=line locals={'parent_section': "{'a6': {'a7': {'a8': {'a9': {}}}}}"}
2026-08-22 22:41:02.603 /testbed/kedro/templates/project/hooks/utils.py:71 kedro.templates.project.hooks.utils._remove_nested_section event=line locals={'key_part': "'a6'"}
2026-08-22 22:41:02.603 /testbed/kedro/templates/project/hooks/utils.py:70 kedro.templates.project.hooks.utils._remove_nested_section event=line locals={'parent_section': "{'a7': {'a8': {'a9': {}}}}"}
2026-08-22 22:41:02.603 /testbed/kedro/templates/project/hooks/utils.py:71 kedro.templates.project.hooks.utils._remove_nested_section event=line locals={'key_part': "'a7'"}
2026-08-22 22:41:02.603 /testbed/kedro/templates/project/hooks/utils.py:70 kedro.templates.project.hooks.utils._remove_nested_section event=line locals={'parent_section': "{'a8': {'a9': {}}}"}
2026-08-22 22:41:02.603 /testbed/kedro/templates/project/hooks/utils.py:71 kedro.templates.project.hooks.utils._remove_nested_section event=line locals={'key_part': "'a8'"}
2026-08-22 22:41:02.603 /testbed/kedro/templates/project/hooks/utils.py:70 kedro.templates.project.hooks.utils._remove_nested_section event=line locals={'parent_section': "{'a9': {}}"}
2026-08-22 22:41:02.603 /testbed/kedro/templates/project/hooks/utils.py:72 kedro.templates.project.hooks.utils._remove_nested_section event=line locals={}
2026-08-22 22:41:02.603 /testbed/kedro/templates/project/hooks/utils.py:73 kedro.templates.project.hooks.utils._remove_nested_section event=line locals={}
2026-08-22 22:41:02.603 /testbed/kedro/templates/project/hooks/utils.py:74 kedro.templates.project.hooks.utils._remove_nested_section event=line locals={'data': "{'a0': {'keepA': 10, 'a1': {'a2': {'a3': {'a4': {'a5': {'a6': {'a7': {'a8': {}}}}}}}}}, 'e0': {'keepE': 12, 'leafE2': 7, 'leafE3': 8, 'e1': {'e2': {'e3': {'e4': {'e5': {'e6': {'e7': {'e8': {'e9': {'e10': {'e11': {'e12': {'leafE1': 6}}}}}}}}}}}}}, 'project': {'name': 'hard-demo', 'version': '2.4.1', 'authors': ['alice', 'bob', 'carol']}, 'd0': {'d1': {'d2': {'d3': {'d4': {'d5': {'d6': {'d7': {'keepD': 11, 'd8': {'d9': {'d10': {'d11': {'d12': {'d13': {'leafD': 5}}}}}}}}}}}}}}, 'c0': {'c1': {'c2': ...", 'parent_section': '{}'}
2026-08-22 22:41:02.603 /testbed/kedro/templates/project/hooks/utils.py:68 kedro.templates.project.hooks.utils._remove_nested_section event=line locals={}
2026-08-22 22:41:02.603 /testbed/kedro/templates/project/hooks/utils.py:69 kedro.templates.project.hooks.utils._remove_nested_section event=line locals={'key': "'a8'"}
2026-08-22 22:41:02.603 /testbed/kedro/templates/project/hooks/utils.py:70 kedro.templates.project.hooks.utils._remove_nested_section event=line locals={'parent_section': "{'a0': {'keepA': 10, 'a1': {'a2': {'a3': {'a4': {'a5': {'a6': {'a7': {'a8': {}}}}}}}}}, 'e0': {'keepE': 12, 'leafE2': 7, 'leafE3': 8, 'e1': {'e2': {'e3': {'e4': {'e5': {'e6': {'e7': {'e8': {'e9': {'e10': {'e11': {'e12': {'leafE1': 6}}}}}}}}}}}}}, 'project': {'name': 'hard-demo', 'version': '2.4.1', 'authors': ['alice', 'bob', 'carol']}, 'd0': {'d1': {'d2': {'d3': {'d4': {'d5': {'d6': {'d7': {'keepD': 11, 'd8': {'d9': {'d10': {'d11': {'d12': {'d13': {'leafD': 5}}}}}}}}}}}}}}, 'c0': {'c1': {'c2': ..."}
2026-08-22 22:41:02.603 /testbed/kedro/templates/project/hooks/utils.py:71 kedro.templates.project.hooks.utils._remove_nested_section event=line locals={'key_part': "'a0'"}
2026-08-22 22:41:02.603 /testbed/kedro/templates/project/hooks/utils.py:70 kedro.templates.project.hooks.utils._remove_nested_section event=line locals={'parent_section': "{'keepA': 10, 'a1': {'a2': {'a3': {'a4': {'a5': {'a6': {'a7': {'a8': {}}}}}}}}}"}
2026-08-22 22:41:02.603 /testbed/kedro/templates/project/hooks/utils.py:71 kedro.templates.project.hooks.utils._remove_nested_section event=line locals={'key_part': "'a1'"}
2026-08-22 22:41:02.604 /testbed/kedro/templates/project/hooks/utils.py:70 kedro.templates.project.hooks.utils._remove_nested_section event=line locals={'parent_section': "{'a2': {'a3': {'a4': {'a5': {'a6': {'a7': {'a8': {}}}}}}}}"}
2026-08-22 22:41:02.604 /testbed/kedro/templates/project/hooks/utils.py:71 kedro.templates.project.hooks.utils._remove_nested_section event=line locals={'key_part': "'a2'"}
2026-08-22 22:41:02.604 /testbed/kedro/templates/project/hooks/utils.py:70 kedro.templates.project.hooks.utils._remove_nested_section event=line locals={'parent_section': "{'a3': {'a4': {'a5': {'a6': {'a7': {'a8': {}}}}}}}"}
2026-08-22 22:41:02.604 /testbed/kedro/templates/project/hooks/utils.py:71 kedro.templates.project.hooks.utils._remove_nested_section event=line locals={'key_part': "'a3'"}
2026-08-22 22:41:02.604 /testbed/kedro/templates/project/hooks/utils.py:70 kedro.templates.project.hooks.utils._remove_nested_section event=line locals={'parent_section': "{'a4': {'a5': {'a6': {'a7': {'a8': {}}}}}}"}
2026-08-22 22:41:02.604 /testbed/kedro/templates/project/hooks/utils.py:71 kedro.templates.project.hooks.utils._remove_nested_section event=line locals={'key_part': "'a4'"}
2026-08-22 22:41:02.604 /testbed/kedro/templates/project/hooks/utils.py:70 kedro.templates.project.hooks.utils._remove_nested_section event=line locals={'parent_section': "{'a5': {'a6': {'a7': {'a8': {}}}}}"}
2026-08-22 22:41:02.604 /testbed/kedro/templates/project/hooks/utils.py:71 kedro.templates.project.hooks.utils._remove_nested_section event=line locals={'key_part': "'a5'"}
2026-08-22 22:41:02.604 /testbed/kedro/templates/project/hooks/utils.py:70 kedro.templates.project.hooks.utils._remove_nested_section event=line locals={'parent_section': "{'a6': {'a7': {'a8': {}}}}"}
2026-08-22 22:41:02.604 /testbed/kedro/templates/project/hooks/utils.py:71 kedro.templates.project.hooks.utils._remove_nested_section event=line locals={'key_part': "'a6'"}
2026-08-22 22:41:02.604 /testbed/kedro/templates/project/hooks/utils.py:70 kedro.templates.project.hooks.utils._remove_nested_section event=line locals={'parent_section': "{'a7': {'a8': {}}}"}
2026-08-22 22:41:02.604 /testbed/kedro/templates/project/hooks/utils.py:71 kedro.templates.project.hooks.utils._remove_nested_section event=line locals={'key_part': "'a7'"}
2026-08-22 22:41:02.604 /testbed/kedro/templates/project/hooks/utils.py:70 kedro.templates.project.hooks.utils._remove_nested_section event=line locals={'parent_section': "{'a8': {}}"}
2026-08-22 22:41:02.604 /testbed/kedro/templates/project/hooks/utils.py:72 kedro.templates.project.hooks.utils._remove_nested_section event=line locals={}
2026-08-22 22:41:02.604 /testbed/kedro/templates/project/hooks/utils.py:73 kedro.templates.project.hooks.utils._remove_nested_section event=line locals={}
2026-08-22 22:41:02.604 /testbed/kedro/templates/project/hooks/utils.py:74 kedro.templates.project.hooks.utils._remove_nested_section event=line locals={'data': "{'a0': {'keepA': 10, 'a1': {'a2': {'a3': {'a4': {'a5': {'a6': {'a7': {}}}}}}}}, 'e0': {'keepE': 12, 'leafE2': 7, 'leafE3': 8, 'e1': {'e2': {'e3': {'e4': {'e5': {'e6': {'e7': {'e8': {'e9': {'e10': {'e11': {'e12': {'leafE1': 6}}}}}}}}}}}}}, 'project': {'name': 'hard-demo', 'version': '2.4.1', 'authors': ['alice', 'bob', 'carol']}, 'd0': {'d1': {'d2': {'d3': {'d4': {'d5': {'d6': {'d7': {'keepD': 11, 'd8': {'d9': {'d10': {'d11': {'d12': {'d13': {'leafD': 5}}}}}}}}}}}}}}, 'c0': {'c1': {'c2': {'c3': {...", 'parent_section': '{}'}
2026-08-22 22:41:02.604 /testbed/kedro/templates/project/hooks/utils.py:68 kedro.templates.project.hooks.utils._remove_nested_section event=line locals={}
2026-08-22 22:41:02.604 /testbed/kedro/templates/project/hooks/utils.py:69 kedro.templates.project.hooks.utils._remove_nested_section event=line locals={'key': "'a7'"}
2026-08-22 22:41:02.604 /testbed/kedro/templates/project/hooks/utils.py:70 kedro.templates.project.hooks.utils._remove_nested_section event=line locals={'parent_section': "{'a0': {'keepA': 10, 'a1': {'a2': {'a3': {'a4': {'a5': {'a6': {'a7': {}}}}}}}}, 'e0': {'keepE': 12, 'leafE2': 7, 'leafE3': 8, 'e1': {'e2': {'e3': {'e4': {'e5': {'e6': {'e7': {'e8': {'e9': {'e10': {'e11': {'e12': {'leafE1': 6}}}}}}}}}}}}}, 'project': {'name': 'hard-demo', 'version': '2.4.1', 'authors': ['alice', 'bob', 'carol']}, 'd0': {'d1': {'d2': {'d3': {'d4': {'d5': {'d6': {'d7': {'keepD': 11, 'd8': {'d9': {'d10': {'d11': {'d12': {'d13': {'leafD': 5}}}}}}}}}}}}}}, 'c0': {'c1': {'c2': {'c3': {..."}
2026-08-22 22:41:02.604 /testbed/kedro/templates/project/hooks/utils.py:71 kedro.templates.project.hooks.utils._remove_nested_section event=line locals={'key_part': "'a0'"}
2026-08-22 22:41:02.604 /testbed/kedro/templates/project/hooks/utils.py:70 kedro.templates.project.hooks.utils._remove_nested_section event=line locals={'parent_section': "{'keepA': 10, 'a1': {'a2': {'a3': {'a4': {'a5': {'a6': {'a7': {}}}}}}}}"}
2026-08-22 22:41:02.604 /testbed/kedro/templates/project/hooks/utils.py:71 kedro.templates.project.hooks.utils._remove_nested_section event=line locals={'key_part': "'a1'"}
2026-08-22 22:41:02.604 /testbed/kedro/templates/project/hooks/utils.py:70 kedro.templates.project.hooks.utils._remove_nested_section event=line locals={'parent_section': "{'a2': {'a3': {'a4': {'a5': {'a6': {'a7': {}}}}}}}"}
2026-08-22 22:41:02.604 /testbed/kedro/templates/project/hooks/utils.py:71 kedro.templates.project.hooks.utils._remove_nested_section event=line locals={'key_part': "'a2'"}
2026-08-22 22:41:02.604 /testbed/kedro/templates/project/hooks/utils.py:70 kedro.templates.project.hooks.utils._remove_nested_section event=line locals={'parent_section': "{'a3': {'a4': {'a5': {'a6': {'a7': {}}}}}}"}
2026-08-22 22:41:02.604 /testbed/kedro/templates/project/hooks/utils.py:71 kedro.templates.project.hooks.utils._remove_nested_section event=line locals={'key_part': "'a3'"}
2026-08-22 22:41:02.604 /testbed/kedro/templates/project/hooks/utils.py:70 kedro.templates.project.hooks.utils._remove_nested_section event=line locals={'parent_section': "{'a4': {'a5': {'a6': {'a7': {}}}}}"}
2026-08-22 22:41:02.604 /testbed/kedro/templates/project/hooks/utils.py:71 kedro.templates.project.hooks.utils._remove_nested_section event=line locals={'key_part': "'a4'"}
2026-08-22 22:41:02.604 /testbed/kedro/templates/project/hooks/utils.py:70 kedro.templates.project.hooks.utils._remove_nested_section event=line locals={'parent_section': "{'a5': {'a6': {'a7': {}}}}"}
2026-08-22 22:41:02.604 /testbed/kedro/templates/project/hooks/utils.py:71 kedro.templates.project.hooks.utils._remove_nested_section event=line locals={'key_part': "'a5'"}
2026-08-22 22:41:02.604 /testbed/kedro/templates/project/hooks/utils.py:70 kedro.templates.project.hooks.utils._remove_nested_section event=line locals={'parent_section': "{'a6': {'a7': {}}}"}
2026-08-22 22:41:02.604 /testbed/kedro/templates/project/hooks/utils.py:71 kedro.templates.project.hooks.utils._remove_nested_section event=line locals={'key_part': "'a6'"}
2026-08-22 22:41:02.604 /testbed/kedro/templates/project/hooks/utils.py:70 kedro.templates.project.hooks.utils._remove_nested_section event=line locals={'parent_section': "{'a7': {}}"}
2026-08-22 22:41:02.604 /testbed/kedro/templates/project/hooks/utils.py:72 kedro.templates.project.hooks.utils._remove_nested_section event=line locals={}
2026-08-22 22:41:02.604 /testbed/kedro/templates/project/hooks/utils.py:73 kedro.templates.project.hooks.utils._remove_nested_section event=line locals={}
2026-08-22 22:41:02.604 /testbed/kedro/templates/project/hooks/utils.py:74 kedro.templates.project.hooks.utils._remove_nested_section event=line locals={'data': "{'a0': {'keepA': 10, 'a1': {'a2': {'a3': {'a4': {'a5': {'a6': {}}}}}}}, 'e0': {'keepE': 12, 'leafE2': 7, 'leafE3': 8, 'e1': {'e2': {'e3': {'e4': {'e5': {'e6': {'e7': {'e8': {'e9': {'e10': {'e11': {'e12': {'leafE1': 6}}}}}}}}}}}}}, 'project': {'name': 'hard-demo', 'version': '2.4.1', 'authors': ['alice', 'bob', 'carol']}, 'd0': {'d1': {'d2': {'d3': {'d4': {'d5': {'d6': {'d7': {'keepD': 11, 'd8': {'d9': {'d10': {'d11': {'d12': {'d13': {'leafD': 5}}}}}}}}}}}}}}, 'c0': {'c1': {'c2': {'c3': {'c4': {'...", 'parent_section': '{}'}
2026-08-22 22:41:02.604 /testbed/kedro/templates/project/hooks/utils.py:68 kedro.templates.project.hooks.utils._remove_nested_section event=line locals={}
2026-08-22 22:41:02.604 /testbed/kedro/templates/project/hooks/utils.py:69 kedro.templates.project.hooks.utils._remove_nested_section event=line locals={'key': "'a6'"}
2026-08-22 22:41:02.604 /testbed/kedro/templates/project/hooks/utils.py:70 kedro.templates.project.hooks.utils._remove_nested_section event=line locals={'parent_section': "{'a0': {'keepA': 10, 'a1': {'a2': {'a3': {'a4': {'a5': {'a6': {}}}}}}}, 'e0': {'keepE': 12, 'leafE2': 7, 'leafE3': 8, 'e1': {'e2': {'e3': {'e4': {'e5': {'e6': {'e7': {'e8': {'e9': {'e10': {'e11': {'e12': {'leafE1': 6}}}}}}}}}}}}}, 'project': {'name': 'hard-demo', 'version': '2.4.1', 'authors': ['alice', 'bob', 'carol']}, 'd0': {'d1': {'d2': {'d3': {'d4': {'d5': {'d6': {'d7': {'keepD': 11, 'd8': {'d9': {'d10': {'d11': {'d12': {'d13': {'leafD': 5}}}}}}}}}}}}}}, 'c0': {'c1': {'c2': {'c3': {'c4': {'..."}
2026-08-22 22:41:02.604 /testbed/kedro/templates/project/hooks/utils.py:71 kedro.templates.project.hooks.utils._remove_nested_section event=line locals={'key_part': "'a0'"}
2026-08-22 22:41:02.605 /testbed/kedro/templates/project/hooks/utils.py:70 kedro.templates.project.hooks.utils._remove_nested_section event=line locals={'parent_section': "{'keepA': 10, 'a1': {'a2': {'a3': {'a4': {'a5': {'a6': {}}}}}}}"}
2026-08-22 22:41:02.605 /testbed/kedro/templates/project/hooks/utils.py:71 kedro.templates.project.hooks.utils._remove_nested_section event=line locals={'key_part': "'a1'"}
2026-08-22 22:41:02.605 /testbed/kedro/templates/project/hooks/utils.py:70 kedro.templates.project.hooks.utils._remove_nested_section event=line locals={'parent_section': "{'a2': {'a3': {'a4': {'a5': {'a6': {}}}}}}"}
2026-08-22 22:41:02.605 /testbed/kedro/templates/project/hooks/utils.py:71 kedro.templates.project.hooks.utils._remove_nested_section event=line locals={'key_part': "'a2'"}
2026-08-22 22:41:02.605 /testbed/kedro/templates/project/hooks/utils.py:70 kedro.templates.project.hooks.utils._remove_nested_section event=line locals={'parent_section': "{'a3': {'a4': {'a5': {'a6': {}}}}}"}
2026-08-22 22:41:02.605 /testbed/kedro/templates/project/hooks/utils.py:71 kedro.templates.project.hooks.utils._remove_nested_section event=line locals={'key_part': "'a3'"}
2026-08-22 22:41:02.605 /testbed/kedro/templates/project/hooks/utils.py:70 kedro.templates.project.hooks.utils._remove_nested_section event=line locals={'parent_section': "{'a4': {'a5': {'a6': {}}}}"}
2026-08-22 22:41:02.605 /testbed/kedro/templates/project/hooks/utils.py:71 kedro.templates.project.hooks.utils._remove_nested_section event=line locals={'key_part': "'a4'"}
2026-08-22 22:41:02.605 /testbed/kedro/templates/project/hooks/utils.py:70 kedro.templates.project.hooks.utils._remove_nested_section event=line locals={'parent_section': "{'a5': {'a6': {}}}"}
2026-08-22 22:41:02.605 /testbed/kedro/templates/project/hooks/utils.py:71 kedro.templates.project.hooks.utils._remove_nested_section event=line locals={'key_part': "'a5'"}
2026-08-22 22:41:02.605 /testbed/kedro/templates/project/hooks/utils.py:70 kedro.templates.project.hooks.utils._remove_nested_section event=line locals={'parent_section': "{'a6': {}}"}
2026-08-22 22:41:02.605 /testbed/kedro/templates/project/hooks/utils.py:72 kedro.templates.project.hooks.utils._remove_nested_section event=line locals={}
2026-08-22 22:41:02.605 /testbed/kedro/templates/project/hooks/utils.py:73 kedro.templates.project.hooks.utils._remove_nested_section event=line locals={}
2026-08-22 22:41:02.605 /testbed/kedro/templates/project/hooks/utils.py:74 kedro.templates.project.hooks.utils._remove_nested_section event=line locals={'data': "{'a0': {'keepA': 10, 'a1': {'a2': {'a3': {'a4': {'a5': {}}}}}}, 'e0': {'keepE': 12, 'leafE2': 7, 'leafE3': 8, 'e1': {'e2': {'e3': {'e4': {'e5': {'e6': {'e7': {'e8': {'e9': {'e10': {'e11': {'e12': {'leafE1': 6}}}}}}}}}}}}}, 'project': {'name': 'hard-demo', 'version': '2.4.1', 'authors': ['alice', 'bob', 'carol']}, 'd0': {'d1': {'d2': {'d3': {'d4': {'d5': {'d6': {'d7': {'keepD': 11, 'd8': {'d9': {'d10': {'d11': {'d12': {'d13': {'leafD': 5}}}}}}}}}}}}}}, 'c0': {'c1': {'c2': {'c3': {'c4': {'c5': {'c...", 'parent_section': '{}'}
2026-08-22 22:41:02.605 /testbed/kedro/templates/project/hooks/utils.py:68 kedro.templates.project.hooks.utils._remove_nested_section event=line locals={}
2026-08-22 22:41:02.605 /testbed/kedro/templates/project/hooks/utils.py:69 kedro.templates.project.hooks.utils._remove_nested_section event=line locals={'key': "'a5'"}
2026-08-22 22:41:02.605 /testbed/kedro/templates/project/hooks/utils.py:70 kedro.templates.project.hooks.utils._remove_nested_section event=line locals={'parent_section': "{'a0': {'keepA': 10, 'a1': {'a2': {'a3': {'a4': {'a5': {}}}}}}, 'e0': {'keepE': 12, 'leafE2': 7, 'leafE3': 8, 'e1': {'e2': {'e3': {'e4': {'e5': {'e6': {'e7': {'e8': {'e9': {'e10': {'e11': {'e12': {'leafE1': 6}}}}}}}}}}}}}, 'project': {'name': 'hard-demo', 'version': '2.4.1', 'authors': ['alice', 'bob', 'carol']}, 'd0': {'d1': {'d2': {'d3': {'d4': {'d5': {'d6': {'d7': {'keepD': 11, 'd8': {'d9': {'d10': {'d11': {'d12': {'d13': {'leafD': 5}}}}}}}}}}}}}}, 'c0': {'c1': {'c2': {'c3': {'c4': {'c5': {'c..."}
2026-08-22 22:41:02.605 /testbed/kedro/templates/project/hooks/utils.py:71 kedro.templates.project.hooks.utils._remove_nested_section event=line locals={'key_part': "'a0'"}
2026-08-22 22:41:02.605 /testbed/kedro/templates/project/hooks/utils.py:70 kedro.templates.project.hooks.utils._remove_nested_section event=line locals={'parent_section': "{'keepA': 10, 'a1': {'a2': {'a3': {'a4': {'a5': {}}}}}}"}
2026-08-22 22:41:02.605 /testbed/kedro/templates/project/hooks/utils.py:71 kedro.templates.project.hooks.utils._remove_nested_section event=line locals={'key_part': "'a1'"}
2026-08-22 22:41:02.605 /testbed/kedro/templates/project/hooks/utils.py:70 kedro.templates.project.hooks.utils._remove_nested_section event=line locals={'parent_section': "{'a2': {'a3': {'a4': {'a5': {}}}}}"}
2026-08-22 22:41:02.605 /testbed/kedro/templates/project/hooks/utils.py:71 kedro.templates.project.hooks.utils._remove_nested_section event=line locals={'key_part': "'a2'"}
2026-08-22 22:41:02.605 /testbed/kedro/templates/project/hooks/utils.py:70 kedro.templates.project.hooks.utils._remove_nested_section event=line locals={'parent_section': "{'a3': {'a4': {'a5': {}}}}"}
2026-08-22 22:41:02.605 /testbed/kedro/templates/project/hooks/utils.py:71 kedro.templates.project.hooks.utils._remove_nested_section event=line locals={'key_part': "'a3'"}
2026-08-22 22:41:02.605 /testbed/kedro/templates/project/hooks/utils.py:70 kedro.templates.project.hooks.utils._remove_nested_section event=line locals={'parent_section': "{'a4': {'a5': {}}}"}
2026-08-22 22:41:02.605 /testbed/kedro/templates/project/hooks/utils.py:71 kedro.templates.project.hooks.utils._remove_nested_section event=line locals={'key_part': "'a4'"}
2026-08-22 22:41:02.605 /testbed/kedro/templates/project/hooks/utils.py:70 kedro.templates.project.hooks.utils._remove_nested_section event=line locals={'parent_section': "{'a5': {}}"}
2026-08-22 22:41:02.605 /testbed/kedro/templates/project/hooks/utils.py:72 kedro.templates.project.hooks.utils._remove_nested_section event=line locals={}
2026-08-22 22:41:02.605 /testbed/kedro/templates/project/hooks/utils.py:73 kedro.templates.project.hooks.utils._remove_nested_section event=line locals={}
2026-08-22 22:41:02.605 /testbed/kedro/templates/project/hooks/utils.py:74 kedro.templates.project.hooks.utils._remove_nested_section event=line locals={'data': "{'a0': {'keepA': 10, 'a1': {'a2': {'a3': {'a4': {}}}}}, 'e0': {'keepE': 12, 'leafE2': 7, 'leafE3': 8, 'e1': {'e2': {'e3': {'e4': {'e5': {'e6': {'e7': {'e8': {'e9': {'e10': {'e11': {'e12': {'leafE1': 6}}}}}}}}}}}}}, 'project': {'name': 'hard-demo', 'version': '2.4.1', 'authors': ['alice', 'bob', 'carol']}, 'd0': {'d1': {'d2': {'d3': {'d4': {'d5': {'d6': {'d7': {'keepD': 11, 'd8': {'d9': {'d10': {'d11': {'d12': {'d13': {'leafD': 5}}}}}}}}}}}}}}, 'c0': {'c1': {'c2': {'c3': {'c4': {'c5': {'c6': {'x0...", 'parent_section': '{}'}
2026-08-22 22:41:02.605 /testbed/kedro/templates/project/hooks/utils.py:68 kedro.templates.project.hooks.utils._remove_nested_section event=line locals={}
2026-08-22 22:41:02.605 /testbed/kedro/templates/project/hooks/utils.py:69 kedro.templates.project.hooks.utils._remove_nested_section event=line locals={'key': "'a4'"}
2026-08-22 22:41:02.605 /testbed/kedro/templates/project/hooks/utils.py:70 kedro.templates.project.hooks.utils._remove_nested_section event=line locals={'parent_section': "{'a0': {'keepA': 10, 'a1': {'a2': {'a3': {'a4': {}}}}}, 'e0': {'keepE': 12, 'leafE2': 7, 'leafE3': 8, 'e1': {'e2': {'e3': {'e4': {'e5': {'e6': {'e7': {'e8': {'e9': {'e10': {'e11': {'e12': {'leafE1': 6}}}}}}}}}}}}}, 'project': {'name': 'hard-demo', 'version': '2.4.1', 'authors': ['alice', 'bob', 'carol']}, 'd0': {'d1': {'d2': {'d3': {'d4': {'d5': {'d6': {'d7': {'keepD': 11, 'd8': {'d9': {'d10': {'d11': {'d12': {'d13': {'leafD': 5}}}}}}}}}}}}}}, 'c0': {'c1': {'c2': {'c3': {'c4': {'c5': {'c6': {'x0..."}
2026-08-22 22:41:02.605 /testbed/kedro/templates/project/hooks/utils.py:71 kedro.templates.project.hooks.utils._remove_nested_section event=line locals={'key_part': "'a0'"}
2026-08-22 22:41:02.605 /testbed/kedro/templates/project/hooks/utils.py:70 kedro.templates.project.hooks.utils._remove_nested_section event=line locals={'parent_section': "{'keepA': 10, 'a1': {'a2': {'a3': {'a4': {}}}}}"}
2026-08-22 22:41:02.605 /testbed/kedro/templates/project/hooks/utils.py:71 kedro.templates.project.hooks.utils._remove_nested_section event=line locals={'key_part': "'a1'"}
2026-08-22 22:41:02.605 /testbed/kedro/templates/project/hooks/utils.py:70 kedro.templates.project.hooks.utils._remove_nested_section event=line locals={'parent_section': "{'a2': {'a3': {'a4': {}}}}"}
2026-08-22 22:41:02.605 /testbed/kedro/templates/project/hooks/utils.py:71 kedro.templates.project.hooks.utils._remove_nested_section event=line locals={'key_part': "'a2'"}
2026-08-22 22:41:02.605 /testbed/kedro/templates/project/hooks/utils.py:70 kedro.templates.project.hooks.utils._remove_nested_section event=line locals={'parent_section': "{'a3': {'a4': {}}}"}
2026-08-22 22:41:02.605 /testbed/kedro/templates/project/hooks/utils.py:71 kedro.templates.project.hooks.utils._remove_nested_section event=line locals={'key_part': "'a3'"}
2026-08-22 22:41:02.606 /testbed/kedro/templates/project/hooks/utils.py:70 kedro.templates.project.hooks.utils._remove_nested_section event=line locals={'parent_section': "{'a4': {}}"}
2026-08-22 22:41:02.606 /testbed/kedro/templates/project/hooks/utils.py:72 kedro.templates.project.hooks.utils._remove_nested_section event=line locals={}
2026-08-22 22:41:02.606 /testbed/kedro/templates/project/hooks/utils.py:73 kedro.templates.project.hooks.utils._remove_nested_section event=line locals={}
2026-08-22 22:41:02.606 /testbed/kedro/templates/project/hooks/utils.py:74 kedro.templates.project.hooks.utils._remove_nested_section event=line locals={'data': "{'a0': {'keepA': 10, 'a1': {'a2': {'a3': {}}}}, 'e0': {'keepE': 12, 'leafE2': 7, 'leafE3': 8, 'e1': {'e2': {'e3': {'e4': {'e5': {'e6': {'e7': {'e8': {'e9': {'e10': {'e11': {'e12': {'leafE1': 6}}}}}}}}}}}}}, 'project': {'name': 'hard-demo', 'version': '2.4.1', 'authors': ['alice', 'bob', 'carol']}, 'd0': {'d1': {'d2': {'d3': {'d4': {'d5': {'d6': {'d7': {'keepD': 11, 'd8': {'d9': {'d10': {'d11': {'d12': {'d13': {'leafD': 5}}}}}}}}}}}}}}, 'c0': {'c1': {'c2': {'c3': {'c4': {'c5': {'c6': {'x0': {'lea...", 'parent_section': '{}'}
2026-08-22 22:41:02.606 /testbed/kedro/templates/project/hooks/utils.py:68 kedro.templates.project.hooks.utils._remove_nested_section event=line locals={}
2026-08-22 22:41:02.606 /testbed/kedro/templates/project/hooks/utils.py:69 kedro.templates.project.hooks.utils._remove_nested_section event=line locals={'key': "'a3'"}
2026-08-22 22:41:02.606 /testbed/kedro/templates/project/hooks/utils.py:70 kedro.templates.project.hooks.utils._remove_nested_section event=line locals={'parent_section': "{'a0': {'keepA': 10, 'a1': {'a2': {'a3': {}}}}, 'e0': {'keepE': 12, 'leafE2': 7, 'leafE3': 8, 'e1': {'e2': {'e3': {'e4': {'e5': {'e6': {'e7': {'e8': {'e9': {'e10': {'e11': {'e12': {'leafE1': 6}}}}}}}}}}}}}, 'project': {'name': 'hard-demo', 'version': '2.4.1', 'authors': ['alice', 'bob', 'carol']}, 'd0': {'d1': {'d2': {'d3': {'d4': {'d5': {'d6': {'d7': {'keepD': 11, 'd8': {'d9': {'d10': {'d11': {'d12': {'d13': {'leafD': 5}}}}}}}}}}}}}}, 'c0': {'c1': {'c2': {'c3': {'c4': {'c5': {'c6': {'x0': {'lea..."}
2026-08-22 22:41:02.606 /testbed/kedro/templates/project/hooks/utils.py:71 kedro.templates.project.hooks.utils._remove_nested_section event=line locals={'key_part': "'a0'"}
2026-08-22 22:41:02.606 /testbed/kedro/templates/project/hooks/utils.py:70 kedro.templates.project.hooks.utils._remove_nested_section event=line locals={'parent_section': "{'keepA': 10, 'a1': {'a2': {'a3': {}}}}"}
2026-08-22 22:41:02.606 /testbed/kedro/templates/project/hooks/utils.py:71 kedro.templates.project.hooks.utils._remove_nested_section event=line locals={'key_part': "'a1'"}
2026-08-22 22:41:02.606 /testbed/kedro/templates/project/hooks/utils.py:70 kedro.templates.project.hooks.utils._remove_nested_section event=line locals={'parent_section': "{'a2': {'a3': {}}}"}
2026-08-22 22:41:02.606 /testbed/kedro/templates/project/hooks/utils.py:71 kedro.templates.project.hooks.utils._remove_nested_section event=line locals={'key_part': "'a2'"}
2026-08-22 22:41:02.606 /testbed/kedro/templates/project/hooks/utils.py:70 kedro.templates.project.hooks.utils._remove_nested_section event=line locals={'parent_section': "{'a3': {}}"}
2026-08-22 22:41:02.606 /testbed/kedro/templates/project/hooks/utils.py:72 kedro.templates.project.hooks.utils._remove_nested_section event=line locals={}
2026-08-22 22:41:02.606 /testbed/kedro/templates/project/hooks/utils.py:73 kedro.templates.project.hooks.utils._remove_nested_section event=line locals={}
2026-08-22 22:41:02.606 /testbed/kedro/templates/project/hooks/utils.py:74 kedro.templates.project.hooks.utils._remove_nested_section event=line locals={'data': "{'a0': {'keepA': 10, 'a1': {'a2': {}}}, 'e0': {'keepE': 12, 'leafE2': 7, 'leafE3': 8, 'e1': {'e2': {'e3': {'e4': {'e5': {'e6': {'e7': {'e8': {'e9': {'e10': {'e11': {'e12': {'leafE1': 6}}}}}}}}}}}}}, 'project': {'name': 'hard-demo', 'version': '2.4.1', 'authors': ['alice', 'bob', 'carol']}, 'd0': {'d1': {'d2': {'d3': {'d4': {'d5': {'d6': {'d7': {'keepD': 11, 'd8': {'d9': {'d10': {'d11': {'d12': {'d13': {'leafD': 5}}}}}}}}}}}}}}, 'c0': {'c1': {'c2': {'c3': {'c4': {'c5': {'c6': {'x0': {'leafC1': 3,...", 'parent_section': '{}'}
2026-08-22 22:41:02.606 /testbed/kedro/templates/project/hooks/utils.py:68 kedro.templates.project.hooks.utils._remove_nested_section event=line locals={}
2026-08-22 22:41:02.606 /testbed/kedro/templates/project/hooks/utils.py:69 kedro.templates.project.hooks.utils._remove_nested_section event=line locals={'key': "'a2'"}
2026-08-22 22:41:02.606 /testbed/kedro/templates/project/hooks/utils.py:70 kedro.templates.project.hooks.utils._remove_nested_section event=line locals={'parent_section': "{'a0': {'keepA': 10, 'a1': {'a2': {}}}, 'e0': {'keepE': 12, 'leafE2': 7, 'leafE3': 8, 'e1': {'e2': {'e3': {'e4': {'e5': {'e6': {'e7': {'e8': {'e9': {'e10': {'e11': {'e12': {'leafE1': 6}}}}}}}}}}}}}, 'project': {'name': 'hard-demo', 'version': '2.4.1', 'authors': ['alice', 'bob', 'carol']}, 'd0': {'d1': {'d2': {'d3': {'d4': {'d5': {'d6': {'d7': {'keepD': 11, 'd8': {'d9': {'d10': {'d11': {'d12': {'d13': {'leafD': 5}}}}}}}}}}}}}}, 'c0': {'c1': {'c2': {'c3': {'c4': {'c5': {'c6': {'x0': {'leafC1': 3,..."}
2026-08-22 22:41:02.606 /testbed/kedro/templates/project/hooks/utils.py:71 kedro.templates.project.hooks.utils._remove_nested_section event=line locals={'key_part': "'a0'"}
2026-08-22 22:41:02.606 /testbed/kedro/templates/project/hooks/utils.py:70 kedro.templates.project.hooks.utils._remove_nested_section event=line locals={'parent_section': "{'keepA': 10, 'a1': {'a2': {}}}"}
2026-08-22 22:41:02.606 /testbed/kedro/templates/project/hooks/utils.py:71 kedro.templates.project.hooks.utils._remove_nested_section event=line locals={'key_part': "'a1'"}
2026-08-22 22:41:02.606 /testbed/kedro/templates/project/hooks/utils.py:70 kedro.templates.project.hooks.utils._remove_nested_section event=line locals={'parent_section': "{'a2': {}}"}
2026-08-22 22:41:02.606 /testbed/kedro/templates/project/hooks/utils.py:72 kedro.templates.project.hooks.utils._remove_nested_section event=line locals={}
2026-08-22 22:41:02.606 /testbed/kedro/templates/project/hooks/utils.py:73 kedro.templates.project.hooks.utils._remove_nested_section event=line locals={}
2026-08-22 22:41:02.606 /testbed/kedro/templates/project/hooks/utils.py:74 kedro.templates.project.hooks.utils._remove_nested_section event=line locals={'data': "{'a0': {'keepA': 10, 'a1': {}}, 'e0': {'keepE': 12, 'leafE2': 7, 'leafE3': 8, 'e1': {'e2': {'e3': {'e4': {'e5': {'e6': {'e7': {'e8': {'e9': {'e10': {'e11': {'e12': {'leafE1': 6}}}}}}}}}}}}}, 'project': {'name': 'hard-demo', 'version': '2.4.1', 'authors': ['alice', 'bob', 'carol']}, 'd0': {'d1': {'d2': {'d3': {'d4': {'d5': {'d6': {'d7': {'keepD': 11, 'd8': {'d9': {'d10': {'d11': {'d12': {'d13': {'leafD': 5}}}}}}}}}}}}}}, 'c0': {'c1': {'c2': {'c3': {'c4': {'c5': {'c6': {'x0': {'leafC1': 3, 'extraC...", 'parent_section': '{}'}
2026-08-22 22:41:02.606 /testbed/kedro/templates/project/hooks/utils.py:68 kedro.templates.project.hooks.utils._remove_nested_section event=line locals={}
2026-08-22 22:41:02.606 /testbed/kedro/templates/project/hooks/utils.py:69 kedro.templates.project.hooks.utils._remove_nested_section event=line locals={'key': "'a1'"}
2026-08-22 22:41:02.606 /testbed/kedro/templates/project/hooks/utils.py:70 kedro.templates.project.hooks.utils._remove_nested_section event=line locals={'parent_section': "{'a0': {'keepA': 10, 'a1': {}}, 'e0': {'keepE': 12, 'leafE2': 7, 'leafE3': 8, 'e1': {'e2': {'e3': {'e4': {'e5': {'e6': {'e7': {'e8': {'e9': {'e10': {'e11': {'e12': {'leafE1': 6}}}}}}}}}}}}}, 'project': {'name': 'hard-demo', 'version': '2.4.1', 'authors': ['alice', 'bob', 'carol']}, 'd0': {'d1': {'d2': {'d3': {'d4': {'d5': {'d6': {'d7': {'keepD': 11, 'd8': {'d9': {'d10': {'d11': {'d12': {'d13': {'leafD': 5}}}}}}}}}}}}}}, 'c0': {'c1': {'c2': {'c3': {'c4': {'c5': {'c6': {'x0': {'leafC1': 3, 'extraC..."}
2026-08-22 22:41:02.606 /testbed/kedro/templates/project/hooks/utils.py:71 kedro.templates.project.hooks.utils._remove_nested_section event=line locals={'key_part': "'a0'"}
2026-08-22 22:41:02.606 /testbed/kedro/templates/project/hooks/utils.py:70 kedro.templates.project.hooks.utils._remove_nested_section event=line locals={'parent_section': "{'keepA': 10, 'a1': {}}"}
2026-08-22 22:41:02.606 /testbed/kedro/templates/project/hooks/utils.py:72 kedro.templates.project.hooks.utils._remove_nested_section event=line locals={}
2026-08-22 22:41:02.606 /testbed/kedro/templates/project/hooks/utils.py:73 kedro.templates.project.hooks.utils._remove_nested_section event=line locals={}
2026-08-22 22:41:02.606 /testbed/kedro/templates/project/hooks/utils.py:74 kedro.templates.project.hooks.utils._remove_nested_section event=line locals={'data': "{'a0': {'keepA': 10}, 'e0': {'keepE': 12, 'leafE2': 7, 'leafE3': 8, 'e1': {'e2': {'e3': {'e4': {'e5': {'e6': {'e7': {'e8': {'e9': {'e10': {'e11': {'e12': {'leafE1': 6}}}}}}}}}}}}}, 'project': {'name': 'hard-demo', 'version': '2.4.1', 'authors': ['alice', 'bob', 'carol']}, 'd0': {'d1': {'d2': {'d3': {'d4': {'d5': {'d6': {'d7': {'keepD': 11, 'd8': {'d9': {'d10': {'d11': {'d12': {'d13': {'leafD': 5}}}}}}}}}}}}}}, 'c0': {'c1': {'c2': {'c3': {'c4': {'c5': {'c6': {'x0': {'leafC1': 3, 'extraC1': 30}, '...", 'parent_section': "{'keepA': 10}"}
2026-08-22 22:41:02.606 /testbed/kedro/templates/project/hooks/utils.py:68 kedro.templates.project.hooks.utils._remove_nested_section event=line locals={'current_data': "{'keepA': 10}"}
2026-08-22 22:41:02.606 /testbed/kedro/templates/project/hooks/utils.py:69 kedro.templates.project.hooks.utils._remove_nested_section event=line locals={'key': "'a0'"}
2026-08-22 22:41:02.606 /testbed/kedro/templates/project/hooks/utils.py:70 kedro.templates.project.hooks.utils._remove_nested_section event=line locals={'parent_section': "{'a0': {'keepA': 10}, 'e0': {'keepE': 12, 'leafE2': 7, 'leafE3': 8, 'e1': {'e2': {'e3': {'e4': {'e5': {'e6': {'e7': {'e8': {'e9': {'e10': {'e11': {'e12': {'leafE1': 6}}}}}}}}}}}}}, 'project': {'name': 'hard-demo', 'version': '2.4.1', 'authors': ['alice', 'bob', 'carol']}, 'd0': {'d1': {'d2': {'d3': {'d4': {'d5': {'d6': {'d7': {'keepD': 11, 'd8': {'d9': {'d10': {'d11': {'d12': {'d13': {'leafD': 5}}}}}}}}}}}}}}, 'c0': {'c1': {'c2': {'c3': {'c4': {'c5': {'c6': {'x0': {'leafC1': 3, 'extraC1': 30}, '..."}
2026-08-22 22:41:02.606 /testbed/kedro/templates/project/hooks/utils.py:72 kedro.templates.project.hooks.utils._remove_nested_section event=line locals={}
2026-08-22 22:41:02.606 /testbed/kedro/templates/project/hooks/utils.py:76 kedro.templates.project.hooks.utils._remove_nested_section event=line locals={}
2026-08-22 22:41:02.606 /testbed/kedro/templates/project/hooks/utils.py:76 kedro.templates.project.hooks.utils._remove_nested_section event=return retval=None locals={'current_data': "{'keepA': 10}", 'data': "{'a0': {'keepA': 10}, 'e0': {'keepE': 12, 'leafE2': 7, 'leafE3': 8, 'e1': {'e2': {'e3': {'e4': {'e5': {'e6': {'e7': {'e8': {'e9': {'e10': {'e11': {'e12': {'leafE1': 6}}}}}}}}}}}}}, 'project': {'name': 'hard-demo', 'version': '2.4.1', 'authors': ['alice', 'bob', 'carol']}, 'd0': {'d1': {'d2': {'d3': {'d4': {'d5': {'d6': {'d7': {'keepD': 11, 'd8': {'d9': {'d10': {'d11': {'d12': {'d13': {'leafD': 5}}}}}}}}}}}}}}, 'c0': {'c1': {'c2': {'c3': {'c4': {'c5': {'c6': {'x0': {'leafC1': 3, 'extraC1': 30}, '...", 'key': "'a0'", 'key_part': "'a0'", 'keys': "['a0', 'a1', 'a2', 'a3', 'a4', 'a5', 'a6', 'a7', 'a8', 'a9', 'a10', 'a11', 'a12', 'a13', 'a14', 'leafA']", 'nested_key': "'a0.a1.a2.a3.a4.a5.a6.a7.a8.a9.a10.a11.a12.a13.a14.leafA'", 'parent_section': "{'a0': {'keepA': 10}, 'e0': {'keepE': 12, 'leafE2': 7, 'leafE3': 8, 'e1': {'e2': {'e3': {'e4': {'e5': {'e6': {'e7': {'e8': {'e9': {'e10': {'e11': {'e12': {'leafE1': 6}}}}}}}}}}}}}, 'project': {'name': 'hard-demo', 'version': '2.4.1', 'authors': ['alice', 'bob', 'carol']}, 'd0': {'d1': {'d2': {'d3': {'d4': {'d5': {'d6': {'d7': {'keepD': 11, 'd8': {'d9': {'d10': {'d11': {'d12': {'d13': {'leafD': 5}}}}}}}}}}}}}}, 'c0': {'c1': {'c2': {'c3': {'c4': {'c5': {'c6': {'x0': {'leafC1': 3, 'extraC1': 30}, '..."}
2026-08-22 22:41:02.607 /testbed/kedro/templates/project/hooks/utils.py:50 kedro.templates.project.hooks.utils._remove_nested_section event=call locals={'data': "{'a0': {'keepA': 10}, 'e0': {'keepE': 12, 'leafE2': 7, 'leafE3': 8, 'e1': {'e2': {'e3': {'e4': {'e5': {'e6': {'e7': {'e8': {'e9': {'e10': {'e11': {'e12': {'leafE1': 6}}}}}}}}}}}}}, 'project': {'name': 'hard-demo', 'version': '2.4.1', 'authors': ['alice', 'bob', 'carol']}, 'd0': {'d1': {'d2': {'d3': {'d4': {'d5': {'d6': {'d7': {'keepD': 11, 'd8': {'d9': {'d10': {'d11': {'d12': {'d13': {'leafD': 5}}}}}}}}}}}}}}, 'c0': {'c1': {'c2': {'c3': {'c4': {'c5': {'c6': {'x0': {'leafC1': 3, 'extraC1': 30}, '...", 'nested_key': "'e0.leafE3'"}
2026-08-22 22:41:02.607 /testbed/kedro/templates/project/hooks/utils.py:57 kedro.templates.project.hooks.utils._remove_nested_section event=line locals={}
2026-08-22 22:41:02.607 /testbed/kedro/templates/project/hooks/utils.py:58 kedro.templates.project.hooks.utils._remove_nested_section event=line locals={'keys': "['e0', 'leafE3']"}
2026-08-22 22:41:02.607 /testbed/kedro/templates/project/hooks/utils.py:60 kedro.templates.project.hooks.utils._remove_nested_section event=line locals={'current_data': "{'a0': {'keepA': 10}, 'e0': {'keepE': 12, 'leafE2': 7, 'leafE3': 8, 'e1': {'e2': {'e3': {'e4': {'e5': {'e6': {'e7': {'e8': {'e9': {'e10': {'e11': {'e12': {'leafE1': 6}}}}}}}}}}}}}, 'project': {'name': 'hard-demo', 'version': '2.4.1', 'authors': ['alice', 'bob', 'carol']}, 'd0': {'d1': {'d2': {'d3': {'d4': {'d5': {'d6': {'d7': {'keepD': 11, 'd8': {'d9': {'d10': {'d11': {'d12': {'d13': {'leafD': 5}}}}}}}}}}}}}}, 'c0': {'c1': {'c2': {'c3': {'c4': {'c5': {'c6': {'x0': {'leafC1': 3, 'extraC1': 30}, '..."}
2026-08-22 22:41:02.607 /testbed/kedro/templates/project/hooks/utils.py:61 kedro.templates.project.hooks.utils._remove_nested_section event=line locals={'key': "'e0'"}
2026-08-22 22:41:02.607 /testbed/kedro/templates/project/hooks/utils.py:62 kedro.templates.project.hooks.utils._remove_nested_section event=line locals={}
2026-08-22 22:41:02.607 /testbed/kedro/templates/project/hooks/utils.py:60 kedro.templates.project.hooks.utils._remove_nested_section event=line locals={'current_data': "{'keepE': 12, 'leafE2': 7, 'leafE3': 8, 'e1': {'e2': {'e3': {'e4': {'e5': {'e6': {'e7': {'e8': {'e9': {'e10': {'e11': {'e12': {'leafE1': 6}}}}}}}}}}}}}"}
2026-08-22 22:41:02.607 /testbed/kedro/templates/project/hooks/utils.py:67 kedro.templates.project.hooks.utils._remove_nested_section event=line locals={}
2026-08-22 22:41:02.607 /testbed/kedro/templates/project/hooks/utils.py:68 kedro.templates.project.hooks.utils._remove_nested_section event=line locals={'current_data': "{'keepE': 12, 'leafE2': 7, 'e1': {'e2': {'e3': {'e4': {'e5': {'e6': {'e7': {'e8': {'e9': {'e10': {'e11': {'e12': {'leafE1': 6}}}}}}}}}}}}}", 'data': "{'a0': {'keepA': 10}, 'e0': {'keepE': 12, 'leafE2': 7, 'e1': {'e2': {'e3': {'e4': {'e5': {'e6': {'e7': {'e8': {'e9': {'e10': {'e11': {'e12': {'leafE1': 6}}}}}}}}}}}}}, 'project': {'name': 'hard-demo', 'version': '2.4.1', 'authors': ['alice', 'bob', 'carol']}, 'd0': {'d1': {'d2': {'d3': {'d4': {'d5': {'d6': {'d7': {'keepD': 11, 'd8': {'d9': {'d10': {'d11': {'d12': {'d13': {'leafD': 5}}}}}}}}}}}}}}, 'c0': {'c1': {'c2': {'c3': {'c4': {'c5': {'c6': {'x0': {'leafC1': 3, 'extraC1': 30}, 'y0': {'leafC2..."}
2026-08-22 22:41:02.607 /testbed/kedro/templates/project/hooks/utils.py:69 kedro.templates.project.hooks.utils._remove_nested_section event=line locals={}
2026-08-22 22:41:02.607 /testbed/kedro/templates/project/hooks/utils.py:70 kedro.templates.project.hooks.utils._remove_nested_section event=line locals={'parent_section': "{'a0': {'keepA': 10}, 'e0': {'keepE': 12, 'leafE2': 7, 'e1': {'e2': {'e3': {'e4': {'e5': {'e6': {'e7': {'e8': {'e9': {'e10': {'e11': {'e12': {'leafE1': 6}}}}}}}}}}}}}, 'project': {'name': 'hard-demo', 'version': '2.4.1', 'authors': ['alice', 'bob', 'carol']}, 'd0': {'d1': {'d2': {'d3': {'d4': {'d5': {'d6': {'d7': {'keepD': 11, 'd8': {'d9': {'d10': {'d11': {'d12': {'d13': {'leafD': 5}}}}}}}}}}}}}}, 'c0': {'c1': {'c2': {'c3': {'c4': {'c5': {'c6': {'x0': {'leafC1': 3, 'extraC1': 30}, 'y0': {'leafC2..."}
2026-08-22 22:41:02.607 /testbed/kedro/templates/project/hooks/utils.py:72 kedro.templates.project.hooks.utils._remove_nested_section event=line locals={}
2026-08-22 22:41:02.607 /testbed/kedro/templates/project/hooks/utils.py:76 kedro.templates.project.hooks.utils._remove_nested_section event=line locals={}
2026-08-22 22:41:02.607 /testbed/kedro/templates/project/hooks/utils.py:76 kedro.templates.project.hooks.utils._remove_nested_section event=return retval=None locals={'current_data': "{'keepE': 12, 'leafE2': 7, 'e1': {'e2': {'e3': {'e4': {'e5': {'e6': {'e7': {'e8': {'e9': {'e10': {'e11': {'e12': {'leafE1': 6}}}}}}}}}}}}}", 'data': "{'a0': {'keepA': 10}, 'e0': {'keepE': 12, 'leafE2': 7, 'e1': {'e2': {'e3': {'e4': {'e5': {'e6': {'e7': {'e8': {'e9': {'e10': {'e11': {'e12': {'leafE1': 6}}}}}}}}}}}}}, 'project': {'name': 'hard-demo', 'version': '2.4.1', 'authors': ['alice', 'bob', 'carol']}, 'd0': {'d1': {'d2': {'d3': {'d4': {'d5': {'d6': {'d7': {'keepD': 11, 'd8': {'d9': {'d10': {'d11': {'d12': {'d13': {'leafD': 5}}}}}}}}}}}}}}, 'c0': {'c1': {'c2': {'c3': {'c4': {'c5': {'c6': {'x0': {'leafC1': 3, 'extraC1': 30}, 'y0': {'leafC2...", 'key': "'e0'", 'keys': "['e0', 'leafE3']", 'nested_key': "'e0.leafE3'", 'parent_section': "{'a0': {'keepA': 10}, 'e0': {'keepE': 12, 'leafE2': 7, 'e1': {'e2': {'e3': {'e4': {'e5': {'e6': {'e7': {'e8': {'e9': {'e10': {'e11': {'e12': {'leafE1': 6}}}}}}}}}}}}}, 'project': {'name': 'hard-demo', 'version': '2.4.1', 'authors': ['alice', 'bob', 'carol']}, 'd0': {'d1': {'d2': {'d3': {'d4': {'d5': {'d6': {'d7': {'keepD': 11, 'd8': {'d9': {'d10': {'d11': {'d12': {'d13': {'leafD': 5}}}}}}}}}}}}}}, 'c0': {'c1': {'c2': {'c3': {'c4': {'c5': {'c6': {'x0': {'leafC1': 3, 'extraC1': 30}, 'y0': {'leafC2..."}
2026-08-22 22:41:02.607 /testbed/kedro/templates/project/hooks/utils.py:50 kedro.templates.project.hooks.utils._remove_nested_section event=call locals={'data': "{'a0': {'keepA': 10}, 'e0': {'keepE': 12, 'leafE2': 7, 'e1': {'e2': {'e3': {'e4': {'e5': {'e6': {'e7': {'e8': {'e9': {'e10': {'e11': {'e12': {'leafE1': 6}}}}}}}}}}}}}, 'project': {'name': 'hard-demo', 'version': '2.4.1', 'authors': ['alice', 'bob', 'carol']}, 'd0': {'d1': {'d2': {'d3': {'d4': {'d5': {'d6': {'d7': {'keepD': 11, 'd8': {'d9': {'d10': {'d11': {'d12': {'d13': {'leafD': 5}}}}}}}}}}}}}}, 'c0': {'c1': {'c2': {'c3': {'c4': {'c5': {'c6': {'x0': {'leafC1': 3, 'extraC1': 30}, 'y0': {'leafC2...", 'nested_key': "'e0.leafE2'"}
2026-08-22 22:41:02.607 /testbed/kedro/templates/project/hooks/utils.py:57 kedro.templates.project.hooks.utils._remove_nested_section event=line locals={}
2026-08-22 22:41:02.607 /testbed/kedro/templates/project/hooks/utils.py:58 kedro.templates.project.hooks.utils._remove_nested_section event=line locals={'keys': "['e0', 'leafE2']"}
2026-08-22 22:41:02.607 /testbed/kedro/templates/project/hooks/utils.py:60 kedro.templates.project.hooks.utils._remove_nested_section event=line locals={'current_data': "{'a0': {'keepA': 10}, 'e0': {'keepE': 12, 'leafE2': 7, 'e1': {'e2': {'e3': {'e4': {'e5': {'e6': {'e7': {'e8': {'e9': {'e10': {'e11': {'e12': {'leafE1': 6}}}}}}}}}}}}}, 'project': {'name': 'hard-demo', 'version': '2.4.1', 'authors': ['alice', 'bob', 'carol']}, 'd0': {'d1': {'d2': {'d3': {'d4': {'d5': {'d6': {'d7': {'keepD': 11, 'd8': {'d9': {'d10': {'d11': {'d12': {'d13': {'leafD': 5}}}}}}}}}}}}}}, 'c0': {'c1': {'c2': {'c3': {'c4': {'c5': {'c6': {'x0': {'leafC1': 3, 'extraC1': 30}, 'y0': {'leafC2..."}
2026-08-22 22:41:02.607 /testbed/kedro/templates/project/hooks/utils.py:61 kedro.templates.project.hooks.utils._remove_nested_section event=line locals={'key': "'e0'"}
2026-08-22 22:41:02.607 /testbed/kedro/templates/project/hooks/utils.py:62 kedro.templates.project.hooks.utils._remove_nested_section event=line locals={}
2026-08-22 22:41:02.607 /testbed/kedro/templates/project/hooks/utils.py:60 kedro.templates.project.hooks.utils._remove_nested_section event=line locals={'current_data': "{'keepE': 12, 'leafE2': 7, 'e1': {'e2': {'e3': {'e4': {'e5': {'e6': {'e7': {'e8': {'e9': {'e10': {'e11': {'e12': {'leafE1': 6}}}}}}}}}}}}}"}
2026-08-22 22:41:02.607 /testbed/kedro/templates/project/hooks/utils.py:67 kedro.templates.project.hooks.utils._remove_nested_section event=line locals={}
2026-08-22 22:41:02.607 /testbed/kedro/templates/project/hooks/utils.py:68 kedro.templates.project.hooks.utils._remove_nested_section event=line locals={'current_data': "{'keepE': 12, 'e1': {'e2': {'e3': {'e4': {'e5': {'e6': {'e7': {'e8': {'e9': {'e10': {'e11': {'e12': {'leafE1': 6}}}}}}}}}}}}}", 'data': "{'a0': {'keepA': 10}, 'e0': {'keepE': 12, 'e1': {'e2': {'e3': {'e4': {'e5': {'e6': {'e7': {'e8': {'e9': {'e10': {'e11': {'e12': {'leafE1': 6}}}}}}}}}}}}}, 'project': {'name': 'hard-demo', 'version': '2.4.1', 'authors': ['alice', 'bob', 'carol']}, 'd0': {'d1': {'d2': {'d3': {'d4': {'d5': {'d6': {'d7': {'keepD': 11, 'd8': {'d9': {'d10': {'d11': {'d12': {'d13': {'leafD': 5}}}}}}}}}}}}}}, 'c0': {'c1': {'c2': {'c3': {'c4': {'c5': {'c6': {'x0': {'leafC1': 3, 'extraC1': 30}, 'y0': {'leafC2': 4, 'extraC..."}
2026-08-22 22:41:02.607 /testbed/kedro/templates/project/hooks/utils.py:69 kedro.templates.project.hooks.utils._remove_nested_section event=line locals={}
2026-08-22 22:41:02.607 /testbed/kedro/templates/project/hooks/utils.py:70 kedro.templates.project.hooks.utils._remove_nested_section event=line locals={'parent_section': "{'a0': {'keepA': 10}, 'e0': {'keepE': 12, 'e1': {'e2': {'e3': {'e4': {'e5': {'e6': {'e7': {'e8': {'e9': {'e10': {'e11': {'e12': {'leafE1': 6}}}}}}}}}}}}}, 'project': {'name': 'hard-demo', 'version': '2.4.1', 'authors': ['alice', 'bob', 'carol']}, 'd0': {'d1': {'d2': {'d3': {'d4': {'d5': {'d6': {'d7': {'keepD': 11, 'd8': {'d9': {'d10': {'d11': {'d12': {'d13': {'leafD': 5}}}}}}}}}}}}}}, 'c0': {'c1': {'c2': {'c3': {'c4': {'c5': {'c6': {'x0': {'leafC1': 3, 'extraC1': 30}, 'y0': {'leafC2': 4, 'extraC..."}
2026-08-22 22:41:02.607 /testbed/kedro/templates/project/hooks/utils.py:72 kedro.templates.project.hooks.utils._remove_nested_section event=line locals={}
2026-08-22 22:41:02.607 /testbed/kedro/templates/project/hooks/utils.py:76 kedro.templates.project.hooks.utils._remove_nested_section event=line locals={}
2026-08-22 22:41:02.607 /testbed/kedro/templates/project/hooks/utils.py:76 kedro.templates.project.hooks.utils._remove_nested_section event=return retval=None locals={'current_data': "{'keepE': 12, 'e1': {'e2': {'e3': {'e4': {'e5': {'e6': {'e7': {'e8': {'e9': {'e10': {'e11': {'e12': {'leafE1': 6}}}}}}}}}}}}}", 'data': "{'a0': {'keepA': 10}, 'e0': {'keepE': 12, 'e1': {'e2': {'e3': {'e4': {'e5': {'e6': {'e7': {'e8': {'e9': {'e10': {'e11': {'e12': {'leafE1': 6}}}}}}}}}}}}}, 'project': {'name': 'hard-demo', 'version': '2.4.1', 'authors': ['alice', 'bob', 'carol']}, 'd0': {'d1': {'d2': {'d3': {'d4': {'d5': {'d6': {'d7': {'keepD': 11, 'd8': {'d9': {'d10': {'d11': {'d12': {'d13': {'leafD': 5}}}}}}}}}}}}}}, 'c0': {'c1': {'c2': {'c3': {'c4': {'c5': {'c6': {'x0': {'leafC1': 3, 'extraC1': 30}, 'y0': {'leafC2': 4, 'extraC...", 'key': "'e0'", 'keys': "['e0', 'leafE2']", 'nested_key': "'e0.leafE2'", 'parent_section': "{'a0': {'keepA': 10}, 'e0': {'keepE': 12, 'e1': {'e2': {'e3': {'e4': {'e5': {'e6': {'e7': {'e8': {'e9': {'e10': {'e11': {'e12': {'leafE1': 6}}}}}}}}}}}}}, 'project': {'name': 'hard-demo', 'version': '2.4.1', 'authors': ['alice', 'bob', 'carol']}, 'd0': {'d1': {'d2': {'d3': {'d4': {'d5': {'d6': {'d7': {'keepD': 11, 'd8': {'d9': {'d10': {'d11': {'d12': {'d13': {'leafD': 5}}}}}}}}}}}}}}, 'c0': {'c1': {'c2': {'c3': {'c4': {'c5': {'c6': {'x0': {'leafC1': 3, 'extraC1': 30}, 'y0': {'leafC2': 4, 'extraC..."}
2026-08-22 22:41:02.607 /testbed/kedro/templates/project/hooks/utils.py:50 kedro.templates.project.hooks.utils._remove_nested_section event=call locals={'data': "{'a0': {'keepA': 10}, 'e0': {'keepE': 12, 'e1': {'e2': {'e3': {'e4': {'e5': {'e6': {'e7': {'e8': {'e9': {'e10': {'e11': {'e12': {'leafE1': 6}}}}}}}}}}}}}, 'project': {'name': 'hard-demo', 'version': '2.4.1', 'authors': ['alice', 'bob', 'carol']}, 'd0': {'d1': {'d2': {'d3': {'d4': {'d5': {'d6': {'d7': {'keepD': 11, 'd8': {'d9': {'d10': {'d11': {'d12': {'d13': {'leafD': 5}}}}}}}}}}}}}}, 'c0': {'c1': {'c2': {'c3': {'c4': {'c5': {'c6': {'x0': {'leafC1': 3, 'extraC1': 30}, 'y0': {'leafC2': 4, 'extraC...", 'nested_key': "'c0.c1.c2.c3.c4.c5.c6.x0.leafC1'"}
2026-08-22 22:41:02.607 /testbed/kedro/templates/project/hooks/utils.py:57 kedro.templates.project.hooks.utils._remove_nested_section event=line locals={}
2026-08-22 22:41:02.607 /testbed/kedro/templates/project/hooks/utils.py:58 kedro.templates.project.hooks.utils._remove_nested_section event=line locals={'keys': "['c0', 'c1', 'c2', 'c3', 'c4', 'c5', 'c6', 'x0', 'leafC1']"}
2026-08-22 22:41:02.607 /testbed/kedro/templates/project/hooks/utils.py:60 kedro.templates.project.hooks.utils._remove_nested_section event=line locals={'current_data': "{'a0': {'keepA': 10}, 'e0': {'keepE': 12, 'e1': {'e2': {'e3': {'e4': {'e5': {'e6': {'e7': {'e8': {'e9': {'e10': {'e11': {'e12': {'leafE1': 6}}}}}}}}}}}}}, 'project': {'name': 'hard-demo', 'version': '2.4.1', 'authors': ['alice', 'bob', 'carol']}, 'd0': {'d1': {'d2': {'d3': {'d4': {'d5': {'d6': {'d7': {'keepD': 11, 'd8': {'d9': {'d10': {'d11': {'d12': {'d13': {'leafD': 5}}}}}}}}}}}}}}, 'c0': {'c1': {'c2': {'c3': {'c4': {'c5': {'c6': {'x0': {'leafC1': 3, 'extraC1': 30}, 'y0': {'leafC2': 4, 'extraC..."}
2026-08-22 22:41:02.607 /testbed/kedro/templates/project/hooks/utils.py:61 kedro.templates.project.hooks.utils._remove_nested_section event=line locals={'key': "'c0'"}
2026-08-22 22:41:02.608 /testbed/kedro/templates/project/hooks/utils.py:62 kedro.templates.project.hooks.utils._remove_nested_section event=line locals={}
2026-08-22 22:41:02.608 /testbed/kedro/templates/project/hooks/utils.py:60 kedro.templates.project.hooks.utils._remove_nested_section event=line locals={'current_data': "{'c1': {'c2': {'c3': {'c4': {'c5': {'c6': {'x0': {'leafC1': 3, 'extraC1': 30}, 'y0': {'leafC2': 4, 'extraC2': 40}, 'z0': {'leafC3': 5, 'extraC3': 50}, 'w0': {'leafC4': 6, 'extraC4': 60}, 'v0': {'leafC5': 7}, 'u0': {'leafC6': 8}}}}}}}}"}
2026-08-22 22:41:02.608 /testbed/kedro/templates/project/hooks/utils.py:61 kedro.templates.project.hooks.utils._remove_nested_section event=line locals={'key': "'c1'"}
2026-08-22 22:41:02.608 /testbed/kedro/templates/project/hooks/utils.py:62 kedro.templates.project.hooks.utils._remove_nested_section event=line locals={}
2026-08-22 22:41:02.608 /testbed/kedro/templates/project/hooks/utils.py:60 kedro.templates.project.hooks.utils._remove_nested_section event=line locals={'current_data': "{'c2': {'c3': {'c4': {'c5': {'c6': {'x0': {'leafC1': 3, 'extraC1': 30}, 'y0': {'leafC2': 4, 'extraC2': 40}, 'z0': {'leafC3': 5, 'extraC3': 50}, 'w0': {'leafC4': 6, 'extraC4': 60}, 'v0': {'leafC5': 7}, 'u0': {'leafC6': 8}}}}}}}"}
2026-08-22 22:41:02.608 /testbed/kedro/templates/project/hooks/utils.py:61 kedro.templates.project.hooks.utils._remove_nested_section event=line locals={'key': "'c2'"}
2026-08-22 22:41:02.608 /testbed/kedro/templates/project/hooks/utils.py:62 kedro.templates.project.hooks.utils._remove_nested_section event=line locals={}
2026-08-22 22:41:02.608 /testbed/kedro/templates/project/hooks/utils.py:60 kedro.templates.project.hooks.utils._remove_nested_section event=line locals={'current_data': "{'c3': {'c4': {'c5': {'c6': {'x0': {'leafC1': 3, 'extraC1': 30}, 'y0': {'leafC2': 4, 'extraC2': 40}, 'z0': {'leafC3': 5, 'extraC3': 50}, 'w0': {'leafC4': 6, 'extraC4': 60}, 'v0': {'leafC5': 7}, 'u0': {'leafC6': 8}}}}}}"}
2026-08-22 22:41:02.608 /testbed/kedro/templates/project/hooks/utils.py:61 kedro.templates.project.hooks.utils._remove_nested_section event=line locals={'key': "'c3'"}
2026-08-22 22:41:02.608 /testbed/kedro/templates/project/hooks/utils.py:62 kedro.templates.project.hooks.utils._remove_nested_section event=line locals={}
2026-08-22 22:41:02.608 /testbed/kedro/templates/project/hooks/utils.py:60 kedro.templates.project.hooks.utils._remove_nested_section event=line locals={'current_data': "{'c4': {'c5': {'c6': {'x0': {'leafC1': 3, 'extraC1': 30}, 'y0': {'leafC2': 4, 'extraC2': 40}, 'z0': {'leafC3': 5, 'extraC3': 50}, 'w0': {'leafC4': 6, 'extraC4': 60}, 'v0': {'leafC5': 7}, 'u0': {'leafC6': 8}}}}}"}
2026-08-22 22:41:02.608 /testbed/kedro/templates/project/hooks/utils.py:61 kedro.templates.project.hooks.utils._remove_nested_section event=line locals={'key': "'c4'"}
2026-08-22 22:41:02.608 /testbed/kedro/templates/project/hooks/utils.py:62 kedro.templates.project.hooks.utils._remove_nested_section event=line locals={}
2026-08-22 22:41:02.608 /testbed/kedro/templates/project/hooks/utils.py:60 kedro.templates.project.hooks.utils._remove_nested_section event=line locals={'current_data': "{'c5': {'c6': {'x0': {'leafC1': 3, 'extraC1': 30}, 'y0': {'leafC2': 4, 'extraC2': 40}, 'z0': {'leafC3': 5, 'extraC3': 50}, 'w0': {'leafC4': 6, 'extraC4': 60}, 'v0': {'leafC5': 7}, 'u0': {'leafC6': 8}}}}"}
2026-08-22 22:41:02.608 /testbed/kedro/templates/project/hooks/utils.py:61 kedro.templates.project.hooks.utils._remove_nested_section event=line locals={'key': "'c5'"}
2026-08-22 22:41:02.608 /testbed/kedro/templates/project/hooks/utils.py:62 kedro.templates.project.hooks.utils._remove_nested_section event=line locals={}
2026-08-22 22:41:02.608 /testbed/kedro/templates/project/hooks/utils.py:60 kedro.templates.project.hooks.utils._remove_nested_section event=line locals={'current_data': "{'c6': {'x0': {'leafC1': 3, 'extraC1': 30}, 'y0': {'leafC2': 4, 'extraC2': 40}, 'z0': {'leafC3': 5, 'extraC3': 50}, 'w0': {'leafC4': 6, 'extraC4': 60}, 'v0': {'leafC5': 7}, 'u0': {'leafC6': 8}}}"}
2026-08-22 22:41:02.608 /testbed/kedro/templates/project/hooks/utils.py:61 kedro.templates.project.hooks.utils._remove_nested_section event=line locals={'key': "'c6'"}
2026-08-22 22:41:02.608 /testbed/kedro/templates/project/hooks/utils.py:62 kedro.templates.project.hooks.utils._remove_nested_section event=line locals={}
2026-08-22 22:41:02.608 /testbed/kedro/templates/project/hooks/utils.py:60 kedro.templates.project.hooks.utils._remove_nested_section event=line locals={'current_data': "{'x0': {'leafC1': 3, 'extraC1': 30}, 'y0': {'leafC2': 4, 'extraC2': 40}, 'z0': {'leafC3': 5, 'extraC3': 50}, 'w0': {'leafC4': 6, 'extraC4': 60}, 'v0': {'leafC5': 7}, 'u0': {'leafC6': 8}}"}
2026-08-22 22:41:02.608 /testbed/kedro/templates/project/hooks/utils.py:61 kedro.templates.project.hooks.utils._remove_nested_section event=line locals={'key': "'x0'"}
2026-08-22 22:41:02.608 /testbed/kedro/templates/project/hooks/utils.py:62 kedro.templates.project.hooks.utils._remove_nested_section event=line locals={}
2026-08-22 22:41:02.608 /testbed/kedro/templates/project/hooks/utils.py:60 kedro.templates.project.hooks.utils._remove_nested_section event=line locals={'current_data': "{'leafC1': 3, 'extraC1': 30}"}
2026-08-22 22:41:02.608 /testbed/kedro/templates/project/hooks/utils.py:67 kedro.templates.project.hooks.utils._remove_nested_section event=line locals={}
2026-08-22 22:41:02.608 /testbed/kedro/templates/project/hooks/utils.py:68 kedro.templates.project.hooks.utils._remove_nested_section event=line locals={'current_data': "{'extraC1': 30}", 'data': "{'a0': {'keepA': 10}, 'e0': {'keepE': 12, 'e1': {'e2': {'e3': {'e4': {'e5': {'e6': {'e7': {'e8': {'e9': {'e10': {'e11': {'e12': {'leafE1': 6}}}}}}}}}}}}}, 'project': {'name': 'hard-demo', 'version': '2.4.1', 'authors': ['alice', 'bob', 'carol']}, 'd0': {'d1': {'d2': {'d3': {'d4': {'d5': {'d6': {'d7': {'keepD': 11, 'd8': {'d9': {'d10': {'d11': {'d12': {'d13': {'leafD': 5}}}}}}}}}}}}}}, 'c0': {'c1': {'c2': {'c3': {'c4': {'c5': {'c6': {'x0': {'extraC1': 30}, 'y0': {'leafC2': 4, 'extraC2': 40}, 'z0'..."}
2026-08-22 22:41:02.608 /testbed/kedro/templates/project/hooks/utils.py:69 kedro.templates.project.hooks.utils._remove_nested_section event=line locals={}
2026-08-22 22:41:02.608 /testbed/kedro/templates/project/hooks/utils.py:70 kedro.templates.project.hooks.utils._remove_nested_section event=line locals={'parent_section': "{'a0': {'keepA': 10}, 'e0': {'keepE': 12, 'e1': {'e2': {'e3': {'e4': {'e5': {'e6': {'e7': {'e8': {'e9': {'e10': {'e11': {'e12': {'leafE1': 6}}}}}}}}}}}}}, 'project': {'name': 'hard-demo', 'version': '2.4.1', 'authors': ['alice', 'bob', 'carol']}, 'd0': {'d1': {'d2': {'d3': {'d4': {'d5': {'d6': {'d7': {'keepD': 11, 'd8': {'d9': {'d10': {'d11': {'d12': {'d13': {'leafD': 5}}}}}}}}}}}}}}, 'c0': {'c1': {'c2': {'c3': {'c4': {'c5': {'c6': {'x0': {'extraC1': 30}, 'y0': {'leafC2': 4, 'extraC2': 40}, 'z0'..."}
2026-08-22 22:41:02.608 /testbed/kedro/templates/project/hooks/utils.py:71 kedro.templates.project.hooks.utils._remove_nested_section event=line locals={'key_part': "'c0'"}
2026-08-22 22:41:02.608 /testbed/kedro/templates/project/hooks/utils.py:70 kedro.templates.project.hooks.utils._remove_nested_section event=line locals={'parent_section': "{'c1': {'c2': {'c3': {'c4': {'c5': {'c6': {'x0': {'extraC1': 30}, 'y0': {'leafC2': 4, 'extraC2': 40}, 'z0': {'leafC3': 5, 'extraC3': 50}, 'w0': {'leafC4': 6, 'extraC4': 60}, 'v0': {'leafC5': 7}, 'u0': {'leafC6': 8}}}}}}}}"}
2026-08-22 22:41:02.608 /testbed/kedro/templates/project/hooks/utils.py:71 kedro.templates.project.hooks.utils._remove_nested_section event=line locals={'key_part': "'c1'"}
2026-08-22 22:41:02.608 /testbed/kedro/templates/project/hooks/utils.py:70 kedro.templates.project.hooks.utils._remove_nested_section event=line locals={'parent_section': "{'c2': {'c3': {'c4': {'c5': {'c6': {'x0': {'extraC1': 30}, 'y0': {'leafC2': 4, 'extraC2': 40}, 'z0': {'leafC3': 5, 'extraC3': 50}, 'w0': {'leafC4': 6, 'extraC4': 60}, 'v0': {'leafC5': 7}, 'u0': {'leafC6': 8}}}}}}}"}
2026-08-22 22:41:02.608 /testbed/kedro/templates/project/hooks/utils.py:71 kedro.templates.project.hooks.utils._remove_nested_section event=line locals={'key_part': "'c2'"}
2026-08-22 22:41:02.608 /testbed/kedro/templates/project/hooks/utils.py:70 kedro.templates.project.hooks.utils._remove_nested_section event=line locals={'parent_section': "{'c3': {'c4': {'c5': {'c6': {'x0': {'extraC1': 30}, 'y0': {'leafC2': 4, 'extraC2': 40}, 'z0': {'leafC3': 5, 'extraC3': 50}, 'w0': {'leafC4': 6, 'extraC4': 60}, 'v0': {'leafC5': 7}, 'u0': {'leafC6': 8}}}}}}"}
2026-08-22 22:41:02.608 /testbed/kedro/templates/project/hooks/utils.py:71 kedro.templates.project.hooks.utils._remove_nested_section event=line locals={'key_part': "'c3'"}
2026-08-22 22:41:02.608 /testbed/kedro/templates/project/hooks/utils.py:70 kedro.templates.project.hooks.utils._remove_nested_section event=line locals={'parent_section': "{'c4': {'c5': {'c6': {'x0': {'extraC1': 30}, 'y0': {'leafC2': 4, 'extraC2': 40}, 'z0': {'leafC3': 5, 'extraC3': 50}, 'w0': {'leafC4': 6, 'extraC4': 60}, 'v0': {'leafC5': 7}, 'u0': {'leafC6': 8}}}}}"}
2026-08-22 22:41:02.608 /testbed/kedro/templates/project/hooks/utils.py:71 kedro.templates.project.hooks.utils._remove_nested_section event=line locals={'key_part': "'c4'"}
2026-08-22 22:41:02.608 /testbed/kedro/templates/project/hooks/utils.py:70 kedro.templates.project.hooks.utils._remove_nested_section event=line locals={'parent_section': "{'c5': {'c6': {'x0': {'extraC1': 30}, 'y0': {'leafC2': 4, 'extraC2': 40}, 'z0': {'leafC3': 5, 'extraC3': 50}, 'w0': {'leafC4': 6, 'extraC4': 60}, 'v0': {'leafC5': 7}, 'u0': {'leafC6': 8}}}}"}
2026-08-22 22:41:02.608 /testbed/kedro/templates/project/hooks/utils.py:71 kedro.templates.project.hooks.utils._remove_nested_section event=line locals={'key_part': "'c5'"}
2026-08-22 22:41:02.608 /testbed/kedro/templates/project/hooks/utils.py:70 kedro.templates.project.hooks.utils._remove_nested_section event=line locals={'parent_section': "{'c6': {'x0': {'extraC1': 30}, 'y0': {'leafC2': 4, 'extraC2': 40}, 'z0': {'leafC3': 5, 'extraC3': 50}, 'w0': {'leafC4': 6, 'extraC4': 60}, 'v0': {'leafC5': 7}, 'u0': {'leafC6': 8}}}"}
2026-08-22 22:41:02.609 /testbed/kedro/templates/project/hooks/utils.py:71 kedro.templates.project.hooks.utils._remove_nested_section event=line locals={'key_part': "'c6'"}
2026-08-22 22:41:02.609 /testbed/kedro/templates/project/hooks/utils.py:70 kedro.templates.project.hooks.utils._remove_nested_section event=line locals={'parent_section': "{'x0': {'extraC1': 30}, 'y0': {'leafC2': 4, 'extraC2': 40}, 'z0': {'leafC3': 5, 'extraC3': 50}, 'w0': {'leafC4': 6, 'extraC4': 60}, 'v0': {'leafC5': 7}, 'u0': {'leafC6': 8}}"}
2026-08-22 22:41:02.609 /testbed/kedro/templates/project/hooks/utils.py:72 kedro.templates.project.hooks.utils._remove_nested_section event=line locals={}
2026-08-22 22:41:02.609 /testbed/kedro/templates/project/hooks/utils.py:76 kedro.templates.project.hooks.utils._remove_nested_section event=line locals={}
2026-08-22 22:41:02.609 /testbed/kedro/templates/project/hooks/utils.py:76 kedro.templates.project.hooks.utils._remove_nested_section event=return retval=None locals={'current_data': "{'extraC1': 30}", 'data': "{'a0': {'keepA': 10}, 'e0': {'keepE': 12, 'e1': {'e2': {'e3': {'e4': {'e5': {'e6': {'e7': {'e8': {'e9': {'e10': {'e11': {'e12': {'leafE1': 6}}}}}}}}}}}}}, 'project': {'name': 'hard-demo', 'version': '2.4.1', 'authors': ['alice', 'bob', 'carol']}, 'd0': {'d1': {'d2': {'d3': {'d4': {'d5': {'d6': {'d7': {'keepD': 11, 'd8': {'d9': {'d10': {'d11': {'d12': {'d13': {'leafD': 5}}}}}}}}}}}}}}, 'c0': {'c1': {'c2': {'c3': {'c4': {'c5': {'c6': {'x0': {'extraC1': 30}, 'y0': {'leafC2': 4, 'extraC2': 40}, 'z0'...", 'key': "'x0'", 'key_part': "'c6'", 'keys': "['c0', 'c1', 'c2', 'c3', 'c4', 'c5', 'c6', 'x0', 'leafC1']", 'nested_key': "'c0.c1.c2.c3.c4.c5.c6.x0.leafC1'", 'parent_section': "{'x0': {'extraC1': 30}, 'y0': {'leafC2': 4, 'extraC2': 40}, 'z0': {'leafC3': 5, 'extraC3': 50}, 'w0': {'leafC4': 6, 'extraC4': 60}, 'v0': {'leafC5': 7}, 'u0': {'leafC6': 8}}"}
2026-08-22 22:41:02.609 /testbed/kedro/templates/project/hooks/utils.py:50 kedro.templates.project.hooks.utils._remove_nested_section event=call locals={'data': "{'a0': {'keepA': 10}, 'e0': {'keepE': 12, 'e1': {'e2': {'e3': {'e4': {'e5': {'e6': {'e7': {'e8': {'e9': {'e10': {'e11': {'e12': {'leafE1': 6}}}}}}}}}}}}}, 'project': {'name': 'hard-demo', 'version': '2.4.1', 'authors': ['alice', 'bob', 'carol']}, 'd0': {'d1': {'d2': {'d3': {'d4': {'d5': {'d6': {'d7': {'keepD': 11, 'd8': {'d9': {'d10': {'d11': {'d12': {'d13': {'leafD': 5}}}}}}}}}}}}}}, 'c0': {'c1': {'c2': {'c3': {'c4': {'c5': {'c6': {'x0': {'extraC1': 30}, 'y0': {'leafC2': 4, 'extraC2': 40}, 'z0'...", 'nested_key': "'c0.c1.c2.c3.c4.c5.c6.x0.extraC1'"}
2026-08-22 22:41:02.609 /testbed/kedro/templates/project/hooks/utils.py:57 kedro.templates.project.hooks.utils._remove_nested_section event=line locals={}
2026-08-22 22:41:02.609 /testbed/kedro/templates/project/hooks/utils.py:58 kedro.templates.project.hooks.utils._remove_nested_section event=line locals={'keys': "['c0', 'c1', 'c2', 'c3', 'c4', 'c5', 'c6', 'x0', 'extraC1']"}
2026-08-22 22:41:02.609 /testbed/kedro/templates/project/hooks/utils.py:60 kedro.templates.project.hooks.utils._remove_nested_section event=line locals={'current_data': "{'a0': {'keepA': 10}, 'e0': {'keepE': 12, 'e1': {'e2': {'e3': {'e4': {'e5': {'e6': {'e7': {'e8': {'e9': {'e10': {'e11': {'e12': {'leafE1': 6}}}}}}}}}}}}}, 'project': {'name': 'hard-demo', 'version': '2.4.1', 'authors': ['alice', 'bob', 'carol']}, 'd0': {'d1': {'d2': {'d3': {'d4': {'d5': {'d6': {'d7': {'keepD': 11, 'd8': {'d9': {'d10': {'d11': {'d12': {'d13': {'leafD': 5}}}}}}}}}}}}}}, 'c0': {'c1': {'c2': {'c3': {'c4': {'c5': {'c6': {'x0': {'extraC1': 30}, 'y0': {'leafC2': 4, 'extraC2': 40}, 'z0'..."}
2026-08-22 22:41:02.609 /testbed/kedro/templates/project/hooks/utils.py:61 kedro.templates.project.hooks.utils._remove_nested_section event=line locals={'key': "'c0'"}
2026-08-22 22:41:02.609 /testbed/kedro/templates/project/hooks/utils.py:62 kedro.templates.project.hooks.utils._remove_nested_section event=line locals={}
2026-08-22 22:41:02.609 /testbed/kedro/templates/project/hooks/utils.py:60 kedro.templates.project.hooks.utils._remove_nested_section event=line locals={'current_data': "{'c1': {'c2': {'c3': {'c4': {'c5': {'c6': {'x0': {'extraC1': 30}, 'y0': {'leafC2': 4, 'extraC2': 40}, 'z0': {'leafC3': 5, 'extraC3': 50}, 'w0': {'leafC4': 6, 'extraC4': 60}, 'v0': {'leafC5': 7}, 'u0': {'leafC6': 8}}}}}}}}"}
2026-08-22 22:41:02.609 /testbed/kedro/templates/project/hooks/utils.py:61 kedro.templates.project.hooks.utils._remove_nested_section event=line locals={'key': "'c1'"}
2026-08-22 22:41:02.609 /testbed/kedro/templates/project/hooks/utils.py:62 kedro.templates.project.hooks.utils._remove_nested_section event=line locals={}
2026-08-22 22:41:02.609 /testbed/kedro/templates/project/hooks/utils.py:60 kedro.templates.project.hooks.utils._remove_nested_section event=line locals={'current_data': "{'c2': {'c3': {'c4': {'c5': {'c6': {'x0': {'extraC1': 30}, 'y0': {'leafC2': 4, 'extraC2': 40}, 'z0': {'leafC3': 5, 'extraC3': 50}, 'w0': {'leafC4': 6, 'extraC4': 60}, 'v0': {'leafC5': 7}, 'u0': {'leafC6': 8}}}}}}}"}
2026-08-22 22:41:02.609 /testbed/kedro/templates/project/hooks/utils.py:61 kedro.templates.project.hooks.utils._remove_nested_section event=line locals={'key': "'c2'"}
2026-08-22 22:41:02.609 /testbed/kedro/templates/project/hooks/utils.py:62 kedro.templates.project.hooks.utils._remove_nested_section event=line locals={}
2026-08-22 22:41:02.609 /testbed/kedro/templates/project/hooks/utils.py:60 kedro.templates.project.hooks.utils._remove_nested_section event=line locals={'current_data': "{'c3': {'c4': {'c5': {'c6': {'x0': {'extraC1': 30}, 'y0': {'leafC2': 4, 'extraC2': 40}, 'z0': {'leafC3': 5, 'extraC3': 50}, 'w0': {'leafC4': 6, 'extraC4': 60}, 'v0': {'leafC5': 7}, 'u0': {'leafC6': 8}}}}}}"}
2026-08-22 22:41:02.609 /testbed/kedro/templates/project/hooks/utils.py:61 kedro.templates.project.hooks.utils._remove_nested_section event=line locals={'key': "'c3'"}
2026-08-22 22:41:02.609 /testbed/kedro/templates/project/hooks/utils.py:62 kedro.templates.project.hooks.utils._remove_nested_section event=line locals={}
2026-08-22 22:41:02.609 /testbed/kedro/templates/project/hooks/utils.py:60 kedro.templates.project.hooks.utils._remove_nested_section event=line locals={'current_data': "{'c4': {'c5': {'c6': {'x0': {'extraC1': 30}, 'y0': {'leafC2': 4, 'extraC2': 40}, 'z0': {'leafC3': 5, 'extraC3': 50}, 'w0': {'leafC4': 6, 'extraC4': 60}, 'v0': {'leafC5': 7}, 'u0': {'leafC6': 8}}}}}"}
2026-08-22 22:41:02.609 /testbed/kedro/templates/project/hooks/utils.py:61 kedro.templates.project.hooks.utils._remove_nested_section event=line locals={'key': "'c4'"}
2026-08-22 22:41:02.609 /testbed/kedro/templates/project/hooks/utils.py:62 kedro.templates.project.hooks.utils._remove_nested_section event=line locals={}
2026-08-22 22:41:02.609 /testbed/kedro/templates/project/hooks/utils.py:60 kedro.templates.project.hooks.utils._remove_nested_section event=line locals={'current_data': "{'c5': {'c6': {'x0': {'extraC1': 30}, 'y0': {'leafC2': 4, 'extraC2': 40}, 'z0': {'leafC3': 5, 'extraC3': 50}, 'w0': {'leafC4': 6, 'extraC4': 60}, 'v0': {'leafC5': 7}, 'u0': {'leafC6': 8}}}}"}
2026-08-22 22:41:02.609 /testbed/kedro/templates/project/hooks/utils.py:61 kedro.templates.project.hooks.utils._remove_nested_section event=line locals={'key': "'c5'"}
2026-08-22 22:41:02.609 /testbed/kedro/templates/project/hooks/utils.py:62 kedro.templates.project.hooks.utils._remove_nested_section event=line locals={}
2026-08-22 22:41:02.609 /testbed/kedro/templates/project/hooks/utils.py:60 kedro.templates.project.hooks.utils._remove_nested_section event=line locals={'current_data': "{'c6': {'x0': {'extraC1': 30}, 'y0': {'leafC2': 4, 'extraC2': 40}, 'z0': {'leafC3': 5, 'extraC3': 50}, 'w0': {'leafC4': 6, 'extraC4': 60}, 'v0': {'leafC5': 7}, 'u0': {'leafC6': 8}}}"}
2026-08-22 22:41:02.609 /testbed/kedro/templates/project/hooks/utils.py:61 kedro.templates.project.hooks.utils._remove_nested_section event=line locals={'key': "'c6'"}
2026-08-22 22:41:02.609 /testbed/kedro/templates/project/hooks/utils.py:62 kedro.templates.project.hooks.utils._remove_nested_section event=line locals={}
2026-08-22 22:41:02.609 /testbed/kedro/templates/project/hooks/utils.py:60 kedro.templates.project.hooks.utils._remove_nested_section event=line locals={'current_data': "{'x0': {'extraC1': 30}, 'y0': {'leafC2': 4, 'extraC2': 40}, 'z0': {'leafC3': 5, 'extraC3': 50}, 'w0': {'leafC4': 6, 'extraC4': 60}, 'v0': {'leafC5': 7}, 'u0': {'leafC6': 8}}"}
2026-08-22 22:41:02.609 /testbed/kedro/templates/project/hooks/utils.py:61 kedro.templates.project.hooks.utils._remove_nested_section event=line locals={'key': "'x0'"}
2026-08-22 22:41:02.609 /testbed/kedro/templates/project/hooks/utils.py:62 kedro.templates.project.hooks.utils._remove_nested_section event=line locals={}
2026-08-22 22:41:02.609 /testbed/kedro/templates/project/hooks/utils.py:60 kedro.templates.project.hooks.utils._remove_nested_section event=line locals={'current_data': "{'extraC1': 30}"}
2026-08-22 22:41:02.609 /testbed/kedro/templates/project/hooks/utils.py:67 kedro.templates.project.hooks.utils._remove_nested_section event=line locals={}
2026-08-22 22:41:02.609 /testbed/kedro/templates/project/hooks/utils.py:68 kedro.templates.project.hooks.utils._remove_nested_section event=line locals={'current_data': '{}', 'data': "{'a0': {'keepA': 10}, 'e0': {'keepE': 12, 'e1': {'e2': {'e3': {'e4': {'e5': {'e6': {'e7': {'e8': {'e9': {'e10': {'e11': {'e12': {'leafE1': 6}}}}}}}}}}}}}, 'project': {'name': 'hard-demo', 'version': '2.4.1', 'authors': ['alice', 'bob', 'carol']}, 'd0': {'d1': {'d2': {'d3': {'d4': {'d5': {'d6': {'d7': {'keepD': 11, 'd8': {'d9': {'d10': {'d11': {'d12': {'d13': {'leafD': 5}}}}}}}}}}}}}}, 'c0': {'c1': {'c2': {'c3': {'c4': {'c5': {'c6': {'x0': {}, 'y0': {'leafC2': 4, 'extraC2': 40}, 'z0': {'leafC3': ..."}
2026-08-22 22:41:02.609 /testbed/kedro/templates/project/hooks/utils.py:69 kedro.templates.project.hooks.utils._remove_nested_section event=line locals={}
2026-08-22 22:41:02.609 /testbed/kedro/templates/project/hooks/utils.py:70 kedro.templates.project.hooks.utils._remove_nested_section event=line locals={'parent_section': "{'a0': {'keepA': 10}, 'e0': {'keepE': 12, 'e1': {'e2': {'e3': {'e4': {'e5': {'e6': {'e7': {'e8': {'e9': {'e10': {'e11': {'e12': {'leafE1': 6}}}}}}}}}}}}}, 'project': {'name': 'hard-demo', 'version': '2.4.1', 'authors': ['alice', 'bob', 'carol']}, 'd0': {'d1': {'d2': {'d3': {'d4': {'d5': {'d6': {'d7': {'keepD': 11, 'd8': {'d9': {'d10': {'d11': {'d12': {'d13': {'leafD': 5}}}}}}}}}}}}}}, 'c0': {'c1': {'c2': {'c3': {'c4': {'c5': {'c6': {'x0': {}, 'y0': {'leafC2': 4, 'extraC2': 40}, 'z0': {'leafC3': ..."}
2026-08-22 22:41:02.609 /testbed/kedro/templates/project/hooks/utils.py:71 kedro.templates.project.hooks.utils._remove_nested_section event=line locals={'key_part': "'c0'"}
2026-08-22 22:41:02.609 /testbed/kedro/templates/project/hooks/utils.py:70 kedro.templates.project.hooks.utils._remove_nested_section event=line locals={'parent_section': "{'c1': {'c2': {'c3': {'c4': {'c5': {'c6': {'x0': {}, 'y0': {'leafC2': 4, 'extraC2': 40}, 'z0': {'leafC3': 5, 'extraC3': 50}, 'w0': {'leafC4': 6, 'extraC4': 60}, 'v0': {'leafC5': 7}, 'u0': {'leafC6': 8}}}}}}}}"}
2026-08-22 22:41:02.609 /testbed/kedro/templates/project/hooks/utils.py:71 kedro.templates.project.hooks.utils._remove_nested_section event=line locals={'key_part': "'c1'"}
2026-08-22 22:41:02.610 /testbed/kedro/templates/project/hooks/utils.py:70 kedro.templates.project.hooks.utils._remove_nested_section event=line locals={'parent_section': "{'c2': {'c3': {'c4': {'c5': {'c6': {'x0': {}, 'y0': {'leafC2': 4, 'extraC2': 40}, 'z0': {'leafC3': 5, 'extraC3': 50}, 'w0': {'leafC4': 6, 'extraC4': 60}, 'v0': {'leafC5': 7}, 'u0': {'leafC6': 8}}}}}}}"}
2026-08-22 22:41:02.610 /testbed/kedro/templates/project/hooks/utils.py:71 kedro.templates.project.hooks.utils._remove_nested_section event=line locals={'key_part': "'c2'"}
2026-08-22 22:41:02.610 /testbed/kedro/templates/project/hooks/utils.py:70 kedro.templates.project.hooks.utils._remove_nested_section event=line locals={'parent_section': "{'c3': {'c4': {'c5': {'c6': {'x0': {}, 'y0': {'leafC2': 4, 'extraC2': 40}, 'z0': {'leafC3': 5, 'extraC3': 50}, 'w0': {'leafC4': 6, 'extraC4': 60}, 'v0': {'leafC5': 7}, 'u0': {'leafC6': 8}}}}}}"}
2026-08-22 22:41:02.610 /testbed/kedro/templates/project/hooks/utils.py:71 kedro.templates.project.hooks.utils._remove_nested_section event=line locals={'key_part': "'c3'"}
2026-08-22 22:41:02.610 /testbed/kedro/templates/project/hooks/utils.py:70 kedro.templates.project.hooks.utils._remove_nested_section event=line locals={'parent_section': "{'c4': {'c5': {'c6': {'x0': {}, 'y0': {'leafC2': 4, 'extraC2': 40}, 'z0': {'leafC3': 5, 'extraC3': 50}, 'w0': {'leafC4': 6, 'extraC4': 60}, 'v0': {'leafC5': 7}, 'u0': {'leafC6': 8}}}}}"}
2026-08-22 22:41:02.610 /testbed/kedro/templates/project/hooks/utils.py:71 kedro.templates.project.hooks.utils._remove_nested_section event=line locals={'key_part': "'c4'"}
2026-08-22 22:41:02.610 /testbed/kedro/templates/project/hooks/utils.py:70 kedro.templates.project.hooks.utils._remove_nested_section event=line locals={'parent_section': "{'c5': {'c6': {'x0': {}, 'y0': {'leafC2': 4, 'extraC2': 40}, 'z0': {'leafC3': 5, 'extraC3': 50}, 'w0': {'leafC4': 6, 'extraC4': 60}, 'v0': {'leafC5': 7}, 'u0': {'leafC6': 8}}}}"}
2026-08-22 22:41:02.610 /testbed/kedro/templates/project/hooks/utils.py:71 kedro.templates.project.hooks.utils._remove_nested_section event=line locals={'key_part': "'c5'"}
2026-08-22 22:41:02.610 /testbed/kedro/templates/project/hooks/utils.py:70 kedro.templates.project.hooks.utils._remove_nested_section event=line locals={'parent_section': "{'c6': {'x0': {}, 'y0': {'leafC2': 4, 'extraC2': 40}, 'z0': {'leafC3': 5, 'extraC3': 50}, 'w0': {'leafC4': 6, 'extraC4': 60}, 'v0': {'leafC5': 7}, 'u0': {'leafC6': 8}}}"}
2026-08-22 22:41:02.610 /testbed/kedro/templates/project/hooks/utils.py:71 kedro.templates.project.hooks.utils._remove_nested_section event=line locals={'key_part': "'c6'"}
2026-08-22 22:41:02.610 /testbed/kedro/templates/project/hooks/utils.py:70 kedro.templates.project.hooks.utils._remove_nested_section event=line locals={'parent_section': "{'x0': {}, 'y0': {'leafC2': 4, 'extraC2': 40}, 'z0': {'leafC3': 5, 'extraC3': 50}, 'w0': {'leafC4': 6, 'extraC4': 60}, 'v0': {'leafC5': 7}, 'u0': {'leafC6': 8}}"}
2026-08-22 22:41:02.610 /testbed/kedro/templates/project/hooks/utils.py:72 kedro.templates.project.hooks.utils._remove_nested_section event=line locals={}
2026-08-22 22:41:02.610 /testbed/kedro/templates/project/hooks/utils.py:73 kedro.templates.project.hooks.utils._remove_nested_section event=line locals={}
2026-08-22 22:41:02.610 /testbed/kedro/templates/project/hooks/utils.py:74 kedro.templates.project.hooks.utils._remove_nested_section event=line locals={'data': "{'a0': {'keepA': 10}, 'e0': {'keepE': 12, 'e1': {'e2': {'e3': {'e4': {'e5': {'e6': {'e7': {'e8': {'e9': {'e10': {'e11': {'e12': {'leafE1': 6}}}}}}}}}}}}}, 'project': {'name': 'hard-demo', 'version': '2.4.1', 'authors': ['alice', 'bob', 'carol']}, 'd0': {'d1': {'d2': {'d3': {'d4': {'d5': {'d6': {'d7': {'keepD': 11, 'd8': {'d9': {'d10': {'d11': {'d12': {'d13': {'leafD': 5}}}}}}}}}}}}}}, 'c0': {'c1': {'c2': {'c3': {'c4': {'c5': {'c6': {'y0': {'leafC2': 4, 'extraC2': 40}, 'z0': {'leafC3': 5, 'extraC...", 'parent_section': "{'y0': {'leafC2': 4, 'extraC2': 40}, 'z0': {'leafC3': 5, 'extraC3': 50}, 'w0': {'leafC4': 6, 'extraC4': 60}, 'v0': {'leafC5': 7}, 'u0': {'leafC6': 8}}"}
2026-08-22 22:41:02.610 /testbed/kedro/templates/project/hooks/utils.py:68 kedro.templates.project.hooks.utils._remove_nested_section event=line locals={'current_data': "{'y0': {'leafC2': 4, 'extraC2': 40}, 'z0': {'leafC3': 5, 'extraC3': 50}, 'w0': {'leafC4': 6, 'extraC4': 60}, 'v0': {'leafC5': 7}, 'u0': {'leafC6': 8}}"}
2026-08-22 22:41:02.610 /testbed/kedro/templates/project/hooks/utils.py:69 kedro.templates.project.hooks.utils._remove_nested_section event=line locals={'key': "'c6'"}
2026-08-22 22:41:02.610 /testbed/kedro/templates/project/hooks/utils.py:70 kedro.templates.project.hooks.utils._remove_nested_section event=line locals={'parent_section': "{'a0': {'keepA': 10}, 'e0': {'keepE': 12, 'e1': {'e2': {'e3': {'e4': {'e5': {'e6': {'e7': {'e8': {'e9': {'e10': {'e11': {'e12': {'leafE1': 6}}}}}}}}}}}}}, 'project': {'name': 'hard-demo', 'version': '2.4.1', 'authors': ['alice', 'bob', 'carol']}, 'd0': {'d1': {'d2': {'d3': {'d4': {'d5': {'d6': {'d7': {'keepD': 11, 'd8': {'d9': {'d10': {'d11': {'d12': {'d13': {'leafD': 5}}}}}}}}}}}}}}, 'c0': {'c1': {'c2': {'c3': {'c4': {'c5': {'c6': {'y0': {'leafC2': 4, 'extraC2': 40}, 'z0': {'leafC3': 5, 'extraC..."}
2026-08-22 22:41:02.610 /testbed/kedro/templates/project/hooks/utils.py:71 kedro.templates.project.hooks.utils._remove_nested_section event=line locals={'key_part': "'c0'"}
2026-08-22 22:41:02.610 /testbed/kedro/templates/project/hooks/utils.py:70 kedro.templates.project.hooks.utils._remove_nested_section event=line locals={'parent_section': "{'c1': {'c2': {'c3': {'c4': {'c5': {'c6': {'y0': {'leafC2': 4, 'extraC2': 40}, 'z0': {'leafC3': 5, 'extraC3': 50}, 'w0': {'leafC4': 6, 'extraC4': 60}, 'v0': {'leafC5': 7}, 'u0': {'leafC6': 8}}}}}}}}"}
2026-08-22 22:41:02.610 /testbed/kedro/templates/project/hooks/utils.py:71 kedro.templates.project.hooks.utils._remove_nested_section event=line locals={'key_part': "'c1'"}
2026-08-22 22:41:02.610 /testbed/kedro/templates/project/hooks/utils.py:70 kedro.templates.project.hooks.utils._remove_nested_section event=line locals={'parent_section': "{'c2': {'c3': {'c4': {'c5': {'c6': {'y0': {'leafC2': 4, 'extraC2': 40}, 'z0': {'leafC3': 5, 'extraC3': 50}, 'w0': {'leafC4': 6, 'extraC4': 60}, 'v0': {'leafC5': 7}, 'u0': {'leafC6': 8}}}}}}}"}
2026-08-22 22:41:02.610 /testbed/kedro/templates/project/hooks/utils.py:71 kedro.templates.project.hooks.utils._remove_nested_section event=line locals={'key_part': "'c2'"}
2026-08-22 22:41:02.610 /testbed/kedro/templates/project/hooks/utils.py:70 kedro.templates.project.hooks.utils._remove_nested_section event=line locals={'parent_section': "{'c3': {'c4': {'c5': {'c6': {'y0': {'leafC2': 4, 'extraC2': 40}, 'z0': {'leafC3': 5, 'extraC3': 50}, 'w0': {'leafC4': 6, 'extraC4': 60}, 'v0': {'leafC5': 7}, 'u0': {'leafC6': 8}}}}}}"}
2026-08-22 22:41:02.610 /testbed/kedro/templates/project/hooks/utils.py:71 kedro.templates.project.hooks.utils._remove_nested_section event=line locals={'key_part': "'c3'"}
2026-08-22 22:41:02.610 /testbed/kedro/templates/project/hooks/utils.py:70 kedro.templates.project.hooks.utils._remove_nested_section event=line locals={'parent_section': "{'c4': {'c5': {'c6': {'y0': {'leafC2': 4, 'extraC2': 40}, 'z0': {'leafC3': 5, 'extraC3': 50}, 'w0': {'leafC4': 6, 'extraC4': 60}, 'v0': {'leafC5': 7}, 'u0': {'leafC6': 8}}}}}"}
2026-08-22 22:41:02.610 /testbed/kedro/templates/project/hooks/utils.py:71 kedro.templates.project.hooks.utils._remove_nested_section event=line locals={'key_part': "'c4'"}
2026-08-22 22:41:02.610 /testbed/kedro/templates/project/hooks/utils.py:70 kedro.templates.project.hooks.utils._remove_nested_section event=line locals={'parent_section': "{'c5': {'c6': {'y0': {'leafC2': 4, 'extraC2': 40}, 'z0': {'leafC3': 5, 'extraC3': 50}, 'w0': {'leafC4': 6, 'extraC4': 60}, 'v0': {'leafC5': 7}, 'u0': {'leafC6': 8}}}}"}
2026-08-22 22:41:02.610 /testbed/kedro/templates/project/hooks/utils.py:71 kedro.templates.project.hooks.utils._remove_nested_section event=line locals={'key_part': "'c5'"}
2026-08-22 22:41:02.610 /testbed/kedro/templates/project/hooks/utils.py:70 kedro.templates.project.hooks.utils._remove_nested_section event=line locals={'parent_section': "{'c6': {'y0': {'leafC2': 4, 'extraC2': 40}, 'z0': {'leafC3': 5, 'extraC3': 50}, 'w0': {'leafC4': 6, 'extraC4': 60}, 'v0': {'leafC5': 7}, 'u0': {'leafC6': 8}}}"}
2026-08-22 22:41:02.610 /testbed/kedro/templates/project/hooks/utils.py:72 kedro.templates.project.hooks.utils._remove_nested_section event=line locals={}
2026-08-22 22:41:02.610 /testbed/kedro/templates/project/hooks/utils.py:76 kedro.templates.project.hooks.utils._remove_nested_section event=line locals={}
2026-08-22 22:41:02.610 /testbed/kedro/templates/project/hooks/utils.py:76 kedro.templates.project.hooks.utils._remove_nested_section event=return retval=None locals={'current_data': "{'y0': {'leafC2': 4, 'extraC2': 40}, 'z0': {'leafC3': 5, 'extraC3': 50}, 'w0': {'leafC4': 6, 'extraC4': 60}, 'v0': {'leafC5': 7}, 'u0': {'leafC6': 8}}", 'data': "{'a0': {'keepA': 10}, 'e0': {'keepE': 12, 'e1': {'e2': {'e3': {'e4': {'e5': {'e6': {'e7': {'e8': {'e9': {'e10': {'e11': {'e12': {'leafE1': 6}}}}}}}}}}}}}, 'project': {'name': 'hard-demo', 'version': '2.4.1', 'authors': ['alice', 'bob', 'carol']}, 'd0': {'d1': {'d2': {'d3': {'d4': {'d5': {'d6': {'d7': {'keepD': 11, 'd8': {'d9': {'d10': {'d11': {'d12': {'d13': {'leafD': 5}}}}}}}}}}}}}}, 'c0': {'c1': {'c2': {'c3': {'c4': {'c5': {'c6': {'y0': {'leafC2': 4, 'extraC2': 40}, 'z0': {'leafC3': 5, 'extraC...", 'key': "'c6'", 'key_part': "'c5'", 'keys': "['c0', 'c1', 'c2', 'c3', 'c4', 'c5', 'c6', 'x0', 'extraC1']", 'nested_key': "'c0.c1.c2.c3.c4.c5.c6.x0.extraC1'", 'parent_section': "{'c6': {'y0': {'leafC2': 4, 'extraC2': 40}, 'z0': {'leafC3': 5, 'extraC3': 50}, 'w0': {'leafC4': 6, 'extraC4': 60}, 'v0': {'leafC5': 7}, 'u0': {'leafC6': 8}}}"}
2026-08-22 22:41:02.610 /testbed/kedro/templates/project/hooks/utils.py:50 kedro.templates.project.hooks.utils._remove_nested_section event=call locals={'data': "{'a0': {'keepA': 10}, 'e0': {'keepE': 12, 'e1': {'e2': {'e3': {'e4': {'e5': {'e6': {'e7': {'e8': {'e9': {'e10': {'e11': {'e12': {'leafE1': 6}}}}}}}}}}}}}, 'project': {'name': 'hard-demo', 'version': '2.4.1', 'authors': ['alice', 'bob', 'carol']}, 'd0': {'d1': {'d2': {'d3': {'d4': {'d5': {'d6': {'d7': {'keepD': 11, 'd8': {'d9': {'d10': {'d11': {'d12': {'d13': {'leafD': 5}}}}}}}}}}}}}}, 'c0': {'c1': {'c2': {'c3': {'c4': {'c5': {'c6': {'y0': {'leafC2': 4, 'extraC2': 40}, 'z0': {'leafC3': 5, 'extraC...", 'nested_key': "'c0.c1.c2.c3.c4.c5.c6.y0.leafC2'"}
2026-08-22 22:41:02.610 /testbed/kedro/templates/project/hooks/utils.py:57 kedro.templates.project.hooks.utils._remove_nested_section event=line locals={}
2026-08-22 22:41:02.610 /testbed/kedro/templates/project/hooks/utils.py:58 kedro.templates.project.hooks.utils._remove_nested_section event=line locals={'keys': "['c0', 'c1', 'c2', 'c3', 'c4', 'c5', 'c6', 'y0', 'leafC2']"}
2026-08-22 22:41:02.610 /testbed/kedro/templates/project/hooks/utils.py:60 kedro.templates.project.hooks.utils._remove_nested_section event=line locals={'current_data': "{'a0': {'keepA': 10}, 'e0': {'keepE': 12, 'e1': {'e2': {'e3': {'e4': {'e5': {'e6': {'e7': {'e8': {'e9': {'e10': {'e11': {'e12': {'leafE1': 6}}}}}}}}}}}}}, 'project': {'name': 'hard-demo', 'version': '2.4.1', 'authors': ['alice', 'bob', 'carol']}, 'd0': {'d1': {'d2': {'d3': {'d4': {'d5': {'d6': {'d7': {'keepD': 11, 'd8': {'d9': {'d10': {'d11': {'d12': {'d13': {'leafD': 5}}}}}}}}}}}}}}, 'c0': {'c1': {'c2': {'c3': {'c4': {'c5': {'c6': {'y0': {'leafC2': 4, 'extraC2': 40}, 'z0': {'leafC3': 5, 'extraC..."}
2026-08-22 22:41:02.610 /testbed/kedro/templates/project/hooks/utils.py:61 kedro.templates.project.hooks.utils._remove_nested_section event=line locals={'key': "'c0'"}
2026-08-22 22:41:02.610 /testbed/kedro/templates/project/hooks/utils.py:62 kedro.templates.project.hooks.utils._remove_nested_section event=line locals={}
2026-08-22 22:41:02.610 /testbed/kedro/templates/project/hooks/utils.py:60 kedro.templates.project.hooks.utils._remove_nested_section event=line locals={'current_data': "{'c1': {'c2': {'c3': {'c4': {'c5': {'c6': {'y0': {'leafC2': 4, 'extraC2': 40}, 'z0': {'leafC3': 5, 'extraC3': 50}, 'w0': {'leafC4': 6, 'extraC4': 60}, 'v0': {'leafC5': 7}, 'u0': {'leafC6': 8}}}}}}}}"}
2026-08-22 22:41:02.610 /testbed/kedro/templates/project/hooks/utils.py:61 kedro.templates.project.hooks.utils._remove_nested_section event=line locals={'key': "'c1'"}
2026-08-22 22:41:02.610 /testbed/kedro/templates/project/hooks/utils.py:62 kedro.templates.project.hooks.utils._remove_nested_section event=line locals={}
2026-08-22 22:41:02.611 /testbed/kedro/templates/project/hooks/utils.py:60 kedro.templates.project.hooks.utils._remove_nested_section event=line locals={'current_data': "{'c2': {'c3': {'c4': {'c5': {'c6': {'y0': {'leafC2': 4, 'extraC2': 40}, 'z0': {'leafC3': 5, 'extraC3': 50}, 'w0': {'leafC4': 6, 'extraC4': 60}, 'v0': {'leafC5': 7}, 'u0': {'leafC6': 8}}}}}}}"}
2026-08-22 22:41:02.611 /testbed/kedro/templates/project/hooks/utils.py:61 kedro.templates.project.hooks.utils._remove_nested_section event=line locals={'key': "'c2'"}
2026-08-22 22:41:02.611 /testbed/kedro/templates/project/hooks/utils.py:62 kedro.templates.project.hooks.utils._remove_nested_section event=line locals={}
2026-08-22 22:41:02.611 /testbed/kedro/templates/project/hooks/utils.py:60 kedro.templates.project.hooks.utils._remove_nested_section event=line locals={'current_data': "{'c3': {'c4': {'c5': {'c6': {'y0': {'leafC2': 4, 'extraC2': 40}, 'z0': {'leafC3': 5, 'extraC3': 50}, 'w0': {'leafC4': 6, 'extraC4': 60}, 'v0': {'leafC5': 7}, 'u0': {'leafC6': 8}}}}}}"}
2026-08-22 22:41:02.611 /testbed/kedro/templates/project/hooks/utils.py:61 kedro.templates.project.hooks.utils._remove_nested_section event=line locals={'key': "'c3'"}
2026-08-22 22:41:02.611 /testbed/kedro/templates/project/hooks/utils.py:62 kedro.templates.project.hooks.utils._remove_nested_section event=line locals={}
2026-08-22 22:41:02.611 /testbed/kedro/templates/project/hooks/utils.py:60 kedro.templates.project.hooks.utils._remove_nested_section event=line locals={'current_data': "{'c4': {'c5': {'c6': {'y0': {'leafC2': 4, 'extraC2': 40}, 'z0': {'leafC3': 5, 'extraC3': 50}, 'w0': {'leafC4': 6, 'extraC4': 60}, 'v0': {'leafC5': 7}, 'u0': {'leafC6': 8}}}}}"}
2026-08-22 22:41:02.611 /testbed/kedro/templates/project/hooks/utils.py:61 kedro.templates.project.hooks.utils._remove_nested_section event=line locals={'key': "'c4'"}
2026-08-22 22:41:02.611 /testbed/kedro/templates/project/hooks/utils.py:62 kedro.templates.project.hooks.utils._remove_nested_section event=line locals={}
2026-08-22 22:41:02.611 /testbed/kedro/templates/project/hooks/utils.py:60 kedro.templates.project.hooks.utils._remove_nested_section event=line locals={'current_data': "{'c5': {'c6': {'y0': {'leafC2': 4, 'extraC2': 40}, 'z0': {'leafC3': 5, 'extraC3': 50}, 'w0': {'leafC4': 6, 'extraC4': 60}, 'v0': {'leafC5': 7}, 'u0': {'leafC6': 8}}}}"}
2026-08-22 22:41:02.611 /testbed/kedro/templates/project/hooks/utils.py:61 kedro.templates.project.hooks.utils._remove_nested_section event=line locals={'key': "'c5'"}
2026-08-22 22:41:02.611 /testbed/kedro/templates/project/hooks/utils.py:62 kedro.templates.project.hooks.utils._remove_nested_section event=line locals={}
2026-08-22 22:41:02.611 /testbed/kedro/templates/project/hooks/utils.py:60 kedro.templates.project.hooks.utils._remove_nested_section event=line locals={'current_data': "{'c6': {'y0': {'leafC2': 4, 'extraC2': 40}, 'z0': {'leafC3': 5, 'extraC3': 50}, 'w0': {'leafC4': 6, 'extraC4': 60}, 'v0': {'leafC5': 7}, 'u0': {'leafC6': 8}}}"}
2026-08-22 22:41:02.611 /testbed/kedro/templates/project/hooks/utils.py:61 kedro.templates.project.hooks.utils._remove_nested_section event=line locals={'key': "'c6'"}
2026-08-22 22:41:02.611 /testbed/kedro/templates/project/hooks/utils.py:62 kedro.templates.project.hooks.utils._remove_nested_section event=line locals={}
2026-08-22 22:41:02.611 /testbed/kedro/templates/project/hooks/utils.py:60 kedro.templates.project.hooks.utils._remove_nested_section event=line locals={'current_data': "{'y0': {'leafC2': 4, 'extraC2': 40}, 'z0': {'leafC3': 5, 'extraC3': 50}, 'w0': {'leafC4': 6, 'extraC4': 60}, 'v0': {'leafC5': 7}, 'u0': {'leafC6': 8}}"}
2026-08-22 22:41:02.611 /testbed/kedro/templates/project/hooks/utils.py:61 kedro.templates.project.hooks.utils._remove_nested_section event=line locals={'key': "'y0'"}
2026-08-22 22:41:02.611 /testbed/kedro/templates/project/hooks/utils.py:62 kedro.templates.project.hooks.utils._remove_nested_section event=line locals={}
2026-08-22 22:41:02.611 /testbed/kedro/templates/project/hooks/utils.py:60 kedro.templates.project.hooks.utils._remove_nested_section event=line locals={'current_data': "{'leafC2': 4, 'extraC2': 40}"}
2026-08-22 22:41:02.611 /testbed/kedro/templates/project/hooks/utils.py:67 kedro.templates.project.hooks.utils._remove_nested_section event=line locals={}
2026-08-22 22:41:02.611 /testbed/kedro/templates/project/hooks/utils.py:68 kedro.templates.project.hooks.utils._remove_nested_section event=line locals={'current_data': "{'extraC2': 40}", 'data': "{'a0': {'keepA': 10}, 'e0': {'keepE': 12, 'e1': {'e2': {'e3': {'e4': {'e5': {'e6': {'e7': {'e8': {'e9': {'e10': {'e11': {'e12': {'leafE1': 6}}}}}}}}}}}}}, 'project': {'name': 'hard-demo', 'version': '2.4.1', 'authors': ['alice', 'bob', 'carol']}, 'd0': {'d1': {'d2': {'d3': {'d4': {'d5': {'d6': {'d7': {'keepD': 11, 'd8': {'d9': {'d10': {'d11': {'d12': {'d13': {'leafD': 5}}}}}}}}}}}}}}, 'c0': {'c1': {'c2': {'c3': {'c4': {'c5': {'c6': {'y0': {'extraC2': 40}, 'z0': {'leafC3': 5, 'extraC3': 50}, 'w0'..."}
2026-08-22 22:41:02.611 /testbed/kedro/templates/project/hooks/utils.py:69 kedro.templates.project.hooks.utils._remove_nested_section event=line locals={}
2026-08-22 22:41:02.611 /testbed/kedro/templates/project/hooks/utils.py:70 kedro.templates.project.hooks.utils._remove_nested_section event=line locals={'parent_section': "{'a0': {'keepA': 10}, 'e0': {'keepE': 12, 'e1': {'e2': {'e3': {'e4': {'e5': {'e6': {'e7': {'e8': {'e9': {'e10': {'e11': {'e12': {'leafE1': 6}}}}}}}}}}}}}, 'project': {'name': 'hard-demo', 'version': '2.4.1', 'authors': ['alice', 'bob', 'carol']}, 'd0': {'d1': {'d2': {'d3': {'d4': {'d5': {'d6': {'d7': {'keepD': 11, 'd8': {'d9': {'d10': {'d11': {'d12': {'d13': {'leafD': 5}}}}}}}}}}}}}}, 'c0': {'c1': {'c2': {'c3': {'c4': {'c5': {'c6': {'y0': {'extraC2': 40}, 'z0': {'leafC3': 5, 'extraC3': 50}, 'w0'..."}
2026-08-22 22:41:02.611 /testbed/kedro/templates/project/hooks/utils.py:71 kedro.templates.project.hooks.utils._remove_nested_section event=line locals={'key_part': "'c0'"}
2026-08-22 22:41:02.611 /testbed/kedro/templates/project/hooks/utils.py:70 kedro.templates.project.hooks.utils._remove_nested_section event=line locals={'parent_section': "{'c1': {'c2': {'c3': {'c4': {'c5': {'c6': {'y0': {'extraC2': 40}, 'z0': {'leafC3': 5, 'extraC3': 50}, 'w0': {'leafC4': 6, 'extraC4': 60}, 'v0': {'leafC5': 7}, 'u0': {'leafC6': 8}}}}}}}}"}
2026-08-22 22:41:02.611 /testbed/kedro/templates/project/hooks/utils.py:71 kedro.templates.project.hooks.utils._remove_nested_section event=line locals={'key_part': "'c1'"}
2026-08-22 22:41:02.611 /testbed/kedro/templates/project/hooks/utils.py:70 kedro.templates.project.hooks.utils._remove_nested_section event=line locals={'parent_section': "{'c2': {'c3': {'c4': {'c5': {'c6': {'y0': {'extraC2': 40}, 'z0': {'leafC3': 5, 'extraC3': 50}, 'w0': {'leafC4': 6, 'extraC4': 60}, 'v0': {'leafC5': 7}, 'u0': {'leafC6': 8}}}}}}}"}
2026-08-22 22:41:02.611 /testbed/kedro/templates/project/hooks/utils.py:71 kedro.templates.project.hooks.utils._remove_nested_section event=line locals={'key_part': "'c2'"}
2026-08-22 22:41:02.611 /testbed/kedro/templates/project/hooks/utils.py:70 kedro.templates.project.hooks.utils._remove_nested_section event=line locals={'parent_section': "{'c3': {'c4': {'c5': {'c6': {'y0': {'extraC2': 40}, 'z0': {'leafC3': 5, 'extraC3': 50}, 'w0': {'leafC4': 6, 'extraC4': 60}, 'v0': {'leafC5': 7}, 'u0': {'leafC6': 8}}}}}}"}
2026-08-22 22:41:02.611 /testbed/kedro/templates/project/hooks/utils.py:71 kedro.templates.project.hooks.utils._remove_nested_section event=line locals={'key_part': "'c3'"}
2026-08-22 22:41:02.611 /testbed/kedro/templates/project/hooks/utils.py:70 kedro.templates.project.hooks.utils._remove_nested_section event=line locals={'parent_section': "{'c4': {'c5': {'c6': {'y0': {'extraC2': 40}, 'z0': {'leafC3': 5, 'extraC3': 50}, 'w0': {'leafC4': 6, 'extraC4': 60}, 'v0': {'leafC5': 7}, 'u0': {'leafC6': 8}}}}}"}
2026-08-22 22:41:02.611 /testbed/kedro/templates/project/hooks/utils.py:71 kedro.templates.project.hooks.utils._remove_nested_section event=line locals={'key_part': "'c4'"}
2026-08-22 22:41:02.611 /testbed/kedro/templates/project/hooks/utils.py:70 kedro.templates.project.hooks.utils._remove_nested_section event=line locals={'parent_section': "{'c5': {'c6': {'y0': {'extraC2': 40}, 'z0': {'leafC3': 5, 'extraC3': 50}, 'w0': {'leafC4': 6, 'extraC4': 60}, 'v0': {'leafC5': 7}, 'u0': {'leafC6': 8}}}}"}
2026-08-22 22:41:02.611 /testbed/kedro/templates/project/hooks/utils.py:71 kedro.templates.project.hooks.utils._remove_nested_section event=line locals={'key_part': "'c5'"}
2026-08-22 22:41:02.611 /testbed/kedro/templates/project/hooks/utils.py:70 kedro.templates.project.hooks.utils._remove_nested_section event=line locals={'parent_section': "{'c6': {'y0': {'extraC2': 40}, 'z0': {'leafC3': 5, 'extraC3': 50}, 'w0': {'leafC4': 6, 'extraC4': 60}, 'v0': {'leafC5': 7}, 'u0': {'leafC6': 8}}}"}
2026-08-22 22:41:02.611 /testbed/kedro/templates/project/hooks/utils.py:71 kedro.templates.project.hooks.utils._remove_nested_section event=line locals={'key_part': "'c6'"}
2026-08-22 22:41:02.611 /testbed/kedro/templates/project/hooks/utils.py:70 kedro.templates.project.hooks.utils._remove_nested_section event=line locals={'parent_section': "{'y0': {'extraC2': 40}, 'z0': {'leafC3': 5, 'extraC3': 50}, 'w0': {'leafC4': 6, 'extraC4': 60}, 'v0': {'leafC5': 7}, 'u0': {'leafC6': 8}}"}
2026-08-22 22:41:02.611 /testbed/kedro/templates/project/hooks/utils.py:72 kedro.templates.project.hooks.utils._remove_nested_section event=line locals={}
2026-08-22 22:41:02.611 /testbed/kedro/templates/project/hooks/utils.py:76 kedro.templates.project.hooks.utils._remove_nested_section event=line locals={}
2026-08-22 22:41:02.611 /testbed/kedro/templates/project/hooks/utils.py:76 kedro.templates.project.hooks.utils._remove_nested_section event=return retval=None locals={'current_data': "{'extraC2': 40}", 'data': "{'a0': {'keepA': 10}, 'e0': {'keepE': 12, 'e1': {'e2': {'e3': {'e4': {'e5': {'e6': {'e7': {'e8': {'e9': {'e10': {'e11': {'e12': {'leafE1': 6}}}}}}}}}}}}}, 'project': {'name': 'hard-demo', 'version': '2.4.1', 'authors': ['alice', 'bob', 'carol']}, 'd0': {'d1': {'d2': {'d3': {'d4': {'d5': {'d6': {'d7': {'keepD': 11, 'd8': {'d9': {'d10': {'d11': {'d12': {'d13': {'leafD': 5}}}}}}}}}}}}}}, 'c0': {'c1': {'c2': {'c3': {'c4': {'c5': {'c6': {'y0': {'extraC2': 40}, 'z0': {'leafC3': 5, 'extraC3': 50}, 'w0'...", 'key': "'y0'", 'key_part': "'c6'", 'keys': "['c0', 'c1', 'c2', 'c3', 'c4', 'c5', 'c6', 'y0', 'leafC2']", 'nested_key': "'c0.c1.c2.c3.c4.c5.c6.y0.leafC2'", 'parent_section': "{'y0': {'extraC2': 40}, 'z0': {'leafC3': 5, 'extraC3': 50}, 'w0': {'leafC4': 6, 'extraC4': 60}, 'v0': {'leafC5': 7}, 'u0': {'leafC6': 8}}"}
2026-08-22 22:41:02.611 /testbed/kedro/templates/project/hooks/utils.py:50 kedro.templates.project.hooks.utils._remove_nested_section event=call locals={'data': "{'a0': {'keepA': 10}, 'e0': {'keepE': 12, 'e1': {'e2': {'e3': {'e4': {'e5': {'e6': {'e7': {'e8': {'e9': {'e10': {'e11': {'e12': {'leafE1': 6}}}}}}}}}}}}}, 'project': {'name': 'hard-demo', 'version': '2.4.1', 'authors': ['alice', 'bob', 'carol']}, 'd0': {'d1': {'d2': {'d3': {'d4': {'d5': {'d6': {'d7': {'keepD': 11, 'd8': {'d9': {'d10': {'d11': {'d12': {'d13': {'leafD': 5}}}}}}}}}}}}}}, 'c0': {'c1': {'c2': {'c3': {'c4': {'c5': {'c6': {'y0': {'extraC2': 40}, 'z0': {'leafC3': 5, 'extraC3': 50}, 'w0'...", 'nested_key': "'c0.c1.c2.c3.c4.c5.c6.y0.extraC2'"}
2026-08-22 22:41:02.611 /testbed/kedro/templates/project/hooks/utils.py:57 kedro.templates.project.hooks.utils._remove_nested_section event=line locals={}
2026-08-22 22:41:02.611 /testbed/kedro/templates/project/hooks/utils.py:58 kedro.templates.project.hooks.utils._remove_nested_section event=line locals={'keys': "['c0', 'c1', 'c2', 'c3', 'c4', 'c5', 'c6', 'y0', 'extraC2']"}
2026-08-22 22:41:02.611 /testbed/kedro/templates/project/hooks/utils.py:60 kedro.templates.project.hooks.utils._remove_nested_section event=line locals={'current_data': "{'a0': {'keepA': 10}, 'e0': {'keepE': 12, 'e1': {'e2': {'e3': {'e4': {'e5': {'e6': {'e7': {'e8': {'e9': {'e10': {'e11': {'e12': {'leafE1': 6}}}}}}}}}}}}}, 'project': {'name': 'hard-demo', 'version': '2.4.1', 'authors': ['alice', 'bob', 'carol']}, 'd0': {'d1': {'d2': {'d3': {'d4': {'d5': {'d6': {'d7': {'keepD': 11, 'd8': {'d9': {'d10': {'d11': {'d12': {'d13': {'leafD': 5}}}}}}}}}}}}}}, 'c0': {'c1': {'c2': {'c3': {'c4': {'c5': {'c6': {'y0': {'extraC2': 40}, 'z0': {'leafC3': 5, 'extraC3': 50}, 'w0'..."}
2026-08-22 22:41:02.612 /testbed/kedro/templates/project/hooks/utils.py:61 kedro.templates.project.hooks.utils._remove_nested_section event=line locals={'key': "'c0'"}
2026-08-22 22:41:02.612 /testbed/kedro/templates/project/hooks/utils.py:62 kedro.templates.project.hooks.utils._remove_nested_section event=line locals={}
2026-08-22 22:41:02.612 /testbed/kedro/templates/project/hooks/utils.py:60 kedro.templates.project.hooks.utils._remove_nested_section event=line locals={'current_data': "{'c1': {'c2': {'c3': {'c4': {'c5': {'c6': {'y0': {'extraC2': 40}, 'z0': {'leafC3': 5, 'extraC3': 50}, 'w0': {'leafC4': 6, 'extraC4': 60}, 'v0': {'leafC5': 7}, 'u0': {'leafC6': 8}}}}}}}}"}
2026-08-22 22:41:02.612 /testbed/kedro/templates/project/hooks/utils.py:61 kedro.templates.project.hooks.utils._remove_nested_section event=line locals={'key': "'c1'"}
2026-08-22 22:41:02.612 /testbed/kedro/templates/project/hooks/utils.py:62 kedro.templates.project.hooks.utils._remove_nested_section event=line locals={}
2026-08-22 22:41:02.612 /testbed/kedro/templates/project/hooks/utils.py:60 kedro.templates.project.hooks.utils._remove_nested_section event=line locals={'current_data': "{'c2': {'c3': {'c4': {'c5': {'c6': {'y0': {'extraC2': 40}, 'z0': {'leafC3': 5, 'extraC3': 50}, 'w0': {'leafC4': 6, 'extraC4': 60}, 'v0': {'leafC5': 7}, 'u0': {'leafC6': 8}}}}}}}"}
2026-08-22 22:41:02.612 /testbed/kedro/templates/project/hooks/utils.py:61 kedro.templates.project.hooks.utils._remove_nested_section event=line locals={'key': "'c2'"}
2026-08-22 22:41:02.612 /testbed/kedro/templates/project/hooks/utils.py:62 kedro.templates.project.hooks.utils._remove_nested_section event=line locals={}
2026-08-22 22:41:02.612 /testbed/kedro/templates/project/hooks/utils.py:60 kedro.templates.project.hooks.utils._remove_nested_section event=line locals={'current_data': "{'c3': {'c4': {'c5': {'c6': {'y0': {'extraC2': 40}, 'z0': {'leafC3': 5, 'extraC3': 50}, 'w0': {'leafC4': 6, 'extraC4': 60}, 'v0': {'leafC5': 7}, 'u0': {'leafC6': 8}}}}}}"}
2026-08-22 22:41:02.612 /testbed/kedro/templates/project/hooks/utils.py:61 kedro.templates.project.hooks.utils._remove_nested_section event=line locals={'key': "'c3'"}
2026-08-22 22:41:02.612 /testbed/kedro/templates/project/hooks/utils.py:62 kedro.templates.project.hooks.utils._remove_nested_section event=line locals={}
2026-08-22 22:41:02.612 /testbed/kedro/templates/project/hooks/utils.py:60 kedro.templates.project.hooks.utils._remove_nested_section event=line locals={'current_data': "{'c4': {'c5': {'c6': {'y0': {'extraC2': 40}, 'z0': {'leafC3': 5, 'extraC3': 50}, 'w0': {'leafC4': 6, 'extraC4': 60}, 'v0': {'leafC5': 7}, 'u0': {'leafC6': 8}}}}}"}
2026-08-22 22:41:02.612 /testbed/kedro/templates/project/hooks/utils.py:61 kedro.templates.project.hooks.utils._remove_nested_section event=line locals={'key': "'c4'"}
2026-08-22 22:41:02.612 /testbed/kedro/templates/project/hooks/utils.py:62 kedro.templates.project.hooks.utils._remove_nested_section event=line locals={}
2026-08-22 22:41:02.612 /testbed/kedro/templates/project/hooks/utils.py:60 kedro.templates.project.hooks.utils._remove_nested_section event=line locals={'current_data': "{'c5': {'c6': {'y0': {'extraC2': 40}, 'z0': {'leafC3': 5, 'extraC3': 50}, 'w0': {'leafC4': 6, 'extraC4': 60}, 'v0': {'leafC5': 7}, 'u0': {'leafC6': 8}}}}"}
2026-08-22 22:41:02.612 /testbed/kedro/templates/project/hooks/utils.py:61 kedro.templates.project.hooks.utils._remove_nested_section event=line locals={'key': "'c5'"}
2026-08-22 22:41:02.612 /testbed/kedro/templates/project/hooks/utils.py:62 kedro.templates.project.hooks.utils._remove_nested_section event=line locals={}
2026-08-22 22:41:02.612 /testbed/kedro/templates/project/hooks/utils.py:60 kedro.templates.project.hooks.utils._remove_nested_section event=line locals={'current_data': "{'c6': {'y0': {'extraC2': 40}, 'z0': {'leafC3': 5, 'extraC3': 50}, 'w0': {'leafC4': 6, 'extraC4': 60}, 'v0': {'leafC5': 7}, 'u0': {'leafC6': 8}}}"}
2026-08-22 22:41:02.612 /testbed/kedro/templates/project/hooks/utils.py:61 kedro.templates.project.hooks.utils._remove_nested_section event=line locals={'key': "'c6'"}
2026-08-22 22:41:02.612 /testbed/kedro/templates/project/hooks/utils.py:62 kedro.templates.project.hooks.utils._remove_nested_section event=line locals={}
2026-08-22 22:41:02.612 /testbed/kedro/templates/project/hooks/utils.py:60 kedro.templates.project.hooks.utils._remove_nested_section event=line locals={'current_data': "{'y0': {'extraC2': 40}, 'z0': {'leafC3': 5, 'extraC3': 50}, 'w0': {'leafC4': 6, 'extraC4': 60}, 'v0': {'leafC5': 7}, 'u0': {'leafC6': 8}}"}
2026-08-22 22:41:02.612 /testbed/kedro/templates/project/hooks/utils.py:61 kedro.templates.project.hooks.utils._remove_nested_section event=line locals={'key': "'y0'"}
2026-08-22 22:41:02.612 /testbed/kedro/templates/project/hooks/utils.py:62 kedro.templates.project.hooks.utils._remove_nested_section event=line locals={}
2026-08-22 22:41:02.612 /testbed/kedro/templates/project/hooks/utils.py:60 kedro.templates.project.hooks.utils._remove_nested_section event=line locals={'current_data': "{'extraC2': 40}"}
2026-08-22 22:41:02.612 /testbed/kedro/templates/project/hooks/utils.py:67 kedro.templates.project.hooks.utils._remove_nested_section event=line locals={}
2026-08-22 22:41:02.612 /testbed/kedro/templates/project/hooks/utils.py:68 kedro.templates.project.hooks.utils._remove_nested_section event=line locals={'current_data': '{}', 'data': "{'a0': {'keepA': 10}, 'e0': {'keepE': 12, 'e1': {'e2': {'e3': {'e4': {'e5': {'e6': {'e7': {'e8': {'e9': {'e10': {'e11': {'e12': {'leafE1': 6}}}}}}}}}}}}}, 'project': {'name': 'hard-demo', 'version': '2.4.1', 'authors': ['alice', 'bob', 'carol']}, 'd0': {'d1': {'d2': {'d3': {'d4': {'d5': {'d6': {'d7': {'keepD': 11, 'd8': {'d9': {'d10': {'d11': {'d12': {'d13': {'leafD': 5}}}}}}}}}}}}}}, 'c0': {'c1': {'c2': {'c3': {'c4': {'c5': {'c6': {'y0': {}, 'z0': {'leafC3': 5, 'extraC3': 50}, 'w0': {'leafC4': ..."}
2026-08-22 22:41:02.612 /testbed/kedro/templates/project/hooks/utils.py:69 kedro.templates.project.hooks.utils._remove_nested_section event=line locals={}
2026-08-22 22:41:02.612 /testbed/kedro/templates/project/hooks/utils.py:70 kedro.templates.project.hooks.utils._remove_nested_section event=line locals={'parent_section': "{'a0': {'keepA': 10}, 'e0': {'keepE': 12, 'e1': {'e2': {'e3': {'e4': {'e5': {'e6': {'e7': {'e8': {'e9': {'e10': {'e11': {'e12': {'leafE1': 6}}}}}}}}}}}}}, 'project': {'name': 'hard-demo', 'version': '2.4.1', 'authors': ['alice', 'bob', 'carol']}, 'd0': {'d1': {'d2': {'d3': {'d4': {'d5': {'d6': {'d7': {'keepD': 11, 'd8': {'d9': {'d10': {'d11': {'d12': {'d13': {'leafD': 5}}}}}}}}}}}}}}, 'c0': {'c1': {'c2': {'c3': {'c4': {'c5': {'c6': {'y0': {}, 'z0': {'leafC3': 5, 'extraC3': 50}, 'w0': {'leafC4': ..."}
2026-08-22 22:41:02.612 /testbed/kedro/templates/project/hooks/utils.py:71 kedro.templates.project.hooks.utils._remove_nested_section event=line locals={'key_part': "'c0'"}
2026-08-22 22:41:02.612 /testbed/kedro/templates/project/hooks/utils.py:70 kedro.templates.project.hooks.utils._remove_nested_section event=line locals={'parent_section': "{'c1': {'c2': {'c3': {'c4': {'c5': {'c6': {'y0': {}, 'z0': {'leafC3': 5, 'extraC3': 50}, 'w0': {'leafC4': 6, 'extraC4': 60}, 'v0': {'leafC5': 7}, 'u0': {'leafC6': 8}}}}}}}}"}
2026-08-22 22:41:02.612 /testbed/kedro/templates/project/hooks/utils.py:71 kedro.templates.project.hooks.utils._remove_nested_section event=line locals={'key_part': "'c1'"}
2026-08-22 22:41:02.612 /testbed/kedro/templates/project/hooks/utils.py:70 kedro.templates.project.hooks.utils._remove_nested_section event=line locals={'parent_section': "{'c2': {'c3': {'c4': {'c5': {'c6': {'y0': {}, 'z0': {'leafC3': 5, 'extraC3': 50}, 'w0': {'leafC4': 6, 'extraC4': 60}, 'v0': {'leafC5': 7}, 'u0': {'leafC6': 8}}}}}}}"}
2026-08-22 22:41:02.612 /testbed/kedro/templates/project/hooks/utils.py:71 kedro.templates.project.hooks.utils._remove_nested_section event=line locals={'key_part': "'c2'"}
2026-08-22 22:41:02.612 /testbed/kedro/templates/project/hooks/utils.py:70 kedro.templates.project.hooks.utils._remove_nested_section event=line locals={'parent_section': "{'c3': {'c4': {'c5': {'c6': {'y0': {}, 'z0': {'leafC3': 5, 'extraC3': 50}, 'w0': {'leafC4': 6, 'extraC4': 60}, 'v0': {'leafC5': 7}, 'u0': {'leafC6': 8}}}}}}"}
2026-08-22 22:41:02.612 /testbed/kedro/templates/project/hooks/utils.py:71 kedro.templates.project.hooks.utils._remove_nested_section event=line locals={'key_part': "'c3'"}
2026-08-22 22:41:02.612 /testbed/kedro/templates/project/hooks/utils.py:70 kedro.templates.project.hooks.utils._remove_nested_section event=line locals={'parent_section': "{'c4': {'c5': {'c6': {'y0': {}, 'z0': {'leafC3': 5, 'extraC3': 50}, 'w0': {'leafC4': 6, 'extraC4': 60}, 'v0': {'leafC5': 7}, 'u0': {'leafC6': 8}}}}}"}
2026-08-22 22:41:02.612 /testbed/kedro/templates/project/hooks/utils.py:71 kedro.templates.project.hooks.utils._remove_nested_section event=line locals={'key_part': "'c4'"}
2026-08-22 22:41:02.612 /testbed/kedro/templates/project/hooks/utils.py:70 kedro.templates.project.hooks.utils._remove_nested_section event=line locals={'parent_section': "{'c5': {'c6': {'y0': {}, 'z0': {'leafC3': 5, 'extraC3': 50}, 'w0': {'leafC4': 6, 'extraC4': 60}, 'v0': {'leafC5': 7}, 'u0': {'leafC6': 8}}}}"}
2026-08-22 22:41:02.612 /testbed/kedro/templates/project/hooks/utils.py:71 kedro.templates.project.hooks.utils._remove_nested_section event=line locals={'key_part': "'c5'"}
2026-08-22 22:41:02.612 /testbed/kedro/templates/project/hooks/utils.py:70 kedro.templates.project.hooks.utils._remove_nested_section event=line locals={'parent_section': "{'c6': {'y0': {}, 'z0': {'leafC3': 5, 'extraC3': 50}, 'w0': {'leafC4': 6, 'extraC4': 60}, 'v0': {'leafC5': 7}, 'u0': {'leafC6': 8}}}"}
2026-08-22 22:41:02.612 /testbed/kedro/templates/project/hooks/utils.py:71 kedro.templates.project.hooks.utils._remove_nested_section event=line locals={'key_part': "'c6'"}
2026-08-22 22:41:02.612 /testbed/kedro/templates/project/hooks/utils.py:70 kedro.templates.project.hooks.utils._remove_nested_section event=line locals={'parent_section': "{'y0': {}, 'z0': {'leafC3': 5, 'extraC3': 50}, 'w0': {'leafC4': 6, 'extraC4': 60}, 'v0': {'leafC5': 7}, 'u0': {'leafC6': 8}}"}
2026-08-22 22:41:02.612 /testbed/kedro/templates/project/hooks/utils.py:72 kedro.templates.project.hooks.utils._remove_nested_section event=line locals={}
2026-08-22 22:41:02.612 /testbed/kedro/templates/project/hooks/utils.py:73 kedro.templates.project.hooks.utils._remove_nested_section event=line locals={}
2026-08-22 22:41:02.613 /testbed/kedro/templates/project/hooks/utils.py:74 kedro.templates.project.hooks.utils._remove_nested_section event=line locals={'data': "{'a0': {'keepA': 10}, 'e0': {'keepE': 12, 'e1': {'e2': {'e3': {'e4': {'e5': {'e6': {'e7': {'e8': {'e9': {'e10': {'e11': {'e12': {'leafE1': 6}}}}}}}}}}}}}, 'project': {'name': 'hard-demo', 'version': '2.4.1', 'authors': ['alice', 'bob', 'carol']}, 'd0': {'d1': {'d2': {'d3': {'d4': {'d5': {'d6': {'d7': {'keepD': 11, 'd8': {'d9': {'d10': {'d11': {'d12': {'d13': {'leafD': 5}}}}}}}}}}}}}}, 'c0': {'c1': {'c2': {'c3': {'c4': {'c5': {'c6': {'z0': {'leafC3': 5, 'extraC3': 50}, 'w0': {'leafC4': 6, 'extraC...", 'parent_section': "{'z0': {'leafC3': 5, 'extraC3': 50}, 'w0': {'leafC4': 6, 'extraC4': 60}, 'v0': {'leafC5': 7}, 'u0': {'leafC6': 8}}"}
2026-08-22 22:41:02.613 /testbed/kedro/templates/project/hooks/utils.py:68 kedro.templates.project.hooks.utils._remove_nested_section event=line locals={'current_data': "{'z0': {'leafC3': 5, 'extraC3': 50}, 'w0': {'leafC4': 6, 'extraC4': 60}, 'v0': {'leafC5': 7}, 'u0': {'leafC6': 8}}"}
2026-08-22 22:41:02.613 /testbed/kedro/templates/project/hooks/utils.py:69 kedro.templates.project.hooks.utils._remove_nested_section event=line locals={'key': "'c6'"}
2026-08-22 22:41:02.613 /testbed/kedro/templates/project/hooks/utils.py:70 kedro.templates.project.hooks.utils._remove_nested_section event=line locals={'parent_section': "{'a0': {'keepA': 10}, 'e0': {'keepE': 12, 'e1': {'e2': {'e3': {'e4': {'e5': {'e6': {'e7': {'e8': {'e9': {'e10': {'e11': {'e12': {'leafE1': 6}}}}}}}}}}}}}, 'project': {'name': 'hard-demo', 'version': '2.4.1', 'authors': ['alice', 'bob', 'carol']}, 'd0': {'d1': {'d2': {'d3': {'d4': {'d5': {'d6': {'d7': {'keepD': 11, 'd8': {'d9': {'d10': {'d11': {'d12': {'d13': {'leafD': 5}}}}}}}}}}}}}}, 'c0': {'c1': {'c2': {'c3': {'c4': {'c5': {'c6': {'z0': {'leafC3': 5, 'extraC3': 50}, 'w0': {'leafC4': 6, 'extraC..."}
2026-08-22 22:41:02.613 /testbed/kedro/templates/project/hooks/utils.py:71 kedro.templates.project.hooks.utils._remove_nested_section event=line locals={'key_part': "'c0'"}
2026-08-22 22:41:02.613 /testbed/kedro/templates/project/hooks/utils.py:70 kedro.templates.project.hooks.utils._remove_nested_section event=line locals={'parent_section': "{'c1': {'c2': {'c3': {'c4': {'c5': {'c6': {'z0': {'leafC3': 5, 'extraC3': 50}, 'w0': {'leafC4': 6, 'extraC4': 60}, 'v0': {'leafC5': 7}, 'u0': {'leafC6': 8}}}}}}}}"}
2026-08-22 22:41:02.613 /testbed/kedro/templates/project/hooks/utils.py:71 kedro.templates.project.hooks.utils._remove_nested_section event=line locals={'key_part': "'c1'"}
2026-08-22 22:41:02.613 /testbed/kedro/templates/project/hooks/utils.py:70 kedro.templates.project.hooks.utils._remove_nested_section event=line locals={'parent_section': "{'c2': {'c3': {'c4': {'c5': {'c6': {'z0': {'leafC3': 5, 'extraC3': 50}, 'w0': {'leafC4': 6, 'extraC4': 60}, 'v0': {'leafC5': 7}, 'u0': {'leafC6': 8}}}}}}}"}
2026-08-22 22:41:02.613 /testbed/kedro/templates/project/hooks/utils.py:71 kedro.templates.project.hooks.utils._remove_nested_section event=line locals={'key_part': "'c2'"}
2026-08-22 22:41:02.613 /testbed/kedro/templates/project/hooks/utils.py:70 kedro.templates.project.hooks.utils._remove_nested_section event=line locals={'parent_section': "{'c3': {'c4': {'c5': {'c6': {'z0': {'leafC3': 5, 'extraC3': 50}, 'w0': {'leafC4': 6, 'extraC4': 60}, 'v0': {'leafC5': 7}, 'u0': {'leafC6': 8}}}}}}"}
2026-08-22 22:41:02.613 /testbed/kedro/templates/project/hooks/utils.py:71 kedro.templates.project.hooks.utils._remove_nested_section event=line locals={'key_part': "'c3'"}
2026-08-22 22:41:02.613 /testbed/kedro/templates/project/hooks/utils.py:70 kedro.templates.project.hooks.utils._remove_nested_section event=line locals={'parent_section': "{'c4': {'c5': {'c6': {'z0': {'leafC3': 5, 'extraC3': 50}, 'w0': {'leafC4': 6, 'extraC4': 60}, 'v0': {'leafC5': 7}, 'u0': {'leafC6': 8}}}}}"}
2026-08-22 22:41:02.613 /testbed/kedro/templates/project/hooks/utils.py:71 kedro.templates.project.hooks.utils._remove_nested_section event=line locals={'key_part': "'c4'"}
2026-08-22 22:41:02.613 /testbed/kedro/templates/project/hooks/utils.py:70 kedro.templates.project.hooks.utils._remove_nested_section event=line locals={'parent_section': "{'c5': {'c6': {'z0': {'leafC3': 5, 'extraC3': 50}, 'w0': {'leafC4': 6, 'extraC4': 60}, 'v0': {'leafC5': 7}, 'u0': {'leafC6': 8}}}}"}
2026-08-22 22:41:02.613 /testbed/kedro/templates/project/hooks/utils.py:71 kedro.templates.project.hooks.utils._remove_nested_section event=line locals={'key_part': "'c5'"}
2026-08-22 22:41:02.613 /testbed/kedro/templates/project/hooks/utils.py:70 kedro.templates.project.hooks.utils._remove_nested_section event=line locals={'parent_section': "{'c6': {'z0': {'leafC3': 5, 'extraC3': 50}, 'w0': {'leafC4': 6, 'extraC4': 60}, 'v0': {'leafC5': 7}, 'u0': {'leafC6': 8}}}"}
2026-08-22 22:41:02.613 /testbed/kedro/templates/project/hooks/utils.py:72 kedro.templates.project.hooks.utils._remove_nested_section event=line locals={}
2026-08-22 22:41:02.613 /testbed/kedro/templates/project/hooks/utils.py:76 kedro.templates.project.hooks.utils._remove_nested_section event=line locals={}
2026-08-22 22:41:02.613 /testbed/kedro/templates/project/hooks/utils.py:76 kedro.templates.project.hooks.utils._remove_nested_section event=return retval=None locals={'current_data': "{'z0': {'leafC3': 5, 'extraC3': 50}, 'w0': {'leafC4': 6, 'extraC4': 60}, 'v0': {'leafC5': 7}, 'u0': {'leafC6': 8}}", 'data': "{'a0': {'keepA': 10}, 'e0': {'keepE': 12, 'e1': {'e2': {'e3': {'e4': {'e5': {'e6': {'e7': {'e8': {'e9': {'e10': {'e11': {'e12': {'leafE1': 6}}}}}}}}}}}}}, 'project': {'name': 'hard-demo', 'version': '2.4.1', 'authors': ['alice', 'bob', 'carol']}, 'd0': {'d1': {'d2': {'d3': {'d4': {'d5': {'d6': {'d7': {'keepD': 11, 'd8': {'d9': {'d10': {'d11': {'d12': {'d13': {'leafD': 5}}}}}}}}}}}}}}, 'c0': {'c1': {'c2': {'c3': {'c4': {'c5': {'c6': {'z0': {'leafC3': 5, 'extraC3': 50}, 'w0': {'leafC4': 6, 'extraC...", 'key': "'c6'", 'key_part': "'c5'", 'keys': "['c0', 'c1', 'c2', 'c3', 'c4', 'c5', 'c6', 'y0', 'extraC2']", 'nested_key': "'c0.c1.c2.c3.c4.c5.c6.y0.extraC2'", 'parent_section': "{'c6': {'z0': {'leafC3': 5, 'extraC3': 50}, 'w0': {'leafC4': 6, 'extraC4': 60}, 'v0': {'leafC5': 7}, 'u0': {'leafC6': 8}}}"}
2026-08-22 22:41:02.613 /testbed/kedro/templates/project/hooks/utils.py:50 kedro.templates.project.hooks.utils._remove_nested_section event=call locals={'data': "{'a0': {'keepA': 10}, 'e0': {'keepE': 12, 'e1': {'e2': {'e3': {'e4': {'e5': {'e6': {'e7': {'e8': {'e9': {'e10': {'e11': {'e12': {'leafE1': 6}}}}}}}}}}}}}, 'project': {'name': 'hard-demo', 'version': '2.4.1', 'authors': ['alice', 'bob', 'carol']}, 'd0': {'d1': {'d2': {'d3': {'d4': {'d5': {'d6': {'d7': {'keepD': 11, 'd8': {'d9': {'d10': {'d11': {'d12': {'d13': {'leafD': 5}}}}}}}}}}}}}}, 'c0': {'c1': {'c2': {'c3': {'c4': {'c5': {'c6': {'z0': {'leafC3': 5, 'extraC3': 50}, 'w0': {'leafC4': 6, 'extraC...", 'nested_key': "'c0.c1.c2.c3.c4.c5.c6.z0.leafC3'"}
2026-08-22 22:41:02.613 /testbed/kedro/templates/project/hooks/utils.py:57 kedro.templates.project.hooks.utils._remove_nested_section event=line locals={}
2026-08-22 22:41:02.613 /testbed/kedro/templates/project/hooks/utils.py:58 kedro.templates.project.hooks.utils._remove_nested_section event=line locals={'keys': "['c0', 'c1', 'c2', 'c3', 'c4', 'c5', 'c6', 'z0', 'leafC3']"}
2026-08-22 22:41:02.613 /testbed/kedro/templates/project/hooks/utils.py:60 kedro.templates.project.hooks.utils._remove_nested_section event=line locals={'current_data': "{'a0': {'keepA': 10}, 'e0': {'keepE': 12, 'e1': {'e2': {'e3': {'e4': {'e5': {'e6': {'e7': {'e8': {'e9': {'e10': {'e11': {'e12': {'leafE1': 6}}}}}}}}}}}}}, 'project': {'name': 'hard-demo', 'version': '2.4.1', 'authors': ['alice', 'bob', 'carol']}, 'd0': {'d1': {'d2': {'d3': {'d4': {'d5': {'d6': {'d7': {'keepD': 11, 'd8': {'d9': {'d10': {'d11': {'d12': {'d13': {'leafD': 5}}}}}}}}}}}}}}, 'c0': {'c1': {'c2': {'c3': {'c4': {'c5': {'c6': {'z0': {'leafC3': 5, 'extraC3': 50}, 'w0': {'leafC4': 6, 'extraC..."}
2026-08-22 22:41:02.613 /testbed/kedro/templates/project/hooks/utils.py:61 kedro.templates.project.hooks.utils._remove_nested_section event=line locals={'key': "'c0'"}
2026-08-22 22:41:02.613 /testbed/kedro/templates/project/hooks/utils.py:62 kedro.templates.project.hooks.utils._remove_nested_section event=line locals={}
2026-08-22 22:41:02.613 /testbed/kedro/templates/project/hooks/utils.py:60 kedro.templates.project.hooks.utils._remove_nested_section event=line locals={'current_data': "{'c1': {'c2': {'c3': {'c4': {'c5': {'c6': {'z0': {'leafC3': 5, 'extraC3': 50}, 'w0': {'leafC4': 6, 'extraC4': 60}, 'v0': {'leafC5': 7}, 'u0': {'leafC6': 8}}}}}}}}"}
2026-08-22 22:41:02.613 /testbed/kedro/templates/project/hooks/utils.py:61 kedro.templates.project.hooks.utils._remove_nested_section event=line locals={'key': "'c1'"}
2026-08-22 22:41:02.613 /testbed/kedro/templates/project/hooks/utils.py:62 kedro.templates.project.hooks.utils._remove_nested_section event=line locals={}
2026-08-22 22:41:02.613 /testbed/kedro/templates/project/hooks/utils.py:60 kedro.templates.project.hooks.utils._remove_nested_section event=line locals={'current_data': "{'c2': {'c3': {'c4': {'c5': {'c6': {'z0': {'leafC3': 5, 'extraC3': 50}, 'w0': {'leafC4': 6, 'extraC4': 60}, 'v0': {'leafC5': 7}, 'u0': {'leafC6': 8}}}}}}}"}
2026-08-22 22:41:02.613 /testbed/kedro/templates/project/hooks/utils.py:61 kedro.templates.project.hooks.utils._remove_nested_section event=line locals={'key': "'c2'"}
2026-08-22 22:41:02.613 /testbed/kedro/templates/project/hooks/utils.py:62 kedro.templates.project.hooks.utils._remove_nested_section event=line locals={}
2026-08-22 22:41:02.613 /testbed/kedro/templates/project/hooks/utils.py:60 kedro.templates.project.hooks.utils._remove_nested_section event=line locals={'current_data': "{'c3': {'c4': {'c5': {'c6': {'z0': {'leafC3': 5, 'extraC3': 50}, 'w0': {'leafC4': 6, 'extraC4': 60}, 'v0': {'leafC5': 7}, 'u0': {'leafC6': 8}}}}}}"}
2026-08-22 22:41:02.613 /testbed/kedro/templates/project/hooks/utils.py:61 kedro.templates.project.hooks.utils._remove_nested_section event=line locals={'key': "'c3'"}
2026-08-22 22:41:02.613 /testbed/kedro/templates/project/hooks/utils.py:62 kedro.templates.project.hooks.utils._remove_nested_section event=line locals={}
2026-08-22 22:41:02.613 /testbed/kedro/templates/project/hooks/utils.py:60 kedro.templates.project.hooks.utils._remove_nested_section event=line locals={'current_data': "{'c4': {'c5': {'c6': {'z0': {'leafC3': 5, 'extraC3': 50}, 'w0': {'leafC4': 6, 'extraC4': 60}, 'v0': {'leafC5': 7}, 'u0': {'leafC6': 8}}}}}"}
2026-08-22 22:41:02.613 /testbed/kedro/templates/project/hooks/utils.py:61 kedro.templates.project.hooks.utils._remove_nested_section event=line locals={'key': "'c4'"}
2026-08-22 22:41:02.613 /testbed/kedro/templates/project/hooks/utils.py:62 kedro.templates.project.hooks.utils._remove_nested_section event=line locals={}
2026-08-22 22:41:02.613 /testbed/kedro/templates/project/hooks/utils.py:60 kedro.templates.project.hooks.utils._remove_nested_section event=line locals={'current_data': "{'c5': {'c6': {'z0': {'leafC3': 5, 'extraC3': 50}, 'w0': {'leafC4': 6, 'extraC4': 60}, 'v0': {'leafC5': 7}, 'u0': {'leafC6': 8}}}}"}
2026-08-22 22:41:02.613 /testbed/kedro/templates/project/hooks/utils.py:61 kedro.templates.project.hooks.utils._remove_nested_section event=line locals={'key': "'c5'"}
2026-08-22 22:41:02.613 /testbed/kedro/templates/project/hooks/utils.py:62 kedro.templates.project.hooks.utils._remove_nested_section event=line locals={}
2026-08-22 22:41:02.613 /testbed/kedro/templates/project/hooks/utils.py:60 kedro.templates.project.hooks.utils._remove_nested_section event=line locals={'current_data': "{'c6': {'z0': {'leafC3': 5, 'extraC3': 50}, 'w0': {'leafC4': 6, 'extraC4': 60}, 'v0': {'leafC5': 7}, 'u0': {'leafC6': 8}}}"}
2026-08-22 22:41:02.613 /testbed/kedro/templates/project/hooks/utils.py:61 kedro.templates.project.hooks.utils._remove_nested_section event=line locals={'key': "'c6'"}
2026-08-22 22:41:02.613 /testbed/kedro/templates/project/hooks/utils.py:62 kedro.templates.project.hooks.utils._remove_nested_section event=line locals={}
2026-08-22 22:41:02.614 /testbed/kedro/templates/project/hooks/utils.py:60 kedro.templates.project.hooks.utils._remove_nested_section event=line locals={'current_data': "{'z0': {'leafC3': 5, 'extraC3': 50}, 'w0': {'leafC4': 6, 'extraC4': 60}, 'v0': {'leafC5': 7}, 'u0': {'leafC6': 8}}"}
2026-08-22 22:41:02.614 /testbed/kedro/templates/project/hooks/utils.py:61 kedro.templates.project.hooks.utils._remove_nested_section event=line locals={'key': "'z0'"}
2026-08-22 22:41:02.614 /testbed/kedro/templates/project/hooks/utils.py:62 kedro.templates.project.hooks.utils._remove_nested_section event=line locals={}
2026-08-22 22:41:02.614 /testbed/kedro/templates/project/hooks/utils.py:60 kedro.templates.project.hooks.utils._remove_nested_section event=line locals={'current_data': "{'leafC3': 5, 'extraC3': 50}"}
2026-08-22 22:41:02.614 /testbed/kedro/templates/project/hooks/utils.py:67 kedro.templates.project.hooks.utils._remove_nested_section event=line locals={}
2026-08-22 22:41:02.614 /testbed/kedro/templates/project/hooks/utils.py:68 kedro.templates.project.hooks.utils._remove_nested_section event=line locals={'current_data': "{'extraC3': 50}", 'data': "{'a0': {'keepA': 10}, 'e0': {'keepE': 12, 'e1': {'e2': {'e3': {'e4': {'e5': {'e6': {'e7': {'e8': {'e9': {'e10': {'e11': {'e12': {'leafE1': 6}}}}}}}}}}}}}, 'project': {'name': 'hard-demo', 'version': '2.4.1', 'authors': ['alice', 'bob', 'carol']}, 'd0': {'d1': {'d2': {'d3': {'d4': {'d5': {'d6': {'d7': {'keepD': 11, 'd8': {'d9': {'d10': {'d11': {'d12': {'d13': {'leafD': 5}}}}}}}}}}}}}}, 'c0': {'c1': {'c2': {'c3': {'c4': {'c5': {'c6': {'z0': {'extraC3': 50}, 'w0': {'leafC4': 6, 'extraC4': 60}, 'v0'..."}
2026-08-22 22:41:02.614 /testbed/kedro/templates/project/hooks/utils.py:69 kedro.templates.project.hooks.utils._remove_nested_section event=line locals={}
2026-08-22 22:41:02.614 /testbed/kedro/templates/project/hooks/utils.py:70 kedro.templates.project.hooks.utils._remove_nested_section event=line locals={'parent_section': "{'a0': {'keepA': 10}, 'e0': {'keepE': 12, 'e1': {'e2': {'e3': {'e4': {'e5': {'e6': {'e7': {'e8': {'e9': {'e10': {'e11': {'e12': {'leafE1': 6}}}}}}}}}}}}}, 'project': {'name': 'hard-demo', 'version': '2.4.1', 'authors': ['alice', 'bob', 'carol']}, 'd0': {'d1': {'d2': {'d3': {'d4': {'d5': {'d6': {'d7': {'keepD': 11, 'd8': {'d9': {'d10': {'d11': {'d12': {'d13': {'leafD': 5}}}}}}}}}}}}}}, 'c0': {'c1': {'c2': {'c3': {'c4': {'c5': {'c6': {'z0': {'extraC3': 50}, 'w0': {'leafC4': 6, 'extraC4': 60}, 'v0'..."}
2026-08-22 22:41:02.614 /testbed/kedro/templates/project/hooks/utils.py:71 kedro.templates.project.hooks.utils._remove_nested_section event=line locals={'key_part': "'c0'"}
2026-08-22 22:41:02.614 /testbed/kedro/templates/project/hooks/utils.py:70 kedro.templates.project.hooks.utils._remove_nested_section event=line locals={'parent_section': "{'c1': {'c2': {'c3': {'c4': {'c5': {'c6': {'z0': {'extraC3': 50}, 'w0': {'leafC4': 6, 'extraC4': 60}, 'v0': {'leafC5': 7}, 'u0': {'leafC6': 8}}}}}}}}"}
2026-08-22 22:41:02.614 /testbed/kedro/templates/project/hooks/utils.py:71 kedro.templates.project.hooks.utils._remove_nested_section event=line locals={'key_part': "'c1'"}
2026-08-22 22:41:02.614 /testbed/kedro/templates/project/hooks/utils.py:70 kedro.templates.project.hooks.utils._remove_nested_section event=line locals={'parent_section': "{'c2': {'c3': {'c4': {'c5': {'c6': {'z0': {'extraC3': 50}, 'w0': {'leafC4': 6, 'extraC4': 60}, 'v0': {'leafC5': 7}, 'u0': {'leafC6': 8}}}}}}}"}
2026-08-22 22:41:02.614 /testbed/kedro/templates/project/hooks/utils.py:71 kedro.templates.project.hooks.utils._remove_nested_section event=line locals={'key_part': "'c2'"}
2026-08-22 22:41:02.614 /testbed/kedro/templates/project/hooks/utils.py:70 kedro.templates.project.hooks.utils._remove_nested_section event=line locals={'parent_section': "{'c3': {'c4': {'c5': {'c6': {'z0': {'extraC3': 50}, 'w0': {'leafC4': 6, 'extraC4': 60}, 'v0': {'leafC5': 7}, 'u0': {'leafC6': 8}}}}}}"}
2026-08-22 22:41:02.614 /testbed/kedro/templates/project/hooks/utils.py:71 kedro.templates.project.hooks.utils._remove_nested_section event=line locals={'key_part': "'c3'"}
2026-08-22 22:41:02.614 /testbed/kedro/templates/project/hooks/utils.py:70 kedro.templates.project.hooks.utils._remove_nested_section event=line locals={'parent_section': "{'c4': {'c5': {'c6': {'z0': {'extraC3': 50}, 'w0': {'leafC4': 6, 'extraC4': 60}, 'v0': {'leafC5': 7}, 'u0': {'leafC6': 8}}}}}"}
2026-08-22 22:41:02.614 /testbed/kedro/templates/project/hooks/utils.py:71 kedro.templates.project.hooks.utils._remove_nested_section event=line locals={'key_part': "'c4'"}
2026-08-22 22:41:02.614 /testbed/kedro/templates/project/hooks/utils.py:70 kedro.templates.project.hooks.utils._remove_nested_section event=line locals={'parent_section': "{'c5': {'c6': {'z0': {'extraC3': 50}, 'w0': {'leafC4': 6, 'extraC4': 60}, 'v0': {'leafC5': 7}, 'u0': {'leafC6': 8}}}}"}
2026-08-22 22:41:02.614 /testbed/kedro/templates/project/hooks/utils.py:71 kedro.templates.project.hooks.utils._remove_nested_section event=line locals={'key_part': "'c5'"}
2026-08-22 22:41:02.614 /testbed/kedro/templates/project/hooks/utils.py:70 kedro.templates.project.hooks.utils._remove_nested_section event=line locals={'parent_section': "{'c6': {'z0': {'extraC3': 50}, 'w0': {'leafC4': 6, 'extraC4': 60}, 'v0': {'leafC5': 7}, 'u0': {'leafC6': 8}}}"}
2026-08-22 22:41:02.614 /testbed/kedro/templates/project/hooks/utils.py:71 kedro.templates.project.hooks.utils._remove_nested_section event=line locals={'key_part': "'c6'"}
2026-08-22 22:41:02.614 /testbed/kedro/templates/project/hooks/utils.py:70 kedro.templates.project.hooks.utils._remove_nested_section event=line locals={'parent_section': "{'z0': {'extraC3': 50}, 'w0': {'leafC4': 6, 'extraC4': 60}, 'v0': {'leafC5': 7}, 'u0': {'leafC6': 8}}"}
2026-08-22 22:41:02.614 /testbed/kedro/templates/project/hooks/utils.py:72 kedro.templates.project.hooks.utils._remove_nested_section event=line locals={}
2026-08-22 22:41:02.614 /testbed/kedro/templates/project/hooks/utils.py:76 kedro.templates.project.hooks.utils._remove_nested_section event=line locals={}
2026-08-22 22:41:02.614 /testbed/kedro/templates/project/hooks/utils.py:76 kedro.templates.project.hooks.utils._remove_nested_section event=return retval=None locals={'current_data': "{'extraC3': 50}", 'data': "{'a0': {'keepA': 10}, 'e0': {'keepE': 12, 'e1': {'e2': {'e3': {'e4': {'e5': {'e6': {'e7': {'e8': {'e9': {'e10': {'e11': {'e12': {'leafE1': 6}}}}}}}}}}}}}, 'project': {'name': 'hard-demo', 'version': '2.4.1', 'authors': ['alice', 'bob', 'carol']}, 'd0': {'d1': {'d2': {'d3': {'d4': {'d5': {'d6': {'d7': {'keepD': 11, 'd8': {'d9': {'d10': {'d11': {'d12': {'d13': {'leafD': 5}}}}}}}}}}}}}}, 'c0': {'c1': {'c2': {'c3': {'c4': {'c5': {'c6': {'z0': {'extraC3': 50}, 'w0': {'leafC4': 6, 'extraC4': 60}, 'v0'...", 'key': "'z0'", 'key_part': "'c6'", 'keys': "['c0', 'c1', 'c2', 'c3', 'c4', 'c5', 'c6', 'z0', 'leafC3']", 'nested_key': "'c0.c1.c2.c3.c4.c5.c6.z0.leafC3'", 'parent_section': "{'z0': {'extraC3': 50}, 'w0': {'leafC4': 6, 'extraC4': 60}, 'v0': {'leafC5': 7}, 'u0': {'leafC6': 8}}"}
2026-08-22 22:41:02.614 /testbed/kedro/templates/project/hooks/utils.py:50 kedro.templates.project.hooks.utils._remove_nested_section event=call locals={'data': "{'a0': {'keepA': 10}, 'e0': {'keepE': 12, 'e1': {'e2': {'e3': {'e4': {'e5': {'e6': {'e7': {'e8': {'e9': {'e10': {'e11': {'e12': {'leafE1': 6}}}}}}}}}}}}}, 'project': {'name': 'hard-demo', 'version': '2.4.1', 'authors': ['alice', 'bob', 'carol']}, 'd0': {'d1': {'d2': {'d3': {'d4': {'d5': {'d6': {'d7': {'keepD': 11, 'd8': {'d9': {'d10': {'d11': {'d12': {'d13': {'leafD': 5}}}}}}}}}}}}}}, 'c0': {'c1': {'c2': {'c3': {'c4': {'c5': {'c6': {'z0': {'extraC3': 50}, 'w0': {'leafC4': 6, 'extraC4': 60}, 'v0'...", 'nested_key': "'c0.c1.c2.c3.c4.c5.c6.z0.extraC3'"}
2026-08-22 22:41:02.614 /testbed/kedro/templates/project/hooks/utils.py:57 kedro.templates.project.hooks.utils._remove_nested_section event=line locals={}
2026-08-22 22:41:02.614 /testbed/kedro/templates/project/hooks/utils.py:58 kedro.templates.project.hooks.utils._remove_nested_section event=line locals={'keys': "['c0', 'c1', 'c2', 'c3', 'c4', 'c5', 'c6', 'z0', 'extraC3']"}
2026-08-22 22:41:02.614 /testbed/kedro/templates/project/hooks/utils.py:60 kedro.templates.project.hooks.utils._remove_nested_section event=line locals={'current_data': "{'a0': {'keepA': 10}, 'e0': {'keepE': 12, 'e1': {'e2': {'e3': {'e4': {'e5': {'e6': {'e7': {'e8': {'e9': {'e10': {'e11': {'e12': {'leafE1': 6}}}}}}}}}}}}}, 'project': {'name': 'hard-demo', 'version': '2.4.1', 'authors': ['alice', 'bob', 'carol']}, 'd0': {'d1': {'d2': {'d3': {'d4': {'d5': {'d6': {'d7': {'keepD': 11, 'd8': {'d9': {'d10': {'d11': {'d12': {'d13': {'leafD': 5}}}}}}}}}}}}}}, 'c0': {'c1': {'c2': {'c3': {'c4': {'c5': {'c6': {'z0': {'extraC3': 50}, 'w0': {'leafC4': 6, 'extraC4': 60}, 'v0'..."}
2026-08-22 22:41:02.614 /testbed/kedro/templates/project/hooks/utils.py:61 kedro.templates.project.hooks.utils._remove_nested_section event=line locals={'key': "'c0'"}
2026-08-22 22:41:02.614 /testbed/kedro/templates/project/hooks/utils.py:62 kedro.templates.project.hooks.utils._remove_nested_section event=line locals={}
2026-08-22 22:41:02.614 /testbed/kedro/templates/project/hooks/utils.py:60 kedro.templates.project.hooks.utils._remove_nested_section event=line locals={'current_data': "{'c1': {'c2': {'c3': {'c4': {'c5': {'c6': {'z0': {'extraC3': 50}, 'w0': {'leafC4': 6, 'extraC4': 60}, 'v0': {'leafC5': 7}, 'u0': {'leafC6': 8}}}}}}}}"}
2026-08-22 22:41:02.614 /testbed/kedro/templates/project/hooks/utils.py:61 kedro.templates.project.hooks.utils._remove_nested_section event=line locals={'key': "'c1'"}
2026-08-22 22:41:02.614 /testbed/kedro/templates/project/hooks/utils.py:62 kedro.templates.project.hooks.utils._remove_nested_section event=line locals={}
2026-08-22 22:41:02.614 /testbed/kedro/templates/project/hooks/utils.py:60 kedro.templates.project.hooks.utils._remove_nested_section event=line locals={'current_data': "{'c2': {'c3': {'c4': {'c5': {'c6': {'z0': {'extraC3': 50}, 'w0': {'leafC4': 6, 'extraC4': 60}, 'v0': {'leafC5': 7}, 'u0': {'leafC6': 8}}}}}}}"}
2026-08-22 22:41:02.614 /testbed/kedro/templates/project/hooks/utils.py:61 kedro.templates.project.hooks.utils._remove_nested_section event=line locals={'key': "'c2'"}
2026-08-22 22:41:02.614 /testbed/kedro/templates/project/hooks/utils.py:62 kedro.templates.project.hooks.utils._remove_nested_section event=line locals={}
2026-08-22 22:41:02.614 /testbed/kedro/templates/project/hooks/utils.py:60 kedro.templates.project.hooks.utils._remove_nested_section event=line locals={'current_data': "{'c3': {'c4': {'c5': {'c6': {'z0': {'extraC3': 50}, 'w0': {'leafC4': 6, 'extraC4': 60}, 'v0': {'leafC5': 7}, 'u0': {'leafC6': 8}}}}}}"}
2026-08-22 22:41:02.614 /testbed/kedro/templates/project/hooks/utils.py:61 kedro.templates.project.hooks.utils._remove_nested_section event=line locals={'key': "'c3'"}
2026-08-22 22:41:02.614 /testbed/kedro/templates/project/hooks/utils.py:62 kedro.templates.project.hooks.utils._remove_nested_section event=line locals={}
2026-08-22 22:41:02.614 /testbed/kedro/templates/project/hooks/utils.py:60 kedro.templates.project.hooks.utils._remove_nested_section event=line locals={'current_data': "{'c4': {'c5': {'c6': {'z0': {'extraC3': 50}, 'w0': {'leafC4': 6, 'extraC4': 60}, 'v0': {'leafC5': 7}, 'u0': {'leafC6': 8}}}}}"}
2026-08-22 22:41:02.614 /testbed/kedro/templates/project/hooks/utils.py:61 kedro.templates.project.hooks.utils._remove_nested_section event=line locals={'key': "'c4'"}
2026-08-22 22:41:02.614 /testbed/kedro/templates/project/hooks/utils.py:62 kedro.templates.project.hooks.utils._remove_nested_section event=line locals={}
2026-08-22 22:41:02.614 /testbed/kedro/templates/project/hooks/utils.py:60 kedro.templates.project.hooks.utils._remove_nested_section event=line locals={'current_data': "{'c5': {'c6': {'z0': {'extraC3': 50}, 'w0': {'leafC4': 6, 'extraC4': 60}, 'v0': {'leafC5': 7}, 'u0': {'leafC6': 8}}}}"}
2026-08-22 22:41:02.615 /testbed/kedro/templates/project/hooks/utils.py:61 kedro.templates.project.hooks.utils._remove_nested_section event=line locals={'key': "'c5'"}
2026-08-22 22:41:02.615 /testbed/kedro/templates/project/hooks/utils.py:62 kedro.templates.project.hooks.utils._remove_nested_section event=line locals={}
2026-08-22 22:41:02.615 /testbed/kedro/templates/project/hooks/utils.py:60 kedro.templates.project.hooks.utils._remove_nested_section event=line locals={'current_data': "{'c6': {'z0': {'extraC3': 50}, 'w0': {'leafC4': 6, 'extraC4': 60}, 'v0': {'leafC5': 7}, 'u0': {'leafC6': 8}}}"}
2026-08-22 22:41:02.615 /testbed/kedro/templates/project/hooks/utils.py:61 kedro.templates.project.hooks.utils._remove_nested_section event=line locals={'key': "'c6'"}
2026-08-22 22:41:02.615 /testbed/kedro/templates/project/hooks/utils.py:62 kedro.templates.project.hooks.utils._remove_nested_section event=line locals={}
2026-08-22 22:41:02.615 /testbed/kedro/templates/project/hooks/utils.py:60 kedro.templates.project.hooks.utils._remove_nested_section event=line locals={'current_data': "{'z0': {'extraC3': 50}, 'w0': {'leafC4': 6, 'extraC4': 60}, 'v0': {'leafC5': 7}, 'u0': {'leafC6': 8}}"}
2026-08-22 22:41:02.615 /testbed/kedro/templates/project/hooks/utils.py:61 kedro.templates.project.hooks.utils._remove_nested_section event=line locals={'key': "'z0'"}
2026-08-22 22:41:02.615 /testbed/kedro/templates/project/hooks/utils.py:62 kedro.templates.project.hooks.utils._remove_nested_section event=line locals={}
2026-08-22 22:41:02.615 /testbed/kedro/templates/project/hooks/utils.py:60 kedro.templates.project.hooks.utils._remove_nested_section event=line locals={'current_data': "{'extraC3': 50}"}
2026-08-22 22:41:02.615 /testbed/kedro/templates/project/hooks/utils.py:67 kedro.templates.project.hooks.utils._remove_nested_section event=line locals={}
2026-08-22 22:41:02.615 /testbed/kedro/templates/project/hooks/utils.py:68 kedro.templates.project.hooks.utils._remove_nested_section event=line locals={'current_data': '{}', 'data': "{'a0': {'keepA': 10}, 'e0': {'keepE': 12, 'e1': {'e2': {'e3': {'e4': {'e5': {'e6': {'e7': {'e8': {'e9': {'e10': {'e11': {'e12': {'leafE1': 6}}}}}}}}}}}}}, 'project': {'name': 'hard-demo', 'version': '2.4.1', 'authors': ['alice', 'bob', 'carol']}, 'd0': {'d1': {'d2': {'d3': {'d4': {'d5': {'d6': {'d7': {'keepD': 11, 'd8': {'d9': {'d10': {'d11': {'d12': {'d13': {'leafD': 5}}}}}}}}}}}}}}, 'c0': {'c1': {'c2': {'c3': {'c4': {'c5': {'c6': {'z0': {}, 'w0': {'leafC4': 6, 'extraC4': 60}, 'v0': {'leafC5': ..."}
2026-08-22 22:41:02.615 /testbed/kedro/templates/project/hooks/utils.py:69 kedro.templates.project.hooks.utils._remove_nested_section event=line locals={}
2026-08-22 22:41:02.615 /testbed/kedro/templates/project/hooks/utils.py:70 kedro.templates.project.hooks.utils._remove_nested_section event=line locals={'parent_section': "{'a0': {'keepA': 10}, 'e0': {'keepE': 12, 'e1': {'e2': {'e3': {'e4': {'e5': {'e6': {'e7': {'e8': {'e9': {'e10': {'e11': {'e12': {'leafE1': 6}}}}}}}}}}}}}, 'project': {'name': 'hard-demo', 'version': '2.4.1', 'authors': ['alice', 'bob', 'carol']}, 'd0': {'d1': {'d2': {'d3': {'d4': {'d5': {'d6': {'d7': {'keepD': 11, 'd8': {'d9': {'d10': {'d11': {'d12': {'d13': {'leafD': 5}}}}}}}}}}}}}}, 'c0': {'c1': {'c2': {'c3': {'c4': {'c5': {'c6': {'z0': {}, 'w0': {'leafC4': 6, 'extraC4': 60}, 'v0': {'leafC5': ..."}
2026-08-22 22:41:02.615 /testbed/kedro/templates/project/hooks/utils.py:71 kedro.templates.project.hooks.utils._remove_nested_section event=line locals={'key_part': "'c0'"}
2026-08-22 22:41:02.615 /testbed/kedro/templates/project/hooks/utils.py:70 kedro.templates.project.hooks.utils._remove_nested_section event=line locals={'parent_section': "{'c1': {'c2': {'c3': {'c4': {'c5': {'c6': {'z0': {}, 'w0': {'leafC4': 6, 'extraC4': 60}, 'v0': {'leafC5': 7}, 'u0': {'leafC6': 8}}}}}}}}"}
2026-08-22 22:41:02.615 /testbed/kedro/templates/project/hooks/utils.py:71 kedro.templates.project.hooks.utils._remove_nested_section event=line locals={'key_part': "'c1'"}
2026-08-22 22:41:02.615 /testbed/kedro/templates/project/hooks/utils.py:70 kedro.templates.project.hooks.utils._remove_nested_section event=line locals={'parent_section': "{'c2': {'c3': {'c4': {'c5': {'c6': {'z0': {}, 'w0': {'leafC4': 6, 'extraC4': 60}, 'v0': {'leafC5': 7}, 'u0': {'leafC6': 8}}}}}}}"}
2026-08-22 22:41:02.615 /testbed/kedro/templates/project/hooks/utils.py:71 kedro.templates.project.hooks.utils._remove_nested_section event=line locals={'key_part': "'c2'"}
2026-08-22 22:41:02.615 /testbed/kedro/templates/project/hooks/utils.py:70 kedro.templates.project.hooks.utils._remove_nested_section event=line locals={'parent_section': "{'c3': {'c4': {'c5': {'c6': {'z0': {}, 'w0': {'leafC4': 6, 'extraC4': 60}, 'v0': {'leafC5': 7}, 'u0': {'leafC6': 8}}}}}}"}
2026-08-22 22:41:02.615 /testbed/kedro/templates/project/hooks/utils.py:71 kedro.templates.project.hooks.utils._remove_nested_section event=line locals={'key_part': "'c3'"}
2026-08-22 22:41:02.615 /testbed/kedro/templates/project/hooks/utils.py:70 kedro.templates.project.hooks.utils._remove_nested_section event=line locals={'parent_section': "{'c4': {'c5': {'c6': {'z0': {}, 'w0': {'leafC4': 6, 'extraC4': 60}, 'v0': {'leafC5': 7}, 'u0': {'leafC6': 8}}}}}"}
2026-08-22 22:41:02.615 /testbed/kedro/templates/project/hooks/utils.py:71 kedro.templates.project.hooks.utils._remove_nested_section event=line locals={'key_part': "'c4'"}
2026-08-22 22:41:02.615 /testbed/kedro/templates/project/hooks/utils.py:70 kedro.templates.project.hooks.utils._remove_nested_section event=line locals={'parent_section': "{'c5': {'c6': {'z0': {}, 'w0': {'leafC4': 6, 'extraC4': 60}, 'v0': {'leafC5': 7}, 'u0': {'leafC6': 8}}}}"}
2026-08-22 22:41:02.615 /testbed/kedro/templates/project/hooks/utils.py:71 kedro.templates.project.hooks.utils._remove_nested_section event=line locals={'key_part': "'c5'"}
2026-08-22 22:41:02.615 /testbed/kedro/templates/project/hooks/utils.py:70 kedro.templates.project.hooks.utils._remove_nested_section event=line locals={'parent_section': "{'c6': {'z0': {}, 'w0': {'leafC4': 6, 'extraC4': 60}, 'v0': {'leafC5': 7}, 'u0': {'leafC6': 8}}}"}
2026-08-22 22:41:02.615 /testbed/kedro/templates/project/hooks/utils.py:71 kedro.templates.project.hooks.utils._remove_nested_section event=line locals={'key_part': "'c6'"}
2026-08-22 22:41:02.615 /testbed/kedro/templates/project/hooks/utils.py:70 kedro.templates.project.hooks.utils._remove_nested_section event=line locals={'parent_section': "{'z0': {}, 'w0': {'leafC4': 6, 'extraC4': 60}, 'v0': {'leafC5': 7}, 'u0': {'leafC6': 8}}"}
2026-08-22 22:41:02.615 /testbed/kedro/templates/project/hooks/utils.py:72 kedro.templates.project.hooks.utils._remove_nested_section event=line locals={}
2026-08-22 22:41:02.615 /testbed/kedro/templates/project/hooks/utils.py:73 kedro.templates.project.hooks.utils._remove_nested_section event=line locals={}
2026-08-22 22:41:02.615 /testbed/kedro/templates/project/hooks/utils.py:74 kedro.templates.project.hooks.utils._remove_nested_section event=line locals={'data': "{'a0': {'keepA': 10}, 'e0': {'keepE': 12, 'e1': {'e2': {'e3': {'e4': {'e5': {'e6': {'e7': {'e8': {'e9': {'e10': {'e11': {'e12': {'leafE1': 6}}}}}}}}}}}}}, 'project': {'name': 'hard-demo', 'version': '2.4.1', 'authors': ['alice', 'bob', 'carol']}, 'd0': {'d1': {'d2': {'d3': {'d4': {'d5': {'d6': {'d7': {'keepD': 11, 'd8': {'d9': {'d10': {'d11': {'d12': {'d13': {'leafD': 5}}}}}}}}}}}}}}, 'c0': {'c1': {'c2': {'c3': {'c4': {'c5': {'c6': {'w0': {'leafC4': 6, 'extraC4': 60}, 'v0': {'leafC5': 7}, 'u0': ...", 'parent_section': "{'w0': {'leafC4': 6, 'extraC4': 60}, 'v0': {'leafC5': 7}, 'u0': {'leafC6': 8}}"}
2026-08-22 22:41:02.615 /testbed/kedro/templates/project/hooks/utils.py:68 kedro.templates.project.hooks.utils._remove_nested_section event=line locals={'current_data': "{'w0': {'leafC4': 6, 'extraC4': 60}, 'v0': {'leafC5': 7}, 'u0': {'leafC6': 8}}"}
2026-08-22 22:41:02.615 /testbed/kedro/templates/project/hooks/utils.py:69 kedro.templates.project.hooks.utils._remove_nested_section event=line locals={'key': "'c6'"}
2026-08-22 22:41:02.615 /testbed/kedro/templates/project/hooks/utils.py:70 kedro.templates.project.hooks.utils._remove_nested_section event=line locals={'parent_section': "{'a0': {'keepA': 10}, 'e0': {'keepE': 12, 'e1': {'e2': {'e3': {'e4': {'e5': {'e6': {'e7': {'e8': {'e9': {'e10': {'e11': {'e12': {'leafE1': 6}}}}}}}}}}}}}, 'project': {'name': 'hard-demo', 'version': '2.4.1', 'authors': ['alice', 'bob', 'carol']}, 'd0': {'d1': {'d2': {'d3': {'d4': {'d5': {'d6': {'d7': {'keepD': 11, 'd8': {'d9': {'d10': {'d11': {'d12': {'d13': {'leafD': 5}}}}}}}}}}}}}}, 'c0': {'c1': {'c2': {'c3': {'c4': {'c5': {'c6': {'w0': {'leafC4': 6, 'extraC4': 60}, 'v0': {'leafC5': 7}, 'u0': ..."}
2026-08-22 22:41:02.615 /testbed/kedro/templates/project/hooks/utils.py:71 kedro.templates.project.hooks.utils._remove_nested_section event=line locals={'key_part': "'c0'"}
2026-08-22 22:41:02.615 /testbed/kedro/templates/project/hooks/utils.py:70 kedro.templates.project.hooks.utils._remove_nested_section event=line locals={'parent_section': "{'c1': {'c2': {'c3': {'c4': {'c5': {'c6': {'w0': {'leafC4': 6, 'extraC4': 60}, 'v0': {'leafC5': 7}, 'u0': {'leafC6': 8}}}}}}}}"}
2026-08-22 22:41:02.615 /testbed/kedro/templates/project/hooks/utils.py:71 kedro.templates.project.hooks.utils._remove_nested_section event=line locals={'key_part': "'c1'"}
2026-08-22 22:41:02.615 /testbed/kedro/templates/project/hooks/utils.py:70 kedro.templates.project.hooks.utils._remove_nested_section event=line locals={'parent_section': "{'c2': {'c3': {'c4': {'c5': {'c6': {'w0': {'leafC4': 6, 'extraC4': 60}, 'v0': {'leafC5': 7}, 'u0': {'leafC6': 8}}}}}}}"}
2026-08-22 22:41:02.615 /testbed/kedro/templates/project/hooks/utils.py:71 kedro.templates.project.hooks.utils._remove_nested_section event=line locals={'key_part': "'c2'"}
2026-08-22 22:41:02.615 /testbed/kedro/templates/project/hooks/utils.py:70 kedro.templates.project.hooks.utils._remove_nested_section event=line locals={'parent_section': "{'c3': {'c4': {'c5': {'c6': {'w0': {'leafC4': 6, 'extraC4': 60}, 'v0': {'leafC5': 7}, 'u0': {'leafC6': 8}}}}}}"}
2026-08-22 22:41:02.615 /testbed/kedro/templates/project/hooks/utils.py:71 kedro.templates.project.hooks.utils._remove_nested_section event=line locals={'key_part': "'c3'"}
2026-08-22 22:41:02.615 /testbed/kedro/templates/project/hooks/utils.py:70 kedro.templates.project.hooks.utils._remove_nested_section event=line locals={'parent_section': "{'c4': {'c5': {'c6': {'w0': {'leafC4': 6, 'extraC4': 60}, 'v0': {'leafC5': 7}, 'u0': {'leafC6': 8}}}}}"}
2026-08-22 22:41:02.615 /testbed/kedro/templates/project/hooks/utils.py:71 kedro.templates.project.hooks.utils._remove_nested_section event=line locals={'key_part': "'c4'"}
2026-08-22 22:41:02.615 /testbed/kedro/templates/project/hooks/utils.py:70 kedro.templates.project.hooks.utils._remove_nested_section event=line locals={'parent_section': "{'c5': {'c6': {'w0': {'leafC4': 6, 'extraC4': 60}, 'v0': {'leafC5': 7}, 'u0': {'leafC6': 8}}}}"}
2026-08-22 22:41:02.615 /testbed/kedro/templates/project/hooks/utils.py:71 kedro.templates.project.hooks.utils._remove_nested_section event=line locals={'key_part': "'c5'"}
2026-08-22 22:41:02.615 /testbed/kedro/templates/project/hooks/utils.py:70 kedro.templates.project.hooks.utils._remove_nested_section event=line locals={'parent_section': "{'c6': {'w0': {'leafC4': 6, 'extraC4': 60}, 'v0': {'leafC5': 7}, 'u0': {'leafC6': 8}}}"}
2026-08-22 22:41:02.616 /testbed/kedro/templates/project/hooks/utils.py:72 kedro.templates.project.hooks.utils._remove_nested_section event=line locals={}
2026-08-22 22:41:02.616 /testbed/kedro/templates/project/hooks/utils.py:76 kedro.templates.project.hooks.utils._remove_nested_section event=line locals={}
2026-08-22 22:41:02.616 /testbed/kedro/templates/project/hooks/utils.py:76 kedro.templates.project.hooks.utils._remove_nested_section event=return retval=None locals={'current_data': "{'w0': {'leafC4': 6, 'extraC4': 60}, 'v0': {'leafC5': 7}, 'u0': {'leafC6': 8}}", 'data': "{'a0': {'keepA': 10}, 'e0': {'keepE': 12, 'e1': {'e2': {'e3': {'e4': {'e5': {'e6': {'e7': {'e8': {'e9': {'e10': {'e11': {'e12': {'leafE1': 6}}}}}}}}}}}}}, 'project': {'name': 'hard-demo', 'version': '2.4.1', 'authors': ['alice', 'bob', 'carol']}, 'd0': {'d1': {'d2': {'d3': {'d4': {'d5': {'d6': {'d7': {'keepD': 11, 'd8': {'d9': {'d10': {'d11': {'d12': {'d13': {'leafD': 5}}}}}}}}}}}}}}, 'c0': {'c1': {'c2': {'c3': {'c4': {'c5': {'c6': {'w0': {'leafC4': 6, 'extraC4': 60}, 'v0': {'leafC5': 7}, 'u0': ...", 'key': "'c6'", 'key_part': "'c5'", 'keys': "['c0', 'c1', 'c2', 'c3', 'c4', 'c5', 'c6', 'z0', 'extraC3']", 'nested_key': "'c0.c1.c2.c3.c4.c5.c6.z0.extraC3'", 'parent_section': "{'c6': {'w0': {'leafC4': 6, 'extraC4': 60}, 'v0': {'leafC5': 7}, 'u0': {'leafC6': 8}}}"}
2026-08-22 22:41:02.616 /testbed/kedro/templates/project/hooks/utils.py:50 kedro.templates.project.hooks.utils._remove_nested_section event=call locals={'data': "{'a0': {'keepA': 10}, 'e0': {'keepE': 12, 'e1': {'e2': {'e3': {'e4': {'e5': {'e6': {'e7': {'e8': {'e9': {'e10': {'e11': {'e12': {'leafE1': 6}}}}}}}}}}}}}, 'project': {'name': 'hard-demo', 'version': '2.4.1', 'authors': ['alice', 'bob', 'carol']}, 'd0': {'d1': {'d2': {'d3': {'d4': {'d5': {'d6': {'d7': {'keepD': 11, 'd8': {'d9': {'d10': {'d11': {'d12': {'d13': {'leafD': 5}}}}}}}}}}}}}}, 'c0': {'c1': {'c2': {'c3': {'c4': {'c5': {'c6': {'w0': {'leafC4': 6, 'extraC4': 60}, 'v0': {'leafC5': 7}, 'u0': ...", 'nested_key': "'c0.c1.c2.c3.c4.c5.c6.w0.leafC4'"}
2026-08-22 22:41:02.616 /testbed/kedro/templates/project/hooks/utils.py:57 kedro.templates.project.hooks.utils._remove_nested_section event=line locals={}
2026-08-22 22:41:02.616 /testbed/kedro/templates/project/hooks/utils.py:58 kedro.templates.project.hooks.utils._remove_nested_section event=line locals={'keys': "['c0', 'c1', 'c2', 'c3', 'c4', 'c5', 'c6', 'w0', 'leafC4']"}
2026-08-22 22:41:02.616 /testbed/kedro/templates/project/hooks/utils.py:60 kedro.templates.project.hooks.utils._remove_nested_section event=line locals={'current_data': "{'a0': {'keepA': 10}, 'e0': {'keepE': 12, 'e1': {'e2': {'e3': {'e4': {'e5': {'e6': {'e7': {'e8': {'e9': {'e10': {'e11': {'e12': {'leafE1': 6}}}}}}}}}}}}}, 'project': {'name': 'hard-demo', 'version': '2.4.1', 'authors': ['alice', 'bob', 'carol']}, 'd0': {'d1': {'d2': {'d3': {'d4': {'d5': {'d6': {'d7': {'keepD': 11, 'd8': {'d9': {'d10': {'d11': {'d12': {'d13': {'leafD': 5}}}}}}}}}}}}}}, 'c0': {'c1': {'c2': {'c3': {'c4': {'c5': {'c6': {'w0': {'leafC4': 6, 'extraC4': 60}, 'v0': {'leafC5': 7}, 'u0': ..."}
2026-08-22 22:41:02.616 /testbed/kedro/templates/project/hooks/utils.py:61 kedro.templates.project.hooks.utils._remove_nested_section event=line locals={'key': "'c0'"}
2026-08-22 22:41:02.616 /testbed/kedro/templates/project/hooks/utils.py:62 kedro.templates.project.hooks.utils._remove_nested_section event=line locals={}
2026-08-22 22:41:02.616 /testbed/kedro/templates/project/hooks/utils.py:60 kedro.templates.project.hooks.utils._remove_nested_section event=line locals={'current_data': "{'c1': {'c2': {'c3': {'c4': {'c5': {'c6': {'w0': {'leafC4': 6, 'extraC4': 60}, 'v0': {'leafC5': 7}, 'u0': {'leafC6': 8}}}}}}}}"}
2026-08-22 22:41:02.616 /testbed/kedro/templates/project/hooks/utils.py:61 kedro.templates.project.hooks.utils._remove_nested_section event=line locals={'key': "'c1'"}
2026-08-22 22:41:02.616 /testbed/kedro/templates/project/hooks/utils.py:62 kedro.templates.project.hooks.utils._remove_nested_section event=line locals={}
2026-08-22 22:41:02.616 /testbed/kedro/templates/project/hooks/utils.py:60 kedro.templates.project.hooks.utils._remove_nested_section event=line locals={'current_data': "{'c2': {'c3': {'c4': {'c5': {'c6': {'w0': {'leafC4': 6, 'extraC4': 60}, 'v0': {'leafC5': 7}, 'u0': {'leafC6': 8}}}}}}}"}
2026-08-22 22:41:02.616 /testbed/kedro/templates/project/hooks/utils.py:61 kedro.templates.project.hooks.utils._remove_nested_section event=line locals={'key': "'c2'"}
2026-08-22 22:41:02.616 /testbed/kedro/templates/project/hooks/utils.py:62 kedro.templates.project.hooks.utils._remove_nested_section event=line locals={}
2026-08-22 22:41:02.616 /testbed/kedro/templates/project/hooks/utils.py:60 kedro.templates.project.hooks.utils._remove_nested_section event=line locals={'current_data': "{'c3': {'c4': {'c5': {'c6': {'w0': {'leafC4': 6, 'extraC4': 60}, 'v0': {'leafC5': 7}, 'u0': {'leafC6': 8}}}}}}"}
2026-08-22 22:41:02.616 /testbed/kedro/templates/project/hooks/utils.py:61 kedro.templates.project.hooks.utils._remove_nested_section event=line locals={'key': "'c3'"}
2026-08-22 22:41:02.616 /testbed/kedro/templates/project/hooks/utils.py:62 kedro.templates.project.hooks.utils._remove_nested_section event=line locals={}
2026-08-22 22:41:02.616 /testbed/kedro/templates/project/hooks/utils.py:60 kedro.templates.project.hooks.utils._remove_nested_section event=line locals={'current_data': "{'c4': {'c5': {'c6': {'w0': {'leafC4': 6, 'extraC4': 60}, 'v0': {'leafC5': 7}, 'u0': {'leafC6': 8}}}}}"}
2026-08-22 22:41:02.616 /testbed/kedro/templates/project/hooks/utils.py:61 kedro.templates.project.hooks.utils._remove_nested_section event=line locals={'key': "'c4'"}
2026-08-22 22:41:02.616 /testbed/kedro/templates/project/hooks/utils.py:62 kedro.templates.project.hooks.utils._remove_nested_section event=line locals={}
2026-08-22 22:41:02.616 /testbed/kedro/templates/project/hooks/utils.py:60 kedro.templates.project.hooks.utils._remove_nested_section event=line locals={'current_data': "{'c5': {'c6': {'w0': {'leafC4': 6, 'extraC4': 60}, 'v0': {'leafC5': 7}, 'u0': {'leafC6': 8}}}}"}
2026-08-22 22:41:02.616 /testbed/kedro/templates/project/hooks/utils.py:61 kedro.templates.project.hooks.utils._remove_nested_section event=line locals={'key': "'c5'"}
2026-08-22 22:41:02.616 /testbed/kedro/templates/project/hooks/utils.py:62 kedro.templates.project.hooks.utils._remove_nested_section event=line locals={}
2026-08-22 22:41:02.616 /testbed/kedro/templates/project/hooks/utils.py:60 kedro.templates.project.hooks.utils._remove_nested_section event=line locals={'current_data': "{'c6': {'w0': {'leafC4': 6, 'extraC4': 60}, 'v0': {'leafC5': 7}, 'u0': {'leafC6': 8}}}"}
2026-08-22 22:41:02.616 /testbed/kedro/templates/project/hooks/utils.py:61 kedro.templates.project.hooks.utils._remove_nested_section event=line locals={'key': "'c6'"}
2026-08-22 22:41:02.616 /testbed/kedro/templates/project/hooks/utils.py:62 kedro.templates.project.hooks.utils._remove_nested_section event=line locals={}
2026-08-22 22:41:02.616 /testbed/kedro/templates/project/hooks/utils.py:60 kedro.templates.project.hooks.utils._remove_nested_section event=line locals={'current_data': "{'w0': {'leafC4': 6, 'extraC4': 60}, 'v0': {'leafC5': 7}, 'u0': {'leafC6': 8}}"}
2026-08-22 22:41:02.616 /testbed/kedro/templates/project/hooks/utils.py:61 kedro.templates.project.hooks.utils._remove_nested_section event=line locals={'key': "'w0'"}
2026-08-22 22:41:02.616 /testbed/kedro/templates/project/hooks/utils.py:62 kedro.templates.project.hooks.utils._remove_nested_section event=line locals={}
2026-08-22 22:41:02.616 /testbed/kedro/templates/project/hooks/utils.py:60 kedro.templates.project.hooks.utils._remove_nested_section event=line locals={'current_data': "{'leafC4': 6, 'extraC4': 60}"}
2026-08-22 22:41:02.616 /testbed/kedro/templates/project/hooks/utils.py:67 kedro.templates.project.hooks.utils._remove_nested_section event=line locals={}
2026-08-22 22:41:02.616 /testbed/kedro/templates/project/hooks/utils.py:68 kedro.templates.project.hooks.utils._remove_nested_section event=line locals={'current_data': "{'extraC4': 60}", 'data': "{'a0': {'keepA': 10}, 'e0': {'keepE': 12, 'e1': {'e2': {'e3': {'e4': {'e5': {'e6': {'e7': {'e8': {'e9': {'e10': {'e11': {'e12': {'leafE1': 6}}}}}}}}}}}}}, 'project': {'name': 'hard-demo', 'version': '2.4.1', 'authors': ['alice', 'bob', 'carol']}, 'd0': {'d1': {'d2': {'d3': {'d4': {'d5': {'d6': {'d7': {'keepD': 11, 'd8': {'d9': {'d10': {'d11': {'d12': {'d13': {'leafD': 5}}}}}}}}}}}}}}, 'c0': {'c1': {'c2': {'c3': {'c4': {'c5': {'c6': {'w0': {'extraC4': 60}, 'v0': {'leafC5': 7}, 'u0': {'leafC6': 8}..."}
2026-08-22 22:41:02.616 /testbed/kedro/templates/project/hooks/utils.py:69 kedro.templates.project.hooks.utils._remove_nested_section event=line locals={}
2026-08-22 22:41:02.616 /testbed/kedro/templates/project/hooks/utils.py:70 kedro.templates.project.hooks.utils._remove_nested_section event=line locals={'parent_section': "{'a0': {'keepA': 10}, 'e0': {'keepE': 12, 'e1': {'e2': {'e3': {'e4': {'e5': {'e6': {'e7': {'e8': {'e9': {'e10': {'e11': {'e12': {'leafE1': 6}}}}}}}}}}}}}, 'project': {'name': 'hard-demo', 'version': '2.4.1', 'authors': ['alice', 'bob', 'carol']}, 'd0': {'d1': {'d2': {'d3': {'d4': {'d5': {'d6': {'d7': {'keepD': 11, 'd8': {'d9': {'d10': {'d11': {'d12': {'d13': {'leafD': 5}}}}}}}}}}}}}}, 'c0': {'c1': {'c2': {'c3': {'c4': {'c5': {'c6': {'w0': {'extraC4': 60}, 'v0': {'leafC5': 7}, 'u0': {'leafC6': 8}..."}
2026-08-22 22:41:02.616 /testbed/kedro/templates/project/hooks/utils.py:71 kedro.templates.project.hooks.utils._remove_nested_section event=line locals={'key_part': "'c0'"}
2026-08-22 22:41:02.616 /testbed/kedro/templates/project/hooks/utils.py:70 kedro.templates.project.hooks.utils._remove_nested_section event=line locals={'parent_section': "{'c1': {'c2': {'c3': {'c4': {'c5': {'c6': {'w0': {'extraC4': 60}, 'v0': {'leafC5': 7}, 'u0': {'leafC6': 8}}}}}}}}"}
2026-08-22 22:41:02.616 /testbed/kedro/templates/project/hooks/utils.py:71 kedro.templates.project.hooks.utils._remove_nested_section event=line locals={'key_part': "'c1'"}
2026-08-22 22:41:02.616 /testbed/kedro/templates/project/hooks/utils.py:70 kedro.templates.project.hooks.utils._remove_nested_section event=line locals={'parent_section': "{'c2': {'c3': {'c4': {'c5': {'c6': {'w0': {'extraC4': 60}, 'v0': {'leafC5': 7}, 'u0': {'leafC6': 8}}}}}}}"}
2026-08-22 22:41:02.616 /testbed/kedro/templates/project/hooks/utils.py:71 kedro.templates.project.hooks.utils._remove_nested_section event=line locals={'key_part': "'c2'"}
2026-08-22 22:41:02.616 /testbed/kedro/templates/project/hooks/utils.py:70 kedro.templates.project.hooks.utils._remove_nested_section event=line locals={'parent_section': "{'c3': {'c4': {'c5': {'c6': {'w0': {'extraC4': 60}, 'v0': {'leafC5': 7}, 'u0': {'leafC6': 8}}}}}}"}
2026-08-22 22:41:02.616 /testbed/kedro/templates/project/hooks/utils.py:71 kedro.templates.project.hooks.utils._remove_nested_section event=line locals={'key_part': "'c3'"}
2026-08-22 22:41:02.616 /testbed/kedro/templates/project/hooks/utils.py:70 kedro.templates.project.hooks.utils._remove_nested_section event=line locals={'parent_section': "{'c4': {'c5': {'c6': {'w0': {'extraC4': 60}, 'v0': {'leafC5': 7}, 'u0': {'leafC6': 8}}}}}"}
2026-08-22 22:41:02.616 /testbed/kedro/templates/project/hooks/utils.py:71 kedro.templates.project.hooks.utils._remove_nested_section event=line locals={'key_part': "'c4'"}
2026-08-22 22:41:02.616 /testbed/kedro/templates/project/hooks/utils.py:70 kedro.templates.project.hooks.utils._remove_nested_section event=line locals={'parent_section': "{'c5': {'c6': {'w0': {'extraC4': 60}, 'v0': {'leafC5': 7}, 'u0': {'leafC6': 8}}}}"}
2026-08-22 22:41:02.616 /testbed/kedro/templates/project/hooks/utils.py:71 kedro.templates.project.hooks.utils._remove_nested_section event=line locals={'key_part': "'c5'"}
2026-08-22 22:41:02.617 /testbed/kedro/templates/project/hooks/utils.py:70 kedro.templates.project.hooks.utils._remove_nested_section event=line locals={'parent_section': "{'c6': {'w0': {'extraC4': 60}, 'v0': {'leafC5': 7}, 'u0': {'leafC6': 8}}}"}
2026-08-22 22:41:02.617 /testbed/kedro/templates/project/hooks/utils.py:71 kedro.templates.project.hooks.utils._remove_nested_section event=line locals={'key_part': "'c6'"}
2026-08-22 22:41:02.617 /testbed/kedro/templates/project/hooks/utils.py:70 kedro.templates.project.hooks.utils._remove_nested_section event=line locals={'parent_section': "{'w0': {'extraC4': 60}, 'v0': {'leafC5': 7}, 'u0': {'leafC6': 8}}"}
2026-08-22 22:41:02.617 /testbed/kedro/templates/project/hooks/utils.py:72 kedro.templates.project.hooks.utils._remove_nested_section event=line locals={}
2026-08-22 22:41:02.617 /testbed/kedro/templates/project/hooks/utils.py:76 kedro.templates.project.hooks.utils._remove_nested_section event=line locals={}
2026-08-22 22:41:02.617 /testbed/kedro/templates/project/hooks/utils.py:76 kedro.templates.project.hooks.utils._remove_nested_section event=return retval=None locals={'current_data': "{'extraC4': 60}", 'data': "{'a0': {'keepA': 10}, 'e0': {'keepE': 12, 'e1': {'e2': {'e3': {'e4': {'e5': {'e6': {'e7': {'e8': {'e9': {'e10': {'e11': {'e12': {'leafE1': 6}}}}}}}}}}}}}, 'project': {'name': 'hard-demo', 'version': '2.4.1', 'authors': ['alice', 'bob', 'carol']}, 'd0': {'d1': {'d2': {'d3': {'d4': {'d5': {'d6': {'d7': {'keepD': 11, 'd8': {'d9': {'d10': {'d11': {'d12': {'d13': {'leafD': 5}}}}}}}}}}}}}}, 'c0': {'c1': {'c2': {'c3': {'c4': {'c5': {'c6': {'w0': {'extraC4': 60}, 'v0': {'leafC5': 7}, 'u0': {'leafC6': 8}...", 'key': "'w0'", 'key_part': "'c6'", 'keys': "['c0', 'c1', 'c2', 'c3', 'c4', 'c5', 'c6', 'w0', 'leafC4']", 'nested_key': "'c0.c1.c2.c3.c4.c5.c6.w0.leafC4'", 'parent_section': "{'w0': {'extraC4': 60}, 'v0': {'leafC5': 7}, 'u0': {'leafC6': 8}}"}
2026-08-22 22:41:02.617 /testbed/kedro/templates/project/hooks/utils.py:50 kedro.templates.project.hooks.utils._remove_nested_section event=call locals={'data': "{'a0': {'keepA': 10}, 'e0': {'keepE': 12, 'e1': {'e2': {'e3': {'e4': {'e5': {'e6': {'e7': {'e8': {'e9': {'e10': {'e11': {'e12': {'leafE1': 6}}}}}}}}}}}}}, 'project': {'name': 'hard-demo', 'version': '2.4.1', 'authors': ['alice', 'bob', 'carol']}, 'd0': {'d1': {'d2': {'d3': {'d4': {'d5': {'d6': {'d7': {'keepD': 11, 'd8': {'d9': {'d10': {'d11': {'d12': {'d13': {'leafD': 5}}}}}}}}}}}}}}, 'c0': {'c1': {'c2': {'c3': {'c4': {'c5': {'c6': {'w0': {'extraC4': 60}, 'v0': {'leafC5': 7}, 'u0': {'leafC6': 8}...", 'nested_key': "'c0.c1.c2.c3.c4.c5.c6.w0.extraC4'"}
2026-08-22 22:41:02.617 /testbed/kedro/templates/project/hooks/utils.py:57 kedro.templates.project.hooks.utils._remove_nested_section event=line locals={}
2026-08-22 22:41:02.617 /testbed/kedro/templates/project/hooks/utils.py:58 kedro.templates.project.hooks.utils._remove_nested_section event=line locals={'keys': "['c0', 'c1', 'c2', 'c3', 'c4', 'c5', 'c6', 'w0', 'extraC4']"}
2026-08-22 22:41:02.617 /testbed/kedro/templates/project/hooks/utils.py:60 kedro.templates.project.hooks.utils._remove_nested_section event=line locals={'current_data': "{'a0': {'keepA': 10}, 'e0': {'keepE': 12, 'e1': {'e2': {'e3': {'e4': {'e5': {'e6': {'e7': {'e8': {'e9': {'e10': {'e11': {'e12': {'leafE1': 6}}}}}}}}}}}}}, 'project': {'name': 'hard-demo', 'version': '2.4.1', 'authors': ['alice', 'bob', 'carol']}, 'd0': {'d1': {'d2': {'d3': {'d4': {'d5': {'d6': {'d7': {'keepD': 11, 'd8': {'d9': {'d10': {'d11': {'d12': {'d13': {'leafD': 5}}}}}}}}}}}}}}, 'c0': {'c1': {'c2': {'c3': {'c4': {'c5': {'c6': {'w0': {'extraC4': 60}, 'v0': {'leafC5': 7}, 'u0': {'leafC6': 8}..."}
2026-08-22 22:41:02.617 /testbed/kedro/templates/project/hooks/utils.py:61 kedro.templates.project.hooks.utils._remove_nested_section event=line locals={'key': "'c0'"}
2026-08-22 22:41:02.617 /testbed/kedro/templates/project/hooks/utils.py:62 kedro.templates.project.hooks.utils._remove_nested_section event=line locals={}
2026-08-22 22:41:02.617 /testbed/kedro/templates/project/hooks/utils.py:60 kedro.templates.project.hooks.utils._remove_nested_section event=line locals={'current_data': "{'c1': {'c2': {'c3': {'c4': {'c5': {'c6': {'w0': {'extraC4': 60}, 'v0': {'leafC5': 7}, 'u0': {'leafC6': 8}}}}}}}}"}
2026-08-22 22:41:02.617 /testbed/kedro/templates/project/hooks/utils.py:61 kedro.templates.project.hooks.utils._remove_nested_section event=line locals={'key': "'c1'"}
2026-08-22 22:41:02.617 /testbed/kedro/templates/project/hooks/utils.py:62 kedro.templates.project.hooks.utils._remove_nested_section event=line locals={}
2026-08-22 22:41:02.617 /testbed/kedro/templates/project/hooks/utils.py:60 kedro.templates.project.hooks.utils._remove_nested_section event=line locals={'current_data': "{'c2': {'c3': {'c4': {'c5': {'c6': {'w0': {'extraC4': 60}, 'v0': {'leafC5': 7}, 'u0': {'leafC6': 8}}}}}}}"}
2026-08-22 22:41:02.617 /testbed/kedro/templates/project/hooks/utils.py:61 kedro.templates.project.hooks.utils._remove_nested_section event=line locals={'key': "'c2'"}
2026-08-22 22:41:02.617 /testbed/kedro/templates/project/hooks/utils.py:62 kedro.templates.project.hooks.utils._remove_nested_section event=line locals={}
2026-08-22 22:41:02.617 /testbed/kedro/templates/project/hooks/utils.py:60 kedro.templates.project.hooks.utils._remove_nested_section event=line locals={'current_data': "{'c3': {'c4': {'c5': {'c6': {'w0': {'extraC4': 60}, 'v0': {'leafC5': 7}, 'u0': {'leafC6': 8}}}}}}"}
2026-08-22 22:41:02.617 /testbed/kedro/templates/project/hooks/utils.py:61 kedro.templates.project.hooks.utils._remove_nested_section event=line locals={'key': "'c3'"}
2026-08-22 22:41:02.617 /testbed/kedro/templates/project/hooks/utils.py:62 kedro.templates.project.hooks.utils._remove_nested_section event=line locals={}
2026-08-22 22:41:02.617 /testbed/kedro/templates/project/hooks/utils.py:60 kedro.templates.project.hooks.utils._remove_nested_section event=line locals={'current_data': "{'c4': {'c5': {'c6': {'w0': {'extraC4': 60}, 'v0': {'leafC5': 7}, 'u0': {'leafC6': 8}}}}}"}
2026-08-22 22:41:02.617 /testbed/kedro/templates/project/hooks/utils.py:61 kedro.templates.project.hooks.utils._remove_nested_section event=line locals={'key': "'c4'"}
2026-08-22 22:41:02.617 /testbed/kedro/templates/project/hooks/utils.py:62 kedro.templates.project.hooks.utils._remove_nested_section event=line locals={}
2026-08-22 22:41:02.617 /testbed/kedro/templates/project/hooks/utils.py:60 kedro.templates.project.hooks.utils._remove_nested_section event=line locals={'current_data': "{'c5': {'c6': {'w0': {'extraC4': 60}, 'v0': {'leafC5': 7}, 'u0': {'leafC6': 8}}}}"}
2026-08-22 22:41:02.617 /testbed/kedro/templates/project/hooks/utils.py:61 kedro.templates.project.hooks.utils._remove_nested_section event=line locals={'key': "'c5'"}
2026-08-22 22:41:02.617 /testbed/kedro/templates/project/hooks/utils.py:62 kedro.templates.project.hooks.utils._remove_nested_section event=line locals={}
2026-08-22 22:41:02.617 /testbed/kedro/templates/project/hooks/utils.py:60 kedro.templates.project.hooks.utils._remove_nested_section event=line locals={'current_data': "{'c6': {'w0': {'extraC4': 60}, 'v0': {'leafC5': 7}, 'u0': {'leafC6': 8}}}"}
2026-08-22 22:41:02.617 /testbed/kedro/templates/project/hooks/utils.py:61 kedro.templates.project.hooks.utils._remove_nested_section event=line locals={'key': "'c6'"}
2026-08-22 22:41:02.617 /testbed/kedro/templates/project/hooks/utils.py:62 kedro.templates.project.hooks.utils._remove_nested_section event=line locals={}
2026-08-22 22:41:02.617 /testbed/kedro/templates/project/hooks/utils.py:60 kedro.templates.project.hooks.utils._remove_nested_section event=line locals={'current_data': "{'w0': {'extraC4': 60}, 'v0': {'leafC5': 7}, 'u0': {'leafC6': 8}}"}
2026-08-22 22:41:02.617 /testbed/kedro/templates/project/hooks/utils.py:61 kedro.templates.project.hooks.utils._remove_nested_section event=line locals={'key': "'w0'"}
2026-08-22 22:41:02.617 /testbed/kedro/templates/project/hooks/utils.py:62 kedro.templates.project.hooks.utils._remove_nested_section event=line locals={}
2026-08-22 22:41:02.617 /testbed/kedro/templates/project/hooks/utils.py:60 kedro.templates.project.hooks.utils._remove_nested_section event=line locals={'current_data': "{'extraC4': 60}"}
2026-08-22 22:41:02.617 /testbed/kedro/templates/project/hooks/utils.py:67 kedro.templates.project.hooks.utils._remove_nested_section event=line locals={}
2026-08-22 22:41:02.617 /testbed/kedro/templates/project/hooks/utils.py:68 kedro.templates.project.hooks.utils._remove_nested_section event=line locals={'current_data': '{}', 'data': "{'a0': {'keepA': 10}, 'e0': {'keepE': 12, 'e1': {'e2': {'e3': {'e4': {'e5': {'e6': {'e7': {'e8': {'e9': {'e10': {'e11': {'e12': {'leafE1': 6}}}}}}}}}}}}}, 'project': {'name': 'hard-demo', 'version': '2.4.1', 'authors': ['alice', 'bob', 'carol']}, 'd0': {'d1': {'d2': {'d3': {'d4': {'d5': {'d6': {'d7': {'keepD': 11, 'd8': {'d9': {'d10': {'d11': {'d12': {'d13': {'leafD': 5}}}}}}}}}}}}}}, 'c0': {'c1': {'c2': {'c3': {'c4': {'c5': {'c6': {'w0': {}, 'v0': {'leafC5': 7}, 'u0': {'leafC6': 8}}}}}}}}}"}
2026-08-22 22:41:02.617 /testbed/kedro/templates/project/hooks/utils.py:69 kedro.templates.project.hooks.utils._remove_nested_section event=line locals={}
2026-08-22 22:41:02.617 /testbed/kedro/templates/project/hooks/utils.py:70 kedro.templates.project.hooks.utils._remove_nested_section event=line locals={'parent_section': "{'a0': {'keepA': 10}, 'e0': {'keepE': 12, 'e1': {'e2': {'e3': {'e4': {'e5': {'e6': {'e7': {'e8': {'e9': {'e10': {'e11': {'e12': {'leafE1': 6}}}}}}}}}}}}}, 'project': {'name': 'hard-demo', 'version': '2.4.1', 'authors': ['alice', 'bob', 'carol']}, 'd0': {'d1': {'d2': {'d3': {'d4': {'d5': {'d6': {'d7': {'keepD': 11, 'd8': {'d9': {'d10': {'d11': {'d12': {'d13': {'leafD': 5}}}}}}}}}}}}}}, 'c0': {'c1': {'c2': {'c3': {'c4': {'c5': {'c6': {'w0': {}, 'v0': {'leafC5': 7}, 'u0': {'leafC6': 8}}}}}}}}}"}
2026-08-22 22:41:02.617 /testbed/kedro/templates/project/hooks/utils.py:71 kedro.templates.project.hooks.utils._remove_nested_section event=line locals={'key_part': "'c0'"}
2026-08-22 22:41:02.617 /testbed/kedro/templates/project/hooks/utils.py:70 kedro.templates.project.hooks.utils._remove_nested_section event=line locals={'parent_section': "{'c1': {'c2': {'c3': {'c4': {'c5': {'c6': {'w0': {}, 'v0': {'leafC5': 7}, 'u0': {'leafC6': 8}}}}}}}}"}
2026-08-22 22:41:02.617 /testbed/kedro/templates/project/hooks/utils.py:71 kedro.templates.project.hooks.utils._remove_nested_section event=line locals={'key_part': "'c1'"}
2026-08-22 22:41:02.617 /testbed/kedro/templates/project/hooks/utils.py:70 kedro.templates.project.hooks.utils._remove_nested_section event=line locals={'parent_section': "{'c2': {'c3': {'c4': {'c5': {'c6': {'w0': {}, 'v0': {'leafC5': 7}, 'u0': {'leafC6': 8}}}}}}}"}
2026-08-22 22:41:02.617 /testbed/kedro/templates/project/hooks/utils.py:71 kedro.templates.project.hooks.utils._remove_nested_section event=line locals={'key_part': "'c2'"}
2026-08-22 22:41:02.617 /testbed/kedro/templates/project/hooks/utils.py:70 kedro.templates.project.hooks.utils._remove_nested_section event=line locals={'parent_section': "{'c3': {'c4': {'c5': {'c6': {'w0': {}, 'v0': {'leafC5': 7}, 'u0': {'leafC6': 8}}}}}}"}
2026-08-22 22:41:02.617 /testbed/kedro/templates/project/hooks/utils.py:71 kedro.templates.project.hooks.utils._remove_nested_section event=line locals={'key_part': "'c3'"}
2026-08-22 22:41:02.617 /testbed/kedro/templates/project/hooks/utils.py:70 kedro.templates.project.hooks.utils._remove_nested_section event=line locals={'parent_section': "{'c4': {'c5': {'c6': {'w0': {}, 'v0': {'leafC5': 7}, 'u0': {'leafC6': 8}}}}}"}
2026-08-22 22:41:02.617 /testbed/kedro/templates/project/hooks/utils.py:71 kedro.templates.project.hooks.utils._remove_nested_section event=line locals={'key_part': "'c4'"}
2026-08-22 22:41:02.617 /testbed/kedro/templates/project/hooks/utils.py:70 kedro.templates.project.hooks.utils._remove_nested_section event=line locals={'parent_section': "{'c5': {'c6': {'w0': {}, 'v0': {'leafC5': 7}, 'u0': {'leafC6': 8}}}}"}
2026-08-22 22:41:02.618 /testbed/kedro/templates/project/hooks/utils.py:71 kedro.templates.project.hooks.utils._remove_nested_section event=line locals={'key_part': "'c5'"}
2026-08-22 22:41:02.618 /testbed/kedro/templates/project/hooks/utils.py:70 kedro.templates.project.hooks.utils._remove_nested_section event=line locals={'parent_section': "{'c6': {'w0': {}, 'v0': {'leafC5': 7}, 'u0': {'leafC6': 8}}}"}
2026-08-22 22:41:02.618 /testbed/kedro/templates/project/hooks/utils.py:71 kedro.templates.project.hooks.utils._remove_nested_section event=line locals={'key_part': "'c6'"}
2026-08-22 22:41:02.618 /testbed/kedro/templates/project/hooks/utils.py:70 kedro.templates.project.hooks.utils._remove_nested_section event=line locals={'parent_section': "{'w0': {}, 'v0': {'leafC5': 7}, 'u0': {'leafC6': 8}}"}
2026-08-22 22:41:02.618 /testbed/kedro/templates/project/hooks/utils.py:72 kedro.templates.project.hooks.utils._remove_nested_section event=line locals={}
2026-08-22 22:41:02.618 /testbed/kedro/templates/project/hooks/utils.py:73 kedro.templates.project.hooks.utils._remove_nested_section event=line locals={}
2026-08-22 22:41:02.618 /testbed/kedro/templates/project/hooks/utils.py:74 kedro.templates.project.hooks.utils._remove_nested_section event=line locals={'data': "{'a0': {'keepA': 10}, 'e0': {'keepE': 12, 'e1': {'e2': {'e3': {'e4': {'e5': {'e6': {'e7': {'e8': {'e9': {'e10': {'e11': {'e12': {'leafE1': 6}}}}}}}}}}}}}, 'project': {'name': 'hard-demo', 'version': '2.4.1', 'authors': ['alice', 'bob', 'carol']}, 'd0': {'d1': {'d2': {'d3': {'d4': {'d5': {'d6': {'d7': {'keepD': 11, 'd8': {'d9': {'d10': {'d11': {'d12': {'d13': {'leafD': 5}}}}}}}}}}}}}}, 'c0': {'c1': {'c2': {'c3': {'c4': {'c5': {'c6': {'v0': {'leafC5': 7}, 'u0': {'leafC6': 8}}}}}}}}}", 'parent_section': "{'v0': {'leafC5': 7}, 'u0': {'leafC6': 8}}"}
2026-08-22 22:41:02.618 /testbed/kedro/templates/project/hooks/utils.py:68 kedro.templates.project.hooks.utils._remove_nested_section event=line locals={'current_data': "{'v0': {'leafC5': 7}, 'u0': {'leafC6': 8}}"}
2026-08-22 22:41:02.618 /testbed/kedro/templates/project/hooks/utils.py:69 kedro.templates.project.hooks.utils._remove_nested_section event=line locals={'key': "'c6'"}
2026-08-22 22:41:02.618 /testbed/kedro/templates/project/hooks/utils.py:70 kedro.templates.project.hooks.utils._remove_nested_section event=line locals={'parent_section': "{'a0': {'keepA': 10}, 'e0': {'keepE': 12, 'e1': {'e2': {'e3': {'e4': {'e5': {'e6': {'e7': {'e8': {'e9': {'e10': {'e11': {'e12': {'leafE1': 6}}}}}}}}}}}}}, 'project': {'name': 'hard-demo', 'version': '2.4.1', 'authors': ['alice', 'bob', 'carol']}, 'd0': {'d1': {'d2': {'d3': {'d4': {'d5': {'d6': {'d7': {'keepD': 11, 'd8': {'d9': {'d10': {'d11': {'d12': {'d13': {'leafD': 5}}}}}}}}}}}}}}, 'c0': {'c1': {'c2': {'c3': {'c4': {'c5': {'c6': {'v0': {'leafC5': 7}, 'u0': {'leafC6': 8}}}}}}}}}"}
2026-08-22 22:41:02.618 /testbed/kedro/templates/project/hooks/utils.py:71 kedro.templates.project.hooks.utils._remove_nested_section event=line locals={'key_part': "'c0'"}
2026-08-22 22:41:02.618 /testbed/kedro/templates/project/hooks/utils.py:70 kedro.templates.project.hooks.utils._remove_nested_section event=line locals={'parent_section': "{'c1': {'c2': {'c3': {'c4': {'c5': {'c6': {'v0': {'leafC5': 7}, 'u0': {'leafC6': 8}}}}}}}}"}
2026-08-22 22:41:02.618 /testbed/kedro/templates/project/hooks/utils.py:71 kedro.templates.project.hooks.utils._remove_nested_section event=line locals={'key_part': "'c1'"}
2026-08-22 22:41:02.618 /testbed/kedro/templates/project/hooks/utils.py:70 kedro.templates.project.hooks.utils._remove_nested_section event=line locals={'parent_section': "{'c2': {'c3': {'c4': {'c5': {'c6': {'v0': {'leafC5': 7}, 'u0': {'leafC6': 8}}}}}}}"}
2026-08-22 22:41:02.618 /testbed/kedro/templates/project/hooks/utils.py:71 kedro.templates.project.hooks.utils._remove_nested_section event=line locals={'key_part': "'c2'"}
2026-08-22 22:41:02.618 /testbed/kedro/templates/project/hooks/utils.py:70 kedro.templates.project.hooks.utils._remove_nested_section event=line locals={'parent_section': "{'c3': {'c4': {'c5': {'c6': {'v0': {'leafC5': 7}, 'u0': {'leafC6': 8}}}}}}"}
2026-08-22 22:41:02.618 /testbed/kedro/templates/project/hooks/utils.py:71 kedro.templates.project.hooks.utils._remove_nested_section event=line locals={'key_part': "'c3'"}
2026-08-22 22:41:02.618 /testbed/kedro/templates/project/hooks/utils.py:70 kedro.templates.project.hooks.utils._remove_nested_section event=line locals={'parent_section': "{'c4': {'c5': {'c6': {'v0': {'leafC5': 7}, 'u0': {'leafC6': 8}}}}}"}
2026-08-22 22:41:02.618 /testbed/kedro/templates/project/hooks/utils.py:71 kedro.templates.project.hooks.utils._remove_nested_section event=line locals={'key_part': "'c4'"}
2026-08-22 22:41:02.618 /testbed/kedro/templates/project/hooks/utils.py:70 kedro.templates.project.hooks.utils._remove_nested_section event=line locals={'parent_section': "{'c5': {'c6': {'v0': {'leafC5': 7}, 'u0': {'leafC6': 8}}}}"}
2026-08-22 22:41:02.618 /testbed/kedro/templates/project/hooks/utils.py:71 kedro.templates.project.hooks.utils._remove_nested_section event=line locals={'key_part': "'c5'"}
2026-08-22 22:41:02.618 /testbed/kedro/templates/project/hooks/utils.py:70 kedro.templates.project.hooks.utils._remove_nested_section event=line locals={'parent_section': "{'c6': {'v0': {'leafC5': 7}, 'u0': {'leafC6': 8}}}"}
2026-08-22 22:41:02.618 /testbed/kedro/templates/project/hooks/utils.py:72 kedro.templates.project.hooks.utils._remove_nested_section event=line locals={}
2026-08-22 22:41:02.618 /testbed/kedro/templates/project/hooks/utils.py:76 kedro.templates.project.hooks.utils._remove_nested_section event=line locals={}
2026-08-22 22:41:02.618 /testbed/kedro/templates/project/hooks/utils.py:76 kedro.templates.project.hooks.utils._remove_nested_section event=return retval=None locals={'current_data': "{'v0': {'leafC5': 7}, 'u0': {'leafC6': 8}}", 'data': "{'a0': {'keepA': 10}, 'e0': {'keepE': 12, 'e1': {'e2': {'e3': {'e4': {'e5': {'e6': {'e7': {'e8': {'e9': {'e10': {'e11': {'e12': {'leafE1': 6}}}}}}}}}}}}}, 'project': {'name': 'hard-demo', 'version': '2.4.1', 'authors': ['alice', 'bob', 'carol']}, 'd0': {'d1': {'d2': {'d3': {'d4': {'d5': {'d6': {'d7': {'keepD': 11, 'd8': {'d9': {'d10': {'d11': {'d12': {'d13': {'leafD': 5}}}}}}}}}}}}}}, 'c0': {'c1': {'c2': {'c3': {'c4': {'c5': {'c6': {'v0': {'leafC5': 7}, 'u0': {'leafC6': 8}}}}}}}}}", 'key': "'c6'", 'key_part': "'c5'", 'keys': "['c0', 'c1', 'c2', 'c3', 'c4', 'c5', 'c6', 'w0', 'extraC4']", 'nested_key': "'c0.c1.c2.c3.c4.c5.c6.w0.extraC4'", 'parent_section': "{'c6': {'v0': {'leafC5': 7}, 'u0': {'leafC6': 8}}}"}
2026-08-22 22:41:02.618 /testbed/kedro/templates/project/hooks/utils.py:50 kedro.templates.project.hooks.utils._remove_nested_section event=call locals={'data': "{'a0': {'keepA': 10}, 'e0': {'keepE': 12, 'e1': {'e2': {'e3': {'e4': {'e5': {'e6': {'e7': {'e8': {'e9': {'e10': {'e11': {'e12': {'leafE1': 6}}}}}}}}}}}}}, 'project': {'name': 'hard-demo', 'version': '2.4.1', 'authors': ['alice', 'bob', 'carol']}, 'd0': {'d1': {'d2': {'d3': {'d4': {'d5': {'d6': {'d7': {'keepD': 11, 'd8': {'d9': {'d10': {'d11': {'d12': {'d13': {'leafD': 5}}}}}}}}}}}}}}, 'c0': {'c1': {'c2': {'c3': {'c4': {'c5': {'c6': {'v0': {'leafC5': 7}, 'u0': {'leafC6': 8}}}}}}}}}", 'nested_key': "'c0.c1.c2.c3.c4.c5.c6.v0.leafC5'"}
2026-08-22 22:41:02.618 /testbed/kedro/templates/project/hooks/utils.py:57 kedro.templates.project.hooks.utils._remove_nested_section event=line locals={}
2026-08-22 22:41:02.618 /testbed/kedro/templates/project/hooks/utils.py:58 kedro.templates.project.hooks.utils._remove_nested_section event=line locals={'keys': "['c0', 'c1', 'c2', 'c3', 'c4', 'c5', 'c6', 'v0', 'leafC5']"}
2026-08-22 22:41:02.618 /testbed/kedro/templates/project/hooks/utils.py:60 kedro.templates.project.hooks.utils._remove_nested_section event=line locals={'current_data': "{'a0': {'keepA': 10}, 'e0': {'keepE': 12, 'e1': {'e2': {'e3': {'e4': {'e5': {'e6': {'e7': {'e8': {'e9': {'e10': {'e11': {'e12': {'leafE1': 6}}}}}}}}}}}}}, 'project': {'name': 'hard-demo', 'version': '2.4.1', 'authors': ['alice', 'bob', 'carol']}, 'd0': {'d1': {'d2': {'d3': {'d4': {'d5': {'d6': {'d7': {'keepD': 11, 'd8': {'d9': {'d10': {'d11': {'d12': {'d13': {'leafD': 5}}}}}}}}}}}}}}, 'c0': {'c1': {'c2': {'c3': {'c4': {'c5': {'c6': {'v0': {'leafC5': 7}, 'u0': {'leafC6': 8}}}}}}}}}"}
2026-08-22 22:41:02.618 /testbed/kedro/templates/project/hooks/utils.py:61 kedro.templates.project.hooks.utils._remove_nested_section event=line locals={'key': "'c0'"}
2026-08-22 22:41:02.618 /testbed/kedro/templates/project/hooks/utils.py:62 kedro.templates.project.hooks.utils._remove_nested_section event=line locals={}
2026-08-22 22:41:02.618 /testbed/kedro/templates/project/hooks/utils.py:60 kedro.templates.project.hooks.utils._remove_nested_section event=line locals={'current_data': "{'c1': {'c2': {'c3': {'c4': {'c5': {'c6': {'v0': {'leafC5': 7}, 'u0': {'leafC6': 8}}}}}}}}"}
2026-08-22 22:41:02.618 /testbed/kedro/templates/project/hooks/utils.py:61 kedro.templates.project.hooks.utils._remove_nested_section event=line locals={'key': "'c1'"}
2026-08-22 22:41:02.618 /testbed/kedro/templates/project/hooks/utils.py:62 kedro.templates.project.hooks.utils._remove_nested_section event=line locals={}
2026-08-22 22:41:02.618 /testbed/kedro/templates/project/hooks/utils.py:60 kedro.templates.project.hooks.utils._remove_nested_section event=line locals={'current_data': "{'c2': {'c3': {'c4': {'c5': {'c6': {'v0': {'leafC5': 7}, 'u0': {'leafC6': 8}}}}}}}"}
2026-08-22 22:41:02.618 /testbed/kedro/templates/project/hooks/utils.py:61 kedro.templates.project.hooks.utils._remove_nested_section event=line locals={'key': "'c2'"}
2026-08-22 22:41:02.618 /testbed/kedro/templates/project/hooks/utils.py:62 kedro.templates.project.hooks.utils._remove_nested_section event=line locals={}
2026-08-22 22:41:02.618 /testbed/kedro/templates/project/hooks/utils.py:60 kedro.templates.project.hooks.utils._remove_nested_section event=line locals={'current_data': "{'c3': {'c4': {'c5': {'c6': {'v0': {'leafC5': 7}, 'u0': {'leafC6': 8}}}}}}"}
2026-08-22 22:41:02.618 /testbed/kedro/templates/project/hooks/utils.py:61 kedro.templates.project.hooks.utils._remove_nested_section event=line locals={'key': "'c3'"}
2026-08-22 22:41:02.618 /testbed/kedro/templates/project/hooks/utils.py:62 kedro.templates.project.hooks.utils._remove_nested_section event=line locals={}
2026-08-22 22:41:02.618 /testbed/kedro/templates/project/hooks/utils.py:60 kedro.templates.project.hooks.utils._remove_nested_section event=line locals={'current_data': "{'c4': {'c5': {'c6': {'v0': {'leafC5': 7}, 'u0': {'leafC6': 8}}}}}"}
2026-08-22 22:41:02.618 /testbed/kedro/templates/project/hooks/utils.py:61 kedro.templates.project.hooks.utils._remove_nested_section event=line locals={'key': "'c4'"}
2026-08-22 22:41:02.618 /testbed/kedro/templates/project/hooks/utils.py:62 kedro.templates.project.hooks.utils._remove_nested_section event=line locals={}
2026-08-22 22:41:02.618 /testbed/kedro/templates/project/hooks/utils.py:60 kedro.templates.project.hooks.utils._remove_nested_section event=line locals={'current_data': "{'c5': {'c6': {'v0': {'leafC5': 7}, 'u0': {'leafC6': 8}}}}"}
2026-08-22 22:41:02.618 /testbed/kedro/templates/project/hooks/utils.py:61 kedro.templates.project.hooks.utils._remove_nested_section event=line locals={'key': "'c5'"}
2026-08-22 22:41:02.618 /testbed/kedro/templates/project/hooks/utils.py:62 kedro.templates.project.hooks.utils._remove_nested_section event=line locals={}
2026-08-22 22:41:02.618 /testbed/kedro/templates/project/hooks/utils.py:60 kedro.templates.project.hooks.utils._remove_nested_section event=line locals={'current_data': "{'c6': {'v0': {'leafC5': 7}, 'u0': {'leafC6': 8}}}"}
2026-08-22 22:41:02.618 /testbed/kedro/templates/project/hooks/utils.py:61 kedro.templates.project.hooks.utils._remove_nested_section event=line locals={'key': "'c6'"}
2026-08-22 22:41:02.618 /testbed/kedro/templates/project/hooks/utils.py:62 kedro.templates.project.hooks.utils._remove_nested_section event=line locals={}
2026-08-22 22:41:02.619 /testbed/kedro/templates/project/hooks/utils.py:60 kedro.templates.project.hooks.utils._remove_nested_section event=line locals={'current_data': "{'v0': {'leafC5': 7}, 'u0': {'leafC6': 8}}"}
2026-08-22 22:41:02.619 /testbed/kedro/templates/project/hooks/utils.py:61 kedro.templates.project.hooks.utils._remove_nested_section event=line locals={'key': "'v0'"}
2026-08-22 22:41:02.619 /testbed/kedro/templates/project/hooks/utils.py:62 kedro.templates.project.hooks.utils._remove_nested_section event=line locals={}
2026-08-22 22:41:02.619 /testbed/kedro/templates/project/hooks/utils.py:60 kedro.templates.project.hooks.utils._remove_nested_section event=line locals={'current_data': "{'leafC5': 7}"}
2026-08-22 22:41:02.619 /testbed/kedro/templates/project/hooks/utils.py:67 kedro.templates.project.hooks.utils._remove_nested_section event=line locals={}
2026-08-22 22:41:02.619 /testbed/kedro/templates/project/hooks/utils.py:68 kedro.templates.project.hooks.utils._remove_nested_section event=line locals={'current_data': '{}', 'data': "{'a0': {'keepA': 10}, 'e0': {'keepE': 12, 'e1': {'e2': {'e3': {'e4': {'e5': {'e6': {'e7': {'e8': {'e9': {'e10': {'e11': {'e12': {'leafE1': 6}}}}}}}}}}}}}, 'project': {'name': 'hard-demo', 'version': '2.4.1', 'authors': ['alice', 'bob', 'carol']}, 'd0': {'d1': {'d2': {'d3': {'d4': {'d5': {'d6': {'d7': {'keepD': 11, 'd8': {'d9': {'d10': {'d11': {'d12': {'d13': {'leafD': 5}}}}}}}}}}}}}}, 'c0': {'c1': {'c2': {'c3': {'c4': {'c5': {'c6': {'v0': {}, 'u0': {'leafC6': 8}}}}}}}}}"}
2026-08-22 22:41:02.619 /testbed/kedro/templates/project/hooks/utils.py:69 kedro.templates.project.hooks.utils._remove_nested_section event=line locals={}
2026-08-22 22:41:02.619 /testbed/kedro/templates/project/hooks/utils.py:70 kedro.templates.project.hooks.utils._remove_nested_section event=line locals={'parent_section': "{'a0': {'keepA': 10}, 'e0': {'keepE': 12, 'e1': {'e2': {'e3': {'e4': {'e5': {'e6': {'e7': {'e8': {'e9': {'e10': {'e11': {'e12': {'leafE1': 6}}}}}}}}}}}}}, 'project': {'name': 'hard-demo', 'version': '2.4.1', 'authors': ['alice', 'bob', 'carol']}, 'd0': {'d1': {'d2': {'d3': {'d4': {'d5': {'d6': {'d7': {'keepD': 11, 'd8': {'d9': {'d10': {'d11': {'d12': {'d13': {'leafD': 5}}}}}}}}}}}}}}, 'c0': {'c1': {'c2': {'c3': {'c4': {'c5': {'c6': {'v0': {}, 'u0': {'leafC6': 8}}}}}}}}}"}
2026-08-22 22:41:02.619 /testbed/kedro/templates/project/hooks/utils.py:71 kedro.templates.project.hooks.utils._remove_nested_section event=line locals={'key_part': "'c0'"}
2026-08-22 22:41:02.619 /testbed/kedro/templates/project/hooks/utils.py:70 kedro.templates.project.hooks.utils._remove_nested_section event=line locals={'parent_section': "{'c1': {'c2': {'c3': {'c4': {'c5': {'c6': {'v0': {}, 'u0': {'leafC6': 8}}}}}}}}"}
2026-08-22 22:41:02.619 /testbed/kedro/templates/project/hooks/utils.py:71 kedro.templates.project.hooks.utils._remove_nested_section event=line locals={'key_part': "'c1'"}
2026-08-22 22:41:02.619 /testbed/kedro/templates/project/hooks/utils.py:70 kedro.templates.project.hooks.utils._remove_nested_section event=line locals={'parent_section': "{'c2': {'c3': {'c4': {'c5': {'c6': {'v0': {}, 'u0': {'leafC6': 8}}}}}}}"}
2026-08-22 22:41:02.619 /testbed/kedro/templates/project/hooks/utils.py:71 kedro.templates.project.hooks.utils._remove_nested_section event=line locals={'key_part': "'c2'"}
2026-08-22 22:41:02.619 /testbed/kedro/templates/project/hooks/utils.py:70 kedro.templates.project.hooks.utils._remove_nested_section event=line locals={'parent_section': "{'c3': {'c4': {'c5': {'c6': {'v0': {}, 'u0': {'leafC6': 8}}}}}}"}
2026-08-22 22:41:02.619 /testbed/kedro/templates/project/hooks/utils.py:71 kedro.templates.project.hooks.utils._remove_nested_section event=line locals={'key_part': "'c3'"}
2026-08-22 22:41:02.619 /testbed/kedro/templates/project/hooks/utils.py:70 kedro.templates.project.hooks.utils._remove_nested_section event=line locals={'parent_section': "{'c4': {'c5': {'c6': {'v0': {}, 'u0': {'leafC6': 8}}}}}"}
2026-08-22 22:41:02.619 /testbed/kedro/templates/project/hooks/utils.py:71 kedro.templates.project.hooks.utils._remove_nested_section event=line locals={'key_part': "'c4'"}
2026-08-22 22:41:02.619 /testbed/kedro/templates/project/hooks/utils.py:70 kedro.templates.project.hooks.utils._remove_nested_section event=line locals={'parent_section': "{'c5': {'c6': {'v0': {}, 'u0': {'leafC6': 8}}}}"}
2026-08-22 22:41:02.619 /testbed/kedro/templates/project/hooks/utils.py:71 kedro.templates.project.hooks.utils._remove_nested_section event=line locals={'key_part': "'c5'"}
2026-08-22 22:41:02.619 /testbed/kedro/templates/project/hooks/utils.py:70 kedro.templates.project.hooks.utils._remove_nested_section event=line locals={'parent_section': "{'c6': {'v0': {}, 'u0': {'leafC6': 8}}}"}
2026-08-22 22:41:02.619 /testbed/kedro/templates/project/hooks/utils.py:71 kedro.templates.project.hooks.utils._remove_nested_section event=line locals={'key_part': "'c6'"}
2026-08-22 22:41:02.619 /testbed/kedro/templates/project/hooks/utils.py:70 kedro.templates.project.hooks.utils._remove_nested_section event=line locals={'parent_section': "{'v0': {}, 'u0': {'leafC6': 8}}"}
2026-08-22 22:41:02.619 /testbed/kedro/templates/project/hooks/utils.py:72 kedro.templates.project.hooks.utils._remove_nested_section event=line locals={}
2026-08-22 22:41:02.619 /testbed/kedro/templates/project/hooks/utils.py:73 kedro.templates.project.hooks.utils._remove_nested_section event=line locals={}
2026-08-22 22:41:02.619 /testbed/kedro/templates/project/hooks/utils.py:74 kedro.templates.project.hooks.utils._remove_nested_section event=line locals={'data': "{'a0': {'keepA': 10}, 'e0': {'keepE': 12, 'e1': {'e2': {'e3': {'e4': {'e5': {'e6': {'e7': {'e8': {'e9': {'e10': {'e11': {'e12': {'leafE1': 6}}}}}}}}}}}}}, 'project': {'name': 'hard-demo', 'version': '2.4.1', 'authors': ['alice', 'bob', 'carol']}, 'd0': {'d1': {'d2': {'d3': {'d4': {'d5': {'d6': {'d7': {'keepD': 11, 'd8': {'d9': {'d10': {'d11': {'d12': {'d13': {'leafD': 5}}}}}}}}}}}}}}, 'c0': {'c1': {'c2': {'c3': {'c4': {'c5': {'c6': {'u0': {'leafC6': 8}}}}}}}}}", 'parent_section': "{'u0': {'leafC6': 8}}"}
2026-08-22 22:41:02.619 /testbed/kedro/templates/project/hooks/utils.py:68 kedro.templates.project.hooks.utils._remove_nested_section event=line locals={'current_data': "{'u0': {'leafC6': 8}}"}
2026-08-22 22:41:02.619 /testbed/kedro/templates/project/hooks/utils.py:69 kedro.templates.project.hooks.utils._remove_nested_section event=line locals={'key': "'c6'"}
2026-08-22 22:41:02.619 /testbed/kedro/templates/project/hooks/utils.py:70 kedro.templates.project.hooks.utils._remove_nested_section event=line locals={'parent_section': "{'a0': {'keepA': 10}, 'e0': {'keepE': 12, 'e1': {'e2': {'e3': {'e4': {'e5': {'e6': {'e7': {'e8': {'e9': {'e10': {'e11': {'e12': {'leafE1': 6}}}}}}}}}}}}}, 'project': {'name': 'hard-demo', 'version': '2.4.1', 'authors': ['alice', 'bob', 'carol']}, 'd0': {'d1': {'d2': {'d3': {'d4': {'d5': {'d6': {'d7': {'keepD': 11, 'd8': {'d9': {'d10': {'d11': {'d12': {'d13': {'leafD': 5}}}}}}}}}}}}}}, 'c0': {'c1': {'c2': {'c3': {'c4': {'c5': {'c6': {'u0': {'leafC6': 8}}}}}}}}}"}
2026-08-22 22:41:02.619 /testbed/kedro/templates/project/hooks/utils.py:71 kedro.templates.project.hooks.utils._remove_nested_section event=line locals={'key_part': "'c0'"}
2026-08-22 22:41:02.619 /testbed/kedro/templates/project/hooks/utils.py:70 kedro.templates.project.hooks.utils._remove_nested_section event=line locals={'parent_section': "{'c1': {'c2': {'c3': {'c4': {'c5': {'c6': {'u0': {'leafC6': 8}}}}}}}}"}
2026-08-22 22:41:02.619 /testbed/kedro/templates/project/hooks/utils.py:71 kedro.templates.project.hooks.utils._remove_nested_section event=line locals={'key_part': "'c1'"}
2026-08-22 22:41:02.619 /testbed/kedro/templates/project/hooks/utils.py:70 kedro.templates.project.hooks.utils._remove_nested_section event=line locals={'parent_section': "{'c2': {'c3': {'c4': {'c5': {'c6': {'u0': {'leafC6': 8}}}}}}}"}
2026-08-22 22:41:02.619 /testbed/kedro/templates/project/hooks/utils.py:71 kedro.templates.project.hooks.utils._remove_nested_section event=line locals={'key_part': "'c2'"}
2026-08-22 22:41:02.619 /testbed/kedro/templates/project/hooks/utils.py:70 kedro.templates.project.hooks.utils._remove_nested_section event=line locals={'parent_section': "{'c3': {'c4': {'c5': {'c6': {'u0': {'leafC6': 8}}}}}}"}
2026-08-22 22:41:02.619 /testbed/kedro/templates/project/hooks/utils.py:71 kedro.templates.project.hooks.utils._remove_nested_section event=line locals={'key_part': "'c3'"}
2026-08-22 22:41:02.619 /testbed/kedro/templates/project/hooks/utils.py:70 kedro.templates.project.hooks.utils._remove_nested_section event=line locals={'parent_section': "{'c4': {'c5': {'c6': {'u0': {'leafC6': 8}}}}}"}
2026-08-22 22:41:02.619 /testbed/kedro/templates/project/hooks/utils.py:71 kedro.templates.project.hooks.utils._remove_nested_section event=line locals={'key_part': "'c4'"}
2026-08-22 22:41:02.619 /testbed/kedro/templates/project/hooks/utils.py:70 kedro.templates.project.hooks.utils._remove_nested_section event=line locals={'parent_section': "{'c5': {'c6': {'u0': {'leafC6': 8}}}}"}
2026-08-22 22:41:02.619 /testbed/kedro/templates/project/hooks/utils.py:71 kedro.templates.project.hooks.utils._remove_nested_section event=line locals={'key_part': "'c5'"}
2026-08-22 22:41:02.619 /testbed/kedro/templates/project/hooks/utils.py:70 kedro.templates.project.hooks.utils._remove_nested_section event=line locals={'parent_section': "{'c6': {'u0': {'leafC6': 8}}}"}
2026-08-22 22:41:02.619 /testbed/kedro/templates/project/hooks/utils.py:72 kedro.templates.project.hooks.utils._remove_nested_section event=line locals={}
2026-08-22 22:41:02.619 /testbed/kedro/templates/project/hooks/utils.py:76 kedro.templates.project.hooks.utils._remove_nested_section event=line locals={}
2026-08-22 22:41:02.619 /testbed/kedro/templates/project/hooks/utils.py:76 kedro.templates.project.hooks.utils._remove_nested_section event=return retval=None locals={'current_data': "{'u0': {'leafC6': 8}}", 'data': "{'a0': {'keepA': 10}, 'e0': {'keepE': 12, 'e1': {'e2': {'e3': {'e4': {'e5': {'e6': {'e7': {'e8': {'e9': {'e10': {'e11': {'e12': {'leafE1': 6}}}}}}}}}}}}}, 'project': {'name': 'hard-demo', 'version': '2.4.1', 'authors': ['alice', 'bob', 'carol']}, 'd0': {'d1': {'d2': {'d3': {'d4': {'d5': {'d6': {'d7': {'keepD': 11, 'd8': {'d9': {'d10': {'d11': {'d12': {'d13': {'leafD': 5}}}}}}}}}}}}}}, 'c0': {'c1': {'c2': {'c3': {'c4': {'c5': {'c6': {'u0': {'leafC6': 8}}}}}}}}}", 'key': "'c6'", 'key_part': "'c5'", 'keys': "['c0', 'c1', 'c2', 'c3', 'c4', 'c5', 'c6', 'v0', 'leafC5']", 'nested_key': "'c0.c1.c2.c3.c4.c5.c6.v0.leafC5'", 'parent_section': "{'c6': {'u0': {'leafC6': 8}}}"}
2026-08-22 22:41:02.619 /testbed/kedro/templates/project/hooks/utils.py:50 kedro.templates.project.hooks.utils._remove_nested_section event=call locals={'data': "{'a0': {'keepA': 10}, 'e0': {'keepE': 12, 'e1': {'e2': {'e3': {'e4': {'e5': {'e6': {'e7': {'e8': {'e9': {'e10': {'e11': {'e12': {'leafE1': 6}}}}}}}}}}}}}, 'project': {'name': 'hard-demo', 'version': '2.4.1', 'authors': ['alice', 'bob', 'carol']}, 'd0': {'d1': {'d2': {'d3': {'d4': {'d5': {'d6': {'d7': {'keepD': 11, 'd8': {'d9': {'d10': {'d11': {'d12': {'d13': {'leafD': 5}}}}}}}}}}}}}}, 'c0': {'c1': {'c2': {'c3': {'c4': {'c5': {'c6': {'u0': {'leafC6': 8}}}}}}}}}", 'nested_key': "'c0.c1.c2.c3.c4.c5.c6.u0.leafC6'"}
2026-08-22 22:41:02.619 /testbed/kedro/templates/project/hooks/utils.py:57 kedro.templates.project.hooks.utils._remove_nested_section event=line locals={}
2026-08-22 22:41:02.619 /testbed/kedro/templates/project/hooks/utils.py:58 kedro.templates.project.hooks.utils._remove_nested_section event=line locals={'keys': "['c0', 'c1', 'c2', 'c3', 'c4', 'c5', 'c6', 'u0', 'leafC6']"}
2026-08-22 22:41:02.619 /testbed/kedro/templates/project/hooks/utils.py:60 kedro.templates.project.hooks.utils._remove_nested_section event=line locals={'current_data': "{'a0': {'keepA': 10}, 'e0': {'keepE': 12, 'e1': {'e2': {'e3': {'e4': {'e5': {'e6': {'e7': {'e8': {'e9': {'e10': {'e11': {'e12': {'leafE1': 6}}}}}}}}}}}}}, 'project': {'name': 'hard-demo', 'version': '2.4.1', 'authors': ['alice', 'bob', 'carol']}, 'd0': {'d1': {'d2': {'d3': {'d4': {'d5': {'d6': {'d7': {'keepD': 11, 'd8': {'d9': {'d10': {'d11': {'d12': {'d13': {'leafD': 5}}}}}}}}}}}}}}, 'c0': {'c1': {'c2': {'c3': {'c4': {'c5': {'c6': {'u0': {'leafC6': 8}}}}}}}}}"}
2026-08-22 22:41:02.619 /testbed/kedro/templates/project/hooks/utils.py:61 kedro.templates.project.hooks.utils._remove_nested_section event=line locals={'key': "'c0'"}
2026-08-22 22:41:02.619 /testbed/kedro/templates/project/hooks/utils.py:62 kedro.templates.project.hooks.utils._remove_nested_section event=line locals={}
2026-08-22 22:41:02.620 /testbed/kedro/templates/project/hooks/utils.py:60 kedro.templates.project.hooks.utils._remove_nested_section event=line locals={'current_data': "{'c1': {'c2': {'c3': {'c4': {'c5': {'c6': {'u0': {'leafC6': 8}}}}}}}}"}
2026-08-22 22:41:02.620 /testbed/kedro/templates/project/hooks/utils.py:61 kedro.templates.project.hooks.utils._remove_nested_section event=line locals={'key': "'c1'"}
2026-08-22 22:41:02.620 /testbed/kedro/templates/project/hooks/utils.py:62 kedro.templates.project.hooks.utils._remove_nested_section event=line locals={}
2026-08-22 22:41:02.620 /testbed/kedro/templates/project/hooks/utils.py:60 kedro.templates.project.hooks.utils._remove_nested_section event=line locals={'current_data': "{'c2': {'c3': {'c4': {'c5': {'c6': {'u0': {'leafC6': 8}}}}}}}"}
2026-08-22 22:41:02.620 /testbed/kedro/templates/project/hooks/utils.py:61 kedro.templates.project.hooks.utils._remove_nested_section event=line locals={'key': "'c2'"}
2026-08-22 22:41:02.620 /testbed/kedro/templates/project/hooks/utils.py:62 kedro.templates.project.hooks.utils._remove_nested_section event=line locals={}
2026-08-22 22:41:02.620 /testbed/kedro/templates/project/hooks/utils.py:60 kedro.templates.project.hooks.utils._remove_nested_section event=line locals={'current_data': "{'c3': {'c4': {'c5': {'c6': {'u0': {'leafC6': 8}}}}}}"}
2026-08-22 22:41:02.620 /testbed/kedro/templates/project/hooks/utils.py:61 kedro.templates.project.hooks.utils._remove_nested_section event=line locals={'key': "'c3'"}
2026-08-22 22:41:02.620 /testbed/kedro/templates/project/hooks/utils.py:62 kedro.templates.project.hooks.utils._remove_nested_section event=line locals={}
2026-08-22 22:41:02.620 /testbed/kedro/templates/project/hooks/utils.py:60 kedro.templates.project.hooks.utils._remove_nested_section event=line locals={'current_data': "{'c4': {'c5': {'c6': {'u0': {'leafC6': 8}}}}}"}
2026-08-22 22:41:02.620 /testbed/kedro/templates/project/hooks/utils.py:61 kedro.templates.project.hooks.utils._remove_nested_section event=line locals={'key': "'c4'"}
2026-08-22 22:41:02.620 /testbed/kedro/templates/project/hooks/utils.py:62 kedro.templates.project.hooks.utils._remove_nested_section event=line locals={}
2026-08-22 22:41:02.620 /testbed/kedro/templates/project/hooks/utils.py:60 kedro.templates.project.hooks.utils._remove_nested_section event=line locals={'current_data': "{'c5': {'c6': {'u0': {'leafC6': 8}}}}"}
2026-08-22 22:41:02.620 /testbed/kedro/templates/project/hooks/utils.py:61 kedro.templates.project.hooks.utils._remove_nested_section event=line locals={'key': "'c5'"}
2026-08-22 22:41:02.620 /testbed/kedro/templates/project/hooks/utils.py:62 kedro.templates.project.hooks.utils._remove_nested_section event=line locals={}
2026-08-22 22:41:02.620 /testbed/kedro/templates/project/hooks/utils.py:60 kedro.templates.project.hooks.utils._remove_nested_section event=line locals={'current_data': "{'c6': {'u0': {'leafC6': 8}}}"}
2026-08-22 22:41:02.620 /testbed/kedro/templates/project/hooks/utils.py:61 kedro.templates.project.hooks.utils._remove_nested_section event=line locals={'key': "'c6'"}
2026-08-22 22:41:02.620 /testbed/kedro/templates/project/hooks/utils.py:62 kedro.templates.project.hooks.utils._remove_nested_section event=line locals={}
2026-08-22 22:41:02.620 /testbed/kedro/templates/project/hooks/utils.py:60 kedro.templates.project.hooks.utils._remove_nested_section event=line locals={'current_data': "{'u0': {'leafC6': 8}}"}
2026-08-22 22:41:02.620 /testbed/kedro/templates/project/hooks/utils.py:61 kedro.templates.project.hooks.utils._remove_nested_section event=line locals={'key': "'u0'"}
2026-08-22 22:41:02.620 /testbed/kedro/templates/project/hooks/utils.py:62 kedro.templates.project.hooks.utils._remove_nested_section event=line locals={}
2026-08-22 22:41:02.620 /testbed/kedro/templates/project/hooks/utils.py:60 kedro.templates.project.hooks.utils._remove_nested_section event=line locals={'current_data': "{'leafC6': 8}"}
2026-08-22 22:41:02.620 /testbed/kedro/templates/project/hooks/utils.py:67 kedro.templates.project.hooks.utils._remove_nested_section event=line locals={}
2026-08-22 22:41:02.620 /testbed/kedro/templates/project/hooks/utils.py:68 kedro.templates.project.hooks.utils._remove_nested_section event=line locals={'current_data': '{}', 'data': "{'a0': {'keepA': 10}, 'e0': {'keepE': 12, 'e1': {'e2': {'e3': {'e4': {'e5': {'e6': {'e7': {'e8': {'e9': {'e10': {'e11': {'e12': {'leafE1': 6}}}}}}}}}}}}}, 'project': {'name': 'hard-demo', 'version': '2.4.1', 'authors': ['alice', 'bob', 'carol']}, 'd0': {'d1': {'d2': {'d3': {'d4': {'d5': {'d6': {'d7': {'keepD': 11, 'd8': {'d9': {'d10': {'d11': {'d12': {'d13': {'leafD': 5}}}}}}}}}}}}}}, 'c0': {'c1': {'c2': {'c3': {'c4': {'c5': {'c6': {'u0': {}}}}}}}}}"}
2026-08-22 22:41:02.620 /testbed/kedro/templates/project/hooks/utils.py:69 kedro.templates.project.hooks.utils._remove_nested_section event=line locals={}
2026-08-22 22:41:02.620 /testbed/kedro/templates/project/hooks/utils.py:70 kedro.templates.project.hooks.utils._remove_nested_section event=line locals={'parent_section': "{'a0': {'keepA': 10}, 'e0': {'keepE': 12, 'e1': {'e2': {'e3': {'e4': {'e5': {'e6': {'e7': {'e8': {'e9': {'e10': {'e11': {'e12': {'leafE1': 6}}}}}}}}}}}}}, 'project': {'name': 'hard-demo', 'version': '2.4.1', 'authors': ['alice', 'bob', 'carol']}, 'd0': {'d1': {'d2': {'d3': {'d4': {'d5': {'d6': {'d7': {'keepD': 11, 'd8': {'d9': {'d10': {'d11': {'d12': {'d13': {'leafD': 5}}}}}}}}}}}}}}, 'c0': {'c1': {'c2': {'c3': {'c4': {'c5': {'c6': {'u0': {}}}}}}}}}"}
2026-08-22 22:41:02.620 /testbed/kedro/templates/project/hooks/utils.py:71 kedro.templates.project.hooks.utils._remove_nested_section event=line locals={'key_part': "'c0'"}
2026-08-22 22:41:02.620 /testbed/kedro/templates/project/hooks/utils.py:70 kedro.templates.project.hooks.utils._remove_nested_section event=line locals={'parent_section': "{'c1': {'c2': {'c3': {'c4': {'c5': {'c6': {'u0': {}}}}}}}}"}
2026-08-22 22:41:02.620 /testbed/kedro/templates/project/hooks/utils.py:71 kedro.templates.project.hooks.utils._remove_nested_section event=line locals={'key_part': "'c1'"}
2026-08-22 22:41:02.620 /testbed/kedro/templates/project/hooks/utils.py:70 kedro.templates.project.hooks.utils._remove_nested_section event=line locals={'parent_section': "{'c2': {'c3': {'c4': {'c5': {'c6': {'u0': {}}}}}}}"}
2026-08-22 22:41:02.620 /testbed/kedro/templates/project/hooks/utils.py:71 kedro.templates.project.hooks.utils._remove_nested_section event=line locals={'key_part': "'c2'"}
2026-08-22 22:41:02.620 /testbed/kedro/templates/project/hooks/utils.py:70 kedro.templates.project.hooks.utils._remove_nested_section event=line locals={'parent_section': "{'c3': {'c4': {'c5': {'c6': {'u0': {}}}}}}"}
2026-08-22 22:41:02.620 /testbed/kedro/templates/project/hooks/utils.py:71 kedro.templates.project.hooks.utils._remove_nested_section event=line locals={'key_part': "'c3'"}
2026-08-22 22:41:02.620 /testbed/kedro/templates/project/hooks/utils.py:70 kedro.templates.project.hooks.utils._remove_nested_section event=line locals={'parent_section': "{'c4': {'c5': {'c6': {'u0': {}}}}}"}
2026-08-22 22:41:02.620 /testbed/kedro/templates/project/hooks/utils.py:71 kedro.templates.project.hooks.utils._remove_nested_section event=line locals={'key_part': "'c4'"}
2026-08-22 22:41:02.620 /testbed/kedro/templates/project/hooks/utils.py:70 kedro.templates.project.hooks.utils._remove_nested_section event=line locals={'parent_section': "{'c5': {'c6': {'u0': {}}}}"}
2026-08-22 22:41:02.620 /testbed/kedro/templates/project/hooks/utils.py:71 kedro.templates.project.hooks.utils._remove_nested_section event=line locals={'key_part': "'c5'"}
2026-08-22 22:41:02.620 /testbed/kedro/templates/project/hooks/utils.py:70 kedro.templates.project.hooks.utils._remove_nested_section event=line locals={'parent_section': "{'c6': {'u0': {}}}"}
2026-08-22 22:41:02.620 /testbed/kedro/templates/project/hooks/utils.py:71 kedro.templates.project.hooks.utils._remove_nested_section event=line locals={'key_part': "'c6'"}
2026-08-22 22:41:02.620 /testbed/kedro/templates/project/hooks/utils.py:70 kedro.templates.project.hooks.utils._remove_nested_section event=line locals={'parent_section': "{'u0': {}}"}
2026-08-22 22:41:02.620 /testbed/kedro/templates/project/hooks/utils.py:72 kedro.templates.project.hooks.utils._remove_nested_section event=line locals={}
2026-08-22 22:41:02.620 /testbed/kedro/templates/project/hooks/utils.py:73 kedro.templates.project.hooks.utils._remove_nested_section event=line locals={}
2026-08-22 22:41:02.620 /testbed/kedro/templates/project/hooks/utils.py:74 kedro.templates.project.hooks.utils._remove_nested_section event=line locals={'data': "{'a0': {'keepA': 10}, 'e0': {'keepE': 12, 'e1': {'e2': {'e3': {'e4': {'e5': {'e6': {'e7': {'e8': {'e9': {'e10': {'e11': {'e12': {'leafE1': 6}}}}}}}}}}}}}, 'project': {'name': 'hard-demo', 'version': '2.4.1', 'authors': ['alice', 'bob', 'carol']}, 'd0': {'d1': {'d2': {'d3': {'d4': {'d5': {'d6': {'d7': {'keepD': 11, 'd8': {'d9': {'d10': {'d11': {'d12': {'d13': {'leafD': 5}}}}}}}}}}}}}}, 'c0': {'c1': {'c2': {'c3': {'c4': {'c5': {'c6': {}}}}}}}}", 'parent_section': '{}'}
2026-08-22 22:41:02.620 /testbed/kedro/templates/project/hooks/utils.py:68 kedro.templates.project.hooks.utils._remove_nested_section event=line locals={}
2026-08-22 22:41:02.620 /testbed/kedro/templates/project/hooks/utils.py:69 kedro.templates.project.hooks.utils._remove_nested_section event=line locals={'key': "'c6'"}
2026-08-22 22:41:02.620 /testbed/kedro/templates/project/hooks/utils.py:70 kedro.templates.project.hooks.utils._remove_nested_section event=line locals={'parent_section': "{'a0': {'keepA': 10}, 'e0': {'keepE': 12, 'e1': {'e2': {'e3': {'e4': {'e5': {'e6': {'e7': {'e8': {'e9': {'e10': {'e11': {'e12': {'leafE1': 6}}}}}}}}}}}}}, 'project': {'name': 'hard-demo', 'version': '2.4.1', 'authors': ['alice', 'bob', 'carol']}, 'd0': {'d1': {'d2': {'d3': {'d4': {'d5': {'d6': {'d7': {'keepD': 11, 'd8': {'d9': {'d10': {'d11': {'d12': {'d13': {'leafD': 5}}}}}}}}}}}}}}, 'c0': {'c1': {'c2': {'c3': {'c4': {'c5': {'c6': {}}}}}}}}"}
2026-08-22 22:41:02.620 /testbed/kedro/templates/project/hooks/utils.py:71 kedro.templates.project.hooks.utils._remove_nested_section event=line locals={'key_part': "'c0'"}
2026-08-22 22:41:02.620 /testbed/kedro/templates/project/hooks/utils.py:70 kedro.templates.project.hooks.utils._remove_nested_section event=line locals={'parent_section': "{'c1': {'c2': {'c3': {'c4': {'c5': {'c6': {}}}}}}}"}
2026-08-22 22:41:02.620 /testbed/kedro/templates/project/hooks/utils.py:71 kedro.templates.project.hooks.utils._remove_nested_section event=line locals={'key_part': "'c1'"}
2026-08-22 22:41:02.620 /testbed/kedro/templates/project/hooks/utils.py:70 kedro.templates.project.hooks.utils._remove_nested_section event=line locals={'parent_section': "{'c2': {'c3': {'c4': {'c5': {'c6': {}}}}}}"}
2026-08-22 22:41:02.620 /testbed/kedro/templates/project/hooks/utils.py:71 kedro.templates.project.hooks.utils._remove_nested_section event=line locals={'key_part': "'c2'"}
2026-08-22 22:41:02.620 /testbed/kedro/templates/project/hooks/utils.py:70 kedro.templates.project.hooks.utils._remove_nested_section event=line locals={'parent_section': "{'c3': {'c4': {'c5': {'c6': {}}}}}"}
2026-08-22 22:41:02.621 /testbed/kedro/templates/project/hooks/utils.py:71 kedro.templates.project.hooks.utils._remove_nested_section event=line locals={'key_part': "'c3'"}
2026-08-22 22:41:02.621 /testbed/kedro/templates/project/hooks/utils.py:70 kedro.templates.project.hooks.utils._remove_nested_section event=line locals={'parent_section': "{'c4': {'c5': {'c6': {}}}}"}
2026-08-22 22:41:02.621 /testbed/kedro/templates/project/hooks/utils.py:71 kedro.templates.project.hooks.utils._remove_nested_section event=line locals={'key_part': "'c4'"}
2026-08-22 22:41:02.621 /testbed/kedro/templates/project/hooks/utils.py:70 kedro.templates.project.hooks.utils._remove_nested_section event=line locals={'parent_section': "{'c5': {'c6': {}}}"}
2026-08-22 22:41:02.621 /testbed/kedro/templates/project/hooks/utils.py:71 kedro.templates.project.hooks.utils._remove_nested_section event=line locals={'key_part': "'c5'"}
2026-08-22 22:41:02.621 /testbed/kedro/templates/project/hooks/utils.py:70 kedro.templates.project.hooks.utils._remove_nested_section event=line locals={'parent_section': "{'c6': {}}"}
2026-08-22 22:41:02.621 /testbed/kedro/templates/project/hooks/utils.py:72 kedro.templates.project.hooks.utils._remove_nested_section event=line locals={}
2026-08-22 22:41:02.621 /testbed/kedro/templates/project/hooks/utils.py:73 kedro.templates.project.hooks.utils._remove_nested_section event=line locals={}
2026-08-22 22:41:02.621 /testbed/kedro/templates/project/hooks/utils.py:74 kedro.templates.project.hooks.utils._remove_nested_section event=line locals={'data': "{'a0': {'keepA': 10}, 'e0': {'keepE': 12, 'e1': {'e2': {'e3': {'e4': {'e5': {'e6': {'e7': {'e8': {'e9': {'e10': {'e11': {'e12': {'leafE1': 6}}}}}}}}}}}}}, 'project': {'name': 'hard-demo', 'version': '2.4.1', 'authors': ['alice', 'bob', 'carol']}, 'd0': {'d1': {'d2': {'d3': {'d4': {'d5': {'d6': {'d7': {'keepD': 11, 'd8': {'d9': {'d10': {'d11': {'d12': {'d13': {'leafD': 5}}}}}}}}}}}}}}, 'c0': {'c1': {'c2': {'c3': {'c4': {'c5': {}}}}}}}", 'parent_section': '{}'}
2026-08-22 22:41:02.621 /testbed/kedro/templates/project/hooks/utils.py:68 kedro.templates.project.hooks.utils._remove_nested_section event=line locals={}
2026-08-22 22:41:02.621 /testbed/kedro/templates/project/hooks/utils.py:69 kedro.templates.project.hooks.utils._remove_nested_section event=line locals={'key': "'c5'"}
2026-08-22 22:41:02.621 /testbed/kedro/templates/project/hooks/utils.py:70 kedro.templates.project.hooks.utils._remove_nested_section event=line locals={'parent_section': "{'a0': {'keepA': 10}, 'e0': {'keepE': 12, 'e1': {'e2': {'e3': {'e4': {'e5': {'e6': {'e7': {'e8': {'e9': {'e10': {'e11': {'e12': {'leafE1': 6}}}}}}}}}}}}}, 'project': {'name': 'hard-demo', 'version': '2.4.1', 'authors': ['alice', 'bob', 'carol']}, 'd0': {'d1': {'d2': {'d3': {'d4': {'d5': {'d6': {'d7': {'keepD': 11, 'd8': {'d9': {'d10': {'d11': {'d12': {'d13': {'leafD': 5}}}}}}}}}}}}}}, 'c0': {'c1': {'c2': {'c3': {'c4': {'c5': {}}}}}}}"}
2026-08-22 22:41:02.621 /testbed/kedro/templates/project/hooks/utils.py:71 kedro.templates.project.hooks.utils._remove_nested_section event=line locals={'key_part': "'c0'"}
2026-08-22 22:41:02.621 /testbed/kedro/templates/project/hooks/utils.py:70 kedro.templates.project.hooks.utils._remove_nested_section event=line locals={'parent_section': "{'c1': {'c2': {'c3': {'c4': {'c5': {}}}}}}"}
2026-08-22 22:41:02.621 /testbed/kedro/templates/project/hooks/utils.py:71 kedro.templates.project.hooks.utils._remove_nested_section event=line locals={'key_part': "'c1'"}
2026-08-22 22:41:02.621 /testbed/kedro/templates/project/hooks/utils.py:70 kedro.templates.project.hooks.utils._remove_nested_section event=line locals={'parent_section': "{'c2': {'c3': {'c4': {'c5': {}}}}}"}
2026-08-22 22:41:02.621 /testbed/kedro/templates/project/hooks/utils.py:71 kedro.templates.project.hooks.utils._remove_nested_section event=line locals={'key_part': "'c2'"}
2026-08-22 22:41:02.621 /testbed/kedro/templates/project/hooks/utils.py:70 kedro.templates.project.hooks.utils._remove_nested_section event=line locals={'parent_section': "{'c3': {'c4': {'c5': {}}}}"}
2026-08-22 22:41:02.621 /testbed/kedro/templates/project/hooks/utils.py:71 kedro.templates.project.hooks.utils._remove_nested_section event=line locals={'key_part': "'c3'"}
2026-08-22 22:41:02.621 /testbed/kedro/templates/project/hooks/utils.py:70 kedro.templates.project.hooks.utils._remove_nested_section event=line locals={'parent_section': "{'c4': {'c5': {}}}"}
2026-08-22 22:41:02.621 /testbed/kedro/templates/project/hooks/utils.py:71 kedro.templates.project.hooks.utils._remove_nested_section event=line locals={'key_part': "'c4'"}
2026-08-22 22:41:02.621 /testbed/kedro/templates/project/hooks/utils.py:70 kedro.templates.project.hooks.utils._remove_nested_section event=line locals={'parent_section': "{'c5': {}}"}
2026-08-22 22:41:02.621 /testbed/kedro/templates/project/hooks/utils.py:72 kedro.templates.project.hooks.utils._remove_nested_section event=line locals={}
2026-08-22 22:41:02.621 /testbed/kedro/templates/project/hooks/utils.py:73 kedro.templates.project.hooks.utils._remove_nested_section event=line locals={}
2026-08-22 22:41:02.621 /testbed/kedro/templates/project/hooks/utils.py:74 kedro.templates.project.hooks.utils._remove_nested_section event=line locals={'data': "{'a0': {'keepA': 10}, 'e0': {'keepE': 12, 'e1': {'e2': {'e3': {'e4': {'e5': {'e6': {'e7': {'e8': {'e9': {'e10': {'e11': {'e12': {'leafE1': 6}}}}}}}}}}}}}, 'project': {'name': 'hard-demo', 'version': '2.4.1', 'authors': ['alice', 'bob', 'carol']}, 'd0': {'d1': {'d2': {'d3': {'d4': {'d5': {'d6': {'d7': {'keepD': 11, 'd8': {'d9': {'d10': {'d11': {'d12': {'d13': {'leafD': 5}}}}}}}}}}}}}}, 'c0': {'c1': {'c2': {'c3': {'c4': {}}}}}}", 'parent_section': '{}'}
2026-08-22 22:41:02.621 /testbed/kedro/templates/project/hooks/utils.py:68 kedro.templates.project.hooks.utils._remove_nested_section event=line locals={}
2026-08-22 22:41:02.621 /testbed/kedro/templates/project/hooks/utils.py:69 kedro.templates.project.hooks.utils._remove_nested_section event=line locals={'key': "'c4'"}
2026-08-22 22:41:02.621 /testbed/kedro/templates/project/hooks/utils.py:70 kedro.templates.project.hooks.utils._remove_nested_section event=line locals={'parent_section': "{'a0': {'keepA': 10}, 'e0': {'keepE': 12, 'e1': {'e2': {'e3': {'e4': {'e5': {'e6': {'e7': {'e8': {'e9': {'e10': {'e11': {'e12': {'leafE1': 6}}}}}}}}}}}}}, 'project': {'name': 'hard-demo', 'version': '2.4.1', 'authors': ['alice', 'bob', 'carol']}, 'd0': {'d1': {'d2': {'d3': {'d4': {'d5': {'d6': {'d7': {'keepD': 11, 'd8': {'d9': {'d10': {'d11': {'d12': {'d13': {'leafD': 5}}}}}}}}}}}}}}, 'c0': {'c1': {'c2': {'c3': {'c4': {}}}}}}"}
2026-08-22 22:41:02.621 /testbed/kedro/templates/project/hooks/utils.py:71 kedro.templates.project.hooks.utils._remove_nested_section event=line locals={'key_part': "'c0'"}
2026-08-22 22:41:02.621 /testbed/kedro/templates/project/hooks/utils.py:70 kedro.templates.project.hooks.utils._remove_nested_section event=line locals={'parent_section': "{'c1': {'c2': {'c3': {'c4': {}}}}}"}
2026-08-22 22:41:02.621 /testbed/kedro/templates/project/hooks/utils.py:71 kedro.templates.project.hooks.utils._remove_nested_section event=line locals={'key_part': "'c1'"}
2026-08-22 22:41:02.621 /testbed/kedro/templates/project/hooks/utils.py:70 kedro.templates.project.hooks.utils._remove_nested_section event=line locals={'parent_section': "{'c2': {'c3': {'c4': {}}}}"}
2026-08-22 22:41:02.621 /testbed/kedro/templates/project/hooks/utils.py:71 kedro.templates.project.hooks.utils._remove_nested_section event=line locals={'key_part': "'c2'"}
2026-08-22 22:41:02.621 /testbed/kedro/templates/project/hooks/utils.py:70 kedro.templates.project.hooks.utils._remove_nested_section event=line locals={'parent_section': "{'c3': {'c4': {}}}"}
2026-08-22 22:41:02.621 /testbed/kedro/templates/project/hooks/utils.py:71 kedro.templates.project.hooks.utils._remove_nested_section event=line locals={'key_part': "'c3'"}
2026-08-22 22:41:02.621 /testbed/kedro/templates/project/hooks/utils.py:70 kedro.templates.project.hooks.utils._remove_nested_section event=line locals={'parent_section': "{'c4': {}}"}
2026-08-22 22:41:02.621 /testbed/kedro/templates/project/hooks/utils.py:72 kedro.templates.project.hooks.utils._remove_nested_section event=line locals={}
2026-08-22 22:41:02.621 /testbed/kedro/templates/project/hooks/utils.py:73 kedro.templates.project.hooks.utils._remove_nested_section event=line locals={}
2026-08-22 22:41:02.621 /testbed/kedro/templates/project/hooks/utils.py:74 kedro.templates.project.hooks.utils._remove_nested_section event=line locals={'data': "{'a0': {'keepA': 10}, 'e0': {'keepE': 12, 'e1': {'e2': {'e3': {'e4': {'e5': {'e6': {'e7': {'e8': {'e9': {'e10': {'e11': {'e12': {'leafE1': 6}}}}}}}}}}}}}, 'project': {'name': 'hard-demo', 'version': '2.4.1', 'authors': ['alice', 'bob', 'carol']}, 'd0': {'d1': {'d2': {'d3': {'d4': {'d5': {'d6': {'d7': {'keepD': 11, 'd8': {'d9': {'d10': {'d11': {'d12': {'d13': {'leafD': 5}}}}}}}}}}}}}}, 'c0': {'c1': {'c2': {'c3': {}}}}}", 'parent_section': '{}'}
2026-08-22 22:41:02.621 /testbed/kedro/templates/project/hooks/utils.py:68 kedro.templates.project.hooks.utils._remove_nested_section event=line locals={}
2026-08-22 22:41:02.621 /testbed/kedro/templates/project/hooks/utils.py:69 kedro.templates.project.hooks.utils._remove_nested_section event=line locals={'key': "'c3'"}
2026-08-22 22:41:02.621 /testbed/kedro/templates/project/hooks/utils.py:70 kedro.templates.project.hooks.utils._remove_nested_section event=line locals={'parent_section': "{'a0': {'keepA': 10}, 'e0': {'keepE': 12, 'e1': {'e2': {'e3': {'e4': {'e5': {'e6': {'e7': {'e8': {'e9': {'e10': {'e11': {'e12': {'leafE1': 6}}}}}}}}}}}}}, 'project': {'name': 'hard-demo', 'version': '2.4.1', 'authors': ['alice', 'bob', 'carol']}, 'd0': {'d1': {'d2': {'d3': {'d4': {'d5': {'d6': {'d7': {'keepD': 11, 'd8': {'d9': {'d10': {'d11': {'d12': {'d13': {'leafD': 5}}}}}}}}}}}}}}, 'c0': {'c1': {'c2': {'c3': {}}}}}"}
2026-08-22 22:41:02.621 /testbed/kedro/templates/project/hooks/utils.py:71 kedro.templates.project.hooks.utils._remove_nested_section event=line locals={'key_part': "'c0'"}
2026-08-22 22:41:02.621 /testbed/kedro/templates/project/hooks/utils.py:70 kedro.templates.project.hooks.utils._remove_nested_section event=line locals={'parent_section': "{'c1': {'c2': {'c3': {}}}}"}
2026-08-22 22:41:02.621 /testbed/kedro/templates/project/hooks/utils.py:71 kedro.templates.project.hooks.utils._remove_nested_section event=line locals={'key_part': "'c1'"}
2026-08-22 22:41:02.621 /testbed/kedro/templates/project/hooks/utils.py:70 kedro.templates.project.hooks.utils._remove_nested_section event=line locals={'parent_section': "{'c2': {'c3': {}}}"}
2026-08-22 22:41:02.621 /testbed/kedro/templates/project/hooks/utils.py:71 kedro.templates.project.hooks.utils._remove_nested_section event=line locals={'key_part': "'c2'"}
2026-08-22 22:41:02.621 /testbed/kedro/templates/project/hooks/utils.py:70 kedro.templates.project.hooks.utils._remove_nested_section event=line locals={'parent_section': "{'c3': {}}"}
2026-08-22 22:41:02.621 /testbed/kedro/templates/project/hooks/utils.py:72 kedro.templates.project.hooks.utils._remove_nested_section event=line locals={}
2026-08-22 22:41:02.621 /testbed/kedro/templates/project/hooks/utils.py:73 kedro.templates.project.hooks.utils._remove_nested_section event=line locals={}
2026-08-22 22:41:02.621 /testbed/kedro/templates/project/hooks/utils.py:74 kedro.templates.project.hooks.utils._remove_nested_section event=line locals={'data': "{'a0': {'keepA': 10}, 'e0': {'keepE': 12, 'e1': {'e2': {'e3': {'e4': {'e5': {'e6': {'e7': {'e8': {'e9': {'e10': {'e11': {'e12': {'leafE1': 6}}}}}}}}}}}}}, 'project': {'name': 'hard-demo', 'version': '2.4.1', 'authors': ['alice', 'bob', 'carol']}, 'd0': {'d1': {'d2': {'d3': {'d4': {'d5': {'d6': {'d7': {'keepD': 11, 'd8': {'d9': {'d10': {'d11': {'d12': {'d13': {'leafD': 5}}}}}}}}}}}}}}, 'c0': {'c1': {'c2': {}}}}", 'parent_section': '{}'}
2026-08-22 22:41:02.621 /testbed/kedro/templates/project/hooks/utils.py:68 kedro.templates.project.hooks.utils._remove_nested_section event=line locals={}
2026-08-22 22:41:02.622 /testbed/kedro/templates/project/hooks/utils.py:69 kedro.templates.project.hooks.utils._remove_nested_section event=line locals={'key': "'c2'"}
2026-08-22 22:41:02.622 /testbed/kedro/templates/project/hooks/utils.py:70 kedro.templates.project.hooks.utils._remove_nested_section event=line locals={'parent_section': "{'a0': {'keepA': 10}, 'e0': {'keepE': 12, 'e1': {'e2': {'e3': {'e4': {'e5': {'e6': {'e7': {'e8': {'e9': {'e10': {'e11': {'e12': {'leafE1': 6}}}}}}}}}}}}}, 'project': {'name': 'hard-demo', 'version': '2.4.1', 'authors': ['alice', 'bob', 'carol']}, 'd0': {'d1': {'d2': {'d3': {'d4': {'d5': {'d6': {'d7': {'keepD': 11, 'd8': {'d9': {'d10': {'d11': {'d12': {'d13': {'leafD': 5}}}}}}}}}}}}}}, 'c0': {'c1': {'c2': {}}}}"}
2026-08-22 22:41:02.622 /testbed/kedro/templates/project/hooks/utils.py:71 kedro.templates.project.hooks.utils._remove_nested_section event=line locals={'key_part': "'c0'"}
2026-08-22 22:41:02.622 /testbed/kedro/templates/project/hooks/utils.py:70 kedro.templates.project.hooks.utils._remove_nested_section event=line locals={'parent_section': "{'c1': {'c2': {}}}"}
2026-08-22 22:41:02.622 /testbed/kedro/templates/project/hooks/utils.py:71 kedro.templates.project.hooks.utils._remove_nested_section event=line locals={'key_part': "'c1'"}
2026-08-22 22:41:02.622 /testbed/kedro/templates/project/hooks/utils.py:70 kedro.templates.project.hooks.utils._remove_nested_section event=line locals={'parent_section': "{'c2': {}}"}
2026-08-22 22:41:02.622 /testbed/kedro/templates/project/hooks/utils.py:72 kedro.templates.project.hooks.utils._remove_nested_section event=line locals={}
2026-08-22 22:41:02.622 /testbed/kedro/templates/project/hooks/utils.py:73 kedro.templates.project.hooks.utils._remove_nested_section event=line locals={}
2026-08-22 22:41:02.622 /testbed/kedro/templates/project/hooks/utils.py:74 kedro.templates.project.hooks.utils._remove_nested_section event=line locals={'data': "{'a0': {'keepA': 10}, 'e0': {'keepE': 12, 'e1': {'e2': {'e3': {'e4': {'e5': {'e6': {'e7': {'e8': {'e9': {'e10': {'e11': {'e12': {'leafE1': 6}}}}}}}}}}}}}, 'project': {'name': 'hard-demo', 'version': '2.4.1', 'authors': ['alice', 'bob', 'carol']}, 'd0': {'d1': {'d2': {'d3': {'d4': {'d5': {'d6': {'d7': {'keepD': 11, 'd8': {'d9': {'d10': {'d11': {'d12': {'d13': {'leafD': 5}}}}}}}}}}}}}}, 'c0': {'c1': {}}}", 'parent_section': '{}'}
2026-08-22 22:41:02.622 /testbed/kedro/templates/project/hooks/utils.py:68 kedro.templates.project.hooks.utils._remove_nested_section event=line locals={}
2026-08-22 22:41:02.622 /testbed/kedro/templates/project/hooks/utils.py:69 kedro.templates.project.hooks.utils._remove_nested_section event=line locals={'key': "'c1'"}
2026-08-22 22:41:02.622 /testbed/kedro/templates/project/hooks/utils.py:70 kedro.templates.project.hooks.utils._remove_nested_section event=line locals={'parent_section': "{'a0': {'keepA': 10}, 'e0': {'keepE': 12, 'e1': {'e2': {'e3': {'e4': {'e5': {'e6': {'e7': {'e8': {'e9': {'e10': {'e11': {'e12': {'leafE1': 6}}}}}}}}}}}}}, 'project': {'name': 'hard-demo', 'version': '2.4.1', 'authors': ['alice', 'bob', 'carol']}, 'd0': {'d1': {'d2': {'d3': {'d4': {'d5': {'d6': {'d7': {'keepD': 11, 'd8': {'d9': {'d10': {'d11': {'d12': {'d13': {'leafD': 5}}}}}}}}}}}}}}, 'c0': {'c1': {}}}"}
2026-08-22 22:41:02.622 /testbed/kedro/templates/project/hooks/utils.py:71 kedro.templates.project.hooks.utils._remove_nested_section event=line locals={'key_part': "'c0'"}
2026-08-22 22:41:02.622 /testbed/kedro/templates/project/hooks/utils.py:70 kedro.templates.project.hooks.utils._remove_nested_section event=line locals={'parent_section': "{'c1': {}}"}
2026-08-22 22:41:02.622 /testbed/kedro/templates/project/hooks/utils.py:72 kedro.templates.project.hooks.utils._remove_nested_section event=line locals={}
2026-08-22 22:41:02.622 /testbed/kedro/templates/project/hooks/utils.py:73 kedro.templates.project.hooks.utils._remove_nested_section event=line locals={}
2026-08-22 22:41:02.622 /testbed/kedro/templates/project/hooks/utils.py:74 kedro.templates.project.hooks.utils._remove_nested_section event=line locals={'data': "{'a0': {'keepA': 10}, 'e0': {'keepE': 12, 'e1': {'e2': {'e3': {'e4': {'e5': {'e6': {'e7': {'e8': {'e9': {'e10': {'e11': {'e12': {'leafE1': 6}}}}}}}}}}}}}, 'project': {'name': 'hard-demo', 'version': '2.4.1', 'authors': ['alice', 'bob', 'carol']}, 'd0': {'d1': {'d2': {'d3': {'d4': {'d5': {'d6': {'d7': {'keepD': 11, 'd8': {'d9': {'d10': {'d11': {'d12': {'d13': {'leafD': 5}}}}}}}}}}}}}}, 'c0': {}}", 'parent_section': '{}'}
2026-08-22 22:41:02.622 /testbed/kedro/templates/project/hooks/utils.py:68 kedro.templates.project.hooks.utils._remove_nested_section event=line locals={}
2026-08-22 22:41:02.622 /testbed/kedro/templates/project/hooks/utils.py:69 kedro.templates.project.hooks.utils._remove_nested_section event=line locals={'key': "'c0'"}
2026-08-22 22:41:02.622 /testbed/kedro/templates/project/hooks/utils.py:70 kedro.templates.project.hooks.utils._remove_nested_section event=line locals={'parent_section': "{'a0': {'keepA': 10}, 'e0': {'keepE': 12, 'e1': {'e2': {'e3': {'e4': {'e5': {'e6': {'e7': {'e8': {'e9': {'e10': {'e11': {'e12': {'leafE1': 6}}}}}}}}}}}}}, 'project': {'name': 'hard-demo', 'version': '2.4.1', 'authors': ['alice', 'bob', 'carol']}, 'd0': {'d1': {'d2': {'d3': {'d4': {'d5': {'d6': {'d7': {'keepD': 11, 'd8': {'d9': {'d10': {'d11': {'d12': {'d13': {'leafD': 5}}}}}}}}}}}}}}, 'c0': {}}"}
2026-08-22 22:41:02.622 /testbed/kedro/templates/project/hooks/utils.py:72 kedro.templates.project.hooks.utils._remove_nested_section event=line locals={}
2026-08-22 22:41:02.622 /testbed/kedro/templates/project/hooks/utils.py:73 kedro.templates.project.hooks.utils._remove_nested_section event=line locals={}
2026-08-22 22:41:02.622 /testbed/kedro/templates/project/hooks/utils.py:74 kedro.templates.project.hooks.utils._remove_nested_section event=line locals={'data': "{'a0': {'keepA': 10}, 'e0': {'keepE': 12, 'e1': {'e2': {'e3': {'e4': {'e5': {'e6': {'e7': {'e8': {'e9': {'e10': {'e11': {'e12': {'leafE1': 6}}}}}}}}}}}}}, 'project': {'name': 'hard-demo', 'version': '2.4.1', 'authors': ['alice', 'bob', 'carol']}, 'd0': {'d1': {'d2': {'d3': {'d4': {'d5': {'d6': {'d7': {'keepD': 11, 'd8': {'d9': {'d10': {'d11': {'d12': {'d13': {'leafD': 5}}}}}}}}}}}}}}}", 'parent_section': "{'a0': {'keepA': 10}, 'e0': {'keepE': 12, 'e1': {'e2': {'e3': {'e4': {'e5': {'e6': {'e7': {'e8': {'e9': {'e10': {'e11': {'e12': {'leafE1': 6}}}}}}}}}}}}}, 'project': {'name': 'hard-demo', 'version': '2.4.1', 'authors': ['alice', 'bob', 'carol']}, 'd0': {'d1': {'d2': {'d3': {'d4': {'d5': {'d6': {'d7': {'keepD': 11, 'd8': {'d9': {'d10': {'d11': {'d12': {'d13': {'leafD': 5}}}}}}}}}}}}}}}"}
2026-08-22 22:41:02.622 /testbed/kedro/templates/project/hooks/utils.py:68 kedro.templates.project.hooks.utils._remove_nested_section event=line locals={'current_data': "{'a0': {'keepA': 10}, 'e0': {'keepE': 12, 'e1': {'e2': {'e3': {'e4': {'e5': {'e6': {'e7': {'e8': {'e9': {'e10': {'e11': {'e12': {'leafE1': 6}}}}}}}}}}}}}, 'project': {'name': 'hard-demo', 'version': '2.4.1', 'authors': ['alice', 'bob', 'carol']}, 'd0': {'d1': {'d2': {'d3': {'d4': {'d5': {'d6': {'d7': {'keepD': 11, 'd8': {'d9': {'d10': {'d11': {'d12': {'d13': {'leafD': 5}}}}}}}}}}}}}}}"}
2026-08-22 22:41:02.622 /testbed/kedro/templates/project/hooks/utils.py:68 kedro.templates.project.hooks.utils._remove_nested_section event=return retval=None locals={'current_data': "{'a0': {'keepA': 10}, 'e0': {'keepE': 12, 'e1': {'e2': {'e3': {'e4': {'e5': {'e6': {'e7': {'e8': {'e9': {'e10': {'e11': {'e12': {'leafE1': 6}}}}}}}}}}}}}, 'project': {'name': 'hard-demo', 'version': '2.4.1', 'authors': ['alice', 'bob', 'carol']}, 'd0': {'d1': {'d2': {'d3': {'d4': {'d5': {'d6': {'d7': {'keepD': 11, 'd8': {'d9': {'d10': {'d11': {'d12': {'d13': {'leafD': 5}}}}}}}}}}}}}}}", 'data': "{'a0': {'keepA': 10}, 'e0': {'keepE': 12, 'e1': {'e2': {'e3': {'e4': {'e5': {'e6': {'e7': {'e8': {'e9': {'e10': {'e11': {'e12': {'leafE1': 6}}}}}}}}}}}}}, 'project': {'name': 'hard-demo', 'version': '2.4.1', 'authors': ['alice', 'bob', 'carol']}, 'd0': {'d1': {'d2': {'d3': {'d4': {'d5': {'d6': {'d7': {'keepD': 11, 'd8': {'d9': {'d10': {'d11': {'d12': {'d13': {'leafD': 5}}}}}}}}}}}}}}}", 'key': "'c0'", 'key_part': "'c0'", 'keys': "['c0', 'c1', 'c2', 'c3', 'c4', 'c5', 'c6', 'u0', 'leafC6']", 'nested_key': "'c0.c1.c2.c3.c4.c5.c6.u0.leafC6'", 'parent_section': "{'a0': {'keepA': 10}, 'e0': {'keepE': 12, 'e1': {'e2': {'e3': {'e4': {'e5': {'e6': {'e7': {'e8': {'e9': {'e10': {'e11': {'e12': {'leafE1': 6}}}}}}}}}}}}}, 'project': {'name': 'hard-demo', 'version': '2.4.1', 'authors': ['alice', 'bob', 'carol']}, 'd0': {'d1': {'d2': {'d3': {'d4': {'d5': {'d6': {'d7': {'keepD': 11, 'd8': {'d9': {'d10': {'d11': {'d12': {'d13': {'leafD': 5}}}}}}}}}}}}}}}"}
2026-08-22 22:41:02.622 /testbed/kedro/templates/project/hooks/utils.py:50 kedro.templates.project.hooks.utils._remove_nested_section event=call locals={'data': "{'a0': {'keepA': 10}, 'e0': {'keepE': 12, 'e1': {'e2': {'e3': {'e4': {'e5': {'e6': {'e7': {'e8': {'e9': {'e10': {'e11': {'e12': {'leafE1': 6}}}}}}}}}}}}}, 'project': {'name': 'hard-demo', 'version': '2.4.1', 'authors': ['alice', 'bob', 'carol']}, 'd0': {'d1': {'d2': {'d3': {'d4': {'d5': {'d6': {'d7': {'keepD': 11, 'd8': {'d9': {'d10': {'d11': {'d12': {'d13': {'leafD': 5}}}}}}}}}}}}}}}", 'nested_key': "'c0.ghost.leafG'"}
2026-08-22 22:41:02.622 /testbed/kedro/templates/project/hooks/utils.py:57 kedro.templates.project.hooks.utils._remove_nested_section event=line locals={}
2026-08-22 22:41:02.622 /testbed/kedro/templates/project/hooks/utils.py:58 kedro.templates.project.hooks.utils._remove_nested_section event=line locals={'keys': "['c0', 'ghost', 'leafG']"}
2026-08-22 22:41:02.622 /testbed/kedro/templates/project/hooks/utils.py:60 kedro.templates.project.hooks.utils._remove_nested_section event=line locals={'current_data': "{'a0': {'keepA': 10}, 'e0': {'keepE': 12, 'e1': {'e2': {'e3': {'e4': {'e5': {'e6': {'e7': {'e8': {'e9': {'e10': {'e11': {'e12': {'leafE1': 6}}}}}}}}}}}}}, 'project': {'name': 'hard-demo', 'version': '2.4.1', 'authors': ['alice', 'bob', 'carol']}, 'd0': {'d1': {'d2': {'d3': {'d4': {'d5': {'d6': {'d7': {'keepD': 11, 'd8': {'d9': {'d10': {'d11': {'d12': {'d13': {'leafD': 5}}}}}}}}}}}}}}}"}
2026-08-22 22:41:02.622 /testbed/kedro/templates/project/hooks/utils.py:61 kedro.templates.project.hooks.utils._remove_nested_section event=line locals={'key': "'c0'"}
2026-08-22 22:41:02.622 /testbed/kedro/templates/project/hooks/utils.py:64 kedro.templates.project.hooks.utils._remove_nested_section event=line locals={}
2026-08-22 22:41:02.622 /testbed/kedro/templates/project/hooks/utils.py:64 kedro.templates.project.hooks.utils._remove_nested_section event=return retval=None locals={'current_data': "{'a0': {'keepA': 10}, 'e0': {'keepE': 12, 'e1': {'e2': {'e3': {'e4': {'e5': {'e6': {'e7': {'e8': {'e9': {'e10': {'e11': {'e12': {'leafE1': 6}}}}}}}}}}}}}, 'project': {'name': 'hard-demo', 'version': '2.4.1', 'authors': ['alice', 'bob', 'carol']}, 'd0': {'d1': {'d2': {'d3': {'d4': {'d5': {'d6': {'d7': {'keepD': 11, 'd8': {'d9': {'d10': {'d11': {'d12': {'d13': {'leafD': 5}}}}}}}}}}}}}}}", 'data': "{'a0': {'keepA': 10}, 'e0': {'keepE': 12, 'e1': {'e2': {'e3': {'e4': {'e5': {'e6': {'e7': {'e8': {'e9': {'e10': {'e11': {'e12': {'leafE1': 6}}}}}}}}}}}}}, 'project': {'name': 'hard-demo', 'version': '2.4.1', 'authors': ['alice', 'bob', 'carol']}, 'd0': {'d1': {'d2': {'d3': {'d4': {'d5': {'d6': {'d7': {'keepD': 11, 'd8': {'d9': {'d10': {'d11': {'d12': {'d13': {'leafD': 5}}}}}}}}}}}}}}}", 'key': "'c0'", 'keys': "['c0', 'ghost', 'leafG']", 'nested_key': "'c0.ghost.leafG'"}
2026-08-22 22:41:02.622 /testbed/kedro/templates/project/hooks/utils.py:50 kedro.templates.project.hooks.utils._remove_nested_section event=call locals={'data': "{'a0': {'keepA': 10}, 'e0': {'keepE': 12, 'e1': {'e2': {'e3': {'e4': {'e5': {'e6': {'e7': {'e8': {'e9': {'e10': {'e11': {'e12': {'leafE1': 6}}}}}}}}}}}}}, 'project': {'name': 'hard-demo', 'version': '2.4.1', 'authors': ['alice', 'bob', 'carol']}, 'd0': {'d1': {'d2': {'d3': {'d4': {'d5': {'d6': {'d7': {'keepD': 11, 'd8': {'d9': {'d10': {'d11': {'d12': {'d13': {'leafD': 5}}}}}}}}}}}}}}}", 'nested_key': "'a0.keepA'"}
2026-08-22 22:41:02.622 /testbed/kedro/templates/project/hooks/utils.py:57 kedro.templates.project.hooks.utils._remove_nested_section event=line locals={}
2026-08-22 22:41:02.622 /testbed/kedro/templates/project/hooks/utils.py:58 kedro.templates.project.hooks.utils._remove_nested_section event=line locals={'keys': "['a0', 'keepA']"}
2026-08-22 22:41:02.622 /testbed/kedro/templates/project/hooks/utils.py:60 kedro.templates.project.hooks.utils._remove_nested_section event=line locals={'current_data': "{'a0': {'keepA': 10}, 'e0': {'keepE': 12, 'e1': {'e2': {'e3': {'e4': {'e5': {'e6': {'e7': {'e8': {'e9': {'e10': {'e11': {'e12': {'leafE1': 6}}}}}}}}}}}}}, 'project': {'name': 'hard-demo', 'version': '2.4.1', 'authors': ['alice', 'bob', 'carol']}, 'd0': {'d1': {'d2': {'d3': {'d4': {'d5': {'d6': {'d7': {'keepD': 11, 'd8': {'d9': {'d10': {'d11': {'d12': {'d13': {'leafD': 5}}}}}}}}}}}}}}}"}
2026-08-22 22:41:02.622 /testbed/kedro/templates/project/hooks/utils.py:61 kedro.templates.project.hooks.utils._remove_nested_section event=line locals={'key': "'a0'"}
2026-08-22 22:41:02.622 /testbed/kedro/templates/project/hooks/utils.py:62 kedro.templates.project.hooks.utils._remove_nested_section event=line locals={}
2026-08-22 22:41:02.622 /testbed/kedro/templates/project/hooks/utils.py:60 kedro.templates.project.hooks.utils._remove_nested_section event=line locals={'current_data': "{'keepA': 10}"}
2026-08-22 22:41:02.622 /testbed/kedro/templates/project/hooks/utils.py:67 kedro.templates.project.hooks.utils._remove_nested_section event=line locals={}
2026-08-22 22:41:02.622 /testbed/kedro/templates/project/hooks/utils.py:68 kedro.templates.project.hooks.utils._remove_nested_section event=line locals={'current_data': '{}', 'data': "{'a0': {}, 'e0': {'keepE': 12, 'e1': {'e2': {'e3': {'e4': {'e5': {'e6': {'e7': {'e8': {'e9': {'e10': {'e11': {'e12': {'leafE1': 6}}}}}}}}}}}}}, 'project': {'name': 'hard-demo', 'version': '2.4.1', 'authors': ['alice', 'bob', 'carol']}, 'd0': {'d1': {'d2': {'d3': {'d4': {'d5': {'d6': {'d7': {'keepD': 11, 'd8': {'d9': {'d10': {'d11': {'d12': {'d13': {'leafD': 5}}}}}}}}}}}}}}}"}
2026-08-22 22:41:02.622 /testbed/kedro/templates/project/hooks/utils.py:69 kedro.templates.project.hooks.utils._remove_nested_section event=line locals={}
2026-08-22 22:41:02.622 /testbed/kedro/templates/project/hooks/utils.py:70 kedro.templates.project.hooks.utils._remove_nested_section event=line locals={'parent_section': "{'a0': {}, 'e0': {'keepE': 12, 'e1': {'e2': {'e3': {'e4': {'e5': {'e6': {'e7': {'e8': {'e9': {'e10': {'e11': {'e12': {'leafE1': 6}}}}}}}}}}}}}, 'project': {'name': 'hard-demo', 'version': '2.4.1', 'authors': ['alice', 'bob', 'carol']}, 'd0': {'d1': {'d2': {'d3': {'d4': {'d5': {'d6': {'d7': {'keepD': 11, 'd8': {'d9': {'d10': {'d11': {'d12': {'d13': {'leafD': 5}}}}}}}}}}}}}}}"}
2026-08-22 22:41:02.622 /testbed/kedro/templates/project/hooks/utils.py:72 kedro.templates.project.hooks.utils._remove_nested_section event=line locals={}
2026-08-22 22:41:02.622 /testbed/kedro/templates/project/hooks/utils.py:73 kedro.templates.project.hooks.utils._remove_nested_section event=line locals={}
2026-08-22 22:41:02.622 /testbed/kedro/templates/project/hooks/utils.py:74 kedro.templates.project.hooks.utils._remove_nested_section event=line locals={'data': "{'e0': {'keepE': 12, 'e1': {'e2': {'e3': {'e4': {'e5': {'e6': {'e7': {'e8': {'e9': {'e10': {'e11': {'e12': {'leafE1': 6}}}}}}}}}}}}}, 'project': {'name': 'hard-demo', 'version': '2.4.1', 'authors': ['alice', 'bob', 'carol']}, 'd0': {'d1': {'d2': {'d3': {'d4': {'d5': {'d6': {'d7': {'keepD': 11, 'd8': {'d9': {'d10': {'d11': {'d12': {'d13': {'leafD': 5}}}}}}}}}}}}}}}", 'parent_section': "{'e0': {'keepE': 12, 'e1': {'e2': {'e3': {'e4': {'e5': {'e6': {'e7': {'e8': {'e9': {'e10': {'e11': {'e12': {'leafE1': 6}}}}}}}}}}}}}, 'project': {'name': 'hard-demo', 'version': '2.4.1', 'authors': ['alice', 'bob', 'carol']}, 'd0': {'d1': {'d2': {'d3': {'d4': {'d5': {'d6': {'d7': {'keepD': 11, 'd8': {'d9': {'d10': {'d11': {'d12': {'d13': {'leafD': 5}}}}}}}}}}}}}}}"}
2026-08-22 22:41:02.623 /testbed/kedro/templates/project/hooks/utils.py:68 kedro.templates.project.hooks.utils._remove_nested_section event=line locals={'current_data': "{'e0': {'keepE': 12, 'e1': {'e2': {'e3': {'e4': {'e5': {'e6': {'e7': {'e8': {'e9': {'e10': {'e11': {'e12': {'leafE1': 6}}}}}}}}}}}}}, 'project': {'name': 'hard-demo', 'version': '2.4.1', 'authors': ['alice', 'bob', 'carol']}, 'd0': {'d1': {'d2': {'d3': {'d4': {'d5': {'d6': {'d7': {'keepD': 11, 'd8': {'d9': {'d10': {'d11': {'d12': {'d13': {'leafD': 5}}}}}}}}}}}}}}}"}
2026-08-22 22:41:02.623 /testbed/kedro/templates/project/hooks/utils.py:68 kedro.templates.project.hooks.utils._remove_nested_section event=return retval=None locals={'current_data': "{'e0': {'keepE': 12, 'e1': {'e2': {'e3': {'e4': {'e5': {'e6': {'e7': {'e8': {'e9': {'e10': {'e11': {'e12': {'leafE1': 6}}}}}}}}}}}}}, 'project': {'name': 'hard-demo', 'version': '2.4.1', 'authors': ['alice', 'bob', 'carol']}, 'd0': {'d1': {'d2': {'d3': {'d4': {'d5': {'d6': {'d7': {'keepD': 11, 'd8': {'d9': {'d10': {'d11': {'d12': {'d13': {'leafD': 5}}}}}}}}}}}}}}}", 'data': "{'e0': {'keepE': 12, 'e1': {'e2': {'e3': {'e4': {'e5': {'e6': {'e7': {'e8': {'e9': {'e10': {'e11': {'e12': {'leafE1': 6}}}}}}}}}}}}}, 'project': {'name': 'hard-demo', 'version': '2.4.1', 'authors': ['alice', 'bob', 'carol']}, 'd0': {'d1': {'d2': {'d3': {'d4': {'d5': {'d6': {'d7': {'keepD': 11, 'd8': {'d9': {'d10': {'d11': {'d12': {'d13': {'leafD': 5}}}}}}}}}}}}}}}", 'key': "'a0'", 'keys': "['a0', 'keepA']", 'nested_key': "'a0.keepA'", 'parent_section': "{'e0': {'keepE': 12, 'e1': {'e2': {'e3': {'e4': {'e5': {'e6': {'e7': {'e8': {'e9': {'e10': {'e11': {'e12': {'leafE1': 6}}}}}}}}}}}}}, 'project': {'name': 'hard-demo', 'version': '2.4.1', 'authors': ['alice', 'bob', 'carol']}, 'd0': {'d1': {'d2': {'d3': {'d4': {'d5': {'d6': {'d7': {'keepD': 11, 'd8': {'d9': {'d10': {'d11': {'d12': {'d13': {'leafD': 5}}}}}}}}}}}}}}}"}
2026-08-22 22:41:02.623 /testbed/kedro/templates/project/hooks/utils.py:50 kedro.templates.project.hooks.utils._remove_nested_section event=call locals={'data': "{'e0': {'keepE': 12, 'e1': {'e2': {'e3': {'e4': {'e5': {'e6': {'e7': {'e8': {'e9': {'e10': {'e11': {'e12': {'leafE1': 6}}}}}}}}}}}}}, 'project': {'name': 'hard-demo', 'version': '2.4.1', 'authors': ['alice', 'bob', 'carol']}, 'd0': {'d1': {'d2': {'d3': {'d4': {'d5': {'d6': {'d7': {'keepD': 11, 'd8': {'d9': {'d10': {'d11': {'d12': {'d13': {'leafD': 5}}}}}}}}}}}}}}}", 'nested_key': "'a0.a1.ghost.leafZ'"}
2026-08-22 22:41:02.623 /testbed/kedro/templates/project/hooks/utils.py:57 kedro.templates.project.hooks.utils._remove_nested_section event=line locals={}
2026-08-22 22:41:02.623 /testbed/kedro/templates/project/hooks/utils.py:58 kedro.templates.project.hooks.utils._remove_nested_section event=line locals={'keys': "['a0', 'a1', 'ghost', 'leafZ']"}
2026-08-22 22:41:02.623 /testbed/kedro/templates/project/hooks/utils.py:60 kedro.templates.project.hooks.utils._remove_nested_section event=line locals={'current_data': "{'e0': {'keepE': 12, 'e1': {'e2': {'e3': {'e4': {'e5': {'e6': {'e7': {'e8': {'e9': {'e10': {'e11': {'e12': {'leafE1': 6}}}}}}}}}}}}}, 'project': {'name': 'hard-demo', 'version': '2.4.1', 'authors': ['alice', 'bob', 'carol']}, 'd0': {'d1': {'d2': {'d3': {'d4': {'d5': {'d6': {'d7': {'keepD': 11, 'd8': {'d9': {'d10': {'d11': {'d12': {'d13': {'leafD': 5}}}}}}}}}}}}}}}"}
2026-08-22 22:41:02.623 /testbed/kedro/templates/project/hooks/utils.py:61 kedro.templates.project.hooks.utils._remove_nested_section event=line locals={'key': "'a0'"}
2026-08-22 22:41:02.623 /testbed/kedro/templates/project/hooks/utils.py:64 kedro.templates.project.hooks.utils._remove_nested_section event=line locals={}
2026-08-22 22:41:02.623 /testbed/kedro/templates/project/hooks/utils.py:64 kedro.templates.project.hooks.utils._remove_nested_section event=return retval=None locals={'current_data': "{'e0': {'keepE': 12, 'e1': {'e2': {'e3': {'e4': {'e5': {'e6': {'e7': {'e8': {'e9': {'e10': {'e11': {'e12': {'leafE1': 6}}}}}}}}}}}}}, 'project': {'name': 'hard-demo', 'version': '2.4.1', 'authors': ['alice', 'bob', 'carol']}, 'd0': {'d1': {'d2': {'d3': {'d4': {'d5': {'d6': {'d7': {'keepD': 11, 'd8': {'d9': {'d10': {'d11': {'d12': {'d13': {'leafD': 5}}}}}}}}}}}}}}}", 'data': "{'e0': {'keepE': 12, 'e1': {'e2': {'e3': {'e4': {'e5': {'e6': {'e7': {'e8': {'e9': {'e10': {'e11': {'e12': {'leafE1': 6}}}}}}}}}}}}}, 'project': {'name': 'hard-demo', 'version': '2.4.1', 'authors': ['alice', 'bob', 'carol']}, 'd0': {'d1': {'d2': {'d3': {'d4': {'d5': {'d6': {'d7': {'keepD': 11, 'd8': {'d9': {'d10': {'d11': {'d12': {'d13': {'leafD': 5}}}}}}}}}}}}}}}", 'key': "'a0'", 'keys': "['a0', 'a1', 'ghost', 'leafZ']", 'nested_key': "'a0.a1.ghost.leafZ'"}
2026-08-22 22:41:02.623 /testbed/kedro/templates/project/hooks/utils.py:50 kedro.templates.project.hooks.utils._remove_nested_section event=call locals={'data': "{'e0': {'keepE': 12, 'e1': {'e2': {'e3': {'e4': {'e5': {'e6': {'e7': {'e8': {'e9': {'e10': {'e11': {'e12': {'leafE1': 6}}}}}}}}}}}}}, 'project': {'name': 'hard-demo', 'version': '2.4.1', 'authors': ['alice', 'bob', 'carol']}, 'd0': {'d1': {'d2': {'d3': {'d4': {'d5': {'d6': {'d7': {'keepD': 11, 'd8': {'d9': {'d10': {'d11': {'d12': {'d13': {'leafD': 5}}}}}}}}}}}}}}}", 'nested_key': "'a0.a1.a2.ghost2.leafY'"}
2026-08-22 22:41:02.623 /testbed/kedro/templates/project/hooks/utils.py:57 kedro.templates.project.hooks.utils._remove_nested_section event=line locals={}
2026-08-22 22:41:02.623 /testbed/kedro/templates/project/hooks/utils.py:58 kedro.templates.project.hooks.utils._remove_nested_section event=line locals={'keys': "['a0', 'a1', 'a2', 'ghost2', 'leafY']"}
2026-08-22 22:41:02.623 /testbed/kedro/templates/project/hooks/utils.py:60 kedro.templates.project.hooks.utils._remove_nested_section event=line locals={'current_data': "{'e0': {'keepE': 12, 'e1': {'e2': {'e3': {'e4': {'e5': {'e6': {'e7': {'e8': {'e9': {'e10': {'e11': {'e12': {'leafE1': 6}}}}}}}}}}}}}, 'project': {'name': 'hard-demo', 'version': '2.4.1', 'authors': ['alice', 'bob', 'carol']}, 'd0': {'d1': {'d2': {'d3': {'d4': {'d5': {'d6': {'d7': {'keepD': 11, 'd8': {'d9': {'d10': {'d11': {'d12': {'d13': {'leafD': 5}}}}}}}}}}}}}}}"}
2026-08-22 22:41:02.623 /testbed/kedro/templates/project/hooks/utils.py:61 kedro.templates.project.hooks.utils._remove_nested_section event=line locals={'key': "'a0'"}
2026-08-22 22:41:02.623 /testbed/kedro/templates/project/hooks/utils.py:64 kedro.templates.project.hooks.utils._remove_nested_section event=line locals={}
2026-08-22 22:41:02.623 /testbed/kedro/templates/project/hooks/utils.py:64 kedro.templates.project.hooks.utils._remove_nested_section event=return retval=None locals={'current_data': "{'e0': {'keepE': 12, 'e1': {'e2': {'e3': {'e4': {'e5': {'e6': {'e7': {'e8': {'e9': {'e10': {'e11': {'e12': {'leafE1': 6}}}}}}}}}}}}}, 'project': {'name': 'hard-demo', 'version': '2.4.1', 'authors': ['alice', 'bob', 'carol']}, 'd0': {'d1': {'d2': {'d3': {'d4': {'d5': {'d6': {'d7': {'keepD': 11, 'd8': {'d9': {'d10': {'d11': {'d12': {'d13': {'leafD': 5}}}}}}}}}}}}}}}", 'data': "{'e0': {'keepE': 12, 'e1': {'e2': {'e3': {'e4': {'e5': {'e6': {'e7': {'e8': {'e9': {'e10': {'e11': {'e12': {'leafE1': 6}}}}}}}}}}}}}, 'project': {'name': 'hard-demo', 'version': '2.4.1', 'authors': ['alice', 'bob', 'carol']}, 'd0': {'d1': {'d2': {'d3': {'d4': {'d5': {'d6': {'d7': {'keepD': 11, 'd8': {'d9': {'d10': {'d11': {'d12': {'d13': {'leafD': 5}}}}}}}}}}}}}}}", 'key': "'a0'", 'keys': "['a0', 'a1', 'a2', 'ghost2', 'leafY']", 'nested_key': "'a0.a1.a2.ghost2.leafY'"}
2026-08-22 22:41:02.623 /testbed/kedro/templates/project/hooks/utils.py:50 kedro.templates.project.hooks.utils._remove_nested_section event=call locals={'data': "{'e0': {'keepE': 12, 'e1': {'e2': {'e3': {'e4': {'e5': {'e6': {'e7': {'e8': {'e9': {'e10': {'e11': {'e12': {'leafE1': 6}}}}}}}}}}}}}, 'project': {'name': 'hard-demo', 'version': '2.4.1', 'authors': ['alice', 'bob', 'carol']}, 'd0': {'d1': {'d2': {'d3': {'d4': {'d5': {'d6': {'d7': {'keepD': 11, 'd8': {'d9': {'d10': {'d11': {'d12': {'d13': {'leafD': 5}}}}}}}}}}}}}}}", 'nested_key': "'d0.d1.d2.d3.d4.d5.d6.d7.d8.d9.d10.d11.d12.d13.leafD'"}
2026-08-22 22:41:02.623 /testbed/kedro/templates/project/hooks/utils.py:57 kedro.templates.project.hooks.utils._remove_nested_section event=line locals={}
2026-08-22 22:41:02.623 /testbed/kedro/templates/project/hooks/utils.py:58 kedro.templates.project.hooks.utils._remove_nested_section event=line locals={'keys': "['d0', 'd1', 'd2', 'd3', 'd4', 'd5', 'd6', 'd7', 'd8', 'd9', 'd10', 'd11', 'd12', 'd13', 'leafD']"}
2026-08-22 22:41:02.623 /testbed/kedro/templates/project/hooks/utils.py:60 kedro.templates.project.hooks.utils._remove_nested_section event=line locals={'current_data': "{'e0': {'keepE': 12, 'e1': {'e2': {'e3': {'e4': {'e5': {'e6': {'e7': {'e8': {'e9': {'e10': {'e11': {'e12': {'leafE1': 6}}}}}}}}}}}}}, 'project': {'name': 'hard-demo', 'version': '2.4.1', 'authors': ['alice', 'bob', 'carol']}, 'd0': {'d1': {'d2': {'d3': {'d4': {'d5': {'d6': {'d7': {'keepD': 11, 'd8': {'d9': {'d10': {'d11': {'d12': {'d13': {'leafD': 5}}}}}}}}}}}}}}}"}
2026-08-22 22:41:02.623 /testbed/kedro/templates/project/hooks/utils.py:61 kedro.templates.project.hooks.utils._remove_nested_section event=line locals={'key': "'d0'"}
2026-08-22 22:41:02.623 /testbed/kedro/templates/project/hooks/utils.py:62 kedro.templates.project.hooks.utils._remove_nested_section event=line locals={}
2026-08-22 22:41:02.623 /testbed/kedro/templates/project/hooks/utils.py:60 kedro.templates.project.hooks.utils._remove_nested_section event=line locals={'current_data': "{'d1': {'d2': {'d3': {'d4': {'d5': {'d6': {'d7': {'keepD': 11, 'd8': {'d9': {'d10': {'d11': {'d12': {'d13': {'leafD': 5}}}}}}}}}}}}}}"}
2026-08-22 22:41:02.623 /testbed/kedro/templates/project/hooks/utils.py:61 kedro.templates.project.hooks.utils._remove_nested_section event=line locals={'key': "'d1'"}
2026-08-22 22:41:02.623 /testbed/kedro/templates/project/hooks/utils.py:62 kedro.templates.project.hooks.utils._remove_nested_section event=line locals={}
2026-08-22 22:41:02.623 /testbed/kedro/templates/project/hooks/utils.py:60 kedro.templates.project.hooks.utils._remove_nested_section event=line locals={'current_data': "{'d2': {'d3': {'d4': {'d5': {'d6': {'d7': {'keepD': 11, 'd8': {'d9': {'d10': {'d11': {'d12': {'d13': {'leafD': 5}}}}}}}}}}}}}"}
2026-08-22 22:41:02.623 /testbed/kedro/templates/project/hooks/utils.py:61 kedro.templates.project.hooks.utils._remove_nested_section event=line locals={'key': "'d2'"}
2026-08-22 22:41:02.623 /testbed/kedro/templates/project/hooks/utils.py:62 kedro.templates.project.hooks.utils._remove_nested_section event=line locals={}
2026-08-22 22:41:02.623 /testbed/kedro/templates/project/hooks/utils.py:60 kedro.templates.project.hooks.utils._remove_nested_section event=line locals={'current_data': "{'d3': {'d4': {'d5': {'d6': {'d7': {'keepD': 11, 'd8': {'d9': {'d10': {'d11': {'d12': {'d13': {'leafD': 5}}}}}}}}}}}}"}
2026-08-22 22:41:02.623 /testbed/kedro/templates/project/hooks/utils.py:61 kedro.templates.project.hooks.utils._remove_nested_section event=line locals={'key': "'d3'"}
2026-08-22 22:41:02.623 /testbed/kedro/templates/project/hooks/utils.py:62 kedro.templates.project.hooks.utils._remove_nested_section event=line locals={}
2026-08-22 22:41:02.623 /testbed/kedro/templates/project/hooks/utils.py:60 kedro.templates.project.hooks.utils._remove_nested_section event=line locals={'current_data': "{'d4': {'d5': {'d6': {'d7': {'keepD': 11, 'd8': {'d9': {'d10': {'d11': {'d12': {'d13': {'leafD': 5}}}}}}}}}}}"}
2026-08-22 22:41:02.623 /testbed/kedro/templates/project/hooks/utils.py:61 kedro.templates.project.hooks.utils._remove_nested_section event=line locals={'key': "'d4'"}
2026-08-22 22:41:02.623 /testbed/kedro/templates/project/hooks/utils.py:62 kedro.templates.project.hooks.utils._remove_nested_section event=line locals={}
2026-08-22 22:41:02.623 /testbed/kedro/templates/project/hooks/utils.py:60 kedro.templates.project.hooks.utils._remove_nested_section event=line locals={'current_data': "{'d5': {'d6': {'d7': {'keepD': 11, 'd8': {'d9': {'d10': {'d11': {'d12': {'d13': {'leafD': 5}}}}}}}}}}"}
2026-08-22 22:41:02.623 /testbed/kedro/templates/project/hooks/utils.py:61 kedro.templates.project.hooks.utils._remove_nested_section event=line locals={'key': "'d5'"}
2026-08-22 22:41:02.623 /testbed/kedro/templates/project/hooks/utils.py:62 kedro.templates.project.hooks.utils._remove_nested_section event=line locals={}
2026-08-22 22:41:02.623 /testbed/kedro/templates/project/hooks/utils.py:60 kedro.templates.project.hooks.utils._remove_nested_section event=line locals={'current_data': "{'d6': {'d7': {'keepD': 11, 'd8': {'d9': {'d10': {'d11': {'d12': {'d13': {'leafD': 5}}}}}}}}}"}
2026-08-22 22:41:02.623 /testbed/kedro/templates/project/hooks/utils.py:61 kedro.templates.project.hooks.utils._remove_nested_section event=line locals={'key': "'d6'"}
2026-08-22 22:41:02.623 /testbed/kedro/templates/project/hooks/utils.py:62 kedro.templates.project.hooks.utils._remove_nested_section event=line locals={}
2026-08-22 22:41:02.623 /testbed/kedro/templates/project/hooks/utils.py:60 kedro.templates.project.hooks.utils._remove_nested_section event=line locals={'current_data': "{'d7': {'keepD': 11, 'd8': {'d9': {'d10': {'d11': {'d12': {'d13': {'leafD': 5}}}}}}}}"}
2026-08-22 22:41:02.623 /testbed/kedro/templates/project/hooks/utils.py:61 kedro.templates.project.hooks.utils._remove_nested_section event=line locals={'key': "'d7'"}
2026-08-22 22:41:02.623 /testbed/kedro/templates/project/hooks/utils.py:62 kedro.templates.project.hooks.utils._remove_nested_section event=line locals={}
2026-08-22 22:41:02.623 /testbed/kedro/templates/project/hooks/utils.py:60 kedro.templates.project.hooks.utils._remove_nested_section event=line locals={'current_data': "{'keepD': 11, 'd8': {'d9': {'d10': {'d11': {'d12': {'d13': {'leafD': 5}}}}}}}"}
2026-08-22 22:41:02.623 /testbed/kedro/templates/project/hooks/utils.py:61 kedro.templates.project.hooks.utils._remove_nested_section event=line locals={'key': "'d8'"}
2026-08-22 22:41:02.623 /testbed/kedro/templates/project/hooks/utils.py:62 kedro.templates.project.hooks.utils._remove_nested_section event=line locals={}
2026-08-22 22:41:02.623 /testbed/kedro/templates/project/hooks/utils.py:60 kedro.templates.project.hooks.utils._remove_nested_section event=line locals={'current_data': "{'d9': {'d10': {'d11': {'d12': {'d13': {'leafD': 5}}}}}}"}
2026-08-22 22:41:02.623 /testbed/kedro/templates/project/hooks/utils.py:61 kedro.templates.project.hooks.utils._remove_nested_section event=line locals={'key': "'d9'"}
2026-08-22 22:41:02.623 /testbed/kedro/templates/project/hooks/utils.py:62 kedro.templates.project.hooks.utils._remove_nested_section event=line locals={}
2026-08-22 22:41:02.623 /testbed/kedro/templates/project/hooks/utils.py:60 kedro.templates.project.hooks.utils._remove_nested_section event=line locals={'current_data': "{'d10': {'d11': {'d12': {'d13': {'leafD': 5}}}}}"}
2026-08-22 22:41:02.623 /testbed/kedro/templates/project/hooks/utils.py:61 kedro.templates.project.hooks.utils._remove_nested_section event=line locals={'key': "'d10'"}
2026-08-22 22:41:02.623 /testbed/kedro/templates/project/hooks/utils.py:62 kedro.templates.project.hooks.utils._remove_nested_section event=line locals={}
2026-08-22 22:41:02.624 /testbed/kedro/templates/project/hooks/utils.py:60 kedro.templates.project.hooks.utils._remove_nested_section event=line locals={'current_data': "{'d11': {'d12': {'d13': {'leafD': 5}}}}"}
2026-08-22 22:41:02.624 /testbed/kedro/templates/project/hooks/utils.py:61 kedro.templates.project.hooks.utils._remove_nested_section event=line locals={'key': "'d11'"}
2026-08-22 22:41:02.624 /testbed/kedro/templates/project/hooks/utils.py:62 kedro.templates.project.hooks.utils._remove_nested_section event=line locals={}
2026-08-22 22:41:02.624 /testbed/kedro/templates/project/hooks/utils.py:60 kedro.templates.project.hooks.utils._remove_nested_section event=line locals={'current_data': "{'d12': {'d13': {'leafD': 5}}}"}
2026-08-22 22:41:02.624 /testbed/kedro/templates/project/hooks/utils.py:61 kedro.templates.project.hooks.utils._remove_nested_section event=line locals={'key': "'d12'"}
2026-08-22 22:41:02.624 /testbed/kedro/templates/project/hooks/utils.py:62 kedro.templates.project.hooks.utils._remove_nested_section event=line locals={}
2026-08-22 22:41:02.624 /testbed/kedro/templates/project/hooks/utils.py:60 kedro.templates.project.hooks.utils._remove_nested_section event=line locals={'current_data': "{'d13': {'leafD': 5}}"}
2026-08-22 22:41:02.624 /testbed/kedro/templates/project/hooks/utils.py:61 kedro.templates.project.hooks.utils._remove_nested_section event=line locals={'key': "'d13'"}
2026-08-22 22:41:02.624 /testbed/kedro/templates/project/hooks/utils.py:62 kedro.templates.project.hooks.utils._remove_nested_section event=line locals={}
2026-08-22 22:41:02.624 /testbed/kedro/templates/project/hooks/utils.py:60 kedro.templates.project.hooks.utils._remove_nested_section event=line locals={'current_data': "{'leafD': 5}"}
2026-08-22 22:41:02.624 /testbed/kedro/templates/project/hooks/utils.py:67 kedro.templates.project.hooks.utils._remove_nested_section event=line locals={}
2026-08-22 22:41:02.624 /testbed/kedro/templates/project/hooks/utils.py:68 kedro.templates.project.hooks.utils._remove_nested_section event=line locals={'current_data': '{}', 'data': "{'e0': {'keepE': 12, 'e1': {'e2': {'e3': {'e4': {'e5': {'e6': {'e7': {'e8': {'e9': {'e10': {'e11': {'e12': {'leafE1': 6}}}}}}}}}}}}}, 'project': {'name': 'hard-demo', 'version': '2.4.1', 'authors': ['alice', 'bob', 'carol']}, 'd0': {'d1': {'d2': {'d3': {'d4': {'d5': {'d6': {'d7': {'keepD': 11, 'd8': {'d9': {'d10': {'d11': {'d12': {'d13': {}}}}}}}}}}}}}}}"}
2026-08-22 22:41:02.624 /testbed/kedro/templates/project/hooks/utils.py:69 kedro.templates.project.hooks.utils._remove_nested_section event=line locals={}
2026-08-22 22:41:02.624 /testbed/kedro/templates/project/hooks/utils.py:70 kedro.templates.project.hooks.utils._remove_nested_section event=line locals={'parent_section': "{'e0': {'keepE': 12, 'e1': {'e2': {'e3': {'e4': {'e5': {'e6': {'e7': {'e8': {'e9': {'e10': {'e11': {'e12': {'leafE1': 6}}}}}}}}}}}}}, 'project': {'name': 'hard-demo', 'version': '2.4.1', 'authors': ['alice', 'bob', 'carol']}, 'd0': {'d1': {'d2': {'d3': {'d4': {'d5': {'d6': {'d7': {'keepD': 11, 'd8': {'d9': {'d10': {'d11': {'d12': {'d13': {}}}}}}}}}}}}}}}"}
2026-08-22 22:41:02.624 /testbed/kedro/templates/project/hooks/utils.py:71 kedro.templates.project.hooks.utils._remove_nested_section event=line locals={'key_part': "'d0'"}
2026-08-22 22:41:02.624 /testbed/kedro/templates/project/hooks/utils.py:70 kedro.templates.project.hooks.utils._remove_nested_section event=line locals={'parent_section': "{'d1': {'d2': {'d3': {'d4': {'d5': {'d6': {'d7': {'keepD': 11, 'd8': {'d9': {'d10': {'d11': {'d12': {'d13': {}}}}}}}}}}}}}}"}
2026-08-22 22:41:02.624 /testbed/kedro/templates/project/hooks/utils.py:71 kedro.templates.project.hooks.utils._remove_nested_section event=line locals={'key_part': "'d1'"}
2026-08-22 22:41:02.624 /testbed/kedro/templates/project/hooks/utils.py:70 kedro.templates.project.hooks.utils._remove_nested_section event=line locals={'parent_section': "{'d2': {'d3': {'d4': {'d5': {'d6': {'d7': {'keepD': 11, 'd8': {'d9': {'d10': {'d11': {'d12': {'d13': {}}}}}}}}}}}}}"}
2026-08-22 22:41:02.624 /testbed/kedro/templates/project/hooks/utils.py:71 kedro.templates.project.hooks.utils._remove_nested_section event=line locals={'key_part': "'d2'"}
2026-08-22 22:41:02.624 /testbed/kedro/templates/project/hooks/utils.py:70 kedro.templates.project.hooks.utils._remove_nested_section event=line locals={'parent_section': "{'d3': {'d4': {'d5': {'d6': {'d7': {'keepD': 11, 'd8': {'d9': {'d10': {'d11': {'d12': {'d13': {}}}}}}}}}}}}"}
2026-08-22 22:41:02.624 /testbed/kedro/templates/project/hooks/utils.py:71 kedro.templates.project.hooks.utils._remove_nested_section event=line locals={'key_part': "'d3'"}
2026-08-22 22:41:02.624 /testbed/kedro/templates/project/hooks/utils.py:70 kedro.templates.project.hooks.utils._remove_nested_section event=line locals={'parent_section': "{'d4': {'d5': {'d6': {'d7': {'keepD': 11, 'd8': {'d9': {'d10': {'d11': {'d12': {'d13': {}}}}}}}}}}}"}
2026-08-22 22:41:02.624 /testbed/kedro/templates/project/hooks/utils.py:71 kedro.templates.project.hooks.utils._remove_nested_section event=line locals={'key_part': "'d4'"}
2026-08-22 22:41:02.624 /testbed/kedro/templates/project/hooks/utils.py:70 kedro.templates.project.hooks.utils._remove_nested_section event=line locals={'parent_section': "{'d5': {'d6': {'d7': {'keepD': 11, 'd8': {'d9': {'d10': {'d11': {'d12': {'d13': {}}}}}}}}}}"}
2026-08-22 22:41:02.624 /testbed/kedro/templates/project/hooks/utils.py:71 kedro.templates.project.hooks.utils._remove_nested_section event=line locals={'key_part': "'d5'"}
2026-08-22 22:41:02.624 /testbed/kedro/templates/project/hooks/utils.py:70 kedro.templates.project.hooks.utils._remove_nested_section event=line locals={'parent_section': "{'d6': {'d7': {'keepD': 11, 'd8': {'d9': {'d10': {'d11': {'d12': {'d13': {}}}}}}}}}"}
2026-08-22 22:41:02.624 /testbed/kedro/templates/project/hooks/utils.py:71 kedro.templates.project.hooks.utils._remove_nested_section event=line locals={'key_part': "'d6'"}
2026-08-22 22:41:02.624 /testbed/kedro/templates/project/hooks/utils.py:70 kedro.templates.project.hooks.utils._remove_nested_section event=line locals={'parent_section': "{'d7': {'keepD': 11, 'd8': {'d9': {'d10': {'d11': {'d12': {'d13': {}}}}}}}}"}
2026-08-22 22:41:02.624 /testbed/kedro/templates/project/hooks/utils.py:71 kedro.templates.project.hooks.utils._remove_nested_section event=line locals={'key_part': "'d7'"}
2026-08-22 22:41:02.624 /testbed/kedro/templates/project/hooks/utils.py:70 kedro.templates.project.hooks.utils._remove_nested_section event=line locals={'parent_section': "{'keepD': 11, 'd8': {'d9': {'d10': {'d11': {'d12': {'d13': {}}}}}}}"}
2026-08-22 22:41:02.624 /testbed/kedro/templates/project/hooks/utils.py:71 kedro.templates.project.hooks.utils._remove_nested_section event=line locals={'key_part': "'d8'"}
2026-08-22 22:41:02.624 /testbed/kedro/templates/project/hooks/utils.py:70 kedro.templates.project.hooks.utils._remove_nested_section event=line locals={'parent_section': "{'d9': {'d10': {'d11': {'d12': {'d13': {}}}}}}"}
2026-08-22 22:41:02.624 /testbed/kedro/templates/project/hooks/utils.py:71 kedro.templates.project.hooks.utils._remove_nested_section event=line locals={'key_part': "'d9'"}
2026-08-22 22:41:02.624 /testbed/kedro/templates/project/hooks/utils.py:70 kedro.templates.project.hooks.utils._remove_nested_section event=line locals={'parent_section': "{'d10': {'d11': {'d12': {'d13': {}}}}}"}
2026-08-22 22:41:02.624 /testbed/kedro/templates/project/hooks/utils.py:71 kedro.templates.project.hooks.utils._remove_nested_section event=line locals={'key_part': "'d10'"}
2026-08-22 22:41:02.624 /testbed/kedro/templates/project/hooks/utils.py:70 kedro.templates.project.hooks.utils._remove_nested_section event=line locals={'parent_section': "{'d11': {'d12': {'d13': {}}}}"}
2026-08-22 22:41:02.624 /testbed/kedro/templates/project/hooks/utils.py:71 kedro.templates.project.hooks.utils._remove_nested_section event=line locals={'key_part': "'d11'"}
2026-08-22 22:41:02.624 /testbed/kedro/templates/project/hooks/utils.py:70 kedro.templates.project.hooks.utils._remove_nested_section event=line locals={'parent_section': "{'d12': {'d13': {}}}"}
2026-08-22 22:41:02.624 /testbed/kedro/templates/project/hooks/utils.py:71 kedro.templates.project.hooks.utils._remove_nested_section event=line locals={'key_part': "'d12'"}
2026-08-22 22:41:02.624 /testbed/kedro/templates/project/hooks/utils.py:70 kedro.templates.project.hooks.utils._remove_nested_section event=line locals={'parent_section': "{'d13': {}}"}
2026-08-22 22:41:02.624 /testbed/kedro/templates/project/hooks/utils.py:72 kedro.templates.project.hooks.utils._remove_nested_section event=line locals={}
2026-08-22 22:41:02.624 /testbed/kedro/templates/project/hooks/utils.py:73 kedro.templates.project.hooks.utils._remove_nested_section event=line locals={}
2026-08-22 22:41:02.624 /testbed/kedro/templates/project/hooks/utils.py:74 kedro.templates.project.hooks.utils._remove_nested_section event=line locals={'data': "{'e0': {'keepE': 12, 'e1': {'e2': {'e3': {'e4': {'e5': {'e6': {'e7': {'e8': {'e9': {'e10': {'e11': {'e12': {'leafE1': 6}}}}}}}}}}}}}, 'project': {'name': 'hard-demo', 'version': '2.4.1', 'authors': ['alice', 'bob', 'carol']}, 'd0': {'d1': {'d2': {'d3': {'d4': {'d5': {'d6': {'d7': {'keepD': 11, 'd8': {'d9': {'d10': {'d11': {'d12': {}}}}}}}}}}}}}}", 'parent_section': '{}'}
2026-08-22 22:41:02.624 /testbed/kedro/templates/project/hooks/utils.py:68 kedro.templates.project.hooks.utils._remove_nested_section event=line locals={}
2026-08-22 22:41:02.624 /testbed/kedro/templates/project/hooks/utils.py:69 kedro.templates.project.hooks.utils._remove_nested_section event=line locals={'key': "'d12'"}
2026-08-22 22:41:02.624 /testbed/kedro/templates/project/hooks/utils.py:70 kedro.templates.project.hooks.utils._remove_nested_section event=line locals={'parent_section': "{'e0': {'keepE': 12, 'e1': {'e2': {'e3': {'e4': {'e5': {'e6': {'e7': {'e8': {'e9': {'e10': {'e11': {'e12': {'leafE1': 6}}}}}}}}}}}}}, 'project': {'name': 'hard-demo', 'version': '2.4.1', 'authors': ['alice', 'bob', 'carol']}, 'd0': {'d1': {'d2': {'d3': {'d4': {'d5': {'d6': {'d7': {'keepD': 11, 'd8': {'d9': {'d10': {'d11': {'d12': {}}}}}}}}}}}}}}"}
2026-08-22 22:41:02.624 /testbed/kedro/templates/project/hooks/utils.py:71 kedro.templates.project.hooks.utils._remove_nested_section event=line locals={'key_part': "'d0'"}
2026-08-22 22:41:02.624 /testbed/kedro/templates/project/hooks/utils.py:70 kedro.templates.project.hooks.utils._remove_nested_section event=line locals={'parent_section': "{'d1': {'d2': {'d3': {'d4': {'d5': {'d6': {'d7': {'keepD': 11, 'd8': {'d9': {'d10': {'d11': {'d12': {}}}}}}}}}}}}}"}
2026-08-22 22:41:02.624 /testbed/kedro/templates/project/hooks/utils.py:71 kedro.templates.project.hooks.utils._remove_nested_section event=line locals={'key_part': "'d1'"}
2026-08-22 22:41:02.624 /testbed/kedro/templates/project/hooks/utils.py:70 kedro.templates.project.hooks.utils._remove_nested_section event=line locals={'parent_section': "{'d2': {'d3': {'d4': {'d5': {'d6': {'d7': {'keepD': 11, 'd8': {'d9': {'d10': {'d11': {'d12': {}}}}}}}}}}}}"}
2026-08-22 22:41:02.624 /testbed/kedro/templates/project/hooks/utils.py:71 kedro.templates.project.hooks.utils._remove_nested_section event=line locals={'key_part': "'d2'"}
2026-08-22 22:41:02.624 /testbed/kedro/templates/project/hooks/utils.py:70 kedro.templates.project.hooks.utils._remove_nested_section event=line locals={'parent_section': "{'d3': {'d4': {'d5': {'d6': {'d7': {'keepD': 11, 'd8': {'d9': {'d10': {'d11': {'d12': {}}}}}}}}}}}"}
2026-08-22 22:41:02.624 /testbed/kedro/templates/project/hooks/utils.py:71 kedro.templates.project.hooks.utils._remove_nested_section event=line locals={'key_part': "'d3'"}
2026-08-22 22:41:02.624 /testbed/kedro/templates/project/hooks/utils.py:70 kedro.templates.project.hooks.utils._remove_nested_section event=line locals={'parent_section': "{'d4': {'d5': {'d6': {'d7': {'keepD': 11, 'd8': {'d9': {'d10': {'d11': {'d12': {}}}}}}}}}}"}
2026-08-22 22:41:02.624 /testbed/kedro/templates/project/hooks/utils.py:71 kedro.templates.project.hooks.utils._remove_nested_section event=line locals={'key_part': "'d4'"}
2026-08-22 22:41:02.625 /testbed/kedro/templates/project/hooks/utils.py:70 kedro.templates.project.hooks.utils._remove_nested_section event=line locals={'parent_section': "{'d5': {'d6': {'d7': {'keepD': 11, 'd8': {'d9': {'d10': {'d11': {'d12': {}}}}}}}}}"}
2026-08-22 22:41:02.625 /testbed/kedro/templates/project/hooks/utils.py:71 kedro.templates.project.hooks.utils._remove_nested_section event=line locals={'key_part': "'d5'"}
2026-08-22 22:41:02.625 /testbed/kedro/templates/project/hooks/utils.py:70 kedro.templates.project.hooks.utils._remove_nested_section event=line locals={'parent_section': "{'d6': {'d7': {'keepD': 11, 'd8': {'d9': {'d10': {'d11': {'d12': {}}}}}}}}"}
2026-08-22 22:41:02.625 /testbed/kedro/templates/project/hooks/utils.py:71 kedro.templates.project.hooks.utils._remove_nested_section event=line locals={'key_part': "'d6'"}
2026-08-22 22:41:02.625 /testbed/kedro/templates/project/hooks/utils.py:70 kedro.templates.project.hooks.utils._remove_nested_section event=line locals={'parent_section': "{'d7': {'keepD': 11, 'd8': {'d9': {'d10': {'d11': {'d12': {}}}}}}}"}
2026-08-22 22:41:02.625 /testbed/kedro/templates/project/hooks/utils.py:71 kedro.templates.project.hooks.utils._remove_nested_section event=line locals={'key_part': "'d7'"}
2026-08-22 22:41:02.625 /testbed/kedro/templates/project/hooks/utils.py:70 kedro.templates.project.hooks.utils._remove_nested_section event=line locals={'parent_section': "{'keepD': 11, 'd8': {'d9': {'d10': {'d11': {'d12': {}}}}}}"}
2026-08-22 22:41:02.625 /testbed/kedro/templates/project/hooks/utils.py:71 kedro.templates.project.hooks.utils._remove_nested_section event=line locals={'key_part': "'d8'"}
2026-08-22 22:41:02.625 /testbed/kedro/templates/project/hooks/utils.py:70 kedro.templates.project.hooks.utils._remove_nested_section event=line locals={'parent_section': "{'d9': {'d10': {'d11': {'d12': {}}}}}"}
2026-08-22 22:41:02.625 /testbed/kedro/templates/project/hooks/utils.py:71 kedro.templates.project.hooks.utils._remove_nested_section event=line locals={'key_part': "'d9'"}
2026-08-22 22:41:02.625 /testbed/kedro/templates/project/hooks/utils.py:70 kedro.templates.project.hooks.utils._remove_nested_section event=line locals={'parent_section': "{'d10': {'d11': {'d12': {}}}}"}
2026-08-22 22:41:02.625 /testbed/kedro/templates/project/hooks/utils.py:71 kedro.templates.project.hooks.utils._remove_nested_section event=line locals={'key_part': "'d10'"}
2026-08-22 22:41:02.625 /testbed/kedro/templates/project/hooks/utils.py:70 kedro.templates.project.hooks.utils._remove_nested_section event=line locals={'parent_section': "{'d11': {'d12': {}}}"}
2026-08-22 22:41:02.625 /testbed/kedro/templates/project/hooks/utils.py:71 kedro.templates.project.hooks.utils._remove_nested_section event=line locals={'key_part': "'d11'"}
2026-08-22 22:41:02.625 /testbed/kedro/templates/project/hooks/utils.py:70 kedro.templates.project.hooks.utils._remove_nested_section event=line locals={'parent_section': "{'d12': {}}"}
2026-08-22 22:41:02.625 /testbed/kedro/templates/project/hooks/utils.py:72 kedro.templates.project.hooks.utils._remove_nested_section event=line locals={}
2026-08-22 22:41:02.625 /testbed/kedro/templates/project/hooks/utils.py:73 kedro.templates.project.hooks.utils._remove_nested_section event=line locals={}
2026-08-22 22:41:02.625 /testbed/kedro/templates/project/hooks/utils.py:74 kedro.templates.project.hooks.utils._remove_nested_section event=line locals={'data': "{'e0': {'keepE': 12, 'e1': {'e2': {'e3': {'e4': {'e5': {'e6': {'e7': {'e8': {'e9': {'e10': {'e11': {'e12': {'leafE1': 6}}}}}}}}}}}}}, 'project': {'name': 'hard-demo', 'version': '2.4.1', 'authors': ['alice', 'bob', 'carol']}, 'd0': {'d1': {'d2': {'d3': {'d4': {'d5': {'d6': {'d7': {'keepD': 11, 'd8': {'d9': {'d10': {'d11': {}}}}}}}}}}}}}", 'parent_section': '{}'}
2026-08-22 22:41:02.625 /testbed/kedro/templates/project/hooks/utils.py:68 kedro.templates.project.hooks.utils._remove_nested_section event=line locals={}
2026-08-22 22:41:02.625 /testbed/kedro/templates/project/hooks/utils.py:69 kedro.templates.project.hooks.utils._remove_nested_section event=line locals={'key': "'d11'"}
2026-08-22 22:41:02.625 /testbed/kedro/templates/project/hooks/utils.py:70 kedro.templates.project.hooks.utils._remove_nested_section event=line locals={'parent_section': "{'e0': {'keepE': 12, 'e1': {'e2': {'e3': {'e4': {'e5': {'e6': {'e7': {'e8': {'e9': {'e10': {'e11': {'e12': {'leafE1': 6}}}}}}}}}}}}}, 'project': {'name': 'hard-demo', 'version': '2.4.1', 'authors': ['alice', 'bob', 'carol']}, 'd0': {'d1': {'d2': {'d3': {'d4': {'d5': {'d6': {'d7': {'keepD': 11, 'd8': {'d9': {'d10': {'d11': {}}}}}}}}}}}}}"}
2026-08-22 22:41:02.625 /testbed/kedro/templates/project/hooks/utils.py:71 kedro.templates.project.hooks.utils._remove_nested_section event=line locals={'key_part': "'d0'"}
2026-08-22 22:41:02.625 /testbed/kedro/templates/project/hooks/utils.py:70 kedro.templates.project.hooks.utils._remove_nested_section event=line locals={'parent_section': "{'d1': {'d2': {'d3': {'d4': {'d5': {'d6': {'d7': {'keepD': 11, 'd8': {'d9': {'d10': {'d11': {}}}}}}}}}}}}"}
2026-08-22 22:41:02.625 /testbed/kedro/templates/project/hooks/utils.py:71 kedro.templates.project.hooks.utils._remove_nested_section event=line locals={'key_part': "'d1'"}
2026-08-22 22:41:02.625 /testbed/kedro/templates/project/hooks/utils.py:70 kedro.templates.project.hooks.utils._remove_nested_section event=line locals={'parent_section': "{'d2': {'d3': {'d4': {'d5': {'d6': {'d7': {'keepD': 11, 'd8': {'d9': {'d10': {'d11': {}}}}}}}}}}}"}
2026-08-22 22:41:02.625 /testbed/kedro/templates/project/hooks/utils.py:71 kedro.templates.project.hooks.utils._remove_nested_section event=line locals={'key_part': "'d2'"}
2026-08-22 22:41:02.625 /testbed/kedro/templates/project/hooks/utils.py:70 kedro.templates.project.hooks.utils._remove_nested_section event=line locals={'parent_section': "{'d3': {'d4': {'d5': {'d6': {'d7': {'keepD': 11, 'd8': {'d9': {'d10': {'d11': {}}}}}}}}}}"}
2026-08-22 22:41:02.625 /testbed/kedro/templates/project/hooks/utils.py:71 kedro.templates.project.hooks.utils._remove_nested_section event=line locals={'key_part': "'d3'"}
2026-08-22 22:41:02.625 /testbed/kedro/templates/project/hooks/utils.py:70 kedro.templates.project.hooks.utils._remove_nested_section event=line locals={'parent_section': "{'d4': {'d5': {'d6': {'d7': {'keepD': 11, 'd8': {'d9': {'d10': {'d11': {}}}}}}}}}"}
2026-08-22 22:41:02.625 /testbed/kedro/templates/project/hooks/utils.py:71 kedro.templates.project.hooks.utils._remove_nested_section event=line locals={'key_part': "'d4'"}
2026-08-22 22:41:02.625 /testbed/kedro/templates/project/hooks/utils.py:70 kedro.templates.project.hooks.utils._remove_nested_section event=line locals={'parent_section': "{'d5': {'d6': {'d7': {'keepD': 11, 'd8': {'d9': {'d10': {'d11': {}}}}}}}}"}
2026-08-22 22:41:02.625 /testbed/kedro/templates/project/hooks/utils.py:71 kedro.templates.project.hooks.utils._remove_nested_section event=line locals={'key_part': "'d5'"}
2026-08-22 22:41:02.625 /testbed/kedro/templates/project/hooks/utils.py:70 kedro.templates.project.hooks.utils._remove_nested_section event=line locals={'parent_section': "{'d6': {'d7': {'keepD': 11, 'd8': {'d9': {'d10': {'d11': {}}}}}}}"}
2026-08-22 22:41:02.625 /testbed/kedro/templates/project/hooks/utils.py:71 kedro.templates.project.hooks.utils._remove_nested_section event=line locals={'key_part': "'d6'"}
2026-08-22 22:41:02.625 /testbed/kedro/templates/project/hooks/utils.py:70 kedro.templates.project.hooks.utils._remove_nested_section event=line locals={'parent_section': "{'d7': {'keepD': 11, 'd8': {'d9': {'d10': {'d11': {}}}}}}"}
2026-08-22 22:41:02.625 /testbed/kedro/templates/project/hooks/utils.py:71 kedro.templates.project.hooks.utils._remove_nested_section event=line locals={'key_part': "'d7'"}
2026-08-22 22:41:02.625 /testbed/kedro/templates/project/hooks/utils.py:70 kedro.templates.project.hooks.utils._remove_nested_section event=line locals={'parent_section': "{'keepD': 11, 'd8': {'d9': {'d10': {'d11': {}}}}}"}
2026-08-22 22:41:02.625 /testbed/kedro/templates/project/hooks/utils.py:71 kedro.templates.project.hooks.utils._remove_nested_section event=line locals={'key_part': "'d8'"}
2026-08-22 22:41:02.625 /testbed/kedro/templates/project/hooks/utils.py:70 kedro.templates.project.hooks.utils._remove_nested_section event=line locals={'parent_section': "{'d9': {'d10': {'d11': {}}}}"}
2026-08-22 22:41:02.625 /testbed/kedro/templates/project/hooks/utils.py:71 kedro.templates.project.hooks.utils._remove_nested_section event=line locals={'key_part': "'d9'"}
2026-08-22 22:41:02.625 /testbed/kedro/templates/project/hooks/utils.py:70 kedro.templates.project.hooks.utils._remove_nested_section event=line locals={'parent_section': "{'d10': {'d11': {}}}"}
2026-08-22 22:41:02.625 /testbed/kedro/templates/project/hooks/utils.py:71 kedro.templates.project.hooks.utils._remove_nested_section event=line locals={'key_part': "'d10'"}
2026-08-22 22:41:02.625 /testbed/kedro/templates/project/hooks/utils.py:70 kedro.templates.project.hooks.utils._remove_nested_section event=line locals={'parent_section': "{'d11': {}}"}
2026-08-22 22:41:02.625 /testbed/kedro/templates/project/hooks/utils.py:72 kedro.templates.project.hooks.utils._remove_nested_section event=line locals={}
2026-08-22 22:41:02.625 /testbed/kedro/templates/project/hooks/utils.py:73 kedro.templates.project.hooks.utils._remove_nested_section event=line locals={}
2026-08-22 22:41:02.625 /testbed/kedro/templates/project/hooks/utils.py:74 kedro.templates.project.hooks.utils._remove_nested_section event=line locals={'data': "{'e0': {'keepE': 12, 'e1': {'e2': {'e3': {'e4': {'e5': {'e6': {'e7': {'e8': {'e9': {'e10': {'e11': {'e12': {'leafE1': 6}}}}}}}}}}}}}, 'project': {'name': 'hard-demo', 'version': '2.4.1', 'authors': ['alice', 'bob', 'carol']}, 'd0': {'d1': {'d2': {'d3': {'d4': {'d5': {'d6': {'d7': {'keepD': 11, 'd8': {'d9': {'d10': {}}}}}}}}}}}}", 'parent_section': '{}'}
2026-08-22 22:41:02.625 /testbed/kedro/templates/project/hooks/utils.py:68 kedro.templates.project.hooks.utils._remove_nested_section event=line locals={}
2026-08-22 22:41:02.625 /testbed/kedro/templates/project/hooks/utils.py:69 kedro.templates.project.hooks.utils._remove_nested_section event=line locals={'key': "'d10'"}
2026-08-22 22:41:02.625 /testbed/kedro/templates/project/hooks/utils.py:70 kedro.templates.project.hooks.utils._remove_nested_section event=line locals={'parent_section': "{'e0': {'keepE': 12, 'e1': {'e2': {'e3': {'e4': {'e5': {'e6': {'e7': {'e8': {'e9': {'e10': {'e11': {'e12': {'leafE1': 6}}}}}}}}}}}}}, 'project': {'name': 'hard-demo', 'version': '2.4.1', 'authors': ['alice', 'bob', 'carol']}, 'd0': {'d1': {'d2': {'d3': {'d4': {'d5': {'d6': {'d7': {'keepD': 11, 'd8': {'d9': {'d10': {}}}}}}}}}}}}"}
2026-08-22 22:41:02.625 /testbed/kedro/templates/project/hooks/utils.py:71 kedro.templates.project.hooks.utils._remove_nested_section event=line locals={'key_part': "'d0'"}
2026-08-22 22:41:02.625 /testbed/kedro/templates/project/hooks/utils.py:70 kedro.templates.project.hooks.utils._remove_nested_section event=line locals={'parent_section': "{'d1': {'d2': {'d3': {'d4': {'d5': {'d6': {'d7': {'keepD': 11, 'd8': {'d9': {'d10': {}}}}}}}}}}}"}
2026-08-22 22:41:02.625 /testbed/kedro/templates/project/hooks/utils.py:71 kedro.templates.project.hooks.utils._remove_nested_section event=line locals={'key_part': "'d1'"}
2026-08-22 22:41:02.625 /testbed/kedro/templates/project/hooks/utils.py:70 kedro.templates.project.hooks.utils._remove_nested_section event=line locals={'parent_section': "{'d2': {'d3': {'d4': {'d5': {'d6': {'d7': {'keepD': 11, 'd8': {'d9': {'d10': {}}}}}}}}}}"}
2026-08-22 22:41:02.625 /testbed/kedro/templates/project/hooks/utils.py:71 kedro.templates.project.hooks.utils._remove_nested_section event=line locals={'key_part': "'d2'"}
2026-08-22 22:41:02.625 /testbed/kedro/templates/project/hooks/utils.py:70 kedro.templates.project.hooks.utils._remove_nested_section event=line locals={'parent_section': "{'d3': {'d4': {'d5': {'d6': {'d7': {'keepD': 11, 'd8': {'d9': {'d10': {}}}}}}}}}"}
2026-08-22 22:41:02.625 /testbed/kedro/templates/project/hooks/utils.py:71 kedro.templates.project.hooks.utils._remove_nested_section event=line locals={'key_part': "'d3'"}
2026-08-22 22:41:02.625 /testbed/kedro/templates/project/hooks/utils.py:70 kedro.templates.project.hooks.utils._remove_nested_section event=line locals={'parent_section': "{'d4': {'d5': {'d6': {'d7': {'keepD': 11, 'd8': {'d9': {'d10': {}}}}}}}}"}
2026-08-22 22:41:02.626 /testbed/kedro/templates/project/hooks/utils.py:71 kedro.templates.project.hooks.utils._remove_nested_section event=line locals={'key_part': "'d4'"}
2026-08-22 22:41:02.626 /testbed/kedro/templates/project/hooks/utils.py:70 kedro.templates.project.hooks.utils._remove_nested_section event=line locals={'parent_section': "{'d5': {'d6': {'d7': {'keepD': 11, 'd8': {'d9': {'d10': {}}}}}}}"}
2026-08-22 22:41:02.626 /testbed/kedro/templates/project/hooks/utils.py:71 kedro.templates.project.hooks.utils._remove_nested_section event=line locals={'key_part': "'d5'"}
2026-08-22 22:41:02.626 /testbed/kedro/templates/project/hooks/utils.py:70 kedro.templates.project.hooks.utils._remove_nested_section event=line locals={'parent_section': "{'d6': {'d7': {'keepD': 11, 'd8': {'d9': {'d10': {}}}}}}"}
2026-08-22 22:41:02.626 /testbed/kedro/templates/project/hooks/utils.py:71 kedro.templates.project.hooks.utils._remove_nested_section event=line locals={'key_part': "'d6'"}
2026-08-22 22:41:02.626 /testbed/kedro/templates/project/hooks/utils.py:70 kedro.templates.project.hooks.utils._remove_nested_section event=line locals={'parent_section': "{'d7': {'keepD': 11, 'd8': {'d9': {'d10': {}}}}}"}
2026-08-22 22:41:02.626 /testbed/kedro/templates/project/hooks/utils.py:71 kedro.templates.project.hooks.utils._remove_nested_section event=line locals={'key_part': "'d7'"}
2026-08-22 22:41:02.626 /testbed/kedro/templates/project/hooks/utils.py:70 kedro.templates.project.hooks.utils._remove_nested_section event=line locals={'parent_section': "{'keepD': 11, 'd8': {'d9': {'d10': {}}}}"}
2026-08-22 22:41:02.626 /testbed/kedro/templates/project/hooks/utils.py:71 kedro.templates.project.hooks.utils._remove_nested_section event=line locals={'key_part': "'d8'"}
2026-08-22 22:41:02.626 /testbed/kedro/templates/project/hooks/utils.py:70 kedro.templates.project.hooks.utils._remove_nested_section event=line locals={'parent_section': "{'d9': {'d10': {}}}"}
2026-08-22 22:41:02.626 /testbed/kedro/templates/project/hooks/utils.py:71 kedro.templates.project.hooks.utils._remove_nested_section event=line locals={'key_part': "'d9'"}
2026-08-22 22:41:02.626 /testbed/kedro/templates/project/hooks/utils.py:70 kedro.templates.project.hooks.utils._remove_nested_section event=line locals={'parent_section': "{'d10': {}}"}
2026-08-22 22:41:02.626 /testbed/kedro/templates/project/hooks/utils.py:72 kedro.templates.project.hooks.utils._remove_nested_section event=line locals={}
2026-08-22 22:41:02.626 /testbed/kedro/templates/project/hooks/utils.py:73 kedro.templates.project.hooks.utils._remove_nested_section event=line locals={}
2026-08-22 22:41:02.626 /testbed/kedro/templates/project/hooks/utils.py:74 kedro.templates.project.hooks.utils._remove_nested_section event=line locals={'data': "{'e0': {'keepE': 12, 'e1': {'e2': {'e3': {'e4': {'e5': {'e6': {'e7': {'e8': {'e9': {'e10': {'e11': {'e12': {'leafE1': 6}}}}}}}}}}}}}, 'project': {'name': 'hard-demo', 'version': '2.4.1', 'authors': ['alice', 'bob', 'carol']}, 'd0': {'d1': {'d2': {'d3': {'d4': {'d5': {'d6': {'d7': {'keepD': 11, 'd8': {'d9': {}}}}}}}}}}}", 'parent_section': '{}'}
2026-08-22 22:41:02.626 /testbed/kedro/templates/project/hooks/utils.py:68 kedro.templates.project.hooks.utils._remove_nested_section event=line locals={}
2026-08-22 22:41:02.626 /testbed/kedro/templates/project/hooks/utils.py:69 kedro.templates.project.hooks.utils._remove_nested_section event=line locals={'key': "'d9'"}
2026-08-22 22:41:02.626 /testbed/kedro/templates/project/hooks/utils.py:70 kedro.templates.project.hooks.utils._remove_nested_section event=line locals={'parent_section': "{'e0': {'keepE': 12, 'e1': {'e2': {'e3': {'e4': {'e5': {'e6': {'e7': {'e8': {'e9': {'e10': {'e11': {'e12': {'leafE1': 6}}}}}}}}}}}}}, 'project': {'name': 'hard-demo', 'version': '2.4.1', 'authors': ['alice', 'bob', 'carol']}, 'd0': {'d1': {'d2': {'d3': {'d4': {'d5': {'d6': {'d7': {'keepD': 11, 'd8': {'d9': {}}}}}}}}}}}"}
2026-08-22 22:41:02.626 /testbed/kedro/templates/project/hooks/utils.py:71 kedro.templates.project.hooks.utils._remove_nested_section event=line locals={'key_part': "'d0'"}
2026-08-22 22:41:02.626 /testbed/kedro/templates/project/hooks/utils.py:70 kedro.templates.project.hooks.utils._remove_nested_section event=line locals={'parent_section': "{'d1': {'d2': {'d3': {'d4': {'d5': {'d6': {'d7': {'keepD': 11, 'd8': {'d9': {}}}}}}}}}}"}
2026-08-22 22:41:02.626 /testbed/kedro/templates/project/hooks/utils.py:71 kedro.templates.project.hooks.utils._remove_nested_section event=line locals={'key_part': "'d1'"}
2026-08-22 22:41:02.626 /testbed/kedro/templates/project/hooks/utils.py:70 kedro.templates.project.hooks.utils._remove_nested_section event=line locals={'parent_section': "{'d2': {'d3': {'d4': {'d5': {'d6': {'d7': {'keepD': 11, 'd8': {'d9': {}}}}}}}}}"}
2026-08-22 22:41:02.626 /testbed/kedro/templates/project/hooks/utils.py:71 kedro.templates.project.hooks.utils._remove_nested_section event=line locals={'key_part': "'d2'"}
2026-08-22 22:41:02.626 /testbed/kedro/templates/project/hooks/utils.py:70 kedro.templates.project.hooks.utils._remove_nested_section event=line locals={'parent_section': "{'d3': {'d4': {'d5': {'d6': {'d7': {'keepD': 11, 'd8': {'d9': {}}}}}}}}"}
2026-08-22 22:41:02.626 /testbed/kedro/templates/project/hooks/utils.py:71 kedro.templates.project.hooks.utils._remove_nested_section event=line locals={'key_part': "'d3'"}
2026-08-22 22:41:02.626 /testbed/kedro/templates/project/hooks/utils.py:70 kedro.templates.project.hooks.utils._remove_nested_section event=line locals={'parent_section': "{'d4': {'d5': {'d6': {'d7': {'keepD': 11, 'd8': {'d9': {}}}}}}}"}
2026-08-22 22:41:02.626 /testbed/kedro/templates/project/hooks/utils.py:71 kedro.templates.project.hooks.utils._remove_nested_section event=line locals={'key_part': "'d4'"}
2026-08-22 22:41:02.626 /testbed/kedro/templates/project/hooks/utils.py:70 kedro.templates.project.hooks.utils._remove_nested_section event=line locals={'parent_section': "{'d5': {'d6': {'d7': {'keepD': 11, 'd8': {'d9': {}}}}}}"}
2026-08-22 22:41:02.626 /testbed/kedro/templates/project/hooks/utils.py:71 kedro.templates.project.hooks.utils._remove_nested_section event=line locals={'key_part': "'d5'"}
2026-08-22 22:41:02.626 /testbed/kedro/templates/project/hooks/utils.py:70 kedro.templates.project.hooks.utils._remove_nested_section event=line locals={'parent_section': "{'d6': {'d7': {'keepD': 11, 'd8': {'d9': {}}}}}"}
2026-08-22 22:41:02.626 /testbed/kedro/templates/project/hooks/utils.py:71 kedro.templates.project.hooks.utils._remove_nested_section event=line locals={'key_part': "'d6'"}
2026-08-22 22:41:02.626 /testbed/kedro/templates/project/hooks/utils.py:70 kedro.templates.project.hooks.utils._remove_nested_section event=line locals={'parent_section': "{'d7': {'keepD': 11, 'd8': {'d9': {}}}}"}
2026-08-22 22:41:02.626 /testbed/kedro/templates/project/hooks/utils.py:71 kedro.templates.project.hooks.utils._remove_nested_section event=line locals={'key_part': "'d7'"}
2026-08-22 22:41:02.626 /testbed/kedro/templates/project/hooks/utils.py:70 kedro.templates.project.hooks.utils._remove_nested_section event=line locals={'parent_section': "{'keepD': 11, 'd8': {'d9': {}}}"}
2026-08-22 22:41:02.626 /testbed/kedro/templates/project/hooks/utils.py:71 kedro.templates.project.hooks.utils._remove_nested_section event=line locals={'key_part': "'d8'"}
2026-08-22 22:41:02.626 /testbed/kedro/templates/project/hooks/utils.py:70 kedro.templates.project.hooks.utils._remove_nested_section event=line locals={'parent_section': "{'d9': {}}"}
2026-08-22 22:41:02.626 /testbed/kedro/templates/project/hooks/utils.py:72 kedro.templates.project.hooks.utils._remove_nested_section event=line locals={}
2026-08-22 22:41:02.626 /testbed/kedro/templates/project/hooks/utils.py:73 kedro.templates.project.hooks.utils._remove_nested_section event=line locals={}
2026-08-22 22:41:02.626 /testbed/kedro/templates/project/hooks/utils.py:74 kedro.templates.project.hooks.utils._remove_nested_section event=line locals={'data': "{'e0': {'keepE': 12, 'e1': {'e2': {'e3': {'e4': {'e5': {'e6': {'e7': {'e8': {'e9': {'e10': {'e11': {'e12': {'leafE1': 6}}}}}}}}}}}}}, 'project': {'name': 'hard-demo', 'version': '2.4.1', 'authors': ['alice', 'bob', 'carol']}, 'd0': {'d1': {'d2': {'d3': {'d4': {'d5': {'d6': {'d7': {'keepD': 11, 'd8': {}}}}}}}}}}", 'parent_section': '{}'}
2026-08-22 22:41:02.626 /testbed/kedro/templates/project/hooks/utils.py:68 kedro.templates.project.hooks.utils._remove_nested_section event=line locals={}
2026-08-22 22:41:02.626 /testbed/kedro/templates/project/hooks/utils.py:69 kedro.templates.project.hooks.utils._remove_nested_section event=line locals={'key': "'d8'"}
2026-08-22 22:41:02.626 /testbed/kedro/templates/project/hooks/utils.py:70 kedro.templates.project.hooks.utils._remove_nested_section event=line locals={'parent_section': "{'e0': {'keepE': 12, 'e1': {'e2': {'e3': {'e4': {'e5': {'e6': {'e7': {'e8': {'e9': {'e10': {'e11': {'e12': {'leafE1': 6}}}}}}}}}}}}}, 'project': {'name': 'hard-demo', 'version': '2.4.1', 'authors': ['alice', 'bob', 'carol']}, 'd0': {'d1': {'d2': {'d3': {'d4': {'d5': {'d6': {'d7': {'keepD': 11, 'd8': {}}}}}}}}}}"}
2026-08-22 22:41:02.626 /testbed/kedro/templates/project/hooks/utils.py:71 kedro.templates.project.hooks.utils._remove_nested_section event=line locals={'key_part': "'d0'"}
2026-08-22 22:41:02.626 /testbed/kedro/templates/project/hooks/utils.py:70 kedro.templates.project.hooks.utils._remove_nested_section event=line locals={'parent_section': "{'d1': {'d2': {'d3': {'d4': {'d5': {'d6': {'d7': {'keepD': 11, 'd8': {}}}}}}}}}"}
2026-08-22 22:41:02.626 /testbed/kedro/templates/project/hooks/utils.py:71 kedro.templates.project.hooks.utils._remove_nested_section event=line locals={'key_part': "'d1'"}
2026-08-22 22:41:02.626 /testbed/kedro/templates/project/hooks/utils.py:70 kedro.templates.project.hooks.utils._remove_nested_section event=line locals={'parent_section': "{'d2': {'d3': {'d4': {'d5': {'d6': {'d7': {'keepD': 11, 'd8': {}}}}}}}}"}
2026-08-22 22:41:02.626 /testbed/kedro/templates/project/hooks/utils.py:71 kedro.templates.project.hooks.utils._remove_nested_section event=line locals={'key_part': "'d2'"}
2026-08-22 22:41:02.626 /testbed/kedro/templates/project/hooks/utils.py:70 kedro.templates.project.hooks.utils._remove_nested_section event=line locals={'parent_section': "{'d3': {'d4': {'d5': {'d6': {'d7': {'keepD': 11, 'd8': {}}}}}}}"}
2026-08-22 22:41:02.626 /testbed/kedro/templates/project/hooks/utils.py:71 kedro.templates.project.hooks.utils._remove_nested_section event=line locals={'key_part': "'d3'"}
2026-08-22 22:41:02.626 /testbed/kedro/templates/project/hooks/utils.py:70 kedro.templates.project.hooks.utils._remove_nested_section event=line locals={'parent_section': "{'d4': {'d5': {'d6': {'d7': {'keepD': 11, 'd8': {}}}}}}"}
2026-08-22 22:41:02.626 /testbed/kedro/templates/project/hooks/utils.py:71 kedro.templates.project.hooks.utils._remove_nested_section event=line locals={'key_part': "'d4'"}
2026-08-22 22:41:02.626 /testbed/kedro/templates/project/hooks/utils.py:70 kedro.templates.project.hooks.utils._remove_nested_section event=line locals={'parent_section': "{'d5': {'d6': {'d7': {'keepD': 11, 'd8': {}}}}}"}
2026-08-22 22:41:02.626 /testbed/kedro/templates/project/hooks/utils.py:71 kedro.templates.project.hooks.utils._remove_nested_section event=line locals={'key_part': "'d5'"}
2026-08-22 22:41:02.626 /testbed/kedro/templates/project/hooks/utils.py:70 kedro.templates.project.hooks.utils._remove_nested_section event=line locals={'parent_section': "{'d6': {'d7': {'keepD': 11, 'd8': {}}}}"}
2026-08-22 22:41:02.626 /testbed/kedro/templates/project/hooks/utils.py:71 kedro.templates.project.hooks.utils._remove_nested_section event=line locals={'key_part': "'d6'"}
2026-08-22 22:41:02.626 /testbed/kedro/templates/project/hooks/utils.py:70 kedro.templates.project.hooks.utils._remove_nested_section event=line locals={'parent_section': "{'d7': {'keepD': 11, 'd8': {}}}"}
2026-08-22 22:41:02.626 /testbed/kedro/templates/project/hooks/utils.py:71 kedro.templates.project.hooks.utils._remove_nested_section event=line locals={'key_part': "'d7'"}
2026-08-22 22:41:02.626 /testbed/kedro/templates/project/hooks/utils.py:70 kedro.templates.project.hooks.utils._remove_nested_section event=line locals={'parent_section': "{'keepD': 11, 'd8': {}}"}
2026-08-22 22:41:02.626 /testbed/kedro/templates/project/hooks/utils.py:72 kedro.templates.project.hooks.utils._remove_nested_section event=line locals={}
2026-08-22 22:41:02.627 /testbed/kedro/templates/project/hooks/utils.py:73 kedro.templates.project.hooks.utils._remove_nested_section event=line locals={}
2026-08-22 22:41:02.627 /testbed/kedro/templates/project/hooks/utils.py:74 kedro.templates.project.hooks.utils._remove_nested_section event=line locals={'data': "{'e0': {'keepE': 12, 'e1': {'e2': {'e3': {'e4': {'e5': {'e6': {'e7': {'e8': {'e9': {'e10': {'e11': {'e12': {'leafE1': 6}}}}}}}}}}}}}, 'project': {'name': 'hard-demo', 'version': '2.4.1', 'authors': ['alice', 'bob', 'carol']}, 'd0': {'d1': {'d2': {'d3': {'d4': {'d5': {'d6': {'d7': {'keepD': 11}}}}}}}}}", 'parent_section': "{'keepD': 11}"}
2026-08-22 22:41:02.627 /testbed/kedro/templates/project/hooks/utils.py:68 kedro.templates.project.hooks.utils._remove_nested_section event=line locals={'current_data': "{'keepD': 11}"}
2026-08-22 22:41:02.627 /testbed/kedro/templates/project/hooks/utils.py:69 kedro.templates.project.hooks.utils._remove_nested_section event=line locals={'key': "'d7'"}
2026-08-22 22:41:02.627 /testbed/kedro/templates/project/hooks/utils.py:70 kedro.templates.project.hooks.utils._remove_nested_section event=line locals={'parent_section': "{'e0': {'keepE': 12, 'e1': {'e2': {'e3': {'e4': {'e5': {'e6': {'e7': {'e8': {'e9': {'e10': {'e11': {'e12': {'leafE1': 6}}}}}}}}}}}}}, 'project': {'name': 'hard-demo', 'version': '2.4.1', 'authors': ['alice', 'bob', 'carol']}, 'd0': {'d1': {'d2': {'d3': {'d4': {'d5': {'d6': {'d7': {'keepD': 11}}}}}}}}}"}
2026-08-22 22:41:02.627 /testbed/kedro/templates/project/hooks/utils.py:71 kedro.templates.project.hooks.utils._remove_nested_section event=line locals={'key_part': "'d0'"}
2026-08-22 22:41:02.627 /testbed/kedro/templates/project/hooks/utils.py:70 kedro.templates.project.hooks.utils._remove_nested_section event=line locals={'parent_section': "{'d1': {'d2': {'d3': {'d4': {'d5': {'d6': {'d7': {'keepD': 11}}}}}}}}"}
2026-08-22 22:41:02.627 /testbed/kedro/templates/project/hooks/utils.py:71 kedro.templates.project.hooks.utils._remove_nested_section event=line locals={'key_part': "'d1'"}
2026-08-22 22:41:02.627 /testbed/kedro/templates/project/hooks/utils.py:70 kedro.templates.project.hooks.utils._remove_nested_section event=line locals={'parent_section': "{'d2': {'d3': {'d4': {'d5': {'d6': {'d7': {'keepD': 11}}}}}}}"}
2026-08-22 22:41:02.627 /testbed/kedro/templates/project/hooks/utils.py:71 kedro.templates.project.hooks.utils._remove_nested_section event=line locals={'key_part': "'d2'"}
2026-08-22 22:41:02.627 /testbed/kedro/templates/project/hooks/utils.py:70 kedro.templates.project.hooks.utils._remove_nested_section event=line locals={'parent_section': "{'d3': {'d4': {'d5': {'d6': {'d7': {'keepD': 11}}}}}}"}
2026-08-22 22:41:02.627 /testbed/kedro/templates/project/hooks/utils.py:71 kedro.templates.project.hooks.utils._remove_nested_section event=line locals={'key_part': "'d3'"}
2026-08-22 22:41:02.627 /testbed/kedro/templates/project/hooks/utils.py:70 kedro.templates.project.hooks.utils._remove_nested_section event=line locals={'parent_section': "{'d4': {'d5': {'d6': {'d7': {'keepD': 11}}}}}"}
2026-08-22 22:41:02.627 /testbed/kedro/templates/project/hooks/utils.py:71 kedro.templates.project.hooks.utils._remove_nested_section event=line locals={'key_part': "'d4'"}
2026-08-22 22:41:02.627 /testbed/kedro/templates/project/hooks/utils.py:70 kedro.templates.project.hooks.utils._remove_nested_section event=line locals={'parent_section': "{'d5': {'d6': {'d7': {'keepD': 11}}}}"}
2026-08-22 22:41:02.627 /testbed/kedro/templates/project/hooks/utils.py:71 kedro.templates.project.hooks.utils._remove_nested_section event=line locals={'key_part': "'d5'"}
2026-08-22 22:41:02.627 /testbed/kedro/templates/project/hooks/utils.py:70 kedro.templates.project.hooks.utils._remove_nested_section event=line locals={'parent_section': "{'d6': {'d7': {'keepD': 11}}}"}
2026-08-22 22:41:02.627 /testbed/kedro/templates/project/hooks/utils.py:71 kedro.templates.project.hooks.utils._remove_nested_section event=line locals={'key_part': "'d6'"}
2026-08-22 22:41:02.627 /testbed/kedro/templates/project/hooks/utils.py:70 kedro.templates.project.hooks.utils._remove_nested_section event=line locals={'parent_section': "{'d7': {'keepD': 11}}"}
2026-08-22 22:41:02.627 /testbed/kedro/templates/project/hooks/utils.py:72 kedro.templates.project.hooks.utils._remove_nested_section event=line locals={}
2026-08-22 22:41:02.627 /testbed/kedro/templates/project/hooks/utils.py:76 kedro.templates.project.hooks.utils._remove_nested_section event=line locals={}
2026-08-22 22:41:02.627 /testbed/kedro/templates/project/hooks/utils.py:76 kedro.templates.project.hooks.utils._remove_nested_section event=return retval=None locals={'current_data': "{'keepD': 11}", 'data': "{'e0': {'keepE': 12, 'e1': {'e2': {'e3': {'e4': {'e5': {'e6': {'e7': {'e8': {'e9': {'e10': {'e11': {'e12': {'leafE1': 6}}}}}}}}}}}}}, 'project': {'name': 'hard-demo', 'version': '2.4.1', 'authors': ['alice', 'bob', 'carol']}, 'd0': {'d1': {'d2': {'d3': {'d4': {'d5': {'d6': {'d7': {'keepD': 11}}}}}}}}}", 'key': "'d7'", 'key_part': "'d6'", 'keys': "['d0', 'd1', 'd2', 'd3', 'd4', 'd5', 'd6', 'd7', 'd8', 'd9', 'd10', 'd11', 'd12', 'd13', 'leafD']", 'nested_key': "'d0.d1.d2.d3.d4.d5.d6.d7.d8.d9.d10.d11.d12.d13.leafD'", 'parent_section': "{'d7': {'keepD': 11}}"}
2026-08-22 22:41:02.627 /testbed/kedro/templates/project/hooks/utils.py:50 kedro.templates.project.hooks.utils._remove_nested_section event=call locals={'data': "{'e0': {'keepE': 12, 'e1': {'e2': {'e3': {'e4': {'e5': {'e6': {'e7': {'e8': {'e9': {'e10': {'e11': {'e12': {'leafE1': 6}}}}}}}}}}}}}, 'project': {'name': 'hard-demo', 'version': '2.4.1', 'authors': ['alice', 'bob', 'carol']}, 'd0': {'d1': {'d2': {'d3': {'d4': {'d5': {'d6': {'d7': {'keepD': 11}}}}}}}}}", 'nested_key': "'e0.e1.e2.e3.e4.e5.e6.e7.e8.e9.e10.e11.e12.leafE1'"}
2026-08-22 22:41:02.627 /testbed/kedro/templates/project/hooks/utils.py:57 kedro.templates.project.hooks.utils._remove_nested_section event=line locals={}
2026-08-22 22:41:02.627 /testbed/kedro/templates/project/hooks/utils.py:58 kedro.templates.project.hooks.utils._remove_nested_section event=line locals={'keys': "['e0', 'e1', 'e2', 'e3', 'e4', 'e5', 'e6', 'e7', 'e8', 'e9', 'e10', 'e11', 'e12', 'leafE1']"}
2026-08-22 22:41:02.627 /testbed/kedro/templates/project/hooks/utils.py:60 kedro.templates.project.hooks.utils._remove_nested_section event=line locals={'current_data': "{'e0': {'keepE': 12, 'e1': {'e2': {'e3': {'e4': {'e5': {'e6': {'e7': {'e8': {'e9': {'e10': {'e11': {'e12': {'leafE1': 6}}}}}}}}}}}}}, 'project': {'name': 'hard-demo', 'version': '2.4.1', 'authors': ['alice', 'bob', 'carol']}, 'd0': {'d1': {'d2': {'d3': {'d4': {'d5': {'d6': {'d7': {'keepD': 11}}}}}}}}}"}
2026-08-22 22:41:02.627 /testbed/kedro/templates/project/hooks/utils.py:61 kedro.templates.project.hooks.utils._remove_nested_section event=line locals={'key': "'e0'"}
2026-08-22 22:41:02.627 /testbed/kedro/templates/project/hooks/utils.py:62 kedro.templates.project.hooks.utils._remove_nested_section event=line locals={}
2026-08-22 22:41:02.627 /testbed/kedro/templates/project/hooks/utils.py:60 kedro.templates.project.hooks.utils._remove_nested_section event=line locals={'current_data': "{'keepE': 12, 'e1': {'e2': {'e3': {'e4': {'e5': {'e6': {'e7': {'e8': {'e9': {'e10': {'e11': {'e12': {'leafE1': 6}}}}}}}}}}}}}"}
2026-08-22 22:41:02.627 /testbed/kedro/templates/project/hooks/utils.py:61 kedro.templates.project.hooks.utils._remove_nested_section event=line locals={'key': "'e1'"}
2026-08-22 22:41:02.627 /testbed/kedro/templates/project/hooks/utils.py:62 kedro.templates.project.hooks.utils._remove_nested_section event=line locals={}
2026-08-22 22:41:02.627 /testbed/kedro/templates/project/hooks/utils.py:60 kedro.templates.project.hooks.utils._remove_nested_section event=line locals={'current_data': "{'e2': {'e3': {'e4': {'e5': {'e6': {'e7': {'e8': {'e9': {'e10': {'e11': {'e12': {'leafE1': 6}}}}}}}}}}}}"}
2026-08-22 22:41:02.627 /testbed/kedro/templates/project/hooks/utils.py:61 kedro.templates.project.hooks.utils._remove_nested_section event=line locals={'key': "'e2'"}
2026-08-22 22:41:02.627 /testbed/kedro/templates/project/hooks/utils.py:62 kedro.templates.project.hooks.utils._remove_nested_section event=line locals={}
2026-08-22 22:41:02.627 /testbed/kedro/templates/project/hooks/utils.py:60 kedro.templates.project.hooks.utils._remove_nested_section event=line locals={'current_data': "{'e3': {'e4': {'e5': {'e6': {'e7': {'e8': {'e9': {'e10': {'e11': {'e12': {'leafE1': 6}}}}}}}}}}}"}
2026-08-22 22:41:02.627 /testbed/kedro/templates/project/hooks/utils.py:61 kedro.templates.project.hooks.utils._remove_nested_section event=line locals={'key': "'e3'"}
2026-08-22 22:41:02.627 /testbed/kedro/templates/project/hooks/utils.py:62 kedro.templates.project.hooks.utils._remove_nested_section event=line locals={}
2026-08-22 22:41:02.627 /testbed/kedro/templates/project/hooks/utils.py:60 kedro.templates.project.hooks.utils._remove_nested_section event=line locals={'current_data': "{'e4': {'e5': {'e6': {'e7': {'e8': {'e9': {'e10': {'e11': {'e12': {'leafE1': 6}}}}}}}}}}"}
2026-08-22 22:41:02.627 /testbed/kedro/templates/project/hooks/utils.py:61 kedro.templates.project.hooks.utils._remove_nested_section event=line locals={'key': "'e4'"}
2026-08-22 22:41:02.627 /testbed/kedro/templates/project/hooks/utils.py:62 kedro.templates.project.hooks.utils._remove_nested_section event=line locals={}
2026-08-22 22:41:02.627 /testbed/kedro/templates/project/hooks/utils.py:60 kedro.templates.project.hooks.utils._remove_nested_section event=line locals={'current_data': "{'e5': {'e6': {'e7': {'e8': {'e9': {'e10': {'e11': {'e12': {'leafE1': 6}}}}}}}}}"}
2026-08-22 22:41:02.627 /testbed/kedro/templates/project/hooks/utils.py:61 kedro.templates.project.hooks.utils._remove_nested_section event=line locals={'key': "'e5'"}
2026-08-22 22:41:02.627 /testbed/kedro/templates/project/hooks/utils.py:62 kedro.templates.project.hooks.utils._remove_nested_section event=line locals={}
2026-08-22 22:41:02.627 /testbed/kedro/templates/project/hooks/utils.py:60 kedro.templates.project.hooks.utils._remove_nested_section event=line locals={'current_data': "{'e6': {'e7': {'e8': {'e9': {'e10': {'e11': {'e12': {'leafE1': 6}}}}}}}}"}
2026-08-22 22:41:02.627 /testbed/kedro/templates/project/hooks/utils.py:61 kedro.templates.project.hooks.utils._remove_nested_section event=line locals={'key': "'e6'"}
2026-08-22 22:41:02.627 /testbed/kedro/templates/project/hooks/utils.py:62 kedro.templates.project.hooks.utils._remove_nested_section event=line locals={}
2026-08-22 22:41:02.627 /testbed/kedro/templates/project/hooks/utils.py:60 kedro.templates.project.hooks.utils._remove_nested_section event=line locals={'current_data': "{'e7': {'e8': {'e9': {'e10': {'e11': {'e12': {'leafE1': 6}}}}}}}"}
2026-08-22 22:41:02.627 /testbed/kedro/templates/project/hooks/utils.py:61 kedro.templates.project.hooks.utils._remove_nested_section event=line locals={'key': "'e7'"}
2026-08-22 22:41:02.627 /testbed/kedro/templates/project/hooks/utils.py:62 kedro.templates.project.hooks.utils._remove_nested_section event=line locals={}
2026-08-22 22:41:02.627 /testbed/kedro/templates/project/hooks/utils.py:60 kedro.templates.project.hooks.utils._remove_nested_section event=line locals={'current_data': "{'e8': {'e9': {'e10': {'e11': {'e12': {'leafE1': 6}}}}}}"}
2026-08-22 22:41:02.627 /testbed/kedro/templates/project/hooks/utils.py:61 kedro.templates.project.hooks.utils._remove_nested_section event=line locals={'key': "'e8'"}
2026-08-22 22:41:02.627 /testbed/kedro/templates/project/hooks/utils.py:62 kedro.templates.project.hooks.utils._remove_nested_section event=line locals={}
2026-08-22 22:41:02.627 /testbed/kedro/templates/project/hooks/utils.py:60 kedro.templates.project.hooks.utils._remove_nested_section event=line locals={'current_data': "{'e9': {'e10': {'e11': {'e12': {'leafE1': 6}}}}}"}
2026-08-22 22:41:02.627 /testbed/kedro/templates/project/hooks/utils.py:61 kedro.templates.project.hooks.utils._remove_nested_section event=line locals={'key': "'e9'"}
2026-08-22 22:41:02.627 /testbed/kedro/templates/project/hooks/utils.py:62 kedro.templates.project.hooks.utils._remove_nested_section event=line locals={}
2026-08-22 22:41:02.627 /testbed/kedro/templates/project/hooks/utils.py:60 kedro.templates.project.hooks.utils._remove_nested_section event=line locals={'current_data': "{'e10': {'e11': {'e12': {'leafE1': 6}}}}"}
2026-08-22 22:41:02.627 /testbed/kedro/templates/project/hooks/utils.py:61 kedro.templates.project.hooks.utils._remove_nested_section event=line locals={'key': "'e10'"}
2026-08-22 22:41:02.627 /testbed/kedro/templates/project/hooks/utils.py:62 kedro.templates.project.hooks.utils._remove_nested_section event=line locals={}
2026-08-22 22:41:02.627 /testbed/kedro/templates/project/hooks/utils.py:60 kedro.templates.project.hooks.utils._remove_nested_section event=line locals={'current_data': "{'e11': {'e12': {'leafE1': 6}}}"}
2026-08-22 22:41:02.628 /testbed/kedro/templates/project/hooks/utils.py:61 kedro.templates.project.hooks.utils._remove_nested_section event=line locals={'key': "'e11'"}
2026-08-22 22:41:02.628 /testbed/kedro/templates/project/hooks/utils.py:62 kedro.templates.project.hooks.utils._remove_nested_section event=line locals={}
2026-08-22 22:41:02.628 /testbed/kedro/templates/project/hooks/utils.py:60 kedro.templates.project.hooks.utils._remove_nested_section event=line locals={'current_data': "{'e12': {'leafE1': 6}}"}
2026-08-22 22:41:02.628 /testbed/kedro/templates/project/hooks/utils.py:61 kedro.templates.project.hooks.utils._remove_nested_section event=line locals={'key': "'e12'"}
2026-08-22 22:41:02.628 /testbed/kedro/templates/project/hooks/utils.py:62 kedro.templates.project.hooks.utils._remove_nested_section event=line locals={}
2026-08-22 22:41:02.628 /testbed/kedro/templates/project/hooks/utils.py:60 kedro.templates.project.hooks.utils._remove_nested_section event=line locals={'current_data': "{'leafE1': 6}"}
2026-08-22 22:41:02.628 /testbed/kedro/templates/project/hooks/utils.py:67 kedro.templates.project.hooks.utils._remove_nested_section event=line locals={}
2026-08-22 22:41:02.628 /testbed/kedro/templates/project/hooks/utils.py:68 kedro.templates.project.hooks.utils._remove_nested_section event=line locals={'current_data': '{}', 'data': "{'e0': {'keepE': 12, 'e1': {'e2': {'e3': {'e4': {'e5': {'e6': {'e7': {'e8': {'e9': {'e10': {'e11': {'e12': {}}}}}}}}}}}}}, 'project': {'name': 'hard-demo', 'version': '2.4.1', 'authors': ['alice', 'bob', 'carol']}, 'd0': {'d1': {'d2': {'d3': {'d4': {'d5': {'d6': {'d7': {'keepD': 11}}}}}}}}}"}
2026-08-22 22:41:02.628 /testbed/kedro/templates/project/hooks/utils.py:69 kedro.templates.project.hooks.utils._remove_nested_section event=line locals={}
2026-08-22 22:41:02.628 /testbed/kedro/templates/project/hooks/utils.py:70 kedro.templates.project.hooks.utils._remove_nested_section event=line locals={'parent_section': "{'e0': {'keepE': 12, 'e1': {'e2': {'e3': {'e4': {'e5': {'e6': {'e7': {'e8': {'e9': {'e10': {'e11': {'e12': {}}}}}}}}}}}}}, 'project': {'name': 'hard-demo', 'version': '2.4.1', 'authors': ['alice', 'bob', 'carol']}, 'd0': {'d1': {'d2': {'d3': {'d4': {'d5': {'d6': {'d7': {'keepD': 11}}}}}}}}}"}
2026-08-22 22:41:02.628 /testbed/kedro/templates/project/hooks/utils.py:71 kedro.templates.project.hooks.utils._remove_nested_section event=line locals={'key_part': "'e0'"}
2026-08-22 22:41:02.628 /testbed/kedro/templates/project/hooks/utils.py:70 kedro.templates.project.hooks.utils._remove_nested_section event=line locals={'parent_section': "{'keepE': 12, 'e1': {'e2': {'e3': {'e4': {'e5': {'e6': {'e7': {'e8': {'e9': {'e10': {'e11': {'e12': {}}}}}}}}}}}}}"}
2026-08-22 22:41:02.628 /testbed/kedro/templates/project/hooks/utils.py:71 kedro.templates.project.hooks.utils._remove_nested_section event=line locals={'key_part': "'e1'"}
2026-08-22 22:41:02.628 /testbed/kedro/templates/project/hooks/utils.py:70 kedro.templates.project.hooks.utils._remove_nested_section event=line locals={'parent_section': "{'e2': {'e3': {'e4': {'e5': {'e6': {'e7': {'e8': {'e9': {'e10': {'e11': {'e12': {}}}}}}}}}}}}"}
2026-08-22 22:41:02.628 /testbed/kedro/templates/project/hooks/utils.py:71 kedro.templates.project.hooks.utils._remove_nested_section event=line locals={'key_part': "'e2'"}
2026-08-22 22:41:02.628 /testbed/kedro/templates/project/hooks/utils.py:70 kedro.templates.project.hooks.utils._remove_nested_section event=line locals={'parent_section': "{'e3': {'e4': {'e5': {'e6': {'e7': {'e8': {'e9': {'e10': {'e11': {'e12': {}}}}}}}}}}}"}
2026-08-22 22:41:02.628 /testbed/kedro/templates/project/hooks/utils.py:71 kedro.templates.project.hooks.utils._remove_nested_section event=line locals={'key_part': "'e3'"}
2026-08-22 22:41:02.628 /testbed/kedro/templates/project/hooks/utils.py:70 kedro.templates.project.hooks.utils._remove_nested_section event=line locals={'parent_section': "{'e4': {'e5': {'e6': {'e7': {'e8': {'e9': {'e10': {'e11': {'e12': {}}}}}}}}}}"}
2026-08-22 22:41:02.628 /testbed/kedro/templates/project/hooks/utils.py:71 kedro.templates.project.hooks.utils._remove_nested_section event=line locals={'key_part': "'e4'"}
2026-08-22 22:41:02.628 /testbed/kedro/templates/project/hooks/utils.py:70 kedro.templates.project.hooks.utils._remove_nested_section event=line locals={'parent_section': "{'e5': {'e6': {'e7': {'e8': {'e9': {'e10': {'e11': {'e12': {}}}}}}}}}"}
2026-08-22 22:41:02.628 /testbed/kedro/templates/project/hooks/utils.py:71 kedro.templates.project.hooks.utils._remove_nested_section event=line locals={'key_part': "'e5'"}
2026-08-22 22:41:02.628 /testbed/kedro/templates/project/hooks/utils.py:70 kedro.templates.project.hooks.utils._remove_nested_section event=line locals={'parent_section': "{'e6': {'e7': {'e8': {'e9': {'e10': {'e11': {'e12': {}}}}}}}}"}
2026-08-22 22:41:02.628 /testbed/kedro/templates/project/hooks/utils.py:71 kedro.templates.project.hooks.utils._remove_nested_section event=line locals={'key_part': "'e6'"}
2026-08-22 22:41:02.628 /testbed/kedro/templates/project/hooks/utils.py:70 kedro.templates.project.hooks.utils._remove_nested_section event=line locals={'parent_section': "{'e7': {'e8': {'e9': {'e10': {'e11': {'e12': {}}}}}}}"}
2026-08-22 22:41:02.628 /testbed/kedro/templates/project/hooks/utils.py:71 kedro.templates.project.hooks.utils._remove_nested_section event=line locals={'key_part': "'e7'"}
2026-08-22 22:41:02.628 /testbed/kedro/templates/project/hooks/utils.py:70 kedro.templates.project.hooks.utils._remove_nested_section event=line locals={'parent_section': "{'e8': {'e9': {'e10': {'e11': {'e12': {}}}}}}"}
2026-08-22 22:41:02.628 /testbed/kedro/templates/project/hooks/utils.py:71 kedro.templates.project.hooks.utils._remove_nested_section event=line locals={'key_part': "'e8'"}
2026-08-22 22:41:02.628 /testbed/kedro/templates/project/hooks/utils.py:70 kedro.templates.project.hooks.utils._remove_nested_section event=line locals={'parent_section': "{'e9': {'e10': {'e11': {'e12': {}}}}}"}
2026-08-22 22:41:02.628 /testbed/kedro/templates/project/hooks/utils.py:71 kedro.templates.project.hooks.utils._remove_nested_section event=line locals={'key_part': "'e9'"}
2026-08-22 22:41:02.628 /testbed/kedro/templates/project/hooks/utils.py:70 kedro.templates.project.hooks.utils._remove_nested_section event=line locals={'parent_section': "{'e10': {'e11': {'e12': {}}}}"}
2026-08-22 22:41:02.628 /testbed/kedro/templates/project/hooks/utils.py:71 kedro.templates.project.hooks.utils._remove_nested_section event=line locals={'key_part': "'e10'"}
2026-08-22 22:41:02.628 /testbed/kedro/templates/project/hooks/utils.py:70 kedro.templates.project.hooks.utils._remove_nested_section event=line locals={'parent_section': "{'e11': {'e12': {}}}"}
2026-08-22 22:41:02.628 /testbed/kedro/templates/project/hooks/utils.py:71 kedro.templates.project.hooks.utils._remove_nested_section event=line locals={'key_part': "'e11'"}
2026-08-22 22:41:02.628 /testbed/kedro/templates/project/hooks/utils.py:70 kedro.templates.project.hooks.utils._remove_nested_section event=line locals={'parent_section': "{'e12': {}}"}
2026-08-22 22:41:02.628 /testbed/kedro/templates/project/hooks/utils.py:72 kedro.templates.project.hooks.utils._remove_nested_section event=line locals={}
2026-08-22 22:41:02.628 /testbed/kedro/templates/project/hooks/utils.py:73 kedro.templates.project.hooks.utils._remove_nested_section event=line locals={}
2026-08-22 22:41:02.628 /testbed/kedro/templates/project/hooks/utils.py:74 kedro.templates.project.hooks.utils._remove_nested_section event=line locals={'data': "{'e0': {'keepE': 12, 'e1': {'e2': {'e3': {'e4': {'e5': {'e6': {'e7': {'e8': {'e9': {'e10': {'e11': {}}}}}}}}}}}}, 'project': {'name': 'hard-demo', 'version': '2.4.1', 'authors': ['alice', 'bob', 'carol']}, 'd0': {'d1': {'d2': {'d3': {'d4': {'d5': {'d6': {'d7': {'keepD': 11}}}}}}}}}", 'parent_section': '{}'}
2026-08-22 22:41:02.628 /testbed/kedro/templates/project/hooks/utils.py:68 kedro.templates.project.hooks.utils._remove_nested_section event=line locals={}
2026-08-22 22:41:02.628 /testbed/kedro/templates/project/hooks/utils.py:69 kedro.templates.project.hooks.utils._remove_nested_section event=line locals={'key': "'e11'"}
2026-08-22 22:41:02.628 /testbed/kedro/templates/project/hooks/utils.py:70 kedro.templates.project.hooks.utils._remove_nested_section event=line locals={'parent_section': "{'e0': {'keepE': 12, 'e1': {'e2': {'e3': {'e4': {'e5': {'e6': {'e7': {'e8': {'e9': {'e10': {'e11': {}}}}}}}}}}}}, 'project': {'name': 'hard-demo', 'version': '2.4.1', 'authors': ['alice', 'bob', 'carol']}, 'd0': {'d1': {'d2': {'d3': {'d4': {'d5': {'d6': {'d7': {'keepD': 11}}}}}}}}}"}
2026-08-22 22:41:02.628 /testbed/kedro/templates/project/hooks/utils.py:71 kedro.templates.project.hooks.utils._remove_nested_section event=line locals={'key_part': "'e0'"}
2026-08-22 22:41:02.628 /testbed/kedro/templates/project/hooks/utils.py:70 kedro.templates.project.hooks.utils._remove_nested_section event=line locals={'parent_section': "{'keepE': 12, 'e1': {'e2': {'e3': {'e4': {'e5': {'e6': {'e7': {'e8': {'e9': {'e10': {'e11': {}}}}}}}}}}}}"}
2026-08-22 22:41:02.628 /testbed/kedro/templates/project/hooks/utils.py:71 kedro.templates.project.hooks.utils._remove_nested_section event=line locals={'key_part': "'e1'"}
2026-08-22 22:41:02.628 /testbed/kedro/templates/project/hooks/utils.py:70 kedro.templates.project.hooks.utils._remove_nested_section event=line locals={'parent_section': "{'e2': {'e3': {'e4': {'e5': {'e6': {'e7': {'e8': {'e9': {'e10': {'e11': {}}}}}}}}}}}"}
2026-08-22 22:41:02.628 /testbed/kedro/templates/project/hooks/utils.py:71 kedro.templates.project.hooks.utils._remove_nested_section event=line locals={'key_part': "'e2'"}
2026-08-22 22:41:02.628 /testbed/kedro/templates/project/hooks/utils.py:70 kedro.templates.project.hooks.utils._remove_nested_section event=line locals={'parent_section': "{'e3': {'e4': {'e5': {'e6': {'e7': {'e8': {'e9': {'e10': {'e11': {}}}}}}}}}}"}
2026-08-22 22:41:02.628 /testbed/kedro/templates/project/hooks/utils.py:71 kedro.templates.project.hooks.utils._remove_nested_section event=line locals={'key_part': "'e3'"}
2026-08-22 22:41:02.628 /testbed/kedro/templates/project/hooks/utils.py:70 kedro.templates.project.hooks.utils._remove_nested_section event=line locals={'parent_section': "{'e4': {'e5': {'e6': {'e7': {'e8': {'e9': {'e10': {'e11': {}}}}}}}}}"}
2026-08-22 22:41:02.628 /testbed/kedro/templates/project/hooks/utils.py:71 kedro.templates.project.hooks.utils._remove_nested_section event=line locals={'key_part': "'e4'"}
2026-08-22 22:41:02.628 /testbed/kedro/templates/project/hooks/utils.py:70 kedro.templates.project.hooks.utils._remove_nested_section event=line locals={'parent_section': "{'e5': {'e6': {'e7': {'e8': {'e9': {'e10': {'e11': {}}}}}}}}"}
2026-08-22 22:41:02.628 /testbed/kedro/templates/project/hooks/utils.py:71 kedro.templates.project.hooks.utils._remove_nested_section event=line locals={'key_part': "'e5'"}
2026-08-22 22:41:02.628 /testbed/kedro/templates/project/hooks/utils.py:70 kedro.templates.project.hooks.utils._remove_nested_section event=line locals={'parent_section': "{'e6': {'e7': {'e8': {'e9': {'e10': {'e11': {}}}}}}}"}
2026-08-22 22:41:02.628 /testbed/kedro/templates/project/hooks/utils.py:71 kedro.templates.project.hooks.utils._remove_nested_section event=line locals={'key_part': "'e6'"}
2026-08-22 22:41:02.628 /testbed/kedro/templates/project/hooks/utils.py:70 kedro.templates.project.hooks.utils._remove_nested_section event=line locals={'parent_section': "{'e7': {'e8': {'e9': {'e10': {'e11': {}}}}}}"}
2026-08-22 22:41:02.628 /testbed/kedro/templates/project/hooks/utils.py:71 kedro.templates.project.hooks.utils._remove_nested_section event=line locals={'key_part': "'e7'"}
2026-08-22 22:41:02.628 /testbed/kedro/templates/project/hooks/utils.py:70 kedro.templates.project.hooks.utils._remove_nested_section event=line locals={'parent_section': "{'e8': {'e9': {'e10': {'e11': {}}}}}"}
2026-08-22 22:41:02.628 /testbed/kedro/templates/project/hooks/utils.py:71 kedro.templates.project.hooks.utils._remove_nested_section event=line locals={'key_part': "'e8'"}
2026-08-22 22:41:02.628 /testbed/kedro/templates/project/hooks/utils.py:70 kedro.templates.project.hooks.utils._remove_nested_section event=line locals={'parent_section': "{'e9': {'e10': {'e11': {}}}}"}
2026-08-22 22:41:02.628 /testbed/kedro/templates/project/hooks/utils.py:71 kedro.templates.project.hooks.utils._remove_nested_section event=line locals={'key_part': "'e9'"}
2026-08-22 22:41:02.628 /testbed/kedro/templates/project/hooks/utils.py:70 kedro.templates.project.hooks.utils._remove_nested_section event=line locals={'parent_section': "{'e10': {'e11': {}}}"}
2026-08-22 22:41:02.629 /testbed/kedro/templates/project/hooks/utils.py:71 kedro.templates.project.hooks.utils._remove_nested_section event=line locals={'key_part': "'e10'"}
2026-08-22 22:41:02.629 /testbed/kedro/templates/project/hooks/utils.py:70 kedro.templates.project.hooks.utils._remove_nested_section event=line locals={'parent_section': "{'e11': {}}"}
2026-08-22 22:41:02.629 /testbed/kedro/templates/project/hooks/utils.py:72 kedro.templates.project.hooks.utils._remove_nested_section event=line locals={}
2026-08-22 22:41:02.629 /testbed/kedro/templates/project/hooks/utils.py:73 kedro.templates.project.hooks.utils._remove_nested_section event=line locals={}
2026-08-22 22:41:02.629 /testbed/kedro/templates/project/hooks/utils.py:74 kedro.templates.project.hooks.utils._remove_nested_section event=line locals={'data': "{'e0': {'keepE': 12, 'e1': {'e2': {'e3': {'e4': {'e5': {'e6': {'e7': {'e8': {'e9': {'e10': {}}}}}}}}}}}, 'project': {'name': 'hard-demo', 'version': '2.4.1', 'authors': ['alice', 'bob', 'carol']}, 'd0': {'d1': {'d2': {'d3': {'d4': {'d5': {'d6': {'d7': {'keepD': 11}}}}}}}}}", 'parent_section': '{}'}
2026-08-22 22:41:02.629 /testbed/kedro/templates/project/hooks/utils.py:68 kedro.templates.project.hooks.utils._remove_nested_section event=line locals={}
2026-08-22 22:41:02.629 /testbed/kedro/templates/project/hooks/utils.py:69 kedro.templates.project.hooks.utils._remove_nested_section event=line locals={'key': "'e10'"}
2026-08-22 22:41:02.629 /testbed/kedro/templates/project/hooks/utils.py:70 kedro.templates.project.hooks.utils._remove_nested_section event=line locals={'parent_section': "{'e0': {'keepE': 12, 'e1': {'e2': {'e3': {'e4': {'e5': {'e6': {'e7': {'e8': {'e9': {'e10': {}}}}}}}}}}}, 'project': {'name': 'hard-demo', 'version': '2.4.1', 'authors': ['alice', 'bob', 'carol']}, 'd0': {'d1': {'d2': {'d3': {'d4': {'d5': {'d6': {'d7': {'keepD': 11}}}}}}}}}"}
2026-08-22 22:41:02.629 /testbed/kedro/templates/project/hooks/utils.py:71 kedro.templates.project.hooks.utils._remove_nested_section event=line locals={'key_part': "'e0'"}
2026-08-22 22:41:02.629 /testbed/kedro/templates/project/hooks/utils.py:70 kedro.templates.project.hooks.utils._remove_nested_section event=line locals={'parent_section': "{'keepE': 12, 'e1': {'e2': {'e3': {'e4': {'e5': {'e6': {'e7': {'e8': {'e9': {'e10': {}}}}}}}}}}}"}
2026-08-22 22:41:02.629 /testbed/kedro/templates/project/hooks/utils.py:71 kedro.templates.project.hooks.utils._remove_nested_section event=line locals={'key_part': "'e1'"}
2026-08-22 22:41:02.629 /testbed/kedro/templates/project/hooks/utils.py:70 kedro.templates.project.hooks.utils._remove_nested_section event=line locals={'parent_section': "{'e2': {'e3': {'e4': {'e5': {'e6': {'e7': {'e8': {'e9': {'e10': {}}}}}}}}}}"}
2026-08-22 22:41:02.629 /testbed/kedro/templates/project/hooks/utils.py:71 kedro.templates.project.hooks.utils._remove_nested_section event=line locals={'key_part': "'e2'"}
2026-08-22 22:41:02.629 /testbed/kedro/templates/project/hooks/utils.py:70 kedro.templates.project.hooks.utils._remove_nested_section event=line locals={'parent_section': "{'e3': {'e4': {'e5': {'e6': {'e7': {'e8': {'e9': {'e10': {}}}}}}}}}"}
2026-08-22 22:41:02.629 /testbed/kedro/templates/project/hooks/utils.py:71 kedro.templates.project.hooks.utils._remove_nested_section event=line locals={'key_part': "'e3'"}
2026-08-22 22:41:02.629 /testbed/kedro/templates/project/hooks/utils.py:70 kedro.templates.project.hooks.utils._remove_nested_section event=line locals={'parent_section': "{'e4': {'e5': {'e6': {'e7': {'e8': {'e9': {'e10': {}}}}}}}}"}
2026-08-22 22:41:02.629 /testbed/kedro/templates/project/hooks/utils.py:71 kedro.templates.project.hooks.utils._remove_nested_section event=line locals={'key_part': "'e4'"}
2026-08-22 22:41:02.629 /testbed/kedro/templates/project/hooks/utils.py:70 kedro.templates.project.hooks.utils._remove_nested_section event=line locals={'parent_section': "{'e5': {'e6': {'e7': {'e8': {'e9': {'e10': {}}}}}}}"}
2026-08-22 22:41:02.629 /testbed/kedro/templates/project/hooks/utils.py:71 kedro.templates.project.hooks.utils._remove_nested_section event=line locals={'key_part': "'e5'"}
2026-08-22 22:41:02.629 /testbed/kedro/templates/project/hooks/utils.py:70 kedro.templates.project.hooks.utils._remove_nested_section event=line locals={'parent_section': "{'e6': {'e7': {'e8': {'e9': {'e10': {}}}}}}"}
2026-08-22 22:41:02.629 /testbed/kedro/templates/project/hooks/utils.py:71 kedro.templates.project.hooks.utils._remove_nested_section event=line locals={'key_part': "'e6'"}
2026-08-22 22:41:02.629 /testbed/kedro/templates/project/hooks/utils.py:70 kedro.templates.project.hooks.utils._remove_nested_section event=line locals={'parent_section': "{'e7': {'e8': {'e9': {'e10': {}}}}}"}
2026-08-22 22:41:02.629 /testbed/kedro/templates/project/hooks/utils.py:71 kedro.templates.project.hooks.utils._remove_nested_section event=line locals={'key_part': "'e7'"}
2026-08-22 22:41:02.629 /testbed/kedro/templates/project/hooks/utils.py:70 kedro.templates.project.hooks.utils._remove_nested_section event=line locals={'parent_section': "{'e8': {'e9': {'e10': {}}}}"}
2026-08-22 22:41:02.629 /testbed/kedro/templates/project/hooks/utils.py:71 kedro.templates.project.hooks.utils._remove_nested_section event=line locals={'key_part': "'e8'"}
2026-08-22 22:41:02.629 /testbed/kedro/templates/project/hooks/utils.py:70 kedro.templates.project.hooks.utils._remove_nested_section event=line locals={'parent_section': "{'e9': {'e10': {}}}"}
2026-08-22 22:41:02.629 /testbed/kedro/templates/project/hooks/utils.py:71 kedro.templates.project.hooks.utils._remove_nested_section event=line locals={'key_part': "'e9'"}
2026-08-22 22:41:02.629 /testbed/kedro/templates/project/hooks/utils.py:70 kedro.templates.project.hooks.utils._remove_nested_section event=line locals={'parent_section': "{'e10': {}}"}
2026-08-22 22:41:02.629 /testbed/kedro/templates/project/hooks/utils.py:72 kedro.templates.project.hooks.utils._remove_nested_section event=line locals={}
2026-08-22 22:41:02.629 /testbed/kedro/templates/project/hooks/utils.py:73 kedro.templates.project.hooks.utils._remove_nested_section event=line locals={}
2026-08-22 22:41:02.629 /testbed/kedro/templates/project/hooks/utils.py:74 kedro.templates.project.hooks.utils._remove_nested_section event=line locals={'data': "{'e0': {'keepE': 12, 'e1': {'e2': {'e3': {'e4': {'e5': {'e6': {'e7': {'e8': {'e9': {}}}}}}}}}}, 'project': {'name': 'hard-demo', 'version': '2.4.1', 'authors': ['alice', 'bob', 'carol']}, 'd0': {'d1': {'d2': {'d3': {'d4': {'d5': {'d6': {'d7': {'keepD': 11}}}}}}}}}", 'parent_section': '{}'}
2026-08-22 22:41:02.629 /testbed/kedro/templates/project/hooks/utils.py:68 kedro.templates.project.hooks.utils._remove_nested_section event=line locals={}
2026-08-22 22:41:02.629 /testbed/kedro/templates/project/hooks/utils.py:69 kedro.templates.project.hooks.utils._remove_nested_section event=line locals={'key': "'e9'"}
2026-08-22 22:41:02.629 /testbed/kedro/templates/project/hooks/utils.py:70 kedro.templates.project.hooks.utils._remove_nested_section event=line locals={'parent_section': "{'e0': {'keepE': 12, 'e1': {'e2': {'e3': {'e4': {'e5': {'e6': {'e7': {'e8': {'e9': {}}}}}}}}}}, 'project': {'name': 'hard-demo', 'version': '2.4.1', 'authors': ['alice', 'bob', 'carol']}, 'd0': {'d1': {'d2': {'d3': {'d4': {'d5': {'d6': {'d7': {'keepD': 11}}}}}}}}}"}
2026-08-22 22:41:02.629 /testbed/kedro/templates/project/hooks/utils.py:71 kedro.templates.project.hooks.utils._remove_nested_section event=line locals={'key_part': "'e0'"}
2026-08-22 22:41:02.629 /testbed/kedro/templates/project/hooks/utils.py:70 kedro.templates.project.hooks.utils._remove_nested_section event=line locals={'parent_section': "{'keepE': 12, 'e1': {'e2': {'e3': {'e4': {'e5': {'e6': {'e7': {'e8': {'e9': {}}}}}}}}}}"}
2026-08-22 22:41:02.629 /testbed/kedro/templates/project/hooks/utils.py:71 kedro.templates.project.hooks.utils._remove_nested_section event=line locals={'key_part': "'e1'"}
2026-08-22 22:41:02.629 /testbed/kedro/templates/project/hooks/utils.py:70 kedro.templates.project.hooks.utils._remove_nested_section event=line locals={'parent_section': "{'e2': {'e3': {'e4': {'e5': {'e6': {'e7': {'e8': {'e9': {}}}}}}}}}"}
2026-08-22 22:41:02.629 /testbed/kedro/templates/project/hooks/utils.py:71 kedro.templates.project.hooks.utils._remove_nested_section event=line locals={'key_part': "'e2'"}
2026-08-22 22:41:02.629 /testbed/kedro/templates/project/hooks/utils.py:70 kedro.templates.project.hooks.utils._remove_nested_section event=line locals={'parent_section': "{'e3': {'e4': {'e5': {'e6': {'e7': {'e8': {'e9': {}}}}}}}}"}
2026-08-22 22:41:02.629 /testbed/kedro/templates/project/hooks/utils.py:71 kedro.templates.project.hooks.utils._remove_nested_section event=line locals={'key_part': "'e3'"}
2026-08-22 22:41:02.629 /testbed/kedro/templates/project/hooks/utils.py:70 kedro.templates.project.hooks.utils._remove_nested_section event=line locals={'parent_section': "{'e4': {'e5': {'e6': {'e7': {'e8': {'e9': {}}}}}}}"}
2026-08-22 22:41:02.629 /testbed/kedro/templates/project/hooks/utils.py:71 kedro.templates.project.hooks.utils._remove_nested_section event=line locals={'key_part': "'e4'"}
2026-08-22 22:41:02.629 /testbed/kedro/templates/project/hooks/utils.py:70 kedro.templates.project.hooks.utils._remove_nested_section event=line locals={'parent_section': "{'e5': {'e6': {'e7': {'e8': {'e9': {}}}}}}"}
2026-08-22 22:41:02.629 /testbed/kedro/templates/project/hooks/utils.py:71 kedro.templates.project.hooks.utils._remove_nested_section event=line locals={'key_part': "'e5'"}
2026-08-22 22:41:02.629 /testbed/kedro/templates/project/hooks/utils.py:70 kedro.templates.project.hooks.utils._remove_nested_section event=line locals={'parent_section': "{'e6': {'e7': {'e8': {'e9': {}}}}}"}
2026-08-22 22:41:02.629 /testbed/kedro/templates/project/hooks/utils.py:71 kedro.templates.project.hooks.utils._remove_nested_section event=line locals={'key_part': "'e6'"}
2026-08-22 22:41:02.629 /testbed/kedro/templates/project/hooks/utils.py:70 kedro.templates.project.hooks.utils._remove_nested_section event=line locals={'parent_section': "{'e7': {'e8': {'e9': {}}}}"}
2026-08-22 22:41:02.629 /testbed/kedro/templates/project/hooks/utils.py:71 kedro.templates.project.hooks.utils._remove_nested_section event=line locals={'key_part': "'e7'"}
2026-08-22 22:41:02.629 /testbed/kedro/templates/project/hooks/utils.py:70 kedro.templates.project.hooks.utils._remove_nested_section event=line locals={'parent_section': "{'e8': {'e9': {}}}"}
2026-08-22 22:41:02.629 /testbed/kedro/templates/project/hooks/utils.py:71 kedro.templates.project.hooks.utils._remove_nested_section event=line locals={'key_part': "'e8'"}
2026-08-22 22:41:02.629 /testbed/kedro/templates/project/hooks/utils.py:70 kedro.templates.project.hooks.utils._remove_nested_section event=line locals={'parent_section': "{'e9': {}}"}
2026-08-22 22:41:02.629 /testbed/kedro/templates/project/hooks/utils.py:72 kedro.templates.project.hooks.utils._remove_nested_section event=line locals={}
2026-08-22 22:41:02.629 /testbed/kedro/templates/project/hooks/utils.py:73 kedro.templates.project.hooks.utils._remove_nested_section event=line locals={}
2026-08-22 22:41:02.629 /testbed/kedro/templates/project/hooks/utils.py:74 kedro.templates.project.hooks.utils._remove_nested_section event=line locals={'data': "{'e0': {'keepE': 12, 'e1': {'e2': {'e3': {'e4': {'e5': {'e6': {'e7': {'e8': {}}}}}}}}}, 'project': {'name': 'hard-demo', 'version': '2.4.1', 'authors': ['alice', 'bob', 'carol']}, 'd0': {'d1': {'d2': {'d3': {'d4': {'d5': {'d6': {'d7': {'keepD': 11}}}}}}}}}", 'parent_section': '{}'}
2026-08-22 22:41:02.629 /testbed/kedro/templates/project/hooks/utils.py:68 kedro.templates.project.hooks.utils._remove_nested_section event=line locals={}
2026-08-22 22:41:02.629 /testbed/kedro/templates/project/hooks/utils.py:69 kedro.templates.project.hooks.utils._remove_nested_section event=line locals={'key': "'e8'"}
2026-08-22 22:41:02.629 /testbed/kedro/templates/project/hooks/utils.py:70 kedro.templates.project.hooks.utils._remove_nested_section event=line locals={'parent_section': "{'e0': {'keepE': 12, 'e1': {'e2': {'e3': {'e4': {'e5': {'e6': {'e7': {'e8': {}}}}}}}}}, 'project': {'name': 'hard-demo', 'version': '2.4.1', 'authors': ['alice', 'bob', 'carol']}, 'd0': {'d1': {'d2': {'d3': {'d4': {'d5': {'d6': {'d7': {'keepD': 11}}}}}}}}}"}
2026-08-22 22:41:02.629 /testbed/kedro/templates/project/hooks/utils.py:71 kedro.templates.project.hooks.utils._remove_nested_section event=line locals={'key_part': "'e0'"}
2026-08-22 22:41:02.629 /testbed/kedro/templates/project/hooks/utils.py:70 kedro.templates.project.hooks.utils._remove_nested_section event=line locals={'parent_section': "{'keepE': 12, 'e1': {'e2': {'e3': {'e4': {'e5': {'e6': {'e7': {'e8': {}}}}}}}}}"}
2026-08-22 22:41:02.629 /testbed/kedro/templates/project/hooks/utils.py:71 kedro.templates.project.hooks.utils._remove_nested_section event=line locals={'key_part': "'e1'"}
2026-08-22 22:41:02.629 /testbed/kedro/templates/project/hooks/utils.py:70 kedro.templates.project.hooks.utils._remove_nested_section event=line locals={'parent_section': "{'e2': {'e3': {'e4': {'e5': {'e6': {'e7': {'e8': {}}}}}}}}"}
2026-08-22 22:41:02.629 /testbed/kedro/templates/project/hooks/utils.py:71 kedro.templates.project.hooks.utils._remove_nested_section event=line locals={'key_part': "'e2'"}
2026-08-22 22:41:02.630 /testbed/kedro/templates/project/hooks/utils.py:70 kedro.templates.project.hooks.utils._remove_nested_section event=line locals={'parent_section': "{'e3': {'e4': {'e5': {'e6': {'e7': {'e8': {}}}}}}}"}
2026-08-22 22:41:02.630 /testbed/kedro/templates/project/hooks/utils.py:71 kedro.templates.project.hooks.utils._remove_nested_section event=line locals={'key_part': "'e3'"}
2026-08-22 22:41:02.630 /testbed/kedro/templates/project/hooks/utils.py:70 kedro.templates.project.hooks.utils._remove_nested_section event=line locals={'parent_section': "{'e4': {'e5': {'e6': {'e7': {'e8': {}}}}}}"}
2026-08-22 22:41:02.630 /testbed/kedro/templates/project/hooks/utils.py:71 kedro.templates.project.hooks.utils._remove_nested_section event=line locals={'key_part': "'e4'"}
2026-08-22 22:41:02.630 /testbed/kedro/templates/project/hooks/utils.py:70 kedro.templates.project.hooks.utils._remove_nested_section event=line locals={'parent_section': "{'e5': {'e6': {'e7': {'e8': {}}}}}"}
2026-08-22 22:41:02.630 /testbed/kedro/templates/project/hooks/utils.py:71 kedro.templates.project.hooks.utils._remove_nested_section event=line locals={'key_part': "'e5'"}
2026-08-22 22:41:02.630 /testbed/kedro/templates/project/hooks/utils.py:70 kedro.templates.project.hooks.utils._remove_nested_section event=line locals={'parent_section': "{'e6': {'e7': {'e8': {}}}}"}
2026-08-22 22:41:02.630 /testbed/kedro/templates/project/hooks/utils.py:71 kedro.templates.project.hooks.utils._remove_nested_section event=line locals={'key_part': "'e6'"}
2026-08-22 22:41:02.630 /testbed/kedro/templates/project/hooks/utils.py:70 kedro.templates.project.hooks.utils._remove_nested_section event=line locals={'parent_section': "{'e7': {'e8': {}}}"}
2026-08-22 22:41:02.630 /testbed/kedro/templates/project/hooks/utils.py:71 kedro.templates.project.hooks.utils._remove_nested_section event=line locals={'key_part': "'e7'"}
2026-08-22 22:41:02.630 /testbed/kedro/templates/project/hooks/utils.py:70 kedro.templates.project.hooks.utils._remove_nested_section event=line locals={'parent_section': "{'e8': {}}"}
2026-08-22 22:41:02.630 /testbed/kedro/templates/project/hooks/utils.py:72 kedro.templates.project.hooks.utils._remove_nested_section event=line locals={}
2026-08-22 22:41:02.630 /testbed/kedro/templates/project/hooks/utils.py:73 kedro.templates.project.hooks.utils._remove_nested_section event=line locals={}
2026-08-22 22:41:02.630 /testbed/kedro/templates/project/hooks/utils.py:74 kedro.templates.project.hooks.utils._remove_nested_section event=line locals={'data': "{'e0': {'keepE': 12, 'e1': {'e2': {'e3': {'e4': {'e5': {'e6': {'e7': {}}}}}}}}, 'project': {'name': 'hard-demo', 'version': '2.4.1', 'authors': ['alice', 'bob', 'carol']}, 'd0': {'d1': {'d2': {'d3': {'d4': {'d5': {'d6': {'d7': {'keepD': 11}}}}}}}}}", 'parent_section': '{}'}
2026-08-22 22:41:02.630 /testbed/kedro/templates/project/hooks/utils.py:68 kedro.templates.project.hooks.utils._remove_nested_section event=line locals={}
2026-08-22 22:41:02.630 /testbed/kedro/templates/project/hooks/utils.py:69 kedro.templates.project.hooks.utils._remove_nested_section event=line locals={'key': "'e7'"}
2026-08-22 22:41:02.630 /testbed/kedro/templates/project/hooks/utils.py:70 kedro.templates.project.hooks.utils._remove_nested_section event=line locals={'parent_section': "{'e0': {'keepE': 12, 'e1': {'e2': {'e3': {'e4': {'e5': {'e6': {'e7': {}}}}}}}}, 'project': {'name': 'hard-demo', 'version': '2.4.1', 'authors': ['alice', 'bob', 'carol']}, 'd0': {'d1': {'d2': {'d3': {'d4': {'d5': {'d6': {'d7': {'keepD': 11}}}}}}}}}"}
2026-08-22 22:41:02.630 /testbed/kedro/templates/project/hooks/utils.py:71 kedro.templates.project.hooks.utils._remove_nested_section event=line locals={'key_part': "'e0'"}
2026-08-22 22:41:02.630 /testbed/kedro/templates/project/hooks/utils.py:70 kedro.templates.project.hooks.utils._remove_nested_section event=line locals={'parent_section': "{'keepE': 12, 'e1': {'e2': {'e3': {'e4': {'e5': {'e6': {'e7': {}}}}}}}}"}
2026-08-22 22:41:02.630 /testbed/kedro/templates/project/hooks/utils.py:71 kedro.templates.project.hooks.utils._remove_nested_section event=line locals={'key_part': "'e1'"}
2026-08-22 22:41:02.630 /testbed/kedro/templates/project/hooks/utils.py:70 kedro.templates.project.hooks.utils._remove_nested_section event=line locals={'parent_section': "{'e2': {'e3': {'e4': {'e5': {'e6': {'e7': {}}}}}}}"}
2026-08-22 22:41:02.630 /testbed/kedro/templates/project/hooks/utils.py:71 kedro.templates.project.hooks.utils._remove_nested_section event=line locals={'key_part': "'e2'"}
2026-08-22 22:41:02.630 /testbed/kedro/templates/project/hooks/utils.py:70 kedro.templates.project.hooks.utils._remove_nested_section event=line locals={'parent_section': "{'e3': {'e4': {'e5': {'e6': {'e7': {}}}}}}"}
2026-08-22 22:41:02.630 /testbed/kedro/templates/project/hooks/utils.py:71 kedro.templates.project.hooks.utils._remove_nested_section event=line locals={'key_part': "'e3'"}
2026-08-22 22:41:02.630 /testbed/kedro/templates/project/hooks/utils.py:70 kedro.templates.project.hooks.utils._remove_nested_section event=line locals={'parent_section': "{'e4': {'e5': {'e6': {'e7': {}}}}}"}
2026-08-22 22:41:02.630 /testbed/kedro/templates/project/hooks/utils.py:71 kedro.templates.project.hooks.utils._remove_nested_section event=line locals={'key_part': "'e4'"}
2026-08-22 22:41:02.630 /testbed/kedro/templates/project/hooks/utils.py:70 kedro.templates.project.hooks.utils._remove_nested_section event=line locals={'parent_section': "{'e5': {'e6': {'e7': {}}}}"}
2026-08-22 22:41:02.630 /testbed/kedro/templates/project/hooks/utils.py:71 kedro.templates.project.hooks.utils._remove_nested_section event=line locals={'key_part': "'e5'"}
2026-08-22 22:41:02.630 /testbed/kedro/templates/project/hooks/utils.py:70 kedro.templates.project.hooks.utils._remove_nested_section event=line locals={'parent_section': "{'e6': {'e7': {}}}"}
2026-08-22 22:41:02.630 /testbed/kedro/templates/project/hooks/utils.py:71 kedro.templates.project.hooks.utils._remove_nested_section event=line locals={'key_part': "'e6'"}
2026-08-22 22:41:02.630 /testbed/kedro/templates/project/hooks/utils.py:70 kedro.templates.project.hooks.utils._remove_nested_section event=line locals={'parent_section': "{'e7': {}}"}
2026-08-22 22:41:02.630 /testbed/kedro/templates/project/hooks/utils.py:72 kedro.templates.project.hooks.utils._remove_nested_section event=line locals={}
2026-08-22 22:41:02.630 /testbed/kedro/templates/project/hooks/utils.py:73 kedro.templates.project.hooks.utils._remove_nested_section event=line locals={}
2026-08-22 22:41:02.630 /testbed/kedro/templates/project/hooks/utils.py:74 kedro.templates.project.hooks.utils._remove_nested_section event=line locals={'data': "{'e0': {'keepE': 12, 'e1': {'e2': {'e3': {'e4': {'e5': {'e6': {}}}}}}}, 'project': {'name': 'hard-demo', 'version': '2.4.1', 'authors': ['alice', 'bob', 'carol']}, 'd0': {'d1': {'d2': {'d3': {'d4': {'d5': {'d6': {'d7': {'keepD': 11}}}}}}}}}", 'parent_section': '{}'}
2026-08-22 22:41:02.630 /testbed/kedro/templates/project/hooks/utils.py:68 kedro.templates.project.hooks.utils._remove_nested_section event=line locals={}
2026-08-22 22:41:02.630 /testbed/kedro/templates/project/hooks/utils.py:69 kedro.templates.project.hooks.utils._remove_nested_section event=line locals={'key': "'e6'"}
2026-08-22 22:41:02.630 /testbed/kedro/templates/project/hooks/utils.py:70 kedro.templates.project.hooks.utils._remove_nested_section event=line locals={'parent_section': "{'e0': {'keepE': 12, 'e1': {'e2': {'e3': {'e4': {'e5': {'e6': {}}}}}}}, 'project': {'name': 'hard-demo', 'version': '2.4.1', 'authors': ['alice', 'bob', 'carol']}, 'd0': {'d1': {'d2': {'d3': {'d4': {'d5': {'d6': {'d7': {'keepD': 11}}}}}}}}}"}
2026-08-22 22:41:02.630 /testbed/kedro/templates/project/hooks/utils.py:71 kedro.templates.project.hooks.utils._remove_nested_section event=line locals={'key_part': "'e0'"}
2026-08-22 22:41:02.630 /testbed/kedro/templates/project/hooks/utils.py:70 kedro.templates.project.hooks.utils._remove_nested_section event=line locals={'parent_section': "{'keepE': 12, 'e1': {'e2': {'e3': {'e4': {'e5': {'e6': {}}}}}}}"}
2026-08-22 22:41:02.630 /testbed/kedro/templates/project/hooks/utils.py:71 kedro.templates.project.hooks.utils._remove_nested_section event=line locals={'key_part': "'e1'"}
2026-08-22 22:41:02.630 /testbed/kedro/templates/project/hooks/utils.py:70 kedro.templates.project.hooks.utils._remove_nested_section event=line locals={'parent_section': "{'e2': {'e3': {'e4': {'e5': {'e6': {}}}}}}"}
2026-08-22 22:41:02.630 /testbed/kedro/templates/project/hooks/utils.py:71 kedro.templates.project.hooks.utils._remove_nested_section event=line locals={'key_part': "'e2'"}
2026-08-22 22:41:02.630 /testbed/kedro/templates/project/hooks/utils.py:70 kedro.templates.project.hooks.utils._remove_nested_section event=line locals={'parent_section': "{'e3': {'e4': {'e5': {'e6': {}}}}}"}
2026-08-22 22:41:02.630 /testbed/kedro/templates/project/hooks/utils.py:71 kedro.templates.project.hooks.utils._remove_nested_section event=line locals={'key_part': "'e3'"}
2026-08-22 22:41:02.630 /testbed/kedro/templates/project/hooks/utils.py:70 kedro.templates.project.hooks.utils._remove_nested_section event=line locals={'parent_section': "{'e4': {'e5': {'e6': {}}}}"}
2026-08-22 22:41:02.630 /testbed/kedro/templates/project/hooks/utils.py:71 kedro.templates.project.hooks.utils._remove_nested_section event=line locals={'key_part': "'e4'"}
2026-08-22 22:41:02.630 /testbed/kedro/templates/project/hooks/utils.py:70 kedro.templates.project.hooks.utils._remove_nested_section event=line locals={'parent_section': "{'e5': {'e6': {}}}"}
2026-08-22 22:41:02.630 /testbed/kedro/templates/project/hooks/utils.py:71 kedro.templates.project.hooks.utils._remove_nested_section event=line locals={'key_part': "'e5'"}
2026-08-22 22:41:02.630 /testbed/kedro/templates/project/hooks/utils.py:70 kedro.templates.project.hooks.utils._remove_nested_section event=line locals={'parent_section': "{'e6': {}}"}
2026-08-22 22:41:02.630 /testbed/kedro/templates/project/hooks/utils.py:72 kedro.templates.project.hooks.utils._remove_nested_section event=line locals={}
2026-08-22 22:41:02.630 /testbed/kedro/templates/project/hooks/utils.py:73 kedro.templates.project.hooks.utils._remove_nested_section event=line locals={}
2026-08-22 22:41:02.630 /testbed/kedro/templates/project/hooks/utils.py:74 kedro.templates.project.hooks.utils._remove_nested_section event=line locals={'data': "{'e0': {'keepE': 12, 'e1': {'e2': {'e3': {'e4': {'e5': {}}}}}}, 'project': {'name': 'hard-demo', 'version': '2.4.1', 'authors': ['alice', 'bob', 'carol']}, 'd0': {'d1': {'d2': {'d3': {'d4': {'d5': {'d6': {'d7': {'keepD': 11}}}}}}}}}", 'parent_section': '{}'}
2026-08-22 22:41:02.630 /testbed/kedro/templates/project/hooks/utils.py:68 kedro.templates.project.hooks.utils._remove_nested_section event=line locals={}
2026-08-22 22:41:02.630 /testbed/kedro/templates/project/hooks/utils.py:69 kedro.templates.project.hooks.utils._remove_nested_section event=line locals={'key': "'e5'"}
2026-08-22 22:41:02.630 /testbed/kedro/templates/project/hooks/utils.py:70 kedro.templates.project.hooks.utils._remove_nested_section event=line locals={'parent_section': "{'e0': {'keepE': 12, 'e1': {'e2': {'e3': {'e4': {'e5': {}}}}}}, 'project': {'name': 'hard-demo', 'version': '2.4.1', 'authors': ['alice', 'bob', 'carol']}, 'd0': {'d1': {'d2': {'d3': {'d4': {'d5': {'d6': {'d7': {'keepD': 11}}}}}}}}}"}
2026-08-22 22:41:02.630 /testbed/kedro/templates/project/hooks/utils.py:71 kedro.templates.project.hooks.utils._remove_nested_section event=line locals={'key_part': "'e0'"}
2026-08-22 22:41:02.630 /testbed/kedro/templates/project/hooks/utils.py:70 kedro.templates.project.hooks.utils._remove_nested_section event=line locals={'parent_section': "{'keepE': 12, 'e1': {'e2': {'e3': {'e4': {'e5': {}}}}}}"}
2026-08-22 22:41:02.630 /testbed/kedro/templates/project/hooks/utils.py:71 kedro.templates.project.hooks.utils._remove_nested_section event=line locals={'key_part': "'e1'"}
2026-08-22 22:41:02.630 /testbed/kedro/templates/project/hooks/utils.py:70 kedro.templates.project.hooks.utils._remove_nested_section event=line locals={'parent_section': "{'e2': {'e3': {'e4': {'e5': {}}}}}"}
2026-08-22 22:41:02.630 /testbed/kedro/templates/project/hooks/utils.py:71 kedro.templates.project.hooks.utils._remove_nested_section event=line locals={'key_part': "'e2'"}
2026-08-22 22:41:02.630 /testbed/kedro/templates/project/hooks/utils.py:70 kedro.templates.project.hooks.utils._remove_nested_section event=line locals={'parent_section': "{'e3': {'e4': {'e5': {}}}}"}
2026-08-22 22:41:02.630 /testbed/kedro/templates/project/hooks/utils.py:71 kedro.templates.project.hooks.utils._remove_nested_section event=line locals={'key_part': "'e3'"}
2026-08-22 22:41:02.630 /testbed/kedro/templates/project/hooks/utils.py:70 kedro.templates.project.hooks.utils._remove_nested_section event=line locals={'parent_section': "{'e4': {'e5': {}}}"}
2026-08-22 22:41:02.630 /testbed/kedro/templates/project/hooks/utils.py:71 kedro.templates.project.hooks.utils._remove_nested_section event=line locals={'key_part': "'e4'"}
2026-08-22 22:41:02.630 /testbed/kedro/templates/project/hooks/utils.py:70 kedro.templates.project.hooks.utils._remove_nested_section event=line locals={'parent_section': "{'e5': {}}"}
2026-08-22 22:41:02.630 /testbed/kedro/templates/project/hooks/utils.py:72 kedro.templates.project.hooks.utils._remove_nested_section event=line locals={}
2026-08-22 22:41:02.631 /testbed/kedro/templates/project/hooks/utils.py:73 kedro.templates.project.hooks.utils._remove_nested_section event=line locals={}
2026-08-22 22:41:02.631 /testbed/kedro/templates/project/hooks/utils.py:74 kedro.templates.project.hooks.utils._remove_nested_section event=line locals={'data': "{'e0': {'keepE': 12, 'e1': {'e2': {'e3': {'e4': {}}}}}, 'project': {'name': 'hard-demo', 'version': '2.4.1', 'authors': ['alice', 'bob', 'carol']}, 'd0': {'d1': {'d2': {'d3': {'d4': {'d5': {'d6': {'d7': {'keepD': 11}}}}}}}}}", 'parent_section': '{}'}
2026-08-22 22:41:02.631 /testbed/kedro/templates/project/hooks/utils.py:68 kedro.templates.project.hooks.utils._remove_nested_section event=line locals={}
2026-08-22 22:41:02.631 /testbed/kedro/templates/project/hooks/utils.py:69 kedro.templates.project.hooks.utils._remove_nested_section event=line locals={'key': "'e4'"}
2026-08-22 22:41:02.631 /testbed/kedro/templates/project/hooks/utils.py:70 kedro.templates.project.hooks.utils._remove_nested_section event=line locals={'parent_section': "{'e0': {'keepE': 12, 'e1': {'e2': {'e3': {'e4': {}}}}}, 'project': {'name': 'hard-demo', 'version': '2.4.1', 'authors': ['alice', 'bob', 'carol']}, 'd0': {'d1': {'d2': {'d3': {'d4': {'d5': {'d6': {'d7': {'keepD': 11}}}}}}}}}"}
2026-08-22 22:41:02.631 /testbed/kedro/templates/project/hooks/utils.py:71 kedro.templates.project.hooks.utils._remove_nested_section event=line locals={'key_part': "'e0'"}
2026-08-22 22:41:02.631 /testbed/kedro/templates/project/hooks/utils.py:70 kedro.templates.project.hooks.utils._remove_nested_section event=line locals={'parent_section': "{'keepE': 12, 'e1': {'e2': {'e3': {'e4': {}}}}}"}
2026-08-22 22:41:02.631 /testbed/kedro/templates/project/hooks/utils.py:71 kedro.templates.project.hooks.utils._remove_nested_section event=line locals={'key_part': "'e1'"}
2026-08-22 22:41:02.631 /testbed/kedro/templates/project/hooks/utils.py:70 kedro.templates.project.hooks.utils._remove_nested_section event=line locals={'parent_section': "{'e2': {'e3': {'e4': {}}}}"}
2026-08-22 22:41:02.631 /testbed/kedro/templates/project/hooks/utils.py:71 kedro.templates.project.hooks.utils._remove_nested_section event=line locals={'key_part': "'e2'"}
2026-08-22 22:41:02.631 /testbed/kedro/templates/project/hooks/utils.py:70 kedro.templates.project.hooks.utils._remove_nested_section event=line locals={'parent_section': "{'e3': {'e4': {}}}"}
2026-08-22 22:41:02.631 /testbed/kedro/templates/project/hooks/utils.py:71 kedro.templates.project.hooks.utils._remove_nested_section event=line locals={'key_part': "'e3'"}
2026-08-22 22:41:02.631 /testbed/kedro/templates/project/hooks/utils.py:70 kedro.templates.project.hooks.utils._remove_nested_section event=line locals={'parent_section': "{'e4': {}}"}
2026-08-22 22:41:02.631 /testbed/kedro/templates/project/hooks/utils.py:72 kedro.templates.project.hooks.utils._remove_nested_section event=line locals={}
2026-08-22 22:41:02.631 /testbed/kedro/templates/project/hooks/utils.py:73 kedro.templates.project.hooks.utils._remove_nested_section event=line locals={}
2026-08-22 22:41:02.631 /testbed/kedro/templates/project/hooks/utils.py:74 kedro.templates.project.hooks.utils._remove_nested_section event=line locals={'data': "{'e0': {'keepE': 12, 'e1': {'e2': {'e3': {}}}}, 'project': {'name': 'hard-demo', 'version': '2.4.1', 'authors': ['alice', 'bob', 'carol']}, 'd0': {'d1': {'d2': {'d3': {'d4': {'d5': {'d6': {'d7': {'keepD': 11}}}}}}}}}", 'parent_section': '{}'}
2026-08-22 22:41:02.631 /testbed/kedro/templates/project/hooks/utils.py:68 kedro.templates.project.hooks.utils._remove_nested_section event=line locals={}
2026-08-22 22:41:02.631 /testbed/kedro/templates/project/hooks/utils.py:69 kedro.templates.project.hooks.utils._remove_nested_section event=line locals={'key': "'e3'"}
2026-08-22 22:41:02.631 /testbed/kedro/templates/project/hooks/utils.py:70 kedro.templates.project.hooks.utils._remove_nested_section event=line locals={'parent_section': "{'e0': {'keepE': 12, 'e1': {'e2': {'e3': {}}}}, 'project': {'name': 'hard-demo', 'version': '2.4.1', 'authors': ['alice', 'bob', 'carol']}, 'd0': {'d1': {'d2': {'d3': {'d4': {'d5': {'d6': {'d7': {'keepD': 11}}}}}}}}}"}
2026-08-22 22:41:02.631 /testbed/kedro/templates/project/hooks/utils.py:71 kedro.templates.project.hooks.utils._remove_nested_section event=line locals={'key_part': "'e0'"}
2026-08-22 22:41:02.631 /testbed/kedro/templates/project/hooks/utils.py:70 kedro.templates.project.hooks.utils._remove_nested_section event=line locals={'parent_section': "{'keepE': 12, 'e1': {'e2': {'e3': {}}}}"}
2026-08-22 22:41:02.631 /testbed/kedro/templates/project/hooks/utils.py:71 kedro.templates.project.hooks.utils._remove_nested_section event=line locals={'key_part': "'e1'"}
2026-08-22 22:41:02.631 /testbed/kedro/templates/project/hooks/utils.py:70 kedro.templates.project.hooks.utils._remove_nested_section event=line locals={'parent_section': "{'e2': {'e3': {}}}"}
2026-08-22 22:41:02.631 /testbed/kedro/templates/project/hooks/utils.py:71 kedro.templates.project.hooks.utils._remove_nested_section event=line locals={'key_part': "'e2'"}
2026-08-22 22:41:02.631 /testbed/kedro/templates/project/hooks/utils.py:70 kedro.templates.project.hooks.utils._remove_nested_section event=line locals={'parent_section': "{'e3': {}}"}
2026-08-22 22:41:02.631 /testbed/kedro/templates/project/hooks/utils.py:72 kedro.templates.project.hooks.utils._remove_nested_section event=line locals={}
2026-08-22 22:41:02.631 /testbed/kedro/templates/project/hooks/utils.py:73 kedro.templates.project.hooks.utils._remove_nested_section event=line locals={}
2026-08-22 22:41:02.631 /testbed/kedro/templates/project/hooks/utils.py:74 kedro.templates.project.hooks.utils._remove_nested_section event=line locals={'data': "{'e0': {'keepE': 12, 'e1': {'e2': {}}}, 'project': {'name': 'hard-demo', 'version': '2.4.1', 'authors': ['alice', 'bob', 'carol']}, 'd0': {'d1': {'d2': {'d3': {'d4': {'d5': {'d6': {'d7': {'keepD': 11}}}}}}}}}", 'parent_section': '{}'}
2026-08-22 22:41:02.631 /testbed/kedro/templates/project/hooks/utils.py:68 kedro.templates.project.hooks.utils._remove_nested_section event=line locals={}
2026-08-22 22:41:02.631 /testbed/kedro/templates/project/hooks/utils.py:69 kedro.templates.project.hooks.utils._remove_nested_section event=line locals={'key': "'e2'"}
2026-08-22 22:41:02.631 /testbed/kedro/templates/project/hooks/utils.py:70 kedro.templates.project.hooks.utils._remove_nested_section event=line locals={'parent_section': "{'e0': {'keepE': 12, 'e1': {'e2': {}}}, 'project': {'name': 'hard-demo', 'version': '2.4.1', 'authors': ['alice', 'bob', 'carol']}, 'd0': {'d1': {'d2': {'d3': {'d4': {'d5': {'d6': {'d7': {'keepD': 11}}}}}}}}}"}
2026-08-22 22:41:02.631 /testbed/kedro/templates/project/hooks/utils.py:71 kedro.templates.project.hooks.utils._remove_nested_section event=line locals={'key_part': "'e0'"}
2026-08-22 22:41:02.631 /testbed/kedro/templates/project/hooks/utils.py:70 kedro.templates.project.hooks.utils._remove_nested_section event=line locals={'parent_section': "{'keepE': 12, 'e1': {'e2': {}}}"}
2026-08-22 22:41:02.631 /testbed/kedro/templates/project/hooks/utils.py:71 kedro.templates.project.hooks.utils._remove_nested_section event=line locals={'key_part': "'e1'"}
2026-08-22 22:41:02.631 /testbed/kedro/templates/project/hooks/utils.py:70 kedro.templates.project.hooks.utils._remove_nested_section event=line locals={'parent_section': "{'e2': {}}"}
2026-08-22 22:41:02.631 /testbed/kedro/templates/project/hooks/utils.py:72 kedro.templates.project.hooks.utils._remove_nested_section event=line locals={}
2026-08-22 22:41:02.631 /testbed/kedro/templates/project/hooks/utils.py:73 kedro.templates.project.hooks.utils._remove_nested_section event=line locals={}
2026-08-22 22:41:02.631 /testbed/kedro/templates/project/hooks/utils.py:74 kedro.templates.project.hooks.utils._remove_nested_section event=line locals={'data': "{'e0': {'keepE': 12, 'e1': {}}, 'project': {'name': 'hard-demo', 'version': '2.4.1', 'authors': ['alice', 'bob', 'carol']}, 'd0': {'d1': {'d2': {'d3': {'d4': {'d5': {'d6': {'d7': {'keepD': 11}}}}}}}}}", 'parent_section': '{}'}
2026-08-22 22:41:02.631 /testbed/kedro/templates/project/hooks/utils.py:68 kedro.templates.project.hooks.utils._remove_nested_section event=line locals={}
2026-08-22 22:41:02.631 /testbed/kedro/templates/project/hooks/utils.py:69 kedro.templates.project.hooks.utils._remove_nested_section event=line locals={'key': "'e1'"}
2026-08-22 22:41:02.631 /testbed/kedro/templates/project/hooks/utils.py:70 kedro.templates.project.hooks.utils._remove_nested_section event=line locals={'parent_section': "{'e0': {'keepE': 12, 'e1': {}}, 'project': {'name': 'hard-demo', 'version': '2.4.1', 'authors': ['alice', 'bob', 'carol']}, 'd0': {'d1': {'d2': {'d3': {'d4': {'d5': {'d6': {'d7': {'keepD': 11}}}}}}}}}"}
2026-08-22 22:41:02.631 /testbed/kedro/templates/project/hooks/utils.py:71 kedro.templates.project.hooks.utils._remove_nested_section event=line locals={'key_part': "'e0'"}
2026-08-22 22:41:02.631 /testbed/kedro/templates/project/hooks/utils.py:70 kedro.templates.project.hooks.utils._remove_nested_section event=line locals={'parent_section': "{'keepE': 12, 'e1': {}}"}
2026-08-22 22:41:02.631 /testbed/kedro/templates/project/hooks/utils.py:72 kedro.templates.project.hooks.utils._remove_nested_section event=line locals={}
2026-08-22 22:41:02.631 /testbed/kedro/templates/project/hooks/utils.py:73 kedro.templates.project.hooks.utils._remove_nested_section event=line locals={}
2026-08-22 22:41:02.631 /testbed/kedro/templates/project/hooks/utils.py:74 kedro.templates.project.hooks.utils._remove_nested_section event=line locals={'data': "{'e0': {'keepE': 12}, 'project': {'name': 'hard-demo', 'version': '2.4.1', 'authors': ['alice', 'bob', 'carol']}, 'd0': {'d1': {'d2': {'d3': {'d4': {'d5': {'d6': {'d7': {'keepD': 11}}}}}}}}}", 'parent_section': "{'keepE': 12}"}
2026-08-22 22:41:02.631 /testbed/kedro/templates/project/hooks/utils.py:68 kedro.templates.project.hooks.utils._remove_nested_section event=line locals={'current_data': "{'keepE': 12}"}
2026-08-22 22:41:02.631 /testbed/kedro/templates/project/hooks/utils.py:69 kedro.templates.project.hooks.utils._remove_nested_section event=line locals={'key': "'e0'"}
2026-08-22 22:41:02.631 /testbed/kedro/templates/project/hooks/utils.py:70 kedro.templates.project.hooks.utils._remove_nested_section event=line locals={'parent_section': "{'e0': {'keepE': 12}, 'project': {'name': 'hard-demo', 'version': '2.4.1', 'authors': ['alice', 'bob', 'carol']}, 'd0': {'d1': {'d2': {'d3': {'d4': {'d5': {'d6': {'d7': {'keepD': 11}}}}}}}}}"}
2026-08-22 22:41:02.631 /testbed/kedro/templates/project/hooks/utils.py:72 kedro.templates.project.hooks.utils._remove_nested_section event=line locals={}
2026-08-22 22:41:02.631 /testbed/kedro/templates/project/hooks/utils.py:76 kedro.templates.project.hooks.utils._remove_nested_section event=line locals={}
2026-08-22 22:41:02.631 /testbed/kedro/templates/project/hooks/utils.py:76 kedro.templates.project.hooks.utils._remove_nested_section event=return retval=None locals={'current_data': "{'keepE': 12}", 'data': "{'e0': {'keepE': 12}, 'project': {'name': 'hard-demo', 'version': '2.4.1', 'authors': ['alice', 'bob', 'carol']}, 'd0': {'d1': {'d2': {'d3': {'d4': {'d5': {'d6': {'d7': {'keepD': 11}}}}}}}}}", 'key': "'e0'", 'key_part': "'e0'", 'keys': "['e0', 'e1', 'e2', 'e3', 'e4', 'e5', 'e6', 'e7', 'e8', 'e9', 'e10', 'e11', 'e12', 'leafE1']", 'nested_key': "'e0.e1.e2.e3.e4.e5.e6.e7.e8.e9.e10.e11.e12.leafE1'", 'parent_section': "{'e0': {'keepE': 12}, 'project': {'name': 'hard-demo', 'version': '2.4.1', 'authors': ['alice', 'bob', 'carol']}, 'd0': {'d1': {'d2': {'d3': {'d4': {'d5': {'d6': {'d7': {'keepD': 11}}}}}}}}}"}
2026-08-22 22:41:02.631 /testbed/kedro/templates/project/hooks/utils.py:50 kedro.templates.project.hooks.utils._remove_nested_section event=call locals={'data': "{'e0': {'keepE': 12}, 'project': {'name': 'hard-demo', 'version': '2.4.1', 'authors': ['alice', 'bob', 'carol']}, 'd0': {'d1': {'d2': {'d3': {'d4': {'d5': {'d6': {'d7': {'keepD': 11}}}}}}}}}", 'nested_key': "'d0.d1.d2.d3.d4.d5.d6.d7.keepD'"}
2026-08-22 22:41:02.631 /testbed/kedro/templates/project/hooks/utils.py:57 kedro.templates.project.hooks.utils._remove_nested_section event=line locals={}
2026-08-22 22:41:02.631 /testbed/kedro/templates/project/hooks/utils.py:58 kedro.templates.project.hooks.utils._remove_nested_section event=line locals={'keys': "['d0', 'd1', 'd2', 'd3', 'd4', 'd5', 'd6', 'd7', 'keepD']"}
2026-08-22 22:41:02.631 /testbed/kedro/templates/project/hooks/utils.py:60 kedro.templates.project.hooks.utils._remove_nested_section event=line locals={'current_data': "{'e0': {'keepE': 12}, 'project': {'name': 'hard-demo', 'version': '2.4.1', 'authors': ['alice', 'bob', 'carol']}, 'd0': {'d1': {'d2': {'d3': {'d4': {'d5': {'d6': {'d7': {'keepD': 11}}}}}}}}}"}
2026-08-22 22:41:02.631 /testbed/kedro/templates/project/hooks/utils.py:61 kedro.templates.project.hooks.utils._remove_nested_section event=line locals={'key': "'d0'"}
2026-08-22 22:41:02.631 /testbed/kedro/templates/project/hooks/utils.py:62 kedro.templates.project.hooks.utils._remove_nested_section event=line locals={}
2026-08-22 22:41:02.631 /testbed/kedro/templates/project/hooks/utils.py:60 kedro.templates.project.hooks.utils._remove_nested_section event=line locals={'current_data': "{'d1': {'d2': {'d3': {'d4': {'d5': {'d6': {'d7': {'keepD': 11}}}}}}}}"}
2026-08-22 22:41:02.631 /testbed/kedro/templates/project/hooks/utils.py:61 kedro.templates.project.hooks.utils._remove_nested_section event=line locals={'key': "'d1'"}
2026-08-22 22:41:02.631 /testbed/kedro/templates/project/hooks/utils.py:62 kedro.templates.project.hooks.utils._remove_nested_section event=line locals={}
2026-08-22 22:41:02.631 /testbed/kedro/templates/project/hooks/utils.py:60 kedro.templates.project.hooks.utils._remove_nested_section event=line locals={'current_data': "{'d2': {'d3': {'d4': {'d5': {'d6': {'d7': {'keepD': 11}}}}}}}"}
2026-08-22 22:41:02.631 /testbed/kedro/templates/project/hooks/utils.py:61 kedro.templates.project.hooks.utils._remove_nested_section event=line locals={'key': "'d2'"}
2026-08-22 22:41:02.631 /testbed/kedro/templates/project/hooks/utils.py:62 kedro.templates.project.hooks.utils._remove_nested_section event=line locals={}
2026-08-22 22:41:02.631 /testbed/kedro/templates/project/hooks/utils.py:60 kedro.templates.project.hooks.utils._remove_nested_section event=line locals={'current_data': "{'d3': {'d4': {'d5': {'d6': {'d7': {'keepD': 11}}}}}}"}
2026-08-22 22:41:02.631 /testbed/kedro/templates/project/hooks/utils.py:61 kedro.templates.project.hooks.utils._remove_nested_section event=line locals={'key': "'d3'"}
2026-08-22 22:41:02.631 /testbed/kedro/templates/project/hooks/utils.py:62 kedro.templates.project.hooks.utils._remove_nested_section event=line locals={}
2026-08-22 22:41:02.631 /testbed/kedro/templates/project/hooks/utils.py:60 kedro.templates.project.hooks.utils._remove_nested_section event=line locals={'current_data': "{'d4': {'d5': {'d6': {'d7': {'keepD': 11}}}}}"}
2026-08-22 22:41:02.631 /testbed/kedro/templates/project/hooks/utils.py:61 kedro.templates.project.hooks.utils._remove_nested_section event=line locals={'key': "'d4'"}
2026-08-22 22:41:02.632 /testbed/kedro/templates/project/hooks/utils.py:62 kedro.templates.project.hooks.utils._remove_nested_section event=line locals={}
2026-08-22 22:41:02.632 /testbed/kedro/templates/project/hooks/utils.py:60 kedro.templates.project.hooks.utils._remove_nested_section event=line locals={'current_data': "{'d5': {'d6': {'d7': {'keepD': 11}}}}"}
2026-08-22 22:41:02.632 /testbed/kedro/templates/project/hooks/utils.py:61 kedro.templates.project.hooks.utils._remove_nested_section event=line locals={'key': "'d5'"}
2026-08-22 22:41:02.632 /testbed/kedro/templates/project/hooks/utils.py:62 kedro.templates.project.hooks.utils._remove_nested_section event=line locals={}
2026-08-22 22:41:02.632 /testbed/kedro/templates/project/hooks/utils.py:60 kedro.templates.project.hooks.utils._remove_nested_section event=line locals={'current_data': "{'d6': {'d7': {'keepD': 11}}}"}
2026-08-22 22:41:02.632 /testbed/kedro/templates/project/hooks/utils.py:61 kedro.templates.project.hooks.utils._remove_nested_section event=line locals={'key': "'d6'"}
2026-08-22 22:41:02.632 /testbed/kedro/templates/project/hooks/utils.py:62 kedro.templates.project.hooks.utils._remove_nested_section event=line locals={}
2026-08-22 22:41:02.632 /testbed/kedro/templates/project/hooks/utils.py:60 kedro.templates.project.hooks.utils._remove_nested_section event=line locals={'current_data': "{'d7': {'keepD': 11}}"}
2026-08-22 22:41:02.632 /testbed/kedro/templates/project/hooks/utils.py:61 kedro.templates.project.hooks.utils._remove_nested_section event=line locals={'key': "'d7'"}
2026-08-22 22:41:02.632 /testbed/kedro/templates/project/hooks/utils.py:62 kedro.templates.project.hooks.utils._remove_nested_section event=line locals={}
2026-08-22 22:41:02.632 /testbed/kedro/templates/project/hooks/utils.py:60 kedro.templates.project.hooks.utils._remove_nested_section event=line locals={'current_data': "{'keepD': 11}"}
2026-08-22 22:41:02.632 /testbed/kedro/templates/project/hooks/utils.py:67 kedro.templates.project.hooks.utils._remove_nested_section event=line locals={}
2026-08-22 22:41:02.632 /testbed/kedro/templates/project/hooks/utils.py:68 kedro.templates.project.hooks.utils._remove_nested_section event=line locals={'current_data': '{}', 'data': "{'e0': {'keepE': 12}, 'project': {'name': 'hard-demo', 'version': '2.4.1', 'authors': ['alice', 'bob', 'carol']}, 'd0': {'d1': {'d2': {'d3': {'d4': {'d5': {'d6': {'d7': {}}}}}}}}}"}
2026-08-22 22:41:02.632 /testbed/kedro/templates/project/hooks/utils.py:69 kedro.templates.project.hooks.utils._remove_nested_section event=line locals={}
2026-08-22 22:41:02.632 /testbed/kedro/templates/project/hooks/utils.py:70 kedro.templates.project.hooks.utils._remove_nested_section event=line locals={'parent_section': "{'e0': {'keepE': 12}, 'project': {'name': 'hard-demo', 'version': '2.4.1', 'authors': ['alice', 'bob', 'carol']}, 'd0': {'d1': {'d2': {'d3': {'d4': {'d5': {'d6': {'d7': {}}}}}}}}}"}
2026-08-22 22:41:02.632 /testbed/kedro/templates/project/hooks/utils.py:71 kedro.templates.project.hooks.utils._remove_nested_section event=line locals={'key_part': "'d0'"}
2026-08-22 22:41:02.632 /testbed/kedro/templates/project/hooks/utils.py:70 kedro.templates.project.hooks.utils._remove_nested_section event=line locals={'parent_section': "{'d1': {'d2': {'d3': {'d4': {'d5': {'d6': {'d7': {}}}}}}}}"}
2026-08-22 22:41:02.632 /testbed/kedro/templates/project/hooks/utils.py:71 kedro.templates.project.hooks.utils._remove_nested_section event=line locals={'key_part': "'d1'"}
2026-08-22 22:41:02.632 /testbed/kedro/templates/project/hooks/utils.py:70 kedro.templates.project.hooks.utils._remove_nested_section event=line locals={'parent_section': "{'d2': {'d3': {'d4': {'d5': {'d6': {'d7': {}}}}}}}"}
2026-08-22 22:41:02.632 /testbed/kedro/templates/project/hooks/utils.py:71 kedro.templates.project.hooks.utils._remove_nested_section event=line locals={'key_part': "'d2'"}
2026-08-22 22:41:02.632 /testbed/kedro/templates/project/hooks/utils.py:70 kedro.templates.project.hooks.utils._remove_nested_section event=line locals={'parent_section': "{'d3': {'d4': {'d5': {'d6': {'d7': {}}}}}}"}
2026-08-22 22:41:02.632 /testbed/kedro/templates/project/hooks/utils.py:71 kedro.templates.project.hooks.utils._remove_nested_section event=line locals={'key_part': "'d3'"}
2026-08-22 22:41:02.632 /testbed/kedro/templates/project/hooks/utils.py:70 kedro.templates.project.hooks.utils._remove_nested_section event=line locals={'parent_section': "{'d4': {'d5': {'d6': {'d7': {}}}}}"}
2026-08-22 22:41:02.632 /testbed/kedro/templates/project/hooks/utils.py:71 kedro.templates.project.hooks.utils._remove_nested_section event=line locals={'key_part': "'d4'"}
2026-08-22 22:41:02.632 /testbed/kedro/templates/project/hooks/utils.py:70 kedro.templates.project.hooks.utils._remove_nested_section event=line locals={'parent_section': "{'d5': {'d6': {'d7': {}}}}"}
2026-08-22 22:41:02.632 /testbed/kedro/templates/project/hooks/utils.py:71 kedro.templates.project.hooks.utils._remove_nested_section event=line locals={'key_part': "'d5'"}
2026-08-22 22:41:02.632 /testbed/kedro/templates/project/hooks/utils.py:70 kedro.templates.project.hooks.utils._remove_nested_section event=line locals={'parent_section': "{'d6': {'d7': {}}}"}
2026-08-22 22:41:02.632 /testbed/kedro/templates/project/hooks/utils.py:71 kedro.templates.project.hooks.utils._remove_nested_section event=line locals={'key_part': "'d6'"}
2026-08-22 22:41:02.632 /testbed/kedro/templates/project/hooks/utils.py:70 kedro.templates.project.hooks.utils._remove_nested_section event=line locals={'parent_section': "{'d7': {}}"}
2026-08-22 22:41:02.632 /testbed/kedro/templates/project/hooks/utils.py:72 kedro.templates.project.hooks.utils._remove_nested_section event=line locals={}
2026-08-22 22:41:02.632 /testbed/kedro/templates/project/hooks/utils.py:73 kedro.templates.project.hooks.utils._remove_nested_section event=line locals={}
2026-08-22 22:41:02.632 /testbed/kedro/templates/project/hooks/utils.py:74 kedro.templates.project.hooks.utils._remove_nested_section event=line locals={'data': "{'e0': {'keepE': 12}, 'project': {'name': 'hard-demo', 'version': '2.4.1', 'authors': ['alice', 'bob', 'carol']}, 'd0': {'d1': {'d2': {'d3': {'d4': {'d5': {'d6': {}}}}}}}}", 'parent_section': '{}'}
2026-08-22 22:41:02.632 /testbed/kedro/templates/project/hooks/utils.py:68 kedro.templates.project.hooks.utils._remove_nested_section event=line locals={}
2026-08-22 22:41:02.632 /testbed/kedro/templates/project/hooks/utils.py:69 kedro.templates.project.hooks.utils._remove_nested_section event=line locals={'key': "'d6'"}
2026-08-22 22:41:02.632 /testbed/kedro/templates/project/hooks/utils.py:70 kedro.templates.project.hooks.utils._remove_nested_section event=line locals={'parent_section': "{'e0': {'keepE': 12}, 'project': {'name': 'hard-demo', 'version': '2.4.1', 'authors': ['alice', 'bob', 'carol']}, 'd0': {'d1': {'d2': {'d3': {'d4': {'d5': {'d6': {}}}}}}}}"}
2026-08-22 22:41:02.632 /testbed/kedro/templates/project/hooks/utils.py:71 kedro.templates.project.hooks.utils._remove_nested_section event=line locals={'key_part': "'d0'"}
2026-08-22 22:41:02.632 /testbed/kedro/templates/project/hooks/utils.py:70 kedro.templates.project.hooks.utils._remove_nested_section event=line locals={'parent_section': "{'d1': {'d2': {'d3': {'d4': {'d5': {'d6': {}}}}}}}"}
2026-08-22 22:41:02.632 /testbed/kedro/templates/project/hooks/utils.py:71 kedro.templates.project.hooks.utils._remove_nested_section event=line locals={'key_part': "'d1'"}
2026-08-22 22:41:02.632 /testbed/kedro/templates/project/hooks/utils.py:70 kedro.templates.project.hooks.utils._remove_nested_section event=line locals={'parent_section': "{'d2': {'d3': {'d4': {'d5': {'d6': {}}}}}}"}
2026-08-22 22:41:02.632 /testbed/kedro/templates/project/hooks/utils.py:71 kedro.templates.project.hooks.utils._remove_nested_section event=line locals={'key_part': "'d2'"}
2026-08-22 22:41:02.632 /testbed/kedro/templates/project/hooks/utils.py:70 kedro.templates.project.hooks.utils._remove_nested_section event=line locals={'parent_section': "{'d3': {'d4': {'d5': {'d6': {}}}}}"}
2026-08-22 22:41:02.632 /testbed/kedro/templates/project/hooks/utils.py:71 kedro.templates.project.hooks.utils._remove_nested_section event=line locals={'key_part': "'d3'"}
2026-08-22 22:41:02.632 /testbed/kedro/templates/project/hooks/utils.py:70 kedro.templates.project.hooks.utils._remove_nested_section event=line locals={'parent_section': "{'d4': {'d5': {'d6': {}}}}"}
2026-08-22 22:41:02.632 /testbed/kedro/templates/project/hooks/utils.py:71 kedro.templates.project.hooks.utils._remove_nested_section event=line locals={'key_part': "'d4'"}
2026-08-22 22:41:02.632 /testbed/kedro/templates/project/hooks/utils.py:70 kedro.templates.project.hooks.utils._remove_nested_section event=line locals={'parent_section': "{'d5': {'d6': {}}}"}
2026-08-22 22:41:02.632 /testbed/kedro/templates/project/hooks/utils.py:71 kedro.templates.project.hooks.utils._remove_nested_section event=line locals={'key_part': "'d5'"}
2026-08-22 22:41:02.632 /testbed/kedro/templates/project/hooks/utils.py:70 kedro.templates.project.hooks.utils._remove_nested_section event=line locals={'parent_section': "{'d6': {}}"}
2026-08-22 22:41:02.632 /testbed/kedro/templates/project/hooks/utils.py:72 kedro.templates.project.hooks.utils._remove_nested_section event=line locals={}
2026-08-22 22:41:02.632 /testbed/kedro/templates/project/hooks/utils.py:73 kedro.templates.project.hooks.utils._remove_nested_section event=line locals={}
2026-08-22 22:41:02.632 /testbed/kedro/templates/project/hooks/utils.py:74 kedro.templates.project.hooks.utils._remove_nested_section event=line locals={'data': "{'e0': {'keepE': 12}, 'project': {'name': 'hard-demo', 'version': '2.4.1', 'authors': ['alice', 'bob', 'carol']}, 'd0': {'d1': {'d2': {'d3': {'d4': {'d5': {}}}}}}}", 'parent_section': '{}'}
2026-08-22 22:41:02.632 /testbed/kedro/templates/project/hooks/utils.py:68 kedro.templates.project.hooks.utils._remove_nested_section event=line locals={}
2026-08-22 22:41:02.632 /testbed/kedro/templates/project/hooks/utils.py:69 kedro.templates.project.hooks.utils._remove_nested_section event=line locals={'key': "'d5'"}
2026-08-22 22:41:02.632 /testbed/kedro/templates/project/hooks/utils.py:70 kedro.templates.project.hooks.utils._remove_nested_section event=line locals={'parent_section': "{'e0': {'keepE': 12}, 'project': {'name': 'hard-demo', 'version': '2.4.1', 'authors': ['alice', 'bob', 'carol']}, 'd0': {'d1': {'d2': {'d3': {'d4': {'d5': {}}}}}}}"}
2026-08-22 22:41:02.632 /testbed/kedro/templates/project/hooks/utils.py:71 kedro.templates.project.hooks.utils._remove_nested_section event=line locals={'key_part': "'d0'"}
2026-08-22 22:41:02.632 /testbed/kedro/templates/project/hooks/utils.py:70 kedro.templates.project.hooks.utils._remove_nested_section event=line locals={'parent_section': "{'d1': {'d2': {'d3': {'d4': {'d5': {}}}}}}"}
2026-08-22 22:41:02.632 /testbed/kedro/templates/project/hooks/utils.py:71 kedro.templates.project.hooks.utils._remove_nested_section event=line locals={'key_part': "'d1'"}
2026-08-22 22:41:02.632 /testbed/kedro/templates/project/hooks/utils.py:70 kedro.templates.project.hooks.utils._remove_nested_section event=line locals={'parent_section': "{'d2': {'d3': {'d4': {'d5': {}}}}}"}
2026-08-22 22:41:02.632 /testbed/kedro/templates/project/hooks/utils.py:71 kedro.templates.project.hooks.utils._remove_nested_section event=line locals={'key_part': "'d2'"}
2026-08-22 22:41:02.632 /testbed/kedro/templates/project/hooks/utils.py:70 kedro.templates.project.hooks.utils._remove_nested_section event=line locals={'parent_section': "{'d3': {'d4': {'d5': {}}}}"}
2026-08-22 22:41:02.632 /testbed/kedro/templates/project/hooks/utils.py:71 kedro.templates.project.hooks.utils._remove_nested_section event=line locals={'key_part': "'d3'"}
2026-08-22 22:41:02.632 /testbed/kedro/templates/project/hooks/utils.py:70 kedro.templates.project.hooks.utils._remove_nested_section event=line locals={'parent_section': "{'d4': {'d5': {}}}"}
2026-08-22 22:41:02.632 /testbed/kedro/templates/project/hooks/utils.py:71 kedro.templates.project.hooks.utils._remove_nested_section event=line locals={'key_part': "'d4'"}
2026-08-22 22:41:02.632 /testbed/kedro/templates/project/hooks/utils.py:70 kedro.templates.project.hooks.utils._remove_nested_section event=line locals={'parent_section': "{'d5': {}}"}
2026-08-22 22:41:02.632 /testbed/kedro/templates/project/hooks/utils.py:72 kedro.templates.project.hooks.utils._remove_nested_section event=line locals={}
2026-08-22 22:41:02.632 /testbed/kedro/templates/project/hooks/utils.py:73 kedro.templates.project.hooks.utils._remove_nested_section event=line locals={}
2026-08-22 22:41:02.632 /testbed/kedro/templates/project/hooks/utils.py:74 kedro.templates.project.hooks.utils._remove_nested_section event=line locals={'data': "{'e0': {'keepE': 12}, 'project': {'name': 'hard-demo', 'version': '2.4.1', 'authors': ['alice', 'bob', 'carol']}, 'd0': {'d1': {'d2': {'d3': {'d4': {}}}}}}", 'parent_section': '{}'}
2026-08-22 22:41:02.632 /testbed/kedro/templates/project/hooks/utils.py:68 kedro.templates.project.hooks.utils._remove_nested_section event=line locals={}
2026-08-22 22:41:02.632 /testbed/kedro/templates/project/hooks/utils.py:69 kedro.templates.project.hooks.utils._remove_nested_section event=line locals={'key': "'d4'"}
2026-08-22 22:41:02.632 /testbed/kedro/templates/project/hooks/utils.py:70 kedro.templates.project.hooks.utils._remove_nested_section event=line locals={'parent_section': "{'e0': {'keepE': 12}, 'project': {'name': 'hard-demo', 'version': '2.4.1', 'authors': ['alice', 'bob', 'carol']}, 'd0': {'d1': {'d2': {'d3': {'d4': {}}}}}}"}
2026-08-22 22:41:02.632 /testbed/kedro/templates/project/hooks/utils.py:71 kedro.templates.project.hooks.utils._remove_nested_section event=line locals={'key_part': "'d0'"}
2026-08-22 22:41:02.632 /testbed/kedro/templates/project/hooks/utils.py:70 kedro.templates.project.hooks.utils._remove_nested_section event=line locals={'parent_section': "{'d1': {'d2': {'d3': {'d4': {}}}}}"}
2026-08-22 22:41:02.632 /testbed/kedro/templates/project/hooks/utils.py:71 kedro.templates.project.hooks.utils._remove_nested_section event=line locals={'key_part': "'d1'"}
2026-08-22 22:41:02.632 /testbed/kedro/templates/project/hooks/utils.py:70 kedro.templates.project.hooks.utils._remove_nested_section event=line locals={'parent_section': "{'d2': {'d3': {'d4': {}}}}"}
2026-08-22 22:41:02.632 /testbed/kedro/templates/project/hooks/utils.py:71 kedro.templates.project.hooks.utils._remove_nested_section event=line locals={'key_part': "'d2'"}
2026-08-22 22:41:02.633 /testbed/kedro/templates/project/hooks/utils.py:70 kedro.templates.project.hooks.utils._remove_nested_section event=line locals={'parent_section': "{'d3': {'d4': {}}}"}
2026-08-22 22:41:02.633 /testbed/kedro/templates/project/hooks/utils.py:71 kedro.templates.project.hooks.utils._remove_nested_section event=line locals={'key_part': "'d3'"}
2026-08-22 22:41:02.633 /testbed/kedro/templates/project/hooks/utils.py:70 kedro.templates.project.hooks.utils._remove_nested_section event=line locals={'parent_section': "{'d4': {}}"}
2026-08-22 22:41:02.633 /testbed/kedro/templates/project/hooks/utils.py:72 kedro.templates.project.hooks.utils._remove_nested_section event=line locals={}
2026-08-22 22:41:02.633 /testbed/kedro/templates/project/hooks/utils.py:73 kedro.templates.project.hooks.utils._remove_nested_section event=line locals={}
2026-08-22 22:41:02.633 /testbed/kedro/templates/project/hooks/utils.py:74 kedro.templates.project.hooks.utils._remove_nested_section event=line locals={'data': "{'e0': {'keepE': 12}, 'project': {'name': 'hard-demo', 'version': '2.4.1', 'authors': ['alice', 'bob', 'carol']}, 'd0': {'d1': {'d2': {'d3': {}}}}}", 'parent_section': '{}'}
2026-08-22 22:41:02.633 /testbed/kedro/templates/project/hooks/utils.py:68 kedro.templates.project.hooks.utils._remove_nested_section event=line locals={}
2026-08-22 22:41:02.633 /testbed/kedro/templates/project/hooks/utils.py:69 kedro.templates.project.hooks.utils._remove_nested_section event=line locals={'key': "'d3'"}
2026-08-22 22:41:02.633 /testbed/kedro/templates/project/hooks/utils.py:70 kedro.templates.project.hooks.utils._remove_nested_section event=line locals={'parent_section': "{'e0': {'keepE': 12}, 'project': {'name': 'hard-demo', 'version': '2.4.1', 'authors': ['alice', 'bob', 'carol']}, 'd0': {'d1': {'d2': {'d3': {}}}}}"}
2026-08-22 22:41:02.633 /testbed/kedro/templates/project/hooks/utils.py:71 kedro.templates.project.hooks.utils._remove_nested_section event=line locals={'key_part': "'d0'"}
2026-08-22 22:41:02.633 /testbed/kedro/templates/project/hooks/utils.py:70 kedro.templates.project.hooks.utils._remove_nested_section event=line locals={'parent_section': "{'d1': {'d2': {'d3': {}}}}"}
2026-08-22 22:41:02.633 /testbed/kedro/templates/project/hooks/utils.py:71 kedro.templates.project.hooks.utils._remove_nested_section event=line locals={'key_part': "'d1'"}
2026-08-22 22:41:02.633 /testbed/kedro/templates/project/hooks/utils.py:70 kedro.templates.project.hooks.utils._remove_nested_section event=line locals={'parent_section': "{'d2': {'d3': {}}}"}
2026-08-22 22:41:02.633 /testbed/kedro/templates/project/hooks/utils.py:71 kedro.templates.project.hooks.utils._remove_nested_section event=line locals={'key_part': "'d2'"}
2026-08-22 22:41:02.633 /testbed/kedro/templates/project/hooks/utils.py:70 kedro.templates.project.hooks.utils._remove_nested_section event=line locals={'parent_section': "{'d3': {}}"}
2026-08-22 22:41:02.633 /testbed/kedro/templates/project/hooks/utils.py:72 kedro.templates.project.hooks.utils._remove_nested_section event=line locals={}
2026-08-22 22:41:02.633 /testbed/kedro/templates/project/hooks/utils.py:73 kedro.templates.project.hooks.utils._remove_nested_section event=line locals={}
2026-08-22 22:41:02.633 /testbed/kedro/templates/project/hooks/utils.py:74 kedro.templates.project.hooks.utils._remove_nested_section event=line locals={'data': "{'e0': {'keepE': 12}, 'project': {'name': 'hard-demo', 'version': '2.4.1', 'authors': ['alice', 'bob', 'carol']}, 'd0': {'d1': {'d2': {}}}}", 'parent_section': '{}'}
2026-08-22 22:41:02.633 /testbed/kedro/templates/project/hooks/utils.py:68 kedro.templates.project.hooks.utils._remove_nested_section event=line locals={}
2026-08-22 22:41:02.633 /testbed/kedro/templates/project/hooks/utils.py:69 kedro.templates.project.hooks.utils._remove_nested_section event=line locals={'key': "'d2'"}
2026-08-22 22:41:02.633 /testbed/kedro/templates/project/hooks/utils.py:70 kedro.templates.project.hooks.utils._remove_nested_section event=line locals={'parent_section': "{'e0': {'keepE': 12}, 'project': {'name': 'hard-demo', 'version': '2.4.1', 'authors': ['alice', 'bob', 'carol']}, 'd0': {'d1': {'d2': {}}}}"}
2026-08-22 22:41:02.633 /testbed/kedro/templates/project/hooks/utils.py:71 kedro.templates.project.hooks.utils._remove_nested_section event=line locals={'key_part': "'d0'"}
2026-08-22 22:41:02.633 /testbed/kedro/templates/project/hooks/utils.py:70 kedro.templates.project.hooks.utils._remove_nested_section event=line locals={'parent_section': "{'d1': {'d2': {}}}"}
2026-08-22 22:41:02.633 /testbed/kedro/templates/project/hooks/utils.py:71 kedro.templates.project.hooks.utils._remove_nested_section event=line locals={'key_part': "'d1'"}
2026-08-22 22:41:02.633 /testbed/kedro/templates/project/hooks/utils.py:70 kedro.templates.project.hooks.utils._remove_nested_section event=line locals={'parent_section': "{'d2': {}}"}
2026-08-22 22:41:02.633 /testbed/kedro/templates/project/hooks/utils.py:72 kedro.templates.project.hooks.utils._remove_nested_section event=line locals={}
2026-08-22 22:41:02.633 /testbed/kedro/templates/project/hooks/utils.py:73 kedro.templates.project.hooks.utils._remove_nested_section event=line locals={}
2026-08-22 22:41:02.633 /testbed/kedro/templates/project/hooks/utils.py:74 kedro.templates.project.hooks.utils._remove_nested_section event=line locals={'data': "{'e0': {'keepE': 12}, 'project': {'name': 'hard-demo', 'version': '2.4.1', 'authors': ['alice', 'bob', 'carol']}, 'd0': {'d1': {}}}", 'parent_section': '{}'}
2026-08-22 22:41:02.633 /testbed/kedro/templates/project/hooks/utils.py:68 kedro.templates.project.hooks.utils._remove_nested_section event=line locals={}
2026-08-22 22:41:02.633 /testbed/kedro/templates/project/hooks/utils.py:69 kedro.templates.project.hooks.utils._remove_nested_section event=line locals={'key': "'d1'"}
2026-08-22 22:41:02.633 /testbed/kedro/templates/project/hooks/utils.py:70 kedro.templates.project.hooks.utils._remove_nested_section event=line locals={'parent_section': "{'e0': {'keepE': 12}, 'project': {'name': 'hard-demo', 'version': '2.4.1', 'authors': ['alice', 'bob', 'carol']}, 'd0': {'d1': {}}}"}
2026-08-22 22:41:02.633 /testbed/kedro/templates/project/hooks/utils.py:71 kedro.templates.project.hooks.utils._remove_nested_section event=line locals={'key_part': "'d0'"}
2026-08-22 22:41:02.633 /testbed/kedro/templates/project/hooks/utils.py:70 kedro.templates.project.hooks.utils._remove_nested_section event=line locals={'parent_section': "{'d1': {}}"}
2026-08-22 22:41:02.633 /testbed/kedro/templates/project/hooks/utils.py:72 kedro.templates.project.hooks.utils._remove_nested_section event=line locals={}
2026-08-22 22:41:02.633 /testbed/kedro/templates/project/hooks/utils.py:73 kedro.templates.project.hooks.utils._remove_nested_section event=line locals={}
2026-08-22 22:41:02.633 /testbed/kedro/templates/project/hooks/utils.py:74 kedro.templates.project.hooks.utils._remove_nested_section event=line locals={'data': "{'e0': {'keepE': 12}, 'project': {'name': 'hard-demo', 'version': '2.4.1', 'authors': ['alice', 'bob', 'carol']}, 'd0': {}}", 'parent_section': '{}'}
2026-08-22 22:41:02.633 /testbed/kedro/templates/project/hooks/utils.py:68 kedro.templates.project.hooks.utils._remove_nested_section event=line locals={}
2026-08-22 22:41:02.633 /testbed/kedro/templates/project/hooks/utils.py:69 kedro.templates.project.hooks.utils._remove_nested_section event=line locals={'key': "'d0'"}
2026-08-22 22:41:02.633 /testbed/kedro/templates/project/hooks/utils.py:70 kedro.templates.project.hooks.utils._remove_nested_section event=line locals={'parent_section': "{'e0': {'keepE': 12}, 'project': {'name': 'hard-demo', 'version': '2.4.1', 'authors': ['alice', 'bob', 'carol']}, 'd0': {}}"}
2026-08-22 22:41:02.633 /testbed/kedro/templates/project/hooks/utils.py:72 kedro.templates.project.hooks.utils._remove_nested_section event=line locals={}
2026-08-22 22:41:02.633 /testbed/kedro/templates/project/hooks/utils.py:73 kedro.templates.project.hooks.utils._remove_nested_section event=line locals={}
2026-08-22 22:41:02.633 /testbed/kedro/templates/project/hooks/utils.py:74 kedro.templates.project.hooks.utils._remove_nested_section event=line locals={'data': "{'e0': {'keepE': 12}, 'project': {'name': 'hard-demo', 'version': '2.4.1', 'authors': ['alice', 'bob', 'carol']}}", 'parent_section': "{'e0': {'keepE': 12}, 'project': {'name': 'hard-demo', 'version': '2.4.1', 'authors': ['alice', 'bob', 'carol']}}"}
2026-08-22 22:41:02.633 /testbed/kedro/templates/project/hooks/utils.py:68 kedro.templates.project.hooks.utils._remove_nested_section event=line locals={'current_data': "{'e0': {'keepE': 12}, 'project': {'name': 'hard-demo', 'version': '2.4.1', 'authors': ['alice', 'bob', 'carol']}}"}
2026-08-22 22:41:02.633 /testbed/kedro/templates/project/hooks/utils.py:68 kedro.templates.project.hooks.utils._remove_nested_section event=return retval=None locals={'current_data': "{'e0': {'keepE': 12}, 'project': {'name': 'hard-demo', 'version': '2.4.1', 'authors': ['alice', 'bob', 'carol']}}", 'data': "{'e0': {'keepE': 12}, 'project': {'name': 'hard-demo', 'version': '2.4.1', 'authors': ['alice', 'bob', 'carol']}}", 'key': "'d0'", 'key_part': "'d0'", 'keys': "['d0', 'd1', 'd2', 'd3', 'd4', 'd5', 'd6', 'd7', 'keepD']", 'nested_key': "'d0.d1.d2.d3.d4.d5.d6.d7.keepD'", 'parent_section': "{'e0': {'keepE': 12}, 'project': {'name': 'hard-demo', 'version': '2.4.1', 'authors': ['alice', 'bob', 'carol']}}"}
2026-08-22 22:41:02.633 /testbed/kedro/templates/project/hooks/utils.py:50 kedro.templates.project.hooks.utils._remove_nested_section event=call locals={'data': "{'e0': {'keepE': 12}, 'project': {'name': 'hard-demo', 'version': '2.4.1', 'authors': ['alice', 'bob', 'carol']}}", 'nested_key': "'e0.keepE'"}
2026-08-22 22:41:02.633 /testbed/kedro/templates/project/hooks/utils.py:57 kedro.templates.project.hooks.utils._remove_nested_section event=line locals={}
2026-08-22 22:41:02.633 /testbed/kedro/templates/project/hooks/utils.py:58 kedro.templates.project.hooks.utils._remove_nested_section event=line locals={'keys': "['e0', 'keepE']"}
2026-08-22 22:41:02.633 /testbed/kedro/templates/project/hooks/utils.py:60 kedro.templates.project.hooks.utils._remove_nested_section event=line locals={'current_data': "{'e0': {'keepE': 12}, 'project': {'name': 'hard-demo', 'version': '2.4.1', 'authors': ['alice', 'bob', 'carol']}}"}
2026-08-22 22:41:02.633 /testbed/kedro/templates/project/hooks/utils.py:61 kedro.templates.project.hooks.utils._remove_nested_section event=line locals={'key': "'e0'"}
2026-08-22 22:41:02.633 /testbed/kedro/templates/project/hooks/utils.py:62 kedro.templates.project.hooks.utils._remove_nested_section event=line locals={}
2026-08-22 22:41:02.633 /testbed/kedro/templates/project/hooks/utils.py:60 kedro.templates.project.hooks.utils._remove_nested_section event=line locals={'current_data': "{'keepE': 12}"}
2026-08-22 22:41:02.633 /testbed/kedro/templates/project/hooks/utils.py:67 kedro.templates.project.hooks.utils._remove_nested_section event=line locals={}
2026-08-22 22:41:02.633 /testbed/kedro/templates/project/hooks/utils.py:68 kedro.templates.project.hooks.utils._remove_nested_section event=line locals={'current_data': '{}', 'data': "{'e0': {}, 'project': {'name': 'hard-demo', 'version': '2.4.1', 'authors': ['alice', 'bob', 'carol']}}"}
2026-08-22 22:41:02.633 /testbed/kedro/templates/project/hooks/utils.py:69 kedro.templates.project.hooks.utils._remove_nested_section event=line locals={}
2026-08-22 22:41:02.633 /testbed/kedro/templates/project/hooks/utils.py:70 kedro.templates.project.hooks.utils._remove_nested_section event=line locals={'parent_section': "{'e0': {}, 'project': {'name': 'hard-demo', 'version': '2.4.1', 'authors': ['alice', 'bob', 'carol']}}"}
2026-08-22 22:41:02.633 /testbed/kedro/templates/project/hooks/utils.py:72 kedro.templates.project.hooks.utils._remove_nested_section event=line locals={}
2026-08-22 22:41:02.633 /testbed/kedro/templates/project/hooks/utils.py:73 kedro.templates.project.hooks.utils._remove_nested_section event=line locals={}
2026-08-22 22:41:02.633 /testbed/kedro/templates/project/hooks/utils.py:74 kedro.templates.project.hooks.utils._remove_nested_section event=line locals={'data': "{'project': {'name': 'hard-demo', 'version': '2.4.1', 'authors': ['alice', 'bob', 'carol']}}", 'parent_section': "{'project': {'name': 'hard-demo', 'version': '2.4.1', 'authors': ['alice', 'bob', 'carol']}}"}
2026-08-22 22:41:02.633 /testbed/kedro/templates/project/hooks/utils.py:68 kedro.templates.project.hooks.utils._remove_nested_section event=line locals={'current_data': "{'project': {'name': 'hard-demo', 'version': '2.4.1', 'authors': ['alice', 'bob', 'carol']}}"}
2026-08-22 22:41:02.633 /testbed/kedro/templates/project/hooks/utils.py:68 kedro.templates.project.hooks.utils._remove_nested_section event=return retval=None locals={'current_data': "{'project': {'name': 'hard-demo', 'version': '2.4.1', 'authors': ['alice', 'bob', 'carol']}}", 'data': "{'project': {'name': 'hard-demo', 'version': '2.4.1', 'authors': ['alice', 'bob', 'carol']}}", 'key': "'e0'", 'keys': "['e0', 'keepE']", 'nested_key': "'e0.keepE'", 'parent_section': "{'project': {'name': 'hard-demo', 'version': '2.4.1', 'authors': ['alice', 'bob', 'carol']}}"}
2026-08-22 22:41:02.633 /testbed/kedro/templates/project/hooks/utils.py:50 kedro.templates.project.hooks.utils._remove_nested_section event=call locals={'data': "{'project': {'name': 'hard-demo', 'version': '2.4.1', 'authors': ['alice', 'bob', 'carol']}}", 'nested_key': "'b0.ghost3.leafQ'"}
2026-08-22 22:41:02.633 /testbed/kedro/templates/project/hooks/utils.py:57 kedro.templates.project.hooks.utils._remove_nested_section event=line locals={}
2026-08-22 22:41:02.633 /testbed/kedro/templates/project/hooks/utils.py:58 kedro.templates.project.hooks.utils._remove_nested_section event=line locals={'keys': "['b0', 'ghost3', 'leafQ']"}
2026-08-22 22:41:02.633 /testbed/kedro/templates/project/hooks/utils.py:60 kedro.templates.project.hooks.utils._remove_nested_section event=line locals={'current_data': "{'project': {'name': 'hard-demo', 'version': '2.4.1', 'authors': ['alice', 'bob', 'carol']}}"}
2026-08-22 22:41:02.633 /testbed/kedro/templates/project/hooks/utils.py:61 kedro.templates.project.hooks.utils._remove_nested_section event=line locals={'key': "'b0'"}
2026-08-22 22:41:02.633 /testbed/kedro/templates/project/hooks/utils.py:64 kedro.templates.project.hooks.utils._remove_nested_section event=line locals={}
2026-08-22 22:41:02.633 /testbed/kedro/templates/project/hooks/utils.py:64 kedro.templates.project.hooks.utils._remove_nested_section event=return retval=None locals={'current_data': "{'project': {'name': 'hard-demo', 'version': '2.4.1', 'authors': ['alice', 'bob', 'carol']}}", 'data': "{'project': {'name': 'hard-demo', 'version': '2.4.1', 'authors': ['alice', 'bob', 'carol']}}", 'key': "'b0'", 'keys': "['b0', 'ghost3', 'leafQ']", 'nested_key': "'b0.ghost3.leafQ'"}
