2026-08-23 01:28:28.570 [TRACE][START] pid=50 TRACE_OUT='/testbed/logs/click_qa/utils_echo_s1_cfg__pert_llm_s0/trace.log' TRACE_FILE='src/click/utils.py' TRACE_FUNCS=['echo'] TRACE_EVENTS=['call', 'exception', 'line', 'return']
2026-08-23 01:28:28.576 /testbed/src/click/utils.py:252 click.utils.echo event=call locals={'color': 'None', 'err': 'False', 'file': '<testcase.TextCapture object at 0x7b73a1e5d120>', 'message': '<testcase.Renderable object at 0x7b73a1e8b050>', 'nl': 'False'}
2026-08-23 01:28:28.576 /testbed/src/click/utils.py:299 click.utils.echo event=line locals={}
2026-08-23 01:28:28.576 /testbed/src/click/utils.py:310 click.utils.echo event=line locals={}
2026-08-23 01:28:28.576 /testbed/src/click/utils.py:311 click.utils.echo event=line locals={}
2026-08-23 01:28:28.576 /testbed/src/click/utils.py:313 click.utils.echo event=line locals={}
2026-08-23 01:28:28.576 /testbed/src/click/utils.py:315 click.utils.echo event=line locals={}
2026-08-23 01:28:28.576 /testbed/src/click/utils.py:316 click.utils.echo event=line locals={}
2026-08-23 01:28:28.576 /testbed/src/click/utils.py:318 click.utils.echo event=line locals={'out': "'\\x1b[35maaaaaaadmwnbgyt\\x1b[0m'"}
2026-08-23 01:28:28.576 /testbed/src/click/utils.py:324 click.utils.echo event=line locals={}
2026-08-23 01:28:28.576 /testbed/src/click/utils.py:332 click.utils.echo event=line locals={}
2026-08-23 01:28:28.576 /testbed/src/click/utils.py:342 click.utils.echo event=line locals={}
2026-08-23 01:28:28.576 /testbed/src/click/utils.py:343 click.utils.echo event=line locals={}
2026-08-23 01:28:28.576 /testbed/src/click/utils.py:345 click.utils.echo event=line locals={'out': "'aaaaaaadmwnbgyt'"}
2026-08-23 01:28:28.576 /testbed/src/click/utils.py:346 click.utils.echo event=line locals={}
2026-08-23 01:28:28.576 /testbed/src/click/utils.py:346 click.utils.echo event=return retval=None locals={'color': 'None', 'err': 'False', 'file': '<testcase.TextCapture object at 0x7b73a1e5d120>', 'message': '<testcase.Renderable object at 0x7b73a1e8b050>', 'nl': 'False', 'out': "'aaaaaaadmwnbgyt'"}
2026-08-23 01:28:28.576 /testbed/src/click/utils.py:252 click.utils.echo event=call locals={'color': 'None', 'err': 'False', 'file': '<testcase.BinaryCapture object at 0x7b73a1e9cfe0>', 'message': "bytearray(b'\\x08\\x13\\x0f\\x1b\\x08\\x19\\x1d\\x1c\\x1c\\x1c\\x1c\\x1c\\x1c\\x1c\\x1c')", 'nl': 'True'}
2026-08-23 01:28:28.576 /testbed/src/click/utils.py:299 click.utils.echo event=line locals={}
2026-08-23 01:28:28.576 /testbed/src/click/utils.py:310 click.utils.echo event=line locals={}
2026-08-23 01:28:28.576 /testbed/src/click/utils.py:311 click.utils.echo event=line locals={}
2026-08-23 01:28:28.576 /testbed/src/click/utils.py:312 click.utils.echo event=line locals={}
2026-08-23 01:28:28.576 /testbed/src/click/utils.py:318 click.utils.echo event=line locals={'out': "bytearray(b'\\x08\\x13\\x0f\\x1b\\x08\\x19\\x1d\\x1c\\x1c\\x1c\\x1c\\x1c\\x1c\\x1c\\x1c')"}
2026-08-23 01:28:28.576 /testbed/src/click/utils.py:319 click.utils.echo event=line locals={}
2026-08-23 01:28:28.576 /testbed/src/click/utils.py:322 click.utils.echo event=line locals={}
2026-08-23 01:28:28.576 /testbed/src/click/utils.py:324 click.utils.echo event=line locals={'message': "bytearray(b'\\x08\\x13\\x0f\\x1b\\x08\\x19\\x1d\\x1c\\x1c\\x1c\\x1c\\x1c\\x1c\\x1c\\x1c\\n')", 'out': "bytearray(b'\\x08\\x13\\x0f\\x1b\\x08\\x19\\x1d\\x1c\\x1c\\x1c\\x1c\\x1c\\x1c\\x1c\\x1c\\n')"}
2026-08-23 01:28:28.576 /testbed/src/click/utils.py:332 click.utils.echo event=line locals={}
2026-08-23 01:28:28.577 /testbed/src/click/utils.py:333 click.utils.echo event=line locals={}
2026-08-23 01:28:28.577 /testbed/src/click/utils.py:334 click.utils.echo event=line locals={'binary_file': '<testcase.BinaryCapture object at 0x7b73a1e9cfe0>'}
2026-08-23 01:28:28.577 /testbed/src/click/utils.py:335 click.utils.echo event=line locals={}
2026-08-23 01:28:28.577 /testbed/src/click/utils.py:336 click.utils.echo event=line locals={}
2026-08-23 01:28:28.577 /testbed/src/click/utils.py:337 click.utils.echo event=line locals={}
2026-08-23 01:28:28.577 /testbed/src/click/utils.py:338 click.utils.echo event=line locals={}
2026-08-23 01:28:28.577 /testbed/src/click/utils.py:338 click.utils.echo event=return retval=None locals={'binary_file': '<testcase.BinaryCapture object at 0x7b73a1e9cfe0>', 'color': 'None', 'err': 'False', 'file': '<testcase.BinaryCapture object at 0x7b73a1e9cfe0>', 'message': "bytearray(b'\\x08\\x13\\x0f\\x1b\\x08\\x19\\x1d\\x1c\\x1c\\x1c\\x1c\\x1c\\x1c\\x1c\\x1c\\n')", 'nl': 'True', 'out': "bytearray(b'\\x08\\x13\\x0f\\x1b\\x08\\x19\\x1d\\x1c\\x1c\\x1c\\x1c\\x1c\\x1c\\x1c\\x1c\\n')"}
2026-08-23 01:28:28.577 /testbed/src/click/utils.py:252 click.utils.echo event=call locals={'color': 'False', 'err': 'False', 'file': '<testcase.TextCapture object at 0x7b73a1e5d240>', 'message': '<testcase.Renderable object at 0x7b73a1e8b1d0>', 'nl': 'False'}
2026-08-23 01:28:28.577 /testbed/src/click/utils.py:299 click.utils.echo event=line locals={}
2026-08-23 01:28:28.577 /testbed/src/click/utils.py:310 click.utils.echo event=line locals={}
2026-08-23 01:28:28.577 /testbed/src/click/utils.py:311 click.utils.echo event=line locals={}
2026-08-23 01:28:28.577 /testbed/src/click/utils.py:313 click.utils.echo event=line locals={}
2026-08-23 01:28:28.577 /testbed/src/click/utils.py:315 click.utils.echo event=line locals={}
2026-08-23 01:28:28.577 /testbed/src/click/utils.py:316 click.utils.echo event=line locals={}
2026-08-23 01:28:28.577 /testbed/src/click/utils.py:318 click.utils.echo event=line locals={'out': "'\\x1b[35mccccccccfpfqicd\\x1b[0m'"}
2026-08-23 01:28:28.577 /testbed/src/click/utils.py:324 click.utils.echo event=line locals={}
2026-08-23 01:28:28.577 /testbed/src/click/utils.py:332 click.utils.echo event=line locals={}
2026-08-23 01:28:28.577 /testbed/src/click/utils.py:342 click.utils.echo event=line locals={}
2026-08-23 01:28:28.577 /testbed/src/click/utils.py:343 click.utils.echo event=line locals={}
2026-08-23 01:28:28.577 /testbed/src/click/utils.py:345 click.utils.echo event=line locals={'out': "'ccccccccfpfqicd'"}
2026-08-23 01:28:28.577 /testbed/src/click/utils.py:346 click.utils.echo event=line locals={}
2026-08-23 01:28:28.577 /testbed/src/click/utils.py:346 click.utils.echo event=return retval=None locals={'color': 'False', 'err': 'False', 'file': '<testcase.TextCapture object at 0x7b73a1e5d240>', 'message': '<testcase.Renderable object at 0x7b73a1e8b1d0>', 'nl': 'False', 'out': "'ccccccccfpfqicd'"}
2026-08-23 01:28:28.577 /testbed/src/click/utils.py:252 click.utils.echo event=call locals={'color': 'None', 'err': 'False', 'file': '<testcase.BinaryCapture object at 0x7b73a1e9d080>', 'message': "b'{t\\x80iiprljjjjjjj'", 'nl': 'False'}
2026-08-23 01:28:28.577 /testbed/src/click/utils.py:299 click.utils.echo event=line locals={}
2026-08-23 01:28:28.577 /testbed/src/click/utils.py:310 click.utils.echo event=line locals={}
2026-08-23 01:28:28.577 /testbed/src/click/utils.py:311 click.utils.echo event=line locals={}
2026-08-23 01:28:28.577 /testbed/src/click/utils.py:312 click.utils.echo event=line locals={}
2026-08-23 01:28:28.577 /testbed/src/click/utils.py:318 click.utils.echo event=line locals={'out': "b'{t\\x80iiprljjjjjjj'"}
2026-08-23 01:28:28.577 /testbed/src/click/utils.py:324 click.utils.echo event=line locals={}
2026-08-23 01:28:28.577 /testbed/src/click/utils.py:332 click.utils.echo event=line locals={}
2026-08-23 01:28:28.577 /testbed/src/click/utils.py:333 click.utils.echo event=line locals={}
2026-08-23 01:28:28.577 /testbed/src/click/utils.py:334 click.utils.echo event=line locals={'binary_file': '<testcase.BinaryCapture object at 0x7b73a1e9d080>'}
2026-08-23 01:28:28.577 /testbed/src/click/utils.py:335 click.utils.echo event=line locals={}
2026-08-23 01:28:28.577 /testbed/src/click/utils.py:336 click.utils.echo event=line locals={}
2026-08-23 01:28:28.577 /testbed/src/click/utils.py:337 click.utils.echo event=line locals={}
2026-08-23 01:28:28.577 /testbed/src/click/utils.py:338 click.utils.echo event=line locals={}
2026-08-23 01:28:28.577 /testbed/src/click/utils.py:338 click.utils.echo event=return retval=None locals={'binary_file': '<testcase.BinaryCapture object at 0x7b73a1e9d080>', 'color': 'None', 'err': 'False', 'file': '<testcase.BinaryCapture object at 0x7b73a1e9d080>', 'message': "b'{t\\x80iiprljjjjjjj'", 'nl': 'False', 'out': "b'{t\\x80iiprljjjjjjj'"}
2026-08-23 01:28:28.577 /testbed/src/click/utils.py:252 click.utils.echo event=call locals={'color': 'True', 'err': 'False', 'file': '<testcase.TextCapture object at 0x7b73a1e5d2d0>', 'message': "'\\x1b[31mjfekmgeeeeeeeee\\x1b[0m'", 'nl': 'True'}
2026-08-23 01:28:28.577 /testbed/src/click/utils.py:299 click.utils.echo event=line locals={}
2026-08-23 01:28:28.577 /testbed/src/click/utils.py:310 click.utils.echo event=line locals={}
2026-08-23 01:28:28.577 /testbed/src/click/utils.py:311 click.utils.echo event=line locals={}
2026-08-23 01:28:28.577 /testbed/src/click/utils.py:312 click.utils.echo event=line locals={}
2026-08-23 01:28:28.577 /testbed/src/click/utils.py:318 click.utils.echo event=line locals={'out': "'\\x1b[31mjfekmgeeeeeeeee\\x1b[0m'"}
2026-08-23 01:28:28.577 /testbed/src/click/utils.py:319 click.utils.echo event=line locals={}
2026-08-23 01:28:28.577 /testbed/src/click/utils.py:320 click.utils.echo event=line locals={}
2026-08-23 01:28:28.577 /testbed/src/click/utils.py:324 click.utils.echo event=line locals={'out': "'\\x1b[31mjfekmgeeeeeeeee\\x1b[0m\\n'"}
2026-08-23 01:28:28.577 /testbed/src/click/utils.py:332 click.utils.echo event=line locals={}
2026-08-23 01:28:28.577 /testbed/src/click/utils.py:342 click.utils.echo event=line locals={}
2026-08-23 01:28:28.577 /testbed/src/click/utils.py:345 click.utils.echo event=line locals={}
2026-08-23 01:28:28.577 /testbed/src/click/utils.py:346 click.utils.echo event=line locals={}
2026-08-23 01:28:28.577 /testbed/src/click/utils.py:346 click.utils.echo event=return retval=None locals={'color': 'True', 'err': 'False', 'file': '<testcase.TextCapture object at 0x7b73a1e5d2d0>', 'message': "'\\x1b[31mjfekmgeeeeeeeee\\x1b[0m'", 'nl': 'True', 'out': "'\\x1b[31mjfekmgeeeeeeeee\\x1b[0m\\n'"}
2026-08-23 01:28:28.578 /testbed/src/click/utils.py:252 click.utils.echo event=call locals={'color': 'None', 'err': 'False', 'file': '<testcase.TextCapture object at 0x7b73a1e5d360>', 'message': "'\\x1b[31mcrimaktifffffff\\x1b[0m'", 'nl': 'False'}
2026-08-23 01:28:28.578 /testbed/src/click/utils.py:299 click.utils.echo event=line locals={}
2026-08-23 01:28:28.578 /testbed/src/click/utils.py:310 click.utils.echo event=line locals={}
2026-08-23 01:28:28.578 /testbed/src/click/utils.py:311 click.utils.echo event=line locals={}
2026-08-23 01:28:28.578 /testbed/src/click/utils.py:312 click.utils.echo event=line locals={}
2026-08-23 01:28:28.578 /testbed/src/click/utils.py:318 click.utils.echo event=line locals={'out': "'\\x1b[31mcrimaktifffffff\\x1b[0m'"}
2026-08-23 01:28:28.578 /testbed/src/click/utils.py:324 click.utils.echo event=line locals={}
2026-08-23 01:28:28.578 /testbed/src/click/utils.py:332 click.utils.echo event=line locals={}
2026-08-23 01:28:28.578 /testbed/src/click/utils.py:342 click.utils.echo event=line locals={}
2026-08-23 01:28:28.578 /testbed/src/click/utils.py:343 click.utils.echo event=line locals={}
2026-08-23 01:28:28.578 /testbed/src/click/utils.py:345 click.utils.echo event=line locals={'out': "'crimaktifffffff'"}
2026-08-23 01:28:28.578 /testbed/src/click/utils.py:346 click.utils.echo event=line locals={}
2026-08-23 01:28:28.578 /testbed/src/click/utils.py:346 click.utils.echo event=return retval=None locals={'color': 'None', 'err': 'False', 'file': '<testcase.TextCapture object at 0x7b73a1e5d360>', 'message': "'\\x1b[31mcrimaktifffffff\\x1b[0m'", 'nl': 'False', 'out': "'crimaktifffffff'"}
2026-08-23 01:28:28.578 /testbed/src/click/utils.py:252 click.utils.echo event=call locals={'color': 'False', 'err': 'False', 'file': '<testcase.TextCapture object at 0x7b73a1e5d3f0>', 'message': "'aritpinhgggggggaritpinhggggggg'", 'nl': 'True'}
2026-08-23 01:28:28.578 /testbed/src/click/utils.py:299 click.utils.echo event=line locals={}
2026-08-23 01:28:28.578 /testbed/src/click/utils.py:310 click.utils.echo event=line locals={}
2026-08-23 01:28:28.578 /testbed/src/click/utils.py:311 click.utils.echo event=line locals={}
2026-08-23 01:28:28.578 /testbed/src/click/utils.py:312 click.utils.echo event=line locals={}
2026-08-23 01:28:28.578 /testbed/src/click/utils.py:318 click.utils.echo event=line locals={'out': "'aritpinhgggggggaritpinhggggggg'"}
2026-08-23 01:28:28.578 /testbed/src/click/utils.py:319 click.utils.echo event=line locals={}
2026-08-23 01:28:28.578 /testbed/src/click/utils.py:320 click.utils.echo event=line locals={}
2026-08-23 01:28:28.578 /testbed/src/click/utils.py:324 click.utils.echo event=line locals={'out': "'aritpinhgggggggaritpinhggggggg\\n'"}
2026-08-23 01:28:28.578 /testbed/src/click/utils.py:332 click.utils.echo event=line locals={}
2026-08-23 01:28:28.578 /testbed/src/click/utils.py:342 click.utils.echo event=line locals={}
2026-08-23 01:28:28.578 /testbed/src/click/utils.py:343 click.utils.echo event=line locals={}
2026-08-23 01:28:28.578 /testbed/src/click/utils.py:345 click.utils.echo event=line locals={}
2026-08-23 01:28:28.578 /testbed/src/click/utils.py:346 click.utils.echo event=line locals={}
2026-08-23 01:28:28.578 /testbed/src/click/utils.py:346 click.utils.echo event=return retval=None locals={'color': 'False', 'err': 'False', 'file': '<testcase.TextCapture object at 0x7b73a1e5d3f0>', 'message': "'aritpinhgggggggaritpinhggggggg'", 'nl': 'True', 'out': "'aritpinhgggggggaritpinhggggggg\\n'"}
2026-08-23 01:28:28.578 /testbed/src/click/utils.py:252 click.utils.echo event=call locals={'color': 'False', 'err': 'False', 'file': '<testcase.BinaryCapture object at 0x7b73a1e9d260>', 'message': "bytearray(b'\\xd2\\xd2\\xc8\\xca\\xcc\\xd4\\xd0\\xc8\\xca\\xca\\xca\\xca\\xca\\xca\\xca')", 'nl': 'False'}
2026-08-23 01:28:28.578 /testbed/src/click/utils.py:299 click.utils.echo event=line locals={}
2026-08-23 01:28:28.578 /testbed/src/click/utils.py:310 click.utils.echo event=line locals={}
2026-08-23 01:28:28.578 /testbed/src/click/utils.py:311 click.utils.echo event=line locals={}
2026-08-23 01:28:28.578 /testbed/src/click/utils.py:312 click.utils.echo event=line locals={}
2026-08-23 01:28:28.578 /testbed/src/click/utils.py:318 click.utils.echo event=line locals={'out': "bytearray(b'\\xd2\\xd2\\xc8\\xca\\xcc\\xd4\\xd0\\xc8\\xca\\xca\\xca\\xca\\xca\\xca\\xca')"}
2026-08-23 01:28:28.578 /testbed/src/click/utils.py:324 click.utils.echo event=line locals={}
2026-08-23 01:28:28.578 /testbed/src/click/utils.py:332 click.utils.echo event=line locals={}
2026-08-23 01:28:28.578 /testbed/src/click/utils.py:333 click.utils.echo event=line locals={}
2026-08-23 01:28:28.578 /testbed/src/click/utils.py:334 click.utils.echo event=line locals={'binary_file': '<testcase.BinaryCapture object at 0x7b73a1e9d260>'}
2026-08-23 01:28:28.578 /testbed/src/click/utils.py:335 click.utils.echo event=line locals={}
2026-08-23 01:28:28.578 /testbed/src/click/utils.py:336 click.utils.echo event=line locals={}
2026-08-23 01:28:28.578 /testbed/src/click/utils.py:337 click.utils.echo event=line locals={}
2026-08-23 01:28:28.578 /testbed/src/click/utils.py:338 click.utils.echo event=line locals={}
2026-08-23 01:28:28.578 /testbed/src/click/utils.py:338 click.utils.echo event=return retval=None locals={'binary_file': '<testcase.BinaryCapture object at 0x7b73a1e9d260>', 'color': 'False', 'err': 'False', 'file': '<testcase.BinaryCapture object at 0x7b73a1e9d260>', 'message': "bytearray(b'\\xd2\\xd2\\xc8\\xca\\xcc\\xd4\\xd0\\xc8\\xca\\xca\\xca\\xca\\xca\\xca\\xca')", 'nl': 'False', 'out': "bytearray(b'\\xd2\\xd2\\xc8\\xca\\xcc\\xd4\\xd0\\xc8\\xca\\xca\\xca\\xca\\xca\\xca\\xca')"}
2026-08-23 01:28:28.578 /testbed/src/click/utils.py:252 click.utils.echo event=call locals={'color': 'False', 'err': 'False', 'file': '<testcase.TextCapture object at 0x7b73a1e5d480>', 'message': "'\\x1b[31mpdamjowliiiiiii\\x1b[0m'", 'nl': 'True'}
2026-08-23 01:28:28.578 /testbed/src/click/utils.py:299 click.utils.echo event=line locals={}
2026-08-23 01:28:28.578 /testbed/src/click/utils.py:310 click.utils.echo event=line locals={}
2026-08-23 01:28:28.578 /testbed/src/click/utils.py:311 click.utils.echo event=line locals={}
2026-08-23 01:28:28.578 /testbed/src/click/utils.py:312 click.utils.echo event=line locals={}
2026-08-23 01:28:28.578 /testbed/src/click/utils.py:318 click.utils.echo event=line locals={'out': "'\\x1b[31mpdamjowliiiiiii\\x1b[0m'"}
2026-08-23 01:28:28.578 /testbed/src/click/utils.py:319 click.utils.echo event=line locals={}
2026-08-23 01:28:28.578 /testbed/src/click/utils.py:320 click.utils.echo event=line locals={}
2026-08-23 01:28:28.579 /testbed/src/click/utils.py:324 click.utils.echo event=line locals={'out': "'\\x1b[31mpdamjowliiiiiii\\x1b[0m\\n'"}
2026-08-23 01:28:28.579 /testbed/src/click/utils.py:332 click.utils.echo event=line locals={}
2026-08-23 01:28:28.579 /testbed/src/click/utils.py:342 click.utils.echo event=line locals={}
2026-08-23 01:28:28.579 /testbed/src/click/utils.py:343 click.utils.echo event=line locals={}
2026-08-23 01:28:28.579 /testbed/src/click/utils.py:345 click.utils.echo event=line locals={'out': "'pdamjowliiiiiii\\n'"}
2026-08-23 01:28:28.579 /testbed/src/click/utils.py:346 click.utils.echo event=line locals={}
2026-08-23 01:28:28.579 /testbed/src/click/utils.py:346 click.utils.echo event=return retval=None locals={'color': 'False', 'err': 'False', 'file': '<testcase.TextCapture object at 0x7b73a1e5d480>', 'message': "'\\x1b[31mpdamjowliiiiiii\\x1b[0m'", 'nl': 'True', 'out': "'pdamjowliiiiiii\\n'"}
2026-08-23 01:28:28.579 /testbed/src/click/utils.py:252 click.utils.echo event=call locals={'color': 'False', 'err': 'False', 'file': '<testcase.TextCapture object at 0x7b73a1e5d510>', 'message': "'\\x1b[31moxtfvsrljjjjjjj\\x1b[0m'", 'nl': 'False'}
2026-08-23 01:28:28.579 /testbed/src/click/utils.py:299 click.utils.echo event=line locals={}
2026-08-23 01:28:28.579 /testbed/src/click/utils.py:310 click.utils.echo event=line locals={}
2026-08-23 01:28:28.579 /testbed/src/click/utils.py:311 click.utils.echo event=line locals={}
2026-08-23 01:28:28.579 /testbed/src/click/utils.py:312 click.utils.echo event=line locals={}
2026-08-23 01:28:28.579 /testbed/src/click/utils.py:318 click.utils.echo event=line locals={'out': "'\\x1b[31moxtfvsrljjjjjjj\\x1b[0m'"}
2026-08-23 01:28:28.579 /testbed/src/click/utils.py:324 click.utils.echo event=line locals={}
2026-08-23 01:28:28.579 /testbed/src/click/utils.py:332 click.utils.echo event=line locals={}
2026-08-23 01:28:28.579 /testbed/src/click/utils.py:342 click.utils.echo event=line locals={}
2026-08-23 01:28:28.579 /testbed/src/click/utils.py:343 click.utils.echo event=line locals={}
2026-08-23 01:28:28.579 /testbed/src/click/utils.py:345 click.utils.echo event=line locals={'out': "'oxtfvsrljjjjjjj'"}
2026-08-23 01:28:28.579 /testbed/src/click/utils.py:346 click.utils.echo event=line locals={}
2026-08-23 01:28:28.579 /testbed/src/click/utils.py:346 click.utils.echo event=return retval=None locals={'color': 'False', 'err': 'False', 'file': '<testcase.TextCapture object at 0x7b73a1e5d510>', 'message': "'\\x1b[31moxtfvsrljjjjjjj\\x1b[0m'", 'nl': 'False', 'out': "'oxtfvsrljjjjjjj'"}
2026-08-23 01:28:28.579 /testbed/src/click/utils.py:252 click.utils.echo event=call locals={'color': 'None', 'err': 'False', 'file': '<testcase.TextCapture object at 0x7b73a1e5d5a0>', 'message': "'\\x1b[31mbutsmrsmkkkkkkk\\x1b[0m'", 'nl': 'False'}
2026-08-23 01:28:28.579 /testbed/src/click/utils.py:299 click.utils.echo event=line locals={}
2026-08-23 01:28:28.579 /testbed/src/click/utils.py:310 click.utils.echo event=line locals={}
2026-08-23 01:28:28.579 /testbed/src/click/utils.py:311 click.utils.echo event=line locals={}
2026-08-23 01:28:28.579 /testbed/src/click/utils.py:312 click.utils.echo event=line locals={}
2026-08-23 01:28:28.579 /testbed/src/click/utils.py:318 click.utils.echo event=line locals={'out': "'\\x1b[31mbutsmrsmkkkkkkk\\x1b[0m'"}
2026-08-23 01:28:28.579 /testbed/src/click/utils.py:324 click.utils.echo event=line locals={}
2026-08-23 01:28:28.579 /testbed/src/click/utils.py:332 click.utils.echo event=line locals={}
2026-08-23 01:28:28.579 /testbed/src/click/utils.py:342 click.utils.echo event=line locals={}
2026-08-23 01:28:28.579 /testbed/src/click/utils.py:343 click.utils.echo event=line locals={}
2026-08-23 01:28:28.579 /testbed/src/click/utils.py:345 click.utils.echo event=line locals={'out': "'butsmrsmkkkkkkk'"}
2026-08-23 01:28:28.579 /testbed/src/click/utils.py:346 click.utils.echo event=line locals={}
2026-08-23 01:28:28.579 /testbed/src/click/utils.py:346 click.utils.echo event=return retval=None locals={'color': 'None', 'err': 'False', 'file': '<testcase.TextCapture object at 0x7b73a1e5d5a0>', 'message': "'\\x1b[31mbutsmrsmkkkkkkk\\x1b[0m'", 'nl': 'False', 'out': "'butsmrsmkkkkkkk'"}
2026-08-23 01:28:28.579 /testbed/src/click/utils.py:252 click.utils.echo event=call locals={'color': 'False', 'err': 'False', 'file': '<testcase.TextCapture object at 0x7b73a1e5d630>', 'message': '<testcase.Renderable object at 0x7b73a1e8b4d0>', 'nl': 'True'}
2026-08-23 01:28:28.579 /testbed/src/click/utils.py:299 click.utils.echo event=line locals={}
2026-08-23 01:28:28.579 /testbed/src/click/utils.py:310 click.utils.echo event=line locals={}
2026-08-23 01:28:28.579 /testbed/src/click/utils.py:311 click.utils.echo event=line locals={}
2026-08-23 01:28:28.579 /testbed/src/click/utils.py:313 click.utils.echo event=line locals={}
2026-08-23 01:28:28.579 /testbed/src/click/utils.py:315 click.utils.echo event=line locals={}
2026-08-23 01:28:28.579 /testbed/src/click/utils.py:316 click.utils.echo event=line locals={}
2026-08-23 01:28:28.579 /testbed/src/click/utils.py:318 click.utils.echo event=line locals={'out': "'\\x1b[35mllllllloyoyozsq\\x1b[0m'"}
2026-08-23 01:28:28.579 /testbed/src/click/utils.py:319 click.utils.echo event=line locals={}
2026-08-23 01:28:28.579 /testbed/src/click/utils.py:320 click.utils.echo event=line locals={}
2026-08-23 01:28:28.579 /testbed/src/click/utils.py:324 click.utils.echo event=line locals={'out': "'\\x1b[35mllllllloyoyozsq\\x1b[0m\\n'"}
2026-08-23 01:28:28.579 /testbed/src/click/utils.py:332 click.utils.echo event=line locals={}
2026-08-23 01:28:28.579 /testbed/src/click/utils.py:342 click.utils.echo event=line locals={}
2026-08-23 01:28:28.579 /testbed/src/click/utils.py:343 click.utils.echo event=line locals={}
2026-08-23 01:28:28.579 /testbed/src/click/utils.py:345 click.utils.echo event=line locals={'out': "'llllllloyoyozsq\\n'"}
2026-08-23 01:28:28.579 /testbed/src/click/utils.py:346 click.utils.echo event=line locals={}
2026-08-23 01:28:28.579 /testbed/src/click/utils.py:346 click.utils.echo event=return retval=None locals={'color': 'False', 'err': 'False', 'file': '<testcase.TextCapture object at 0x7b73a1e5d630>', 'message': '<testcase.Renderable object at 0x7b73a1e8b4d0>', 'nl': 'True', 'out': "'llllllloyoyozsq\\n'"}
2026-08-23 01:28:28.579 /testbed/src/click/utils.py:252 click.utils.echo event=call locals={'color': 'False', 'err': 'False', 'file': '<testcase.TextCapture object at 0x7b73a1e5d6c0>', 'message': 'None', 'nl': 'False'}
2026-08-23 01:28:28.579 /testbed/src/click/utils.py:299 click.utils.echo event=line locals={}
2026-08-23 01:28:28.579 /testbed/src/click/utils.py:310 click.utils.echo event=line locals={}
2026-08-23 01:28:28.579 /testbed/src/click/utils.py:311 click.utils.echo event=line locals={}
2026-08-23 01:28:28.580 /testbed/src/click/utils.py:313 click.utils.echo event=line locals={}
2026-08-23 01:28:28.580 /testbed/src/click/utils.py:314 click.utils.echo event=line locals={}
2026-08-23 01:28:28.580 /testbed/src/click/utils.py:318 click.utils.echo event=line locals={'out': "''"}
2026-08-23 01:28:28.580 /testbed/src/click/utils.py:324 click.utils.echo event=line locals={}
2026-08-23 01:28:28.580 /testbed/src/click/utils.py:325 click.utils.echo event=line locals={}
2026-08-23 01:28:28.580 /testbed/src/click/utils.py:326 click.utils.echo event=line locals={}
2026-08-23 01:28:28.580 /testbed/src/click/utils.py:326 click.utils.echo event=return retval=None locals={'color': 'False', 'err': 'False', 'file': '<testcase.TextCapture object at 0x7b73a1e5d6c0>', 'message': 'None', 'nl': 'False', 'out': "''"}
2026-08-23 01:28:28.580 /testbed/src/click/utils.py:252 click.utils.echo event=call locals={'color': 'None', 'err': 'False', 'file': '<testcase.TextCapture object at 0x7b73a1e5d750>', 'message': "'\\x1b[31muotoaquonnnnnnn\\x1b[0m'", 'nl': 'True'}
2026-08-23 01:28:28.580 /testbed/src/click/utils.py:299 click.utils.echo event=line locals={}
2026-08-23 01:28:28.580 /testbed/src/click/utils.py:310 click.utils.echo event=line locals={}
2026-08-23 01:28:28.580 /testbed/src/click/utils.py:311 click.utils.echo event=line locals={}
2026-08-23 01:28:28.580 /testbed/src/click/utils.py:312 click.utils.echo event=line locals={}
2026-08-23 01:28:28.580 /testbed/src/click/utils.py:318 click.utils.echo event=line locals={'out': "'\\x1b[31muotoaquonnnnnnn\\x1b[0m'"}
2026-08-23 01:28:28.580 /testbed/src/click/utils.py:319 click.utils.echo event=line locals={}
2026-08-23 01:28:28.580 /testbed/src/click/utils.py:320 click.utils.echo event=line locals={}
2026-08-23 01:28:28.580 /testbed/src/click/utils.py:324 click.utils.echo event=line locals={'out': "'\\x1b[31muotoaquonnnnnnn\\x1b[0m\\n'"}
2026-08-23 01:28:28.580 /testbed/src/click/utils.py:332 click.utils.echo event=line locals={}
2026-08-23 01:28:28.580 /testbed/src/click/utils.py:342 click.utils.echo event=line locals={}
2026-08-23 01:28:28.580 /testbed/src/click/utils.py:343 click.utils.echo event=line locals={}
2026-08-23 01:28:28.580 /testbed/src/click/utils.py:345 click.utils.echo event=line locals={'out': "'uotoaquonnnnnnn\\n'"}
2026-08-23 01:28:28.580 /testbed/src/click/utils.py:346 click.utils.echo event=line locals={}
2026-08-23 01:28:28.580 /testbed/src/click/utils.py:346 click.utils.echo event=return retval=None locals={'color': 'None', 'err': 'False', 'file': '<testcase.TextCapture object at 0x7b73a1e5d750>', 'message': "'\\x1b[31muotoaquonnnnnnn\\x1b[0m'", 'nl': 'True', 'out': "'uotoaquonnnnnnn\\n'"}
2026-08-23 01:28:28.580 /testbed/src/click/utils.py:252 click.utils.echo event=call locals={'color': 'False', 'err': 'False', 'file': '<testcase.BinaryCapture object at 0x7b73a1e9d300>', 'message': "bytearray(b'CFT]XCAGYYYYYYY')", 'nl': 'True'}
2026-08-23 01:28:28.580 /testbed/src/click/utils.py:299 click.utils.echo event=line locals={}
2026-08-23 01:28:28.580 /testbed/src/click/utils.py:310 click.utils.echo event=line locals={}
2026-08-23 01:28:28.580 /testbed/src/click/utils.py:311 click.utils.echo event=line locals={}
2026-08-23 01:28:28.580 /testbed/src/click/utils.py:312 click.utils.echo event=line locals={}
2026-08-23 01:28:28.580 /testbed/src/click/utils.py:318 click.utils.echo event=line locals={'out': "bytearray(b'CFT]XCAGYYYYYYY')"}
2026-08-23 01:28:28.580 /testbed/src/click/utils.py:319 click.utils.echo event=line locals={}
2026-08-23 01:28:28.580 /testbed/src/click/utils.py:322 click.utils.echo event=line locals={}
2026-08-23 01:28:28.580 /testbed/src/click/utils.py:324 click.utils.echo event=line locals={'message': "bytearray(b'CFT]XCAGYYYYYYY\\n')", 'out': "bytearray(b'CFT]XCAGYYYYYYY\\n')"}
2026-08-23 01:28:28.580 /testbed/src/click/utils.py:332 click.utils.echo event=line locals={}
2026-08-23 01:28:28.580 /testbed/src/click/utils.py:333 click.utils.echo event=line locals={}
2026-08-23 01:28:28.580 /testbed/src/click/utils.py:334 click.utils.echo event=line locals={'binary_file': '<testcase.BinaryCapture object at 0x7b73a1e9d300>'}
2026-08-23 01:28:28.580 /testbed/src/click/utils.py:335 click.utils.echo event=line locals={}
2026-08-23 01:28:28.580 /testbed/src/click/utils.py:336 click.utils.echo event=line locals={}
2026-08-23 01:28:28.580 /testbed/src/click/utils.py:337 click.utils.echo event=line locals={}
2026-08-23 01:28:28.580 /testbed/src/click/utils.py:338 click.utils.echo event=line locals={}
2026-08-23 01:28:28.580 /testbed/src/click/utils.py:338 click.utils.echo event=return retval=None locals={'binary_file': '<testcase.BinaryCapture object at 0x7b73a1e9d300>', 'color': 'False', 'err': 'False', 'file': '<testcase.BinaryCapture object at 0x7b73a1e9d300>', 'message': "bytearray(b'CFT]XCAGYYYYYYY\\n')", 'nl': 'True', 'out': "bytearray(b'CFT]XCAGYYYYYYY\\n')"}
2026-08-23 01:28:28.580 /testbed/src/click/utils.py:252 click.utils.echo event=call locals={'color': 'True', 'err': 'False', 'file': '<testcase.TextCapture object at 0x7b73a1e5d7e0>', 'message': 'None', 'nl': 'False'}
2026-08-23 01:28:28.580 /testbed/src/click/utils.py:299 click.utils.echo event=line locals={}
2026-08-23 01:28:28.580 /testbed/src/click/utils.py:310 click.utils.echo event=line locals={}
2026-08-23 01:28:28.580 /testbed/src/click/utils.py:311 click.utils.echo event=line locals={}
2026-08-23 01:28:28.580 /testbed/src/click/utils.py:313 click.utils.echo event=line locals={}
2026-08-23 01:28:28.580 /testbed/src/click/utils.py:314 click.utils.echo event=line locals={}
2026-08-23 01:28:28.580 /testbed/src/click/utils.py:318 click.utils.echo event=line locals={'out': "''"}
2026-08-23 01:28:28.580 /testbed/src/click/utils.py:324 click.utils.echo event=line locals={}
2026-08-23 01:28:28.580 /testbed/src/click/utils.py:325 click.utils.echo event=line locals={}
2026-08-23 01:28:28.580 /testbed/src/click/utils.py:326 click.utils.echo event=line locals={}
2026-08-23 01:28:28.580 /testbed/src/click/utils.py:326 click.utils.echo event=return retval=None locals={'color': 'True', 'err': 'False', 'file': '<testcase.TextCapture object at 0x7b73a1e5d7e0>', 'message': 'None', 'nl': 'False', 'out': "''"}
2026-08-23 01:28:28.581 /testbed/src/click/utils.py:252 click.utils.echo event=call locals={'color': 'True', 'err': 'False', 'file': '<testcase.BinaryCapture object at 0x7b73a1e9d1c0>', 'message': "b'\\x90\\x90\\x83\\x9a\\x8c\\x82\\x86\\x94\\x91\\x91\\x91\\x91\\x91\\x91\\x91'", 'nl': 'True'}
2026-08-23 01:28:28.581 /testbed/src/click/utils.py:299 click.utils.echo event=line locals={}
2026-08-23 01:28:28.581 /testbed/src/click/utils.py:310 click.utils.echo event=line locals={}
2026-08-23 01:28:28.581 /testbed/src/click/utils.py:311 click.utils.echo event=line locals={}
2026-08-23 01:28:28.581 /testbed/src/click/utils.py:312 click.utils.echo event=line locals={}
2026-08-23 01:28:28.581 /testbed/src/click/utils.py:318 click.utils.echo event=line locals={'out': "b'\\x90\\x90\\x83\\x9a\\x8c\\x82\\x86\\x94\\x91\\x91\\x91\\x91\\x91\\x91\\x91'"}
2026-08-23 01:28:28.581 /testbed/src/click/utils.py:319 click.utils.echo event=line locals={}
2026-08-23 01:28:28.581 /testbed/src/click/utils.py:322 click.utils.echo event=line locals={}
2026-08-23 01:28:28.581 /testbed/src/click/utils.py:324 click.utils.echo event=line locals={'out': "b'\\x90\\x90\\x83\\x9a\\x8c\\x82\\x86\\x94\\x91\\x91\\x91\\x91\\x91\\x91\\x91\\n'"}
2026-08-23 01:28:28.581 /testbed/src/click/utils.py:332 click.utils.echo event=line locals={}
2026-08-23 01:28:28.581 /testbed/src/click/utils.py:333 click.utils.echo event=line locals={}
2026-08-23 01:28:28.581 /testbed/src/click/utils.py:334 click.utils.echo event=line locals={'binary_file': '<testcase.BinaryCapture object at 0x7b73a1e9d1c0>'}
2026-08-23 01:28:28.581 /testbed/src/click/utils.py:335 click.utils.echo event=line locals={}
2026-08-23 01:28:28.581 /testbed/src/click/utils.py:336 click.utils.echo event=line locals={}
2026-08-23 01:28:28.581 /testbed/src/click/utils.py:337 click.utils.echo event=line locals={}
2026-08-23 01:28:28.581 /testbed/src/click/utils.py:338 click.utils.echo event=line locals={}
2026-08-23 01:28:28.581 /testbed/src/click/utils.py:338 click.utils.echo event=return retval=None locals={'binary_file': '<testcase.BinaryCapture object at 0x7b73a1e9d1c0>', 'color': 'True', 'err': 'False', 'file': '<testcase.BinaryCapture object at 0x7b73a1e9d1c0>', 'message': "b'\\x90\\x90\\x83\\x9a\\x8c\\x82\\x86\\x94\\x91\\x91\\x91\\x91\\x91\\x91\\x91'", 'nl': 'True', 'out': "b'\\x90\\x90\\x83\\x9a\\x8c\\x82\\x86\\x94\\x91\\x91\\x91\\x91\\x91\\x91\\x91\\n'"}
2026-08-23 01:28:28.581 /testbed/src/click/utils.py:252 click.utils.echo event=call locals={'color': 'None', 'err': 'False', 'file': '<testcase.TextCapture object at 0x7b73a1e5d870>', 'message': "'nwympqdurrrrrrrnwympqdurrrrrrrnwympqdurrrrrrrnwympqdurrrrrrr'", 'nl': 'True'}
2026-08-23 01:28:28.581 /testbed/src/click/utils.py:299 click.utils.echo event=line locals={}
2026-08-23 01:28:28.581 /testbed/src/click/utils.py:310 click.utils.echo event=line locals={}
2026-08-23 01:28:28.581 /testbed/src/click/utils.py:311 click.utils.echo event=line locals={}
2026-08-23 01:28:28.581 /testbed/src/click/utils.py:312 click.utils.echo event=line locals={}
2026-08-23 01:28:28.581 /testbed/src/click/utils.py:318 click.utils.echo event=line locals={'out': "'nwympqdurrrrrrrnwympqdurrrrrrrnwympqdurrrrrrrnwympqdurrrrrrr'"}
2026-08-23 01:28:28.581 /testbed/src/click/utils.py:319 click.utils.echo event=line locals={}
2026-08-23 01:28:28.581 /testbed/src/click/utils.py:320 click.utils.echo event=line locals={}
2026-08-23 01:28:28.581 /testbed/src/click/utils.py:324 click.utils.echo event=line locals={'out': "'nwympqdurrrrrrrnwympqdurrrrrrrnwympqdurrrrrrrnwympqdurrrrrrr\\n'"}
2026-08-23 01:28:28.581 /testbed/src/click/utils.py:332 click.utils.echo event=line locals={}
2026-08-23 01:28:28.581 /testbed/src/click/utils.py:342 click.utils.echo event=line locals={}
2026-08-23 01:28:28.581 /testbed/src/click/utils.py:343 click.utils.echo event=line locals={}
2026-08-23 01:28:28.581 /testbed/src/click/utils.py:345 click.utils.echo event=line locals={}
2026-08-23 01:28:28.581 /testbed/src/click/utils.py:346 click.utils.echo event=line locals={}
2026-08-23 01:28:28.581 /testbed/src/click/utils.py:346 click.utils.echo event=return retval=None locals={'color': 'None', 'err': 'False', 'file': '<testcase.TextCapture object at 0x7b73a1e5d870>', 'message': "'nwympqdurrrrrrrnwympqdurrrrrrrnwympqdurrrrrrrnwympqdurrrrrrr'", 'nl': 'True', 'out': "'nwympqdurrrrrrrnwympqdurrrrrrrnwympqdurrrrrrrnwympqdurrrrrrr\\n'"}
2026-08-23 01:28:28.581 /testbed/src/click/utils.py:252 click.utils.echo event=call locals={'color': 'None', 'err': 'False', 'file': '<testcase.BinaryCapture object at 0x7b73a1e9d490>', 'message': "bytearray(b'ANZEMUAGGGGGGGG')", 'nl': 'True'}
2026-08-23 01:28:28.581 /testbed/src/click/utils.py:299 click.utils.echo event=line locals={}
2026-08-23 01:28:28.581 /testbed/src/click/utils.py:310 click.utils.echo event=line locals={}
2026-08-23 01:28:28.581 /testbed/src/click/utils.py:311 click.utils.echo event=line locals={}
2026-08-23 01:28:28.581 /testbed/src/click/utils.py:312 click.utils.echo event=line locals={}
2026-08-23 01:28:28.581 /testbed/src/click/utils.py:318 click.utils.echo event=line locals={'out': "bytearray(b'ANZEMUAGGGGGGGG')"}
2026-08-23 01:28:28.581 /testbed/src/click/utils.py:319 click.utils.echo event=line locals={}
2026-08-23 01:28:28.581 /testbed/src/click/utils.py:322 click.utils.echo event=line locals={}
2026-08-23 01:28:28.581 /testbed/src/click/utils.py:324 click.utils.echo event=line locals={'message': "bytearray(b'ANZEMUAGGGGGGGG\\n')", 'out': "bytearray(b'ANZEMUAGGGGGGGG\\n')"}
2026-08-23 01:28:28.581 /testbed/src/click/utils.py:332 click.utils.echo event=line locals={}
2026-08-23 01:28:28.581 /testbed/src/click/utils.py:333 click.utils.echo event=line locals={}
2026-08-23 01:28:28.581 /testbed/src/click/utils.py:334 click.utils.echo event=line locals={'binary_file': '<testcase.BinaryCapture object at 0x7b73a1e9d490>'}
2026-08-23 01:28:28.581 /testbed/src/click/utils.py:335 click.utils.echo event=line locals={}
2026-08-23 01:28:28.581 /testbed/src/click/utils.py:336 click.utils.echo event=line locals={}
2026-08-23 01:28:28.581 /testbed/src/click/utils.py:337 click.utils.echo event=line locals={}
2026-08-23 01:28:28.581 /testbed/src/click/utils.py:338 click.utils.echo event=line locals={}
2026-08-23 01:28:28.581 /testbed/src/click/utils.py:338 click.utils.echo event=return retval=None locals={'binary_file': '<testcase.BinaryCapture object at 0x7b73a1e9d490>', 'color': 'None', 'err': 'False', 'file': '<testcase.BinaryCapture object at 0x7b73a1e9d490>', 'message': "bytearray(b'ANZEMUAGGGGGGGG\\n')", 'nl': 'True', 'out': "bytearray(b'ANZEMUAGGGGGGGG\\n')"}
2026-08-23 01:28:28.582 /testbed/src/click/utils.py:252 click.utils.echo event=call locals={'color': 'False', 'err': 'False', 'file': '<testcase.BinaryCapture object at 0x7b73a1e9d3f0>', 'message': "b'\\x8f\\x9d\\x94\\x98\\x93\\x91\\x8a\\x9c\\x9a\\x9a\\x9a\\x9a\\x9a\\x9a\\x9a'", 'nl': 'True'}
2026-08-23 01:28:28.582 /testbed/src/click/utils.py:299 click.utils.echo event=line locals={}
2026-08-23 01:28:28.582 /testbed/src/click/utils.py:310 click.utils.echo event=line locals={}
2026-08-23 01:28:28.582 /testbed/src/click/utils.py:311 click.utils.echo event=line locals={}
2026-08-23 01:28:28.582 /testbed/src/click/utils.py:312 click.utils.echo event=line locals={}
2026-08-23 01:28:28.582 /testbed/src/click/utils.py:318 click.utils.echo event=line locals={'out': "b'\\x8f\\x9d\\x94\\x98\\x93\\x91\\x8a\\x9c\\x9a\\x9a\\x9a\\x9a\\x9a\\x9a\\x9a'"}
2026-08-23 01:28:28.582 /testbed/src/click/utils.py:319 click.utils.echo event=line locals={}
2026-08-23 01:28:28.582 /testbed/src/click/utils.py:322 click.utils.echo event=line locals={}
2026-08-23 01:28:28.582 /testbed/src/click/utils.py:324 click.utils.echo event=line locals={'out': "b'\\x8f\\x9d\\x94\\x98\\x93\\x91\\x8a\\x9c\\x9a\\x9a\\x9a\\x9a\\x9a\\x9a\\x9a\\n'"}
2026-08-23 01:28:28.582 /testbed/src/click/utils.py:332 click.utils.echo event=line locals={}
2026-08-23 01:28:28.582 /testbed/src/click/utils.py:333 click.utils.echo event=line locals={}
2026-08-23 01:28:28.582 /testbed/src/click/utils.py:334 click.utils.echo event=line locals={'binary_file': '<testcase.BinaryCapture object at 0x7b73a1e9d3f0>'}
2026-08-23 01:28:28.582 /testbed/src/click/utils.py:335 click.utils.echo event=line locals={}
2026-08-23 01:28:28.582 /testbed/src/click/utils.py:336 click.utils.echo event=line locals={}
2026-08-23 01:28:28.582 /testbed/src/click/utils.py:337 click.utils.echo event=line locals={}
2026-08-23 01:28:28.582 /testbed/src/click/utils.py:338 click.utils.echo event=line locals={}
2026-08-23 01:28:28.582 /testbed/src/click/utils.py:338 click.utils.echo event=return retval=None locals={'binary_file': '<testcase.BinaryCapture object at 0x7b73a1e9d3f0>', 'color': 'False', 'err': 'False', 'file': '<testcase.BinaryCapture object at 0x7b73a1e9d3f0>', 'message': "b'\\x8f\\x9d\\x94\\x98\\x93\\x91\\x8a\\x9c\\x9a\\x9a\\x9a\\x9a\\x9a\\x9a\\x9a'", 'nl': 'True', 'out': "b'\\x8f\\x9d\\x94\\x98\\x93\\x91\\x8a\\x9c\\x9a\\x9a\\x9a\\x9a\\x9a\\x9a\\x9a\\n'"}
2026-08-23 01:28:28.582 /testbed/src/click/utils.py:252 click.utils.echo event=call locals={'color': 'False', 'err': 'False', 'file': '<testcase.BinaryCapture object at 0x7b73a1e9d350>', 'message': 'bytearray(b"=!<4#?+$\\\'\\\'\\\'\\\'\\\'\\\'\\\'")', 'nl': 'False'}
2026-08-23 01:28:28.582 /testbed/src/click/utils.py:299 click.utils.echo event=line locals={}
2026-08-23 01:28:28.582 /testbed/src/click/utils.py:310 click.utils.echo event=line locals={}
2026-08-23 01:28:28.582 /testbed/src/click/utils.py:311 click.utils.echo event=line locals={}
2026-08-23 01:28:28.582 /testbed/src/click/utils.py:312 click.utils.echo event=line locals={}
2026-08-23 01:28:28.582 /testbed/src/click/utils.py:318 click.utils.echo event=line locals={'out': 'bytearray(b"=!<4#?+$\\\'\\\'\\\'\\\'\\\'\\\'\\\'")'}
2026-08-23 01:28:28.582 /testbed/src/click/utils.py:324 click.utils.echo event=line locals={}
2026-08-23 01:28:28.582 /testbed/src/click/utils.py:332 click.utils.echo event=line locals={}
2026-08-23 01:28:28.582 /testbed/src/click/utils.py:333 click.utils.echo event=line locals={}
2026-08-23 01:28:28.582 /testbed/src/click/utils.py:334 click.utils.echo event=line locals={'binary_file': '<testcase.BinaryCapture object at 0x7b73a1e9d350>'}
2026-08-23 01:28:28.582 /testbed/src/click/utils.py:335 click.utils.echo event=line locals={}
2026-08-23 01:28:28.582 /testbed/src/click/utils.py:336 click.utils.echo event=line locals={}
2026-08-23 01:28:28.582 /testbed/src/click/utils.py:337 click.utils.echo event=line locals={}
2026-08-23 01:28:28.582 /testbed/src/click/utils.py:338 click.utils.echo event=line locals={}
2026-08-23 01:28:28.582 /testbed/src/click/utils.py:338 click.utils.echo event=return retval=None locals={'binary_file': '<testcase.BinaryCapture object at 0x7b73a1e9d350>', 'color': 'False', 'err': 'False', 'file': '<testcase.BinaryCapture object at 0x7b73a1e9d350>', 'message': 'bytearray(b"=!<4#?+$\\\'\\\'\\\'\\\'\\\'\\\'\\\'")', 'nl': 'False', 'out': 'bytearray(b"=!<4#?+$\\\'\\\'\\\'\\\'\\\'\\\'\\\'")'}
2026-08-23 01:28:28.582 /testbed/src/click/utils.py:252 click.utils.echo event=call locals={'color': 'True', 'err': 'False', 'file': '<testcase.BinaryCapture object at 0x7b73a1e9d580>', 'message': "bytearray(b'\\xfe\\xfe\\xeb\\xf4\\xe0\\xed\\xf8\\xed\\xec\\xec\\xec\\xec\\xec\\xec\\xec')", 'nl': 'False'}
2026-08-23 01:28:28.582 /testbed/src/click/utils.py:299 click.utils.echo event=line locals={}
2026-08-23 01:28:28.582 /testbed/src/click/utils.py:310 click.utils.echo event=line locals={}
2026-08-23 01:28:28.582 /testbed/src/click/utils.py:311 click.utils.echo event=line locals={}
2026-08-23 01:28:28.582 /testbed/src/click/utils.py:312 click.utils.echo event=line locals={}
2026-08-23 01:28:28.582 /testbed/src/click/utils.py:318 click.utils.echo event=line locals={'out': "bytearray(b'\\xfe\\xfe\\xeb\\xf4\\xe0\\xed\\xf8\\xed\\xec\\xec\\xec\\xec\\xec\\xec\\xec')"}
2026-08-23 01:28:28.582 /testbed/src/click/utils.py:324 click.utils.echo event=line locals={}
2026-08-23 01:28:28.582 /testbed/src/click/utils.py:332 click.utils.echo event=line locals={}
2026-08-23 01:28:28.582 /testbed/src/click/utils.py:333 click.utils.echo event=line locals={}
2026-08-23 01:28:28.582 /testbed/src/click/utils.py:334 click.utils.echo event=line locals={'binary_file': '<testcase.BinaryCapture object at 0x7b73a1e9d580>'}
2026-08-23 01:28:28.582 /testbed/src/click/utils.py:335 click.utils.echo event=line locals={}
2026-08-23 01:28:28.582 /testbed/src/click/utils.py:336 click.utils.echo event=line locals={}
2026-08-23 01:28:28.582 /testbed/src/click/utils.py:337 click.utils.echo event=line locals={}
2026-08-23 01:28:28.582 /testbed/src/click/utils.py:338 click.utils.echo event=line locals={}
2026-08-23 01:28:28.582 /testbed/src/click/utils.py:338 click.utils.echo event=return retval=None locals={'binary_file': '<testcase.BinaryCapture object at 0x7b73a1e9d580>', 'color': 'True', 'err': 'False', 'file': '<testcase.BinaryCapture object at 0x7b73a1e9d580>', 'message': "bytearray(b'\\xfe\\xfe\\xeb\\xf4\\xe0\\xed\\xf8\\xed\\xec\\xec\\xec\\xec\\xec\\xec\\xec')", 'nl': 'False', 'out': "bytearray(b'\\xfe\\xfe\\xeb\\xf4\\xe0\\xed\\xf8\\xed\\xec\\xec\\xec\\xec\\xec\\xec\\xec')"}
2026-08-23 01:28:28.583 /testbed/src/click/utils.py:252 click.utils.echo event=call locals={'color': 'False', 'err': 'False', 'file': '<testcase.TextCapture object at 0x7b73a1e5d900>', 'message': '<testcase.Renderable object at 0x7b73a1e8b990>', 'nl': 'True'}
2026-08-23 01:28:28.583 /testbed/src/click/utils.py:299 click.utils.echo event=line locals={}
2026-08-23 01:28:28.583 /testbed/src/click/utils.py:310 click.utils.echo event=line locals={}
2026-08-23 01:28:28.583 /testbed/src/click/utils.py:311 click.utils.echo event=line locals={}
2026-08-23 01:28:28.583 /testbed/src/click/utils.py:313 click.utils.echo event=line locals={}
2026-08-23 01:28:28.583 /testbed/src/click/utils.py:315 click.utils.echo event=line locals={}
2026-08-23 01:28:28.583 /testbed/src/click/utils.py:316 click.utils.echo event=line locals={}
2026-08-23 01:28:28.583 /testbed/src/click/utils.py:318 click.utils.echo event=line locals={'out': "'\\x1b[35mwwwwwwwyfivsivv\\x1b[0m'"}
2026-08-23 01:28:28.583 /testbed/src/click/utils.py:319 click.utils.echo event=line locals={}
2026-08-23 01:28:28.583 /testbed/src/click/utils.py:320 click.utils.echo event=line locals={}
2026-08-23 01:28:28.583 /testbed/src/click/utils.py:324 click.utils.echo event=line locals={'out': "'\\x1b[35mwwwwwwwyfivsivv\\x1b[0m\\n'"}
2026-08-23 01:28:28.583 /testbed/src/click/utils.py:332 click.utils.echo event=line locals={}
2026-08-23 01:28:28.583 /testbed/src/click/utils.py:342 click.utils.echo event=line locals={}
2026-08-23 01:28:28.583 /testbed/src/click/utils.py:343 click.utils.echo event=line locals={}
2026-08-23 01:28:28.583 /testbed/src/click/utils.py:345 click.utils.echo event=line locals={'out': "'wwwwwwwyfivsivv\\n'"}
2026-08-23 01:28:28.583 /testbed/src/click/utils.py:346 click.utils.echo event=line locals={}
2026-08-23 01:28:28.583 /testbed/src/click/utils.py:346 click.utils.echo event=return retval=None locals={'color': 'False', 'err': 'False', 'file': '<testcase.TextCapture object at 0x7b73a1e5d900>', 'message': '<testcase.Renderable object at 0x7b73a1e8b990>', 'nl': 'True', 'out': "'wwwwwwwyfivsivv\\n'"}
2026-08-23 01:28:28.583 /testbed/src/click/utils.py:252 click.utils.echo event=call locals={'color': 'True', 'err': 'False', 'file': '<testcase.TextCapture object at 0x7b73a1e5d990>', 'message': "'zescesizxxxxxxxzescesizxxxxxxx'", 'nl': 'True'}
2026-08-23 01:28:28.583 /testbed/src/click/utils.py:299 click.utils.echo event=line locals={}
2026-08-23 01:28:28.583 /testbed/src/click/utils.py:310 click.utils.echo event=line locals={}
2026-08-23 01:28:28.583 /testbed/src/click/utils.py:311 click.utils.echo event=line locals={}
2026-08-23 01:28:28.583 /testbed/src/click/utils.py:312 click.utils.echo event=line locals={}
2026-08-23 01:28:28.583 /testbed/src/click/utils.py:318 click.utils.echo event=line locals={'out': "'zescesizxxxxxxxzescesizxxxxxxx'"}
2026-08-23 01:28:28.583 /testbed/src/click/utils.py:319 click.utils.echo event=line locals={}
2026-08-23 01:28:28.583 /testbed/src/click/utils.py:320 click.utils.echo event=line locals={}
2026-08-23 01:28:28.583 /testbed/src/click/utils.py:324 click.utils.echo event=line locals={'out': "'zescesizxxxxxxxzescesizxxxxxxx\\n'"}
2026-08-23 01:28:28.583 /testbed/src/click/utils.py:332 click.utils.echo event=line locals={}
2026-08-23 01:28:28.583 /testbed/src/click/utils.py:342 click.utils.echo event=line locals={}
2026-08-23 01:28:28.583 /testbed/src/click/utils.py:345 click.utils.echo event=line locals={}
2026-08-23 01:28:28.583 /testbed/src/click/utils.py:346 click.utils.echo event=line locals={}
2026-08-23 01:28:28.583 /testbed/src/click/utils.py:346 click.utils.echo event=return retval=None locals={'color': 'True', 'err': 'False', 'file': '<testcase.TextCapture object at 0x7b73a1e5d990>', 'message': "'zescesizxxxxxxxzescesizxxxxxxx'", 'nl': 'True', 'out': "'zescesizxxxxxxxzescesizxxxxxxx\\n'"}
2026-08-23 01:28:28.583 /testbed/src/click/utils.py:252 click.utils.echo event=call locals={'color': 'True', 'err': 'False', 'file': '<testcase.BinaryCapture object at 0x7b73a1e9d440>', 'message': "bytearray(b'GECKLPSSSSSSSSS')", 'nl': 'False'}
2026-08-23 01:28:28.583 /testbed/src/click/utils.py:299 click.utils.echo event=line locals={}
2026-08-23 01:28:28.583 /testbed/src/click/utils.py:310 click.utils.echo event=line locals={}
2026-08-23 01:28:28.583 /testbed/src/click/utils.py:311 click.utils.echo event=line locals={}
2026-08-23 01:28:28.583 /testbed/src/click/utils.py:312 click.utils.echo event=line locals={}
2026-08-23 01:28:28.583 /testbed/src/click/utils.py:318 click.utils.echo event=line locals={'out': "bytearray(b'GECKLPSSSSSSSSS')"}
2026-08-23 01:28:28.583 /testbed/src/click/utils.py:324 click.utils.echo event=line locals={}
2026-08-23 01:28:28.583 /testbed/src/click/utils.py:332 click.utils.echo event=line locals={}
2026-08-23 01:28:28.583 /testbed/src/click/utils.py:333 click.utils.echo event=line locals={}
2026-08-23 01:28:28.583 /testbed/src/click/utils.py:334 click.utils.echo event=line locals={'binary_file': '<testcase.BinaryCapture object at 0x7b73a1e9d440>'}
2026-08-23 01:28:28.583 /testbed/src/click/utils.py:335 click.utils.echo event=line locals={}
2026-08-23 01:28:28.583 /testbed/src/click/utils.py:336 click.utils.echo event=line locals={}
2026-08-23 01:28:28.583 /testbed/src/click/utils.py:337 click.utils.echo event=line locals={}
2026-08-23 01:28:28.583 /testbed/src/click/utils.py:338 click.utils.echo event=line locals={}
2026-08-23 01:28:28.583 /testbed/src/click/utils.py:338 click.utils.echo event=return retval=None locals={'binary_file': '<testcase.BinaryCapture object at 0x7b73a1e9d440>', 'color': 'True', 'err': 'False', 'file': '<testcase.BinaryCapture object at 0x7b73a1e9d440>', 'message': "bytearray(b'GECKLPSSSSSSSSS')", 'nl': 'False', 'out': "bytearray(b'GECKLPSSSSSSSSS')"}
2026-08-23 01:28:28.583 /testbed/src/click/utils.py:252 click.utils.echo event=call locals={'color': 'True', 'err': 'False', 'file': '<testcase.TextCapture object at 0x7b73a1e5da20>', 'message': "'\\x1b[31mgnjibzfazzzzzzz\\x1b[0m'", 'nl': 'False'}
2026-08-23 01:28:28.584 /testbed/src/click/utils.py:299 click.utils.echo event=line locals={}
2026-08-23 01:28:28.584 /testbed/src/click/utils.py:310 click.utils.echo event=line locals={}
2026-08-23 01:28:28.584 /testbed/src/click/utils.py:311 click.utils.echo event=line locals={}
2026-08-23 01:28:28.584 /testbed/src/click/utils.py:312 click.utils.echo event=line locals={}
2026-08-23 01:28:28.584 /testbed/src/click/utils.py:318 click.utils.echo event=line locals={'out': "'\\x1b[31mgnjibzfazzzzzzz\\x1b[0m'"}
2026-08-23 01:28:28.584 /testbed/src/click/utils.py:324 click.utils.echo event=line locals={}
2026-08-23 01:28:28.584 /testbed/src/click/utils.py:332 click.utils.echo event=line locals={}
2026-08-23 01:28:28.584 /testbed/src/click/utils.py:342 click.utils.echo event=line locals={}
2026-08-23 01:28:28.584 /testbed/src/click/utils.py:345 click.utils.echo event=line locals={}
2026-08-23 01:28:28.584 /testbed/src/click/utils.py:346 click.utils.echo event=line locals={}
2026-08-23 01:28:28.584 /testbed/src/click/utils.py:346 click.utils.echo event=return retval=None locals={'color': 'True', 'err': 'False', 'file': '<testcase.TextCapture object at 0x7b73a1e5da20>', 'message': "'\\x1b[31mgnjibzfazzzzzzz\\x1b[0m'", 'nl': 'False', 'out': "'\\x1b[31mgnjibzfazzzzzzz\\x1b[0m'"}
2026-08-23 01:28:28.584 /testbed/src/click/utils.py:252 click.utils.echo event=call locals={'color': 'True', 'err': 'False', 'file': '<testcase.BinaryCapture object at 0x7b73a1e9d5d0>', 'message': "b'\\xa6\\xa6\\x99\\x9c\\x9d\\x9d\\x97\\x95\\x95\\x95\\x95\\x95\\x95\\x95\\x95'", 'nl': 'True'}
2026-08-23 01:28:28.584 /testbed/src/click/utils.py:299 click.utils.echo event=line locals={}
2026-08-23 01:28:28.584 /testbed/src/click/utils.py:310 click.utils.echo event=line locals={}
2026-08-23 01:28:28.584 /testbed/src/click/utils.py:311 click.utils.echo event=line locals={}
2026-08-23 01:28:28.584 /testbed/src/click/utils.py:312 click.utils.echo event=line locals={}
2026-08-23 01:28:28.584 /testbed/src/click/utils.py:318 click.utils.echo event=line locals={'out': "b'\\xa6\\xa6\\x99\\x9c\\x9d\\x9d\\x97\\x95\\x95\\x95\\x95\\x95\\x95\\x95\\x95'"}
2026-08-23 01:28:28.584 /testbed/src/click/utils.py:319 click.utils.echo event=line locals={}
2026-08-23 01:28:28.584 /testbed/src/click/utils.py:322 click.utils.echo event=line locals={}
2026-08-23 01:28:28.584 /testbed/src/click/utils.py:324 click.utils.echo event=line locals={'out': "b'\\xa6\\xa6\\x99\\x9c\\x9d\\x9d\\x97\\x95\\x95\\x95\\x95\\x95\\x95\\x95\\x95\\n'"}
2026-08-23 01:28:28.584 /testbed/src/click/utils.py:332 click.utils.echo event=line locals={}
2026-08-23 01:28:28.584 /testbed/src/click/utils.py:333 click.utils.echo event=line locals={}
2026-08-23 01:28:28.584 /testbed/src/click/utils.py:334 click.utils.echo event=line locals={'binary_file': '<testcase.BinaryCapture object at 0x7b73a1e9d5d0>'}
2026-08-23 01:28:28.584 /testbed/src/click/utils.py:335 click.utils.echo event=line locals={}
2026-08-23 01:28:28.584 /testbed/src/click/utils.py:336 click.utils.echo event=line locals={}
2026-08-23 01:28:28.584 /testbed/src/click/utils.py:337 click.utils.echo event=line locals={}
2026-08-23 01:28:28.584 /testbed/src/click/utils.py:338 click.utils.echo event=line locals={}
2026-08-23 01:28:28.584 /testbed/src/click/utils.py:338 click.utils.echo event=return retval=None locals={'binary_file': '<testcase.BinaryCapture object at 0x7b73a1e9d5d0>', 'color': 'True', 'err': 'False', 'file': '<testcase.BinaryCapture object at 0x7b73a1e9d5d0>', 'message': "b'\\xa6\\xa6\\x99\\x9c\\x9d\\x9d\\x97\\x95\\x95\\x95\\x95\\x95\\x95\\x95\\x95'", 'nl': 'True', 'out': "b'\\xa6\\xa6\\x99\\x9c\\x9d\\x9d\\x97\\x95\\x95\\x95\\x95\\x95\\x95\\x95\\x95\\n'"}
2026-08-23 01:28:28.584 /testbed/src/click/utils.py:252 click.utils.echo event=call locals={'color': 'None', 'err': 'False', 'file': '<testcase.BinaryCapture object at 0x7b73a1e9d710>', 'message': "b'\\xa9\\xaf\\x9d\\x99\\x98\\xa5\\x9b\\x98\\x98\\x98\\x98\\x98\\x98\\x98\\x98'", 'nl': 'True'}
2026-08-23 01:28:28.584 /testbed/src/click/utils.py:299 click.utils.echo event=line locals={}
2026-08-23 01:28:28.584 /testbed/src/click/utils.py:310 click.utils.echo event=line locals={}
2026-08-23 01:28:28.584 /testbed/src/click/utils.py:311 click.utils.echo event=line locals={}
2026-08-23 01:28:28.584 /testbed/src/click/utils.py:312 click.utils.echo event=line locals={}
2026-08-23 01:28:28.584 /testbed/src/click/utils.py:318 click.utils.echo event=line locals={'out': "b'\\xa9\\xaf\\x9d\\x99\\x98\\xa5\\x9b\\x98\\x98\\x98\\x98\\x98\\x98\\x98\\x98'"}
2026-08-23 01:28:28.584 /testbed/src/click/utils.py:319 click.utils.echo event=line locals={}
2026-08-23 01:28:28.584 /testbed/src/click/utils.py:322 click.utils.echo event=line locals={}
2026-08-23 01:28:28.584 /testbed/src/click/utils.py:324 click.utils.echo event=line locals={'out': "b'\\xa9\\xaf\\x9d\\x99\\x98\\xa5\\x9b\\x98\\x98\\x98\\x98\\x98\\x98\\x98\\x98\\n'"}
2026-08-23 01:28:28.584 /testbed/src/click/utils.py:332 click.utils.echo event=line locals={}
2026-08-23 01:28:28.584 /testbed/src/click/utils.py:333 click.utils.echo event=line locals={}
2026-08-23 01:28:28.584 /testbed/src/click/utils.py:334 click.utils.echo event=line locals={'binary_file': '<testcase.BinaryCapture object at 0x7b73a1e9d710>'}
2026-08-23 01:28:28.584 /testbed/src/click/utils.py:335 click.utils.echo event=line locals={}
2026-08-23 01:28:28.584 /testbed/src/click/utils.py:336 click.utils.echo event=line locals={}
2026-08-23 01:28:28.584 /testbed/src/click/utils.py:337 click.utils.echo event=line locals={}
2026-08-23 01:28:28.584 /testbed/src/click/utils.py:338 click.utils.echo event=line locals={}
2026-08-23 01:28:28.584 /testbed/src/click/utils.py:338 click.utils.echo event=return retval=None locals={'binary_file': '<testcase.BinaryCapture object at 0x7b73a1e9d710>', 'color': 'None', 'err': 'False', 'file': '<testcase.BinaryCapture object at 0x7b73a1e9d710>', 'message': "b'\\xa9\\xaf\\x9d\\x99\\x98\\xa5\\x9b\\x98\\x98\\x98\\x98\\x98\\x98\\x98\\x98'", 'nl': 'True', 'out': "b'\\xa9\\xaf\\x9d\\x99\\x98\\xa5\\x9b\\x98\\x98\\x98\\x98\\x98\\x98\\x98\\x98\\n'"}
2026-08-23 01:28:28.584 /testbed/src/click/utils.py:252 click.utils.echo event=call locals={'color': 'True', 'err': 'False', 'file': '<testcase.TextCapture object at 0x7b73a1e5dab0>', 'message': "'\\x1b[31mzbbosmleccccccc\\x1b[0m'", 'nl': 'True'}
2026-08-23 01:28:28.584 /testbed/src/click/utils.py:299 click.utils.echo event=line locals={}
2026-08-23 01:28:28.584 /testbed/src/click/utils.py:310 click.utils.echo event=line locals={}
2026-08-23 01:28:28.584 /testbed/src/click/utils.py:311 click.utils.echo event=line locals={}
2026-08-23 01:28:28.584 /testbed/src/click/utils.py:312 click.utils.echo event=line locals={}
2026-08-23 01:28:28.584 /testbed/src/click/utils.py:318 click.utils.echo event=line locals={'out': "'\\x1b[31mzbbosmleccccccc\\x1b[0m'"}
2026-08-23 01:28:28.584 /testbed/src/click/utils.py:319 click.utils.echo event=line locals={}
2026-08-23 01:28:28.584 /testbed/src/click/utils.py:320 click.utils.echo event=line locals={}
2026-08-23 01:28:28.584 /testbed/src/click/utils.py:324 click.utils.echo event=line locals={'out': "'\\x1b[31mzbbosmleccccccc\\x1b[0m\\n'"}
2026-08-23 01:28:28.584 /testbed/src/click/utils.py:332 click.utils.echo event=line locals={}
2026-08-23 01:28:28.584 /testbed/src/click/utils.py:342 click.utils.echo event=line locals={}
2026-08-23 01:28:28.584 /testbed/src/click/utils.py:345 click.utils.echo event=line locals={}
2026-08-23 01:28:28.585 /testbed/src/click/utils.py:346 click.utils.echo event=line locals={}
2026-08-23 01:28:28.585 /testbed/src/click/utils.py:346 click.utils.echo event=return retval=None locals={'color': 'True', 'err': 'False', 'file': '<testcase.TextCapture object at 0x7b73a1e5dab0>', 'message': "'\\x1b[31mzbbosmleccccccc\\x1b[0m'", 'nl': 'True', 'out': "'\\x1b[31mzbbosmleccccccc\\x1b[0m\\n'"}
2026-08-23 01:28:28.585 /testbed/src/click/utils.py:252 click.utils.echo event=call locals={'color': 'False', 'err': 'False', 'file': '<testcase.TextCapture object at 0x7b73a1e5db40>', 'message': "'\\x1b[31mqzvuapmfddddddd\\x1b[0m'", 'nl': 'False'}
2026-08-23 01:28:28.585 /testbed/src/click/utils.py:299 click.utils.echo event=line locals={}
2026-08-23 01:28:28.585 /testbed/src/click/utils.py:310 click.utils.echo event=line locals={}
2026-08-23 01:28:28.585 /testbed/src/click/utils.py:311 click.utils.echo event=line locals={}
2026-08-23 01:28:28.585 /testbed/src/click/utils.py:312 click.utils.echo event=line locals={}
2026-08-23 01:28:28.585 /testbed/src/click/utils.py:318 click.utils.echo event=line locals={'out': "'\\x1b[31mqzvuapmfddddddd\\x1b[0m'"}
2026-08-23 01:28:28.585 /testbed/src/click/utils.py:324 click.utils.echo event=line locals={}
2026-08-23 01:28:28.585 /testbed/src/click/utils.py:332 click.utils.echo event=line locals={}
2026-08-23 01:28:28.585 /testbed/src/click/utils.py:342 click.utils.echo event=line locals={}
2026-08-23 01:28:28.585 /testbed/src/click/utils.py:343 click.utils.echo event=line locals={}
2026-08-23 01:28:28.585 /testbed/src/click/utils.py:345 click.utils.echo event=line locals={'out': "'qzvuapmfddddddd'"}
2026-08-23 01:28:28.585 /testbed/src/click/utils.py:346 click.utils.echo event=line locals={}
2026-08-23 01:28:28.585 /testbed/src/click/utils.py:346 click.utils.echo event=return retval=None locals={'color': 'False', 'err': 'False', 'file': '<testcase.TextCapture object at 0x7b73a1e5db40>', 'message': "'\\x1b[31mqzvuapmfddddddd\\x1b[0m'", 'nl': 'False', 'out': "'qzvuapmfddddddd'"}
2026-08-23 01:28:28.585 /testbed/src/click/utils.py:252 click.utils.echo event=call locals={'color': 'True', 'err': 'False', 'file': '<testcase.TextCapture object at 0x7b73a1e5dbd0>', 'message': 'None', 'nl': 'False'}
2026-08-23 01:28:28.585 /testbed/src/click/utils.py:299 click.utils.echo event=line locals={}
2026-08-23 01:28:28.585 /testbed/src/click/utils.py:310 click.utils.echo event=line locals={}
2026-08-23 01:28:28.585 /testbed/src/click/utils.py:311 click.utils.echo event=line locals={}
2026-08-23 01:28:28.585 /testbed/src/click/utils.py:313 click.utils.echo event=line locals={}
2026-08-23 01:28:28.585 /testbed/src/click/utils.py:314 click.utils.echo event=line locals={}
2026-08-23 01:28:28.585 /testbed/src/click/utils.py:318 click.utils.echo event=line locals={'out': "''"}
2026-08-23 01:28:28.585 /testbed/src/click/utils.py:324 click.utils.echo event=line locals={}
2026-08-23 01:28:28.585 /testbed/src/click/utils.py:325 click.utils.echo event=line locals={}
2026-08-23 01:28:28.585 /testbed/src/click/utils.py:326 click.utils.echo event=line locals={}
2026-08-23 01:28:28.585 /testbed/src/click/utils.py:326 click.utils.echo event=return retval=None locals={'color': 'True', 'err': 'False', 'file': '<testcase.TextCapture object at 0x7b73a1e5dbd0>', 'message': 'None', 'nl': 'False', 'out': "''"}
2026-08-23 01:28:28.585 /testbed/src/click/utils.py:252 click.utils.echo event=call locals={'color': 'None', 'err': 'False', 'file': '<testcase.BinaryCapture object at 0x7b73a1e9d620>', 'message': "bytearray(b'8(954><:4444444')", 'nl': 'False'}
2026-08-23 01:28:28.585 /testbed/src/click/utils.py:299 click.utils.echo event=line locals={}
2026-08-23 01:28:28.585 /testbed/src/click/utils.py:310 click.utils.echo event=line locals={}
2026-08-23 01:28:28.585 /testbed/src/click/utils.py:311 click.utils.echo event=line locals={}
2026-08-23 01:28:28.585 /testbed/src/click/utils.py:312 click.utils.echo event=line locals={}
2026-08-23 01:28:28.585 /testbed/src/click/utils.py:318 click.utils.echo event=line locals={'out': "bytearray(b'8(954><:4444444')"}
2026-08-23 01:28:28.585 /testbed/src/click/utils.py:324 click.utils.echo event=line locals={}
2026-08-23 01:28:28.585 /testbed/src/click/utils.py:332 click.utils.echo event=line locals={}
2026-08-23 01:28:28.585 /testbed/src/click/utils.py:333 click.utils.echo event=line locals={}
2026-08-23 01:28:28.585 /testbed/src/click/utils.py:334 click.utils.echo event=line locals={'binary_file': '<testcase.BinaryCapture object at 0x7b73a1e9d620>'}
2026-08-23 01:28:28.585 /testbed/src/click/utils.py:335 click.utils.echo event=line locals={}
2026-08-23 01:28:28.585 /testbed/src/click/utils.py:336 click.utils.echo event=line locals={}
2026-08-23 01:28:28.585 /testbed/src/click/utils.py:337 click.utils.echo event=line locals={}
2026-08-23 01:28:28.585 /testbed/src/click/utils.py:338 click.utils.echo event=line locals={}
2026-08-23 01:28:28.585 /testbed/src/click/utils.py:338 click.utils.echo event=return retval=None locals={'binary_file': '<testcase.BinaryCapture object at 0x7b73a1e9d620>', 'color': 'None', 'err': 'False', 'file': '<testcase.BinaryCapture object at 0x7b73a1e9d620>', 'message': "bytearray(b'8(954><:4444444')", 'nl': 'False', 'out': "bytearray(b'8(954><:4444444')"}
2026-08-23 01:28:28.585 /testbed/src/click/utils.py:252 click.utils.echo event=call locals={'color': 'True', 'err': 'False', 'file': '<testcase.TextCapture object at 0x7b73a1e5dc60>', 'message': 'None', 'nl': 'False'}
2026-08-23 01:28:28.585 /testbed/src/click/utils.py:299 click.utils.echo event=line locals={}
2026-08-23 01:28:28.585 /testbed/src/click/utils.py:310 click.utils.echo event=line locals={}
2026-08-23 01:28:28.585 /testbed/src/click/utils.py:311 click.utils.echo event=line locals={}
2026-08-23 01:28:28.585 /testbed/src/click/utils.py:313 click.utils.echo event=line locals={}
2026-08-23 01:28:28.585 /testbed/src/click/utils.py:314 click.utils.echo event=line locals={}
2026-08-23 01:28:28.586 /testbed/src/click/utils.py:318 click.utils.echo event=line locals={'out': "''"}
2026-08-23 01:28:28.586 /testbed/src/click/utils.py:324 click.utils.echo event=line locals={}
2026-08-23 01:28:28.586 /testbed/src/click/utils.py:325 click.utils.echo event=line locals={}
2026-08-23 01:28:28.586 /testbed/src/click/utils.py:326 click.utils.echo event=line locals={}
2026-08-23 01:28:28.586 /testbed/src/click/utils.py:326 click.utils.echo event=return retval=None locals={'color': 'True', 'err': 'False', 'file': '<testcase.TextCapture object at 0x7b73a1e5dc60>', 'message': 'None', 'nl': 'False', 'out': "''"}
2026-08-23 01:28:28.586 /testbed/src/click/utils.py:252 click.utils.echo event=call locals={'color': 'False', 'err': 'False', 'file': '<testcase.BinaryCapture object at 0x7b73a1e9d6c0>', 'message': "b'\\xb1\\xab\\xb7\\xba\\xa7\\xaf\\xb8\\xad\\xaa\\xaa\\xaa\\xaa\\xaa\\xaa\\xaa'", 'nl': 'True'}
2026-08-23 01:28:28.586 /testbed/src/click/utils.py:299 click.utils.echo event=line locals={}
2026-08-23 01:28:28.586 /testbed/src/click/utils.py:310 click.utils.echo event=line locals={}
2026-08-23 01:28:28.586 /testbed/src/click/utils.py:311 click.utils.echo event=line locals={}
2026-08-23 01:28:28.586 /testbed/src/click/utils.py:312 click.utils.echo event=line locals={}
2026-08-23 01:28:28.586 /testbed/src/click/utils.py:318 click.utils.echo event=line locals={'out': "b'\\xb1\\xab\\xb7\\xba\\xa7\\xaf\\xb8\\xad\\xaa\\xaa\\xaa\\xaa\\xaa\\xaa\\xaa'"}
2026-08-23 01:28:28.586 /testbed/src/click/utils.py:319 click.utils.echo event=line locals={}
2026-08-23 01:28:28.586 /testbed/src/click/utils.py:322 click.utils.echo event=line locals={}
2026-08-23 01:28:28.586 /testbed/src/click/utils.py:324 click.utils.echo event=line locals={'out': "b'\\xb1\\xab\\xb7\\xba\\xa7\\xaf\\xb8\\xad\\xaa\\xaa\\xaa\\xaa\\xaa\\xaa\\xaa\\n'"}
2026-08-23 01:28:28.586 /testbed/src/click/utils.py:332 click.utils.echo event=line locals={}
2026-08-23 01:28:28.586 /testbed/src/click/utils.py:333 click.utils.echo event=line locals={}
2026-08-23 01:28:28.586 /testbed/src/click/utils.py:334 click.utils.echo event=line locals={'binary_file': '<testcase.BinaryCapture object at 0x7b73a1e9d6c0>'}
2026-08-23 01:28:28.586 /testbed/src/click/utils.py:335 click.utils.echo event=line locals={}
2026-08-23 01:28:28.586 /testbed/src/click/utils.py:336 click.utils.echo event=line locals={}
2026-08-23 01:28:28.586 /testbed/src/click/utils.py:337 click.utils.echo event=line locals={}
2026-08-23 01:28:28.586 /testbed/src/click/utils.py:338 click.utils.echo event=line locals={}
2026-08-23 01:28:28.586 /testbed/src/click/utils.py:338 click.utils.echo event=return retval=None locals={'binary_file': '<testcase.BinaryCapture object at 0x7b73a1e9d6c0>', 'color': 'False', 'err': 'False', 'file': '<testcase.BinaryCapture object at 0x7b73a1e9d6c0>', 'message': "b'\\xb1\\xab\\xb7\\xba\\xa7\\xaf\\xb8\\xad\\xaa\\xaa\\xaa\\xaa\\xaa\\xaa\\xaa'", 'nl': 'True', 'out': "b'\\xb1\\xab\\xb7\\xba\\xa7\\xaf\\xb8\\xad\\xaa\\xaa\\xaa\\xaa\\xaa\\xaa\\xaa\\n'"}
2026-08-23 01:28:28.586 /testbed/src/click/utils.py:252 click.utils.echo event=call locals={'color': 'True', 'err': 'False', 'file': '<testcase.TextCapture object at 0x7b73a1e5dcf0>', 'message': "'\\x1b[31mvympqqxliiiiiii\\x1b[0m'", 'nl': 'False'}
2026-08-23 01:28:28.586 /testbed/src/click/utils.py:299 click.utils.echo event=line locals={}
2026-08-23 01:28:28.586 /testbed/src/click/utils.py:310 click.utils.echo event=line locals={}
2026-08-23 01:28:28.586 /testbed/src/click/utils.py:311 click.utils.echo event=line locals={}
2026-08-23 01:28:28.586 /testbed/src/click/utils.py:312 click.utils.echo event=line locals={}
2026-08-23 01:28:28.586 /testbed/src/click/utils.py:318 click.utils.echo event=line locals={'out': "'\\x1b[31mvympqqxliiiiiii\\x1b[0m'"}
2026-08-23 01:28:28.586 /testbed/src/click/utils.py:324 click.utils.echo event=line locals={}
2026-08-23 01:28:28.586 /testbed/src/click/utils.py:332 click.utils.echo event=line locals={}
2026-08-23 01:28:28.586 /testbed/src/click/utils.py:342 click.utils.echo event=line locals={}
2026-08-23 01:28:28.586 /testbed/src/click/utils.py:345 click.utils.echo event=line locals={}
2026-08-23 01:28:28.586 /testbed/src/click/utils.py:346 click.utils.echo event=line locals={}
2026-08-23 01:28:28.586 /testbed/src/click/utils.py:346 click.utils.echo event=return retval=None locals={'color': 'True', 'err': 'False', 'file': '<testcase.TextCapture object at 0x7b73a1e5dcf0>', 'message': "'\\x1b[31mvympqqxliiiiiii\\x1b[0m'", 'nl': 'False', 'out': "'\\x1b[31mvympqqxliiiiiii\\x1b[0m'"}
2026-08-23 01:28:28.586 /testbed/src/click/utils.py:252 click.utils.echo event=call locals={'color': 'None', 'err': 'False', 'file': '<testcase.TextCapture object at 0x7b73a1e5dd80>', 'message': "'ztsyzankjjjjjjjztsyzankjjjjjjjztsyzankjjjjjjjztsyzankjjjjjjj'", 'nl': 'False'}
2026-08-23 01:28:28.586 /testbed/src/click/utils.py:299 click.utils.echo event=line locals={}
2026-08-23 01:28:28.586 /testbed/src/click/utils.py:310 click.utils.echo event=line locals={}
2026-08-23 01:28:28.586 /testbed/src/click/utils.py:311 click.utils.echo event=line locals={}
2026-08-23 01:28:28.586 /testbed/src/click/utils.py:312 click.utils.echo event=line locals={}
2026-08-23 01:28:28.586 /testbed/src/click/utils.py:318 click.utils.echo event=line locals={'out': "'ztsyzankjjjjjjjztsyzankjjjjjjjztsyzankjjjjjjjztsyzankjjjjjjj'"}
2026-08-23 01:28:28.586 /testbed/src/click/utils.py:324 click.utils.echo event=line locals={}
2026-08-23 01:28:28.586 /testbed/src/click/utils.py:332 click.utils.echo event=line locals={}
2026-08-23 01:28:28.586 /testbed/src/click/utils.py:342 click.utils.echo event=line locals={}
2026-08-23 01:28:28.586 /testbed/src/click/utils.py:343 click.utils.echo event=line locals={}
2026-08-23 01:28:28.586 /testbed/src/click/utils.py:345 click.utils.echo event=line locals={}
2026-08-23 01:28:28.586 /testbed/src/click/utils.py:346 click.utils.echo event=line locals={}
2026-08-23 01:28:28.586 /testbed/src/click/utils.py:346 click.utils.echo event=return retval=None locals={'color': 'None', 'err': 'False', 'file': '<testcase.TextCapture object at 0x7b73a1e5dd80>', 'message': "'ztsyzankjjjjjjjztsyzankjjjjjjjztsyzankjjjjjjjztsyzankjjjjjjj'", 'nl': 'False', 'out': "'ztsyzankjjjjjjjztsyzankjjjjjjjztsyzankjjjjjjjztsyzankjjjjjjj'"}
2026-08-23 01:28:28.586 /testbed/src/click/utils.py:252 click.utils.echo event=call locals={'color': 'False', 'err': 'False', 'file': '<testcase.TextCapture object at 0x7b73a1e5de10>', 'message': 'None', 'nl': 'False'}
2026-08-23 01:28:28.586 /testbed/src/click/utils.py:299 click.utils.echo event=line locals={}
2026-08-23 01:28:28.586 /testbed/src/click/utils.py:310 click.utils.echo event=line locals={}
2026-08-23 01:28:28.587 /testbed/src/click/utils.py:311 click.utils.echo event=line locals={}
2026-08-23 01:28:28.587 /testbed/src/click/utils.py:313 click.utils.echo event=line locals={}
2026-08-23 01:28:28.587 /testbed/src/click/utils.py:314 click.utils.echo event=line locals={}
2026-08-23 01:28:28.587 /testbed/src/click/utils.py:318 click.utils.echo event=line locals={'out': "''"}
2026-08-23 01:28:28.587 /testbed/src/click/utils.py:324 click.utils.echo event=line locals={}
2026-08-23 01:28:28.587 /testbed/src/click/utils.py:325 click.utils.echo event=line locals={}
2026-08-23 01:28:28.587 /testbed/src/click/utils.py:326 click.utils.echo event=line locals={}
2026-08-23 01:28:28.587 /testbed/src/click/utils.py:326 click.utils.echo event=return retval=None locals={'color': 'False', 'err': 'False', 'file': '<testcase.TextCapture object at 0x7b73a1e5de10>', 'message': 'None', 'nl': 'False', 'out': "''"}
2026-08-23 01:28:28.587 /testbed/src/click/utils.py:252 click.utils.echo event=call locals={'color': 'True', 'err': 'False', 'file': '<testcase.TextCapture object at 0x7b73a1e5dea0>', 'message': 'None', 'nl': 'False'}
2026-08-23 01:28:28.587 /testbed/src/click/utils.py:299 click.utils.echo event=line locals={}
2026-08-23 01:28:28.587 /testbed/src/click/utils.py:310 click.utils.echo event=line locals={}
2026-08-23 01:28:28.587 /testbed/src/click/utils.py:311 click.utils.echo event=line locals={}
2026-08-23 01:28:28.587 /testbed/src/click/utils.py:313 click.utils.echo event=line locals={}
2026-08-23 01:28:28.587 /testbed/src/click/utils.py:314 click.utils.echo event=line locals={}
2026-08-23 01:28:28.587 /testbed/src/click/utils.py:318 click.utils.echo event=line locals={'out': "''"}
2026-08-23 01:28:28.587 /testbed/src/click/utils.py:324 click.utils.echo event=line locals={}
2026-08-23 01:28:28.587 /testbed/src/click/utils.py:325 click.utils.echo event=line locals={}
2026-08-23 01:28:28.587 /testbed/src/click/utils.py:326 click.utils.echo event=line locals={}
2026-08-23 01:28:28.587 /testbed/src/click/utils.py:326 click.utils.echo event=return retval=None locals={'color': 'True', 'err': 'False', 'file': '<testcase.TextCapture object at 0x7b73a1e5dea0>', 'message': 'None', 'nl': 'False', 'out': "''"}
2026-08-23 01:28:28.587 /testbed/src/click/utils.py:252 click.utils.echo event=call locals={'color': 'False', 'err': 'False', 'file': '<testcase.BinaryCapture object at 0x7b73a1e9d8a0>', 'message': "b'\\xb6\\xc5\\xbc\\xc6\\xb5\\xb1\\xc4\\xbb\\xb9\\xb9\\xb9\\xb9\\xb9\\xb9\\xb9'", 'nl': 'False'}
2026-08-23 01:28:28.587 /testbed/src/click/utils.py:299 click.utils.echo event=line locals={}
2026-08-23 01:28:28.587 /testbed/src/click/utils.py:310 click.utils.echo event=line locals={}
2026-08-23 01:28:28.587 /testbed/src/click/utils.py:311 click.utils.echo event=line locals={}
2026-08-23 01:28:28.587 /testbed/src/click/utils.py:312 click.utils.echo event=line locals={}
2026-08-23 01:28:28.587 /testbed/src/click/utils.py:318 click.utils.echo event=line locals={'out': "b'\\xb6\\xc5\\xbc\\xc6\\xb5\\xb1\\xc4\\xbb\\xb9\\xb9\\xb9\\xb9\\xb9\\xb9\\xb9'"}
2026-08-23 01:28:28.587 /testbed/src/click/utils.py:324 click.utils.echo event=line locals={}
2026-08-23 01:28:28.587 /testbed/src/click/utils.py:332 click.utils.echo event=line locals={}
2026-08-23 01:28:28.587 /testbed/src/click/utils.py:333 click.utils.echo event=line locals={}
2026-08-23 01:28:28.587 /testbed/src/click/utils.py:334 click.utils.echo event=line locals={'binary_file': '<testcase.BinaryCapture object at 0x7b73a1e9d8a0>'}
2026-08-23 01:28:28.587 /testbed/src/click/utils.py:335 click.utils.echo event=line locals={}
2026-08-23 01:28:28.587 /testbed/src/click/utils.py:336 click.utils.echo event=line locals={}
2026-08-23 01:28:28.587 /testbed/src/click/utils.py:337 click.utils.echo event=line locals={}
2026-08-23 01:28:28.587 /testbed/src/click/utils.py:338 click.utils.echo event=line locals={}
2026-08-23 01:28:28.587 /testbed/src/click/utils.py:338 click.utils.echo event=return retval=None locals={'binary_file': '<testcase.BinaryCapture object at 0x7b73a1e9d8a0>', 'color': 'False', 'err': 'False', 'file': '<testcase.BinaryCapture object at 0x7b73a1e9d8a0>', 'message': "b'\\xb6\\xc5\\xbc\\xc6\\xb5\\xb1\\xc4\\xbb\\xb9\\xb9\\xb9\\xb9\\xb9\\xb9\\xb9'", 'nl': 'False', 'out': "b'\\xb6\\xc5\\xbc\\xc6\\xb5\\xb1\\xc4\\xbb\\xb9\\xb9\\xb9\\xb9\\xb9\\xb9\\xb9'"}
2026-08-23 01:28:28.587 /testbed/src/click/utils.py:252 click.utils.echo event=call locals={'color': 'True', 'err': 'False', 'file': '<testcase.TextCapture object at 0x7b73a1e5df30>', 'message': '<testcase.Renderable object at 0x7b73a1e8bf90>', 'nl': 'False'}
2026-08-23 01:28:28.587 /testbed/src/click/utils.py:299 click.utils.echo event=line locals={}
2026-08-23 01:28:28.587 /testbed/src/click/utils.py:310 click.utils.echo event=line locals={}
2026-08-23 01:28:28.587 /testbed/src/click/utils.py:311 click.utils.echo event=line locals={}
2026-08-23 01:28:28.587 /testbed/src/click/utils.py:313 click.utils.echo event=line locals={}
2026-08-23 01:28:28.587 /testbed/src/click/utils.py:315 click.utils.echo event=line locals={}
2026-08-23 01:28:28.587 /testbed/src/click/utils.py:316 click.utils.echo event=line locals={}
2026-08-23 01:28:28.587 /testbed/src/click/utils.py:318 click.utils.echo event=line locals={'out': "'\\x1b[35mnnnnnnnpxcwanpw\\x1b[0m'"}
2026-08-23 01:28:28.587 /testbed/src/click/utils.py:324 click.utils.echo event=line locals={}
2026-08-23 01:28:28.587 /testbed/src/click/utils.py:332 click.utils.echo event=line locals={}
2026-08-23 01:28:28.587 /testbed/src/click/utils.py:342 click.utils.echo event=line locals={}
2026-08-23 01:28:28.587 /testbed/src/click/utils.py:345 click.utils.echo event=line locals={}
2026-08-23 01:28:28.587 /testbed/src/click/utils.py:346 click.utils.echo event=line locals={}
2026-08-23 01:28:28.587 /testbed/src/click/utils.py:346 click.utils.echo event=return retval=None locals={'color': 'True', 'err': 'False', 'file': '<testcase.TextCapture object at 0x7b73a1e5df30>', 'message': '<testcase.Renderable object at 0x7b73a1e8bf90>', 'nl': 'False', 'out': "'\\x1b[35mnnnnnnnpxcwanpw\\x1b[0m'"}
2026-08-23 01:28:28.587 /testbed/src/click/utils.py:252 click.utils.echo event=call locals={'color': 'False', 'err': 'False', 'file': '<testcase.TextCapture object at 0x7b73a1e5dfc0>', 'message': "'\\x1b[31mdrbxwqvpooooooo\\x1b[0m'", 'nl': 'True'}
2026-08-23 01:28:28.587 /testbed/src/click/utils.py:299 click.utils.echo event=line locals={}
2026-08-23 01:28:28.587 /testbed/src/click/utils.py:310 click.utils.echo event=line locals={}
2026-08-23 01:28:28.587 /testbed/src/click/utils.py:311 click.utils.echo event=line locals={}
2026-08-23 01:28:28.587 /testbed/src/click/utils.py:312 click.utils.echo event=line locals={}
2026-08-23 01:28:28.588 /testbed/src/click/utils.py:318 click.utils.echo event=line locals={'out': "'\\x1b[31mdrbxwqvpooooooo\\x1b[0m'"}
2026-08-23 01:28:28.588 /testbed/src/click/utils.py:319 click.utils.echo event=line locals={}
2026-08-23 01:28:28.588 /testbed/src/click/utils.py:320 click.utils.echo event=line locals={}
2026-08-23 01:28:28.588 /testbed/src/click/utils.py:324 click.utils.echo event=line locals={'out': "'\\x1b[31mdrbxwqvpooooooo\\x1b[0m\\n'"}
2026-08-23 01:28:28.588 /testbed/src/click/utils.py:332 click.utils.echo event=line locals={}
2026-08-23 01:28:28.588 /testbed/src/click/utils.py:342 click.utils.echo event=line locals={}
2026-08-23 01:28:28.588 /testbed/src/click/utils.py:343 click.utils.echo event=line locals={}
2026-08-23 01:28:28.588 /testbed/src/click/utils.py:345 click.utils.echo event=line locals={'out': "'drbxwqvpooooooo\\n'"}
2026-08-23 01:28:28.588 /testbed/src/click/utils.py:346 click.utils.echo event=line locals={}
2026-08-23 01:28:28.588 /testbed/src/click/utils.py:346 click.utils.echo event=return retval=None locals={'color': 'False', 'err': 'False', 'file': '<testcase.TextCapture object at 0x7b73a1e5dfc0>', 'message': "'\\x1b[31mdrbxwqvpooooooo\\x1b[0m'", 'nl': 'True', 'out': "'drbxwqvpooooooo\\n'"}
2026-08-23 01:28:28.588 /testbed/src/click/utils.py:252 click.utils.echo event=call locals={'color': 'True', 'err': 'False', 'file': '<testcase.TextCapture object at 0x7b73a1e5e050>', 'message': "'zrcyezrppppppppzrcyezrppppppppzrcyezrppppppppzrcyezrpppppppp'", 'nl': 'False'}
2026-08-23 01:28:28.588 /testbed/src/click/utils.py:299 click.utils.echo event=line locals={}
2026-08-23 01:28:28.588 /testbed/src/click/utils.py:310 click.utils.echo event=line locals={}
2026-08-23 01:28:28.588 /testbed/src/click/utils.py:311 click.utils.echo event=line locals={}
2026-08-23 01:28:28.588 /testbed/src/click/utils.py:312 click.utils.echo event=line locals={}
2026-08-23 01:28:28.588 /testbed/src/click/utils.py:318 click.utils.echo event=line locals={'out': "'zrcyezrppppppppzrcyezrppppppppzrcyezrppppppppzrcyezrpppppppp'"}
2026-08-23 01:28:28.588 /testbed/src/click/utils.py:324 click.utils.echo event=line locals={}
2026-08-23 01:28:28.588 /testbed/src/click/utils.py:332 click.utils.echo event=line locals={}
2026-08-23 01:28:28.588 /testbed/src/click/utils.py:342 click.utils.echo event=line locals={}
2026-08-23 01:28:28.588 /testbed/src/click/utils.py:345 click.utils.echo event=line locals={}
2026-08-23 01:28:28.588 /testbed/src/click/utils.py:346 click.utils.echo event=line locals={}
2026-08-23 01:28:28.588 /testbed/src/click/utils.py:346 click.utils.echo event=return retval=None locals={'color': 'True', 'err': 'False', 'file': '<testcase.TextCapture object at 0x7b73a1e5e050>', 'message': "'zrcyezrppppppppzrcyezrppppppppzrcyezrppppppppzrcyezrpppppppp'", 'nl': 'False', 'out': "'zrcyezrppppppppzrcyezrppppppppzrcyezrppppppppzrcyezrpppppppp'"}
2026-08-23 01:28:28.588 /testbed/src/click/utils.py:252 click.utils.echo event=call locals={'color': 'None', 'err': 'False', 'file': '<testcase.TextCapture object at 0x7b73a1e5e0e0>', 'message': '<testcase.Renderable object at 0x7b73a1ea0050>', 'nl': 'True'}
2026-08-23 01:28:28.588 /testbed/src/click/utils.py:299 click.utils.echo event=line locals={}
2026-08-23 01:28:28.588 /testbed/src/click/utils.py:310 click.utils.echo event=line locals={}
2026-08-23 01:28:28.588 /testbed/src/click/utils.py:311 click.utils.echo event=line locals={}
2026-08-23 01:28:28.588 /testbed/src/click/utils.py:313 click.utils.echo event=line locals={}
2026-08-23 01:28:28.588 /testbed/src/click/utils.py:315 click.utils.echo event=line locals={}
2026-08-23 01:28:28.588 /testbed/src/click/utils.py:316 click.utils.echo event=line locals={}
2026-08-23 01:28:28.588 /testbed/src/click/utils.py:318 click.utils.echo event=line locals={'out': "'\\x1b[35mqqqqqqqtcmdtcpp\\x1b[0m'"}
2026-08-23 01:28:28.588 /testbed/src/click/utils.py:319 click.utils.echo event=line locals={}
2026-08-23 01:28:28.588 /testbed/src/click/utils.py:320 click.utils.echo event=line locals={}
2026-08-23 01:28:28.588 /testbed/src/click/utils.py:324 click.utils.echo event=line locals={'out': "'\\x1b[35mqqqqqqqtcmdtcpp\\x1b[0m\\n'"}
2026-08-23 01:28:28.588 /testbed/src/click/utils.py:332 click.utils.echo event=line locals={}
2026-08-23 01:28:28.588 /testbed/src/click/utils.py:342 click.utils.echo event=line locals={}
2026-08-23 01:28:28.588 /testbed/src/click/utils.py:343 click.utils.echo event=line locals={}
2026-08-23 01:28:28.588 /testbed/src/click/utils.py:345 click.utils.echo event=line locals={'out': "'qqqqqqqtcmdtcpp\\n'"}
2026-08-23 01:28:28.588 /testbed/src/click/utils.py:346 click.utils.echo event=line locals={}
2026-08-23 01:28:28.588 /testbed/src/click/utils.py:346 click.utils.echo event=return retval=None locals={'color': 'None', 'err': 'False', 'file': '<testcase.TextCapture object at 0x7b73a1e5e0e0>', 'message': '<testcase.Renderable object at 0x7b73a1ea0050>', 'nl': 'True', 'out': "'qqqqqqqtcmdtcpp\\n'"}
2026-08-23 01:28:28.588 /testbed/src/click/utils.py:252 click.utils.echo event=call locals={'color': 'True', 'err': 'False', 'file': '<testcase.TextCapture object at 0x7b73a1e5e170>', 'message': "'\\x1b[31mguehojctrrrrrrr\\x1b[0m'", 'nl': 'True'}
2026-08-23 01:28:28.588 /testbed/src/click/utils.py:299 click.utils.echo event=line locals={}
2026-08-23 01:28:28.588 /testbed/src/click/utils.py:310 click.utils.echo event=line locals={}
2026-08-23 01:28:28.588 /testbed/src/click/utils.py:311 click.utils.echo event=line locals={}
2026-08-23 01:28:28.588 /testbed/src/click/utils.py:312 click.utils.echo event=line locals={}
2026-08-23 01:28:28.588 /testbed/src/click/utils.py:318 click.utils.echo event=line locals={'out': "'\\x1b[31mguehojctrrrrrrr\\x1b[0m'"}
2026-08-23 01:28:28.588 /testbed/src/click/utils.py:319 click.utils.echo event=line locals={}
2026-08-23 01:28:28.588 /testbed/src/click/utils.py:320 click.utils.echo event=line locals={}
2026-08-23 01:28:28.588 /testbed/src/click/utils.py:324 click.utils.echo event=line locals={'out': "'\\x1b[31mguehojctrrrrrrr\\x1b[0m\\n'"}
2026-08-23 01:28:28.588 /testbed/src/click/utils.py:332 click.utils.echo event=line locals={}
2026-08-23 01:28:28.588 /testbed/src/click/utils.py:342 click.utils.echo event=line locals={}
2026-08-23 01:28:28.588 /testbed/src/click/utils.py:345 click.utils.echo event=line locals={}
2026-08-23 01:28:28.588 /testbed/src/click/utils.py:346 click.utils.echo event=line locals={}
2026-08-23 01:28:28.588 /testbed/src/click/utils.py:346 click.utils.echo event=return retval=None locals={'color': 'True', 'err': 'False', 'file': '<testcase.TextCapture object at 0x7b73a1e5e170>', 'message': "'\\x1b[31mguehojctrrrrrrr\\x1b[0m'", 'nl': 'True', 'out': "'\\x1b[31mguehojctrrrrrrr\\x1b[0m\\n'"}
2026-08-23 01:28:28.589 /testbed/src/click/utils.py:252 click.utils.echo event=call locals={'color': 'True', 'err': 'False', 'file': '<testcase.TextCapture object at 0x7b73a1e5e200>', 'message': 'None', 'nl': 'False'}
2026-08-23 01:28:28.589 /testbed/src/click/utils.py:299 click.utils.echo event=line locals={}
2026-08-23 01:28:28.589 /testbed/src/click/utils.py:310 click.utils.echo event=line locals={}
2026-08-23 01:28:28.589 /testbed/src/click/utils.py:311 click.utils.echo event=line locals={}
2026-08-23 01:28:28.589 /testbed/src/click/utils.py:313 click.utils.echo event=line locals={}
2026-08-23 01:28:28.589 /testbed/src/click/utils.py:314 click.utils.echo event=line locals={}
2026-08-23 01:28:28.589 /testbed/src/click/utils.py:318 click.utils.echo event=line locals={'out': "''"}
2026-08-23 01:28:28.589 /testbed/src/click/utils.py:324 click.utils.echo event=line locals={}
2026-08-23 01:28:28.589 /testbed/src/click/utils.py:325 click.utils.echo event=line locals={}
2026-08-23 01:28:28.589 /testbed/src/click/utils.py:326 click.utils.echo event=line locals={}
2026-08-23 01:28:28.589 /testbed/src/click/utils.py:326 click.utils.echo event=return retval=None locals={'color': 'True', 'err': 'False', 'file': '<testcase.TextCapture object at 0x7b73a1e5e200>', 'message': 'None', 'nl': 'False', 'out': "''"}
2026-08-23 01:28:28.589 /testbed/src/click/utils.py:252 click.utils.echo event=call locals={'color': 'None', 'err': 'False', 'file': '<testcase.BinaryCapture object at 0x7b73a1e9d800>', 'message': "b'\\xbf\\xd0\\xbb\\xc9\\xbf\\xc3\\xbe\\xd0\\xce\\xce\\xce\\xce\\xce\\xce\\xce'", 'nl': 'False'}
2026-08-23 01:28:28.589 /testbed/src/click/utils.py:299 click.utils.echo event=line locals={}
2026-08-23 01:28:28.589 /testbed/src/click/utils.py:310 click.utils.echo event=line locals={}
2026-08-23 01:28:28.589 /testbed/src/click/utils.py:311 click.utils.echo event=line locals={}
2026-08-23 01:28:28.589 /testbed/src/click/utils.py:312 click.utils.echo event=line locals={}
2026-08-23 01:28:28.589 /testbed/src/click/utils.py:318 click.utils.echo event=line locals={'out': "b'\\xbf\\xd0\\xbb\\xc9\\xbf\\xc3\\xbe\\xd0\\xce\\xce\\xce\\xce\\xce\\xce\\xce'"}
2026-08-23 01:28:28.589 /testbed/src/click/utils.py:324 click.utils.echo event=line locals={}
2026-08-23 01:28:28.589 /testbed/src/click/utils.py:332 click.utils.echo event=line locals={}
2026-08-23 01:28:28.589 /testbed/src/click/utils.py:333 click.utils.echo event=line locals={}
2026-08-23 01:28:28.589 /testbed/src/click/utils.py:334 click.utils.echo event=line locals={'binary_file': '<testcase.BinaryCapture object at 0x7b73a1e9d800>'}
2026-08-23 01:28:28.589 /testbed/src/click/utils.py:335 click.utils.echo event=line locals={}
2026-08-23 01:28:28.589 /testbed/src/click/utils.py:336 click.utils.echo event=line locals={}
2026-08-23 01:28:28.589 /testbed/src/click/utils.py:337 click.utils.echo event=line locals={}
2026-08-23 01:28:28.589 /testbed/src/click/utils.py:338 click.utils.echo event=line locals={}
2026-08-23 01:28:28.589 /testbed/src/click/utils.py:338 click.utils.echo event=return retval=None locals={'binary_file': '<testcase.BinaryCapture object at 0x7b73a1e9d800>', 'color': 'None', 'err': 'False', 'file': '<testcase.BinaryCapture object at 0x7b73a1e9d800>', 'message': "b'\\xbf\\xd0\\xbb\\xc9\\xbf\\xc3\\xbe\\xd0\\xce\\xce\\xce\\xce\\xce\\xce\\xce'", 'nl': 'False', 'out': "b'\\xbf\\xd0\\xbb\\xc9\\xbf\\xc3\\xbe\\xd0\\xce\\xce\\xce\\xce\\xce\\xce\\xce'"}
2026-08-23 01:28:28.589 /testbed/src/click/utils.py:252 click.utils.echo event=call locals={'color': 'None', 'err': 'False', 'file': '<testcase.TextCapture object at 0x7b73a1e5e290>', 'message': "'\\x1b[31mnllyiewuuuuuuuu\\x1b[0m'", 'nl': 'True'}
2026-08-23 01:28:28.589 /testbed/src/click/utils.py:299 click.utils.echo event=line locals={}
2026-08-23 01:28:28.589 /testbed/src/click/utils.py:310 click.utils.echo event=line locals={}
2026-08-23 01:28:28.589 /testbed/src/click/utils.py:311 click.utils.echo event=line locals={}
2026-08-23 01:28:28.589 /testbed/src/click/utils.py:312 click.utils.echo event=line locals={}
2026-08-23 01:28:28.589 /testbed/src/click/utils.py:318 click.utils.echo event=line locals={'out': "'\\x1b[31mnllyiewuuuuuuuu\\x1b[0m'"}
2026-08-23 01:28:28.589 /testbed/src/click/utils.py:319 click.utils.echo event=line locals={}
2026-08-23 01:28:28.589 /testbed/src/click/utils.py:320 click.utils.echo event=line locals={}
2026-08-23 01:28:28.589 /testbed/src/click/utils.py:324 click.utils.echo event=line locals={'out': "'\\x1b[31mnllyiewuuuuuuuu\\x1b[0m\\n'"}
2026-08-23 01:28:28.589 /testbed/src/click/utils.py:332 click.utils.echo event=line locals={}
2026-08-23 01:28:28.589 /testbed/src/click/utils.py:342 click.utils.echo event=line locals={}
2026-08-23 01:28:28.589 /testbed/src/click/utils.py:343 click.utils.echo event=line locals={}
2026-08-23 01:28:28.589 /testbed/src/click/utils.py:345 click.utils.echo event=line locals={'out': "'nllyiewuuuuuuuu\\n'"}
2026-08-23 01:28:28.589 /testbed/src/click/utils.py:346 click.utils.echo event=line locals={}
2026-08-23 01:28:28.589 /testbed/src/click/utils.py:346 click.utils.echo event=return retval=None locals={'color': 'None', 'err': 'False', 'file': '<testcase.TextCapture object at 0x7b73a1e5e290>', 'message': "'\\x1b[31mnllyiewuuuuuuuu\\x1b[0m'", 'nl': 'True', 'out': "'nllyiewuuuuuuuu\\n'"}
2026-08-23 01:28:28.589 /testbed/src/click/utils.py:252 click.utils.echo event=call locals={'color': 'True', 'err': 'False', 'file': '<testcase.BinaryCapture object at 0x7b73a1e9da30>', 'message': "b'\\xcf\\xd2\\xc6\\xd7\\xc1\\xc8\\xd7\\xd4\\xd4\\xd4\\xd4\\xd4\\xd4\\xd4\\xd4'", 'nl': 'False'}
2026-08-23 01:28:28.589 /testbed/src/click/utils.py:299 click.utils.echo event=line locals={}
2026-08-23 01:28:28.589 /testbed/src/click/utils.py:310 click.utils.echo event=line locals={}
2026-08-23 01:28:28.589 /testbed/src/click/utils.py:311 click.utils.echo event=line locals={}
2026-08-23 01:28:28.589 /testbed/src/click/utils.py:312 click.utils.echo event=line locals={}
2026-08-23 01:28:28.589 /testbed/src/click/utils.py:318 click.utils.echo event=line locals={'out': "b'\\xcf\\xd2\\xc6\\xd7\\xc1\\xc8\\xd7\\xd4\\xd4\\xd4\\xd4\\xd4\\xd4\\xd4\\xd4'"}
2026-08-23 01:28:28.589 /testbed/src/click/utils.py:324 click.utils.echo event=line locals={}
2026-08-23 01:28:28.589 /testbed/src/click/utils.py:332 click.utils.echo event=line locals={}
2026-08-23 01:28:28.589 /testbed/src/click/utils.py:333 click.utils.echo event=line locals={}
2026-08-23 01:28:28.590 /testbed/src/click/utils.py:334 click.utils.echo event=line locals={'binary_file': '<testcase.BinaryCapture object at 0x7b73a1e9da30>'}
2026-08-23 01:28:28.590 /testbed/src/click/utils.py:335 click.utils.echo event=line locals={}
2026-08-23 01:28:28.590 /testbed/src/click/utils.py:336 click.utils.echo event=line locals={}
2026-08-23 01:28:28.590 /testbed/src/click/utils.py:337 click.utils.echo event=line locals={}
2026-08-23 01:28:28.590 /testbed/src/click/utils.py:338 click.utils.echo event=line locals={}
2026-08-23 01:28:28.590 /testbed/src/click/utils.py:338 click.utils.echo event=return retval=None locals={'binary_file': '<testcase.BinaryCapture object at 0x7b73a1e9da30>', 'color': 'True', 'err': 'False', 'file': '<testcase.BinaryCapture object at 0x7b73a1e9da30>', 'message': "b'\\xcf\\xd2\\xc6\\xd7\\xc1\\xc8\\xd7\\xd4\\xd4\\xd4\\xd4\\xd4\\xd4\\xd4\\xd4'", 'nl': 'False', 'out': "b'\\xcf\\xd2\\xc6\\xd7\\xc1\\xc8\\xd7\\xd4\\xd4\\xd4\\xd4\\xd4\\xd4\\xd4\\xd4'"}
2026-08-23 01:28:28.590 /testbed/src/click/utils.py:252 click.utils.echo event=call locals={'color': 'True', 'err': 'False', 'file': '<testcase.BinaryCapture object at 0x7b73a1e9d990>', 'message': "b'\\xd4\\xd6\\xd6\\xd0\\xc8\\xc6\\xc5\\xd9\\xd7\\xd7\\xd7\\xd7\\xd7\\xd7\\xd7'", 'nl': 'True'}
2026-08-23 01:28:28.590 /testbed/src/click/utils.py:299 click.utils.echo event=line locals={}
2026-08-23 01:28:28.590 /testbed/src/click/utils.py:310 click.utils.echo event=line locals={}
2026-08-23 01:28:28.590 /testbed/src/click/utils.py:311 click.utils.echo event=line locals={}
2026-08-23 01:28:28.590 /testbed/src/click/utils.py:312 click.utils.echo event=line locals={}
2026-08-23 01:28:28.590 /testbed/src/click/utils.py:318 click.utils.echo event=line locals={'out': "b'\\xd4\\xd6\\xd6\\xd0\\xc8\\xc6\\xc5\\xd9\\xd7\\xd7\\xd7\\xd7\\xd7\\xd7\\xd7'"}
2026-08-23 01:28:28.590 /testbed/src/click/utils.py:319 click.utils.echo event=line locals={}
2026-08-23 01:28:28.590 /testbed/src/click/utils.py:322 click.utils.echo event=line locals={}
2026-08-23 01:28:28.590 /testbed/src/click/utils.py:324 click.utils.echo event=line locals={'out': "b'\\xd4\\xd6\\xd6\\xd0\\xc8\\xc6\\xc5\\xd9\\xd7\\xd7\\xd7\\xd7\\xd7\\xd7\\xd7\\n'"}
2026-08-23 01:28:28.590 /testbed/src/click/utils.py:332 click.utils.echo event=line locals={}
2026-08-23 01:28:28.590 /testbed/src/click/utils.py:333 click.utils.echo event=line locals={}
2026-08-23 01:28:28.590 /testbed/src/click/utils.py:334 click.utils.echo event=line locals={'binary_file': '<testcase.BinaryCapture object at 0x7b73a1e9d990>'}
2026-08-23 01:28:28.590 /testbed/src/click/utils.py:335 click.utils.echo event=line locals={}
2026-08-23 01:28:28.590 /testbed/src/click/utils.py:336 click.utils.echo event=line locals={}
2026-08-23 01:28:28.590 /testbed/src/click/utils.py:337 click.utils.echo event=line locals={}
2026-08-23 01:28:28.590 /testbed/src/click/utils.py:338 click.utils.echo event=line locals={}
2026-08-23 01:28:28.590 /testbed/src/click/utils.py:338 click.utils.echo event=return retval=None locals={'binary_file': '<testcase.BinaryCapture object at 0x7b73a1e9d990>', 'color': 'True', 'err': 'False', 'file': '<testcase.BinaryCapture object at 0x7b73a1e9d990>', 'message': "b'\\xd4\\xd6\\xd6\\xd0\\xc8\\xc6\\xc5\\xd9\\xd7\\xd7\\xd7\\xd7\\xd7\\xd7\\xd7'", 'nl': 'True', 'out': "b'\\xd4\\xd6\\xd6\\xd0\\xc8\\xc6\\xc5\\xd9\\xd7\\xd7\\xd7\\xd7\\xd7\\xd7\\xd7\\n'"}
2026-08-23 01:28:28.590 /testbed/src/click/utils.py:252 click.utils.echo event=call locals={'color': 'False', 'err': 'False', 'file': '<testcase.TextCapture object at 0x7b73a1e5e320>', 'message': "'fsimaxkaxxxxxxx'", 'nl': 'True'}
2026-08-23 01:28:28.590 /testbed/src/click/utils.py:299 click.utils.echo event=line locals={}
2026-08-23 01:28:28.590 /testbed/src/click/utils.py:310 click.utils.echo event=line locals={}
2026-08-23 01:28:28.590 /testbed/src/click/utils.py:311 click.utils.echo event=line locals={}
2026-08-23 01:28:28.590 /testbed/src/click/utils.py:312 click.utils.echo event=line locals={}
2026-08-23 01:28:28.590 /testbed/src/click/utils.py:318 click.utils.echo event=line locals={'out': "'fsimaxkaxxxxxxx'"}
2026-08-23 01:28:28.590 /testbed/src/click/utils.py:319 click.utils.echo event=line locals={}
2026-08-23 01:28:28.590 /testbed/src/click/utils.py:320 click.utils.echo event=line locals={}
2026-08-23 01:28:28.590 /testbed/src/click/utils.py:324 click.utils.echo event=line locals={'out': "'fsimaxkaxxxxxxx\\n'"}
2026-08-23 01:28:28.590 /testbed/src/click/utils.py:332 click.utils.echo event=line locals={}
2026-08-23 01:28:28.590 /testbed/src/click/utils.py:342 click.utils.echo event=line locals={}
2026-08-23 01:28:28.590 /testbed/src/click/utils.py:343 click.utils.echo event=line locals={}
2026-08-23 01:28:28.590 /testbed/src/click/utils.py:345 click.utils.echo event=line locals={}
2026-08-23 01:28:28.590 /testbed/src/click/utils.py:346 click.utils.echo event=line locals={}
2026-08-23 01:28:28.590 /testbed/src/click/utils.py:346 click.utils.echo event=return retval=None locals={'color': 'False', 'err': 'False', 'file': '<testcase.TextCapture object at 0x7b73a1e5e320>', 'message': "'fsimaxkaxxxxxxx'", 'nl': 'True', 'out': "'fsimaxkaxxxxxxx\\n'"}
2026-08-23 01:28:28.590 /testbed/src/click/utils.py:252 click.utils.echo event=call locals={'color': 'False', 'err': 'False', 'file': '<testcase.BinaryCapture object at 0x7b73a1e9dc10>', 'message': "bytearray(b'\\xb5\\xb2\\xa0\\xb0\\xb2\\xb9\\xb6\\xad\\xad\\xad\\xad\\xad\\xad\\xad\\xad')", 'nl': 'True'}
2026-08-23 01:28:28.590 /testbed/src/click/utils.py:299 click.utils.echo event=line locals={}
2026-08-23 01:28:28.590 /testbed/src/click/utils.py:310 click.utils.echo event=line locals={}
2026-08-23 01:28:28.590 /testbed/src/click/utils.py:311 click.utils.echo event=line locals={}
2026-08-23 01:28:28.590 /testbed/src/click/utils.py:312 click.utils.echo event=line locals={}
2026-08-23 01:28:28.590 /testbed/src/click/utils.py:318 click.utils.echo event=line locals={'out': "bytearray(b'\\xb5\\xb2\\xa0\\xb0\\xb2\\xb9\\xb6\\xad\\xad\\xad\\xad\\xad\\xad\\xad\\xad')"}
2026-08-23 01:28:28.590 /testbed/src/click/utils.py:319 click.utils.echo event=line locals={}
2026-08-23 01:28:28.590 /testbed/src/click/utils.py:322 click.utils.echo event=line locals={}
2026-08-23 01:28:28.590 /testbed/src/click/utils.py:324 click.utils.echo event=line locals={'message': "bytearray(b'\\xb5\\xb2\\xa0\\xb0\\xb2\\xb9\\xb6\\xad\\xad\\xad\\xad\\xad\\xad\\xad\\xad\\n')", 'out': "bytearray(b'\\xb5\\xb2\\xa0\\xb0\\xb2\\xb9\\xb6\\xad\\xad\\xad\\xad\\xad\\xad\\xad\\xad\\n')"}
2026-08-23 01:28:28.590 /testbed/src/click/utils.py:332 click.utils.echo event=line locals={}
2026-08-23 01:28:28.590 /testbed/src/click/utils.py:333 click.utils.echo event=line locals={}
2026-08-23 01:28:28.590 /testbed/src/click/utils.py:334 click.utils.echo event=line locals={'binary_file': '<testcase.BinaryCapture object at 0x7b73a1e9dc10>'}
2026-08-23 01:28:28.590 /testbed/src/click/utils.py:335 click.utils.echo event=line locals={}
2026-08-23 01:28:28.590 /testbed/src/click/utils.py:336 click.utils.echo event=line locals={}
2026-08-23 01:28:28.590 /testbed/src/click/utils.py:337 click.utils.echo event=line locals={}
2026-08-23 01:28:28.591 /testbed/src/click/utils.py:338 click.utils.echo event=line locals={}
2026-08-23 01:28:28.591 /testbed/src/click/utils.py:338 click.utils.echo event=return retval=None locals={'binary_file': '<testcase.BinaryCapture object at 0x7b73a1e9dc10>', 'color': 'False', 'err': 'False', 'file': '<testcase.BinaryCapture object at 0x7b73a1e9dc10>', 'message': "bytearray(b'\\xb5\\xb2\\xa0\\xb0\\xb2\\xb9\\xb6\\xad\\xad\\xad\\xad\\xad\\xad\\xad\\xad\\n')", 'nl': 'True', 'out': "bytearray(b'\\xb5\\xb2\\xa0\\xb0\\xb2\\xb9\\xb6\\xad\\xad\\xad\\xad\\xad\\xad\\xad\\xad\\n')"}
2026-08-23 01:28:28.591 /testbed/src/click/utils.py:252 click.utils.echo event=call locals={'color': 'False', 'err': 'False', 'file': '<testcase.TextCapture object at 0x7b73a1e5e3b0>', 'message': 'None', 'nl': 'False'}
2026-08-23 01:28:28.591 /testbed/src/click/utils.py:299 click.utils.echo event=line locals={}
2026-08-23 01:28:28.591 /testbed/src/click/utils.py:310 click.utils.echo event=line locals={}
2026-08-23 01:28:28.591 /testbed/src/click/utils.py:311 click.utils.echo event=line locals={}
2026-08-23 01:28:28.591 /testbed/src/click/utils.py:313 click.utils.echo event=line locals={}
2026-08-23 01:28:28.591 /testbed/src/click/utils.py:314 click.utils.echo event=line locals={}
2026-08-23 01:28:28.591 /testbed/src/click/utils.py:318 click.utils.echo event=line locals={'out': "''"}
2026-08-23 01:28:28.591 /testbed/src/click/utils.py:324 click.utils.echo event=line locals={}
2026-08-23 01:28:28.591 /testbed/src/click/utils.py:325 click.utils.echo event=line locals={}
2026-08-23 01:28:28.591 /testbed/src/click/utils.py:326 click.utils.echo event=line locals={}
2026-08-23 01:28:28.591 /testbed/src/click/utils.py:326 click.utils.echo event=return retval=None locals={'color': 'False', 'err': 'False', 'file': '<testcase.TextCapture object at 0x7b73a1e5e3b0>', 'message': 'None', 'nl': 'False', 'out': "''"}
2026-08-23 01:28:28.591 /testbed/src/click/utils.py:252 click.utils.echo event=call locals={'color': 'False', 'err': 'False', 'file': '<testcase.TextCapture object at 0x7b73a1e5e440>', 'message': 'None', 'nl': 'False'}
2026-08-23 01:28:28.591 /testbed/src/click/utils.py:299 click.utils.echo event=line locals={}
2026-08-23 01:28:28.591 /testbed/src/click/utils.py:310 click.utils.echo event=line locals={}
2026-08-23 01:28:28.591 /testbed/src/click/utils.py:311 click.utils.echo event=line locals={}
2026-08-23 01:28:28.591 /testbed/src/click/utils.py:313 click.utils.echo event=line locals={}
2026-08-23 01:28:28.591 /testbed/src/click/utils.py:314 click.utils.echo event=line locals={}
2026-08-23 01:28:28.591 /testbed/src/click/utils.py:318 click.utils.echo event=line locals={'out': "''"}
2026-08-23 01:28:28.591 /testbed/src/click/utils.py:324 click.utils.echo event=line locals={}
2026-08-23 01:28:28.591 /testbed/src/click/utils.py:325 click.utils.echo event=line locals={}
2026-08-23 01:28:28.591 /testbed/src/click/utils.py:326 click.utils.echo event=line locals={}
2026-08-23 01:28:28.591 /testbed/src/click/utils.py:326 click.utils.echo event=return retval=None locals={'color': 'False', 'err': 'False', 'file': '<testcase.TextCapture object at 0x7b73a1e5e440>', 'message': 'None', 'nl': 'False', 'out': "''"}
2026-08-23 01:28:28.591 /testbed/src/click/utils.py:252 click.utils.echo event=call locals={'color': 'None', 'err': 'False', 'file': '<testcase.TextCapture object at 0x7b73a1e5e4d0>', 'message': "'jdoxnkjdbbbbbbbjdoxnkjdbbbbbbbjdoxnkjdbbbbbbbjdoxnkjdbbbbbbb'", 'nl': 'False'}
2026-08-23 01:28:28.591 /testbed/src/click/utils.py:299 click.utils.echo event=line locals={}
2026-08-23 01:28:28.591 /testbed/src/click/utils.py:310 click.utils.echo event=line locals={}
2026-08-23 01:28:28.591 /testbed/src/click/utils.py:311 click.utils.echo event=line locals={}
2026-08-23 01:28:28.591 /testbed/src/click/utils.py:312 click.utils.echo event=line locals={}
2026-08-23 01:28:28.591 /testbed/src/click/utils.py:318 click.utils.echo event=line locals={'out': "'jdoxnkjdbbbbbbbjdoxnkjdbbbbbbbjdoxnkjdbbbbbbbjdoxnkjdbbbbbbb'"}
2026-08-23 01:28:28.591 /testbed/src/click/utils.py:324 click.utils.echo event=line locals={}
2026-08-23 01:28:28.591 /testbed/src/click/utils.py:332 click.utils.echo event=line locals={}
2026-08-23 01:28:28.591 /testbed/src/click/utils.py:342 click.utils.echo event=line locals={}
2026-08-23 01:28:28.591 /testbed/src/click/utils.py:343 click.utils.echo event=line locals={}
2026-08-23 01:28:28.591 /testbed/src/click/utils.py:345 click.utils.echo event=line locals={}
2026-08-23 01:28:28.591 /testbed/src/click/utils.py:346 click.utils.echo event=line locals={}
2026-08-23 01:28:28.591 /testbed/src/click/utils.py:346 click.utils.echo event=return retval=None locals={'color': 'None', 'err': 'False', 'file': '<testcase.TextCapture object at 0x7b73a1e5e4d0>', 'message': "'jdoxnkjdbbbbbbbjdoxnkjdbbbbbbbjdoxnkjdbbbbbbbjdoxnkjdbbbbbbb'", 'nl': 'False', 'out': "'jdoxnkjdbbbbbbbjdoxnkjdbbbbbbbjdoxnkjdbbbbbbbjdoxnkjdbbbbbbb'"}
2026-08-23 01:28:28.591 /testbed/src/click/utils.py:252 click.utils.echo event=call locals={'color': 'True', 'err': 'False', 'file': '<testcase.TextCapture object at 0x7b73a1e5e560>', 'message': 'None', 'nl': 'False'}
2026-08-23 01:28:28.591 /testbed/src/click/utils.py:299 click.utils.echo event=line locals={}
2026-08-23 01:28:28.591 /testbed/src/click/utils.py:310 click.utils.echo event=line locals={}
2026-08-23 01:28:28.591 /testbed/src/click/utils.py:311 click.utils.echo event=line locals={}
2026-08-23 01:28:28.591 /testbed/src/click/utils.py:313 click.utils.echo event=line locals={}
2026-08-23 01:28:28.591 /testbed/src/click/utils.py:314 click.utils.echo event=line locals={}
2026-08-23 01:28:28.591 /testbed/src/click/utils.py:318 click.utils.echo event=line locals={'out': "''"}
2026-08-23 01:28:28.591 /testbed/src/click/utils.py:324 click.utils.echo event=line locals={}
2026-08-23 01:28:28.591 /testbed/src/click/utils.py:325 click.utils.echo event=line locals={}
2026-08-23 01:28:28.591 /testbed/src/click/utils.py:326 click.utils.echo event=line locals={}
2026-08-23 01:28:28.591 /testbed/src/click/utils.py:326 click.utils.echo event=return retval=None locals={'color': 'True', 'err': 'False', 'file': '<testcase.TextCapture object at 0x7b73a1e5e560>', 'message': 'None', 'nl': 'False', 'out': "''"}
2026-08-23 01:28:28.592 /testbed/src/click/utils.py:252 click.utils.echo event=call locals={'color': 'True', 'err': 'False', 'file': '<testcase.TextCapture object at 0x7b73a1e5e5f0>', 'message': "'lllllsnfdddddddlllllsnfdddddddlllllsnfdddddddlllllsnfdddddddlllllsnfddddddd'", 'nl': 'False'}
2026-08-23 01:28:28.592 /testbed/src/click/utils.py:299 click.utils.echo event=line locals={}
2026-08-23 01:28:28.592 /testbed/src/click/utils.py:310 click.utils.echo event=line locals={}
2026-08-23 01:28:28.592 /testbed/src/click/utils.py:311 click.utils.echo event=line locals={}
2026-08-23 01:28:28.592 /testbed/src/click/utils.py:312 click.utils.echo event=line locals={}
2026-08-23 01:28:28.592 /testbed/src/click/utils.py:318 click.utils.echo event=line locals={'out': "'lllllsnfdddddddlllllsnfdddddddlllllsnfdddddddlllllsnfdddddddlllllsnfddddddd'"}
2026-08-23 01:28:28.592 /testbed/src/click/utils.py:324 click.utils.echo event=line locals={}
2026-08-23 01:28:28.592 /testbed/src/click/utils.py:332 click.utils.echo event=line locals={}
2026-08-23 01:28:28.592 /testbed/src/click/utils.py:342 click.utils.echo event=line locals={}
2026-08-23 01:28:28.592 /testbed/src/click/utils.py:345 click.utils.echo event=line locals={}
2026-08-23 01:28:28.592 /testbed/src/click/utils.py:346 click.utils.echo event=line locals={}
2026-08-23 01:28:28.592 /testbed/src/click/utils.py:346 click.utils.echo event=return retval=None locals={'color': 'True', 'err': 'False', 'file': '<testcase.TextCapture object at 0x7b73a1e5e5f0>', 'message': "'lllllsnfdddddddlllllsnfdddddddlllllsnfdddddddlllllsnfdddddddlllllsnfddddddd'", 'nl': 'False', 'out': "'lllllsnfdddddddlllllsnfdddddddlllllsnfdddddddlllllsnfdddddddlllllsnfddddddd'"}
2026-08-23 01:28:28.592 /testbed/src/click/utils.py:252 click.utils.echo event=call locals={'color': 'True', 'err': 'False', 'file': '<testcase.BinaryCapture object at 0x7b73a1e9dad0>', 'message': "b'\\xe8\\xd3\\xdb\\xd6\\xe8\\xd3\\xe1\\xd8\\xd5\\xd5\\xd5\\xd5\\xd5\\xd5\\xd5'", 'nl': 'False'}
2026-08-23 01:28:28.592 /testbed/src/click/utils.py:299 click.utils.echo event=line locals={}
2026-08-23 01:28:28.592 /testbed/src/click/utils.py:310 click.utils.echo event=line locals={}
2026-08-23 01:28:28.592 /testbed/src/click/utils.py:311 click.utils.echo event=line locals={}
2026-08-23 01:28:28.592 /testbed/src/click/utils.py:312 click.utils.echo event=line locals={}
2026-08-23 01:28:28.592 /testbed/src/click/utils.py:318 click.utils.echo event=line locals={'out': "b'\\xe8\\xd3\\xdb\\xd6\\xe8\\xd3\\xe1\\xd8\\xd5\\xd5\\xd5\\xd5\\xd5\\xd5\\xd5'"}
2026-08-23 01:28:28.592 /testbed/src/click/utils.py:324 click.utils.echo event=line locals={}
2026-08-23 01:28:28.592 /testbed/src/click/utils.py:332 click.utils.echo event=line locals={}
2026-08-23 01:28:28.592 /testbed/src/click/utils.py:333 click.utils.echo event=line locals={}
2026-08-23 01:28:28.592 /testbed/src/click/utils.py:334 click.utils.echo event=line locals={'binary_file': '<testcase.BinaryCapture object at 0x7b73a1e9dad0>'}
2026-08-23 01:28:28.592 /testbed/src/click/utils.py:335 click.utils.echo event=line locals={}
2026-08-23 01:28:28.592 /testbed/src/click/utils.py:336 click.utils.echo event=line locals={}
2026-08-23 01:28:28.592 /testbed/src/click/utils.py:337 click.utils.echo event=line locals={}
2026-08-23 01:28:28.592 /testbed/src/click/utils.py:338 click.utils.echo event=line locals={}
2026-08-23 01:28:28.592 /testbed/src/click/utils.py:338 click.utils.echo event=return retval=None locals={'binary_file': '<testcase.BinaryCapture object at 0x7b73a1e9dad0>', 'color': 'True', 'err': 'False', 'file': '<testcase.BinaryCapture object at 0x7b73a1e9dad0>', 'message': "b'\\xe8\\xd3\\xdb\\xd6\\xe8\\xd3\\xe1\\xd8\\xd5\\xd5\\xd5\\xd5\\xd5\\xd5\\xd5'", 'nl': 'False', 'out': "b'\\xe8\\xd3\\xdb\\xd6\\xe8\\xd3\\xe1\\xd8\\xd5\\xd5\\xd5\\xd5\\xd5\\xd5\\xd5'"}
2026-08-23 01:28:28.592 /testbed/src/click/utils.py:252 click.utils.echo event=call locals={'color': 'True', 'err': 'False', 'file': '<testcase.TextCapture object at 0x7b73a1e5e680>', 'message': "'deydeelgfffffffdeydeelgfffffffdeydeelgfffffffdeydeelgfffffff'", 'nl': 'True'}
2026-08-23 01:28:28.592 /testbed/src/click/utils.py:299 click.utils.echo event=line locals={}
2026-08-23 01:28:28.592 /testbed/src/click/utils.py:310 click.utils.echo event=line locals={}
2026-08-23 01:28:28.592 /testbed/src/click/utils.py:311 click.utils.echo event=line locals={}
2026-08-23 01:28:28.592 /testbed/src/click/utils.py:312 click.utils.echo event=line locals={}
2026-08-23 01:28:28.592 /testbed/src/click/utils.py:318 click.utils.echo event=line locals={'out': "'deydeelgfffffffdeydeelgfffffffdeydeelgfffffffdeydeelgfffffff'"}
2026-08-23 01:28:28.592 /testbed/src/click/utils.py:319 click.utils.echo event=line locals={}
2026-08-23 01:28:28.592 /testbed/src/click/utils.py:320 click.utils.echo event=line locals={}
2026-08-23 01:28:28.592 /testbed/src/click/utils.py:324 click.utils.echo event=line locals={'out': "'deydeelgfffffffdeydeelgfffffffdeydeelgfffffffdeydeelgfffffff\\n'"}
2026-08-23 01:28:28.592 /testbed/src/click/utils.py:332 click.utils.echo event=line locals={}
2026-08-23 01:28:28.592 /testbed/src/click/utils.py:342 click.utils.echo event=line locals={}
2026-08-23 01:28:28.592 /testbed/src/click/utils.py:345 click.utils.echo event=line locals={}
2026-08-23 01:28:28.592 /testbed/src/click/utils.py:346 click.utils.echo event=line locals={}
2026-08-23 01:28:28.592 /testbed/src/click/utils.py:346 click.utils.echo event=return retval=None locals={'color': 'True', 'err': 'False', 'file': '<testcase.TextCapture object at 0x7b73a1e5e680>', 'message': "'deydeelgfffffffdeydeelgfffffffdeydeelgfffffffdeydeelgfffffff'", 'nl': 'True', 'out': "'deydeelgfffffffdeydeelgfffffffdeydeelgfffffffdeydeelgfffffff\\n'"}
2026-08-23 01:28:28.592 /testbed/src/click/utils.py:252 click.utils.echo event=call locals={'color': 'False', 'err': 'False', 'file': '<testcase.BinaryCapture object at 0x7b73a1e9d8f0>', 'message': "b'\\xda\\xee\\xd9\\xda\\xe1\\xdc\\xdb\\xdb\\xdb\\xdb\\xdb\\xdb\\xdb\\xdb\\xdb'", 'nl': 'True'}
2026-08-23 01:28:28.592 /testbed/src/click/utils.py:299 click.utils.echo event=line locals={}
2026-08-23 01:28:28.592 /testbed/src/click/utils.py:310 click.utils.echo event=line locals={}
2026-08-23 01:28:28.592 /testbed/src/click/utils.py:311 click.utils.echo event=line locals={}
2026-08-23 01:28:28.592 /testbed/src/click/utils.py:312 click.utils.echo event=line locals={}
2026-08-23 01:28:28.592 /testbed/src/click/utils.py:318 click.utils.echo event=line locals={'out': "b'\\xda\\xee\\xd9\\xda\\xe1\\xdc\\xdb\\xdb\\xdb\\xdb\\xdb\\xdb\\xdb\\xdb\\xdb'"}
2026-08-23 01:28:28.592 /testbed/src/click/utils.py:319 click.utils.echo event=line locals={}
2026-08-23 01:28:28.592 /testbed/src/click/utils.py:322 click.utils.echo event=line locals={}
2026-08-23 01:28:28.592 /testbed/src/click/utils.py:324 click.utils.echo event=line locals={'out': "b'\\xda\\xee\\xd9\\xda\\xe1\\xdc\\xdb\\xdb\\xdb\\xdb\\xdb\\xdb\\xdb\\xdb\\xdb\\n'"}
2026-08-23 01:28:28.592 /testbed/src/click/utils.py:332 click.utils.echo event=line locals={}
2026-08-23 01:28:28.592 /testbed/src/click/utils.py:333 click.utils.echo event=line locals={}
2026-08-23 01:28:28.592 /testbed/src/click/utils.py:334 click.utils.echo event=line locals={'binary_file': '<testcase.BinaryCapture object at 0x7b73a1e9d8f0>'}
2026-08-23 01:28:28.592 /testbed/src/click/utils.py:335 click.utils.echo event=line locals={}
2026-08-23 01:28:28.592 /testbed/src/click/utils.py:336 click.utils.echo event=line locals={}
2026-08-23 01:28:28.592 /testbed/src/click/utils.py:337 click.utils.echo event=line locals={}
2026-08-23 01:28:28.593 /testbed/src/click/utils.py:338 click.utils.echo event=line locals={}
2026-08-23 01:28:28.593 /testbed/src/click/utils.py:338 click.utils.echo event=return retval=None locals={'binary_file': '<testcase.BinaryCapture object at 0x7b73a1e9d8f0>', 'color': 'False', 'err': 'False', 'file': '<testcase.BinaryCapture object at 0x7b73a1e9d8f0>', 'message': "b'\\xda\\xee\\xd9\\xda\\xe1\\xdc\\xdb\\xdb\\xdb\\xdb\\xdb\\xdb\\xdb\\xdb\\xdb'", 'nl': 'True', 'out': "b'\\xda\\xee\\xd9\\xda\\xe1\\xdc\\xdb\\xdb\\xdb\\xdb\\xdb\\xdb\\xdb\\xdb\\xdb\\n'"}
2026-08-23 01:28:28.593 /testbed/src/click/utils.py:252 click.utils.echo event=call locals={'color': 'False', 'err': 'False', 'file': '<testcase.BinaryCapture object at 0x7b73a1e9db70>', 'message': "bytearray(b'\\x98\\x87\\x84\\x8d\\x95\\x9e\\x9b\\x87\\x84\\x84\\x84\\x84\\x84\\x84\\x84')", 'nl': 'True'}
2026-08-23 01:28:28.593 /testbed/src/click/utils.py:299 click.utils.echo event=line locals={}
2026-08-23 01:28:28.593 /testbed/src/click/utils.py:310 click.utils.echo event=line locals={}
2026-08-23 01:28:28.593 /testbed/src/click/utils.py:311 click.utils.echo event=line locals={}
2026-08-23 01:28:28.593 /testbed/src/click/utils.py:312 click.utils.echo event=line locals={}
2026-08-23 01:28:28.593 /testbed/src/click/utils.py:318 click.utils.echo event=line locals={'out': "bytearray(b'\\x98\\x87\\x84\\x8d\\x95\\x9e\\x9b\\x87\\x84\\x84\\x84\\x84\\x84\\x84\\x84')"}
2026-08-23 01:28:28.593 /testbed/src/click/utils.py:319 click.utils.echo event=line locals={}
2026-08-23 01:28:28.593 /testbed/src/click/utils.py:322 click.utils.echo event=line locals={}
2026-08-23 01:28:28.593 /testbed/src/click/utils.py:324 click.utils.echo event=line locals={'message': "bytearray(b'\\x98\\x87\\x84\\x8d\\x95\\x9e\\x9b\\x87\\x84\\x84\\x84\\x84\\x84\\x84\\x84\\n')", 'out': "bytearray(b'\\x98\\x87\\x84\\x8d\\x95\\x9e\\x9b\\x87\\x84\\x84\\x84\\x84\\x84\\x84\\x84\\n')"}
2026-08-23 01:28:28.593 /testbed/src/click/utils.py:332 click.utils.echo event=line locals={}
2026-08-23 01:28:28.593 /testbed/src/click/utils.py:333 click.utils.echo event=line locals={}
2026-08-23 01:28:28.593 /testbed/src/click/utils.py:334 click.utils.echo event=line locals={'binary_file': '<testcase.BinaryCapture object at 0x7b73a1e9db70>'}
2026-08-23 01:28:28.593 /testbed/src/click/utils.py:335 click.utils.echo event=line locals={}
2026-08-23 01:28:28.593 /testbed/src/click/utils.py:336 click.utils.echo event=line locals={}
2026-08-23 01:28:28.593 /testbed/src/click/utils.py:337 click.utils.echo event=line locals={}
2026-08-23 01:28:28.593 /testbed/src/click/utils.py:338 click.utils.echo event=line locals={}
2026-08-23 01:28:28.593 /testbed/src/click/utils.py:338 click.utils.echo event=return retval=None locals={'binary_file': '<testcase.BinaryCapture object at 0x7b73a1e9db70>', 'color': 'False', 'err': 'False', 'file': '<testcase.BinaryCapture object at 0x7b73a1e9db70>', 'message': "bytearray(b'\\x98\\x87\\x84\\x8d\\x95\\x9e\\x9b\\x87\\x84\\x84\\x84\\x84\\x84\\x84\\x84\\n')", 'nl': 'True', 'out': "bytearray(b'\\x98\\x87\\x84\\x8d\\x95\\x9e\\x9b\\x87\\x84\\x84\\x84\\x84\\x84\\x84\\x84\\n')"}
2026-08-23 01:28:28.593 /testbed/src/click/utils.py:252 click.utils.echo event=call locals={'color': 'None', 'err': 'False', 'file': '<testcase.TextCapture object at 0x7b73a1e5e710>', 'message': "'encgbmjiiiiiiii'", 'nl': 'True'}
2026-08-23 01:28:28.593 /testbed/src/click/utils.py:299 click.utils.echo event=line locals={}
2026-08-23 01:28:28.593 /testbed/src/click/utils.py:310 click.utils.echo event=line locals={}
2026-08-23 01:28:28.593 /testbed/src/click/utils.py:311 click.utils.echo event=line locals={}
2026-08-23 01:28:28.593 /testbed/src/click/utils.py:312 click.utils.echo event=line locals={}
2026-08-23 01:28:28.593 /testbed/src/click/utils.py:318 click.utils.echo event=line locals={'out': "'encgbmjiiiiiiii'"}
2026-08-23 01:28:28.593 /testbed/src/click/utils.py:319 click.utils.echo event=line locals={}
2026-08-23 01:28:28.593 /testbed/src/click/utils.py:320 click.utils.echo event=line locals={}
2026-08-23 01:28:28.593 /testbed/src/click/utils.py:324 click.utils.echo event=line locals={'out': "'encgbmjiiiiiiii\\n'"}
2026-08-23 01:28:28.593 /testbed/src/click/utils.py:332 click.utils.echo event=line locals={}
2026-08-23 01:28:28.593 /testbed/src/click/utils.py:342 click.utils.echo event=line locals={}
2026-08-23 01:28:28.593 /testbed/src/click/utils.py:343 click.utils.echo event=line locals={}
2026-08-23 01:28:28.593 /testbed/src/click/utils.py:345 click.utils.echo event=line locals={}
2026-08-23 01:28:28.593 /testbed/src/click/utils.py:346 click.utils.echo event=line locals={}
2026-08-23 01:28:28.593 /testbed/src/click/utils.py:346 click.utils.echo event=return retval=None locals={'color': 'None', 'err': 'False', 'file': '<testcase.TextCapture object at 0x7b73a1e5e710>', 'message': "'encgbmjiiiiiiii'", 'nl': 'True', 'out': "'encgbmjiiiiiiii\\n'"}
2026-08-23 01:28:28.593 /testbed/src/click/utils.py:252 click.utils.echo event=call locals={'color': 'True', 'err': 'False', 'file': '<testcase.TextCapture object at 0x7b73a1e5e7a0>', 'message': "'\\x1b[31mqehcusljjjjjjjj\\x1b[0m'", 'nl': 'True'}
2026-08-23 01:28:28.593 /testbed/src/click/utils.py:299 click.utils.echo event=line locals={}
2026-08-23 01:28:28.593 /testbed/src/click/utils.py:310 click.utils.echo event=line locals={}
2026-08-23 01:28:28.593 /testbed/src/click/utils.py:311 click.utils.echo event=line locals={}
2026-08-23 01:28:28.593 /testbed/src/click/utils.py:312 click.utils.echo event=line locals={}
2026-08-23 01:28:28.593 /testbed/src/click/utils.py:318 click.utils.echo event=line locals={'out': "'\\x1b[31mqehcusljjjjjjjj\\x1b[0m'"}
2026-08-23 01:28:28.593 /testbed/src/click/utils.py:319 click.utils.echo event=line locals={}
2026-08-23 01:28:28.593 /testbed/src/click/utils.py:320 click.utils.echo event=line locals={}
2026-08-23 01:28:28.593 /testbed/src/click/utils.py:324 click.utils.echo event=line locals={'out': "'\\x1b[31mqehcusljjjjjjjj\\x1b[0m\\n'"}
2026-08-23 01:28:28.593 /testbed/src/click/utils.py:332 click.utils.echo event=line locals={}
2026-08-23 01:28:28.593 /testbed/src/click/utils.py:342 click.utils.echo event=line locals={}
2026-08-23 01:28:28.593 /testbed/src/click/utils.py:345 click.utils.echo event=line locals={}
2026-08-23 01:28:28.593 /testbed/src/click/utils.py:346 click.utils.echo event=line locals={}
2026-08-23 01:28:28.593 /testbed/src/click/utils.py:346 click.utils.echo event=return retval=None locals={'color': 'True', 'err': 'False', 'file': '<testcase.TextCapture object at 0x7b73a1e5e7a0>', 'message': "'\\x1b[31mqehcusljjjjjjjj\\x1b[0m'", 'nl': 'True', 'out': "'\\x1b[31mqehcusljjjjjjjj\\x1b[0m\\n'"}
2026-08-23 01:28:28.594 /testbed/src/click/utils.py:252 click.utils.echo event=call locals={'color': 'False', 'err': 'False', 'file': '<testcase.TextCapture object at 0x7b73a1e5e830>', 'message': "'\\x1b[31mlxneprynkkkkkkk\\x1b[0m'", 'nl': 'True'}
2026-08-23 01:28:28.594 /testbed/src/click/utils.py:299 click.utils.echo event=line locals={}
2026-08-23 01:28:28.594 /testbed/src/click/utils.py:310 click.utils.echo event=line locals={}
2026-08-23 01:28:28.594 /testbed/src/click/utils.py:311 click.utils.echo event=line locals={}
2026-08-23 01:28:28.594 /testbed/src/click/utils.py:312 click.utils.echo event=line locals={}
2026-08-23 01:28:28.594 /testbed/src/click/utils.py:318 click.utils.echo event=line locals={'out': "'\\x1b[31mlxneprynkkkkkkk\\x1b[0m'"}
2026-08-23 01:28:28.594 /testbed/src/click/utils.py:319 click.utils.echo event=line locals={}
2026-08-23 01:28:28.594 /testbed/src/click/utils.py:320 click.utils.echo event=line locals={}
2026-08-23 01:28:28.594 /testbed/src/click/utils.py:324 click.utils.echo event=line locals={'out': "'\\x1b[31mlxneprynkkkkkkk\\x1b[0m\\n'"}
2026-08-23 01:28:28.594 /testbed/src/click/utils.py:332 click.utils.echo event=line locals={}
2026-08-23 01:28:28.594 /testbed/src/click/utils.py:342 click.utils.echo event=line locals={}
2026-08-23 01:28:28.594 /testbed/src/click/utils.py:343 click.utils.echo event=line locals={}
2026-08-23 01:28:28.594 /testbed/src/click/utils.py:345 click.utils.echo event=line locals={'out': "'lxneprynkkkkkkk\\n'"}
2026-08-23 01:28:28.594 /testbed/src/click/utils.py:346 click.utils.echo event=line locals={}
2026-08-23 01:28:28.594 /testbed/src/click/utils.py:346 click.utils.echo event=return retval=None locals={'color': 'False', 'err': 'False', 'file': '<testcase.TextCapture object at 0x7b73a1e5e830>', 'message': "'\\x1b[31mlxneprynkkkkkkk\\x1b[0m'", 'nl': 'True', 'out': "'lxneprynkkkkkkk\\n'"}
2026-08-23 01:28:28.594 /testbed/src/click/utils.py:252 click.utils.echo event=call locals={'color': 'None', 'err': 'False', 'file': '<testcase.TextCapture object at 0x7b73a1e5e8c0>', 'message': 'None', 'nl': 'False'}
2026-08-23 01:28:28.594 /testbed/src/click/utils.py:299 click.utils.echo event=line locals={}
2026-08-23 01:28:28.594 /testbed/src/click/utils.py:310 click.utils.echo event=line locals={}
2026-08-23 01:28:28.594 /testbed/src/click/utils.py:311 click.utils.echo event=line locals={}
2026-08-23 01:28:28.594 /testbed/src/click/utils.py:313 click.utils.echo event=line locals={}
2026-08-23 01:28:28.594 /testbed/src/click/utils.py:314 click.utils.echo event=line locals={}
2026-08-23 01:28:28.594 /testbed/src/click/utils.py:318 click.utils.echo event=line locals={'out': "''"}
2026-08-23 01:28:28.594 /testbed/src/click/utils.py:324 click.utils.echo event=line locals={}
2026-08-23 01:28:28.594 /testbed/src/click/utils.py:325 click.utils.echo event=line locals={}
2026-08-23 01:28:28.594 /testbed/src/click/utils.py:326 click.utils.echo event=line locals={}
2026-08-23 01:28:28.594 /testbed/src/click/utils.py:326 click.utils.echo event=return retval=None locals={'color': 'None', 'err': 'False', 'file': '<testcase.TextCapture object at 0x7b73a1e5e8c0>', 'message': 'None', 'nl': 'False', 'out': "''"}
2026-08-23 01:28:28.594 /testbed/src/click/utils.py:252 click.utils.echo event=call locals={'color': 'False', 'err': 'False', 'file': '<testcase.BinaryCapture object at 0x7b73a1e9dbc0>', 'message': "b'\\xea\\xf2\\xf4\\xe8\\xf2\\xf4\\xe1\\xf0\\xed\\xed\\xed\\xed\\xed\\xed\\xed'", 'nl': 'True'}
2026-08-23 01:28:28.594 /testbed/src/click/utils.py:299 click.utils.echo event=line locals={}
2026-08-23 01:28:28.594 /testbed/src/click/utils.py:310 click.utils.echo event=line locals={}
2026-08-23 01:28:28.594 /testbed/src/click/utils.py:311 click.utils.echo event=line locals={}
2026-08-23 01:28:28.594 /testbed/src/click/utils.py:312 click.utils.echo event=line locals={}
2026-08-23 01:28:28.594 /testbed/src/click/utils.py:318 click.utils.echo event=line locals={'out': "b'\\xea\\xf2\\xf4\\xe8\\xf2\\xf4\\xe1\\xf0\\xed\\xed\\xed\\xed\\xed\\xed\\xed'"}
2026-08-23 01:28:28.594 /testbed/src/click/utils.py:319 click.utils.echo event=line locals={}
2026-08-23 01:28:28.594 /testbed/src/click/utils.py:322 click.utils.echo event=line locals={}
2026-08-23 01:28:28.594 /testbed/src/click/utils.py:324 click.utils.echo event=line locals={'out': "b'\\xea\\xf2\\xf4\\xe8\\xf2\\xf4\\xe1\\xf0\\xed\\xed\\xed\\xed\\xed\\xed\\xed\\n'"}
2026-08-23 01:28:28.594 /testbed/src/click/utils.py:332 click.utils.echo event=line locals={}
2026-08-23 01:28:28.594 /testbed/src/click/utils.py:333 click.utils.echo event=line locals={}
2026-08-23 01:28:28.594 /testbed/src/click/utils.py:334 click.utils.echo event=line locals={'binary_file': '<testcase.BinaryCapture object at 0x7b73a1e9dbc0>'}
2026-08-23 01:28:28.594 /testbed/src/click/utils.py:335 click.utils.echo event=line locals={}
2026-08-23 01:28:28.594 /testbed/src/click/utils.py:336 click.utils.echo event=line locals={}
2026-08-23 01:28:28.594 /testbed/src/click/utils.py:337 click.utils.echo event=line locals={}
2026-08-23 01:28:28.594 /testbed/src/click/utils.py:338 click.utils.echo event=line locals={}
2026-08-23 01:28:28.594 /testbed/src/click/utils.py:338 click.utils.echo event=return retval=None locals={'binary_file': '<testcase.BinaryCapture object at 0x7b73a1e9dbc0>', 'color': 'False', 'err': 'False', 'file': '<testcase.BinaryCapture object at 0x7b73a1e9dbc0>', 'message': "b'\\xea\\xf2\\xf4\\xe8\\xf2\\xf4\\xe1\\xf0\\xed\\xed\\xed\\xed\\xed\\xed\\xed'", 'nl': 'True', 'out': "b'\\xea\\xf2\\xf4\\xe8\\xf2\\xf4\\xe1\\xf0\\xed\\xed\\xed\\xed\\xed\\xed\\xed\\n'"}
2026-08-23 01:28:28.594 /testbed/src/click/utils.py:252 click.utils.echo event=call locals={'color': 'None', 'err': 'False', 'file': '<testcase.BinaryCapture object at 0x7b73a1e9dc60>', 'message': "b'\\xfb\\xec\\xe8\\xf4\\xe4\\xe6\\xfa\\xf2\\xf0\\xf0\\xf0\\xf0\\xf0\\xf0\\xf0'", 'nl': 'False'}
2026-08-23 01:28:28.594 /testbed/src/click/utils.py:299 click.utils.echo event=line locals={}
2026-08-23 01:28:28.594 /testbed/src/click/utils.py:310 click.utils.echo event=line locals={}
2026-08-23 01:28:28.594 /testbed/src/click/utils.py:311 click.utils.echo event=line locals={}
2026-08-23 01:28:28.594 /testbed/src/click/utils.py:312 click.utils.echo event=line locals={}
2026-08-23 01:28:28.594 /testbed/src/click/utils.py:318 click.utils.echo event=line locals={'out': "b'\\xfb\\xec\\xe8\\xf4\\xe4\\xe6\\xfa\\xf2\\xf0\\xf0\\xf0\\xf0\\xf0\\xf0\\xf0'"}
2026-08-23 01:28:28.594 /testbed/src/click/utils.py:324 click.utils.echo event=line locals={}
2026-08-23 01:28:28.594 /testbed/src/click/utils.py:332 click.utils.echo event=line locals={}
2026-08-23 01:28:28.594 /testbed/src/click/utils.py:333 click.utils.echo event=line locals={}
2026-08-23 01:28:28.594 /testbed/src/click/utils.py:334 click.utils.echo event=line locals={'binary_file': '<testcase.BinaryCapture object at 0x7b73a1e9dc60>'}
2026-08-23 01:28:28.594 /testbed/src/click/utils.py:335 click.utils.echo event=line locals={}
2026-08-23 01:28:28.594 /testbed/src/click/utils.py:336 click.utils.echo event=line locals={}
2026-08-23 01:28:28.594 /testbed/src/click/utils.py:337 click.utils.echo event=line locals={}
2026-08-23 01:28:28.594 /testbed/src/click/utils.py:338 click.utils.echo event=line locals={}
2026-08-23 01:28:28.595 /testbed/src/click/utils.py:338 click.utils.echo event=return retval=None locals={'binary_file': '<testcase.BinaryCapture object at 0x7b73a1e9dc60>', 'color': 'None', 'err': 'False', 'file': '<testcase.BinaryCapture object at 0x7b73a1e9dc60>', 'message': "b'\\xfb\\xec\\xe8\\xf4\\xe4\\xe6\\xfa\\xf2\\xf0\\xf0\\xf0\\xf0\\xf0\\xf0\\xf0'", 'nl': 'False', 'out': "b'\\xfb\\xec\\xe8\\xf4\\xe4\\xe6\\xfa\\xf2\\xf0\\xf0\\xf0\\xf0\\xf0\\xf0\\xf0'"}
2026-08-23 01:28:28.595 /testbed/src/click/utils.py:252 click.utils.echo event=call locals={'color': 'None', 'err': 'False', 'file': '<testcase.TextCapture object at 0x7b73a1e5e950>', 'message': "'gsphmnarooooooo'", 'nl': 'False'}
2026-08-23 01:28:28.595 /testbed/src/click/utils.py:299 click.utils.echo event=line locals={}
2026-08-23 01:28:28.595 /testbed/src/click/utils.py:310 click.utils.echo event=line locals={}
2026-08-23 01:28:28.595 /testbed/src/click/utils.py:311 click.utils.echo event=line locals={}
2026-08-23 01:28:28.595 /testbed/src/click/utils.py:312 click.utils.echo event=line locals={}
2026-08-23 01:28:28.595 /testbed/src/click/utils.py:318 click.utils.echo event=line locals={'out': "'gsphmnarooooooo'"}
2026-08-23 01:28:28.595 /testbed/src/click/utils.py:324 click.utils.echo event=line locals={}
2026-08-23 01:28:28.595 /testbed/src/click/utils.py:332 click.utils.echo event=line locals={}
2026-08-23 01:28:28.595 /testbed/src/click/utils.py:342 click.utils.echo event=line locals={}
2026-08-23 01:28:28.595 /testbed/src/click/utils.py:343 click.utils.echo event=line locals={}
2026-08-23 01:28:28.595 /testbed/src/click/utils.py:345 click.utils.echo event=line locals={}
2026-08-23 01:28:28.595 /testbed/src/click/utils.py:346 click.utils.echo event=line locals={}
2026-08-23 01:28:28.595 /testbed/src/click/utils.py:346 click.utils.echo event=return retval=None locals={'color': 'None', 'err': 'False', 'file': '<testcase.TextCapture object at 0x7b73a1e5e950>', 'message': "'gsphmnarooooooo'", 'nl': 'False', 'out': "'gsphmnarooooooo'"}
2026-08-23 01:28:28.595 /testbed/src/click/utils.py:252 click.utils.echo event=call locals={'color': 'False', 'err': 'False', 'file': '<testcase.TextCapture object at 0x7b73a1e5e9e0>', 'message': 'None', 'nl': 'False'}
2026-08-23 01:28:28.595 /testbed/src/click/utils.py:299 click.utils.echo event=line locals={}
2026-08-23 01:28:28.595 /testbed/src/click/utils.py:310 click.utils.echo event=line locals={}
2026-08-23 01:28:28.595 /testbed/src/click/utils.py:311 click.utils.echo event=line locals={}
2026-08-23 01:28:28.595 /testbed/src/click/utils.py:313 click.utils.echo event=line locals={}
2026-08-23 01:28:28.595 /testbed/src/click/utils.py:314 click.utils.echo event=line locals={}
2026-08-23 01:28:28.595 /testbed/src/click/utils.py:318 click.utils.echo event=line locals={'out': "''"}
2026-08-23 01:28:28.595 /testbed/src/click/utils.py:324 click.utils.echo event=line locals={}
2026-08-23 01:28:28.595 /testbed/src/click/utils.py:325 click.utils.echo event=line locals={}
2026-08-23 01:28:28.595 /testbed/src/click/utils.py:326 click.utils.echo event=line locals={}
2026-08-23 01:28:28.595 /testbed/src/click/utils.py:326 click.utils.echo event=return retval=None locals={'color': 'False', 'err': 'False', 'file': '<testcase.TextCapture object at 0x7b73a1e5e9e0>', 'message': 'None', 'nl': 'False', 'out': "''"}
2026-08-23 01:28:28.595 /testbed/src/click/utils.py:252 click.utils.echo event=call locals={'color': 'None', 'err': 'False', 'file': '<testcase.TextCapture object at 0x7b73a1e5ea70>', 'message': '<testcase.Renderable object at 0x7b73a1ea09d0>', 'nl': 'False'}
2026-08-23 01:28:28.595 /testbed/src/click/utils.py:299 click.utils.echo event=line locals={}
2026-08-23 01:28:28.595 /testbed/src/click/utils.py:310 click.utils.echo event=line locals={}
2026-08-23 01:28:28.595 /testbed/src/click/utils.py:311 click.utils.echo event=line locals={}
2026-08-23 01:28:28.595 /testbed/src/click/utils.py:313 click.utils.echo event=line locals={}
2026-08-23 01:28:28.595 /testbed/src/click/utils.py:315 click.utils.echo event=line locals={}
2026-08-23 01:28:28.595 /testbed/src/click/utils.py:316 click.utils.echo event=line locals={}
2026-08-23 01:28:28.595 /testbed/src/click/utils.py:318 click.utils.echo event=line locals={'out': "'\\x1b[35mqqqqqqqsahinfaf\\x1b[0m'"}
2026-08-23 01:28:28.595 /testbed/src/click/utils.py:324 click.utils.echo event=line locals={}
2026-08-23 01:28:28.595 /testbed/src/click/utils.py:332 click.utils.echo event=line locals={}
2026-08-23 01:28:28.595 /testbed/src/click/utils.py:342 click.utils.echo event=line locals={}
2026-08-23 01:28:28.595 /testbed/src/click/utils.py:343 click.utils.echo event=line locals={}
2026-08-23 01:28:28.595 /testbed/src/click/utils.py:345 click.utils.echo event=line locals={'out': "'qqqqqqqsahinfaf'"}
2026-08-23 01:28:28.595 /testbed/src/click/utils.py:346 click.utils.echo event=line locals={}
2026-08-23 01:28:28.595 /testbed/src/click/utils.py:346 click.utils.echo event=return retval=None locals={'color': 'None', 'err': 'False', 'file': '<testcase.TextCapture object at 0x7b73a1e5ea70>', 'message': '<testcase.Renderable object at 0x7b73a1ea09d0>', 'nl': 'False', 'out': "'qqqqqqqsahinfaf'"}
2026-08-23 01:28:28.595 /testbed/src/click/utils.py:252 click.utils.echo event=call locals={'color': 'None', 'err': 'False', 'file': '<testcase.TextCapture object at 0x7b73a1e5eb00>', 'message': 'None', 'nl': 'False'}
2026-08-23 01:28:28.595 /testbed/src/click/utils.py:299 click.utils.echo event=line locals={}
2026-08-23 01:28:28.595 /testbed/src/click/utils.py:310 click.utils.echo event=line locals={}
2026-08-23 01:28:28.595 /testbed/src/click/utils.py:311 click.utils.echo event=line locals={}
2026-08-23 01:28:28.595 /testbed/src/click/utils.py:313 click.utils.echo event=line locals={}
2026-08-23 01:28:28.595 /testbed/src/click/utils.py:314 click.utils.echo event=line locals={}
2026-08-23 01:28:28.595 /testbed/src/click/utils.py:318 click.utils.echo event=line locals={'out': "''"}
2026-08-23 01:28:28.595 /testbed/src/click/utils.py:324 click.utils.echo event=line locals={}
2026-08-23 01:28:28.595 /testbed/src/click/utils.py:325 click.utils.echo event=line locals={}
2026-08-23 01:28:28.595 /testbed/src/click/utils.py:326 click.utils.echo event=line locals={}
2026-08-23 01:28:28.595 /testbed/src/click/utils.py:326 click.utils.echo event=return retval=None locals={'color': 'None', 'err': 'False', 'file': '<testcase.TextCapture object at 0x7b73a1e5eb00>', 'message': 'None', 'nl': 'False', 'out': "''"}
2026-08-23 01:28:28.596 /testbed/src/click/utils.py:252 click.utils.echo event=call locals={'color': 'True', 'err': 'False', 'file': '<testcase.TextCapture object at 0x7b73a1e5eb90>', 'message': "'ichprldusssssssichprldusssssss'", 'nl': 'False'}
2026-08-23 01:28:28.596 /testbed/src/click/utils.py:299 click.utils.echo event=line locals={}
2026-08-23 01:28:28.596 /testbed/src/click/utils.py:310 click.utils.echo event=line locals={}
2026-08-23 01:28:28.596 /testbed/src/click/utils.py:311 click.utils.echo event=line locals={}
2026-08-23 01:28:28.596 /testbed/src/click/utils.py:312 click.utils.echo event=line locals={}
2026-08-23 01:28:28.596 /testbed/src/click/utils.py:318 click.utils.echo event=line locals={'out': "'ichprldusssssssichprldusssssss'"}
2026-08-23 01:28:28.596 /testbed/src/click/utils.py:324 click.utils.echo event=line locals={}
2026-08-23 01:28:28.596 /testbed/src/click/utils.py:332 click.utils.echo event=line locals={}
2026-08-23 01:28:28.596 /testbed/src/click/utils.py:342 click.utils.echo event=line locals={}
2026-08-23 01:28:28.596 /testbed/src/click/utils.py:345 click.utils.echo event=line locals={}
2026-08-23 01:28:28.596 /testbed/src/click/utils.py:346 click.utils.echo event=line locals={}
2026-08-23 01:28:28.596 /testbed/src/click/utils.py:346 click.utils.echo event=return retval=None locals={'color': 'True', 'err': 'False', 'file': '<testcase.TextCapture object at 0x7b73a1e5eb90>', 'message': "'ichprldusssssssichprldusssssss'", 'nl': 'False', 'out': "'ichprldusssssssichprldusssssss'"}
2026-08-23 01:28:28.596 /testbed/src/click/utils.py:252 click.utils.echo event=call locals={'color': 'None', 'err': 'False', 'file': '<testcase.TextCapture object at 0x7b73a1e5ec20>', 'message': "'\\x1b[31mgjxhwabvttttttt\\x1b[0m'", 'nl': 'False'}
2026-08-23 01:28:28.596 /testbed/src/click/utils.py:299 click.utils.echo event=line locals={}
2026-08-23 01:28:28.596 /testbed/src/click/utils.py:310 click.utils.echo event=line locals={}
2026-08-23 01:28:28.596 /testbed/src/click/utils.py:311 click.utils.echo event=line locals={}
2026-08-23 01:28:28.596 /testbed/src/click/utils.py:312 click.utils.echo event=line locals={}
2026-08-23 01:28:28.596 /testbed/src/click/utils.py:318 click.utils.echo event=line locals={'out': "'\\x1b[31mgjxhwabvttttttt\\x1b[0m'"}
2026-08-23 01:28:28.596 /testbed/src/click/utils.py:324 click.utils.echo event=line locals={}
2026-08-23 01:28:28.596 /testbed/src/click/utils.py:332 click.utils.echo event=line locals={}
2026-08-23 01:28:28.596 /testbed/src/click/utils.py:342 click.utils.echo event=line locals={}
2026-08-23 01:28:28.596 /testbed/src/click/utils.py:343 click.utils.echo event=line locals={}
2026-08-23 01:28:28.596 /testbed/src/click/utils.py:345 click.utils.echo event=line locals={'out': "'gjxhwabvttttttt'"}
2026-08-23 01:28:28.596 /testbed/src/click/utils.py:346 click.utils.echo event=line locals={}
2026-08-23 01:28:28.596 /testbed/src/click/utils.py:346 click.utils.echo event=return retval=None locals={'color': 'None', 'err': 'False', 'file': '<testcase.TextCapture object at 0x7b73a1e5ec20>', 'message': "'\\x1b[31mgjxhwabvttttttt\\x1b[0m'", 'nl': 'False', 'out': "'gjxhwabvttttttt'"}
2026-08-23 01:28:28.596 /testbed/src/click/utils.py:252 click.utils.echo event=call locals={'color': 'False', 'err': 'False', 'file': '<testcase.BinaryCapture object at 0x7b73a1e9de40>', 'message': "b'\\xfc\\xfc\\x02\\xf7\\x08\\xf8\\xf4\\x07\\x05\\x05\\x05\\x05\\x05\\x05\\x05'", 'nl': 'True'}
2026-08-23 01:28:28.596 /testbed/src/click/utils.py:299 click.utils.echo event=line locals={}
2026-08-23 01:28:28.596 /testbed/src/click/utils.py:310 click.utils.echo event=line locals={}
2026-08-23 01:28:28.596 /testbed/src/click/utils.py:311 click.utils.echo event=line locals={}
2026-08-23 01:28:28.596 /testbed/src/click/utils.py:312 click.utils.echo event=line locals={}
2026-08-23 01:28:28.596 /testbed/src/click/utils.py:318 click.utils.echo event=line locals={'out': "b'\\xfc\\xfc\\x02\\xf7\\x08\\xf8\\xf4\\x07\\x05\\x05\\x05\\x05\\x05\\x05\\x05'"}
2026-08-23 01:28:28.596 /testbed/src/click/utils.py:319 click.utils.echo event=line locals={}
2026-08-23 01:28:28.596 /testbed/src/click/utils.py:322 click.utils.echo event=line locals={}
2026-08-23 01:28:28.596 /testbed/src/click/utils.py:324 click.utils.echo event=line locals={'out': "b'\\xfc\\xfc\\x02\\xf7\\x08\\xf8\\xf4\\x07\\x05\\x05\\x05\\x05\\x05\\x05\\x05\\n'"}
2026-08-23 01:28:28.596 /testbed/src/click/utils.py:332 click.utils.echo event=line locals={}
2026-08-23 01:28:28.596 /testbed/src/click/utils.py:333 click.utils.echo event=line locals={}
2026-08-23 01:28:28.596 /testbed/src/click/utils.py:334 click.utils.echo event=line locals={'binary_file': '<testcase.BinaryCapture object at 0x7b73a1e9de40>'}
2026-08-23 01:28:28.596 /testbed/src/click/utils.py:335 click.utils.echo event=line locals={}
2026-08-23 01:28:28.596 /testbed/src/click/utils.py:336 click.utils.echo event=line locals={}
2026-08-23 01:28:28.596 /testbed/src/click/utils.py:337 click.utils.echo event=line locals={}
2026-08-23 01:28:28.596 /testbed/src/click/utils.py:338 click.utils.echo event=line locals={}
2026-08-23 01:28:28.596 /testbed/src/click/utils.py:338 click.utils.echo event=return retval=None locals={'binary_file': '<testcase.BinaryCapture object at 0x7b73a1e9de40>', 'color': 'False', 'err': 'False', 'file': '<testcase.BinaryCapture object at 0x7b73a1e9de40>', 'message': "b'\\xfc\\xfc\\x02\\xf7\\x08\\xf8\\xf4\\x07\\x05\\x05\\x05\\x05\\x05\\x05\\x05'", 'nl': 'True', 'out': "b'\\xfc\\xfc\\x02\\xf7\\x08\\xf8\\xf4\\x07\\x05\\x05\\x05\\x05\\x05\\x05\\x05\\n'"}
2026-08-23 01:28:28.596 /testbed/src/click/utils.py:252 click.utils.echo event=call locals={'color': 'True', 'err': 'False', 'file': '<testcase.TextCapture object at 0x7b73a1e5ecb0>', 'message': "'lsuhyviyvvvvvvv'", 'nl': 'True'}
2026-08-23 01:28:28.596 /testbed/src/click/utils.py:299 click.utils.echo event=line locals={}
2026-08-23 01:28:28.596 /testbed/src/click/utils.py:310 click.utils.echo event=line locals={}
2026-08-23 01:28:28.596 /testbed/src/click/utils.py:311 click.utils.echo event=line locals={}
2026-08-23 01:28:28.596 /testbed/src/click/utils.py:312 click.utils.echo event=line locals={}
2026-08-23 01:28:28.596 /testbed/src/click/utils.py:318 click.utils.echo event=line locals={'out': "'lsuhyviyvvvvvvv'"}
2026-08-23 01:28:28.596 /testbed/src/click/utils.py:319 click.utils.echo event=line locals={}
2026-08-23 01:28:28.596 /testbed/src/click/utils.py:320 click.utils.echo event=line locals={}
2026-08-23 01:28:28.596 /testbed/src/click/utils.py:324 click.utils.echo event=line locals={'out': "'lsuhyviyvvvvvvv\\n'"}
2026-08-23 01:28:28.596 /testbed/src/click/utils.py:332 click.utils.echo event=line locals={}
2026-08-23 01:28:28.596 /testbed/src/click/utils.py:342 click.utils.echo event=line locals={}
2026-08-23 01:28:28.596 /testbed/src/click/utils.py:345 click.utils.echo event=line locals={}
2026-08-23 01:28:28.596 /testbed/src/click/utils.py:346 click.utils.echo event=line locals={}
2026-08-23 01:28:28.596 /testbed/src/click/utils.py:346 click.utils.echo event=return retval=None locals={'color': 'True', 'err': 'False', 'file': '<testcase.TextCapture object at 0x7b73a1e5ecb0>', 'message': "'lsuhyviyvvvvvvv'", 'nl': 'True', 'out': "'lsuhyviyvvvvvvv\\n'"}
2026-08-23 01:28:28.597 /testbed/src/click/utils.py:252 click.utils.echo event=call locals={'color': 'None', 'err': 'False', 'file': '<testcase.TextCapture object at 0x7b73a1e5ed40>', 'message': '<testcase.Renderable object at 0x7b73a1ea0d10>', 'nl': 'True'}
2026-08-23 01:28:28.597 /testbed/src/click/utils.py:299 click.utils.echo event=line locals={}
2026-08-23 01:28:28.597 /testbed/src/click/utils.py:310 click.utils.echo event=line locals={}
2026-08-23 01:28:28.597 /testbed/src/click/utils.py:311 click.utils.echo event=line locals={}
2026-08-23 01:28:28.597 /testbed/src/click/utils.py:313 click.utils.echo event=line locals={}
2026-08-23 01:28:28.597 /testbed/src/click/utils.py:315 click.utils.echo event=line locals={}
2026-08-23 01:28:28.597 /testbed/src/click/utils.py:316 click.utils.echo event=line locals={}
2026-08-23 01:28:28.597 /testbed/src/click/utils.py:318 click.utils.echo event=line locals={'out': "'\\x1b[35mwwwwwwwxdzlefhp\\x1b[0m'"}
2026-08-23 01:28:28.597 /testbed/src/click/utils.py:319 click.utils.echo event=line locals={}
2026-08-23 01:28:28.597 /testbed/src/click/utils.py:320 click.utils.echo event=line locals={}
2026-08-23 01:28:28.597 /testbed/src/click/utils.py:324 click.utils.echo event=line locals={'out': "'\\x1b[35mwwwwwwwxdzlefhp\\x1b[0m\\n'"}
2026-08-23 01:28:28.597 /testbed/src/click/utils.py:332 click.utils.echo event=line locals={}
2026-08-23 01:28:28.597 /testbed/src/click/utils.py:342 click.utils.echo event=line locals={}
2026-08-23 01:28:28.597 /testbed/src/click/utils.py:343 click.utils.echo event=line locals={}
2026-08-23 01:28:28.597 /testbed/src/click/utils.py:345 click.utils.echo event=line locals={'out': "'wwwwwwwxdzlefhp\\n'"}
2026-08-23 01:28:28.597 /testbed/src/click/utils.py:346 click.utils.echo event=line locals={}
2026-08-23 01:28:28.597 /testbed/src/click/utils.py:346 click.utils.echo event=return retval=None locals={'color': 'None', 'err': 'False', 'file': '<testcase.TextCapture object at 0x7b73a1e5ed40>', 'message': '<testcase.Renderable object at 0x7b73a1ea0d10>', 'nl': 'True', 'out': "'wwwwwwwxdzlefhp\\n'"}
2026-08-23 01:28:28.597 /testbed/src/click/utils.py:252 click.utils.echo event=call locals={'color': 'False', 'err': 'False', 'file': '<testcase.BinaryCapture object at 0x7b73a1e9dee0>', 'message': "bytearray(b'\\xf8\\xe6\\xe5\\xf6\\xeb\\xea\\xea\\xea\\xea\\xea\\xea\\xea\\xea\\xea\\xea')", 'nl': 'False'}
2026-08-23 01:28:28.597 /testbed/src/click/utils.py:299 click.utils.echo event=line locals={}
2026-08-23 01:28:28.597 /testbed/src/click/utils.py:310 click.utils.echo event=line locals={}
2026-08-23 01:28:28.597 /testbed/src/click/utils.py:311 click.utils.echo event=line locals={}
2026-08-23 01:28:28.597 /testbed/src/click/utils.py:312 click.utils.echo event=line locals={}
2026-08-23 01:28:28.597 /testbed/src/click/utils.py:318 click.utils.echo event=line locals={'out': "bytearray(b'\\xf8\\xe6\\xe5\\xf6\\xeb\\xea\\xea\\xea\\xea\\xea\\xea\\xea\\xea\\xea\\xea')"}
2026-08-23 01:28:28.597 /testbed/src/click/utils.py:324 click.utils.echo event=line locals={}
2026-08-23 01:28:28.597 /testbed/src/click/utils.py:332 click.utils.echo event=line locals={}
2026-08-23 01:28:28.597 /testbed/src/click/utils.py:333 click.utils.echo event=line locals={}
2026-08-23 01:28:28.597 /testbed/src/click/utils.py:334 click.utils.echo event=line locals={'binary_file': '<testcase.BinaryCapture object at 0x7b73a1e9dee0>'}
2026-08-23 01:28:28.597 /testbed/src/click/utils.py:335 click.utils.echo event=line locals={}
2026-08-23 01:28:28.597 /testbed/src/click/utils.py:336 click.utils.echo event=line locals={}
2026-08-23 01:28:28.597 /testbed/src/click/utils.py:337 click.utils.echo event=line locals={}
2026-08-23 01:28:28.597 /testbed/src/click/utils.py:338 click.utils.echo event=line locals={}
2026-08-23 01:28:28.597 /testbed/src/click/utils.py:338 click.utils.echo event=return retval=None locals={'binary_file': '<testcase.BinaryCapture object at 0x7b73a1e9dee0>', 'color': 'False', 'err': 'False', 'file': '<testcase.BinaryCapture object at 0x7b73a1e9dee0>', 'message': "bytearray(b'\\xf8\\xe6\\xe5\\xf6\\xeb\\xea\\xea\\xea\\xea\\xea\\xea\\xea\\xea\\xea\\xea')", 'nl': 'False', 'out': "bytearray(b'\\xf8\\xe6\\xe5\\xf6\\xeb\\xea\\xea\\xea\\xea\\xea\\xea\\xea\\xea\\xea\\xea')"}
2026-08-23 01:28:28.597 /testbed/src/click/utils.py:252 click.utils.echo event=call locals={'color': 'True', 'err': 'False', 'file': '<testcase.BinaryCapture object at 0x7b73a1e9dfd0>', 'message': "bytearray(b'\\xef\\xed\\xe1\\xef\\xe0\\xee\\xea\\xe3\\xfb\\xfb\\xfb\\xfb\\xfb\\xfb\\xfb')", 'nl': 'False'}
2026-08-23 01:28:28.597 /testbed/src/click/utils.py:299 click.utils.echo event=line locals={}
2026-08-23 01:28:28.597 /testbed/src/click/utils.py:310 click.utils.echo event=line locals={}
2026-08-23 01:28:28.597 /testbed/src/click/utils.py:311 click.utils.echo event=line locals={}
2026-08-23 01:28:28.597 /testbed/src/click/utils.py:312 click.utils.echo event=line locals={}
2026-08-23 01:28:28.597 /testbed/src/click/utils.py:318 click.utils.echo event=line locals={'out': "bytearray(b'\\xef\\xed\\xe1\\xef\\xe0\\xee\\xea\\xe3\\xfb\\xfb\\xfb\\xfb\\xfb\\xfb\\xfb')"}
2026-08-23 01:28:28.597 /testbed/src/click/utils.py:324 click.utils.echo event=line locals={}
2026-08-23 01:28:28.597 /testbed/src/click/utils.py:332 click.utils.echo event=line locals={}
2026-08-23 01:28:28.597 /testbed/src/click/utils.py:333 click.utils.echo event=line locals={}
2026-08-23 01:28:28.597 /testbed/src/click/utils.py:334 click.utils.echo event=line locals={'binary_file': '<testcase.BinaryCapture object at 0x7b73a1e9dfd0>'}
2026-08-23 01:28:28.597 /testbed/src/click/utils.py:335 click.utils.echo event=line locals={}
2026-08-23 01:28:28.597 /testbed/src/click/utils.py:336 click.utils.echo event=line locals={}
2026-08-23 01:28:28.597 /testbed/src/click/utils.py:337 click.utils.echo event=line locals={}
2026-08-23 01:28:28.598 /testbed/src/click/utils.py:338 click.utils.echo event=line locals={}
2026-08-23 01:28:28.598 /testbed/src/click/utils.py:338 click.utils.echo event=return retval=None locals={'binary_file': '<testcase.BinaryCapture object at 0x7b73a1e9dfd0>', 'color': 'True', 'err': 'False', 'file': '<testcase.BinaryCapture object at 0x7b73a1e9dfd0>', 'message': "bytearray(b'\\xef\\xed\\xe1\\xef\\xe0\\xee\\xea\\xe3\\xfb\\xfb\\xfb\\xfb\\xfb\\xfb\\xfb')", 'nl': 'False', 'out': "bytearray(b'\\xef\\xed\\xe1\\xef\\xe0\\xee\\xea\\xe3\\xfb\\xfb\\xfb\\xfb\\xfb\\xfb\\xfb')"}
2026-08-23 01:28:28.598 /testbed/src/click/utils.py:252 click.utils.echo event=call locals={'color': 'False', 'err': 'False', 'file': '<testcase.BinaryCapture object at 0x7b73a1e9de90>', 'message': "b'\\x13\\x13\\x06\\xfd\\x07\\x03\\t\\xfd\\x14\\x14\\x14\\x14\\x14\\x14\\x14'", 'nl': 'True'}
2026-08-23 01:28:28.598 /testbed/src/click/utils.py:299 click.utils.echo event=line locals={}
2026-08-23 01:28:28.598 /testbed/src/click/utils.py:310 click.utils.echo event=line locals={}
2026-08-23 01:28:28.598 /testbed/src/click/utils.py:311 click.utils.echo event=line locals={}
2026-08-23 01:28:28.598 /testbed/src/click/utils.py:312 click.utils.echo event=line locals={}
2026-08-23 01:28:28.598 /testbed/src/click/utils.py:318 click.utils.echo event=line locals={'out': "b'\\x13\\x13\\x06\\xfd\\x07\\x03\\t\\xfd\\x14\\x14\\x14\\x14\\x14\\x14\\x14'"}
2026-08-23 01:28:28.598 /testbed/src/click/utils.py:319 click.utils.echo event=line locals={}
2026-08-23 01:28:28.598 /testbed/src/click/utils.py:322 click.utils.echo event=line locals={}
2026-08-23 01:28:28.598 /testbed/src/click/utils.py:324 click.utils.echo event=line locals={'out': "b'\\x13\\x13\\x06\\xfd\\x07\\x03\\t\\xfd\\x14\\x14\\x14\\x14\\x14\\x14\\x14\\n'"}
2026-08-23 01:28:28.598 /testbed/src/click/utils.py:332 click.utils.echo event=line locals={}
2026-08-23 01:28:28.598 /testbed/src/click/utils.py:333 click.utils.echo event=line locals={}
2026-08-23 01:28:28.598 /testbed/src/click/utils.py:334 click.utils.echo event=line locals={'binary_file': '<testcase.BinaryCapture object at 0x7b73a1e9de90>'}
2026-08-23 01:28:28.598 /testbed/src/click/utils.py:335 click.utils.echo event=line locals={}
2026-08-23 01:28:28.598 /testbed/src/click/utils.py:336 click.utils.echo event=line locals={}
2026-08-23 01:28:28.598 /testbed/src/click/utils.py:337 click.utils.echo event=line locals={}
2026-08-23 01:28:28.598 /testbed/src/click/utils.py:338 click.utils.echo event=line locals={}
2026-08-23 01:28:28.598 /testbed/src/click/utils.py:338 click.utils.echo event=return retval=None locals={'binary_file': '<testcase.BinaryCapture object at 0x7b73a1e9de90>', 'color': 'False', 'err': 'False', 'file': '<testcase.BinaryCapture object at 0x7b73a1e9de90>', 'message': "b'\\x13\\x13\\x06\\xfd\\x07\\x03\\t\\xfd\\x14\\x14\\x14\\x14\\x14\\x14\\x14'", 'nl': 'True', 'out': "b'\\x13\\x13\\x06\\xfd\\x07\\x03\\t\\xfd\\x14\\x14\\x14\\x14\\x14\\x14\\x14\\n'"}
2026-08-23 01:28:28.598 /testbed/src/click/utils.py:252 click.utils.echo event=call locals={'color': 'False', 'err': 'False', 'file': '<testcase.TextCapture object at 0x7b73a1e5edd0>', 'message': "'uyzzgiicaaaaaaauyzzgiicaaaaaaauyzzgiicaaaaaaauyzzgiicaaaaaaa'", 'nl': 'False'}
2026-08-23 01:28:28.598 /testbed/src/click/utils.py:299 click.utils.echo event=line locals={}
2026-08-23 01:28:28.598 /testbed/src/click/utils.py:310 click.utils.echo event=line locals={}
2026-08-23 01:28:28.598 /testbed/src/click/utils.py:311 click.utils.echo event=line locals={}
2026-08-23 01:28:28.598 /testbed/src/click/utils.py:312 click.utils.echo event=line locals={}
2026-08-23 01:28:28.598 /testbed/src/click/utils.py:318 click.utils.echo event=line locals={'out': "'uyzzgiicaaaaaaauyzzgiicaaaaaaauyzzgiicaaaaaaauyzzgiicaaaaaaa'"}
2026-08-23 01:28:28.598 /testbed/src/click/utils.py:324 click.utils.echo event=line locals={}
2026-08-23 01:28:28.598 /testbed/src/click/utils.py:332 click.utils.echo event=line locals={}
2026-08-23 01:28:28.598 /testbed/src/click/utils.py:342 click.utils.echo event=line locals={}
2026-08-23 01:28:28.598 /testbed/src/click/utils.py:343 click.utils.echo event=line locals={}
2026-08-23 01:28:28.598 /testbed/src/click/utils.py:345 click.utils.echo event=line locals={}
2026-08-23 01:28:28.598 /testbed/src/click/utils.py:346 click.utils.echo event=line locals={}
2026-08-23 01:28:28.598 /testbed/src/click/utils.py:346 click.utils.echo event=return retval=None locals={'color': 'False', 'err': 'False', 'file': '<testcase.TextCapture object at 0x7b73a1e5edd0>', 'message': "'uyzzgiicaaaaaaauyzzgiicaaaaaaauyzzgiicaaaaaaauyzzgiicaaaaaaa'", 'nl': 'False', 'out': "'uyzzgiicaaaaaaauyzzgiicaaaaaaauyzzgiicaaaaaaauyzzgiicaaaaaaa'"}
2026-08-23 01:28:28.598 /testbed/src/click/utils.py:252 click.utils.echo event=call locals={'color': 'None', 'err': 'False', 'file': '<testcase.TextCapture object at 0x7b73a1e5ee60>', 'message': '<testcase.Renderable object at 0x7b73a1ea1090>', 'nl': 'False'}
2026-08-23 01:28:28.598 /testbed/src/click/utils.py:299 click.utils.echo event=line locals={}
2026-08-23 01:28:28.598 /testbed/src/click/utils.py:310 click.utils.echo event=line locals={}
2026-08-23 01:28:28.598 /testbed/src/click/utils.py:311 click.utils.echo event=line locals={}
2026-08-23 01:28:28.598 /testbed/src/click/utils.py:313 click.utils.echo event=line locals={}
2026-08-23 01:28:28.598 /testbed/src/click/utils.py:315 click.utils.echo event=line locals={}
2026-08-23 01:28:28.598 /testbed/src/click/utils.py:316 click.utils.echo event=line locals={}
2026-08-23 01:28:28.598 /testbed/src/click/utils.py:318 click.utils.echo event=line locals={'out': "'\\x1b[35mbbbbbbbcfrqknzw\\x1b[0m'"}
2026-08-23 01:28:28.598 /testbed/src/click/utils.py:324 click.utils.echo event=line locals={}
2026-08-23 01:28:28.598 /testbed/src/click/utils.py:332 click.utils.echo event=line locals={}
2026-08-23 01:28:28.598 /testbed/src/click/utils.py:342 click.utils.echo event=line locals={}
2026-08-23 01:28:28.598 /testbed/src/click/utils.py:343 click.utils.echo event=line locals={}
2026-08-23 01:28:28.598 /testbed/src/click/utils.py:345 click.utils.echo event=line locals={'out': "'bbbbbbbcfrqknzw'"}
2026-08-23 01:28:28.598 /testbed/src/click/utils.py:346 click.utils.echo event=line locals={}
2026-08-23 01:28:28.598 /testbed/src/click/utils.py:346 click.utils.echo event=return retval=None locals={'color': 'None', 'err': 'False', 'file': '<testcase.TextCapture object at 0x7b73a1e5ee60>', 'message': '<testcase.Renderable object at 0x7b73a1ea1090>', 'nl': 'False', 'out': "'bbbbbbbcfrqknzw'"}
2026-08-23 01:28:28.598 /testbed/src/click/utils.py:252 click.utils.echo event=call locals={'color': 'True', 'err': 'False', 'file': '<testcase.TextCapture object at 0x7b73a1e5eef0>', 'message': 'None', 'nl': 'False'}
2026-08-23 01:28:28.598 /testbed/src/click/utils.py:299 click.utils.echo event=line locals={}
2026-08-23 01:28:28.599 /testbed/src/click/utils.py:310 click.utils.echo event=line locals={}
2026-08-23 01:28:28.599 /testbed/src/click/utils.py:311 click.utils.echo event=line locals={}
2026-08-23 01:28:28.599 /testbed/src/click/utils.py:313 click.utils.echo event=line locals={}
2026-08-23 01:28:28.599 /testbed/src/click/utils.py:314 click.utils.echo event=line locals={}
2026-08-23 01:28:28.599 /testbed/src/click/utils.py:318 click.utils.echo event=line locals={'out': "''"}
2026-08-23 01:28:28.599 /testbed/src/click/utils.py:324 click.utils.echo event=line locals={}
2026-08-23 01:28:28.599 /testbed/src/click/utils.py:325 click.utils.echo event=line locals={}
2026-08-23 01:28:28.599 /testbed/src/click/utils.py:326 click.utils.echo event=line locals={}
2026-08-23 01:28:28.599 /testbed/src/click/utils.py:326 click.utils.echo event=return retval=None locals={'color': 'True', 'err': 'False', 'file': '<testcase.TextCapture object at 0x7b73a1e5eef0>', 'message': 'None', 'nl': 'False', 'out': "''"}
2026-08-23 01:28:28.599 /testbed/src/click/utils.py:252 click.utils.echo event=call locals={'color': 'True', 'err': 'False', 'file': '<testcase.TextCapture object at 0x7b73a1e5ef80>', 'message': "'\\x1b[31mgdjrnsnfddddddd\\x1b[0m'", 'nl': 'False'}
2026-08-23 01:28:28.599 /testbed/src/click/utils.py:299 click.utils.echo event=line locals={}
2026-08-23 01:28:28.599 /testbed/src/click/utils.py:310 click.utils.echo event=line locals={}
2026-08-23 01:28:28.599 /testbed/src/click/utils.py:311 click.utils.echo event=line locals={}
2026-08-23 01:28:28.599 /testbed/src/click/utils.py:312 click.utils.echo event=line locals={}
2026-08-23 01:28:28.599 /testbed/src/click/utils.py:318 click.utils.echo event=line locals={'out': "'\\x1b[31mgdjrnsnfddddddd\\x1b[0m'"}
2026-08-23 01:28:28.599 /testbed/src/click/utils.py:324 click.utils.echo event=line locals={}
2026-08-23 01:28:28.599 /testbed/src/click/utils.py:332 click.utils.echo event=line locals={}
2026-08-23 01:28:28.599 /testbed/src/click/utils.py:342 click.utils.echo event=line locals={}
2026-08-23 01:28:28.599 /testbed/src/click/utils.py:345 click.utils.echo event=line locals={}
2026-08-23 01:28:28.599 /testbed/src/click/utils.py:346 click.utils.echo event=line locals={}
2026-08-23 01:28:28.599 /testbed/src/click/utils.py:346 click.utils.echo event=return retval=None locals={'color': 'True', 'err': 'False', 'file': '<testcase.TextCapture object at 0x7b73a1e5ef80>', 'message': "'\\x1b[31mgdjrnsnfddddddd\\x1b[0m'", 'nl': 'False', 'out': "'\\x1b[31mgdjrnsnfddddddd\\x1b[0m'"}
2026-08-23 01:28:28.599 /testbed/src/click/utils.py:252 click.utils.echo event=call locals={'color': 'True', 'err': 'False', 'file': '<testcase.BinaryCapture object at 0x7b73a1e9e020>', 'message': "b'\\x16\\x05\\x0e\\n\\t\\x0f\\x11\\x0b\\t\\t\\t\\t\\t\\t\\t'", 'nl': 'False'}
2026-08-23 01:28:28.599 /testbed/src/click/utils.py:299 click.utils.echo event=line locals={}
2026-08-23 01:28:28.599 /testbed/src/click/utils.py:310 click.utils.echo event=line locals={}
2026-08-23 01:28:28.599 /testbed/src/click/utils.py:311 click.utils.echo event=line locals={}
2026-08-23 01:28:28.599 /testbed/src/click/utils.py:312 click.utils.echo event=line locals={}
2026-08-23 01:28:28.599 /testbed/src/click/utils.py:318 click.utils.echo event=line locals={'out': "b'\\x16\\x05\\x0e\\n\\t\\x0f\\x11\\x0b\\t\\t\\t\\t\\t\\t\\t'"}
2026-08-23 01:28:28.599 /testbed/src/click/utils.py:324 click.utils.echo event=line locals={}
2026-08-23 01:28:28.599 /testbed/src/click/utils.py:332 click.utils.echo event=line locals={}
2026-08-23 01:28:28.599 /testbed/src/click/utils.py:333 click.utils.echo event=line locals={}
2026-08-23 01:28:28.599 /testbed/src/click/utils.py:334 click.utils.echo event=line locals={'binary_file': '<testcase.BinaryCapture object at 0x7b73a1e9e020>'}
2026-08-23 01:28:28.599 /testbed/src/click/utils.py:335 click.utils.echo event=line locals={}
2026-08-23 01:28:28.599 /testbed/src/click/utils.py:336 click.utils.echo event=line locals={}
2026-08-23 01:28:28.599 /testbed/src/click/utils.py:337 click.utils.echo event=line locals={}
2026-08-23 01:28:28.599 /testbed/src/click/utils.py:338 click.utils.echo event=line locals={}
2026-08-23 01:28:28.599 /testbed/src/click/utils.py:338 click.utils.echo event=return retval=None locals={'binary_file': '<testcase.BinaryCapture object at 0x7b73a1e9e020>', 'color': 'True', 'err': 'False', 'file': '<testcase.BinaryCapture object at 0x7b73a1e9e020>', 'message': "b'\\x16\\x05\\x0e\\n\\t\\x0f\\x11\\x0b\\t\\t\\t\\t\\t\\t\\t'", 'nl': 'False', 'out': "b'\\x16\\x05\\x0e\\n\\t\\x0f\\x11\\x0b\\t\\t\\t\\t\\t\\t\\t'"}
2026-08-23 01:28:28.599 /testbed/src/click/utils.py:252 click.utils.echo event=call locals={'color': 'False', 'err': 'False', 'file': '<testcase.TextCapture object at 0x7b73a1e5f010>', 'message': "'\\x1b[31muckzkzqhfffffff\\x1b[0m'", 'nl': 'True'}
2026-08-23 01:28:28.599 /testbed/src/click/utils.py:299 click.utils.echo event=line locals={}
2026-08-23 01:28:28.599 /testbed/src/click/utils.py:310 click.utils.echo event=line locals={}
2026-08-23 01:28:28.599 /testbed/src/click/utils.py:311 click.utils.echo event=line locals={}
2026-08-23 01:28:28.599 /testbed/src/click/utils.py:312 click.utils.echo event=line locals={}
2026-08-23 01:28:28.599 /testbed/src/click/utils.py:318 click.utils.echo event=line locals={'out': "'\\x1b[31muckzkzqhfffffff\\x1b[0m'"}
2026-08-23 01:28:28.599 /testbed/src/click/utils.py:319 click.utils.echo event=line locals={}
2026-08-23 01:28:28.599 /testbed/src/click/utils.py:320 click.utils.echo event=line locals={}
2026-08-23 01:28:28.599 /testbed/src/click/utils.py:324 click.utils.echo event=line locals={'out': "'\\x1b[31muckzkzqhfffffff\\x1b[0m\\n'"}
2026-08-23 01:28:28.599 /testbed/src/click/utils.py:332 click.utils.echo event=line locals={}
2026-08-23 01:28:28.599 /testbed/src/click/utils.py:342 click.utils.echo event=line locals={}
2026-08-23 01:28:28.599 /testbed/src/click/utils.py:343 click.utils.echo event=line locals={}
2026-08-23 01:28:28.599 /testbed/src/click/utils.py:345 click.utils.echo event=line locals={'out': "'uckzkzqhfffffff\\n'"}
2026-08-23 01:28:28.599 /testbed/src/click/utils.py:346 click.utils.echo event=line locals={}
2026-08-23 01:28:28.599 /testbed/src/click/utils.py:346 click.utils.echo event=return retval=None locals={'color': 'False', 'err': 'False', 'file': '<testcase.TextCapture object at 0x7b73a1e5f010>', 'message': "'\\x1b[31muckzkzqhfffffff\\x1b[0m'", 'nl': 'True', 'out': "'uckzkzqhfffffff\\n'"}
2026-08-23 01:28:28.599 /testbed/src/click/utils.py:252 click.utils.echo event=call locals={'color': 'False', 'err': 'False', 'file': '<testcase.TextCapture object at 0x7b73a1e5f0a0>', 'message': "'\\x1b[31mzxxqpovjggggggg\\x1b[0m'", 'nl': 'True'}
2026-08-23 01:28:28.599 /testbed/src/click/utils.py:299 click.utils.echo event=line locals={}
2026-08-23 01:28:28.599 /testbed/src/click/utils.py:310 click.utils.echo event=line locals={}
2026-08-23 01:28:28.599 /testbed/src/click/utils.py:311 click.utils.echo event=line locals={}
2026-08-23 01:28:28.600 /testbed/src/click/utils.py:312 click.utils.echo event=line locals={}
2026-08-23 01:28:28.600 /testbed/src/click/utils.py:318 click.utils.echo event=line locals={'out': "'\\x1b[31mzxxqpovjggggggg\\x1b[0m'"}
2026-08-23 01:28:28.600 /testbed/src/click/utils.py:319 click.utils.echo event=line locals={}
2026-08-23 01:28:28.600 /testbed/src/click/utils.py:320 click.utils.echo event=line locals={}
2026-08-23 01:28:28.600 /testbed/src/click/utils.py:324 click.utils.echo event=line locals={'out': "'\\x1b[31mzxxqpovjggggggg\\x1b[0m\\n'"}
2026-08-23 01:28:28.600 /testbed/src/click/utils.py:332 click.utils.echo event=line locals={}
2026-08-23 01:28:28.600 /testbed/src/click/utils.py:342 click.utils.echo event=line locals={}
2026-08-23 01:28:28.600 /testbed/src/click/utils.py:343 click.utils.echo event=line locals={}
2026-08-23 01:28:28.600 /testbed/src/click/utils.py:345 click.utils.echo event=line locals={'out': "'zxxqpovjggggggg\\n'"}
2026-08-23 01:28:28.600 /testbed/src/click/utils.py:346 click.utils.echo event=line locals={}
2026-08-23 01:28:28.600 /testbed/src/click/utils.py:346 click.utils.echo event=return retval=None locals={'color': 'False', 'err': 'False', 'file': '<testcase.TextCapture object at 0x7b73a1e5f0a0>', 'message': "'\\x1b[31mzxxqpovjggggggg\\x1b[0m'", 'nl': 'True', 'out': "'zxxqpovjggggggg\\n'"}
2026-08-23 01:28:28.600 /testbed/src/click/utils.py:252 click.utils.echo event=call locals={'color': 'None', 'err': 'False', 'file': '<testcase.TextCapture object at 0x7b73a1e5f130>', 'message': '<testcase.Renderable object at 0x7b73a1ea13d0>', 'nl': 'True'}
2026-08-23 01:28:28.600 /testbed/src/click/utils.py:299 click.utils.echo event=line locals={}
2026-08-23 01:28:28.600 /testbed/src/click/utils.py:310 click.utils.echo event=line locals={}
2026-08-23 01:28:28.600 /testbed/src/click/utils.py:311 click.utils.echo event=line locals={}
2026-08-23 01:28:28.600 /testbed/src/click/utils.py:313 click.utils.echo event=line locals={}
2026-08-23 01:28:28.600 /testbed/src/click/utils.py:315 click.utils.echo event=line locals={}
2026-08-23 01:28:28.600 /testbed/src/click/utils.py:316 click.utils.echo event=line locals={}
2026-08-23 01:28:28.600 /testbed/src/click/utils.py:318 click.utils.echo event=line locals={'out': "'\\x1b[35mhhhhhhhkteyzeyy\\x1b[0m'"}
2026-08-23 01:28:28.600 /testbed/src/click/utils.py:319 click.utils.echo event=line locals={}
2026-08-23 01:28:28.600 /testbed/src/click/utils.py:320 click.utils.echo event=line locals={}
2026-08-23 01:28:28.600 /testbed/src/click/utils.py:324 click.utils.echo event=line locals={'out': "'\\x1b[35mhhhhhhhkteyzeyy\\x1b[0m\\n'"}
2026-08-23 01:28:28.600 /testbed/src/click/utils.py:332 click.utils.echo event=line locals={}
2026-08-23 01:28:28.600 /testbed/src/click/utils.py:342 click.utils.echo event=line locals={}
2026-08-23 01:28:28.600 /testbed/src/click/utils.py:343 click.utils.echo event=line locals={}
2026-08-23 01:28:28.600 /testbed/src/click/utils.py:345 click.utils.echo event=line locals={'out': "'hhhhhhhkteyzeyy\\n'"}
2026-08-23 01:28:28.600 /testbed/src/click/utils.py:346 click.utils.echo event=line locals={}
2026-08-23 01:28:28.600 /testbed/src/click/utils.py:346 click.utils.echo event=return retval=None locals={'color': 'None', 'err': 'False', 'file': '<testcase.TextCapture object at 0x7b73a1e5f130>', 'message': '<testcase.Renderable object at 0x7b73a1ea13d0>', 'nl': 'True', 'out': "'hhhhhhhkteyzeyy\\n'"}
2026-08-23 01:28:28.600 /testbed/src/click/utils.py:252 click.utils.echo event=call locals={'color': 'None', 'err': 'False', 'file': '<testcase.TextCapture object at 0x7b73a1e5f1c0>', 'message': "'qqqqdatkiiiiiiiqqqqdatkiiiiiiiqqqqdatkiiiiiii'", 'nl': 'False'}
2026-08-23 01:28:28.600 /testbed/src/click/utils.py:299 click.utils.echo event=line locals={}
2026-08-23 01:28:28.600 /testbed/src/click/utils.py:310 click.utils.echo event=line locals={}
2026-08-23 01:28:28.600 /testbed/src/click/utils.py:311 click.utils.echo event=line locals={}
2026-08-23 01:28:28.600 /testbed/src/click/utils.py:312 click.utils.echo event=line locals={}
2026-08-23 01:28:28.600 /testbed/src/click/utils.py:318 click.utils.echo event=line locals={'out': "'qqqqdatkiiiiiiiqqqqdatkiiiiiiiqqqqdatkiiiiiii'"}
2026-08-23 01:28:28.600 /testbed/src/click/utils.py:324 click.utils.echo event=line locals={}
2026-08-23 01:28:28.600 /testbed/src/click/utils.py:332 click.utils.echo event=line locals={}
2026-08-23 01:28:28.600 /testbed/src/click/utils.py:342 click.utils.echo event=line locals={}
2026-08-23 01:28:28.600 /testbed/src/click/utils.py:343 click.utils.echo event=line locals={}
2026-08-23 01:28:28.600 /testbed/src/click/utils.py:345 click.utils.echo event=line locals={}
2026-08-23 01:28:28.600 /testbed/src/click/utils.py:346 click.utils.echo event=line locals={}
2026-08-23 01:28:28.600 /testbed/src/click/utils.py:346 click.utils.echo event=return retval=None locals={'color': 'None', 'err': 'False', 'file': '<testcase.TextCapture object at 0x7b73a1e5f1c0>', 'message': "'qqqqdatkiiiiiiiqqqqdatkiiiiiiiqqqqdatkiiiiiii'", 'nl': 'False', 'out': "'qqqqdatkiiiiiiiqqqqdatkiiiiiiiqqqqdatkiiiiiii'"}
2026-08-23 01:28:28.600 /testbed/src/click/utils.py:252 click.utils.echo event=call locals={'color': 'True', 'err': 'False', 'file': '<testcase.TextCapture object at 0x7b73a1e5f250>', 'message': "'\\x1b[31micagiipkjjjjjjj\\x1b[0m'", 'nl': 'True'}
2026-08-23 01:28:28.600 /testbed/src/click/utils.py:299 click.utils.echo event=line locals={}
2026-08-23 01:28:28.600 /testbed/src/click/utils.py:310 click.utils.echo event=line locals={}
2026-08-23 01:28:28.600 /testbed/src/click/utils.py:311 click.utils.echo event=line locals={}
2026-08-23 01:28:28.600 /testbed/src/click/utils.py:312 click.utils.echo event=line locals={}
2026-08-23 01:28:28.600 /testbed/src/click/utils.py:318 click.utils.echo event=line locals={'out': "'\\x1b[31micagiipkjjjjjjj\\x1b[0m'"}
2026-08-23 01:28:28.600 /testbed/src/click/utils.py:319 click.utils.echo event=line locals={}
2026-08-23 01:28:28.600 /testbed/src/click/utils.py:320 click.utils.echo event=line locals={}
2026-08-23 01:28:28.600 /testbed/src/click/utils.py:324 click.utils.echo event=line locals={'out': "'\\x1b[31micagiipkjjjjjjj\\x1b[0m\\n'"}
2026-08-23 01:28:28.600 /testbed/src/click/utils.py:332 click.utils.echo event=line locals={}
2026-08-23 01:28:28.600 /testbed/src/click/utils.py:342 click.utils.echo event=line locals={}
2026-08-23 01:28:28.600 /testbed/src/click/utils.py:345 click.utils.echo event=line locals={}
2026-08-23 01:28:28.600 /testbed/src/click/utils.py:346 click.utils.echo event=line locals={}
2026-08-23 01:28:28.600 /testbed/src/click/utils.py:346 click.utils.echo event=return retval=None locals={'color': 'True', 'err': 'False', 'file': '<testcase.TextCapture object at 0x7b73a1e5f250>', 'message': "'\\x1b[31micagiipkjjjjjjj\\x1b[0m'", 'nl': 'True', 'out': "'\\x1b[31micagiipkjjjjjjj\\x1b[0m\\n'"}
2026-08-23 01:28:28.601 /testbed/src/click/utils.py:252 click.utils.echo event=call locals={'color': 'True', 'err': 'False', 'file': '<testcase.BinaryCapture object at 0x7b73a1e9e1b0>', 'message': 'b\'(\\x11\\x1f")\\x11\\x1f\\x1c\\x1b\\x1b\\x1b\\x1b\\x1b\\x1b\\x1b\'', 'nl': 'False'}
2026-08-23 01:28:28.601 /testbed/src/click/utils.py:299 click.utils.echo event=line locals={}
2026-08-23 01:28:28.601 /testbed/src/click/utils.py:310 click.utils.echo event=line locals={}
2026-08-23 01:28:28.601 /testbed/src/click/utils.py:311 click.utils.echo event=line locals={}
2026-08-23 01:28:28.601 /testbed/src/click/utils.py:312 click.utils.echo event=line locals={}
2026-08-23 01:28:28.601 /testbed/src/click/utils.py:318 click.utils.echo event=line locals={'out': 'b\'(\\x11\\x1f")\\x11\\x1f\\x1c\\x1b\\x1b\\x1b\\x1b\\x1b\\x1b\\x1b\''}
2026-08-23 01:28:28.601 /testbed/src/click/utils.py:324 click.utils.echo event=line locals={}
2026-08-23 01:28:28.601 /testbed/src/click/utils.py:332 click.utils.echo event=line locals={}
2026-08-23 01:28:28.601 /testbed/src/click/utils.py:333 click.utils.echo event=line locals={}
2026-08-23 01:28:28.601 /testbed/src/click/utils.py:334 click.utils.echo event=line locals={'binary_file': '<testcase.BinaryCapture object at 0x7b73a1e9e1b0>'}
2026-08-23 01:28:28.601 /testbed/src/click/utils.py:335 click.utils.echo event=line locals={}
2026-08-23 01:28:28.601 /testbed/src/click/utils.py:336 click.utils.echo event=line locals={}
2026-08-23 01:28:28.601 /testbed/src/click/utils.py:337 click.utils.echo event=line locals={}
2026-08-23 01:28:28.601 /testbed/src/click/utils.py:338 click.utils.echo event=line locals={}
2026-08-23 01:28:28.601 /testbed/src/click/utils.py:338 click.utils.echo event=return retval=None locals={'binary_file': '<testcase.BinaryCapture object at 0x7b73a1e9e1b0>', 'color': 'True', 'err': 'False', 'file': '<testcase.BinaryCapture object at 0x7b73a1e9e1b0>', 'message': 'b\'(\\x11\\x1f")\\x11\\x1f\\x1c\\x1b\\x1b\\x1b\\x1b\\x1b\\x1b\\x1b\'', 'nl': 'False', 'out': 'b\'(\\x11\\x1f")\\x11\\x1f\\x1c\\x1b\\x1b\\x1b\\x1b\\x1b\\x1b\\x1b\''}
2026-08-23 01:28:28.601 /testbed/src/click/utils.py:252 click.utils.echo event=call locals={'color': 'None', 'err': 'False', 'file': '<testcase.TextCapture object at 0x7b73a1e5f2e0>', 'message': 'None', 'nl': 'False'}
2026-08-23 01:28:28.601 /testbed/src/click/utils.py:299 click.utils.echo event=line locals={}
2026-08-23 01:28:28.601 /testbed/src/click/utils.py:310 click.utils.echo event=line locals={}
2026-08-23 01:28:28.601 /testbed/src/click/utils.py:311 click.utils.echo event=line locals={}
2026-08-23 01:28:28.601 /testbed/src/click/utils.py:313 click.utils.echo event=line locals={}
2026-08-23 01:28:28.601 /testbed/src/click/utils.py:314 click.utils.echo event=line locals={}
2026-08-23 01:28:28.601 /testbed/src/click/utils.py:318 click.utils.echo event=line locals={'out': "''"}
2026-08-23 01:28:28.601 /testbed/src/click/utils.py:324 click.utils.echo event=line locals={}
2026-08-23 01:28:28.601 /testbed/src/click/utils.py:325 click.utils.echo event=line locals={}
2026-08-23 01:28:28.601 /testbed/src/click/utils.py:326 click.utils.echo event=line locals={}
2026-08-23 01:28:28.601 /testbed/src/click/utils.py:326 click.utils.echo event=return retval=None locals={'color': 'None', 'err': 'False', 'file': '<testcase.TextCapture object at 0x7b73a1e5f2e0>', 'message': 'None', 'nl': 'False', 'out': "''"}
2026-08-23 01:28:28.601 /testbed/src/click/utils.py:252 click.utils.echo event=call locals={'color': 'None', 'err': 'False', 'file': '<testcase.TextCapture object at 0x7b73a1e5f370>', 'message': "'msuuubwommmmmmmmsuuubwommmmmmm'", 'nl': 'False'}
2026-08-23 01:28:28.601 /testbed/src/click/utils.py:299 click.utils.echo event=line locals={}
2026-08-23 01:28:28.601 /testbed/src/click/utils.py:310 click.utils.echo event=line locals={}
2026-08-23 01:28:28.601 /testbed/src/click/utils.py:311 click.utils.echo event=line locals={}
2026-08-23 01:28:28.601 /testbed/src/click/utils.py:312 click.utils.echo event=line locals={}
2026-08-23 01:28:28.601 /testbed/src/click/utils.py:318 click.utils.echo event=line locals={'out': "'msuuubwommmmmmmmsuuubwommmmmmm'"}
2026-08-23 01:28:28.601 /testbed/src/click/utils.py:324 click.utils.echo event=line locals={}
2026-08-23 01:28:28.601 /testbed/src/click/utils.py:332 click.utils.echo event=line locals={}
2026-08-23 01:28:28.601 /testbed/src/click/utils.py:342 click.utils.echo event=line locals={}
2026-08-23 01:28:28.601 /testbed/src/click/utils.py:343 click.utils.echo event=line locals={}
2026-08-23 01:28:28.601 /testbed/src/click/utils.py:345 click.utils.echo event=line locals={}
2026-08-23 01:28:28.601 /testbed/src/click/utils.py:346 click.utils.echo event=line locals={}
2026-08-23 01:28:28.601 /testbed/src/click/utils.py:346 click.utils.echo event=return retval=None locals={'color': 'None', 'err': 'False', 'file': '<testcase.TextCapture object at 0x7b73a1e5f370>', 'message': "'msuuubwommmmmmmmsuuubwommmmmmm'", 'nl': 'False', 'out': "'msuuubwommmmmmmmsuuubwommmmmmm'"}
2026-08-23 01:28:28.601 /testbed/src/click/utils.py:252 click.utils.echo event=call locals={'color': 'False', 'err': 'False', 'file': '<testcase.TextCapture object at 0x7b73a1e5f400>', 'message': "'rubxpnnnnnnnnnnrubxpnnnnnnnnnnrubxpnnnnnnnnnnrubxpnnnnnnnnnnrubxpnnnnnnnnnn'", 'nl': 'True'}
2026-08-23 01:28:28.601 /testbed/src/click/utils.py:299 click.utils.echo event=line locals={}
2026-08-23 01:28:28.601 /testbed/src/click/utils.py:310 click.utils.echo event=line locals={}
2026-08-23 01:28:28.601 /testbed/src/click/utils.py:311 click.utils.echo event=line locals={}
2026-08-23 01:28:28.601 /testbed/src/click/utils.py:312 click.utils.echo event=line locals={}
2026-08-23 01:28:28.601 /testbed/src/click/utils.py:318 click.utils.echo event=line locals={'out': "'rubxpnnnnnnnnnnrubxpnnnnnnnnnnrubxpnnnnnnnnnnrubxpnnnnnnnnnnrubxpnnnnnnnnnn'"}
2026-08-23 01:28:28.601 /testbed/src/click/utils.py:319 click.utils.echo event=line locals={}
2026-08-23 01:28:28.601 /testbed/src/click/utils.py:320 click.utils.echo event=line locals={}
2026-08-23 01:28:28.601 /testbed/src/click/utils.py:324 click.utils.echo event=line locals={'out': "'rubxpnnnnnnnnnnrubxpnnnnnnnnnnrubxpnnnnnnnnnnrubxpnnnnnnnnnnrubxpnnnnnnnnnn\\n'"}
2026-08-23 01:28:28.601 /testbed/src/click/utils.py:332 click.utils.echo event=line locals={}
2026-08-23 01:28:28.601 /testbed/src/click/utils.py:342 click.utils.echo event=line locals={}
2026-08-23 01:28:28.601 /testbed/src/click/utils.py:343 click.utils.echo event=line locals={}
2026-08-23 01:28:28.601 /testbed/src/click/utils.py:345 click.utils.echo event=line locals={}
2026-08-23 01:28:28.601 /testbed/src/click/utils.py:346 click.utils.echo event=line locals={}
2026-08-23 01:28:28.601 /testbed/src/click/utils.py:346 click.utils.echo event=return retval=None locals={'color': 'False', 'err': 'False', 'file': '<testcase.TextCapture object at 0x7b73a1e5f400>', 'message': "'rubxpnnnnnnnnnnrubxpnnnnnnnnnnrubxpnnnnnnnnnnrubxpnnnnnnnnnnrubxpnnnnnnnnnn'", 'nl': 'True', 'out': "'rubxpnnnnnnnnnnrubxpnnnnnnnnnnrubxpnnnnnnnnnnrubxpnnnnnnnnnnrubxpnnnnnnnnnn\\n'"}
2026-08-23 01:28:28.602 /testbed/src/click/utils.py:252 click.utils.echo event=call locals={'color': 'None', 'err': 'False', 'file': '<testcase.TextCapture object at 0x7b73a1e5f490>', 'message': '<testcase.Renderable object at 0x7b73a1ea1750>', 'nl': 'False'}
2026-08-23 01:28:28.602 /testbed/src/click/utils.py:299 click.utils.echo event=line locals={}
2026-08-23 01:28:28.602 /testbed/src/click/utils.py:310 click.utils.echo event=line locals={}
2026-08-23 01:28:28.602 /testbed/src/click/utils.py:311 click.utils.echo event=line locals={}
2026-08-23 01:28:28.602 /testbed/src/click/utils.py:313 click.utils.echo event=line locals={}
2026-08-23 01:28:28.602 /testbed/src/click/utils.py:315 click.utils.echo event=line locals={}
2026-08-23 01:28:28.602 /testbed/src/click/utils.py:316 click.utils.echo event=line locals={}
2026-08-23 01:28:28.602 /testbed/src/click/utils.py:318 click.utils.echo event=line locals={'out': "'\\x1b[35mooooooorbopsfed\\x1b[0m'"}
2026-08-23 01:28:28.602 /testbed/src/click/utils.py:324 click.utils.echo event=line locals={}
2026-08-23 01:28:28.602 /testbed/src/click/utils.py:332 click.utils.echo event=line locals={}
2026-08-23 01:28:28.602 /testbed/src/click/utils.py:342 click.utils.echo event=line locals={}
2026-08-23 01:28:28.602 /testbed/src/click/utils.py:343 click.utils.echo event=line locals={}
2026-08-23 01:28:28.602 /testbed/src/click/utils.py:345 click.utils.echo event=line locals={'out': "'ooooooorbopsfed'"}
2026-08-23 01:28:28.602 /testbed/src/click/utils.py:346 click.utils.echo event=line locals={}
2026-08-23 01:28:28.602 /testbed/src/click/utils.py:346 click.utils.echo event=return retval=None locals={'color': 'None', 'err': 'False', 'file': '<testcase.TextCapture object at 0x7b73a1e5f490>', 'message': '<testcase.Renderable object at 0x7b73a1ea1750>', 'nl': 'False', 'out': "'ooooooorbopsfed'"}
2026-08-23 01:28:28.602 /testbed/src/click/utils.py:252 click.utils.echo event=call locals={'color': 'False', 'err': 'False', 'file': '<testcase.TextCapture object at 0x7b73a1e5f520>', 'message': 'None', 'nl': 'False'}
2026-08-23 01:28:28.602 /testbed/src/click/utils.py:299 click.utils.echo event=line locals={}
2026-08-23 01:28:28.602 /testbed/src/click/utils.py:310 click.utils.echo event=line locals={}
2026-08-23 01:28:28.602 /testbed/src/click/utils.py:311 click.utils.echo event=line locals={}
2026-08-23 01:28:28.602 /testbed/src/click/utils.py:313 click.utils.echo event=line locals={}
2026-08-23 01:28:28.602 /testbed/src/click/utils.py:314 click.utils.echo event=line locals={}
2026-08-23 01:28:28.602 /testbed/src/click/utils.py:318 click.utils.echo event=line locals={'out': "''"}
2026-08-23 01:28:28.602 /testbed/src/click/utils.py:324 click.utils.echo event=line locals={}
2026-08-23 01:28:28.602 /testbed/src/click/utils.py:325 click.utils.echo event=line locals={}
2026-08-23 01:28:28.602 /testbed/src/click/utils.py:326 click.utils.echo event=line locals={}
2026-08-23 01:28:28.602 /testbed/src/click/utils.py:326 click.utils.echo event=return retval=None locals={'color': 'False', 'err': 'False', 'file': '<testcase.TextCapture object at 0x7b73a1e5f520>', 'message': 'None', 'nl': 'False', 'out': "''"}
2026-08-23 01:28:28.602 /testbed/src/click/utils.py:252 click.utils.echo event=call locals={'color': 'None', 'err': 'False', 'file': '<testcase.TextCapture object at 0x7b73a1e5f5b0>', 'message': 'None', 'nl': 'False'}
2026-08-23 01:28:28.602 /testbed/src/click/utils.py:299 click.utils.echo event=line locals={}
2026-08-23 01:28:28.602 /testbed/src/click/utils.py:310 click.utils.echo event=line locals={}
2026-08-23 01:28:28.602 /testbed/src/click/utils.py:311 click.utils.echo event=line locals={}
2026-08-23 01:28:28.602 /testbed/src/click/utils.py:313 click.utils.echo event=line locals={}
2026-08-23 01:28:28.602 /testbed/src/click/utils.py:314 click.utils.echo event=line locals={}
2026-08-23 01:28:28.602 /testbed/src/click/utils.py:318 click.utils.echo event=line locals={'out': "''"}
2026-08-23 01:28:28.602 /testbed/src/click/utils.py:324 click.utils.echo event=line locals={}
2026-08-23 01:28:28.602 /testbed/src/click/utils.py:325 click.utils.echo event=line locals={}
2026-08-23 01:28:28.602 /testbed/src/click/utils.py:326 click.utils.echo event=line locals={}
2026-08-23 01:28:28.602 /testbed/src/click/utils.py:326 click.utils.echo event=return retval=None locals={'color': 'None', 'err': 'False', 'file': '<testcase.TextCapture object at 0x7b73a1e5f5b0>', 'message': 'None', 'nl': 'False', 'out': "''"}
2026-08-23 01:28:28.602 /testbed/src/click/utils.py:252 click.utils.echo event=call locals={'color': 'None', 'err': 'False', 'file': '<testcase.BinaryCapture object at 0x7b73a1e9e0c0>', 'message': "b'-/)4*5$30000000'", 'nl': 'True'}
2026-08-23 01:28:28.602 /testbed/src/click/utils.py:299 click.utils.echo event=line locals={}
2026-08-23 01:28:28.602 /testbed/src/click/utils.py:310 click.utils.echo event=line locals={}
2026-08-23 01:28:28.602 /testbed/src/click/utils.py:311 click.utils.echo event=line locals={}
2026-08-23 01:28:28.602 /testbed/src/click/utils.py:312 click.utils.echo event=line locals={}
2026-08-23 01:28:28.602 /testbed/src/click/utils.py:318 click.utils.echo event=line locals={'out': "b'-/)4*5$30000000'"}
2026-08-23 01:28:28.602 /testbed/src/click/utils.py:319 click.utils.echo event=line locals={}
2026-08-23 01:28:28.602 /testbed/src/click/utils.py:322 click.utils.echo event=line locals={}
2026-08-23 01:28:28.602 /testbed/src/click/utils.py:324 click.utils.echo event=line locals={'out': "b'-/)4*5$30000000\\n'"}
2026-08-23 01:28:28.602 /testbed/src/click/utils.py:332 click.utils.echo event=line locals={}
2026-08-23 01:28:28.602 /testbed/src/click/utils.py:333 click.utils.echo event=line locals={}
2026-08-23 01:28:28.602 /testbed/src/click/utils.py:334 click.utils.echo event=line locals={'binary_file': '<testcase.BinaryCapture object at 0x7b73a1e9e0c0>'}
2026-08-23 01:28:28.602 /testbed/src/click/utils.py:335 click.utils.echo event=line locals={}
2026-08-23 01:28:28.602 /testbed/src/click/utils.py:336 click.utils.echo event=line locals={}
2026-08-23 01:28:28.602 /testbed/src/click/utils.py:337 click.utils.echo event=line locals={}
2026-08-23 01:28:28.602 /testbed/src/click/utils.py:338 click.utils.echo event=line locals={}
2026-08-23 01:28:28.602 /testbed/src/click/utils.py:338 click.utils.echo event=return retval=None locals={'binary_file': '<testcase.BinaryCapture object at 0x7b73a1e9e0c0>', 'color': 'None', 'err': 'False', 'file': '<testcase.BinaryCapture object at 0x7b73a1e9e0c0>', 'message': "b'-/)4*5$30000000'", 'nl': 'True', 'out': "b'-/)4*5$30000000\\n'"}
2026-08-23 01:28:28.603 /testbed/src/click/utils.py:252 click.utils.echo event=call locals={'color': 'False', 'err': 'False', 'file': '<testcase.TextCapture object at 0x7b73a1e5f640>', 'message': "'\\x1b[31mtygcoebusssssss\\x1b[0m'", 'nl': 'False'}
2026-08-23 01:28:28.603 /testbed/src/click/utils.py:299 click.utils.echo event=line locals={}
2026-08-23 01:28:28.603 /testbed/src/click/utils.py:310 click.utils.echo event=line locals={}
2026-08-23 01:28:28.603 /testbed/src/click/utils.py:311 click.utils.echo event=line locals={}
2026-08-23 01:28:28.603 /testbed/src/click/utils.py:312 click.utils.echo event=line locals={}
2026-08-23 01:28:28.603 /testbed/src/click/utils.py:318 click.utils.echo event=line locals={'out': "'\\x1b[31mtygcoebusssssss\\x1b[0m'"}
2026-08-23 01:28:28.603 /testbed/src/click/utils.py:324 click.utils.echo event=line locals={}
2026-08-23 01:28:28.603 /testbed/src/click/utils.py:332 click.utils.echo event=line locals={}
2026-08-23 01:28:28.603 /testbed/src/click/utils.py:342 click.utils.echo event=line locals={}
2026-08-23 01:28:28.603 /testbed/src/click/utils.py:343 click.utils.echo event=line locals={}
2026-08-23 01:28:28.603 /testbed/src/click/utils.py:345 click.utils.echo event=line locals={'out': "'tygcoebusssssss'"}
2026-08-23 01:28:28.603 /testbed/src/click/utils.py:346 click.utils.echo event=line locals={}
2026-08-23 01:28:28.603 /testbed/src/click/utils.py:346 click.utils.echo event=return retval=None locals={'color': 'False', 'err': 'False', 'file': '<testcase.TextCapture object at 0x7b73a1e5f640>', 'message': "'\\x1b[31mtygcoebusssssss\\x1b[0m'", 'nl': 'False', 'out': "'tygcoebusssssss'"}
2026-08-23 01:28:28.603 /testbed/src/click/utils.py:252 click.utils.echo event=call locals={'color': 'False', 'err': 'False', 'file': '<testcase.TextCapture object at 0x7b73a1e5f6d0>', 'message': 'None', 'nl': 'False'}
2026-08-23 01:28:28.603 /testbed/src/click/utils.py:299 click.utils.echo event=line locals={}
2026-08-23 01:28:28.603 /testbed/src/click/utils.py:310 click.utils.echo event=line locals={}
2026-08-23 01:28:28.603 /testbed/src/click/utils.py:311 click.utils.echo event=line locals={}
2026-08-23 01:28:28.603 /testbed/src/click/utils.py:313 click.utils.echo event=line locals={}
2026-08-23 01:28:28.603 /testbed/src/click/utils.py:314 click.utils.echo event=line locals={}
2026-08-23 01:28:28.603 /testbed/src/click/utils.py:318 click.utils.echo event=line locals={'out': "''"}
2026-08-23 01:28:28.603 /testbed/src/click/utils.py:324 click.utils.echo event=line locals={}
2026-08-23 01:28:28.603 /testbed/src/click/utils.py:325 click.utils.echo event=line locals={}
2026-08-23 01:28:28.603 /testbed/src/click/utils.py:326 click.utils.echo event=line locals={}
2026-08-23 01:28:28.603 /testbed/src/click/utils.py:326 click.utils.echo event=return retval=None locals={'color': 'False', 'err': 'False', 'file': '<testcase.TextCapture object at 0x7b73a1e5f6d0>', 'message': 'None', 'nl': 'False', 'out': "''"}
2026-08-23 01:28:28.603 /testbed/src/click/utils.py:252 click.utils.echo event=call locals={'color': 'False', 'err': 'False', 'file': '<testcase.TextCapture object at 0x7b73a1e5f760>', 'message': "'cwbcjkewuuuuuuucwbcjkewuuuuuuucwbcjkewuuuuuuu'", 'nl': 'False'}
2026-08-23 01:28:28.603 /testbed/src/click/utils.py:299 click.utils.echo event=line locals={}
2026-08-23 01:28:28.603 /testbed/src/click/utils.py:310 click.utils.echo event=line locals={}
2026-08-23 01:28:28.603 /testbed/src/click/utils.py:311 click.utils.echo event=line locals={}
2026-08-23 01:28:28.603 /testbed/src/click/utils.py:312 click.utils.echo event=line locals={}
2026-08-23 01:28:28.603 /testbed/src/click/utils.py:318 click.utils.echo event=line locals={'out': "'cwbcjkewuuuuuuucwbcjkewuuuuuuucwbcjkewuuuuuuu'"}
2026-08-23 01:28:28.603 /testbed/src/click/utils.py:324 click.utils.echo event=line locals={}
2026-08-23 01:28:28.603 /testbed/src/click/utils.py:332 click.utils.echo event=line locals={}
2026-08-23 01:28:28.603 /testbed/src/click/utils.py:342 click.utils.echo event=line locals={}
2026-08-23 01:28:28.603 /testbed/src/click/utils.py:343 click.utils.echo event=line locals={}
2026-08-23 01:28:28.603 /testbed/src/click/utils.py:345 click.utils.echo event=line locals={}
2026-08-23 01:28:28.603 /testbed/src/click/utils.py:346 click.utils.echo event=line locals={}
2026-08-23 01:28:28.603 /testbed/src/click/utils.py:346 click.utils.echo event=return retval=None locals={'color': 'False', 'err': 'False', 'file': '<testcase.TextCapture object at 0x7b73a1e5f760>', 'message': "'cwbcjkewuuuuuuucwbcjkewuuuuuuucwbcjkewuuuuuuu'", 'nl': 'False', 'out': "'cwbcjkewuuuuuuucwbcjkewuuuuuuucwbcjkewuuuuuuu'"}
2026-08-23 01:28:28.603 /testbed/src/click/utils.py:252 click.utils.echo event=call locals={'color': 'True', 'err': 'False', 'file': '<testcase.BinaryCapture object at 0x7b73a1e9e2a0>', 'message': "b'-8;5@=<<<<<<<<<'", 'nl': 'False'}
2026-08-23 01:28:28.603 /testbed/src/click/utils.py:299 click.utils.echo event=line locals={}
2026-08-23 01:28:28.603 /testbed/src/click/utils.py:310 click.utils.echo event=line locals={}
2026-08-23 01:28:28.603 /testbed/src/click/utils.py:311 click.utils.echo event=line locals={}
2026-08-23 01:28:28.603 /testbed/src/click/utils.py:312 click.utils.echo event=line locals={}
2026-08-23 01:28:28.603 /testbed/src/click/utils.py:318 click.utils.echo event=line locals={'out': "b'-8;5@=<<<<<<<<<'"}
2026-08-23 01:28:28.603 /testbed/src/click/utils.py:324 click.utils.echo event=line locals={}
2026-08-23 01:28:28.603 /testbed/src/click/utils.py:332 click.utils.echo event=line locals={}
2026-08-23 01:28:28.603 /testbed/src/click/utils.py:333 click.utils.echo event=line locals={}
2026-08-23 01:28:28.603 /testbed/src/click/utils.py:334 click.utils.echo event=line locals={'binary_file': '<testcase.BinaryCapture object at 0x7b73a1e9e2a0>'}
2026-08-23 01:28:28.603 /testbed/src/click/utils.py:335 click.utils.echo event=line locals={}
2026-08-23 01:28:28.603 /testbed/src/click/utils.py:336 click.utils.echo event=line locals={}
2026-08-23 01:28:28.603 /testbed/src/click/utils.py:337 click.utils.echo event=line locals={}
2026-08-23 01:28:28.603 /testbed/src/click/utils.py:338 click.utils.echo event=line locals={}
2026-08-23 01:28:28.603 /testbed/src/click/utils.py:338 click.utils.echo event=return retval=None locals={'binary_file': '<testcase.BinaryCapture object at 0x7b73a1e9e2a0>', 'color': 'True', 'err': 'False', 'file': '<testcase.BinaryCapture object at 0x7b73a1e9e2a0>', 'message': "b'-8;5@=<<<<<<<<<'", 'nl': 'False', 'out': "b'-8;5@=<<<<<<<<<'"}
2026-08-23 01:28:28.604 /testbed/src/click/utils.py:252 click.utils.echo event=call locals={'color': 'False', 'err': 'False', 'file': '<testcase.TextCapture object at 0x7b73a1e5f7f0>', 'message': '<testcase.Renderable object at 0x7b73a1ea1b10>', 'nl': 'False'}
2026-08-23 01:28:28.604 /testbed/src/click/utils.py:299 click.utils.echo event=line locals={}
2026-08-23 01:28:28.604 /testbed/src/click/utils.py:310 click.utils.echo event=line locals={}
2026-08-23 01:28:28.604 /testbed/src/click/utils.py:311 click.utils.echo event=line locals={}
2026-08-23 01:28:28.604 /testbed/src/click/utils.py:313 click.utils.echo event=line locals={}
2026-08-23 01:28:28.604 /testbed/src/click/utils.py:315 click.utils.echo event=line locals={}
2026-08-23 01:28:28.604 /testbed/src/click/utils.py:316 click.utils.echo event=line locals={}
2026-08-23 01:28:28.604 /testbed/src/click/utils.py:318 click.utils.echo event=line locals={'out': "'\\x1b[35mwwwwwwwygnpxaml\\x1b[0m'"}
2026-08-23 01:28:28.604 /testbed/src/click/utils.py:324 click.utils.echo event=line locals={}
2026-08-23 01:28:28.604 /testbed/src/click/utils.py:332 click.utils.echo event=line locals={}
2026-08-23 01:28:28.604 /testbed/src/click/utils.py:342 click.utils.echo event=line locals={}
2026-08-23 01:28:28.604 /testbed/src/click/utils.py:343 click.utils.echo event=line locals={}
2026-08-23 01:28:28.604 /testbed/src/click/utils.py:345 click.utils.echo event=line locals={'out': "'wwwwwwwygnpxaml'"}
2026-08-23 01:28:28.604 /testbed/src/click/utils.py:346 click.utils.echo event=line locals={}
2026-08-23 01:28:28.604 /testbed/src/click/utils.py:346 click.utils.echo event=return retval=None locals={'color': 'False', 'err': 'False', 'file': '<testcase.TextCapture object at 0x7b73a1e5f7f0>', 'message': '<testcase.Renderable object at 0x7b73a1ea1b10>', 'nl': 'False', 'out': "'wwwwwwwygnpxaml'"}
2026-08-23 01:28:28.604 /testbed/src/click/utils.py:252 click.utils.echo event=call locals={'color': 'False', 'err': 'False', 'file': '<testcase.TextCapture object at 0x7b73a1e5f880>', 'message': "'\\x1b[31meffffzeyxxxxxxx\\x1b[0m'", 'nl': 'False'}
2026-08-23 01:28:28.604 /testbed/src/click/utils.py:299 click.utils.echo event=line locals={}
2026-08-23 01:28:28.604 /testbed/src/click/utils.py:310 click.utils.echo event=line locals={}
2026-08-23 01:28:28.604 /testbed/src/click/utils.py:311 click.utils.echo event=line locals={}
2026-08-23 01:28:28.604 /testbed/src/click/utils.py:312 click.utils.echo event=line locals={}
2026-08-23 01:28:28.604 /testbed/src/click/utils.py:318 click.utils.echo event=line locals={'out': "'\\x1b[31meffffzeyxxxxxxx\\x1b[0m'"}
2026-08-23 01:28:28.604 /testbed/src/click/utils.py:324 click.utils.echo event=line locals={}
2026-08-23 01:28:28.604 /testbed/src/click/utils.py:332 click.utils.echo event=line locals={}
2026-08-23 01:28:28.604 /testbed/src/click/utils.py:342 click.utils.echo event=line locals={}
2026-08-23 01:28:28.604 /testbed/src/click/utils.py:343 click.utils.echo event=line locals={}
2026-08-23 01:28:28.604 /testbed/src/click/utils.py:345 click.utils.echo event=line locals={'out': "'effffzeyxxxxxxx'"}
2026-08-23 01:28:28.604 /testbed/src/click/utils.py:346 click.utils.echo event=line locals={}
2026-08-23 01:28:28.604 /testbed/src/click/utils.py:346 click.utils.echo event=return retval=None locals={'color': 'False', 'err': 'False', 'file': '<testcase.TextCapture object at 0x7b73a1e5f880>', 'message': "'\\x1b[31meffffzeyxxxxxxx\\x1b[0m'", 'nl': 'False', 'out': "'effffzeyxxxxxxx'"}
2026-08-23 01:28:28.604 /testbed/src/click/utils.py:252 click.utils.echo event=call locals={'color': 'None', 'err': 'False', 'file': '<testcase.BinaryCapture object at 0x7b73a1e9e430>', 'message': "b'F8.2@=6-EEEEEEE'", 'nl': 'True'}
2026-08-23 01:28:28.604 /testbed/src/click/utils.py:299 click.utils.echo event=line locals={}
2026-08-23 01:28:28.604 /testbed/src/click/utils.py:310 click.utils.echo event=line locals={}
2026-08-23 01:28:28.604 /testbed/src/click/utils.py:311 click.utils.echo event=line locals={}
2026-08-23 01:28:28.604 /testbed/src/click/utils.py:312 click.utils.echo event=line locals={}
2026-08-23 01:28:28.604 /testbed/src/click/utils.py:318 click.utils.echo event=line locals={'out': "b'F8.2@=6-EEEEEEE'"}
2026-08-23 01:28:28.604 /testbed/src/click/utils.py:319 click.utils.echo event=line locals={}
2026-08-23 01:28:28.604 /testbed/src/click/utils.py:322 click.utils.echo event=line locals={}
2026-08-23 01:28:28.604 /testbed/src/click/utils.py:324 click.utils.echo event=line locals={'out': "b'F8.2@=6-EEEEEEE\\n'"}
2026-08-23 01:28:28.604 /testbed/src/click/utils.py:332 click.utils.echo event=line locals={}
2026-08-23 01:28:28.604 /testbed/src/click/utils.py:333 click.utils.echo event=line locals={}
2026-08-23 01:28:28.604 /testbed/src/click/utils.py:334 click.utils.echo event=line locals={'binary_file': '<testcase.BinaryCapture object at 0x7b73a1e9e430>'}
2026-08-23 01:28:28.604 /testbed/src/click/utils.py:335 click.utils.echo event=line locals={}
2026-08-23 01:28:28.604 /testbed/src/click/utils.py:336 click.utils.echo event=line locals={}
2026-08-23 01:28:28.604 /testbed/src/click/utils.py:337 click.utils.echo event=line locals={}
2026-08-23 01:28:28.604 /testbed/src/click/utils.py:338 click.utils.echo event=line locals={}
2026-08-23 01:28:28.604 /testbed/src/click/utils.py:338 click.utils.echo event=return retval=None locals={'binary_file': '<testcase.BinaryCapture object at 0x7b73a1e9e430>', 'color': 'None', 'err': 'False', 'file': '<testcase.BinaryCapture object at 0x7b73a1e9e430>', 'message': "b'F8.2@=6-EEEEEEE'", 'nl': 'True', 'out': "b'F8.2@=6-EEEEEEE\\n'"}
2026-08-23 01:28:28.604 /testbed/src/click/utils.py:252 click.utils.echo event=call locals={'color': 'None', 'err': 'False', 'file': '<testcase.TextCapture object at 0x7b73a1e5f910>', 'message': "'txlihbzzzzzzzzztxlihbzzzzzzzzztxlihbzzzzzzzzz'", 'nl': 'False'}
2026-08-23 01:28:28.604 /testbed/src/click/utils.py:299 click.utils.echo event=line locals={}
2026-08-23 01:28:28.604 /testbed/src/click/utils.py:310 click.utils.echo event=line locals={}
2026-08-23 01:28:28.604 /testbed/src/click/utils.py:311 click.utils.echo event=line locals={}
2026-08-23 01:28:28.604 /testbed/src/click/utils.py:312 click.utils.echo event=line locals={}
2026-08-23 01:28:28.604 /testbed/src/click/utils.py:318 click.utils.echo event=line locals={'out': "'txlihbzzzzzzzzztxlihbzzzzzzzzztxlihbzzzzzzzzz'"}
2026-08-23 01:28:28.604 /testbed/src/click/utils.py:324 click.utils.echo event=line locals={}
2026-08-23 01:28:28.604 /testbed/src/click/utils.py:332 click.utils.echo event=line locals={}
2026-08-23 01:28:28.604 /testbed/src/click/utils.py:342 click.utils.echo event=line locals={}
2026-08-23 01:28:28.604 /testbed/src/click/utils.py:343 click.utils.echo event=line locals={}
2026-08-23 01:28:28.605 /testbed/src/click/utils.py:345 click.utils.echo event=line locals={}
2026-08-23 01:28:28.605 /testbed/src/click/utils.py:346 click.utils.echo event=line locals={}
2026-08-23 01:28:28.605 /testbed/src/click/utils.py:346 click.utils.echo event=return retval=None locals={'color': 'None', 'err': 'False', 'file': '<testcase.TextCapture object at 0x7b73a1e5f910>', 'message': "'txlihbzzzzzzzzztxlihbzzzzzzzzztxlihbzzzzzzzzz'", 'nl': 'False', 'out': "'txlihbzzzzzzzzztxlihbzzzzzzzzztxlihbzzzzzzzzz'"}
2026-08-23 01:28:28.605 /testbed/src/click/utils.py:252 click.utils.echo event=call locals={'color': 'None', 'err': 'False', 'file': '<testcase.TextCapture object at 0x7b73a1e5f9a0>', 'message': "'mdhvytebaaaaaaamdhvytebaaaaaaamdhvytebaaaaaaamdhvytebaaaaaaa'", 'nl': 'True'}
2026-08-23 01:28:28.605 /testbed/src/click/utils.py:299 click.utils.echo event=line locals={}
2026-08-23 01:28:28.605 /testbed/src/click/utils.py:310 click.utils.echo event=line locals={}
2026-08-23 01:28:28.605 /testbed/src/click/utils.py:311 click.utils.echo event=line locals={}
2026-08-23 01:28:28.605 /testbed/src/click/utils.py:312 click.utils.echo event=line locals={}
2026-08-23 01:28:28.605 /testbed/src/click/utils.py:318 click.utils.echo event=line locals={'out': "'mdhvytebaaaaaaamdhvytebaaaaaaamdhvytebaaaaaaamdhvytebaaaaaaa'"}
2026-08-23 01:28:28.605 /testbed/src/click/utils.py:319 click.utils.echo event=line locals={}
2026-08-23 01:28:28.605 /testbed/src/click/utils.py:320 click.utils.echo event=line locals={}
2026-08-23 01:28:28.605 /testbed/src/click/utils.py:324 click.utils.echo event=line locals={'out': "'mdhvytebaaaaaaamdhvytebaaaaaaamdhvytebaaaaaaamdhvytebaaaaaaa\\n'"}
2026-08-23 01:28:28.605 /testbed/src/click/utils.py:332 click.utils.echo event=line locals={}
2026-08-23 01:28:28.605 /testbed/src/click/utils.py:342 click.utils.echo event=line locals={}
2026-08-23 01:28:28.605 /testbed/src/click/utils.py:343 click.utils.echo event=line locals={}
2026-08-23 01:28:28.605 /testbed/src/click/utils.py:345 click.utils.echo event=line locals={}
2026-08-23 01:28:28.605 /testbed/src/click/utils.py:346 click.utils.echo event=line locals={}
2026-08-23 01:28:28.605 /testbed/src/click/utils.py:346 click.utils.echo event=return retval=None locals={'color': 'None', 'err': 'False', 'file': '<testcase.TextCapture object at 0x7b73a1e5f9a0>', 'message': "'mdhvytebaaaaaaamdhvytebaaaaaaamdhvytebaaaaaaamdhvytebaaaaaaa'", 'nl': 'True', 'out': "'mdhvytebaaaaaaamdhvytebaaaaaaamdhvytebaaaaaaamdhvytebaaaaaaa\\n'"}
2026-08-23 01:28:28.605 /testbed/src/click/utils.py:252 click.utils.echo event=call locals={'color': 'False', 'err': 'False', 'file': '<testcase.TextCapture object at 0x7b73a1e5fa30>', 'message': "'dvgvmdbbbbbbbbbdvgvmdbbbbbbbbbdvgvmdbbbbbbbbb'", 'nl': 'False'}
2026-08-23 01:28:28.605 /testbed/src/click/utils.py:299 click.utils.echo event=line locals={}
2026-08-23 01:28:28.605 /testbed/src/click/utils.py:310 click.utils.echo event=line locals={}
2026-08-23 01:28:28.605 /testbed/src/click/utils.py:311 click.utils.echo event=line locals={}
2026-08-23 01:28:28.605 /testbed/src/click/utils.py:312 click.utils.echo event=line locals={}
2026-08-23 01:28:28.605 /testbed/src/click/utils.py:318 click.utils.echo event=line locals={'out': "'dvgvmdbbbbbbbbbdvgvmdbbbbbbbbbdvgvmdbbbbbbbbb'"}
2026-08-23 01:28:28.605 /testbed/src/click/utils.py:324 click.utils.echo event=line locals={}
2026-08-23 01:28:28.605 /testbed/src/click/utils.py:332 click.utils.echo event=line locals={}
2026-08-23 01:28:28.605 /testbed/src/click/utils.py:342 click.utils.echo event=line locals={}
2026-08-23 01:28:28.605 /testbed/src/click/utils.py:343 click.utils.echo event=line locals={}
2026-08-23 01:28:28.605 /testbed/src/click/utils.py:345 click.utils.echo event=line locals={}
2026-08-23 01:28:28.605 /testbed/src/click/utils.py:346 click.utils.echo event=line locals={}
2026-08-23 01:28:28.605 /testbed/src/click/utils.py:346 click.utils.echo event=return retval=None locals={'color': 'False', 'err': 'False', 'file': '<testcase.TextCapture object at 0x7b73a1e5fa30>', 'message': "'dvgvmdbbbbbbbbbdvgvmdbbbbbbbbbdvgvmdbbbbbbbbb'", 'nl': 'False', 'out': "'dvgvmdbbbbbbbbbdvgvmdbbbbbbbbbdvgvmdbbbbbbbbb'"}
2026-08-23 01:28:28.605 /testbed/src/click/utils.py:252 click.utils.echo event=call locals={'color': 'None', 'err': 'False', 'file': '<testcase.BinaryCapture object at 0x7b73a1e9e2f0>', 'message': "bytearray(b'\\xcb\\xd3\\xcf\\xc7\\xc1\\xcb\\xc6\\xc1\\xc1\\xc1\\xc1\\xc1\\xc1\\xc1\\xc1')", 'nl': 'False'}
2026-08-23 01:28:28.605 /testbed/src/click/utils.py:299 click.utils.echo event=line locals={}
2026-08-23 01:28:28.605 /testbed/src/click/utils.py:310 click.utils.echo event=line locals={}
2026-08-23 01:28:28.605 /testbed/src/click/utils.py:311 click.utils.echo event=line locals={}
2026-08-23 01:28:28.605 /testbed/src/click/utils.py:312 click.utils.echo event=line locals={}
2026-08-23 01:28:28.605 /testbed/src/click/utils.py:318 click.utils.echo event=line locals={'out': "bytearray(b'\\xcb\\xd3\\xcf\\xc7\\xc1\\xcb\\xc6\\xc1\\xc1\\xc1\\xc1\\xc1\\xc1\\xc1\\xc1')"}
2026-08-23 01:28:28.605 /testbed/src/click/utils.py:324 click.utils.echo event=line locals={}
2026-08-23 01:28:28.605 /testbed/src/click/utils.py:332 click.utils.echo event=line locals={}
2026-08-23 01:28:28.605 /testbed/src/click/utils.py:333 click.utils.echo event=line locals={}
2026-08-23 01:28:28.605 /testbed/src/click/utils.py:334 click.utils.echo event=line locals={'binary_file': '<testcase.BinaryCapture object at 0x7b73a1e9e2f0>'}
2026-08-23 01:28:28.605 /testbed/src/click/utils.py:335 click.utils.echo event=line locals={}
2026-08-23 01:28:28.605 /testbed/src/click/utils.py:336 click.utils.echo event=line locals={}
2026-08-23 01:28:28.605 /testbed/src/click/utils.py:337 click.utils.echo event=line locals={}
2026-08-23 01:28:28.605 /testbed/src/click/utils.py:338 click.utils.echo event=line locals={}
2026-08-23 01:28:28.605 /testbed/src/click/utils.py:338 click.utils.echo event=return retval=None locals={'binary_file': '<testcase.BinaryCapture object at 0x7b73a1e9e2f0>', 'color': 'None', 'err': 'False', 'file': '<testcase.BinaryCapture object at 0x7b73a1e9e2f0>', 'message': "bytearray(b'\\xcb\\xd3\\xcf\\xc7\\xc1\\xcb\\xc6\\xc1\\xc1\\xc1\\xc1\\xc1\\xc1\\xc1\\xc1')", 'nl': 'False', 'out': "bytearray(b'\\xcb\\xd3\\xcf\\xc7\\xc1\\xcb\\xc6\\xc1\\xc1\\xc1\\xc1\\xc1\\xc1\\xc1\\xc1')"}
2026-08-23 01:28:28.606 /testbed/src/click/utils.py:252 click.utils.echo event=call locals={'color': 'True', 'err': 'False', 'file': '<testcase.TextCapture object at 0x7b73a1e5fac0>', 'message': '<testcase.Renderable object at 0x7b73a1ea1b10>', 'nl': 'True'}
2026-08-23 01:28:28.606 /testbed/src/click/utils.py:299 click.utils.echo event=line locals={}
2026-08-23 01:28:28.606 /testbed/src/click/utils.py:310 click.utils.echo event=line locals={}
2026-08-23 01:28:28.606 /testbed/src/click/utils.py:311 click.utils.echo event=line locals={}
2026-08-23 01:28:28.606 /testbed/src/click/utils.py:313 click.utils.echo event=line locals={}
2026-08-23 01:28:28.606 /testbed/src/click/utils.py:315 click.utils.echo event=line locals={}
2026-08-23 01:28:28.606 /testbed/src/click/utils.py:316 click.utils.echo event=line locals={}
2026-08-23 01:28:28.606 /testbed/src/click/utils.py:318 click.utils.echo event=line locals={'out': "'\\x1b[35mdddddddfoymntqe\\x1b[0m'"}
2026-08-23 01:28:28.606 /testbed/src/click/utils.py:319 click.utils.echo event=line locals={}
2026-08-23 01:28:28.606 /testbed/src/click/utils.py:320 click.utils.echo event=line locals={}
2026-08-23 01:28:28.606 /testbed/src/click/utils.py:324 click.utils.echo event=line locals={'out': "'\\x1b[35mdddddddfoymntqe\\x1b[0m\\n'"}
2026-08-23 01:28:28.606 /testbed/src/click/utils.py:332 click.utils.echo event=line locals={}
2026-08-23 01:28:28.606 /testbed/src/click/utils.py:342 click.utils.echo event=line locals={}
2026-08-23 01:28:28.606 /testbed/src/click/utils.py:345 click.utils.echo event=line locals={}
2026-08-23 01:28:28.606 /testbed/src/click/utils.py:346 click.utils.echo event=line locals={}
2026-08-23 01:28:28.606 /testbed/src/click/utils.py:346 click.utils.echo event=return retval=None locals={'color': 'True', 'err': 'False', 'file': '<testcase.TextCapture object at 0x7b73a1e5fac0>', 'message': '<testcase.Renderable object at 0x7b73a1ea1b10>', 'nl': 'True', 'out': "'\\x1b[35mdddddddfoymntqe\\x1b[0m\\n'"}
2026-08-23 01:28:28.606 /testbed/src/click/utils.py:252 click.utils.echo event=call locals={'color': 'False', 'err': 'False', 'file': '<testcase.BinaryCapture object at 0x7b73a1e9e390>', 'message': "bytearray(b'\\x89\\x90\\x8b\\x90\\x91\\x8b\\x90\\x8c\\x81\\x81\\x81\\x81\\x81\\x81\\x81')", 'nl': 'True'}
2026-08-23 01:28:28.606 /testbed/src/click/utils.py:299 click.utils.echo event=line locals={}
2026-08-23 01:28:28.606 /testbed/src/click/utils.py:310 click.utils.echo event=line locals={}
2026-08-23 01:28:28.606 /testbed/src/click/utils.py:311 click.utils.echo event=line locals={}
2026-08-23 01:28:28.606 /testbed/src/click/utils.py:312 click.utils.echo event=line locals={}
2026-08-23 01:28:28.606 /testbed/src/click/utils.py:318 click.utils.echo event=line locals={'out': "bytearray(b'\\x89\\x90\\x8b\\x90\\x91\\x8b\\x90\\x8c\\x81\\x81\\x81\\x81\\x81\\x81\\x81')"}
2026-08-23 01:28:28.606 /testbed/src/click/utils.py:319 click.utils.echo event=line locals={}
2026-08-23 01:28:28.606 /testbed/src/click/utils.py:322 click.utils.echo event=line locals={}
2026-08-23 01:28:28.606 /testbed/src/click/utils.py:324 click.utils.echo event=line locals={'message': "bytearray(b'\\x89\\x90\\x8b\\x90\\x91\\x8b\\x90\\x8c\\x81\\x81\\x81\\x81\\x81\\x81\\x81\\n')", 'out': "bytearray(b'\\x89\\x90\\x8b\\x90\\x91\\x8b\\x90\\x8c\\x81\\x81\\x81\\x81\\x81\\x81\\x81\\n')"}
2026-08-23 01:28:28.606 /testbed/src/click/utils.py:332 click.utils.echo event=line locals={}
2026-08-23 01:28:28.606 /testbed/src/click/utils.py:333 click.utils.echo event=line locals={}
2026-08-23 01:28:28.606 /testbed/src/click/utils.py:334 click.utils.echo event=line locals={'binary_file': '<testcase.BinaryCapture object at 0x7b73a1e9e390>'}
2026-08-23 01:28:28.606 /testbed/src/click/utils.py:335 click.utils.echo event=line locals={}
2026-08-23 01:28:28.606 /testbed/src/click/utils.py:336 click.utils.echo event=line locals={}
2026-08-23 01:28:28.606 /testbed/src/click/utils.py:337 click.utils.echo event=line locals={}
2026-08-23 01:28:28.606 /testbed/src/click/utils.py:338 click.utils.echo event=line locals={}
2026-08-23 01:28:28.606 /testbed/src/click/utils.py:338 click.utils.echo event=return retval=None locals={'binary_file': '<testcase.BinaryCapture object at 0x7b73a1e9e390>', 'color': 'False', 'err': 'False', 'file': '<testcase.BinaryCapture object at 0x7b73a1e9e390>', 'message': "bytearray(b'\\x89\\x90\\x8b\\x90\\x91\\x8b\\x90\\x8c\\x81\\x81\\x81\\x81\\x81\\x81\\x81\\n')", 'nl': 'True', 'out': "bytearray(b'\\x89\\x90\\x8b\\x90\\x91\\x8b\\x90\\x8c\\x81\\x81\\x81\\x81\\x81\\x81\\x81\\n')"}
2026-08-23 01:28:28.606 /testbed/src/click/utils.py:252 click.utils.echo event=call locals={'color': 'None', 'err': 'False', 'file': '<testcase.TextCapture object at 0x7b73a1e5fb50>', 'message': '<testcase.Renderable object at 0x7b73a1ea2090>', 'nl': 'True'}
2026-08-23 01:28:28.606 /testbed/src/click/utils.py:299 click.utils.echo event=line locals={}
2026-08-23 01:28:28.606 /testbed/src/click/utils.py:310 click.utils.echo event=line locals={}
2026-08-23 01:28:28.606 /testbed/src/click/utils.py:311 click.utils.echo event=line locals={}
2026-08-23 01:28:28.606 /testbed/src/click/utils.py:313 click.utils.echo event=line locals={}
2026-08-23 01:28:28.606 /testbed/src/click/utils.py:315 click.utils.echo event=line locals={}
2026-08-23 01:28:28.606 /testbed/src/click/utils.py:316 click.utils.echo event=line locals={}
2026-08-23 01:28:28.606 /testbed/src/click/utils.py:318 click.utils.echo event=line locals={'out': "'\\x1b[35mfffffffisfircuq\\x1b[0m'"}
2026-08-23 01:28:28.606 /testbed/src/click/utils.py:319 click.utils.echo event=line locals={}
2026-08-23 01:28:28.606 /testbed/src/click/utils.py:320 click.utils.echo event=line locals={}
2026-08-23 01:28:28.606 /testbed/src/click/utils.py:324 click.utils.echo event=line locals={'out': "'\\x1b[35mfffffffisfircuq\\x1b[0m\\n'"}
2026-08-23 01:28:28.606 /testbed/src/click/utils.py:332 click.utils.echo event=line locals={}
2026-08-23 01:28:28.606 /testbed/src/click/utils.py:342 click.utils.echo event=line locals={}
2026-08-23 01:28:28.606 /testbed/src/click/utils.py:343 click.utils.echo event=line locals={}
2026-08-23 01:28:28.606 /testbed/src/click/utils.py:345 click.utils.echo event=line locals={'out': "'fffffffisfircuq\\n'"}
2026-08-23 01:28:28.606 /testbed/src/click/utils.py:346 click.utils.echo event=line locals={}
2026-08-23 01:28:28.606 /testbed/src/click/utils.py:346 click.utils.echo event=return retval=None locals={'color': 'None', 'err': 'False', 'file': '<testcase.TextCapture object at 0x7b73a1e5fb50>', 'message': '<testcase.Renderable object at 0x7b73a1ea2090>', 'nl': 'True', 'out': "'fffffffisfircuq\\n'"}
2026-08-23 01:28:28.606 /testbed/src/click/utils.py:252 click.utils.echo event=call locals={'color': 'False', 'err': 'False', 'file': '<testcase.TextCapture object at 0x7b73a1e5fc70>', 'message': '<testcase.Renderable object at 0x7b73a1ea2150>', 'nl': 'True'}
2026-08-23 01:28:28.606 /testbed/src/click/utils.py:299 click.utils.echo event=line locals={}
2026-08-23 01:28:28.607 /testbed/src/click/utils.py:310 click.utils.echo event=line locals={}
2026-08-23 01:28:28.607 /testbed/src/click/utils.py:311 click.utils.echo event=line locals={}
2026-08-23 01:28:28.607 /testbed/src/click/utils.py:313 click.utils.echo event=line locals={}
2026-08-23 01:28:28.607 /testbed/src/click/utils.py:315 click.utils.echo event=line locals={}
2026-08-23 01:28:28.607 /testbed/src/click/utils.py:316 click.utils.echo event=line locals={}
2026-08-23 01:28:28.607 /testbed/src/click/utils.py:318 click.utils.echo event=line locals={'out': "'\\x1b[35mgggggggiptghnld\\x1b[0m'"}
2026-08-23 01:28:28.607 /testbed/src/click/utils.py:319 click.utils.echo event=line locals={}
2026-08-23 01:28:28.607 /testbed/src/click/utils.py:320 click.utils.echo event=line locals={}
2026-08-23 01:28:28.607 /testbed/src/click/utils.py:324 click.utils.echo event=line locals={'out': "'\\x1b[35mgggggggiptghnld\\x1b[0m\\n'"}
2026-08-23 01:28:28.607 /testbed/src/click/utils.py:332 click.utils.echo event=line locals={}
2026-08-23 01:28:28.607 /testbed/src/click/utils.py:342 click.utils.echo event=line locals={}
2026-08-23 01:28:28.607 /testbed/src/click/utils.py:343 click.utils.echo event=line locals={}
2026-08-23 01:28:28.607 /testbed/src/click/utils.py:345 click.utils.echo event=line locals={'out': "'gggggggiptghnld\\n'"}
2026-08-23 01:28:28.607 /testbed/src/click/utils.py:346 click.utils.echo event=line locals={}
2026-08-23 01:28:28.607 /testbed/src/click/utils.py:346 click.utils.echo event=return retval=None locals={'color': 'False', 'err': 'False', 'file': '<testcase.TextCapture object at 0x7b73a1e5fc70>', 'message': '<testcase.Renderable object at 0x7b73a1ea2150>', 'nl': 'True', 'out': "'gggggggiptghnld\\n'"}
2026-08-23 01:28:28.607 /testbed/src/click/utils.py:252 click.utils.echo event=call locals={'color': 'True', 'err': 'False', 'file': '<testcase.BinaryCapture object at 0x7b73a1e9e520>', 'message': "b'WPHF?JTIFFFFFFF'", 'nl': 'False'}
2026-08-23 01:28:28.607 /testbed/src/click/utils.py:299 click.utils.echo event=line locals={}
2026-08-23 01:28:28.607 /testbed/src/click/utils.py:310 click.utils.echo event=line locals={}
2026-08-23 01:28:28.607 /testbed/src/click/utils.py:311 click.utils.echo event=line locals={}
2026-08-23 01:28:28.607 /testbed/src/click/utils.py:312 click.utils.echo event=line locals={}
2026-08-23 01:28:28.607 /testbed/src/click/utils.py:318 click.utils.echo event=line locals={'out': "b'WPHF?JTIFFFFFFF'"}
2026-08-23 01:28:28.607 /testbed/src/click/utils.py:324 click.utils.echo event=line locals={}
2026-08-23 01:28:28.607 /testbed/src/click/utils.py:332 click.utils.echo event=line locals={}
2026-08-23 01:28:28.607 /testbed/src/click/utils.py:333 click.utils.echo event=line locals={}
2026-08-23 01:28:28.607 /testbed/src/click/utils.py:334 click.utils.echo event=line locals={'binary_file': '<testcase.BinaryCapture object at 0x7b73a1e9e520>'}
2026-08-23 01:28:28.607 /testbed/src/click/utils.py:335 click.utils.echo event=line locals={}
2026-08-23 01:28:28.607 /testbed/src/click/utils.py:336 click.utils.echo event=line locals={}
2026-08-23 01:28:28.607 /testbed/src/click/utils.py:337 click.utils.echo event=line locals={}
2026-08-23 01:28:28.607 /testbed/src/click/utils.py:338 click.utils.echo event=line locals={}
2026-08-23 01:28:28.607 /testbed/src/click/utils.py:338 click.utils.echo event=return retval=None locals={'binary_file': '<testcase.BinaryCapture object at 0x7b73a1e9e520>', 'color': 'True', 'err': 'False', 'file': '<testcase.BinaryCapture object at 0x7b73a1e9e520>', 'message': "b'WPHF?JTIFFFFFFF'", 'nl': 'False', 'out': "b'WPHF?JTIFFFFFFF'"}
2026-08-23 01:28:28.607 /testbed/src/click/utils.py:252 click.utils.echo event=call locals={'color': 'None', 'err': 'False', 'file': '<testcase.TextCapture object at 0x7b73a1e5fbe0>', 'message': "'\\x1b[31mfhuyfuliiiiiiii\\x1b[0m'", 'nl': 'True'}
2026-08-23 01:28:28.607 /testbed/src/click/utils.py:299 click.utils.echo event=line locals={}
2026-08-23 01:28:28.607 /testbed/src/click/utils.py:310 click.utils.echo event=line locals={}
2026-08-23 01:28:28.607 /testbed/src/click/utils.py:311 click.utils.echo event=line locals={}
2026-08-23 01:28:28.607 /testbed/src/click/utils.py:312 click.utils.echo event=line locals={}
2026-08-23 01:28:28.607 /testbed/src/click/utils.py:318 click.utils.echo event=line locals={'out': "'\\x1b[31mfhuyfuliiiiiiii\\x1b[0m'"}
2026-08-23 01:28:28.607 /testbed/src/click/utils.py:319 click.utils.echo event=line locals={}
2026-08-23 01:28:28.607 /testbed/src/click/utils.py:320 click.utils.echo event=line locals={}
2026-08-23 01:28:28.607 /testbed/src/click/utils.py:324 click.utils.echo event=line locals={'out': "'\\x1b[31mfhuyfuliiiiiiii\\x1b[0m\\n'"}
2026-08-23 01:28:28.607 /testbed/src/click/utils.py:332 click.utils.echo event=line locals={}
2026-08-23 01:28:28.607 /testbed/src/click/utils.py:342 click.utils.echo event=line locals={}
2026-08-23 01:28:28.607 /testbed/src/click/utils.py:343 click.utils.echo event=line locals={}
2026-08-23 01:28:28.607 /testbed/src/click/utils.py:345 click.utils.echo event=line locals={'out': "'fhuyfuliiiiiiii\\n'"}
2026-08-23 01:28:28.607 /testbed/src/click/utils.py:346 click.utils.echo event=line locals={}
2026-08-23 01:28:28.607 /testbed/src/click/utils.py:346 click.utils.echo event=return retval=None locals={'color': 'None', 'err': 'False', 'file': '<testcase.TextCapture object at 0x7b73a1e5fbe0>', 'message': "'\\x1b[31mfhuyfuliiiiiiii\\x1b[0m'", 'nl': 'True', 'out': "'fhuyfuliiiiiiii\\n'"}
2026-08-23 01:28:28.607 /testbed/src/click/utils.py:252 click.utils.echo event=call locals={'color': 'True', 'err': 'False', 'file': '<testcase.TextCapture object at 0x7b73a1e5fd00>', 'message': "'prrreuljjjjjjjj'", 'nl': 'False'}
2026-08-23 01:28:28.607 /testbed/src/click/utils.py:299 click.utils.echo event=line locals={}
2026-08-23 01:28:28.607 /testbed/src/click/utils.py:310 click.utils.echo event=line locals={}
2026-08-23 01:28:28.607 /testbed/src/click/utils.py:311 click.utils.echo event=line locals={}
2026-08-23 01:28:28.607 /testbed/src/click/utils.py:312 click.utils.echo event=line locals={}
2026-08-23 01:28:28.607 /testbed/src/click/utils.py:318 click.utils.echo event=line locals={'out': "'prrreuljjjjjjjj'"}
2026-08-23 01:28:28.607 /testbed/src/click/utils.py:324 click.utils.echo event=line locals={}
2026-08-23 01:28:28.607 /testbed/src/click/utils.py:332 click.utils.echo event=line locals={}
2026-08-23 01:28:28.607 /testbed/src/click/utils.py:342 click.utils.echo event=line locals={}
2026-08-23 01:28:28.607 /testbed/src/click/utils.py:345 click.utils.echo event=line locals={}
2026-08-23 01:28:28.607 /testbed/src/click/utils.py:346 click.utils.echo event=line locals={}
2026-08-23 01:28:28.607 /testbed/src/click/utils.py:346 click.utils.echo event=return retval=None locals={'color': 'True', 'err': 'False', 'file': '<testcase.TextCapture object at 0x7b73a1e5fd00>', 'message': "'prrreuljjjjjjjj'", 'nl': 'False', 'out': "'prrreuljjjjjjjj'"}
2026-08-23 01:28:28.608 /testbed/src/click/utils.py:252 click.utils.echo event=call locals={'color': 'True', 'err': 'False', 'file': '<testcase.BinaryCapture object at 0x7b73a1e9e6b0>', 'message': "bytearray(b'\\x83\\x9d\\x82\\x9c\\x94\\x9f\\x89\\x9e\\x9b\\x9b\\x9b\\x9b\\x9b\\x9b\\x9b')", 'nl': 'False'}
2026-08-23 01:28:28.608 /testbed/src/click/utils.py:299 click.utils.echo event=line locals={}
2026-08-23 01:28:28.608 /testbed/src/click/utils.py:310 click.utils.echo event=line locals={}
2026-08-23 01:28:28.608 /testbed/src/click/utils.py:311 click.utils.echo event=line locals={}
2026-08-23 01:28:28.608 /testbed/src/click/utils.py:312 click.utils.echo event=line locals={}
2026-08-23 01:28:28.608 /testbed/src/click/utils.py:318 click.utils.echo event=line locals={'out': "bytearray(b'\\x83\\x9d\\x82\\x9c\\x94\\x9f\\x89\\x9e\\x9b\\x9b\\x9b\\x9b\\x9b\\x9b\\x9b')"}
2026-08-23 01:28:28.608 /testbed/src/click/utils.py:324 click.utils.echo event=line locals={}
2026-08-23 01:28:28.608 /testbed/src/click/utils.py:332 click.utils.echo event=line locals={}
2026-08-23 01:28:28.608 /testbed/src/click/utils.py:333 click.utils.echo event=line locals={}
2026-08-23 01:28:28.608 /testbed/src/click/utils.py:334 click.utils.echo event=line locals={'binary_file': '<testcase.BinaryCapture object at 0x7b73a1e9e6b0>'}
2026-08-23 01:28:28.608 /testbed/src/click/utils.py:335 click.utils.echo event=line locals={}
2026-08-23 01:28:28.608 /testbed/src/click/utils.py:336 click.utils.echo event=line locals={}
2026-08-23 01:28:28.608 /testbed/src/click/utils.py:337 click.utils.echo event=line locals={}
2026-08-23 01:28:28.608 /testbed/src/click/utils.py:338 click.utils.echo event=line locals={}
2026-08-23 01:28:28.608 /testbed/src/click/utils.py:338 click.utils.echo event=return retval=None locals={'binary_file': '<testcase.BinaryCapture object at 0x7b73a1e9e6b0>', 'color': 'True', 'err': 'False', 'file': '<testcase.BinaryCapture object at 0x7b73a1e9e6b0>', 'message': "bytearray(b'\\x83\\x9d\\x82\\x9c\\x94\\x9f\\x89\\x9e\\x9b\\x9b\\x9b\\x9b\\x9b\\x9b\\x9b')", 'nl': 'False', 'out': "bytearray(b'\\x83\\x9d\\x82\\x9c\\x94\\x9f\\x89\\x9e\\x9b\\x9b\\x9b\\x9b\\x9b\\x9b\\x9b')"}
2026-08-23 01:28:28.608 /testbed/src/click/utils.py:252 click.utils.echo event=call locals={'color': 'False', 'err': 'False', 'file': '<testcase.TextCapture object at 0x7b73a1e5fd90>', 'message': "'\\x1b[31mgjecikxolllllll\\x1b[0m'", 'nl': 'False'}
2026-08-23 01:28:28.608 /testbed/src/click/utils.py:299 click.utils.echo event=line locals={}
2026-08-23 01:28:28.608 /testbed/src/click/utils.py:310 click.utils.echo event=line locals={}
2026-08-23 01:28:28.608 /testbed/src/click/utils.py:311 click.utils.echo event=line locals={}
2026-08-23 01:28:28.608 /testbed/src/click/utils.py:312 click.utils.echo event=line locals={}
2026-08-23 01:28:28.608 /testbed/src/click/utils.py:318 click.utils.echo event=line locals={'out': "'\\x1b[31mgjecikxolllllll\\x1b[0m'"}
2026-08-23 01:28:28.608 /testbed/src/click/utils.py:324 click.utils.echo event=line locals={}
2026-08-23 01:28:28.608 /testbed/src/click/utils.py:332 click.utils.echo event=line locals={}
2026-08-23 01:28:28.608 /testbed/src/click/utils.py:342 click.utils.echo event=line locals={}
2026-08-23 01:28:28.608 /testbed/src/click/utils.py:343 click.utils.echo event=line locals={}
2026-08-23 01:28:28.608 /testbed/src/click/utils.py:345 click.utils.echo event=line locals={'out': "'gjecikxolllllll'"}
2026-08-23 01:28:28.608 /testbed/src/click/utils.py:346 click.utils.echo event=line locals={}
2026-08-23 01:28:28.608 /testbed/src/click/utils.py:346 click.utils.echo event=return retval=None locals={'color': 'False', 'err': 'False', 'file': '<testcase.TextCapture object at 0x7b73a1e5fd90>', 'message': "'\\x1b[31mgjecikxolllllll\\x1b[0m'", 'nl': 'False', 'out': "'gjecikxolllllll'"}
2026-08-23 01:28:28.608 /testbed/src/click/utils.py:252 click.utils.echo event=call locals={'color': 'False', 'err': 'False', 'file': '<testcase.TextCapture object at 0x7b73a1e5fe20>', 'message': 'None', 'nl': 'False'}
2026-08-23 01:28:28.608 /testbed/src/click/utils.py:299 click.utils.echo event=line locals={}
2026-08-23 01:28:28.608 /testbed/src/click/utils.py:310 click.utils.echo event=line locals={}
2026-08-23 01:28:28.608 /testbed/src/click/utils.py:311 click.utils.echo event=line locals={}
2026-08-23 01:28:28.608 /testbed/src/click/utils.py:313 click.utils.echo event=line locals={}
2026-08-23 01:28:28.608 /testbed/src/click/utils.py:314 click.utils.echo event=line locals={}
2026-08-23 01:28:28.608 /testbed/src/click/utils.py:318 click.utils.echo event=line locals={'out': "''"}
2026-08-23 01:28:28.608 /testbed/src/click/utils.py:324 click.utils.echo event=line locals={}
2026-08-23 01:28:28.608 /testbed/src/click/utils.py:325 click.utils.echo event=line locals={}
2026-08-23 01:28:28.608 /testbed/src/click/utils.py:326 click.utils.echo event=line locals={}
2026-08-23 01:28:28.608 /testbed/src/click/utils.py:326 click.utils.echo event=return retval=None locals={'color': 'False', 'err': 'False', 'file': '<testcase.TextCapture object at 0x7b73a1e5fe20>', 'message': 'None', 'nl': 'False', 'out': "''"}
2026-08-23 01:28:28.608 /testbed/src/click/utils.py:252 click.utils.echo event=call locals={'color': 'True', 'err': 'False', 'file': '<testcase.BinaryCapture object at 0x7b73a1e9e660>', 'message': "bytearray(b'\\xec\\xf4\\xf6\\xf0\\xe1\\xea\\xfa\\xf1\\xee\\xee\\xee\\xee\\xee\\xee\\xee')", 'nl': 'False'}
2026-08-23 01:28:28.608 /testbed/src/click/utils.py:299 click.utils.echo event=line locals={}
2026-08-23 01:28:28.608 /testbed/src/click/utils.py:310 click.utils.echo event=line locals={}
2026-08-23 01:28:28.608 /testbed/src/click/utils.py:311 click.utils.echo event=line locals={}
2026-08-23 01:28:28.608 /testbed/src/click/utils.py:312 click.utils.echo event=line locals={}
2026-08-23 01:28:28.608 /testbed/src/click/utils.py:318 click.utils.echo event=line locals={'out': "bytearray(b'\\xec\\xf4\\xf6\\xf0\\xe1\\xea\\xfa\\xf1\\xee\\xee\\xee\\xee\\xee\\xee\\xee')"}
2026-08-23 01:28:28.608 /testbed/src/click/utils.py:324 click.utils.echo event=line locals={}
2026-08-23 01:28:28.608 /testbed/src/click/utils.py:332 click.utils.echo event=line locals={}
2026-08-23 01:28:28.609 /testbed/src/click/utils.py:333 click.utils.echo event=line locals={}
2026-08-23 01:28:28.609 /testbed/src/click/utils.py:334 click.utils.echo event=line locals={'binary_file': '<testcase.BinaryCapture object at 0x7b73a1e9e660>'}
2026-08-23 01:28:28.609 /testbed/src/click/utils.py:335 click.utils.echo event=line locals={}
2026-08-23 01:28:28.609 /testbed/src/click/utils.py:336 click.utils.echo event=line locals={}
2026-08-23 01:28:28.609 /testbed/src/click/utils.py:337 click.utils.echo event=line locals={}
2026-08-23 01:28:28.609 /testbed/src/click/utils.py:338 click.utils.echo event=line locals={}
2026-08-23 01:28:28.609 /testbed/src/click/utils.py:338 click.utils.echo event=return retval=None locals={'binary_file': '<testcase.BinaryCapture object at 0x7b73a1e9e660>', 'color': 'True', 'err': 'False', 'file': '<testcase.BinaryCapture object at 0x7b73a1e9e660>', 'message': "bytearray(b'\\xec\\xf4\\xf6\\xf0\\xe1\\xea\\xfa\\xf1\\xee\\xee\\xee\\xee\\xee\\xee\\xee')", 'nl': 'False', 'out': "bytearray(b'\\xec\\xf4\\xf6\\xf0\\xe1\\xea\\xfa\\xf1\\xee\\xee\\xee\\xee\\xee\\xee\\xee')"}
2026-08-23 01:28:28.609 /testbed/src/click/utils.py:252 click.utils.echo event=call locals={'color': 'True', 'err': 'False', 'file': '<testcase.TextCapture object at 0x7b73a1e5feb0>', 'message': 'None', 'nl': 'False'}
2026-08-23 01:28:28.609 /testbed/src/click/utils.py:299 click.utils.echo event=line locals={}
2026-08-23 01:28:28.609 /testbed/src/click/utils.py:310 click.utils.echo event=line locals={}
2026-08-23 01:28:28.609 /testbed/src/click/utils.py:311 click.utils.echo event=line locals={}
2026-08-23 01:28:28.609 /testbed/src/click/utils.py:313 click.utils.echo event=line locals={}
2026-08-23 01:28:28.609 /testbed/src/click/utils.py:314 click.utils.echo event=line locals={}
2026-08-23 01:28:28.609 /testbed/src/click/utils.py:318 click.utils.echo event=line locals={'out': "''"}
2026-08-23 01:28:28.609 /testbed/src/click/utils.py:324 click.utils.echo event=line locals={}
2026-08-23 01:28:28.609 /testbed/src/click/utils.py:325 click.utils.echo event=line locals={}
2026-08-23 01:28:28.609 /testbed/src/click/utils.py:326 click.utils.echo event=line locals={}
2026-08-23 01:28:28.609 /testbed/src/click/utils.py:326 click.utils.echo event=return retval=None locals={'color': 'True', 'err': 'False', 'file': '<testcase.TextCapture object at 0x7b73a1e5feb0>', 'message': 'None', 'nl': 'False', 'out': "''"}
2026-08-23 01:28:28.609 /testbed/src/click/utils.py:252 click.utils.echo event=call locals={'color': 'True', 'err': 'False', 'file': '<testcase.TextCapture object at 0x7b73a1e5ff40>', 'message': 'None', 'nl': 'False'}
2026-08-23 01:28:28.609 /testbed/src/click/utils.py:299 click.utils.echo event=line locals={}
2026-08-23 01:28:28.609 /testbed/src/click/utils.py:310 click.utils.echo event=line locals={}
2026-08-23 01:28:28.609 /testbed/src/click/utils.py:311 click.utils.echo event=line locals={}
2026-08-23 01:28:28.609 /testbed/src/click/utils.py:313 click.utils.echo event=line locals={}
2026-08-23 01:28:28.609 /testbed/src/click/utils.py:314 click.utils.echo event=line locals={}
2026-08-23 01:28:28.609 /testbed/src/click/utils.py:318 click.utils.echo event=line locals={'out': "''"}
2026-08-23 01:28:28.609 /testbed/src/click/utils.py:324 click.utils.echo event=line locals={}
2026-08-23 01:28:28.609 /testbed/src/click/utils.py:325 click.utils.echo event=line locals={}
2026-08-23 01:28:28.609 /testbed/src/click/utils.py:326 click.utils.echo event=line locals={}
2026-08-23 01:28:28.609 /testbed/src/click/utils.py:326 click.utils.echo event=return retval=None locals={'color': 'True', 'err': 'False', 'file': '<testcase.TextCapture object at 0x7b73a1e5ff40>', 'message': 'None', 'nl': 'False', 'out': "''"}
2026-08-23 01:28:28.609 /testbed/src/click/utils.py:252 click.utils.echo event=call locals={'color': 'False', 'err': 'False', 'file': '<testcase.TextCapture object at 0x7b73a1ea8040>', 'message': '<testcase.Renderable object at 0x7b73a1ea2690>', 'nl': 'False'}
2026-08-23 01:28:28.609 /testbed/src/click/utils.py:299 click.utils.echo event=line locals={}
2026-08-23 01:28:28.609 /testbed/src/click/utils.py:310 click.utils.echo event=line locals={}
2026-08-23 01:28:28.609 /testbed/src/click/utils.py:311 click.utils.echo event=line locals={}
2026-08-23 01:28:28.609 /testbed/src/click/utils.py:313 click.utils.echo event=line locals={}
2026-08-23 01:28:28.609 /testbed/src/click/utils.py:315 click.utils.echo event=line locals={}
2026-08-23 01:28:28.609 /testbed/src/click/utils.py:316 click.utils.echo event=line locals={}
2026-08-23 01:28:28.609 /testbed/src/click/utils.py:318 click.utils.echo event=line locals={'out': "'\\x1b[35mqqqqqqqqszcngex\\x1b[0m'"}
2026-08-23 01:28:28.609 /testbed/src/click/utils.py:324 click.utils.echo event=line locals={}
2026-08-23 01:28:28.609 /testbed/src/click/utils.py:332 click.utils.echo event=line locals={}
2026-08-23 01:28:28.609 /testbed/src/click/utils.py:342 click.utils.echo event=line locals={}
2026-08-23 01:28:28.609 /testbed/src/click/utils.py:343 click.utils.echo event=line locals={}
2026-08-23 01:28:28.609 /testbed/src/click/utils.py:345 click.utils.echo event=line locals={'out': "'qqqqqqqqszcngex'"}
2026-08-23 01:28:28.609 /testbed/src/click/utils.py:346 click.utils.echo event=line locals={}
2026-08-23 01:28:28.609 /testbed/src/click/utils.py:346 click.utils.echo event=return retval=None locals={'color': 'False', 'err': 'False', 'file': '<testcase.TextCapture object at 0x7b73a1ea8040>', 'message': '<testcase.Renderable object at 0x7b73a1ea2690>', 'nl': 'False', 'out': "'qqqqqqqqszcngex'"}
2026-08-23 01:28:28.609 /testbed/src/click/utils.py:252 click.utils.echo event=call locals={'color': 'True', 'err': 'False', 'file': '<testcase.TextCapture object at 0x7b73a1ea80d0>', 'message': 'None', 'nl': 'False'}
2026-08-23 01:28:28.609 /testbed/src/click/utils.py:299 click.utils.echo event=line locals={}
2026-08-23 01:28:28.609 /testbed/src/click/utils.py:310 click.utils.echo event=line locals={}
2026-08-23 01:28:28.609 /testbed/src/click/utils.py:311 click.utils.echo event=line locals={}
2026-08-23 01:28:28.609 /testbed/src/click/utils.py:313 click.utils.echo event=line locals={}
2026-08-23 01:28:28.609 /testbed/src/click/utils.py:314 click.utils.echo event=line locals={}
2026-08-23 01:28:28.609 /testbed/src/click/utils.py:318 click.utils.echo event=line locals={'out': "''"}
2026-08-23 01:28:28.609 /testbed/src/click/utils.py:324 click.utils.echo event=line locals={}
2026-08-23 01:28:28.609 /testbed/src/click/utils.py:325 click.utils.echo event=line locals={}
2026-08-23 01:28:28.609 /testbed/src/click/utils.py:326 click.utils.echo event=line locals={}
2026-08-23 01:28:28.609 /testbed/src/click/utils.py:326 click.utils.echo event=return retval=None locals={'color': 'True', 'err': 'False', 'file': '<testcase.TextCapture object at 0x7b73a1ea80d0>', 'message': 'None', 'nl': 'False', 'out': "''"}
2026-08-23 01:28:28.610 /testbed/src/click/utils.py:252 click.utils.echo event=call locals={'color': 'True', 'err': 'False', 'file': '<testcase.TextCapture object at 0x7b73a1ea8160>', 'message': 'None', 'nl': 'False'}
2026-08-23 01:28:28.610 /testbed/src/click/utils.py:299 click.utils.echo event=line locals={}
2026-08-23 01:28:28.610 /testbed/src/click/utils.py:310 click.utils.echo event=line locals={}
2026-08-23 01:28:28.610 /testbed/src/click/utils.py:311 click.utils.echo event=line locals={}
2026-08-23 01:28:28.610 /testbed/src/click/utils.py:313 click.utils.echo event=line locals={}
2026-08-23 01:28:28.610 /testbed/src/click/utils.py:314 click.utils.echo event=line locals={}
2026-08-23 01:28:28.610 /testbed/src/click/utils.py:318 click.utils.echo event=line locals={'out': "''"}
2026-08-23 01:28:28.610 /testbed/src/click/utils.py:324 click.utils.echo event=line locals={}
2026-08-23 01:28:28.610 /testbed/src/click/utils.py:325 click.utils.echo event=line locals={}
2026-08-23 01:28:28.610 /testbed/src/click/utils.py:326 click.utils.echo event=line locals={}
2026-08-23 01:28:28.610 /testbed/src/click/utils.py:326 click.utils.echo event=return retval=None locals={'color': 'True', 'err': 'False', 'file': '<testcase.TextCapture object at 0x7b73a1ea8160>', 'message': 'None', 'nl': 'False', 'out': "''"}
2026-08-23 01:28:28.610 /testbed/src/click/utils.py:252 click.utils.echo event=call locals={'color': 'False', 'err': 'False', 'file': '<testcase.TextCapture object at 0x7b73a1ea81f0>', 'message': "'\\x1b[31mynlxhqyuttttttt\\x1b[0m'", 'nl': 'False'}
2026-08-23 01:28:28.610 /testbed/src/click/utils.py:299 click.utils.echo event=line locals={}
2026-08-23 01:28:28.610 /testbed/src/click/utils.py:310 click.utils.echo event=line locals={}
2026-08-23 01:28:28.610 /testbed/src/click/utils.py:311 click.utils.echo event=line locals={}
2026-08-23 01:28:28.610 /testbed/src/click/utils.py:312 click.utils.echo event=line locals={}
2026-08-23 01:28:28.610 /testbed/src/click/utils.py:318 click.utils.echo event=line locals={'out': "'\\x1b[31mynlxhqyuttttttt\\x1b[0m'"}
2026-08-23 01:28:28.610 /testbed/src/click/utils.py:324 click.utils.echo event=line locals={}
2026-08-23 01:28:28.610 /testbed/src/click/utils.py:332 click.utils.echo event=line locals={}
2026-08-23 01:28:28.610 /testbed/src/click/utils.py:342 click.utils.echo event=line locals={}
2026-08-23 01:28:28.610 /testbed/src/click/utils.py:343 click.utils.echo event=line locals={}
2026-08-23 01:28:28.610 /testbed/src/click/utils.py:345 click.utils.echo event=line locals={'out': "'ynlxhqyuttttttt'"}
2026-08-23 01:28:28.610 /testbed/src/click/utils.py:346 click.utils.echo event=line locals={}
2026-08-23 01:28:28.610 /testbed/src/click/utils.py:346 click.utils.echo event=return retval=None locals={'color': 'False', 'err': 'False', 'file': '<testcase.TextCapture object at 0x7b73a1ea81f0>', 'message': "'\\x1b[31mynlxhqyuttttttt\\x1b[0m'", 'nl': 'False', 'out': "'ynlxhqyuttttttt'"}
2026-08-23 01:28:28.610 /testbed/src/click/utils.py:252 click.utils.echo event=call locals={'color': 'None', 'err': 'False', 'file': '<testcase.BinaryCapture object at 0x7b73a1e9e700>', 'message': "bytearray(b'\\x97\\x86\\x96\\x9a\\x9d\\x89\\x96\\x86\\x8b\\x8b\\x8b\\x8b\\x8b\\x8b\\x8b')", 'nl': 'True'}
2026-08-23 01:28:28.610 /testbed/src/click/utils.py:299 click.utils.echo event=line locals={}
2026-08-23 01:28:28.610 /testbed/src/click/utils.py:310 click.utils.echo event=line locals={}
2026-08-23 01:28:28.610 /testbed/src/click/utils.py:311 click.utils.echo event=line locals={}
2026-08-23 01:28:28.610 /testbed/src/click/utils.py:312 click.utils.echo event=line locals={}
2026-08-23 01:28:28.610 /testbed/src/click/utils.py:318 click.utils.echo event=line locals={'out': "bytearray(b'\\x97\\x86\\x96\\x9a\\x9d\\x89\\x96\\x86\\x8b\\x8b\\x8b\\x8b\\x8b\\x8b\\x8b')"}
2026-08-23 01:28:28.610 /testbed/src/click/utils.py:319 click.utils.echo event=line locals={}
2026-08-23 01:28:28.610 /testbed/src/click/utils.py:322 click.utils.echo event=line locals={}
2026-08-23 01:28:28.610 /testbed/src/click/utils.py:324 click.utils.echo event=line locals={'message': "bytearray(b'\\x97\\x86\\x96\\x9a\\x9d\\x89\\x96\\x86\\x8b\\x8b\\x8b\\x8b\\x8b\\x8b\\x8b\\n')", 'out': "bytearray(b'\\x97\\x86\\x96\\x9a\\x9d\\x89\\x96\\x86\\x8b\\x8b\\x8b\\x8b\\x8b\\x8b\\x8b\\n')"}
2026-08-23 01:28:28.610 /testbed/src/click/utils.py:332 click.utils.echo event=line locals={}
2026-08-23 01:28:28.610 /testbed/src/click/utils.py:333 click.utils.echo event=line locals={}
2026-08-23 01:28:28.610 /testbed/src/click/utils.py:334 click.utils.echo event=line locals={'binary_file': '<testcase.BinaryCapture object at 0x7b73a1e9e700>'}
2026-08-23 01:28:28.610 /testbed/src/click/utils.py:335 click.utils.echo event=line locals={}
2026-08-23 01:28:28.610 /testbed/src/click/utils.py:336 click.utils.echo event=line locals={}
2026-08-23 01:28:28.610 /testbed/src/click/utils.py:337 click.utils.echo event=line locals={}
2026-08-23 01:28:28.610 /testbed/src/click/utils.py:338 click.utils.echo event=line locals={}
2026-08-23 01:28:28.610 /testbed/src/click/utils.py:338 click.utils.echo event=return retval=None locals={'binary_file': '<testcase.BinaryCapture object at 0x7b73a1e9e700>', 'color': 'None', 'err': 'False', 'file': '<testcase.BinaryCapture object at 0x7b73a1e9e700>', 'message': "bytearray(b'\\x97\\x86\\x96\\x9a\\x9d\\x89\\x96\\x86\\x8b\\x8b\\x8b\\x8b\\x8b\\x8b\\x8b\\n')", 'nl': 'True', 'out': "bytearray(b'\\x97\\x86\\x96\\x9a\\x9d\\x89\\x96\\x86\\x8b\\x8b\\x8b\\x8b\\x8b\\x8b\\x8b\\n')"}
2026-08-23 01:28:28.610 /testbed/src/click/utils.py:252 click.utils.echo event=call locals={'color': 'True', 'err': 'False', 'file': '<testcase.TextCapture object at 0x7b73a1ea8280>', 'message': 'None', 'nl': 'False'}
2026-08-23 01:28:28.610 /testbed/src/click/utils.py:299 click.utils.echo event=line locals={}
2026-08-23 01:28:28.610 /testbed/src/click/utils.py:310 click.utils.echo event=line locals={}
2026-08-23 01:28:28.610 /testbed/src/click/utils.py:311 click.utils.echo event=line locals={}
2026-08-23 01:28:28.610 /testbed/src/click/utils.py:313 click.utils.echo event=line locals={}
2026-08-23 01:28:28.610 /testbed/src/click/utils.py:314 click.utils.echo event=line locals={}
2026-08-23 01:28:28.610 /testbed/src/click/utils.py:318 click.utils.echo event=line locals={'out': "''"}
2026-08-23 01:28:28.610 /testbed/src/click/utils.py:324 click.utils.echo event=line locals={}
2026-08-23 01:28:28.610 /testbed/src/click/utils.py:325 click.utils.echo event=line locals={}
2026-08-23 01:28:28.610 /testbed/src/click/utils.py:326 click.utils.echo event=line locals={}
2026-08-23 01:28:28.610 /testbed/src/click/utils.py:326 click.utils.echo event=return retval=None locals={'color': 'True', 'err': 'False', 'file': '<testcase.TextCapture object at 0x7b73a1ea8280>', 'message': 'None', 'nl': 'False', 'out': "''"}
2026-08-23 01:28:28.611 /testbed/src/click/utils.py:252 click.utils.echo event=call locals={'color': 'None', 'err': 'False', 'file': '<testcase.TextCapture object at 0x7b73a1ea8310>', 'message': 'None', 'nl': 'False'}
2026-08-23 01:28:28.611 /testbed/src/click/utils.py:299 click.utils.echo event=line locals={}
2026-08-23 01:28:28.611 /testbed/src/click/utils.py:310 click.utils.echo event=line locals={}
2026-08-23 01:28:28.611 /testbed/src/click/utils.py:311 click.utils.echo event=line locals={}
2026-08-23 01:28:28.611 /testbed/src/click/utils.py:313 click.utils.echo event=line locals={}
2026-08-23 01:28:28.611 /testbed/src/click/utils.py:314 click.utils.echo event=line locals={}
2026-08-23 01:28:28.611 /testbed/src/click/utils.py:318 click.utils.echo event=line locals={'out': "''"}
2026-08-23 01:28:28.611 /testbed/src/click/utils.py:324 click.utils.echo event=line locals={}
2026-08-23 01:28:28.611 /testbed/src/click/utils.py:325 click.utils.echo event=line locals={}
2026-08-23 01:28:28.611 /testbed/src/click/utils.py:326 click.utils.echo event=line locals={}
2026-08-23 01:28:28.611 /testbed/src/click/utils.py:326 click.utils.echo event=return retval=None locals={'color': 'None', 'err': 'False', 'file': '<testcase.TextCapture object at 0x7b73a1ea8310>', 'message': 'None', 'nl': 'False', 'out': "''"}
2026-08-23 01:28:28.611 /testbed/src/click/utils.py:252 click.utils.echo event=call locals={'color': 'None', 'err': 'False', 'file': '<testcase.BinaryCapture object at 0x7b73a1e9e4d0>', 'message': "b'qawo`j_vvvvvvvv'", 'nl': 'True'}
2026-08-23 01:28:28.611 /testbed/src/click/utils.py:299 click.utils.echo event=line locals={}
2026-08-23 01:28:28.611 /testbed/src/click/utils.py:310 click.utils.echo event=line locals={}
2026-08-23 01:28:28.611 /testbed/src/click/utils.py:311 click.utils.echo event=line locals={}
2026-08-23 01:28:28.611 /testbed/src/click/utils.py:312 click.utils.echo event=line locals={}
2026-08-23 01:28:28.611 /testbed/src/click/utils.py:318 click.utils.echo event=line locals={'out': "b'qawo`j_vvvvvvvv'"}
2026-08-23 01:28:28.611 /testbed/src/click/utils.py:319 click.utils.echo event=line locals={}
2026-08-23 01:28:28.611 /testbed/src/click/utils.py:322 click.utils.echo event=line locals={}
2026-08-23 01:28:28.611 /testbed/src/click/utils.py:324 click.utils.echo event=line locals={'out': "b'qawo`j_vvvvvvvv\\n'"}
2026-08-23 01:28:28.611 /testbed/src/click/utils.py:332 click.utils.echo event=line locals={}
2026-08-23 01:28:28.611 /testbed/src/click/utils.py:333 click.utils.echo event=line locals={}
2026-08-23 01:28:28.611 /testbed/src/click/utils.py:334 click.utils.echo event=line locals={'binary_file': '<testcase.BinaryCapture object at 0x7b73a1e9e4d0>'}
2026-08-23 01:28:28.611 /testbed/src/click/utils.py:335 click.utils.echo event=line locals={}
2026-08-23 01:28:28.611 /testbed/src/click/utils.py:336 click.utils.echo event=line locals={}
2026-08-23 01:28:28.611 /testbed/src/click/utils.py:337 click.utils.echo event=line locals={}
2026-08-23 01:28:28.611 /testbed/src/click/utils.py:338 click.utils.echo event=line locals={}
2026-08-23 01:28:28.611 /testbed/src/click/utils.py:338 click.utils.echo event=return retval=None locals={'binary_file': '<testcase.BinaryCapture object at 0x7b73a1e9e4d0>', 'color': 'None', 'err': 'False', 'file': '<testcase.BinaryCapture object at 0x7b73a1e9e4d0>', 'message': "b'qawo`j_vvvvvvvv'", 'nl': 'True', 'out': "b'qawo`j_vvvvvvvv\\n'"}
2026-08-23 01:28:28.611 /testbed/src/click/utils.py:252 click.utils.echo event=call locals={'color': 'False', 'err': 'False', 'file': '<testcase.TextCapture object at 0x7b73a1ea83a0>', 'message': "'\\x1b[31mdzyezlbyyyyyyyy\\x1b[0m'", 'nl': 'True'}
2026-08-23 01:28:28.611 /testbed/src/click/utils.py:299 click.utils.echo event=line locals={}
2026-08-23 01:28:28.611 /testbed/src/click/utils.py:310 click.utils.echo event=line locals={}
2026-08-23 01:28:28.611 /testbed/src/click/utils.py:311 click.utils.echo event=line locals={}
2026-08-23 01:28:28.611 /testbed/src/click/utils.py:312 click.utils.echo event=line locals={}
2026-08-23 01:28:28.611 /testbed/src/click/utils.py:318 click.utils.echo event=line locals={'out': "'\\x1b[31mdzyezlbyyyyyyyy\\x1b[0m'"}
2026-08-23 01:28:28.611 /testbed/src/click/utils.py:319 click.utils.echo event=line locals={}
2026-08-23 01:28:28.611 /testbed/src/click/utils.py:320 click.utils.echo event=line locals={}
2026-08-23 01:28:28.611 /testbed/src/click/utils.py:324 click.utils.echo event=line locals={'out': "'\\x1b[31mdzyezlbyyyyyyyy\\x1b[0m\\n'"}
2026-08-23 01:28:28.611 /testbed/src/click/utils.py:332 click.utils.echo event=line locals={}
2026-08-23 01:28:28.611 /testbed/src/click/utils.py:342 click.utils.echo event=line locals={}
2026-08-23 01:28:28.611 /testbed/src/click/utils.py:343 click.utils.echo event=line locals={}
2026-08-23 01:28:28.611 /testbed/src/click/utils.py:345 click.utils.echo event=line locals={'out': "'dzyezlbyyyyyyyy\\n'"}
2026-08-23 01:28:28.611 /testbed/src/click/utils.py:346 click.utils.echo event=line locals={}
2026-08-23 01:28:28.611 /testbed/src/click/utils.py:346 click.utils.echo event=return retval=None locals={'color': 'False', 'err': 'False', 'file': '<testcase.TextCapture object at 0x7b73a1ea83a0>', 'message': "'\\x1b[31mdzyezlbyyyyyyyy\\x1b[0m'", 'nl': 'True', 'out': "'dzyezlbyyyyyyyy\\n'"}
2026-08-23 01:28:28.611 /testbed/src/click/utils.py:252 click.utils.echo event=call locals={'color': 'False', 'err': 'False', 'file': '<testcase.TextCapture object at 0x7b73a1ea8430>', 'message': 'None', 'nl': 'False'}
2026-08-23 01:28:28.611 /testbed/src/click/utils.py:299 click.utils.echo event=line locals={}
2026-08-23 01:28:28.611 /testbed/src/click/utils.py:310 click.utils.echo event=line locals={}
2026-08-23 01:28:28.611 /testbed/src/click/utils.py:311 click.utils.echo event=line locals={}
2026-08-23 01:28:28.611 /testbed/src/click/utils.py:313 click.utils.echo event=line locals={}
2026-08-23 01:28:28.611 /testbed/src/click/utils.py:314 click.utils.echo event=line locals={}
2026-08-23 01:28:28.611 /testbed/src/click/utils.py:318 click.utils.echo event=line locals={'out': "''"}
2026-08-23 01:28:28.611 /testbed/src/click/utils.py:324 click.utils.echo event=line locals={}
2026-08-23 01:28:28.611 /testbed/src/click/utils.py:325 click.utils.echo event=line locals={}
2026-08-23 01:28:28.611 /testbed/src/click/utils.py:326 click.utils.echo event=line locals={}
2026-08-23 01:28:28.611 /testbed/src/click/utils.py:326 click.utils.echo event=return retval=None locals={'color': 'False', 'err': 'False', 'file': '<testcase.TextCapture object at 0x7b73a1ea8430>', 'message': 'None', 'nl': 'False', 'out': "''"}
2026-08-23 01:28:28.611 /testbed/src/click/utils.py:252 click.utils.echo event=call locals={'color': 'None', 'err': 'False', 'file': '<testcase.TextCapture object at 0x7b73a1ea84c0>', 'message': "'\\x1b[31mhoxmdagbaaaaaaa\\x1b[0m'", 'nl': 'False'}
2026-08-23 01:28:28.612 /testbed/src/click/utils.py:299 click.utils.echo event=line locals={}
2026-08-23 01:28:28.612 /testbed/src/click/utils.py:310 click.utils.echo event=line locals={}
2026-08-23 01:28:28.612 /testbed/src/click/utils.py:311 click.utils.echo event=line locals={}
2026-08-23 01:28:28.612 /testbed/src/click/utils.py:312 click.utils.echo event=line locals={}
2026-08-23 01:28:28.612 /testbed/src/click/utils.py:318 click.utils.echo event=line locals={'out': "'\\x1b[31mhoxmdagbaaaaaaa\\x1b[0m'"}
2026-08-23 01:28:28.612 /testbed/src/click/utils.py:324 click.utils.echo event=line locals={}
2026-08-23 01:28:28.612 /testbed/src/click/utils.py:332 click.utils.echo event=line locals={}
2026-08-23 01:28:28.612 /testbed/src/click/utils.py:342 click.utils.echo event=line locals={}
2026-08-23 01:28:28.612 /testbed/src/click/utils.py:343 click.utils.echo event=line locals={}
2026-08-23 01:28:28.612 /testbed/src/click/utils.py:345 click.utils.echo event=line locals={'out': "'hoxmdagbaaaaaaa'"}
2026-08-23 01:28:28.612 /testbed/src/click/utils.py:346 click.utils.echo event=line locals={}
2026-08-23 01:28:28.612 /testbed/src/click/utils.py:346 click.utils.echo event=return retval=None locals={'color': 'None', 'err': 'False', 'file': '<testcase.TextCapture object at 0x7b73a1ea84c0>', 'message': "'\\x1b[31mhoxmdagbaaaaaaa\\x1b[0m'", 'nl': 'False', 'out': "'hoxmdagbaaaaaaa'"}
2026-08-23 01:28:28.612 /testbed/src/click/utils.py:252 click.utils.echo event=call locals={'color': 'None', 'err': 'False', 'file': '<testcase.TextCapture object at 0x7b73a1ea8550>', 'message': 'None', 'nl': 'False'}
2026-08-23 01:28:28.612 /testbed/src/click/utils.py:299 click.utils.echo event=line locals={}
2026-08-23 01:28:28.612 /testbed/src/click/utils.py:310 click.utils.echo event=line locals={}
2026-08-23 01:28:28.612 /testbed/src/click/utils.py:311 click.utils.echo event=line locals={}
2026-08-23 01:28:28.612 /testbed/src/click/utils.py:313 click.utils.echo event=line locals={}
2026-08-23 01:28:28.612 /testbed/src/click/utils.py:314 click.utils.echo event=line locals={}
2026-08-23 01:28:28.612 /testbed/src/click/utils.py:318 click.utils.echo event=line locals={'out': "''"}
2026-08-23 01:28:28.612 /testbed/src/click/utils.py:324 click.utils.echo event=line locals={}
2026-08-23 01:28:28.612 /testbed/src/click/utils.py:325 click.utils.echo event=line locals={}
2026-08-23 01:28:28.612 /testbed/src/click/utils.py:326 click.utils.echo event=line locals={}
2026-08-23 01:28:28.612 /testbed/src/click/utils.py:326 click.utils.echo event=return retval=None locals={'color': 'None', 'err': 'False', 'file': '<testcase.TextCapture object at 0x7b73a1ea8550>', 'message': 'None', 'nl': 'False', 'out': "''"}
2026-08-23 01:28:28.612 /testbed/src/click/utils.py:252 click.utils.echo event=call locals={'color': 'False', 'err': 'False', 'file': '<testcase.TextCapture object at 0x7b73a1ea85e0>', 'message': "'stmlrfcccccccccstmlrfccccccccc'", 'nl': 'True'}
2026-08-23 01:28:28.612 /testbed/src/click/utils.py:299 click.utils.echo event=line locals={}
2026-08-23 01:28:28.612 /testbed/src/click/utils.py:310 click.utils.echo event=line locals={}
2026-08-23 01:28:28.612 /testbed/src/click/utils.py:311 click.utils.echo event=line locals={}
2026-08-23 01:28:28.612 /testbed/src/click/utils.py:312 click.utils.echo event=line locals={}
2026-08-23 01:28:28.612 /testbed/src/click/utils.py:318 click.utils.echo event=line locals={'out': "'stmlrfcccccccccstmlrfccccccccc'"}
2026-08-23 01:28:28.612 /testbed/src/click/utils.py:319 click.utils.echo event=line locals={}
2026-08-23 01:28:28.612 /testbed/src/click/utils.py:320 click.utils.echo event=line locals={}
2026-08-23 01:28:28.612 /testbed/src/click/utils.py:324 click.utils.echo event=line locals={'out': "'stmlrfcccccccccstmlrfccccccccc\\n'"}
2026-08-23 01:28:28.612 /testbed/src/click/utils.py:332 click.utils.echo event=line locals={}
2026-08-23 01:28:28.612 /testbed/src/click/utils.py:342 click.utils.echo event=line locals={}
2026-08-23 01:28:28.612 /testbed/src/click/utils.py:343 click.utils.echo event=line locals={}
2026-08-23 01:28:28.612 /testbed/src/click/utils.py:345 click.utils.echo event=line locals={}
2026-08-23 01:28:28.612 /testbed/src/click/utils.py:346 click.utils.echo event=line locals={}
2026-08-23 01:28:28.612 /testbed/src/click/utils.py:346 click.utils.echo event=return retval=None locals={'color': 'False', 'err': 'False', 'file': '<testcase.TextCapture object at 0x7b73a1ea85e0>', 'message': "'stmlrfcccccccccstmlrfccccccccc'", 'nl': 'True', 'out': "'stmlrfcccccccccstmlrfccccccccc\\n'"}
2026-08-23 01:28:28.612 /testbed/src/click/utils.py:252 click.utils.echo event=call locals={'color': 'False', 'err': 'False', 'file': '<testcase.BinaryCapture object at 0x7b73a1e9e750>', 'message': "bytearray(b'\\xea\\xec\\xe6\\xf8\\xef\\xe6\\xe4\\xe4\\xe4\\xe4\\xe4\\xe4\\xe4\\xe4\\xe4')", 'nl': 'False'}
2026-08-23 01:28:28.612 /testbed/src/click/utils.py:299 click.utils.echo event=line locals={}
2026-08-23 01:28:28.612 /testbed/src/click/utils.py:310 click.utils.echo event=line locals={}
2026-08-23 01:28:28.612 /testbed/src/click/utils.py:311 click.utils.echo event=line locals={}
2026-08-23 01:28:28.612 /testbed/src/click/utils.py:312 click.utils.echo event=line locals={}
2026-08-23 01:28:28.612 /testbed/src/click/utils.py:318 click.utils.echo event=line locals={'out': "bytearray(b'\\xea\\xec\\xe6\\xf8\\xef\\xe6\\xe4\\xe4\\xe4\\xe4\\xe4\\xe4\\xe4\\xe4\\xe4')"}
2026-08-23 01:28:28.612 /testbed/src/click/utils.py:324 click.utils.echo event=line locals={}
2026-08-23 01:28:28.612 /testbed/src/click/utils.py:332 click.utils.echo event=line locals={}
2026-08-23 01:28:28.612 /testbed/src/click/utils.py:333 click.utils.echo event=line locals={}
2026-08-23 01:28:28.612 /testbed/src/click/utils.py:334 click.utils.echo event=line locals={'binary_file': '<testcase.BinaryCapture object at 0x7b73a1e9e750>'}
2026-08-23 01:28:28.612 /testbed/src/click/utils.py:335 click.utils.echo event=line locals={}
2026-08-23 01:28:28.612 /testbed/src/click/utils.py:336 click.utils.echo event=line locals={}
2026-08-23 01:28:28.612 /testbed/src/click/utils.py:337 click.utils.echo event=line locals={}
2026-08-23 01:28:28.612 /testbed/src/click/utils.py:338 click.utils.echo event=line locals={}
2026-08-23 01:28:28.612 /testbed/src/click/utils.py:338 click.utils.echo event=return retval=None locals={'binary_file': '<testcase.BinaryCapture object at 0x7b73a1e9e750>', 'color': 'False', 'err': 'False', 'file': '<testcase.BinaryCapture object at 0x7b73a1e9e750>', 'message': "bytearray(b'\\xea\\xec\\xe6\\xf8\\xef\\xe6\\xe4\\xe4\\xe4\\xe4\\xe4\\xe4\\xe4\\xe4\\xe4')", 'nl': 'False', 'out': "bytearray(b'\\xea\\xec\\xe6\\xf8\\xef\\xe6\\xe4\\xe4\\xe4\\xe4\\xe4\\xe4\\xe4\\xe4\\xe4')"}
2026-08-23 01:28:28.613 /testbed/src/click/utils.py:252 click.utils.echo event=call locals={'color': 'None', 'err': 'False', 'file': '<testcase.TextCapture object at 0x7b73a1ea8670>', 'message': "'\\x1b[31mrhlzcxifeeeeeee\\x1b[0m'", 'nl': 'True'}
2026-08-23 01:28:28.613 /testbed/src/click/utils.py:299 click.utils.echo event=line locals={}
2026-08-23 01:28:28.613 /testbed/src/click/utils.py:310 click.utils.echo event=line locals={}
2026-08-23 01:28:28.613 /testbed/src/click/utils.py:311 click.utils.echo event=line locals={}
2026-08-23 01:28:28.613 /testbed/src/click/utils.py:312 click.utils.echo event=line locals={}
2026-08-23 01:28:28.613 /testbed/src/click/utils.py:318 click.utils.echo event=line locals={'out': "'\\x1b[31mrhlzcxifeeeeeee\\x1b[0m'"}
2026-08-23 01:28:28.613 /testbed/src/click/utils.py:319 click.utils.echo event=line locals={}
2026-08-23 01:28:28.613 /testbed/src/click/utils.py:320 click.utils.echo event=line locals={}
2026-08-23 01:28:28.613 /testbed/src/click/utils.py:324 click.utils.echo event=line locals={'out': "'\\x1b[31mrhlzcxifeeeeeee\\x1b[0m\\n'"}
2026-08-23 01:28:28.613 /testbed/src/click/utils.py:332 click.utils.echo event=line locals={}
2026-08-23 01:28:28.613 /testbed/src/click/utils.py:342 click.utils.echo event=line locals={}
2026-08-23 01:28:28.613 /testbed/src/click/utils.py:343 click.utils.echo event=line locals={}
2026-08-23 01:28:28.613 /testbed/src/click/utils.py:345 click.utils.echo event=line locals={'out': "'rhlzcxifeeeeeee\\n'"}
2026-08-23 01:28:28.613 /testbed/src/click/utils.py:346 click.utils.echo event=line locals={}
2026-08-23 01:28:28.613 /testbed/src/click/utils.py:346 click.utils.echo event=return retval=None locals={'color': 'None', 'err': 'False', 'file': '<testcase.TextCapture object at 0x7b73a1ea8670>', 'message': "'\\x1b[31mrhlzcxifeeeeeee\\x1b[0m'", 'nl': 'True', 'out': "'rhlzcxifeeeeeee\\n'"}
2026-08-23 01:28:28.613 /testbed/src/click/utils.py:252 click.utils.echo event=call locals={'color': 'None', 'err': 'False', 'file': '<testcase.TextCapture object at 0x7b73a1ea8700>', 'message': "'xdriffsifffffffxdriffsifffffffxdriffsifffffffxdriffsifffffff'", 'nl': 'False'}
2026-08-23 01:28:28.613 /testbed/src/click/utils.py:299 click.utils.echo event=line locals={}
2026-08-23 01:28:28.613 /testbed/src/click/utils.py:310 click.utils.echo event=line locals={}
2026-08-23 01:28:28.613 /testbed/src/click/utils.py:311 click.utils.echo event=line locals={}
2026-08-23 01:28:28.613 /testbed/src/click/utils.py:312 click.utils.echo event=line locals={}
2026-08-23 01:28:28.613 /testbed/src/click/utils.py:318 click.utils.echo event=line locals={'out': "'xdriffsifffffffxdriffsifffffffxdriffsifffffffxdriffsifffffff'"}
2026-08-23 01:28:28.613 /testbed/src/click/utils.py:324 click.utils.echo event=line locals={}
2026-08-23 01:28:28.613 /testbed/src/click/utils.py:332 click.utils.echo event=line locals={}
2026-08-23 01:28:28.613 /testbed/src/click/utils.py:342 click.utils.echo event=line locals={}
2026-08-23 01:28:28.613 /testbed/src/click/utils.py:343 click.utils.echo event=line locals={}
2026-08-23 01:28:28.613 /testbed/src/click/utils.py:345 click.utils.echo event=line locals={}
2026-08-23 01:28:28.613 /testbed/src/click/utils.py:346 click.utils.echo event=line locals={}
2026-08-23 01:28:28.613 /testbed/src/click/utils.py:346 click.utils.echo event=return retval=None locals={'color': 'None', 'err': 'False', 'file': '<testcase.TextCapture object at 0x7b73a1ea8700>', 'message': "'xdriffsifffffffxdriffsifffffffxdriffsifffffffxdriffsifffffff'", 'nl': 'False', 'out': "'xdriffsifffffffxdriffsifffffffxdriffsifffffffxdriffsifffffff'"}
2026-08-23 01:28:28.613 /testbed/src/click/utils.py:252 click.utils.echo event=call locals={'color': 'False', 'err': 'False', 'file': '<testcase.BinaryCapture object at 0x7b73a1e9e5c0>', 'message': "bytearray(b'\\x01\\x10\\x12\\x12\\x0e\\x06\\x04\\x1d\\x13\\x13\\x13\\x13\\x13\\x13\\x13')", 'nl': 'True'}
2026-08-23 01:28:28.613 /testbed/src/click/utils.py:299 click.utils.echo event=line locals={}
2026-08-23 01:28:28.613 /testbed/src/click/utils.py:310 click.utils.echo event=line locals={}
2026-08-23 01:28:28.613 /testbed/src/click/utils.py:311 click.utils.echo event=line locals={}
2026-08-23 01:28:28.613 /testbed/src/click/utils.py:312 click.utils.echo event=line locals={}
2026-08-23 01:28:28.613 /testbed/src/click/utils.py:318 click.utils.echo event=line locals={'out': "bytearray(b'\\x01\\x10\\x12\\x12\\x0e\\x06\\x04\\x1d\\x13\\x13\\x13\\x13\\x13\\x13\\x13')"}
2026-08-23 01:28:28.613 /testbed/src/click/utils.py:319 click.utils.echo event=line locals={}
2026-08-23 01:28:28.613 /testbed/src/click/utils.py:322 click.utils.echo event=line locals={}
2026-08-23 01:28:28.613 /testbed/src/click/utils.py:324 click.utils.echo event=line locals={'message': "bytearray(b'\\x01\\x10\\x12\\x12\\x0e\\x06\\x04\\x1d\\x13\\x13\\x13\\x13\\x13\\x13\\x13\\n')", 'out': "bytearray(b'\\x01\\x10\\x12\\x12\\x0e\\x06\\x04\\x1d\\x13\\x13\\x13\\x13\\x13\\x13\\x13\\n')"}
2026-08-23 01:28:28.613 /testbed/src/click/utils.py:332 click.utils.echo event=line locals={}
2026-08-23 01:28:28.613 /testbed/src/click/utils.py:333 click.utils.echo event=line locals={}
2026-08-23 01:28:28.613 /testbed/src/click/utils.py:334 click.utils.echo event=line locals={'binary_file': '<testcase.BinaryCapture object at 0x7b73a1e9e5c0>'}
2026-08-23 01:28:28.613 /testbed/src/click/utils.py:335 click.utils.echo event=line locals={}
2026-08-23 01:28:28.613 /testbed/src/click/utils.py:336 click.utils.echo event=line locals={}
2026-08-23 01:28:28.613 /testbed/src/click/utils.py:337 click.utils.echo event=line locals={}
2026-08-23 01:28:28.613 /testbed/src/click/utils.py:338 click.utils.echo event=line locals={}
2026-08-23 01:28:28.613 /testbed/src/click/utils.py:338 click.utils.echo event=return retval=None locals={'binary_file': '<testcase.BinaryCapture object at 0x7b73a1e9e5c0>', 'color': 'False', 'err': 'False', 'file': '<testcase.BinaryCapture object at 0x7b73a1e9e5c0>', 'message': "bytearray(b'\\x01\\x10\\x12\\x12\\x0e\\x06\\x04\\x1d\\x13\\x13\\x13\\x13\\x13\\x13\\x13\\n')", 'nl': 'True', 'out': "bytearray(b'\\x01\\x10\\x12\\x12\\x0e\\x06\\x04\\x1d\\x13\\x13\\x13\\x13\\x13\\x13\\x13\\n')"}
2026-08-23 01:28:28.614 /testbed/src/click/utils.py:252 click.utils.echo event=call locals={'color': 'False', 'err': 'False', 'file': '<testcase.BinaryCapture object at 0x7b73a1e9e610>', 'message': "b'\\x89wyy\\x80\\x82|zzzzzzzz'", 'nl': 'True'}
2026-08-23 01:28:28.614 /testbed/src/click/utils.py:299 click.utils.echo event=line locals={}
2026-08-23 01:28:28.614 /testbed/src/click/utils.py:310 click.utils.echo event=line locals={}
2026-08-23 01:28:28.614 /testbed/src/click/utils.py:311 click.utils.echo event=line locals={}
2026-08-23 01:28:28.614 /testbed/src/click/utils.py:312 click.utils.echo event=line locals={}
2026-08-23 01:28:28.614 /testbed/src/click/utils.py:318 click.utils.echo event=line locals={'out': "b'\\x89wyy\\x80\\x82|zzzzzzzz'"}
2026-08-23 01:28:28.614 /testbed/src/click/utils.py:319 click.utils.echo event=line locals={}
2026-08-23 01:28:28.614 /testbed/src/click/utils.py:322 click.utils.echo event=line locals={}
2026-08-23 01:28:28.614 /testbed/src/click/utils.py:324 click.utils.echo event=line locals={'out': "b'\\x89wyy\\x80\\x82|zzzzzzzz\\n'"}
2026-08-23 01:28:28.614 /testbed/src/click/utils.py:332 click.utils.echo event=line locals={}
2026-08-23 01:28:28.614 /testbed/src/click/utils.py:333 click.utils.echo event=line locals={}
2026-08-23 01:28:28.614 /testbed/src/click/utils.py:334 click.utils.echo event=line locals={'binary_file': '<testcase.BinaryCapture object at 0x7b73a1e9e610>'}
2026-08-23 01:28:28.614 /testbed/src/click/utils.py:335 click.utils.echo event=line locals={}
2026-08-23 01:28:28.614 /testbed/src/click/utils.py:336 click.utils.echo event=line locals={}
2026-08-23 01:28:28.614 /testbed/src/click/utils.py:337 click.utils.echo event=line locals={}
2026-08-23 01:28:28.614 /testbed/src/click/utils.py:338 click.utils.echo event=line locals={}
2026-08-23 01:28:28.614 /testbed/src/click/utils.py:338 click.utils.echo event=return retval=None locals={'binary_file': '<testcase.BinaryCapture object at 0x7b73a1e9e610>', 'color': 'False', 'err': 'False', 'file': '<testcase.BinaryCapture object at 0x7b73a1e9e610>', 'message': "b'\\x89wyy\\x80\\x82|zzzzzzzz'", 'nl': 'True', 'out': "b'\\x89wyy\\x80\\x82|zzzzzzzz\\n'"}
2026-08-23 01:28:28.614 /testbed/src/click/utils.py:252 click.utils.echo event=call locals={'color': 'True', 'err': 'False', 'file': '<testcase.TextCapture object at 0x7b73a1ea8790>', 'message': "'qkvrdnjiiiiiiiiqkvrdnjiiiiiiiiqkvrdnjiiiiiiiiqkvrdnjiiiiiiiiqkvrdnjiiiiiiii'", 'nl': 'False'}
2026-08-23 01:28:28.614 /testbed/src/click/utils.py:299 click.utils.echo event=line locals={}
2026-08-23 01:28:28.614 /testbed/src/click/utils.py:310 click.utils.echo event=line locals={}
2026-08-23 01:28:28.614 /testbed/src/click/utils.py:311 click.utils.echo event=line locals={}
2026-08-23 01:28:28.614 /testbed/src/click/utils.py:312 click.utils.echo event=line locals={}
2026-08-23 01:28:28.614 /testbed/src/click/utils.py:318 click.utils.echo event=line locals={'out': "'qkvrdnjiiiiiiiiqkvrdnjiiiiiiiiqkvrdnjiiiiiiiiqkvrdnjiiiiiiiiqkvrdnjiiiiiiii'"}
2026-08-23 01:28:28.614 /testbed/src/click/utils.py:324 click.utils.echo event=line locals={}
2026-08-23 01:28:28.614 /testbed/src/click/utils.py:332 click.utils.echo event=line locals={}
2026-08-23 01:28:28.614 /testbed/src/click/utils.py:342 click.utils.echo event=line locals={}
2026-08-23 01:28:28.614 /testbed/src/click/utils.py:345 click.utils.echo event=line locals={}
2026-08-23 01:28:28.614 /testbed/src/click/utils.py:346 click.utils.echo event=line locals={}
2026-08-23 01:28:28.614 /testbed/src/click/utils.py:346 click.utils.echo event=return retval=None locals={'color': 'True', 'err': 'False', 'file': '<testcase.TextCapture object at 0x7b73a1ea8790>', 'message': "'qkvrdnjiiiiiiiiqkvrdnjiiiiiiiiqkvrdnjiiiiiiiiqkvrdnjiiiiiiiiqkvrdnjiiiiiiii'", 'nl': 'False', 'out': "'qkvrdnjiiiiiiiiqkvrdnjiiiiiiiiqkvrdnjiiiiiiiiqkvrdnjiiiiiiiiqkvrdnjiiiiiiii'"}
2026-08-23 01:28:28.614 /testbed/src/click/utils.py:252 click.utils.echo event=call locals={'color': 'False', 'err': 'False', 'file': '<testcase.BinaryCapture object at 0x7b73a1e9e930>', 'message': "bytearray(b'XGS^U^@[\\\\\\\\\\\\\\\\\\\\\\\\\\\\')", 'nl': 'True'}
2026-08-23 01:28:28.614 /testbed/src/click/utils.py:299 click.utils.echo event=line locals={}
2026-08-23 01:28:28.614 /testbed/src/click/utils.py:310 click.utils.echo event=line locals={}
2026-08-23 01:28:28.614 /testbed/src/click/utils.py:311 click.utils.echo event=line locals={}
2026-08-23 01:28:28.614 /testbed/src/click/utils.py:312 click.utils.echo event=line locals={}
2026-08-23 01:28:28.614 /testbed/src/click/utils.py:318 click.utils.echo event=line locals={'out': "bytearray(b'XGS^U^@[\\\\\\\\\\\\\\\\\\\\\\\\\\\\')"}
2026-08-23 01:28:28.614 /testbed/src/click/utils.py:319 click.utils.echo event=line locals={}
2026-08-23 01:28:28.614 /testbed/src/click/utils.py:322 click.utils.echo event=line locals={}
2026-08-23 01:28:28.614 /testbed/src/click/utils.py:324 click.utils.echo event=line locals={'message': "bytearray(b'XGS^U^@[\\\\\\\\\\\\\\\\\\\\\\\\\\\\\\n')", 'out': "bytearray(b'XGS^U^@[\\\\\\\\\\\\\\\\\\\\\\\\\\\\\\n')"}
2026-08-23 01:28:28.614 /testbed/src/click/utils.py:332 click.utils.echo event=line locals={}
2026-08-23 01:28:28.614 /testbed/src/click/utils.py:333 click.utils.echo event=line locals={}
2026-08-23 01:28:28.614 /testbed/src/click/utils.py:334 click.utils.echo event=line locals={'binary_file': '<testcase.BinaryCapture object at 0x7b73a1e9e930>'}
2026-08-23 01:28:28.614 /testbed/src/click/utils.py:335 click.utils.echo event=line locals={}
2026-08-23 01:28:28.614 /testbed/src/click/utils.py:336 click.utils.echo event=line locals={}
2026-08-23 01:28:28.614 /testbed/src/click/utils.py:337 click.utils.echo event=line locals={}
2026-08-23 01:28:28.614 /testbed/src/click/utils.py:338 click.utils.echo event=line locals={}
2026-08-23 01:28:28.614 /testbed/src/click/utils.py:338 click.utils.echo event=return retval=None locals={'binary_file': '<testcase.BinaryCapture object at 0x7b73a1e9e930>', 'color': 'False', 'err': 'False', 'file': '<testcase.BinaryCapture object at 0x7b73a1e9e930>', 'message': "bytearray(b'XGS^U^@[\\\\\\\\\\\\\\\\\\\\\\\\\\\\\\n')", 'nl': 'True', 'out': "bytearray(b'XGS^U^@[\\\\\\\\\\\\\\\\\\\\\\\\\\\\\\n')"}
2026-08-23 01:28:28.614 /testbed/src/click/utils.py:252 click.utils.echo event=call locals={'color': 'True', 'err': 'False', 'file': '<testcase.TextCapture object at 0x7b73a1ea8820>', 'message': '<testcase.Renderable object at 0x7b73a1ea3150>', 'nl': 'True'}
2026-08-23 01:28:28.614 /testbed/src/click/utils.py:299 click.utils.echo event=line locals={}
2026-08-23 01:28:28.614 /testbed/src/click/utils.py:310 click.utils.echo event=line locals={}
2026-08-23 01:28:28.614 /testbed/src/click/utils.py:311 click.utils.echo event=line locals={}
2026-08-23 01:28:28.614 /testbed/src/click/utils.py:313 click.utils.echo event=line locals={}
2026-08-23 01:28:28.614 /testbed/src/click/utils.py:315 click.utils.echo event=line locals={}
2026-08-23 01:28:28.614 /testbed/src/click/utils.py:316 click.utils.echo event=line locals={}
2026-08-23 01:28:28.614 /testbed/src/click/utils.py:318 click.utils.echo event=line locals={'out': "'\\x1b[35mkkkkkkkkmubbcfr\\x1b[0m'"}
2026-08-23 01:28:28.614 /testbed/src/click/utils.py:319 click.utils.echo event=line locals={}
2026-08-23 01:28:28.614 /testbed/src/click/utils.py:320 click.utils.echo event=line locals={}
2026-08-23 01:28:28.614 /testbed/src/click/utils.py:324 click.utils.echo event=line locals={'out': "'\\x1b[35mkkkkkkkkmubbcfr\\x1b[0m\\n'"}
2026-08-23 01:28:28.614 /testbed/src/click/utils.py:332 click.utils.echo event=line locals={}
2026-08-23 01:28:28.615 /testbed/src/click/utils.py:342 click.utils.echo event=line locals={}
2026-08-23 01:28:28.615 /testbed/src/click/utils.py:345 click.utils.echo event=line locals={}
2026-08-23 01:28:28.615 /testbed/src/click/utils.py:346 click.utils.echo event=line locals={}
2026-08-23 01:28:28.615 /testbed/src/click/utils.py:346 click.utils.echo event=return retval=None locals={'color': 'True', 'err': 'False', 'file': '<testcase.TextCapture object at 0x7b73a1ea8820>', 'message': '<testcase.Renderable object at 0x7b73a1ea3150>', 'nl': 'True', 'out': "'\\x1b[35mkkkkkkkkmubbcfr\\x1b[0m\\n'"}
2026-08-23 01:28:28.615 /testbed/src/click/utils.py:252 click.utils.echo event=call locals={'color': 'None', 'err': 'False', 'file': '<testcase.TextCapture object at 0x7b73a1ea88b0>', 'message': '<testcase.Renderable object at 0x7b73a1ea2e50>', 'nl': 'True'}
2026-08-23 01:28:28.615 /testbed/src/click/utils.py:299 click.utils.echo event=line locals={}
2026-08-23 01:28:28.615 /testbed/src/click/utils.py:310 click.utils.echo event=line locals={}
2026-08-23 01:28:28.615 /testbed/src/click/utils.py:311 click.utils.echo event=line locals={}
2026-08-23 01:28:28.615 /testbed/src/click/utils.py:313 click.utils.echo event=line locals={}
2026-08-23 01:28:28.615 /testbed/src/click/utils.py:315 click.utils.echo event=line locals={}
2026-08-23 01:28:28.615 /testbed/src/click/utils.py:316 click.utils.echo event=line locals={}
2026-08-23 01:28:28.615 /testbed/src/click/utils.py:318 click.utils.echo event=line locals={'out': "'\\x1b[35mlllllllnuwguwem\\x1b[0m'"}
2026-08-23 01:28:28.615 /testbed/src/click/utils.py:319 click.utils.echo event=line locals={}
2026-08-23 01:28:28.615 /testbed/src/click/utils.py:320 click.utils.echo event=line locals={}
2026-08-23 01:28:28.615 /testbed/src/click/utils.py:324 click.utils.echo event=line locals={'out': "'\\x1b[35mlllllllnuwguwem\\x1b[0m\\n'"}
2026-08-23 01:28:28.615 /testbed/src/click/utils.py:332 click.utils.echo event=line locals={}
2026-08-23 01:28:28.615 /testbed/src/click/utils.py:342 click.utils.echo event=line locals={}
2026-08-23 01:28:28.615 /testbed/src/click/utils.py:343 click.utils.echo event=line locals={}
2026-08-23 01:28:28.615 /testbed/src/click/utils.py:345 click.utils.echo event=line locals={'out': "'lllllllnuwguwem\\n'"}
2026-08-23 01:28:28.615 /testbed/src/click/utils.py:346 click.utils.echo event=line locals={}
2026-08-23 01:28:28.615 /testbed/src/click/utils.py:346 click.utils.echo event=return retval=None locals={'color': 'None', 'err': 'False', 'file': '<testcase.TextCapture object at 0x7b73a1ea88b0>', 'message': '<testcase.Renderable object at 0x7b73a1ea2e50>', 'nl': 'True', 'out': "'lllllllnuwguwem\\n'"}
2026-08-23 01:28:28.615 /testbed/src/click/utils.py:252 click.utils.echo event=call locals={'color': 'True', 'err': 'False', 'file': '<testcase.TextCapture object at 0x7b73a1ea8940>', 'message': 'None', 'nl': 'False'}
2026-08-23 01:28:28.615 /testbed/src/click/utils.py:299 click.utils.echo event=line locals={}
2026-08-23 01:28:28.615 /testbed/src/click/utils.py:310 click.utils.echo event=line locals={}
2026-08-23 01:28:28.615 /testbed/src/click/utils.py:311 click.utils.echo event=line locals={}
2026-08-23 01:28:28.615 /testbed/src/click/utils.py:313 click.utils.echo event=line locals={}
2026-08-23 01:28:28.615 /testbed/src/click/utils.py:314 click.utils.echo event=line locals={}
2026-08-23 01:28:28.615 /testbed/src/click/utils.py:318 click.utils.echo event=line locals={'out': "''"}
2026-08-23 01:28:28.615 /testbed/src/click/utils.py:324 click.utils.echo event=line locals={}
2026-08-23 01:28:28.615 /testbed/src/click/utils.py:325 click.utils.echo event=line locals={}
2026-08-23 01:28:28.615 /testbed/src/click/utils.py:326 click.utils.echo event=line locals={}
2026-08-23 01:28:28.615 /testbed/src/click/utils.py:326 click.utils.echo event=return retval=None locals={'color': 'True', 'err': 'False', 'file': '<testcase.TextCapture object at 0x7b73a1ea8940>', 'message': 'None', 'nl': 'False', 'out': "''"}
2026-08-23 01:28:28.615 /testbed/src/click/utils.py:252 click.utils.echo event=call locals={'color': 'None', 'err': 'False', 'file': '<testcase.TextCapture object at 0x7b73a1ea89d0>', 'message': "'\\x1b[31mkzwphywpnnnnnnn\\x1b[0m'", 'nl': 'False'}
2026-08-23 01:28:28.615 /testbed/src/click/utils.py:299 click.utils.echo event=line locals={}
2026-08-23 01:28:28.615 /testbed/src/click/utils.py:310 click.utils.echo event=line locals={}
2026-08-23 01:28:28.615 /testbed/src/click/utils.py:311 click.utils.echo event=line locals={}
2026-08-23 01:28:28.615 /testbed/src/click/utils.py:312 click.utils.echo event=line locals={}
2026-08-23 01:28:28.615 /testbed/src/click/utils.py:318 click.utils.echo event=line locals={'out': "'\\x1b[31mkzwphywpnnnnnnn\\x1b[0m'"}
2026-08-23 01:28:28.615 /testbed/src/click/utils.py:324 click.utils.echo event=line locals={}
2026-08-23 01:28:28.615 /testbed/src/click/utils.py:332 click.utils.echo event=line locals={}
2026-08-23 01:28:28.615 /testbed/src/click/utils.py:342 click.utils.echo event=line locals={}
2026-08-23 01:28:28.615 /testbed/src/click/utils.py:343 click.utils.echo event=line locals={}
2026-08-23 01:28:28.615 /testbed/src/click/utils.py:345 click.utils.echo event=line locals={'out': "'kzwphywpnnnnnnn'"}
2026-08-23 01:28:28.615 /testbed/src/click/utils.py:346 click.utils.echo event=line locals={}
2026-08-23 01:28:28.615 /testbed/src/click/utils.py:346 click.utils.echo event=return retval=None locals={'color': 'None', 'err': 'False', 'file': '<testcase.TextCapture object at 0x7b73a1ea89d0>', 'message': "'\\x1b[31mkzwphywpnnnnnnn\\x1b[0m'", 'nl': 'False', 'out': "'kzwphywpnnnnnnn'"}
2026-08-23 01:28:28.615 /testbed/src/click/utils.py:252 click.utils.echo event=call locals={'color': 'True', 'err': 'False', 'file': '<testcase.TextCapture object at 0x7b73a1ea8a60>', 'message': "'ouwwjtcroooooooouwwjtcrooooooo'", 'nl': 'False'}
2026-08-23 01:28:28.615 /testbed/src/click/utils.py:299 click.utils.echo event=line locals={}
2026-08-23 01:28:28.615 /testbed/src/click/utils.py:310 click.utils.echo event=line locals={}
2026-08-23 01:28:28.615 /testbed/src/click/utils.py:311 click.utils.echo event=line locals={}
2026-08-23 01:28:28.615 /testbed/src/click/utils.py:312 click.utils.echo event=line locals={}
2026-08-23 01:28:28.615 /testbed/src/click/utils.py:318 click.utils.echo event=line locals={'out': "'ouwwjtcroooooooouwwjtcrooooooo'"}
2026-08-23 01:28:28.615 /testbed/src/click/utils.py:324 click.utils.echo event=line locals={}
2026-08-23 01:28:28.615 /testbed/src/click/utils.py:332 click.utils.echo event=line locals={}
2026-08-23 01:28:28.615 /testbed/src/click/utils.py:342 click.utils.echo event=line locals={}
2026-08-23 01:28:28.616 /testbed/src/click/utils.py:345 click.utils.echo event=line locals={}
2026-08-23 01:28:28.616 /testbed/src/click/utils.py:346 click.utils.echo event=line locals={}
2026-08-23 01:28:28.616 /testbed/src/click/utils.py:346 click.utils.echo event=return retval=None locals={'color': 'True', 'err': 'False', 'file': '<testcase.TextCapture object at 0x7b73a1ea8a60>', 'message': "'ouwwjtcroooooooouwwjtcrooooooo'", 'nl': 'False', 'out': "'ouwwjtcroooooooouwwjtcrooooooo'"}
2026-08-23 01:28:28.616 /testbed/src/click/utils.py:252 click.utils.echo event=call locals={'color': 'None', 'err': 'False', 'file': '<testcase.TextCapture object at 0x7b73a1ea8af0>', 'message': 'None', 'nl': 'False'}
2026-08-23 01:28:28.616 /testbed/src/click/utils.py:299 click.utils.echo event=line locals={}
2026-08-23 01:28:28.616 /testbed/src/click/utils.py:310 click.utils.echo event=line locals={}
2026-08-23 01:28:28.616 /testbed/src/click/utils.py:311 click.utils.echo event=line locals={}
2026-08-23 01:28:28.616 /testbed/src/click/utils.py:313 click.utils.echo event=line locals={}
2026-08-23 01:28:28.616 /testbed/src/click/utils.py:314 click.utils.echo event=line locals={}
2026-08-23 01:28:28.616 /testbed/src/click/utils.py:318 click.utils.echo event=line locals={'out': "''"}
2026-08-23 01:28:28.616 /testbed/src/click/utils.py:324 click.utils.echo event=line locals={}
2026-08-23 01:28:28.616 /testbed/src/click/utils.py:325 click.utils.echo event=line locals={}
2026-08-23 01:28:28.616 /testbed/src/click/utils.py:326 click.utils.echo event=line locals={}
2026-08-23 01:28:28.616 /testbed/src/click/utils.py:326 click.utils.echo event=return retval=None locals={'color': 'None', 'err': 'False', 'file': '<testcase.TextCapture object at 0x7b73a1ea8af0>', 'message': 'None', 'nl': 'False', 'out': "''"}
2026-08-23 01:28:28.616 /testbed/src/click/utils.py:252 click.utils.echo event=call locals={'color': 'False', 'err': 'False', 'file': '<testcase.TextCapture object at 0x7b73a1ea8b80>', 'message': "'\\x1b[31mfgurqwetqqqqqqq\\x1b[0m'", 'nl': 'False'}
2026-08-23 01:28:28.616 /testbed/src/click/utils.py:299 click.utils.echo event=line locals={}
2026-08-23 01:28:28.616 /testbed/src/click/utils.py:310 click.utils.echo event=line locals={}
2026-08-23 01:28:28.616 /testbed/src/click/utils.py:311 click.utils.echo event=line locals={}
2026-08-23 01:28:28.616 /testbed/src/click/utils.py:312 click.utils.echo event=line locals={}
2026-08-23 01:28:28.616 /testbed/src/click/utils.py:318 click.utils.echo event=line locals={'out': "'\\x1b[31mfgurqwetqqqqqqq\\x1b[0m'"}
2026-08-23 01:28:28.616 /testbed/src/click/utils.py:324 click.utils.echo event=line locals={}
2026-08-23 01:28:28.616 /testbed/src/click/utils.py:332 click.utils.echo event=line locals={}
2026-08-23 01:28:28.616 /testbed/src/click/utils.py:342 click.utils.echo event=line locals={}
2026-08-23 01:28:28.616 /testbed/src/click/utils.py:343 click.utils.echo event=line locals={}
2026-08-23 01:28:28.616 /testbed/src/click/utils.py:345 click.utils.echo event=line locals={'out': "'fgurqwetqqqqqqq'"}
2026-08-23 01:28:28.616 /testbed/src/click/utils.py:346 click.utils.echo event=line locals={}
2026-08-23 01:28:28.616 /testbed/src/click/utils.py:346 click.utils.echo event=return retval=None locals={'color': 'False', 'err': 'False', 'file': '<testcase.TextCapture object at 0x7b73a1ea8b80>', 'message': "'\\x1b[31mfgurqwetqqqqqqq\\x1b[0m'", 'nl': 'False', 'out': "'fgurqwetqqqqqqq'"}
2026-08-23 01:28:28.616 /testbed/src/click/utils.py:252 click.utils.echo event=call locals={'color': 'False', 'err': 'False', 'file': '<testcase.TextCapture object at 0x7b73a1ea8c10>', 'message': 'None', 'nl': 'False'}
2026-08-23 01:28:28.616 /testbed/src/click/utils.py:299 click.utils.echo event=line locals={}
2026-08-23 01:28:28.616 /testbed/src/click/utils.py:310 click.utils.echo event=line locals={}
2026-08-23 01:28:28.616 /testbed/src/click/utils.py:311 click.utils.echo event=line locals={}
2026-08-23 01:28:28.616 /testbed/src/click/utils.py:313 click.utils.echo event=line locals={}
2026-08-23 01:28:28.616 /testbed/src/click/utils.py:314 click.utils.echo event=line locals={}
2026-08-23 01:28:28.616 /testbed/src/click/utils.py:318 click.utils.echo event=line locals={'out': "''"}
2026-08-23 01:28:28.616 /testbed/src/click/utils.py:324 click.utils.echo event=line locals={}
2026-08-23 01:28:28.616 /testbed/src/click/utils.py:325 click.utils.echo event=line locals={}
2026-08-23 01:28:28.616 /testbed/src/click/utils.py:326 click.utils.echo event=line locals={}
2026-08-23 01:28:28.616 /testbed/src/click/utils.py:326 click.utils.echo event=return retval=None locals={'color': 'False', 'err': 'False', 'file': '<testcase.TextCapture object at 0x7b73a1ea8c10>', 'message': 'None', 'nl': 'False', 'out': "''"}
2026-08-23 01:28:28.616 /testbed/src/click/utils.py:252 click.utils.echo event=call locals={'color': 'None', 'err': 'False', 'file': '<testcase.TextCapture object at 0x7b73a1ea8ca0>', 'message': "'\\x1b[31mztyndhvssssssss\\x1b[0m'", 'nl': 'True'}
2026-08-23 01:28:28.616 /testbed/src/click/utils.py:299 click.utils.echo event=line locals={}
2026-08-23 01:28:28.616 /testbed/src/click/utils.py:310 click.utils.echo event=line locals={}
2026-08-23 01:28:28.616 /testbed/src/click/utils.py:311 click.utils.echo event=line locals={}
2026-08-23 01:28:28.616 /testbed/src/click/utils.py:312 click.utils.echo event=line locals={}
2026-08-23 01:28:28.616 /testbed/src/click/utils.py:318 click.utils.echo event=line locals={'out': "'\\x1b[31mztyndhvssssssss\\x1b[0m'"}
2026-08-23 01:28:28.616 /testbed/src/click/utils.py:319 click.utils.echo event=line locals={}
2026-08-23 01:28:28.616 /testbed/src/click/utils.py:320 click.utils.echo event=line locals={}
2026-08-23 01:28:28.616 /testbed/src/click/utils.py:324 click.utils.echo event=line locals={'out': "'\\x1b[31mztyndhvssssssss\\x1b[0m\\n'"}
2026-08-23 01:28:28.616 /testbed/src/click/utils.py:332 click.utils.echo event=line locals={}
2026-08-23 01:28:28.616 /testbed/src/click/utils.py:342 click.utils.echo event=line locals={}
2026-08-23 01:28:28.616 /testbed/src/click/utils.py:343 click.utils.echo event=line locals={}
2026-08-23 01:28:28.616 /testbed/src/click/utils.py:345 click.utils.echo event=line locals={'out': "'ztyndhvssssssss\\n'"}
2026-08-23 01:28:28.616 /testbed/src/click/utils.py:346 click.utils.echo event=line locals={}
2026-08-23 01:28:28.616 /testbed/src/click/utils.py:346 click.utils.echo event=return retval=None locals={'color': 'None', 'err': 'False', 'file': '<testcase.TextCapture object at 0x7b73a1ea8ca0>', 'message': "'\\x1b[31mztyndhvssssssss\\x1b[0m'", 'nl': 'True', 'out': "'ztyndhvssssssss\\n'"}
2026-08-23 01:28:28.617 /testbed/src/click/utils.py:252 click.utils.echo event=call locals={'color': 'None', 'err': 'False', 'file': '<testcase.TextCapture object at 0x7b73a1ea8d30>', 'message': "'\\x1b[31msfwnrzutttttttt\\x1b[0m'", 'nl': 'False'}
2026-08-23 01:28:28.617 /testbed/src/click/utils.py:299 click.utils.echo event=line locals={}
2026-08-23 01:28:28.617 /testbed/src/click/utils.py:310 click.utils.echo event=line locals={}
2026-08-23 01:28:28.617 /testbed/src/click/utils.py:311 click.utils.echo event=line locals={}
2026-08-23 01:28:28.617 /testbed/src/click/utils.py:312 click.utils.echo event=line locals={}
2026-08-23 01:28:28.617 /testbed/src/click/utils.py:318 click.utils.echo event=line locals={'out': "'\\x1b[31msfwnrzutttttttt\\x1b[0m'"}
2026-08-23 01:28:28.617 /testbed/src/click/utils.py:324 click.utils.echo event=line locals={}
2026-08-23 01:28:28.617 /testbed/src/click/utils.py:332 click.utils.echo event=line locals={}
2026-08-23 01:28:28.617 /testbed/src/click/utils.py:342 click.utils.echo event=line locals={}
2026-08-23 01:28:28.617 /testbed/src/click/utils.py:343 click.utils.echo event=line locals={}
2026-08-23 01:28:28.617 /testbed/src/click/utils.py:345 click.utils.echo event=line locals={'out': "'sfwnrzutttttttt'"}
2026-08-23 01:28:28.617 /testbed/src/click/utils.py:346 click.utils.echo event=line locals={}
2026-08-23 01:28:28.617 /testbed/src/click/utils.py:346 click.utils.echo event=return retval=None locals={'color': 'None', 'err': 'False', 'file': '<testcase.TextCapture object at 0x7b73a1ea8d30>', 'message': "'\\x1b[31msfwnrzutttttttt\\x1b[0m'", 'nl': 'False', 'out': "'sfwnrzutttttttt'"}
2026-08-23 01:28:28.617 /testbed/src/click/utils.py:252 click.utils.echo event=call locals={'color': 'True', 'err': 'False', 'file': '<testcase.BinaryCapture object at 0x7b73a1e9eac0>', 'message': "bytearray(b'\\xe5\\xe0\\xfa\\xe7\\xe0\\xe0\\xf5\\xe2\\xe1\\xe1\\xe1\\xe1\\xe1\\xe1\\xe1')", 'nl': 'True'}
2026-08-23 01:28:28.617 /testbed/src/click/utils.py:299 click.utils.echo event=line locals={}
2026-08-23 01:28:28.617 /testbed/src/click/utils.py:310 click.utils.echo event=line locals={}
2026-08-23 01:28:28.617 /testbed/src/click/utils.py:311 click.utils.echo event=line locals={}
2026-08-23 01:28:28.617 /testbed/src/click/utils.py:312 click.utils.echo event=line locals={}
2026-08-23 01:28:28.617 /testbed/src/click/utils.py:318 click.utils.echo event=line locals={'out': "bytearray(b'\\xe5\\xe0\\xfa\\xe7\\xe0\\xe0\\xf5\\xe2\\xe1\\xe1\\xe1\\xe1\\xe1\\xe1\\xe1')"}
2026-08-23 01:28:28.617 /testbed/src/click/utils.py:319 click.utils.echo event=line locals={}
2026-08-23 01:28:28.617 /testbed/src/click/utils.py:322 click.utils.echo event=line locals={}
2026-08-23 01:28:28.617 /testbed/src/click/utils.py:324 click.utils.echo event=line locals={'message': "bytearray(b'\\xe5\\xe0\\xfa\\xe7\\xe0\\xe0\\xf5\\xe2\\xe1\\xe1\\xe1\\xe1\\xe1\\xe1\\xe1\\n')", 'out': "bytearray(b'\\xe5\\xe0\\xfa\\xe7\\xe0\\xe0\\xf5\\xe2\\xe1\\xe1\\xe1\\xe1\\xe1\\xe1\\xe1\\n')"}
2026-08-23 01:28:28.617 /testbed/src/click/utils.py:332 click.utils.echo event=line locals={}
2026-08-23 01:28:28.617 /testbed/src/click/utils.py:333 click.utils.echo event=line locals={}
2026-08-23 01:28:28.617 /testbed/src/click/utils.py:334 click.utils.echo event=line locals={'binary_file': '<testcase.BinaryCapture object at 0x7b73a1e9eac0>'}
2026-08-23 01:28:28.617 /testbed/src/click/utils.py:335 click.utils.echo event=line locals={}
2026-08-23 01:28:28.617 /testbed/src/click/utils.py:336 click.utils.echo event=line locals={}
2026-08-23 01:28:28.617 /testbed/src/click/utils.py:337 click.utils.echo event=line locals={}
2026-08-23 01:28:28.617 /testbed/src/click/utils.py:338 click.utils.echo event=line locals={}
2026-08-23 01:28:28.617 /testbed/src/click/utils.py:338 click.utils.echo event=return retval=None locals={'binary_file': '<testcase.BinaryCapture object at 0x7b73a1e9eac0>', 'color': 'True', 'err': 'False', 'file': '<testcase.BinaryCapture object at 0x7b73a1e9eac0>', 'message': "bytearray(b'\\xe5\\xe0\\xfa\\xe7\\xe0\\xe0\\xf5\\xe2\\xe1\\xe1\\xe1\\xe1\\xe1\\xe1\\xe1\\n')", 'nl': 'True', 'out': "bytearray(b'\\xe5\\xe0\\xfa\\xe7\\xe0\\xe0\\xf5\\xe2\\xe1\\xe1\\xe1\\xe1\\xe1\\xe1\\xe1\\n')"}
2026-08-23 01:28:28.617 /testbed/src/click/utils.py:252 click.utils.echo event=call locals={'color': 'None', 'err': 'False', 'file': '<testcase.TextCapture object at 0x7b73a1ea8dc0>', 'message': "'\\x1b[31miyvbwiyvvvvvvvv\\x1b[0m'", 'nl': 'True'}
2026-08-23 01:28:28.617 /testbed/src/click/utils.py:299 click.utils.echo event=line locals={}
2026-08-23 01:28:28.617 /testbed/src/click/utils.py:310 click.utils.echo event=line locals={}
2026-08-23 01:28:28.617 /testbed/src/click/utils.py:311 click.utils.echo event=line locals={}
2026-08-23 01:28:28.617 /testbed/src/click/utils.py:312 click.utils.echo event=line locals={}
2026-08-23 01:28:28.617 /testbed/src/click/utils.py:318 click.utils.echo event=line locals={'out': "'\\x1b[31miyvbwiyvvvvvvvv\\x1b[0m'"}
2026-08-23 01:28:28.617 /testbed/src/click/utils.py:319 click.utils.echo event=line locals={}
2026-08-23 01:28:28.617 /testbed/src/click/utils.py:320 click.utils.echo event=line locals={}
2026-08-23 01:28:28.617 /testbed/src/click/utils.py:324 click.utils.echo event=line locals={'out': "'\\x1b[31miyvbwiyvvvvvvvv\\x1b[0m\\n'"}
2026-08-23 01:28:28.617 /testbed/src/click/utils.py:332 click.utils.echo event=line locals={}
2026-08-23 01:28:28.617 /testbed/src/click/utils.py:342 click.utils.echo event=line locals={}
2026-08-23 01:28:28.617 /testbed/src/click/utils.py:343 click.utils.echo event=line locals={}
2026-08-23 01:28:28.617 /testbed/src/click/utils.py:345 click.utils.echo event=line locals={'out': "'iyvbwiyvvvvvvvv\\n'"}
2026-08-23 01:28:28.617 /testbed/src/click/utils.py:346 click.utils.echo event=line locals={}
2026-08-23 01:28:28.617 /testbed/src/click/utils.py:346 click.utils.echo event=return retval=None locals={'color': 'None', 'err': 'False', 'file': '<testcase.TextCapture object at 0x7b73a1ea8dc0>', 'message': "'\\x1b[31miyvbwiyvvvvvvvv\\x1b[0m'", 'nl': 'True', 'out': "'iyvbwiyvvvvvvvv\\n'"}
2026-08-23 01:28:28.618 /testbed/src/click/utils.py:252 click.utils.echo event=call locals={'color': 'True', 'err': 'False', 'file': '<testcase.BinaryCapture object at 0x7b73a1e9ea20>', 'message': "b'\\xa6\\x99\\x96\\xa9\\xa1\\x98\\x9c\\xaa\\xa7\\xa7\\xa7\\xa7\\xa7\\xa7\\xa7'", 'nl': 'False'}
2026-08-23 01:28:28.618 /testbed/src/click/utils.py:299 click.utils.echo event=line locals={}
2026-08-23 01:28:28.618 /testbed/src/click/utils.py:310 click.utils.echo event=line locals={}
2026-08-23 01:28:28.618 /testbed/src/click/utils.py:311 click.utils.echo event=line locals={}
2026-08-23 01:28:28.618 /testbed/src/click/utils.py:312 click.utils.echo event=line locals={}
2026-08-23 01:28:28.618 /testbed/src/click/utils.py:318 click.utils.echo event=line locals={'out': "b'\\xa6\\x99\\x96\\xa9\\xa1\\x98\\x9c\\xaa\\xa7\\xa7\\xa7\\xa7\\xa7\\xa7\\xa7'"}
2026-08-23 01:28:28.618 /testbed/src/click/utils.py:324 click.utils.echo event=line locals={}
2026-08-23 01:28:28.618 /testbed/src/click/utils.py:332 click.utils.echo event=line locals={}
2026-08-23 01:28:28.618 /testbed/src/click/utils.py:333 click.utils.echo event=line locals={}
2026-08-23 01:28:28.618 /testbed/src/click/utils.py:334 click.utils.echo event=line locals={'binary_file': '<testcase.BinaryCapture object at 0x7b73a1e9ea20>'}
2026-08-23 01:28:28.618 /testbed/src/click/utils.py:335 click.utils.echo event=line locals={}
2026-08-23 01:28:28.618 /testbed/src/click/utils.py:336 click.utils.echo event=line locals={}
2026-08-23 01:28:28.618 /testbed/src/click/utils.py:337 click.utils.echo event=line locals={}
2026-08-23 01:28:28.618 /testbed/src/click/utils.py:338 click.utils.echo event=line locals={}
2026-08-23 01:28:28.618 /testbed/src/click/utils.py:338 click.utils.echo event=return retval=None locals={'binary_file': '<testcase.BinaryCapture object at 0x7b73a1e9ea20>', 'color': 'True', 'err': 'False', 'file': '<testcase.BinaryCapture object at 0x7b73a1e9ea20>', 'message': "b'\\xa6\\x99\\x96\\xa9\\xa1\\x98\\x9c\\xaa\\xa7\\xa7\\xa7\\xa7\\xa7\\xa7\\xa7'", 'nl': 'False', 'out': "b'\\xa6\\x99\\x96\\xa9\\xa1\\x98\\x9c\\xaa\\xa7\\xa7\\xa7\\xa7\\xa7\\xa7\\xa7'"}
2026-08-23 01:28:28.618 /testbed/src/click/utils.py:252 click.utils.echo event=call locals={'color': 'True', 'err': 'False', 'file': '<testcase.TextCapture object at 0x7b73a1ea8e50>', 'message': "'\\x1b[31moohgzrizxxxxxxx\\x1b[0m'", 'nl': 'True'}
2026-08-23 01:28:28.618 /testbed/src/click/utils.py:299 click.utils.echo event=line locals={}
2026-08-23 01:28:28.618 /testbed/src/click/utils.py:310 click.utils.echo event=line locals={}
2026-08-23 01:28:28.618 /testbed/src/click/utils.py:311 click.utils.echo event=line locals={}
2026-08-23 01:28:28.618 /testbed/src/click/utils.py:312 click.utils.echo event=line locals={}
2026-08-23 01:28:28.618 /testbed/src/click/utils.py:318 click.utils.echo event=line locals={'out': "'\\x1b[31moohgzrizxxxxxxx\\x1b[0m'"}
2026-08-23 01:28:28.618 /testbed/src/click/utils.py:319 click.utils.echo event=line locals={}
2026-08-23 01:28:28.618 /testbed/src/click/utils.py:320 click.utils.echo event=line locals={}
2026-08-23 01:28:28.618 /testbed/src/click/utils.py:324 click.utils.echo event=line locals={'out': "'\\x1b[31moohgzrizxxxxxxx\\x1b[0m\\n'"}
2026-08-23 01:28:28.618 /testbed/src/click/utils.py:332 click.utils.echo event=line locals={}
2026-08-23 01:28:28.618 /testbed/src/click/utils.py:342 click.utils.echo event=line locals={}
2026-08-23 01:28:28.618 /testbed/src/click/utils.py:345 click.utils.echo event=line locals={}
2026-08-23 01:28:28.618 /testbed/src/click/utils.py:346 click.utils.echo event=line locals={}
2026-08-23 01:28:28.618 /testbed/src/click/utils.py:346 click.utils.echo event=return retval=None locals={'color': 'True', 'err': 'False', 'file': '<testcase.TextCapture object at 0x7b73a1ea8e50>', 'message': "'\\x1b[31moohgzrizxxxxxxx\\x1b[0m'", 'nl': 'True', 'out': "'\\x1b[31moohgzrizxxxxxxx\\x1b[0m\\n'"}
2026-08-23 01:28:28.618 /testbed/src/click/utils.py:252 click.utils.echo event=call locals={'color': 'None', 'err': 'False', 'file': '<testcase.BinaryCapture object at 0x7b73a1e9ec00>', 'message': "bytearray(b']A_[@_NPSSSSSSS')", 'nl': 'False'}
2026-08-23 01:28:28.618 /testbed/src/click/utils.py:299 click.utils.echo event=line locals={}
2026-08-23 01:28:28.618 /testbed/src/click/utils.py:310 click.utils.echo event=line locals={}
2026-08-23 01:28:28.618 /testbed/src/click/utils.py:311 click.utils.echo event=line locals={}
2026-08-23 01:28:28.618 /testbed/src/click/utils.py:312 click.utils.echo event=line locals={}
2026-08-23 01:28:28.618 /testbed/src/click/utils.py:318 click.utils.echo event=line locals={'out': "bytearray(b']A_[@_NPSSSSSSS')"}
2026-08-23 01:28:28.618 /testbed/src/click/utils.py:324 click.utils.echo event=line locals={}
2026-08-23 01:28:28.618 /testbed/src/click/utils.py:332 click.utils.echo event=line locals={}
2026-08-23 01:28:28.618 /testbed/src/click/utils.py:333 click.utils.echo event=line locals={}
2026-08-23 01:28:28.618 /testbed/src/click/utils.py:334 click.utils.echo event=line locals={'binary_file': '<testcase.BinaryCapture object at 0x7b73a1e9ec00>'}
2026-08-23 01:28:28.618 /testbed/src/click/utils.py:335 click.utils.echo event=line locals={}
2026-08-23 01:28:28.618 /testbed/src/click/utils.py:336 click.utils.echo event=line locals={}
2026-08-23 01:28:28.618 /testbed/src/click/utils.py:337 click.utils.echo event=line locals={}
2026-08-23 01:28:28.618 /testbed/src/click/utils.py:338 click.utils.echo event=line locals={}
2026-08-23 01:28:28.618 /testbed/src/click/utils.py:338 click.utils.echo event=return retval=None locals={'binary_file': '<testcase.BinaryCapture object at 0x7b73a1e9ec00>', 'color': 'None', 'err': 'False', 'file': '<testcase.BinaryCapture object at 0x7b73a1e9ec00>', 'message': "bytearray(b']A_[@_NPSSSSSSS')", 'nl': 'False', 'out': "bytearray(b']A_[@_NPSSSSSSS')"}
2026-08-23 01:28:28.618 /testbed/src/click/utils.py:252 click.utils.echo event=call locals={'color': 'True', 'err': 'False', 'file': '<testcase.TextCapture object at 0x7b73a1ea8ee0>', 'message': '<testcase.Renderable object at 0x7b73a1ea3950>', 'nl': 'False'}
2026-08-23 01:28:28.618 /testbed/src/click/utils.py:299 click.utils.echo event=line locals={}
2026-08-23 01:28:28.618 /testbed/src/click/utils.py:310 click.utils.echo event=line locals={}
2026-08-23 01:28:28.618 /testbed/src/click/utils.py:311 click.utils.echo event=line locals={}
2026-08-23 01:28:28.618 /testbed/src/click/utils.py:313 click.utils.echo event=line locals={}
2026-08-23 01:28:28.618 /testbed/src/click/utils.py:315 click.utils.echo event=line locals={}
2026-08-23 01:28:28.618 /testbed/src/click/utils.py:316 click.utils.echo event=line locals={}
2026-08-23 01:28:28.618 /testbed/src/click/utils.py:318 click.utils.echo event=line locals={'out': "'\\x1b[35mzzzzzzzbjohfyxu\\x1b[0m'"}
2026-08-23 01:28:28.618 /testbed/src/click/utils.py:324 click.utils.echo event=line locals={}
2026-08-23 01:28:28.618 /testbed/src/click/utils.py:332 click.utils.echo event=line locals={}
2026-08-23 01:28:28.618 /testbed/src/click/utils.py:342 click.utils.echo event=line locals={}
2026-08-23 01:28:28.618 /testbed/src/click/utils.py:345 click.utils.echo event=line locals={}
2026-08-23 01:28:28.618 /testbed/src/click/utils.py:346 click.utils.echo event=line locals={}
2026-08-23 01:28:28.619 /testbed/src/click/utils.py:346 click.utils.echo event=return retval=None locals={'color': 'True', 'err': 'False', 'file': '<testcase.TextCapture object at 0x7b73a1ea8ee0>', 'message': '<testcase.Renderable object at 0x7b73a1ea3950>', 'nl': 'False', 'out': "'\\x1b[35mzzzzzzzbjohfyxu\\x1b[0m'"}
2026-08-23 01:28:28.619 /testbed/src/click/utils.py:252 click.utils.echo event=call locals={'color': 'None', 'err': 'False', 'file': '<testcase.BinaryCapture object at 0x7b73a1e9e8e0>', 'message': "bytearray(b'\\xcd\\xd3\\xc7\\xd7\\xdb\\xd8\\xcf\\xc6\\xc3\\xc3\\xc3\\xc3\\xc3\\xc3\\xc3')", 'nl': 'False'}
2026-08-23 01:28:28.619 /testbed/src/click/utils.py:299 click.utils.echo event=line locals={}
2026-08-23 01:28:28.619 /testbed/src/click/utils.py:310 click.utils.echo event=line locals={}
2026-08-23 01:28:28.619 /testbed/src/click/utils.py:311 click.utils.echo event=line locals={}
2026-08-23 01:28:28.619 /testbed/src/click/utils.py:312 click.utils.echo event=line locals={}
2026-08-23 01:28:28.619 /testbed/src/click/utils.py:318 click.utils.echo event=line locals={'out': "bytearray(b'\\xcd\\xd3\\xc7\\xd7\\xdb\\xd8\\xcf\\xc6\\xc3\\xc3\\xc3\\xc3\\xc3\\xc3\\xc3')"}
2026-08-23 01:28:28.619 /testbed/src/click/utils.py:324 click.utils.echo event=line locals={}
2026-08-23 01:28:28.619 /testbed/src/click/utils.py:332 click.utils.echo event=line locals={}
2026-08-23 01:28:28.619 /testbed/src/click/utils.py:333 click.utils.echo event=line locals={}
2026-08-23 01:28:28.619 /testbed/src/click/utils.py:334 click.utils.echo event=line locals={'binary_file': '<testcase.BinaryCapture object at 0x7b73a1e9e8e0>'}
2026-08-23 01:28:28.619 /testbed/src/click/utils.py:335 click.utils.echo event=line locals={}
2026-08-23 01:28:28.619 /testbed/src/click/utils.py:336 click.utils.echo event=line locals={}
2026-08-23 01:28:28.619 /testbed/src/click/utils.py:337 click.utils.echo event=line locals={}
2026-08-23 01:28:28.619 /testbed/src/click/utils.py:338 click.utils.echo event=line locals={}
2026-08-23 01:28:28.619 /testbed/src/click/utils.py:338 click.utils.echo event=return retval=None locals={'binary_file': '<testcase.BinaryCapture object at 0x7b73a1e9e8e0>', 'color': 'None', 'err': 'False', 'file': '<testcase.BinaryCapture object at 0x7b73a1e9e8e0>', 'message': "bytearray(b'\\xcd\\xd3\\xc7\\xd7\\xdb\\xd8\\xcf\\xc6\\xc3\\xc3\\xc3\\xc3\\xc3\\xc3\\xc3')", 'nl': 'False', 'out': "bytearray(b'\\xcd\\xd3\\xc7\\xd7\\xdb\\xd8\\xcf\\xc6\\xc3\\xc3\\xc3\\xc3\\xc3\\xc3\\xc3')"}
2026-08-23 01:28:28.619 /testbed/src/click/utils.py:252 click.utils.echo event=call locals={'color': 'False', 'err': 'False', 'file': '<testcase.BinaryCapture object at 0x7b73a1e9ecf0>', 'message': "b'\\xaf\\xa7\\x9e\\xa3\\x9d\\xa2\\xaa\\x9f\\x9c\\x9c\\x9c\\x9c\\x9c\\x9c\\x9c'", 'nl': 'True'}
2026-08-23 01:28:28.619 /testbed/src/click/utils.py:299 click.utils.echo event=line locals={}
2026-08-23 01:28:28.619 /testbed/src/click/utils.py:310 click.utils.echo event=line locals={}
2026-08-23 01:28:28.619 /testbed/src/click/utils.py:311 click.utils.echo event=line locals={}
2026-08-23 01:28:28.619 /testbed/src/click/utils.py:312 click.utils.echo event=line locals={}
2026-08-23 01:28:28.619 /testbed/src/click/utils.py:318 click.utils.echo event=line locals={'out': "b'\\xaf\\xa7\\x9e\\xa3\\x9d\\xa2\\xaa\\x9f\\x9c\\x9c\\x9c\\x9c\\x9c\\x9c\\x9c'"}
2026-08-23 01:28:28.619 /testbed/src/click/utils.py:319 click.utils.echo event=line locals={}
2026-08-23 01:28:28.619 /testbed/src/click/utils.py:322 click.utils.echo event=line locals={}
2026-08-23 01:28:28.619 /testbed/src/click/utils.py:324 click.utils.echo event=line locals={'out': "b'\\xaf\\xa7\\x9e\\xa3\\x9d\\xa2\\xaa\\x9f\\x9c\\x9c\\x9c\\x9c\\x9c\\x9c\\x9c\\n'"}
2026-08-23 01:28:28.619 /testbed/src/click/utils.py:332 click.utils.echo event=line locals={}
2026-08-23 01:28:28.619 /testbed/src/click/utils.py:333 click.utils.echo event=line locals={}
2026-08-23 01:28:28.619 /testbed/src/click/utils.py:334 click.utils.echo event=line locals={'binary_file': '<testcase.BinaryCapture object at 0x7b73a1e9ecf0>'}
2026-08-23 01:28:28.619 /testbed/src/click/utils.py:335 click.utils.echo event=line locals={}
2026-08-23 01:28:28.619 /testbed/src/click/utils.py:336 click.utils.echo event=line locals={}
2026-08-23 01:28:28.619 /testbed/src/click/utils.py:337 click.utils.echo event=line locals={}
2026-08-23 01:28:28.619 /testbed/src/click/utils.py:338 click.utils.echo event=line locals={}
2026-08-23 01:28:28.619 /testbed/src/click/utils.py:338 click.utils.echo event=return retval=None locals={'binary_file': '<testcase.BinaryCapture object at 0x7b73a1e9ecf0>', 'color': 'False', 'err': 'False', 'file': '<testcase.BinaryCapture object at 0x7b73a1e9ecf0>', 'message': "b'\\xaf\\xa7\\x9e\\xa3\\x9d\\xa2\\xaa\\x9f\\x9c\\x9c\\x9c\\x9c\\x9c\\x9c\\x9c'", 'nl': 'True', 'out': "b'\\xaf\\xa7\\x9e\\xa3\\x9d\\xa2\\xaa\\x9f\\x9c\\x9c\\x9c\\x9c\\x9c\\x9c\\x9c\\n'"}
2026-08-23 01:28:28.619 /testbed/src/click/utils.py:252 click.utils.echo event=call locals={'color': 'None', 'err': 'False', 'file': '<testcase.TextCapture object at 0x7b73a1ea8f70>', 'message': "'yhjkeplecccccccyhjkeplecccccccyhjkeplecccccccyhjkepleccccccc'", 'nl': 'True'}
2026-08-23 01:28:28.619 /testbed/src/click/utils.py:299 click.utils.echo event=line locals={}
2026-08-23 01:28:28.619 /testbed/src/click/utils.py:310 click.utils.echo event=line locals={}
2026-08-23 01:28:28.619 /testbed/src/click/utils.py:311 click.utils.echo event=line locals={}
2026-08-23 01:28:28.619 /testbed/src/click/utils.py:312 click.utils.echo event=line locals={}
2026-08-23 01:28:28.619 /testbed/src/click/utils.py:318 click.utils.echo event=line locals={'out': "'yhjkeplecccccccyhjkeplecccccccyhjkeplecccccccyhjkepleccccccc'"}
2026-08-23 01:28:28.619 /testbed/src/click/utils.py:319 click.utils.echo event=line locals={}
2026-08-23 01:28:28.619 /testbed/src/click/utils.py:320 click.utils.echo event=line locals={}
2026-08-23 01:28:28.619 /testbed/src/click/utils.py:324 click.utils.echo event=line locals={'out': "'yhjkeplecccccccyhjkeplecccccccyhjkeplecccccccyhjkepleccccccc\\n'"}
2026-08-23 01:28:28.619 /testbed/src/click/utils.py:332 click.utils.echo event=line locals={}
2026-08-23 01:28:28.619 /testbed/src/click/utils.py:342 click.utils.echo event=line locals={}
2026-08-23 01:28:28.619 /testbed/src/click/utils.py:343 click.utils.echo event=line locals={}
2026-08-23 01:28:28.619 /testbed/src/click/utils.py:345 click.utils.echo event=line locals={}
2026-08-23 01:28:28.619 /testbed/src/click/utils.py:346 click.utils.echo event=line locals={}
2026-08-23 01:28:28.619 /testbed/src/click/utils.py:346 click.utils.echo event=return retval=None locals={'color': 'None', 'err': 'False', 'file': '<testcase.TextCapture object at 0x7b73a1ea8f70>', 'message': "'yhjkeplecccccccyhjkeplecccccccyhjkeplecccccccyhjkepleccccccc'", 'nl': 'True', 'out': "'yhjkeplecccccccyhjkeplecccccccyhjkeplecccccccyhjkepleccccccc\\n'"}
2026-08-23 01:28:28.620 /testbed/src/click/utils.py:252 click.utils.echo event=call locals={'color': 'None', 'err': 'False', 'file': '<testcase.TextCapture object at 0x7b73a1ea9000>', 'message': "'ziklsnfddddddddziklsnfdddddddd'", 'nl': 'True'}
2026-08-23 01:28:28.620 /testbed/src/click/utils.py:299 click.utils.echo event=line locals={}
2026-08-23 01:28:28.620 /testbed/src/click/utils.py:310 click.utils.echo event=line locals={}
2026-08-23 01:28:28.620 /testbed/src/click/utils.py:311 click.utils.echo event=line locals={}
2026-08-23 01:28:28.620 /testbed/src/click/utils.py:312 click.utils.echo event=line locals={}
2026-08-23 01:28:28.620 /testbed/src/click/utils.py:318 click.utils.echo event=line locals={'out': "'ziklsnfddddddddziklsnfdddddddd'"}
2026-08-23 01:28:28.620 /testbed/src/click/utils.py:319 click.utils.echo event=line locals={}
2026-08-23 01:28:28.620 /testbed/src/click/utils.py:320 click.utils.echo event=line locals={}
2026-08-23 01:28:28.620 /testbed/src/click/utils.py:324 click.utils.echo event=line locals={'out': "'ziklsnfddddddddziklsnfdddddddd\\n'"}
2026-08-23 01:28:28.620 /testbed/src/click/utils.py:332 click.utils.echo event=line locals={}
2026-08-23 01:28:28.620 /testbed/src/click/utils.py:342 click.utils.echo event=line locals={}
2026-08-23 01:28:28.620 /testbed/src/click/utils.py:343 click.utils.echo event=line locals={}
2026-08-23 01:28:28.620 /testbed/src/click/utils.py:345 click.utils.echo event=line locals={}
2026-08-23 01:28:28.620 /testbed/src/click/utils.py:346 click.utils.echo event=line locals={}
2026-08-23 01:28:28.620 /testbed/src/click/utils.py:346 click.utils.echo event=return retval=None locals={'color': 'None', 'err': 'False', 'file': '<testcase.TextCapture object at 0x7b73a1ea9000>', 'message': "'ziklsnfddddddddziklsnfdddddddd'", 'nl': 'True', 'out': "'ziklsnfddddddddziklsnfdddddddd\\n'"}
2026-08-23 01:28:28.620 /testbed/src/click/utils.py:252 click.utils.echo event=call locals={'color': 'None', 'err': 'False', 'file': '<testcase.TextCapture object at 0x7b73a1ea9090>', 'message': '<testcase.Renderable object at 0x7b73a1ea3c50>', 'nl': 'True'}
2026-08-23 01:28:28.620 /testbed/src/click/utils.py:299 click.utils.echo event=line locals={}
2026-08-23 01:28:28.620 /testbed/src/click/utils.py:310 click.utils.echo event=line locals={}
2026-08-23 01:28:28.620 /testbed/src/click/utils.py:311 click.utils.echo event=line locals={}
2026-08-23 01:28:28.620 /testbed/src/click/utils.py:313 click.utils.echo event=line locals={}
2026-08-23 01:28:28.620 /testbed/src/click/utils.py:315 click.utils.echo event=line locals={}
2026-08-23 01:28:28.620 /testbed/src/click/utils.py:316 click.utils.echo event=line locals={}
2026-08-23 01:28:28.620 /testbed/src/click/utils.py:318 click.utils.echo event=line locals={'out': "'\\x1b[35meeeeeeehqcznotn\\x1b[0m'"}
2026-08-23 01:28:28.620 /testbed/src/click/utils.py:319 click.utils.echo event=line locals={}
2026-08-23 01:28:28.620 /testbed/src/click/utils.py:320 click.utils.echo event=line locals={}
2026-08-23 01:28:28.620 /testbed/src/click/utils.py:324 click.utils.echo event=line locals={'out': "'\\x1b[35meeeeeeehqcznotn\\x1b[0m\\n'"}
2026-08-23 01:28:28.620 /testbed/src/click/utils.py:332 click.utils.echo event=line locals={}
2026-08-23 01:28:28.620 /testbed/src/click/utils.py:342 click.utils.echo event=line locals={}
2026-08-23 01:28:28.620 /testbed/src/click/utils.py:343 click.utils.echo event=line locals={}
2026-08-23 01:28:28.620 /testbed/src/click/utils.py:345 click.utils.echo event=line locals={'out': "'eeeeeeehqcznotn\\n'"}
2026-08-23 01:28:28.620 /testbed/src/click/utils.py:346 click.utils.echo event=line locals={}
2026-08-23 01:28:28.620 /testbed/src/click/utils.py:346 click.utils.echo event=return retval=None locals={'color': 'None', 'err': 'False', 'file': '<testcase.TextCapture object at 0x7b73a1ea9090>', 'message': '<testcase.Renderable object at 0x7b73a1ea3c50>', 'nl': 'True', 'out': "'eeeeeeehqcznotn\\n'"}
2026-08-23 01:28:28.620 /testbed/src/click/utils.py:252 click.utils.echo event=call locals={'color': 'True', 'err': 'False', 'file': '<testcase.TextCapture object at 0x7b73a1ea9120>', 'message': 'None', 'nl': 'False'}
2026-08-23 01:28:28.620 /testbed/src/click/utils.py:299 click.utils.echo event=line locals={}
2026-08-23 01:28:28.620 /testbed/src/click/utils.py:310 click.utils.echo event=line locals={}
2026-08-23 01:28:28.620 /testbed/src/click/utils.py:311 click.utils.echo event=line locals={}
2026-08-23 01:28:28.620 /testbed/src/click/utils.py:313 click.utils.echo event=line locals={}
2026-08-23 01:28:28.620 /testbed/src/click/utils.py:314 click.utils.echo event=line locals={}
2026-08-23 01:28:28.620 /testbed/src/click/utils.py:318 click.utils.echo event=line locals={'out': "''"}
2026-08-23 01:28:28.620 /testbed/src/click/utils.py:324 click.utils.echo event=line locals={}
2026-08-23 01:28:28.620 /testbed/src/click/utils.py:325 click.utils.echo event=line locals={}
2026-08-23 01:28:28.620 /testbed/src/click/utils.py:326 click.utils.echo event=line locals={}
2026-08-23 01:28:28.620 /testbed/src/click/utils.py:326 click.utils.echo event=return retval=None locals={'color': 'True', 'err': 'False', 'file': '<testcase.TextCapture object at 0x7b73a1ea9120>', 'message': 'None', 'nl': 'False', 'out': "''"}
2026-08-23 01:28:28.620 /testbed/src/click/utils.py:252 click.utils.echo event=call locals={'color': 'False', 'err': 'False', 'file': '<testcase.TextCapture object at 0x7b73a1ea91b0>', 'message': "'\\x1b[31mjnbesjtjggggggg\\x1b[0m'", 'nl': 'True'}
2026-08-23 01:28:28.620 /testbed/src/click/utils.py:299 click.utils.echo event=line locals={}
2026-08-23 01:28:28.620 /testbed/src/click/utils.py:310 click.utils.echo event=line locals={}
2026-08-23 01:28:28.620 /testbed/src/click/utils.py:311 click.utils.echo event=line locals={}
2026-08-23 01:28:28.620 /testbed/src/click/utils.py:312 click.utils.echo event=line locals={}
2026-08-23 01:28:28.620 /testbed/src/click/utils.py:318 click.utils.echo event=line locals={'out': "'\\x1b[31mjnbesjtjggggggg\\x1b[0m'"}
2026-08-23 01:28:28.620 /testbed/src/click/utils.py:319 click.utils.echo event=line locals={}
2026-08-23 01:28:28.620 /testbed/src/click/utils.py:320 click.utils.echo event=line locals={}
2026-08-23 01:28:28.620 /testbed/src/click/utils.py:324 click.utils.echo event=line locals={'out': "'\\x1b[31mjnbesjtjggggggg\\x1b[0m\\n'"}
2026-08-23 01:28:28.620 /testbed/src/click/utils.py:332 click.utils.echo event=line locals={}
2026-08-23 01:28:28.620 /testbed/src/click/utils.py:342 click.utils.echo event=line locals={}
2026-08-23 01:28:28.620 /testbed/src/click/utils.py:343 click.utils.echo event=line locals={}
2026-08-23 01:28:28.620 /testbed/src/click/utils.py:345 click.utils.echo event=line locals={'out': "'jnbesjtjggggggg\\n'"}
2026-08-23 01:28:28.621 /testbed/src/click/utils.py:346 click.utils.echo event=line locals={}
2026-08-23 01:28:28.621 /testbed/src/click/utils.py:346 click.utils.echo event=return retval=None locals={'color': 'False', 'err': 'False', 'file': '<testcase.TextCapture object at 0x7b73a1ea91b0>', 'message': "'\\x1b[31mjnbesjtjggggggg\\x1b[0m'", 'nl': 'True', 'out': "'jnbesjtjggggggg\\n'"}
2026-08-23 01:28:28.621 /testbed/src/click/utils.py:252 click.utils.echo event=call locals={'color': 'False', 'err': 'False', 'file': '<testcase.BinaryCapture object at 0x7b73a1e9ee30>', 'message': "bytearray(b'\\xf2\\xee\\xfc\\xf0\\xed\\xfc\\xf9\\xe2\\xe0\\xe0\\xe0\\xe0\\xe0\\xe0\\xe0')", 'nl': 'False'}
2026-08-23 01:28:28.621 /testbed/src/click/utils.py:299 click.utils.echo event=line locals={}
2026-08-23 01:28:28.621 /testbed/src/click/utils.py:310 click.utils.echo event=line locals={}
2026-08-23 01:28:28.621 /testbed/src/click/utils.py:311 click.utils.echo event=line locals={}
2026-08-23 01:28:28.621 /testbed/src/click/utils.py:312 click.utils.echo event=line locals={}
2026-08-23 01:28:28.621 /testbed/src/click/utils.py:318 click.utils.echo event=line locals={'out': "bytearray(b'\\xf2\\xee\\xfc\\xf0\\xed\\xfc\\xf9\\xe2\\xe0\\xe0\\xe0\\xe0\\xe0\\xe0\\xe0')"}
2026-08-23 01:28:28.621 /testbed/src/click/utils.py:324 click.utils.echo event=line locals={}
2026-08-23 01:28:28.621 /testbed/src/click/utils.py:332 click.utils.echo event=line locals={}
2026-08-23 01:28:28.621 /testbed/src/click/utils.py:333 click.utils.echo event=line locals={}
2026-08-23 01:28:28.621 /testbed/src/click/utils.py:334 click.utils.echo event=line locals={'binary_file': '<testcase.BinaryCapture object at 0x7b73a1e9ee30>'}
2026-08-23 01:28:28.621 /testbed/src/click/utils.py:335 click.utils.echo event=line locals={}
2026-08-23 01:28:28.621 /testbed/src/click/utils.py:336 click.utils.echo event=line locals={}
2026-08-23 01:28:28.621 /testbed/src/click/utils.py:337 click.utils.echo event=line locals={}
2026-08-23 01:28:28.621 /testbed/src/click/utils.py:338 click.utils.echo event=line locals={}
2026-08-23 01:28:28.621 /testbed/src/click/utils.py:338 click.utils.echo event=return retval=None locals={'binary_file': '<testcase.BinaryCapture object at 0x7b73a1e9ee30>', 'color': 'False', 'err': 'False', 'file': '<testcase.BinaryCapture object at 0x7b73a1e9ee30>', 'message': "bytearray(b'\\xf2\\xee\\xfc\\xf0\\xed\\xfc\\xf9\\xe2\\xe0\\xe0\\xe0\\xe0\\xe0\\xe0\\xe0')", 'nl': 'False', 'out': "bytearray(b'\\xf2\\xee\\xfc\\xf0\\xed\\xfc\\xf9\\xe2\\xe0\\xe0\\xe0\\xe0\\xe0\\xe0\\xe0')"}
2026-08-23 01:28:28.621 /testbed/src/click/utils.py:252 click.utils.echo event=call locals={'color': 'True', 'err': 'False', 'file': '<testcase.TextCapture object at 0x7b73a1ea9240>', 'message': 'None', 'nl': 'False'}
2026-08-23 01:28:28.621 /testbed/src/click/utils.py:299 click.utils.echo event=line locals={}
2026-08-23 01:28:28.621 /testbed/src/click/utils.py:310 click.utils.echo event=line locals={}
2026-08-23 01:28:28.621 /testbed/src/click/utils.py:311 click.utils.echo event=line locals={}
2026-08-23 01:28:28.621 /testbed/src/click/utils.py:313 click.utils.echo event=line locals={}
2026-08-23 01:28:28.621 /testbed/src/click/utils.py:314 click.utils.echo event=line locals={}
2026-08-23 01:28:28.621 /testbed/src/click/utils.py:318 click.utils.echo event=line locals={'out': "''"}
2026-08-23 01:28:28.621 /testbed/src/click/utils.py:324 click.utils.echo event=line locals={}
2026-08-23 01:28:28.621 /testbed/src/click/utils.py:325 click.utils.echo event=line locals={}
2026-08-23 01:28:28.621 /testbed/src/click/utils.py:326 click.utils.echo event=line locals={}
2026-08-23 01:28:28.621 /testbed/src/click/utils.py:326 click.utils.echo event=return retval=None locals={'color': 'True', 'err': 'False', 'file': '<testcase.TextCapture object at 0x7b73a1ea9240>', 'message': 'None', 'nl': 'False', 'out': "''"}
2026-08-23 01:28:28.621 /testbed/src/click/utils.py:252 click.utils.echo event=call locals={'color': 'False', 'err': 'False', 'file': '<testcase.TextCapture object at 0x7b73a1ea92d0>', 'message': "'\\x1b[31matsytymjjjjjjjj\\x1b[0m'", 'nl': 'False'}
2026-08-23 01:28:28.621 /testbed/src/click/utils.py:299 click.utils.echo event=line locals={}
2026-08-23 01:28:28.621 /testbed/src/click/utils.py:310 click.utils.echo event=line locals={}
2026-08-23 01:28:28.621 /testbed/src/click/utils.py:311 click.utils.echo event=line locals={}
2026-08-23 01:28:28.621 /testbed/src/click/utils.py:312 click.utils.echo event=line locals={}
2026-08-23 01:28:28.621 /testbed/src/click/utils.py:318 click.utils.echo event=line locals={'out': "'\\x1b[31matsytymjjjjjjjj\\x1b[0m'"}
2026-08-23 01:28:28.621 /testbed/src/click/utils.py:324 click.utils.echo event=line locals={}
2026-08-23 01:28:28.621 /testbed/src/click/utils.py:332 click.utils.echo event=line locals={}
2026-08-23 01:28:28.621 /testbed/src/click/utils.py:342 click.utils.echo event=line locals={}
2026-08-23 01:28:28.621 /testbed/src/click/utils.py:343 click.utils.echo event=line locals={}
2026-08-23 01:28:28.621 /testbed/src/click/utils.py:345 click.utils.echo event=line locals={'out': "'atsytymjjjjjjjj'"}
2026-08-23 01:28:28.621 /testbed/src/click/utils.py:346 click.utils.echo event=line locals={}
2026-08-23 01:28:28.621 /testbed/src/click/utils.py:346 click.utils.echo event=return retval=None locals={'color': 'False', 'err': 'False', 'file': '<testcase.TextCapture object at 0x7b73a1ea92d0>', 'message': "'\\x1b[31matsytymjjjjjjjj\\x1b[0m'", 'nl': 'False', 'out': "'atsytymjjjjjjjj'"}
2026-08-23 01:28:28.621 /testbed/src/click/utils.py:252 click.utils.echo event=call locals={'color': 'True', 'err': 'False', 'file': '<testcase.BinaryCapture object at 0x7b73a1e9ec50>', 'message': "b'\\xba\\xb7\\xbd\\xb8\\xb0\\xc2\\xc6\\xba\\xb7\\xb7\\xb7\\xb7\\xb7\\xb7\\xb7'", 'nl': 'False'}
2026-08-23 01:28:28.622 /testbed/src/click/utils.py:299 click.utils.echo event=line locals={}
2026-08-23 01:28:28.622 /testbed/src/click/utils.py:310 click.utils.echo event=line locals={}
2026-08-23 01:28:28.622 /testbed/src/click/utils.py:311 click.utils.echo event=line locals={}
2026-08-23 01:28:28.622 /testbed/src/click/utils.py:312 click.utils.echo event=line locals={}
2026-08-23 01:28:28.622 /testbed/src/click/utils.py:318 click.utils.echo event=line locals={'out': "b'\\xba\\xb7\\xbd\\xb8\\xb0\\xc2\\xc6\\xba\\xb7\\xb7\\xb7\\xb7\\xb7\\xb7\\xb7'"}
2026-08-23 01:28:28.622 /testbed/src/click/utils.py:324 click.utils.echo event=line locals={}
2026-08-23 01:28:28.622 /testbed/src/click/utils.py:332 click.utils.echo event=line locals={}
2026-08-23 01:28:28.622 /testbed/src/click/utils.py:333 click.utils.echo event=line locals={}
2026-08-23 01:28:28.622 /testbed/src/click/utils.py:334 click.utils.echo event=line locals={'binary_file': '<testcase.BinaryCapture object at 0x7b73a1e9ec50>'}
2026-08-23 01:28:28.622 /testbed/src/click/utils.py:335 click.utils.echo event=line locals={}
2026-08-23 01:28:28.622 /testbed/src/click/utils.py:336 click.utils.echo event=line locals={}
2026-08-23 01:28:28.622 /testbed/src/click/utils.py:337 click.utils.echo event=line locals={}
2026-08-23 01:28:28.622 /testbed/src/click/utils.py:338 click.utils.echo event=line locals={}
2026-08-23 01:28:28.622 /testbed/src/click/utils.py:338 click.utils.echo event=return retval=None locals={'binary_file': '<testcase.BinaryCapture object at 0x7b73a1e9ec50>', 'color': 'True', 'err': 'False', 'file': '<testcase.BinaryCapture object at 0x7b73a1e9ec50>', 'message': "b'\\xba\\xb7\\xbd\\xb8\\xb0\\xc2\\xc6\\xba\\xb7\\xb7\\xb7\\xb7\\xb7\\xb7\\xb7'", 'nl': 'False', 'out': "b'\\xba\\xb7\\xbd\\xb8\\xb0\\xc2\\xc6\\xba\\xb7\\xb7\\xb7\\xb7\\xb7\\xb7\\xb7'"}
2026-08-23 01:28:28.622 /testbed/src/click/utils.py:252 click.utils.echo event=call locals={'color': 'True', 'err': 'False', 'file': '<testcase.TextCapture object at 0x7b73a1ea9360>', 'message': '<testcase.Renderable object at 0x7b73a1ea3f50>', 'nl': 'False'}
2026-08-23 01:28:28.622 /testbed/src/click/utils.py:299 click.utils.echo event=line locals={}
2026-08-23 01:28:28.622 /testbed/src/click/utils.py:310 click.utils.echo event=line locals={}
2026-08-23 01:28:28.622 /testbed/src/click/utils.py:311 click.utils.echo event=line locals={}
2026-08-23 01:28:28.622 /testbed/src/click/utils.py:313 click.utils.echo event=line locals={}
2026-08-23 01:28:28.622 /testbed/src/click/utils.py:315 click.utils.echo event=line locals={}
2026-08-23 01:28:28.622 /testbed/src/click/utils.py:316 click.utils.echo event=line locals={}
2026-08-23 01:28:28.622 /testbed/src/click/utils.py:318 click.utils.echo event=line locals={'out': "'\\x1b[35mlllllllnuylmqfo\\x1b[0m'"}
2026-08-23 01:28:28.622 /testbed/src/click/utils.py:324 click.utils.echo event=line locals={}
2026-08-23 01:28:28.622 /testbed/src/click/utils.py:332 click.utils.echo event=line locals={}
2026-08-23 01:28:28.622 /testbed/src/click/utils.py:342 click.utils.echo event=line locals={}
2026-08-23 01:28:28.622 /testbed/src/click/utils.py:345 click.utils.echo event=line locals={}
2026-08-23 01:28:28.622 /testbed/src/click/utils.py:346 click.utils.echo event=line locals={}
2026-08-23 01:28:28.622 /testbed/src/click/utils.py:346 click.utils.echo event=return retval=None locals={'color': 'True', 'err': 'False', 'file': '<testcase.TextCapture object at 0x7b73a1ea9360>', 'message': '<testcase.Renderable object at 0x7b73a1ea3f50>', 'nl': 'False', 'out': "'\\x1b[35mlllllllnuylmqfo\\x1b[0m'"}
2026-08-23 01:28:28.622 /testbed/src/click/utils.py:252 click.utils.echo event=call locals={'color': 'False', 'err': 'False', 'file': '<testcase.BinaryCapture object at 0x7b73a1e9ebb0>', 'message': "b'\\xca\\xb9\\xbc\\xb6\\xb4\\xc7\\xc6\\xbf\\xbd\\xbd\\xbd\\xbd\\xbd\\xbd\\xbd'", 'nl': 'False'}
2026-08-23 01:28:28.622 /testbed/src/click/utils.py:299 click.utils.echo event=line locals={}
2026-08-23 01:28:28.622 /testbed/src/click/utils.py:310 click.utils.echo event=line locals={}
2026-08-23 01:28:28.622 /testbed/src/click/utils.py:311 click.utils.echo event=line locals={}
2026-08-23 01:28:28.622 /testbed/src/click/utils.py:312 click.utils.echo event=line locals={}
2026-08-23 01:28:28.622 /testbed/src/click/utils.py:318 click.utils.echo event=line locals={'out': "b'\\xca\\xb9\\xbc\\xb6\\xb4\\xc7\\xc6\\xbf\\xbd\\xbd\\xbd\\xbd\\xbd\\xbd\\xbd'"}
2026-08-23 01:28:28.622 /testbed/src/click/utils.py:324 click.utils.echo event=line locals={}
2026-08-23 01:28:28.622 /testbed/src/click/utils.py:332 click.utils.echo event=line locals={}
2026-08-23 01:28:28.622 /testbed/src/click/utils.py:333 click.utils.echo event=line locals={}
2026-08-23 01:28:28.622 /testbed/src/click/utils.py:334 click.utils.echo event=line locals={'binary_file': '<testcase.BinaryCapture object at 0x7b73a1e9ebb0>'}
2026-08-23 01:28:28.622 /testbed/src/click/utils.py:335 click.utils.echo event=line locals={}
2026-08-23 01:28:28.622 /testbed/src/click/utils.py:336 click.utils.echo event=line locals={}
2026-08-23 01:28:28.622 /testbed/src/click/utils.py:337 click.utils.echo event=line locals={}
2026-08-23 01:28:28.622 /testbed/src/click/utils.py:338 click.utils.echo event=line locals={}
2026-08-23 01:28:28.622 /testbed/src/click/utils.py:338 click.utils.echo event=return retval=None locals={'binary_file': '<testcase.BinaryCapture object at 0x7b73a1e9ebb0>', 'color': 'False', 'err': 'False', 'file': '<testcase.BinaryCapture object at 0x7b73a1e9ebb0>', 'message': "b'\\xca\\xb9\\xbc\\xb6\\xb4\\xc7\\xc6\\xbf\\xbd\\xbd\\xbd\\xbd\\xbd\\xbd\\xbd'", 'nl': 'False', 'out': "b'\\xca\\xb9\\xbc\\xb6\\xb4\\xc7\\xc6\\xbf\\xbd\\xbd\\xbd\\xbd\\xbd\\xbd\\xbd'"}
2026-08-23 01:28:28.622 /testbed/src/click/utils.py:252 click.utils.echo event=call locals={'color': 'True', 'err': 'False', 'file': '<testcase.TextCapture object at 0x7b73a1ea93f0>', 'message': 'None', 'nl': 'False'}
2026-08-23 01:28:28.622 /testbed/src/click/utils.py:299 click.utils.echo event=line locals={}
2026-08-23 01:28:28.622 /testbed/src/click/utils.py:310 click.utils.echo event=line locals={}
2026-08-23 01:28:28.622 /testbed/src/click/utils.py:311 click.utils.echo event=line locals={}
2026-08-23 01:28:28.622 /testbed/src/click/utils.py:313 click.utils.echo event=line locals={}
2026-08-23 01:28:28.622 /testbed/src/click/utils.py:314 click.utils.echo event=line locals={}
2026-08-23 01:28:28.622 /testbed/src/click/utils.py:318 click.utils.echo event=line locals={'out': "''"}
2026-08-23 01:28:28.622 /testbed/src/click/utils.py:324 click.utils.echo event=line locals={}
2026-08-23 01:28:28.622 /testbed/src/click/utils.py:325 click.utils.echo event=line locals={}
2026-08-23 01:28:28.622 /testbed/src/click/utils.py:326 click.utils.echo event=line locals={}
2026-08-23 01:28:28.622 /testbed/src/click/utils.py:326 click.utils.echo event=return retval=None locals={'color': 'True', 'err': 'False', 'file': '<testcase.TextCapture object at 0x7b73a1ea93f0>', 'message': 'None', 'nl': 'False', 'out': "''"}
2026-08-23 01:28:28.623 /testbed/src/click/utils.py:252 click.utils.echo event=call locals={'color': 'True', 'err': 'False', 'file': '<testcase.TextCapture object at 0x7b73a1ea9480>', 'message': 'None', 'nl': 'False'}
2026-08-23 01:28:28.623 /testbed/src/click/utils.py:299 click.utils.echo event=line locals={}
2026-08-23 01:28:28.623 /testbed/src/click/utils.py:310 click.utils.echo event=line locals={}
2026-08-23 01:28:28.623 /testbed/src/click/utils.py:311 click.utils.echo event=line locals={}
2026-08-23 01:28:28.623 /testbed/src/click/utils.py:313 click.utils.echo event=line locals={}
2026-08-23 01:28:28.623 /testbed/src/click/utils.py:314 click.utils.echo event=line locals={}
2026-08-23 01:28:28.623 /testbed/src/click/utils.py:318 click.utils.echo event=line locals={'out': "''"}
2026-08-23 01:28:28.623 /testbed/src/click/utils.py:324 click.utils.echo event=line locals={}
2026-08-23 01:28:28.623 /testbed/src/click/utils.py:325 click.utils.echo event=line locals={}
2026-08-23 01:28:28.623 /testbed/src/click/utils.py:326 click.utils.echo event=line locals={}
2026-08-23 01:28:28.623 /testbed/src/click/utils.py:326 click.utils.echo event=return retval=None locals={'color': 'True', 'err': 'False', 'file': '<testcase.TextCapture object at 0x7b73a1ea9480>', 'message': 'None', 'nl': 'False', 'out': "''"}
2026-08-23 01:28:28.623 /testbed/src/click/utils.py:252 click.utils.echo event=call locals={'color': 'True', 'err': 'False', 'file': '<testcase.BinaryCapture object at 0x7b73a1e9ee80>', 'message': "bytearray(b'VE@LHT\\\\^^^^^^^^')", 'nl': 'True'}
2026-08-23 01:28:28.623 /testbed/src/click/utils.py:299 click.utils.echo event=line locals={}
2026-08-23 01:28:28.623 /testbed/src/click/utils.py:310 click.utils.echo event=line locals={}
2026-08-23 01:28:28.623 /testbed/src/click/utils.py:311 click.utils.echo event=line locals={}
2026-08-23 01:28:28.623 /testbed/src/click/utils.py:312 click.utils.echo event=line locals={}
2026-08-23 01:28:28.623 /testbed/src/click/utils.py:318 click.utils.echo event=line locals={'out': "bytearray(b'VE@LHT\\\\^^^^^^^^')"}
2026-08-23 01:28:28.623 /testbed/src/click/utils.py:319 click.utils.echo event=line locals={}
2026-08-23 01:28:28.623 /testbed/src/click/utils.py:322 click.utils.echo event=line locals={}
2026-08-23 01:28:28.623 /testbed/src/click/utils.py:324 click.utils.echo event=line locals={'message': "bytearray(b'VE@LHT\\\\^^^^^^^^\\n')", 'out': "bytearray(b'VE@LHT\\\\^^^^^^^^\\n')"}
2026-08-23 01:28:28.623 /testbed/src/click/utils.py:332 click.utils.echo event=line locals={}
2026-08-23 01:28:28.623 /testbed/src/click/utils.py:333 click.utils.echo event=line locals={}
2026-08-23 01:28:28.623 /testbed/src/click/utils.py:334 click.utils.echo event=line locals={'binary_file': '<testcase.BinaryCapture object at 0x7b73a1e9ee80>'}
2026-08-23 01:28:28.623 /testbed/src/click/utils.py:335 click.utils.echo event=line locals={}
2026-08-23 01:28:28.623 /testbed/src/click/utils.py:336 click.utils.echo event=line locals={}
2026-08-23 01:28:28.623 /testbed/src/click/utils.py:337 click.utils.echo event=line locals={}
2026-08-23 01:28:28.623 /testbed/src/click/utils.py:338 click.utils.echo event=line locals={}
2026-08-23 01:28:28.623 /testbed/src/click/utils.py:338 click.utils.echo event=return retval=None locals={'binary_file': '<testcase.BinaryCapture object at 0x7b73a1e9ee80>', 'color': 'True', 'err': 'False', 'file': '<testcase.BinaryCapture object at 0x7b73a1e9ee80>', 'message': "bytearray(b'VE@LHT\\\\^^^^^^^^\\n')", 'nl': 'True', 'out': "bytearray(b'VE@LHT\\\\^^^^^^^^\\n')"}
2026-08-23 01:28:28.623 /testbed/src/click/utils.py:252 click.utils.echo event=call locals={'color': 'None', 'err': 'False', 'file': '<testcase.BinaryCapture object at 0x7b73a1e9ef70>', 'message': "b'\\xc2\\xba\\xd2\\xbe\\xb9\\xc5\\xbb\\xcc\\xc9\\xc9\\xc9\\xc9\\xc9\\xc9\\xc9'", 'nl': 'True'}
2026-08-23 01:28:28.623 /testbed/src/click/utils.py:299 click.utils.echo event=line locals={}
2026-08-23 01:28:28.623 /testbed/src/click/utils.py:310 click.utils.echo event=line locals={}
2026-08-23 01:28:28.623 /testbed/src/click/utils.py:311 click.utils.echo event=line locals={}
2026-08-23 01:28:28.623 /testbed/src/click/utils.py:312 click.utils.echo event=line locals={}
2026-08-23 01:28:28.623 /testbed/src/click/utils.py:318 click.utils.echo event=line locals={'out': "b'\\xc2\\xba\\xd2\\xbe\\xb9\\xc5\\xbb\\xcc\\xc9\\xc9\\xc9\\xc9\\xc9\\xc9\\xc9'"}
2026-08-23 01:28:28.623 /testbed/src/click/utils.py:319 click.utils.echo event=line locals={}
2026-08-23 01:28:28.623 /testbed/src/click/utils.py:322 click.utils.echo event=line locals={}
2026-08-23 01:28:28.623 /testbed/src/click/utils.py:324 click.utils.echo event=line locals={'out': "b'\\xc2\\xba\\xd2\\xbe\\xb9\\xc5\\xbb\\xcc\\xc9\\xc9\\xc9\\xc9\\xc9\\xc9\\xc9\\n'"}
2026-08-23 01:28:28.623 /testbed/src/click/utils.py:332 click.utils.echo event=line locals={}
2026-08-23 01:28:28.623 /testbed/src/click/utils.py:333 click.utils.echo event=line locals={}
2026-08-23 01:28:28.623 /testbed/src/click/utils.py:334 click.utils.echo event=line locals={'binary_file': '<testcase.BinaryCapture object at 0x7b73a1e9ef70>'}
2026-08-23 01:28:28.623 /testbed/src/click/utils.py:335 click.utils.echo event=line locals={}
2026-08-23 01:28:28.623 /testbed/src/click/utils.py:336 click.utils.echo event=line locals={}
2026-08-23 01:28:28.623 /testbed/src/click/utils.py:337 click.utils.echo event=line locals={}
2026-08-23 01:28:28.623 /testbed/src/click/utils.py:338 click.utils.echo event=line locals={}
2026-08-23 01:28:28.623 /testbed/src/click/utils.py:338 click.utils.echo event=return retval=None locals={'binary_file': '<testcase.BinaryCapture object at 0x7b73a1e9ef70>', 'color': 'None', 'err': 'False', 'file': '<testcase.BinaryCapture object at 0x7b73a1e9ef70>', 'message': "b'\\xc2\\xba\\xd2\\xbe\\xb9\\xc5\\xbb\\xcc\\xc9\\xc9\\xc9\\xc9\\xc9\\xc9\\xc9'", 'nl': 'True', 'out': "b'\\xc2\\xba\\xd2\\xbe\\xb9\\xc5\\xbb\\xcc\\xc9\\xc9\\xc9\\xc9\\xc9\\xc9\\xc9\\n'"}
2026-08-23 01:28:28.623 /testbed/src/click/utils.py:252 click.utils.echo event=call locals={'color': 'False', 'err': 'False', 'file': '<testcase.TextCapture object at 0x7b73a1ea9510>', 'message': "'\\x1b[31myfurxmwsrrrrrrr\\x1b[0m'", 'nl': 'False'}
2026-08-23 01:28:28.623 /testbed/src/click/utils.py:299 click.utils.echo event=line locals={}
2026-08-23 01:28:28.623 /testbed/src/click/utils.py:310 click.utils.echo event=line locals={}
2026-08-23 01:28:28.623 /testbed/src/click/utils.py:311 click.utils.echo event=line locals={}
2026-08-23 01:28:28.623 /testbed/src/click/utils.py:312 click.utils.echo event=line locals={}
2026-08-23 01:28:28.623 /testbed/src/click/utils.py:318 click.utils.echo event=line locals={'out': "'\\x1b[31myfurxmwsrrrrrrr\\x1b[0m'"}
2026-08-23 01:28:28.623 /testbed/src/click/utils.py:324 click.utils.echo event=line locals={}
2026-08-23 01:28:28.623 /testbed/src/click/utils.py:332 click.utils.echo event=line locals={}
2026-08-23 01:28:28.623 /testbed/src/click/utils.py:342 click.utils.echo event=line locals={}
2026-08-23 01:28:28.624 /testbed/src/click/utils.py:343 click.utils.echo event=line locals={}
2026-08-23 01:28:28.624 /testbed/src/click/utils.py:345 click.utils.echo event=line locals={'out': "'yfurxmwsrrrrrrr'"}
2026-08-23 01:28:28.624 /testbed/src/click/utils.py:346 click.utils.echo event=line locals={}
2026-08-23 01:28:28.624 /testbed/src/click/utils.py:346 click.utils.echo event=return retval=None locals={'color': 'False', 'err': 'False', 'file': '<testcase.TextCapture object at 0x7b73a1ea9510>', 'message': "'\\x1b[31myfurxmwsrrrrrrr\\x1b[0m'", 'nl': 'False', 'out': "'yfurxmwsrrrrrrr'"}
2026-08-23 01:28:28.624 /testbed/src/click/utils.py:252 click.utils.echo event=call locals={'color': 'True', 'err': 'False', 'file': '<testcase.TextCapture object at 0x7b73a1ea95a0>', 'message': 'None', 'nl': 'False'}
2026-08-23 01:28:28.624 /testbed/src/click/utils.py:299 click.utils.echo event=line locals={}
2026-08-23 01:28:28.624 /testbed/src/click/utils.py:310 click.utils.echo event=line locals={}
2026-08-23 01:28:28.624 /testbed/src/click/utils.py:311 click.utils.echo event=line locals={}
2026-08-23 01:28:28.624 /testbed/src/click/utils.py:313 click.utils.echo event=line locals={}
2026-08-23 01:28:28.624 /testbed/src/click/utils.py:314 click.utils.echo event=line locals={}
2026-08-23 01:28:28.624 /testbed/src/click/utils.py:318 click.utils.echo event=line locals={'out': "''"}
2026-08-23 01:28:28.624 /testbed/src/click/utils.py:324 click.utils.echo event=line locals={}
2026-08-23 01:28:28.624 /testbed/src/click/utils.py:325 click.utils.echo event=line locals={}
2026-08-23 01:28:28.624 /testbed/src/click/utils.py:326 click.utils.echo event=line locals={}
2026-08-23 01:28:28.624 /testbed/src/click/utils.py:326 click.utils.echo event=return retval=None locals={'color': 'True', 'err': 'False', 'file': '<testcase.TextCapture object at 0x7b73a1ea95a0>', 'message': 'None', 'nl': 'False', 'out': "''"}
2026-08-23 01:28:28.624 /testbed/src/click/utils.py:252 click.utils.echo event=call locals={'color': 'True', 'err': 'False', 'file': '<testcase.TextCapture object at 0x7b73a1ea9630>', 'message': '<testcase.Renderable object at 0x7b73a1eac450>', 'nl': 'True'}
2026-08-23 01:28:28.624 /testbed/src/click/utils.py:299 click.utils.echo event=line locals={}
2026-08-23 01:28:28.624 /testbed/src/click/utils.py:310 click.utils.echo event=line locals={}
2026-08-23 01:28:28.624 /testbed/src/click/utils.py:311 click.utils.echo event=line locals={}
2026-08-23 01:28:28.624 /testbed/src/click/utils.py:313 click.utils.echo event=line locals={}
2026-08-23 01:28:28.624 /testbed/src/click/utils.py:315 click.utils.echo event=line locals={}
2026-08-23 01:28:28.624 /testbed/src/click/utils.py:316 click.utils.echo event=line locals={}
2026-08-23 01:28:28.624 /testbed/src/click/utils.py:318 click.utils.echo event=line locals={'out': "'\\x1b[35mtttttttvemuaxms\\x1b[0m'"}
2026-08-23 01:28:28.624 /testbed/src/click/utils.py:319 click.utils.echo event=line locals={}
2026-08-23 01:28:28.624 /testbed/src/click/utils.py:320 click.utils.echo event=line locals={}
2026-08-23 01:28:28.624 /testbed/src/click/utils.py:324 click.utils.echo event=line locals={'out': "'\\x1b[35mtttttttvemuaxms\\x1b[0m\\n'"}
2026-08-23 01:28:28.624 /testbed/src/click/utils.py:332 click.utils.echo event=line locals={}
2026-08-23 01:28:28.624 /testbed/src/click/utils.py:342 click.utils.echo event=line locals={}
2026-08-23 01:28:28.624 /testbed/src/click/utils.py:345 click.utils.echo event=line locals={}
2026-08-23 01:28:28.624 /testbed/src/click/utils.py:346 click.utils.echo event=line locals={}
2026-08-23 01:28:28.624 /testbed/src/click/utils.py:346 click.utils.echo event=return retval=None locals={'color': 'True', 'err': 'False', 'file': '<testcase.TextCapture object at 0x7b73a1ea9630>', 'message': '<testcase.Renderable object at 0x7b73a1eac450>', 'nl': 'True', 'out': "'\\x1b[35mtttttttvemuaxms\\x1b[0m\\n'"}
2026-08-23 01:28:28.624 /testbed/src/click/utils.py:252 click.utils.echo event=call locals={'color': 'False', 'err': 'False', 'file': '<testcase.TextCapture object at 0x7b73a1ea96c0>', 'message': "'qttgqgdwuuuuuuu'", 'nl': 'True'}
2026-08-23 01:28:28.624 /testbed/src/click/utils.py:299 click.utils.echo event=line locals={}
2026-08-23 01:28:28.624 /testbed/src/click/utils.py:310 click.utils.echo event=line locals={}
2026-08-23 01:28:28.624 /testbed/src/click/utils.py:311 click.utils.echo event=line locals={}
2026-08-23 01:28:28.624 /testbed/src/click/utils.py:312 click.utils.echo event=line locals={}
2026-08-23 01:28:28.624 /testbed/src/click/utils.py:318 click.utils.echo event=line locals={'out': "'qttgqgdwuuuuuuu'"}
2026-08-23 01:28:28.624 /testbed/src/click/utils.py:319 click.utils.echo event=line locals={}
2026-08-23 01:28:28.624 /testbed/src/click/utils.py:320 click.utils.echo event=line locals={}
2026-08-23 01:28:28.624 /testbed/src/click/utils.py:324 click.utils.echo event=line locals={'out': "'qttgqgdwuuuuuuu\\n'"}
2026-08-23 01:28:28.624 /testbed/src/click/utils.py:332 click.utils.echo event=line locals={}
2026-08-23 01:28:28.624 /testbed/src/click/utils.py:342 click.utils.echo event=line locals={}
2026-08-23 01:28:28.624 /testbed/src/click/utils.py:343 click.utils.echo event=line locals={}
2026-08-23 01:28:28.624 /testbed/src/click/utils.py:345 click.utils.echo event=line locals={}
2026-08-23 01:28:28.624 /testbed/src/click/utils.py:346 click.utils.echo event=line locals={}
2026-08-23 01:28:28.624 /testbed/src/click/utils.py:346 click.utils.echo event=return retval=None locals={'color': 'False', 'err': 'False', 'file': '<testcase.TextCapture object at 0x7b73a1ea96c0>', 'message': "'qttgqgdwuuuuuuu'", 'nl': 'True', 'out': "'qttgqgdwuuuuuuu\\n'"}
2026-08-23 01:28:28.624 /testbed/src/click/utils.py:252 click.utils.echo event=call locals={'color': 'True', 'err': 'False', 'file': '<testcase.TextCapture object at 0x7b73a1ea9750>', 'message': '<testcase.Renderable object at 0x7b73a1eac5d0>', 'nl': 'True'}
2026-08-23 01:28:28.624 /testbed/src/click/utils.py:299 click.utils.echo event=line locals={}
2026-08-23 01:28:28.624 /testbed/src/click/utils.py:310 click.utils.echo event=line locals={}
2026-08-23 01:28:28.624 /testbed/src/click/utils.py:311 click.utils.echo event=line locals={}
2026-08-23 01:28:28.624 /testbed/src/click/utils.py:313 click.utils.echo event=line locals={}
2026-08-23 01:28:28.624 /testbed/src/click/utils.py:315 click.utils.echo event=line locals={}
2026-08-23 01:28:28.624 /testbed/src/click/utils.py:316 click.utils.echo event=line locals={}
2026-08-23 01:28:28.624 /testbed/src/click/utils.py:318 click.utils.echo event=line locals={'out': "'\\x1b[35mvvvvvvvyixeivwc\\x1b[0m'"}
2026-08-23 01:28:28.624 /testbed/src/click/utils.py:319 click.utils.echo event=line locals={}
2026-08-23 01:28:28.624 /testbed/src/click/utils.py:320 click.utils.echo event=line locals={}
2026-08-23 01:28:28.624 /testbed/src/click/utils.py:324 click.utils.echo event=line locals={'out': "'\\x1b[35mvvvvvvvyixeivwc\\x1b[0m\\n'"}
2026-08-23 01:28:28.624 /testbed/src/click/utils.py:332 click.utils.echo event=line locals={}
2026-08-23 01:28:28.624 /testbed/src/click/utils.py:342 click.utils.echo event=line locals={}
2026-08-23 01:28:28.624 /testbed/src/click/utils.py:345 click.utils.echo event=line locals={}
2026-08-23 01:28:28.625 /testbed/src/click/utils.py:346 click.utils.echo event=line locals={}
2026-08-23 01:28:28.625 /testbed/src/click/utils.py:346 click.utils.echo event=return retval=None locals={'color': 'True', 'err': 'False', 'file': '<testcase.TextCapture object at 0x7b73a1ea9750>', 'message': '<testcase.Renderable object at 0x7b73a1eac5d0>', 'nl': 'True', 'out': "'\\x1b[35mvvvvvvvyixeivwc\\x1b[0m\\n'"}
2026-08-23 01:28:28.625 /testbed/src/click/utils.py:252 click.utils.echo event=call locals={'color': 'False', 'err': 'False', 'file': '<testcase.BinaryCapture object at 0x7b73a1e9f150>', 'message': "b'\\xd4\\xcc\\xd0\\xd8\\xcd\\xd7\\xcd\\xde\\xdb\\xdb\\xdb\\xdb\\xdb\\xdb\\xdb'", 'nl': 'True'}
2026-08-23 01:28:28.625 /testbed/src/click/utils.py:299 click.utils.echo event=line locals={}
2026-08-23 01:28:28.625 /testbed/src/click/utils.py:310 click.utils.echo event=line locals={}
2026-08-23 01:28:28.625 /testbed/src/click/utils.py:311 click.utils.echo event=line locals={}
2026-08-23 01:28:28.625 /testbed/src/click/utils.py:312 click.utils.echo event=line locals={}
2026-08-23 01:28:28.625 /testbed/src/click/utils.py:318 click.utils.echo event=line locals={'out': "b'\\xd4\\xcc\\xd0\\xd8\\xcd\\xd7\\xcd\\xde\\xdb\\xdb\\xdb\\xdb\\xdb\\xdb\\xdb'"}
2026-08-23 01:28:28.625 /testbed/src/click/utils.py:319 click.utils.echo event=line locals={}
2026-08-23 01:28:28.625 /testbed/src/click/utils.py:322 click.utils.echo event=line locals={}
2026-08-23 01:28:28.625 /testbed/src/click/utils.py:324 click.utils.echo event=line locals={'out': "b'\\xd4\\xcc\\xd0\\xd8\\xcd\\xd7\\xcd\\xde\\xdb\\xdb\\xdb\\xdb\\xdb\\xdb\\xdb\\n'"}
2026-08-23 01:28:28.625 /testbed/src/click/utils.py:332 click.utils.echo event=line locals={}
2026-08-23 01:28:28.625 /testbed/src/click/utils.py:333 click.utils.echo event=line locals={}
2026-08-23 01:28:28.625 /testbed/src/click/utils.py:334 click.utils.echo event=line locals={'binary_file': '<testcase.BinaryCapture object at 0x7b73a1e9f150>'}
2026-08-23 01:28:28.625 /testbed/src/click/utils.py:335 click.utils.echo event=line locals={}
2026-08-23 01:28:28.625 /testbed/src/click/utils.py:336 click.utils.echo event=line locals={}
2026-08-23 01:28:28.625 /testbed/src/click/utils.py:337 click.utils.echo event=line locals={}
2026-08-23 01:28:28.625 /testbed/src/click/utils.py:338 click.utils.echo event=line locals={}
2026-08-23 01:28:28.625 /testbed/src/click/utils.py:338 click.utils.echo event=return retval=None locals={'binary_file': '<testcase.BinaryCapture object at 0x7b73a1e9f150>', 'color': 'False', 'err': 'False', 'file': '<testcase.BinaryCapture object at 0x7b73a1e9f150>', 'message': "b'\\xd4\\xcc\\xd0\\xd8\\xcd\\xd7\\xcd\\xde\\xdb\\xdb\\xdb\\xdb\\xdb\\xdb\\xdb'", 'nl': 'True', 'out': "b'\\xd4\\xcc\\xd0\\xd8\\xcd\\xd7\\xcd\\xde\\xdb\\xdb\\xdb\\xdb\\xdb\\xdb\\xdb\\n'"}
2026-08-23 01:28:28.625 /testbed/src/click/utils.py:252 click.utils.echo event=call locals={'color': 'None', 'err': 'False', 'file': '<testcase.TextCapture object at 0x7b73a1ea97e0>', 'message': "'\\x1b[31moujgfzkaxxxxxxx\\x1b[0m'", 'nl': 'True'}
2026-08-23 01:28:28.625 /testbed/src/click/utils.py:299 click.utils.echo event=line locals={}
2026-08-23 01:28:28.625 /testbed/src/click/utils.py:310 click.utils.echo event=line locals={}
2026-08-23 01:28:28.625 /testbed/src/click/utils.py:311 click.utils.echo event=line locals={}
2026-08-23 01:28:28.625 /testbed/src/click/utils.py:312 click.utils.echo event=line locals={}
2026-08-23 01:28:28.625 /testbed/src/click/utils.py:318 click.utils.echo event=line locals={'out': "'\\x1b[31moujgfzkaxxxxxxx\\x1b[0m'"}
2026-08-23 01:28:28.625 /testbed/src/click/utils.py:319 click.utils.echo event=line locals={}
2026-08-23 01:28:28.625 /testbed/src/click/utils.py:320 click.utils.echo event=line locals={}
2026-08-23 01:28:28.625 /testbed/src/click/utils.py:324 click.utils.echo event=line locals={'out': "'\\x1b[31moujgfzkaxxxxxxx\\x1b[0m\\n'"}
2026-08-23 01:28:28.625 /testbed/src/click/utils.py:332 click.utils.echo event=line locals={}
2026-08-23 01:28:28.625 /testbed/src/click/utils.py:342 click.utils.echo event=line locals={}
2026-08-23 01:28:28.625 /testbed/src/click/utils.py:343 click.utils.echo event=line locals={}
2026-08-23 01:28:28.625 /testbed/src/click/utils.py:345 click.utils.echo event=line locals={'out': "'oujgfzkaxxxxxxx\\n'"}
2026-08-23 01:28:28.625 /testbed/src/click/utils.py:346 click.utils.echo event=line locals={}
2026-08-23 01:28:28.625 /testbed/src/click/utils.py:346 click.utils.echo event=return retval=None locals={'color': 'None', 'err': 'False', 'file': '<testcase.TextCapture object at 0x7b73a1ea97e0>', 'message': "'\\x1b[31moujgfzkaxxxxxxx\\x1b[0m'", 'nl': 'True', 'out': "'oujgfzkaxxxxxxx\\n'"}
2026-08-23 01:28:28.625 /testbed/src/click/utils.py:252 click.utils.echo event=call locals={'color': 'True', 'err': 'False', 'file': '<testcase.TextCapture object at 0x7b73a1ea9870>', 'message': "'wxembyyyyyyyyyywxembyyyyyyyyyywxembyyyyyyyyyywxembyyyyyyyyyywxembyyyyyyyyyy'", 'nl': 'True'}
2026-08-23 01:28:28.625 /testbed/src/click/utils.py:299 click.utils.echo event=line locals={}
2026-08-23 01:28:28.625 /testbed/src/click/utils.py:310 click.utils.echo event=line locals={}
2026-08-23 01:28:28.625 /testbed/src/click/utils.py:311 click.utils.echo event=line locals={}
2026-08-23 01:28:28.625 /testbed/src/click/utils.py:312 click.utils.echo event=line locals={}
2026-08-23 01:28:28.625 /testbed/src/click/utils.py:318 click.utils.echo event=line locals={'out': "'wxembyyyyyyyyyywxembyyyyyyyyyywxembyyyyyyyyyywxembyyyyyyyyyywxembyyyyyyyyyy'"}
2026-08-23 01:28:28.625 /testbed/src/click/utils.py:319 click.utils.echo event=line locals={}
2026-08-23 01:28:28.625 /testbed/src/click/utils.py:320 click.utils.echo event=line locals={}
2026-08-23 01:28:28.625 /testbed/src/click/utils.py:324 click.utils.echo event=line locals={'out': "'wxembyyyyyyyyyywxembyyyyyyyyyywxembyyyyyyyyyywxembyyyyyyyyyywxembyyyyyyyyyy\\n'"}
2026-08-23 01:28:28.625 /testbed/src/click/utils.py:332 click.utils.echo event=line locals={}
2026-08-23 01:28:28.625 /testbed/src/click/utils.py:342 click.utils.echo event=line locals={}
2026-08-23 01:28:28.625 /testbed/src/click/utils.py:345 click.utils.echo event=line locals={}
2026-08-23 01:28:28.625 /testbed/src/click/utils.py:346 click.utils.echo event=line locals={}
2026-08-23 01:28:28.625 /testbed/src/click/utils.py:346 click.utils.echo event=return retval=None locals={'color': 'True', 'err': 'False', 'file': '<testcase.TextCapture object at 0x7b73a1ea9870>', 'message': "'wxembyyyyyyyyyywxembyyyyyyyyyywxembyyyyyyyyyywxembyyyyyyyyyywxembyyyyyyyyyy'", 'nl': 'True', 'out': "'wxembyyyyyyyyyywxembyyyyyyyyyywxembyyyyyyyyyywxembyyyyyyyyyywxembyyyyyyyyyy\\n'"}
2026-08-23 01:28:28.626 /testbed/src/click/utils.py:252 click.utils.echo event=call locals={'color': 'False', 'err': 'False', 'file': '<testcase.BinaryCapture object at 0x7b73a1e9f060>', 'message': "b'\\xdd\\xd5\\xd9\\xcd\\xde\\xdc\\xce\\xcb\\xe4\\xe4\\xe4\\xe4\\xe4\\xe4\\xe4'", 'nl': 'True'}
2026-08-23 01:28:28.626 /testbed/src/click/utils.py:299 click.utils.echo event=line locals={}
2026-08-23 01:28:28.626 /testbed/src/click/utils.py:310 click.utils.echo event=line locals={}
2026-08-23 01:28:28.626 /testbed/src/click/utils.py:311 click.utils.echo event=line locals={}
2026-08-23 01:28:28.626 /testbed/src/click/utils.py:312 click.utils.echo event=line locals={}
2026-08-23 01:28:28.626 /testbed/src/click/utils.py:318 click.utils.echo event=line locals={'out': "b'\\xdd\\xd5\\xd9\\xcd\\xde\\xdc\\xce\\xcb\\xe4\\xe4\\xe4\\xe4\\xe4\\xe4\\xe4'"}
2026-08-23 01:28:28.626 /testbed/src/click/utils.py:319 click.utils.echo event=line locals={}
2026-08-23 01:28:28.626 /testbed/src/click/utils.py:322 click.utils.echo event=line locals={}
2026-08-23 01:28:28.626 /testbed/src/click/utils.py:324 click.utils.echo event=line locals={'out': "b'\\xdd\\xd5\\xd9\\xcd\\xde\\xdc\\xce\\xcb\\xe4\\xe4\\xe4\\xe4\\xe4\\xe4\\xe4\\n'"}
2026-08-23 01:28:28.626 /testbed/src/click/utils.py:332 click.utils.echo event=line locals={}
2026-08-23 01:28:28.626 /testbed/src/click/utils.py:333 click.utils.echo event=line locals={}
2026-08-23 01:28:28.626 /testbed/src/click/utils.py:334 click.utils.echo event=line locals={'binary_file': '<testcase.BinaryCapture object at 0x7b73a1e9f060>'}
2026-08-23 01:28:28.626 /testbed/src/click/utils.py:335 click.utils.echo event=line locals={}
2026-08-23 01:28:28.626 /testbed/src/click/utils.py:336 click.utils.echo event=line locals={}
2026-08-23 01:28:28.626 /testbed/src/click/utils.py:337 click.utils.echo event=line locals={}
2026-08-23 01:28:28.626 /testbed/src/click/utils.py:338 click.utils.echo event=line locals={}
2026-08-23 01:28:28.626 /testbed/src/click/utils.py:338 click.utils.echo event=return retval=None locals={'binary_file': '<testcase.BinaryCapture object at 0x7b73a1e9f060>', 'color': 'False', 'err': 'False', 'file': '<testcase.BinaryCapture object at 0x7b73a1e9f060>', 'message': "b'\\xdd\\xd5\\xd9\\xcd\\xde\\xdc\\xce\\xcb\\xe4\\xe4\\xe4\\xe4\\xe4\\xe4\\xe4'", 'nl': 'True', 'out': "b'\\xdd\\xd5\\xd9\\xcd\\xde\\xdc\\xce\\xcb\\xe4\\xe4\\xe4\\xe4\\xe4\\xe4\\xe4\\n'"}
2026-08-23 01:28:28.626 /testbed/src/click/utils.py:252 click.utils.echo event=call locals={'color': 'False', 'err': 'False', 'file': '<testcase.TextCapture object at 0x7b73a1ea9900>', 'message': "'qkpxsljcaaaaaaaqkpxsljcaaaaaaa'", 'nl': 'False'}
2026-08-23 01:28:28.626 /testbed/src/click/utils.py:299 click.utils.echo event=line locals={}
2026-08-23 01:28:28.626 /testbed/src/click/utils.py:310 click.utils.echo event=line locals={}
2026-08-23 01:28:28.626 /testbed/src/click/utils.py:311 click.utils.echo event=line locals={}
2026-08-23 01:28:28.626 /testbed/src/click/utils.py:312 click.utils.echo event=line locals={}
2026-08-23 01:28:28.626 /testbed/src/click/utils.py:318 click.utils.echo event=line locals={'out': "'qkpxsljcaaaaaaaqkpxsljcaaaaaaa'"}
2026-08-23 01:28:28.626 /testbed/src/click/utils.py:324 click.utils.echo event=line locals={}
2026-08-23 01:28:28.626 /testbed/src/click/utils.py:332 click.utils.echo event=line locals={}
2026-08-23 01:28:28.626 /testbed/src/click/utils.py:342 click.utils.echo event=line locals={}
2026-08-23 01:28:28.626 /testbed/src/click/utils.py:343 click.utils.echo event=line locals={}
2026-08-23 01:28:28.626 /testbed/src/click/utils.py:345 click.utils.echo event=line locals={}
2026-08-23 01:28:28.626 /testbed/src/click/utils.py:346 click.utils.echo event=line locals={}
2026-08-23 01:28:28.626 /testbed/src/click/utils.py:346 click.utils.echo event=return retval=None locals={'color': 'False', 'err': 'False', 'file': '<testcase.TextCapture object at 0x7b73a1ea9900>', 'message': "'qkpxsljcaaaaaaaqkpxsljcaaaaaaa'", 'nl': 'False', 'out': "'qkpxsljcaaaaaaaqkpxsljcaaaaaaa'"}
2026-08-23 01:28:28.626 /testbed/src/click/utils.py:252 click.utils.echo event=call locals={'color': 'True', 'err': 'False', 'file': '<testcase.TextCapture object at 0x7b73a1ea9990>', 'message': 'None', 'nl': 'False'}
2026-08-23 01:28:28.626 /testbed/src/click/utils.py:299 click.utils.echo event=line locals={}
2026-08-23 01:28:28.626 /testbed/src/click/utils.py:310 click.utils.echo event=line locals={}
2026-08-23 01:28:28.626 /testbed/src/click/utils.py:311 click.utils.echo event=line locals={}
2026-08-23 01:28:28.626 /testbed/src/click/utils.py:313 click.utils.echo event=line locals={}
2026-08-23 01:28:28.626 /testbed/src/click/utils.py:314 click.utils.echo event=line locals={}
2026-08-23 01:28:28.626 /testbed/src/click/utils.py:318 click.utils.echo event=line locals={'out': "''"}
2026-08-23 01:28:28.626 /testbed/src/click/utils.py:324 click.utils.echo event=line locals={}
2026-08-23 01:28:28.626 /testbed/src/click/utils.py:325 click.utils.echo event=line locals={}
2026-08-23 01:28:28.626 /testbed/src/click/utils.py:326 click.utils.echo event=line locals={}
2026-08-23 01:28:28.626 /testbed/src/click/utils.py:326 click.utils.echo event=return retval=None locals={'color': 'True', 'err': 'False', 'file': '<testcase.TextCapture object at 0x7b73a1ea9990>', 'message': 'None', 'nl': 'False', 'out': "''"}
2026-08-23 01:28:28.626 /testbed/src/click/utils.py:252 click.utils.echo event=call locals={'color': 'True', 'err': 'False', 'file': '<testcase.TextCapture object at 0x7b73a1ea9a20>', 'message': '<testcase.Renderable object at 0x7b73a1eac8d0>', 'nl': 'True'}
2026-08-23 01:28:28.626 /testbed/src/click/utils.py:299 click.utils.echo event=line locals={}
2026-08-23 01:28:28.626 /testbed/src/click/utils.py:310 click.utils.echo event=line locals={}
2026-08-23 01:28:28.626 /testbed/src/click/utils.py:311 click.utils.echo event=line locals={}
2026-08-23 01:28:28.626 /testbed/src/click/utils.py:313 click.utils.echo event=line locals={}
2026-08-23 01:28:28.626 /testbed/src/click/utils.py:315 click.utils.echo event=line locals={}
2026-08-23 01:28:28.626 /testbed/src/click/utils.py:316 click.utils.echo event=line locals={}
2026-08-23 01:28:28.626 /testbed/src/click/utils.py:318 click.utils.echo event=line locals={'out': "'\\x1b[35mcccccccdidjgvdj\\x1b[0m'"}
2026-08-23 01:28:28.626 /testbed/src/click/utils.py:319 click.utils.echo event=line locals={}
2026-08-23 01:28:28.626 /testbed/src/click/utils.py:320 click.utils.echo event=line locals={}
2026-08-23 01:28:28.626 /testbed/src/click/utils.py:324 click.utils.echo event=line locals={'out': "'\\x1b[35mcccccccdidjgvdj\\x1b[0m\\n'"}
2026-08-23 01:28:28.626 /testbed/src/click/utils.py:332 click.utils.echo event=line locals={}
2026-08-23 01:28:28.626 /testbed/src/click/utils.py:342 click.utils.echo event=line locals={}
2026-08-23 01:28:28.626 /testbed/src/click/utils.py:345 click.utils.echo event=line locals={}
2026-08-23 01:28:28.626 /testbed/src/click/utils.py:346 click.utils.echo event=line locals={}
2026-08-23 01:28:28.626 /testbed/src/click/utils.py:346 click.utils.echo event=return retval=None locals={'color': 'True', 'err': 'False', 'file': '<testcase.TextCapture object at 0x7b73a1ea9a20>', 'message': '<testcase.Renderable object at 0x7b73a1eac8d0>', 'nl': 'True', 'out': "'\\x1b[35mcccccccdidjgvdj\\x1b[0m\\n'"}
2026-08-23 01:28:28.627 /testbed/src/click/utils.py:252 click.utils.echo event=call locals={'color': 'None', 'err': 'False', 'file': '<testcase.TextCapture object at 0x7b73a1ea9ab0>', 'message': "'\\x1b[31mcccptapgddddddd\\x1b[0m'", 'nl': 'True'}
2026-08-23 01:28:28.627 /testbed/src/click/utils.py:299 click.utils.echo event=line locals={}
2026-08-23 01:28:28.627 /testbed/src/click/utils.py:310 click.utils.echo event=line locals={}
2026-08-23 01:28:28.627 /testbed/src/click/utils.py:311 click.utils.echo event=line locals={}
2026-08-23 01:28:28.627 /testbed/src/click/utils.py:312 click.utils.echo event=line locals={}
2026-08-23 01:28:28.627 /testbed/src/click/utils.py:318 click.utils.echo event=line locals={'out': "'\\x1b[31mcccptapgddddddd\\x1b[0m'"}
2026-08-23 01:28:28.627 /testbed/src/click/utils.py:319 click.utils.echo event=line locals={}
2026-08-23 01:28:28.627 /testbed/src/click/utils.py:320 click.utils.echo event=line locals={}
2026-08-23 01:28:28.627 /testbed/src/click/utils.py:324 click.utils.echo event=line locals={'out': "'\\x1b[31mcccptapgddddddd\\x1b[0m\\n'"}
2026-08-23 01:28:28.627 /testbed/src/click/utils.py:332 click.utils.echo event=line locals={}
2026-08-23 01:28:28.627 /testbed/src/click/utils.py:342 click.utils.echo event=line locals={}
2026-08-23 01:28:28.627 /testbed/src/click/utils.py:343 click.utils.echo event=line locals={}
2026-08-23 01:28:28.627 /testbed/src/click/utils.py:345 click.utils.echo event=line locals={'out': "'cccptapgddddddd\\n'"}
2026-08-23 01:28:28.627 /testbed/src/click/utils.py:346 click.utils.echo event=line locals={}
2026-08-23 01:28:28.627 /testbed/src/click/utils.py:346 click.utils.echo event=return retval=None locals={'color': 'None', 'err': 'False', 'file': '<testcase.TextCapture object at 0x7b73a1ea9ab0>', 'message': "'\\x1b[31mcccptapgddddddd\\x1b[0m'", 'nl': 'True', 'out': "'cccptapgddddddd\\n'"}
2026-08-23 01:28:28.627 /testbed/src/click/utils.py:252 click.utils.echo event=call locals={'color': 'True', 'err': 'False', 'file': '<testcase.TextCapture object at 0x7b73a1ea9b40>', 'message': "'\\x1b[31mbwvisbjfeeeeeee\\x1b[0m'", 'nl': 'False'}
2026-08-23 01:28:28.627 /testbed/src/click/utils.py:299 click.utils.echo event=line locals={}
2026-08-23 01:28:28.627 /testbed/src/click/utils.py:310 click.utils.echo event=line locals={}
2026-08-23 01:28:28.627 /testbed/src/click/utils.py:311 click.utils.echo event=line locals={}
2026-08-23 01:28:28.627 /testbed/src/click/utils.py:312 click.utils.echo event=line locals={}
2026-08-23 01:28:28.627 /testbed/src/click/utils.py:318 click.utils.echo event=line locals={'out': "'\\x1b[31mbwvisbjfeeeeeee\\x1b[0m'"}
2026-08-23 01:28:28.627 /testbed/src/click/utils.py:324 click.utils.echo event=line locals={}
2026-08-23 01:28:28.627 /testbed/src/click/utils.py:332 click.utils.echo event=line locals={}
2026-08-23 01:28:28.627 /testbed/src/click/utils.py:342 click.utils.echo event=line locals={}
2026-08-23 01:28:28.627 /testbed/src/click/utils.py:345 click.utils.echo event=line locals={}
2026-08-23 01:28:28.627 /testbed/src/click/utils.py:346 click.utils.echo event=line locals={}
2026-08-23 01:28:28.627 /testbed/src/click/utils.py:346 click.utils.echo event=return retval=None locals={'color': 'True', 'err': 'False', 'file': '<testcase.TextCapture object at 0x7b73a1ea9b40>', 'message': "'\\x1b[31mbwvisbjfeeeeeee\\x1b[0m'", 'nl': 'False', 'out': "'\\x1b[31mbwvisbjfeeeeeee\\x1b[0m'"}
2026-08-23 01:28:28.627 /testbed/src/click/utils.py:252 click.utils.echo event=call locals={'color': 'False', 'err': 'False', 'file': '<testcase.TextCapture object at 0x7b73a1ea9bd0>', 'message': "'hflgsonhfffffffhflgsonhfffffffhflgsonhfffffffhflgsonhfffffffhflgsonhfffffff'", 'nl': 'False'}
2026-08-23 01:28:28.627 /testbed/src/click/utils.py:299 click.utils.echo event=line locals={}
2026-08-23 01:28:28.627 /testbed/src/click/utils.py:310 click.utils.echo event=line locals={}
2026-08-23 01:28:28.627 /testbed/src/click/utils.py:311 click.utils.echo event=line locals={}
2026-08-23 01:28:28.627 /testbed/src/click/utils.py:312 click.utils.echo event=line locals={}
2026-08-23 01:28:28.627 /testbed/src/click/utils.py:318 click.utils.echo event=line locals={'out': "'hflgsonhfffffffhflgsonhfffffffhflgsonhfffffffhflgsonhfffffffhflgsonhfffffff'"}
2026-08-23 01:28:28.627 /testbed/src/click/utils.py:324 click.utils.echo event=line locals={}
2026-08-23 01:28:28.627 /testbed/src/click/utils.py:332 click.utils.echo event=line locals={}
2026-08-23 01:28:28.627 /testbed/src/click/utils.py:342 click.utils.echo event=line locals={}
2026-08-23 01:28:28.627 /testbed/src/click/utils.py:343 click.utils.echo event=line locals={}
2026-08-23 01:28:28.627 /testbed/src/click/utils.py:345 click.utils.echo event=line locals={}
2026-08-23 01:28:28.627 /testbed/src/click/utils.py:346 click.utils.echo event=line locals={}
2026-08-23 01:28:28.627 /testbed/src/click/utils.py:346 click.utils.echo event=return retval=None locals={'color': 'False', 'err': 'False', 'file': '<testcase.TextCapture object at 0x7b73a1ea9bd0>', 'message': "'hflgsonhfffffffhflgsonhfffffffhflgsonhfffffffhflgsonhfffffffhflgsonhfffffff'", 'nl': 'False', 'out': "'hflgsonhfffffffhflgsonhfffffffhflgsonhfffffffhflgsonhfffffffhflgsonhfffffff'"}
2026-08-23 01:28:28.627 /testbed/src/click/utils.py:252 click.utils.echo event=call locals={'color': 'None', 'err': 'False', 'file': '<testcase.BinaryCapture object at 0x7b73a1e9f1a0>', 'message': "b'\\xf0\\xe3\\xd9\\xf1\\xea\\xdb\\xeb\\xe2\\xdf\\xdf\\xdf\\xdf\\xdf\\xdf\\xdf'", 'nl': 'False'}
2026-08-23 01:28:28.627 /testbed/src/click/utils.py:299 click.utils.echo event=line locals={}
2026-08-23 01:28:28.627 /testbed/src/click/utils.py:310 click.utils.echo event=line locals={}
2026-08-23 01:28:28.627 /testbed/src/click/utils.py:311 click.utils.echo event=line locals={}
2026-08-23 01:28:28.627 /testbed/src/click/utils.py:312 click.utils.echo event=line locals={}
2026-08-23 01:28:28.627 /testbed/src/click/utils.py:318 click.utils.echo event=line locals={'out': "b'\\xf0\\xe3\\xd9\\xf1\\xea\\xdb\\xeb\\xe2\\xdf\\xdf\\xdf\\xdf\\xdf\\xdf\\xdf'"}
2026-08-23 01:28:28.627 /testbed/src/click/utils.py:324 click.utils.echo event=line locals={}
2026-08-23 01:28:28.627 /testbed/src/click/utils.py:332 click.utils.echo event=line locals={}
2026-08-23 01:28:28.627 /testbed/src/click/utils.py:333 click.utils.echo event=line locals={}
2026-08-23 01:28:28.627 /testbed/src/click/utils.py:334 click.utils.echo event=line locals={'binary_file': '<testcase.BinaryCapture object at 0x7b73a1e9f1a0>'}
2026-08-23 01:28:28.627 /testbed/src/click/utils.py:335 click.utils.echo event=line locals={}
2026-08-23 01:28:28.627 /testbed/src/click/utils.py:336 click.utils.echo event=line locals={}
2026-08-23 01:28:28.627 /testbed/src/click/utils.py:337 click.utils.echo event=line locals={}
2026-08-23 01:28:28.627 /testbed/src/click/utils.py:338 click.utils.echo event=line locals={}
2026-08-23 01:28:28.627 /testbed/src/click/utils.py:338 click.utils.echo event=return retval=None locals={'binary_file': '<testcase.BinaryCapture object at 0x7b73a1e9f1a0>', 'color': 'None', 'err': 'False', 'file': '<testcase.BinaryCapture object at 0x7b73a1e9f1a0>', 'message': "b'\\xf0\\xe3\\xd9\\xf1\\xea\\xdb\\xeb\\xe2\\xdf\\xdf\\xdf\\xdf\\xdf\\xdf\\xdf'", 'nl': 'False', 'out': "b'\\xf0\\xe3\\xd9\\xf1\\xea\\xdb\\xeb\\xe2\\xdf\\xdf\\xdf\\xdf\\xdf\\xdf\\xdf'"}
2026-08-23 01:28:28.628 /testbed/src/click/utils.py:252 click.utils.echo event=call locals={'color': 'None', 'err': 'False', 'file': '<testcase.TextCapture object at 0x7b73a1ea9c60>', 'message': '<testcase.Renderable object at 0x7b73a1eaca10>', 'nl': 'False'}
2026-08-23 01:28:28.628 /testbed/src/click/utils.py:299 click.utils.echo event=line locals={}
2026-08-23 01:28:28.628 /testbed/src/click/utils.py:310 click.utils.echo event=line locals={}
2026-08-23 01:28:28.628 /testbed/src/click/utils.py:311 click.utils.echo event=line locals={}
2026-08-23 01:28:28.628 /testbed/src/click/utils.py:313 click.utils.echo event=line locals={}
2026-08-23 01:28:28.628 /testbed/src/click/utils.py:315 click.utils.echo event=line locals={}
2026-08-23 01:28:28.628 /testbed/src/click/utils.py:316 click.utils.echo event=line locals={}
2026-08-23 01:28:28.628 /testbed/src/click/utils.py:318 click.utils.echo event=line locals={'out': "'\\x1b[35mhhhhhhhiojqrxvo\\x1b[0m'"}
2026-08-23 01:28:28.628 /testbed/src/click/utils.py:324 click.utils.echo event=line locals={}
2026-08-23 01:28:28.628 /testbed/src/click/utils.py:332 click.utils.echo event=line locals={}
2026-08-23 01:28:28.628 /testbed/src/click/utils.py:342 click.utils.echo event=line locals={}
2026-08-23 01:28:28.628 /testbed/src/click/utils.py:343 click.utils.echo event=line locals={}
2026-08-23 01:28:28.628 /testbed/src/click/utils.py:345 click.utils.echo event=line locals={'out': "'hhhhhhhiojqrxvo'"}
2026-08-23 01:28:28.628 /testbed/src/click/utils.py:346 click.utils.echo event=line locals={}
2026-08-23 01:28:28.628 /testbed/src/click/utils.py:346 click.utils.echo event=return retval=None locals={'color': 'None', 'err': 'False', 'file': '<testcase.TextCapture object at 0x7b73a1ea9c60>', 'message': '<testcase.Renderable object at 0x7b73a1eaca10>', 'nl': 'False', 'out': "'hhhhhhhiojqrxvo'"}
2026-08-23 01:28:28.628 /testbed/src/click/utils.py:252 click.utils.echo event=call locals={'color': 'False', 'err': 'False', 'file': '<testcase.TextCapture object at 0x7b73a1ea9cf0>', 'message': 'None', 'nl': 'False'}
2026-08-23 01:28:28.628 /testbed/src/click/utils.py:299 click.utils.echo event=line locals={}
2026-08-23 01:28:28.628 /testbed/src/click/utils.py:310 click.utils.echo event=line locals={}
2026-08-23 01:28:28.628 /testbed/src/click/utils.py:311 click.utils.echo event=line locals={}
2026-08-23 01:28:28.628 /testbed/src/click/utils.py:313 click.utils.echo event=line locals={}
2026-08-23 01:28:28.628 /testbed/src/click/utils.py:314 click.utils.echo event=line locals={}
2026-08-23 01:28:28.628 /testbed/src/click/utils.py:318 click.utils.echo event=line locals={'out': "''"}
2026-08-23 01:28:28.628 /testbed/src/click/utils.py:324 click.utils.echo event=line locals={}
2026-08-23 01:28:28.628 /testbed/src/click/utils.py:325 click.utils.echo event=line locals={}
2026-08-23 01:28:28.628 /testbed/src/click/utils.py:326 click.utils.echo event=line locals={}
2026-08-23 01:28:28.628 /testbed/src/click/utils.py:326 click.utils.echo event=return retval=None locals={'color': 'False', 'err': 'False', 'file': '<testcase.TextCapture object at 0x7b73a1ea9cf0>', 'message': 'None', 'nl': 'False', 'out': "''"}
2026-08-23 01:28:28.628 /testbed/src/click/utils.py:252 click.utils.echo event=call locals={'color': 'None', 'err': 'False', 'file': '<testcase.TextCapture object at 0x7b73a1ea9d80>', 'message': "'dusytfvmjjjjjjjdusytfvmjjjjjjjdusytfvmjjjjjjjdusytfvmjjjjjjj'", 'nl': 'True'}
2026-08-23 01:28:28.628 /testbed/src/click/utils.py:299 click.utils.echo event=line locals={}
2026-08-23 01:28:28.628 /testbed/src/click/utils.py:310 click.utils.echo event=line locals={}
2026-08-23 01:28:28.628 /testbed/src/click/utils.py:311 click.utils.echo event=line locals={}
2026-08-23 01:28:28.628 /testbed/src/click/utils.py:312 click.utils.echo event=line locals={}
2026-08-23 01:28:28.628 /testbed/src/click/utils.py:318 click.utils.echo event=line locals={'out': "'dusytfvmjjjjjjjdusytfvmjjjjjjjdusytfvmjjjjjjjdusytfvmjjjjjjj'"}
2026-08-23 01:28:28.628 /testbed/src/click/utils.py:319 click.utils.echo event=line locals={}
2026-08-23 01:28:28.628 /testbed/src/click/utils.py:320 click.utils.echo event=line locals={}
2026-08-23 01:28:28.628 /testbed/src/click/utils.py:324 click.utils.echo event=line locals={'out': "'dusytfvmjjjjjjjdusytfvmjjjjjjjdusytfvmjjjjjjjdusytfvmjjjjjjj\\n'"}
2026-08-23 01:28:28.628 /testbed/src/click/utils.py:332 click.utils.echo event=line locals={}
2026-08-23 01:28:28.628 /testbed/src/click/utils.py:342 click.utils.echo event=line locals={}
2026-08-23 01:28:28.628 /testbed/src/click/utils.py:343 click.utils.echo event=line locals={}
2026-08-23 01:28:28.628 /testbed/src/click/utils.py:345 click.utils.echo event=line locals={}
2026-08-23 01:28:28.628 /testbed/src/click/utils.py:346 click.utils.echo event=line locals={}
2026-08-23 01:28:28.628 /testbed/src/click/utils.py:346 click.utils.echo event=return retval=None locals={'color': 'None', 'err': 'False', 'file': '<testcase.TextCapture object at 0x7b73a1ea9d80>', 'message': "'dusytfvmjjjjjjjdusytfvmjjjjjjjdusytfvmjjjjjjjdusytfvmjjjjjjj'", 'nl': 'True', 'out': "'dusytfvmjjjjjjjdusytfvmjjjjjjjdusytfvmjjjjjjjdusytfvmjjjjjjj\\n'"}
2026-08-23 01:28:28.628 /testbed/src/click/utils.py:252 click.utils.echo event=call locals={'color': 'False', 'err': 'False', 'file': '<testcase.BinaryCapture object at 0x7b73a1e9f380>', 'message': "b'\\xf8\\xee\\xeb\\xf1\\xec\\xf1\\xec\\xeb\\xeb\\xeb\\xeb\\xeb\\xeb\\xeb\\xeb'", 'nl': 'True'}
2026-08-23 01:28:28.628 /testbed/src/click/utils.py:299 click.utils.echo event=line locals={}
2026-08-23 01:28:28.628 /testbed/src/click/utils.py:310 click.utils.echo event=line locals={}
2026-08-23 01:28:28.628 /testbed/src/click/utils.py:311 click.utils.echo event=line locals={}
2026-08-23 01:28:28.628 /testbed/src/click/utils.py:312 click.utils.echo event=line locals={}
2026-08-23 01:28:28.628 /testbed/src/click/utils.py:318 click.utils.echo event=line locals={'out': "b'\\xf8\\xee\\xeb\\xf1\\xec\\xf1\\xec\\xeb\\xeb\\xeb\\xeb\\xeb\\xeb\\xeb\\xeb'"}
2026-08-23 01:28:28.628 /testbed/src/click/utils.py:319 click.utils.echo event=line locals={}
2026-08-23 01:28:28.628 /testbed/src/click/utils.py:322 click.utils.echo event=line locals={}
2026-08-23 01:28:28.628 /testbed/src/click/utils.py:324 click.utils.echo event=line locals={'out': "b'\\xf8\\xee\\xeb\\xf1\\xec\\xf1\\xec\\xeb\\xeb\\xeb\\xeb\\xeb\\xeb\\xeb\\xeb\\n'"}
2026-08-23 01:28:28.628 /testbed/src/click/utils.py:332 click.utils.echo event=line locals={}
2026-08-23 01:28:28.628 /testbed/src/click/utils.py:333 click.utils.echo event=line locals={}
2026-08-23 01:28:28.628 /testbed/src/click/utils.py:334 click.utils.echo event=line locals={'binary_file': '<testcase.BinaryCapture object at 0x7b73a1e9f380>'}
2026-08-23 01:28:28.628 /testbed/src/click/utils.py:335 click.utils.echo event=line locals={}
2026-08-23 01:28:28.629 /testbed/src/click/utils.py:336 click.utils.echo event=line locals={}
2026-08-23 01:28:28.629 /testbed/src/click/utils.py:337 click.utils.echo event=line locals={}
2026-08-23 01:28:28.629 /testbed/src/click/utils.py:338 click.utils.echo event=line locals={}
2026-08-23 01:28:28.629 /testbed/src/click/utils.py:338 click.utils.echo event=return retval=None locals={'binary_file': '<testcase.BinaryCapture object at 0x7b73a1e9f380>', 'color': 'False', 'err': 'False', 'file': '<testcase.BinaryCapture object at 0x7b73a1e9f380>', 'message': "b'\\xf8\\xee\\xeb\\xf1\\xec\\xf1\\xec\\xeb\\xeb\\xeb\\xeb\\xeb\\xeb\\xeb\\xeb'", 'nl': 'True', 'out': "b'\\xf8\\xee\\xeb\\xf1\\xec\\xf1\\xec\\xeb\\xeb\\xeb\\xeb\\xeb\\xeb\\xeb\\xeb\\n'"}
2026-08-23 01:28:28.629 /testbed/src/click/utils.py:252 click.utils.echo event=call locals={'color': 'True', 'err': 'False', 'file': '<testcase.BinaryCapture object at 0x7b73a1e9f100>', 'message': "b'\\xe7\\xf2\\xe8\\xf9\\xe3\\xf8\\xf7\\xf0\\xee\\xee\\xee\\xee\\xee\\xee\\xee'", 'nl': 'False'}
2026-08-23 01:28:28.629 /testbed/src/click/utils.py:299 click.utils.echo event=line locals={}
2026-08-23 01:28:28.629 /testbed/src/click/utils.py:310 click.utils.echo event=line locals={}
2026-08-23 01:28:28.629 /testbed/src/click/utils.py:311 click.utils.echo event=line locals={}
2026-08-23 01:28:28.629 /testbed/src/click/utils.py:312 click.utils.echo event=line locals={}
2026-08-23 01:28:28.629 /testbed/src/click/utils.py:318 click.utils.echo event=line locals={'out': "b'\\xe7\\xf2\\xe8\\xf9\\xe3\\xf8\\xf7\\xf0\\xee\\xee\\xee\\xee\\xee\\xee\\xee'"}
2026-08-23 01:28:28.629 /testbed/src/click/utils.py:324 click.utils.echo event=line locals={}
2026-08-23 01:28:28.629 /testbed/src/click/utils.py:332 click.utils.echo event=line locals={}
2026-08-23 01:28:28.629 /testbed/src/click/utils.py:333 click.utils.echo event=line locals={}
2026-08-23 01:28:28.629 /testbed/src/click/utils.py:334 click.utils.echo event=line locals={'binary_file': '<testcase.BinaryCapture object at 0x7b73a1e9f100>'}
2026-08-23 01:28:28.629 /testbed/src/click/utils.py:335 click.utils.echo event=line locals={}
2026-08-23 01:28:28.629 /testbed/src/click/utils.py:336 click.utils.echo event=line locals={}
2026-08-23 01:28:28.629 /testbed/src/click/utils.py:337 click.utils.echo event=line locals={}
2026-08-23 01:28:28.629 /testbed/src/click/utils.py:338 click.utils.echo event=line locals={}
2026-08-23 01:28:28.629 /testbed/src/click/utils.py:338 click.utils.echo event=return retval=None locals={'binary_file': '<testcase.BinaryCapture object at 0x7b73a1e9f100>', 'color': 'True', 'err': 'False', 'file': '<testcase.BinaryCapture object at 0x7b73a1e9f100>', 'message': "b'\\xe7\\xf2\\xe8\\xf9\\xe3\\xf8\\xf7\\xf0\\xee\\xee\\xee\\xee\\xee\\xee\\xee'", 'nl': 'False', 'out': "b'\\xe7\\xf2\\xe8\\xf9\\xe3\\xf8\\xf7\\xf0\\xee\\xee\\xee\\xee\\xee\\xee\\xee'"}
2026-08-23 01:28:28.629 /testbed/src/click/utils.py:252 click.utils.echo event=call locals={'color': 'None', 'err': 'False', 'file': '<testcase.BinaryCapture object at 0x7b73a1e9f3d0>', 'message': "bytearray(b'\\x8f\\x91\\x97\\x8a\\x9a\\x8d\\x96\\x8c\\x8f\\x8f\\x8f\\x8f\\x8f\\x8f\\x8f')", 'nl': 'False'}
2026-08-23 01:28:28.629 /testbed/src/click/utils.py:299 click.utils.echo event=line locals={}
2026-08-23 01:28:28.629 /testbed/src/click/utils.py:310 click.utils.echo event=line locals={}
2026-08-23 01:28:28.629 /testbed/src/click/utils.py:311 click.utils.echo event=line locals={}
2026-08-23 01:28:28.629 /testbed/src/click/utils.py:312 click.utils.echo event=line locals={}
2026-08-23 01:28:28.629 /testbed/src/click/utils.py:318 click.utils.echo event=line locals={'out': "bytearray(b'\\x8f\\x91\\x97\\x8a\\x9a\\x8d\\x96\\x8c\\x8f\\x8f\\x8f\\x8f\\x8f\\x8f\\x8f')"}
2026-08-23 01:28:28.629 /testbed/src/click/utils.py:324 click.utils.echo event=line locals={}
2026-08-23 01:28:28.629 /testbed/src/click/utils.py:332 click.utils.echo event=line locals={}
2026-08-23 01:28:28.629 /testbed/src/click/utils.py:333 click.utils.echo event=line locals={}
2026-08-23 01:28:28.629 /testbed/src/click/utils.py:334 click.utils.echo event=line locals={'binary_file': '<testcase.BinaryCapture object at 0x7b73a1e9f3d0>'}
2026-08-23 01:28:28.629 /testbed/src/click/utils.py:335 click.utils.echo event=line locals={}
2026-08-23 01:28:28.629 /testbed/src/click/utils.py:336 click.utils.echo event=line locals={}
2026-08-23 01:28:28.629 /testbed/src/click/utils.py:337 click.utils.echo event=line locals={}
2026-08-23 01:28:28.629 /testbed/src/click/utils.py:338 click.utils.echo event=line locals={}
2026-08-23 01:28:28.629 /testbed/src/click/utils.py:338 click.utils.echo event=return retval=None locals={'binary_file': '<testcase.BinaryCapture object at 0x7b73a1e9f3d0>', 'color': 'None', 'err': 'False', 'file': '<testcase.BinaryCapture object at 0x7b73a1e9f3d0>', 'message': "bytearray(b'\\x8f\\x91\\x97\\x8a\\x9a\\x8d\\x96\\x8c\\x8f\\x8f\\x8f\\x8f\\x8f\\x8f\\x8f')", 'nl': 'False', 'out': "bytearray(b'\\x8f\\x91\\x97\\x8a\\x9a\\x8d\\x96\\x8c\\x8f\\x8f\\x8f\\x8f\\x8f\\x8f\\x8f')"}
2026-08-23 01:28:28.629 /testbed/src/click/utils.py:252 click.utils.echo event=call locals={'color': 'True', 'err': 'False', 'file': '<testcase.TextCapture object at 0x7b73a1ea9e10>', 'message': '<testcase.Renderable object at 0x7b73a1eacdd0>', 'nl': 'False'}
2026-08-23 01:28:28.629 /testbed/src/click/utils.py:299 click.utils.echo event=line locals={}
2026-08-23 01:28:28.629 /testbed/src/click/utils.py:310 click.utils.echo event=line locals={}
2026-08-23 01:28:28.629 /testbed/src/click/utils.py:311 click.utils.echo event=line locals={}
2026-08-23 01:28:28.629 /testbed/src/click/utils.py:313 click.utils.echo event=line locals={}
2026-08-23 01:28:28.629 /testbed/src/click/utils.py:315 click.utils.echo event=line locals={}
2026-08-23 01:28:28.629 /testbed/src/click/utils.py:316 click.utils.echo event=line locals={}
2026-08-23 01:28:28.629 /testbed/src/click/utils.py:318 click.utils.echo event=line locals={'out': "'\\x1b[35mnnnnnnnnnnnotnq\\x1b[0m'"}
2026-08-23 01:28:28.629 /testbed/src/click/utils.py:324 click.utils.echo event=line locals={}
2026-08-23 01:28:28.629 /testbed/src/click/utils.py:332 click.utils.echo event=line locals={}
2026-08-23 01:28:28.629 /testbed/src/click/utils.py:342 click.utils.echo event=line locals={}
2026-08-23 01:28:28.629 /testbed/src/click/utils.py:345 click.utils.echo event=line locals={}
2026-08-23 01:28:28.629 /testbed/src/click/utils.py:346 click.utils.echo event=line locals={}
2026-08-23 01:28:28.629 /testbed/src/click/utils.py:346 click.utils.echo event=return retval=None locals={'color': 'True', 'err': 'False', 'file': '<testcase.TextCapture object at 0x7b73a1ea9e10>', 'message': '<testcase.Renderable object at 0x7b73a1eacdd0>', 'nl': 'False', 'out': "'\\x1b[35mnnnnnnnnnnnotnq\\x1b[0m'"}
2026-08-23 01:28:28.630 /testbed/src/click/utils.py:252 click.utils.echo event=call locals={'color': 'False', 'err': 'False', 'file': '<testcase.TextCapture object at 0x7b73a1ea9ea0>', 'message': "'\\x1b[31mvpoobrvpooooooo\\x1b[0m'", 'nl': 'True'}
2026-08-23 01:28:28.630 /testbed/src/click/utils.py:299 click.utils.echo event=line locals={}
2026-08-23 01:28:28.630 /testbed/src/click/utils.py:310 click.utils.echo event=line locals={}
2026-08-23 01:28:28.630 /testbed/src/click/utils.py:311 click.utils.echo event=line locals={}
2026-08-23 01:28:28.630 /testbed/src/click/utils.py:312 click.utils.echo event=line locals={}
2026-08-23 01:28:28.630 /testbed/src/click/utils.py:318 click.utils.echo event=line locals={'out': "'\\x1b[31mvpoobrvpooooooo\\x1b[0m'"}
2026-08-23 01:28:28.630 /testbed/src/click/utils.py:319 click.utils.echo event=line locals={}
2026-08-23 01:28:28.630 /testbed/src/click/utils.py:320 click.utils.echo event=line locals={}
2026-08-23 01:28:28.630 /testbed/src/click/utils.py:324 click.utils.echo event=line locals={'out': "'\\x1b[31mvpoobrvpooooooo\\x1b[0m\\n'"}
2026-08-23 01:28:28.630 /testbed/src/click/utils.py:332 click.utils.echo event=line locals={}
2026-08-23 01:28:28.630 /testbed/src/click/utils.py:342 click.utils.echo event=line locals={}
2026-08-23 01:28:28.630 /testbed/src/click/utils.py:343 click.utils.echo event=line locals={}
2026-08-23 01:28:28.630 /testbed/src/click/utils.py:345 click.utils.echo event=line locals={'out': "'vpoobrvpooooooo\\n'"}
2026-08-23 01:28:28.630 /testbed/src/click/utils.py:346 click.utils.echo event=line locals={}
2026-08-23 01:28:28.630 /testbed/src/click/utils.py:346 click.utils.echo event=return retval=None locals={'color': 'False', 'err': 'False', 'file': '<testcase.TextCapture object at 0x7b73a1ea9ea0>', 'message': "'\\x1b[31mvpoobrvpooooooo\\x1b[0m'", 'nl': 'True', 'out': "'vpoobrvpooooooo\\n'"}
2026-08-23 01:28:28.630 /testbed/src/click/utils.py:252 click.utils.echo event=call locals={'color': 'None', 'err': 'False', 'file': '<testcase.TextCapture object at 0x7b73a1ea9f30>', 'message': "'\\x1b[31mscyeswqpppppppp\\x1b[0m'", 'nl': 'True'}
2026-08-23 01:28:28.630 /testbed/src/click/utils.py:299 click.utils.echo event=line locals={}
2026-08-23 01:28:28.630 /testbed/src/click/utils.py:310 click.utils.echo event=line locals={}
2026-08-23 01:28:28.630 /testbed/src/click/utils.py:311 click.utils.echo event=line locals={}
2026-08-23 01:28:28.630 /testbed/src/click/utils.py:312 click.utils.echo event=line locals={}
2026-08-23 01:28:28.630 /testbed/src/click/utils.py:318 click.utils.echo event=line locals={'out': "'\\x1b[31mscyeswqpppppppp\\x1b[0m'"}
2026-08-23 01:28:28.630 /testbed/src/click/utils.py:319 click.utils.echo event=line locals={}
2026-08-23 01:28:28.630 /testbed/src/click/utils.py:320 click.utils.echo event=line locals={}
2026-08-23 01:28:28.630 /testbed/src/click/utils.py:324 click.utils.echo event=line locals={'out': "'\\x1b[31mscyeswqpppppppp\\x1b[0m\\n'"}
2026-08-23 01:28:28.630 /testbed/src/click/utils.py:332 click.utils.echo event=line locals={}
2026-08-23 01:28:28.630 /testbed/src/click/utils.py:342 click.utils.echo event=line locals={}
2026-08-23 01:28:28.630 /testbed/src/click/utils.py:343 click.utils.echo event=line locals={}
2026-08-23 01:28:28.630 /testbed/src/click/utils.py:345 click.utils.echo event=line locals={'out': "'scyeswqpppppppp\\n'"}
2026-08-23 01:28:28.630 /testbed/src/click/utils.py:346 click.utils.echo event=line locals={}
2026-08-23 01:28:28.630 /testbed/src/click/utils.py:346 click.utils.echo event=return retval=None locals={'color': 'None', 'err': 'False', 'file': '<testcase.TextCapture object at 0x7b73a1ea9f30>', 'message': "'\\x1b[31mscyeswqpppppppp\\x1b[0m'", 'nl': 'True', 'out': "'scyeswqpppppppp\\n'"}
2026-08-23 01:28:28.630 /testbed/src/click/utils.py:252 click.utils.echo event=call locals={'color': 'False', 'err': 'False', 'file': '<testcase.TextCapture object at 0x7b73a1ea9fc0>', 'message': "'iojbzsxrqqqqqqqiojbzsxrqqqqqqqiojbzsxrqqqqqqqiojbzsxrqqqqqqq'", 'nl': 'False'}
2026-08-23 01:28:28.630 /testbed/src/click/utils.py:299 click.utils.echo event=line locals={}
2026-08-23 01:28:28.630 /testbed/src/click/utils.py:310 click.utils.echo event=line locals={}
2026-08-23 01:28:28.630 /testbed/src/click/utils.py:311 click.utils.echo event=line locals={}
2026-08-23 01:28:28.630 /testbed/src/click/utils.py:312 click.utils.echo event=line locals={}
2026-08-23 01:28:28.630 /testbed/src/click/utils.py:318 click.utils.echo event=line locals={'out': "'iojbzsxrqqqqqqqiojbzsxrqqqqqqqiojbzsxrqqqqqqqiojbzsxrqqqqqqq'"}
2026-08-23 01:28:28.630 /testbed/src/click/utils.py:324 click.utils.echo event=line locals={}
2026-08-23 01:28:28.630 /testbed/src/click/utils.py:332 click.utils.echo event=line locals={}
2026-08-23 01:28:28.630 /testbed/src/click/utils.py:342 click.utils.echo event=line locals={}
2026-08-23 01:28:28.630 /testbed/src/click/utils.py:343 click.utils.echo event=line locals={}
2026-08-23 01:28:28.630 /testbed/src/click/utils.py:345 click.utils.echo event=line locals={}
2026-08-23 01:28:28.630 /testbed/src/click/utils.py:346 click.utils.echo event=line locals={}
2026-08-23 01:28:28.630 /testbed/src/click/utils.py:346 click.utils.echo event=return retval=None locals={'color': 'False', 'err': 'False', 'file': '<testcase.TextCapture object at 0x7b73a1ea9fc0>', 'message': "'iojbzsxrqqqqqqqiojbzsxrqqqqqqqiojbzsxrqqqqqqqiojbzsxrqqqqqqq'", 'nl': 'False', 'out': "'iojbzsxrqqqqqqqiojbzsxrqqqqqqqiojbzsxrqqqqqqqiojbzsxrqqqqqqq'"}
2026-08-23 01:28:28.630 /testbed/src/click/utils.py:252 click.utils.echo event=call locals={'color': 'True', 'err': 'False', 'file': '<testcase.TextCapture object at 0x7b73a1eaa050>', 'message': "'\\x1b[31myfhbtrrrrrrrrrr\\x1b[0m'", 'nl': 'False'}
2026-08-23 01:28:28.630 /testbed/src/click/utils.py:299 click.utils.echo event=line locals={}
2026-08-23 01:28:28.630 /testbed/src/click/utils.py:310 click.utils.echo event=line locals={}
2026-08-23 01:28:28.630 /testbed/src/click/utils.py:311 click.utils.echo event=line locals={}
2026-08-23 01:28:28.630 /testbed/src/click/utils.py:312 click.utils.echo event=line locals={}
2026-08-23 01:28:28.630 /testbed/src/click/utils.py:318 click.utils.echo event=line locals={'out': "'\\x1b[31myfhbtrrrrrrrrrr\\x1b[0m'"}
2026-08-23 01:28:28.630 /testbed/src/click/utils.py:324 click.utils.echo event=line locals={}
2026-08-23 01:28:28.630 /testbed/src/click/utils.py:332 click.utils.echo event=line locals={}
2026-08-23 01:28:28.630 /testbed/src/click/utils.py:342 click.utils.echo event=line locals={}
2026-08-23 01:28:28.630 /testbed/src/click/utils.py:345 click.utils.echo event=line locals={}
2026-08-23 01:28:28.630 /testbed/src/click/utils.py:346 click.utils.echo event=line locals={}
2026-08-23 01:28:28.630 /testbed/src/click/utils.py:346 click.utils.echo event=return retval=None locals={'color': 'True', 'err': 'False', 'file': '<testcase.TextCapture object at 0x7b73a1eaa050>', 'message': "'\\x1b[31myfhbtrrrrrrrrrr\\x1b[0m'", 'nl': 'False', 'out': "'\\x1b[31myfhbtrrrrrrrrrr\\x1b[0m'"}
