2026-08-23 04:04:18.754 [TRACE][START] pid=47 TRACE_OUT='/testbed/logs/rich_qa/ratio_ratio_resolve_s2_loops__pert_llm_s0/trace.log' TRACE_FILE='rich/_ratio.py' TRACE_FUNCS=['ratio_resolve'] TRACE_EVENTS=['call', 'exception', 'line', 'return']
2026-08-23 04:04:18.765 /testbed/rich/_ratio.py:14 rich._ratio.ratio_resolve event=call locals={'edges': '[FlexEdge(size=None, ratio=1, minimum_size=11), FlexEdge(size=None, ratio=2, minimum_size=25), FlexEdge(size=None, ratio=3, minimum_size=34), FlexEdge(size=None, ratio=4, minimum_size=19), FlexEdge(size=44, ratio=5, minimum_size=32), FlexEdge(size=None, ratio=6, minimum_size=44), FlexEdge(size=None, ratio=7, minimum_size=25), FlexEdge(size=None, ratio=8, minimum_size=38), FlexEdge(size=56, ratio=9, minimum_size=49), FlexEdge(size=None, ratio=10, minimum_size=30), FlexEdge(size=None, ratio=11, mi...', 'total': '14094'}
2026-08-23 04:04:18.765 /testbed/rich/_ratio.py:31 rich._ratio.ratio_resolve event=line locals={}
2026-08-23 04:04:18.765 /testbed/rich/_ratio.py:33 rich._ratio.ratio_resolve event=line locals={'sizes': '[None, None, None, None, 44, None, None, None, 56, None, None, None, 38, None, None, None, 72, None, None, None, 52, None, None, None, 68, None, None, None, 102, None, None, None, 78, None, None, None, 101, None, None, None, 76, None, None, None, 112, None, None, None, 131, None, None, None, 110, None, None, None, 139, None, None, None, 125, None, None, None, 137, None, None, None, 152, None, None, None, 151, None, None, None, 169, None, None, None, 147, None, None, None, 185, None, None, None, ...'}
2026-08-23 04:04:18.765 /testbed/rich/_ratio.py:36 rich._ratio.ratio_resolve event=line locals={}
2026-08-23 04:04:18.765 /testbed/rich/_ratio.py:38 rich._ratio.ratio_resolve event=line locals={}
2026-08-23 04:04:18.765 /testbed/rich/_ratio.py:40 rich._ratio.ratio_resolve event=line locals={}
2026-08-23 04:04:18.765 /testbed/rich/_ratio.py:38 rich._ratio.ratio_resolve event=line locals={}
2026-08-23 04:04:18.766 /testbed/rich/_ratio.py:44 rich._ratio.ratio_resolve event=line locals={'flexible_edges': '[(0, FlexEdge(size=None, ratio=1, minimum_size=11)), (1, FlexEdge(size=None, ratio=2, minimum_size=25)), (2, FlexEdge(size=None, ratio=3, minimum_size=34)), (3, FlexEdge(size=None, ratio=4, minimum_size=19)), (5, FlexEdge(size=None, ratio=6, minimum_size=44)), (6, FlexEdge(size=None, ratio=7, minimum_size=25)), (7, FlexEdge(size=None, ratio=8, minimum_size=38)), (9, FlexEdge(size=None, ratio=10, minimum_size=30)), (10, FlexEdge(size=None, ratio=11, minimum_size=45)), (11, FlexEdge(size=None, rat...'}
2026-08-23 04:04:18.766 /testbed/rich/_ratio.py:45 rich._ratio.ratio_resolve event=line locals={'remaining': '11472'}
2026-08-23 04:04:18.766 /testbed/rich/_ratio.py:52 rich._ratio.ratio_resolve event=line locals={}
2026-08-23 04:04:18.766 /testbed/rich/_ratio.py:53 rich._ratio.ratio_resolve event=line locals={}
2026-08-23 04:04:18.767 /testbed/rich/_ratio.py:52 rich._ratio.ratio_resolve event=line locals={}
2026-08-23 04:04:18.767 /testbed/rich/_ratio.py:57 rich._ratio.ratio_resolve event=line locals={'portion': 'Fraction(2868, 179)'}
2026-08-23 04:04:18.767 /testbed/rich/_ratio.py:58 rich._ratio.ratio_resolve event=line locals={'edge': 'FlexEdge(size=None, ratio=1, minimum_size=11)', 'index': '0'}
2026-08-23 04:04:18.767 /testbed/rich/_ratio.py:57 rich._ratio.ratio_resolve event=line locals={}
2026-08-23 04:04:18.767 /testbed/rich/_ratio.py:58 rich._ratio.ratio_resolve event=line locals={'edge': 'FlexEdge(size=None, ratio=2, minimum_size=25)', 'index': '1'}
2026-08-23 04:04:18.767 /testbed/rich/_ratio.py:57 rich._ratio.ratio_resolve event=line locals={}
2026-08-23 04:04:18.768 /testbed/rich/_ratio.py:58 rich._ratio.ratio_resolve event=line locals={'edge': 'FlexEdge(size=None, ratio=3, minimum_size=34)', 'index': '2'}
2026-08-23 04:04:18.768 /testbed/rich/_ratio.py:57 rich._ratio.ratio_resolve event=line locals={}
2026-08-23 04:04:18.768 /testbed/rich/_ratio.py:58 rich._ratio.ratio_resolve event=line locals={'edge': 'FlexEdge(size=None, ratio=4, minimum_size=19)', 'index': '3'}
2026-08-23 04:04:18.768 /testbed/rich/_ratio.py:57 rich._ratio.ratio_resolve event=line locals={}
2026-08-23 04:04:18.768 /testbed/rich/_ratio.py:58 rich._ratio.ratio_resolve event=line locals={'edge': 'FlexEdge(size=None, ratio=6, minimum_size=44)', 'index': '5'}
2026-08-23 04:04:18.768 /testbed/rich/_ratio.py:57 rich._ratio.ratio_resolve event=line locals={}
2026-08-23 04:04:18.768 /testbed/rich/_ratio.py:58 rich._ratio.ratio_resolve event=line locals={'edge': 'FlexEdge(size=None, ratio=7, minimum_size=25)', 'index': '6'}
2026-08-23 04:04:18.768 /testbed/rich/_ratio.py:57 rich._ratio.ratio_resolve event=line locals={}
2026-08-23 04:04:18.769 /testbed/rich/_ratio.py:58 rich._ratio.ratio_resolve event=line locals={'edge': 'FlexEdge(size=None, ratio=8, minimum_size=38)', 'index': '7'}
2026-08-23 04:04:18.769 /testbed/rich/_ratio.py:57 rich._ratio.ratio_resolve event=line locals={}
2026-08-23 04:04:18.769 /testbed/rich/_ratio.py:58 rich._ratio.ratio_resolve event=line locals={'edge': 'FlexEdge(size=None, ratio=10, minimum_size=30)', 'index': '9'}
2026-08-23 04:04:18.769 /testbed/rich/_ratio.py:57 rich._ratio.ratio_resolve event=line locals={}
2026-08-23 04:04:18.769 /testbed/rich/_ratio.py:58 rich._ratio.ratio_resolve event=line locals={'edge': 'FlexEdge(size=None, ratio=11, minimum_size=45)', 'index': '10'}
2026-08-23 04:04:18.769 /testbed/rich/_ratio.py:57 rich._ratio.ratio_resolve event=line locals={}
2026-08-23 04:04:18.769 /testbed/rich/_ratio.py:58 rich._ratio.ratio_resolve event=line locals={'edge': 'FlexEdge(size=None, ratio=12, minimum_size=55)', 'index': '11'}
2026-08-23 04:04:18.769 /testbed/rich/_ratio.py:57 rich._ratio.ratio_resolve event=line locals={}
2026-08-23 04:04:18.770 /testbed/rich/_ratio.py:58 rich._ratio.ratio_resolve event=line locals={'edge': 'FlexEdge(size=None, ratio=14, minimum_size=49)', 'index': '13'}
2026-08-23 04:04:18.770 /testbed/rich/_ratio.py:57 rich._ratio.ratio_resolve event=line locals={}
2026-08-23 04:04:18.770 /testbed/rich/_ratio.py:58 rich._ratio.ratio_resolve event=line locals={'edge': 'FlexEdge(size=None, ratio=15, minimum_size=63)', 'index': '14'}
2026-08-23 04:04:18.770 /testbed/rich/_ratio.py:57 rich._ratio.ratio_resolve event=line locals={}
2026-08-23 04:04:18.770 /testbed/rich/_ratio.py:58 rich._ratio.ratio_resolve event=line locals={'edge': 'FlexEdge(size=None, ratio=16, minimum_size=43)', 'index': '15'}
2026-08-23 04:04:18.770 /testbed/rich/_ratio.py:57 rich._ratio.ratio_resolve event=line locals={}
2026-08-23 04:04:18.770 /testbed/rich/_ratio.py:58 rich._ratio.ratio_resolve event=line locals={'edge': 'FlexEdge(size=None, ratio=18, minimum_size=71)', 'index': '17'}
2026-08-23 04:04:18.770 /testbed/rich/_ratio.py:57 rich._ratio.ratio_resolve event=line locals={}
2026-08-23 04:04:18.771 /testbed/rich/_ratio.py:58 rich._ratio.ratio_resolve event=line locals={'edge': 'FlexEdge(size=None, ratio=19, minimum_size=51)', 'index': '18'}
2026-08-23 04:04:18.771 /testbed/rich/_ratio.py:57 rich._ratio.ratio_resolve event=line locals={}
2026-08-23 04:04:18.771 /testbed/rich/_ratio.py:58 rich._ratio.ratio_resolve event=line locals={'edge': 'FlexEdge(size=None, ratio=1, minimum_size=65)', 'index': '19'}
2026-08-23 04:04:18.771 /testbed/rich/_ratio.py:59 rich._ratio.ratio_resolve event=line locals={}
2026-08-23 04:04:18.771 /testbed/rich/_ratio.py:61 rich._ratio.ratio_resolve event=line locals={'sizes': '[None, None, None, None, 44, None, None, None, 56, None, None, None, 38, None, None, None, 72, None, None, 65, 52, None, None, None, 68, None, None, None, 102, None, None, None, 78, None, None, None, 101, None, None, None, 76, None, None, None, 112, None, None, None, 131, None, None, None, 110, None, None, None, 139, None, None, None, 125, None, None, None, 137, None, None, None, 152, None, None, None, 151, None, None, None, 169, None, None, None, 147, None, None, None, 185, None, None, None, 20...'}
2026-08-23 04:04:18.771 /testbed/rich/_ratio.py:36 rich._ratio.ratio_resolve event=line locals={}
2026-08-23 04:04:18.771 /testbed/rich/_ratio.py:38 rich._ratio.ratio_resolve event=line locals={}
2026-08-23 04:04:18.771 /testbed/rich/_ratio.py:40 rich._ratio.ratio_resolve event=line locals={}
2026-08-23 04:04:18.771 /testbed/rich/_ratio.py:38 rich._ratio.ratio_resolve event=line locals={}
2026-08-23 04:04:18.772 /testbed/rich/_ratio.py:44 rich._ratio.ratio_resolve event=line locals={}
2026-08-23 04:04:18.773 /testbed/rich/_ratio.py:45 rich._ratio.ratio_resolve event=line locals={'remaining': '11407'}
2026-08-23 04:04:18.773 /testbed/rich/_ratio.py:52 rich._ratio.ratio_resolve event=line locals={}
2026-08-23 04:04:18.773 /testbed/rich/_ratio.py:53 rich._ratio.ratio_resolve event=line locals={}
2026-08-23 04:04:18.773 /testbed/rich/_ratio.py:52 rich._ratio.ratio_resolve event=line locals={}
2026-08-23 04:04:18.773 /testbed/rich/_ratio.py:57 rich._ratio.ratio_resolve event=line locals={'portion': 'Fraction(1037, 65)'}
2026-08-23 04:04:18.773 /testbed/rich/_ratio.py:58 rich._ratio.ratio_resolve event=line locals={'edge': 'FlexEdge(size=None, ratio=1, minimum_size=11)', 'index': '0'}
2026-08-23 04:04:18.773 /testbed/rich/_ratio.py:57 rich._ratio.ratio_resolve event=line locals={}
2026-08-23 04:04:18.774 /testbed/rich/_ratio.py:58 rich._ratio.ratio_resolve event=line locals={'edge': 'FlexEdge(size=None, ratio=2, minimum_size=25)', 'index': '1'}
2026-08-23 04:04:18.774 /testbed/rich/_ratio.py:57 rich._ratio.ratio_resolve event=line locals={}
2026-08-23 04:04:18.774 /testbed/rich/_ratio.py:58 rich._ratio.ratio_resolve event=line locals={'edge': 'FlexEdge(size=None, ratio=3, minimum_size=34)', 'index': '2'}
2026-08-23 04:04:18.774 /testbed/rich/_ratio.py:57 rich._ratio.ratio_resolve event=line locals={}
2026-08-23 04:04:18.774 /testbed/rich/_ratio.py:58 rich._ratio.ratio_resolve event=line locals={'edge': 'FlexEdge(size=None, ratio=4, minimum_size=19)', 'index': '3'}
2026-08-23 04:04:18.774 /testbed/rich/_ratio.py:57 rich._ratio.ratio_resolve event=line locals={}
2026-08-23 04:04:18.774 /testbed/rich/_ratio.py:58 rich._ratio.ratio_resolve event=line locals={'edge': 'FlexEdge(size=None, ratio=6, minimum_size=44)', 'index': '5'}
2026-08-23 04:04:18.774 /testbed/rich/_ratio.py:57 rich._ratio.ratio_resolve event=line locals={}
2026-08-23 04:04:18.775 /testbed/rich/_ratio.py:58 rich._ratio.ratio_resolve event=line locals={'edge': 'FlexEdge(size=None, ratio=7, minimum_size=25)', 'index': '6'}
2026-08-23 04:04:18.775 /testbed/rich/_ratio.py:57 rich._ratio.ratio_resolve event=line locals={}
2026-08-23 04:04:18.775 /testbed/rich/_ratio.py:58 rich._ratio.ratio_resolve event=line locals={'edge': 'FlexEdge(size=None, ratio=8, minimum_size=38)', 'index': '7'}
2026-08-23 04:04:18.775 /testbed/rich/_ratio.py:57 rich._ratio.ratio_resolve event=line locals={}
2026-08-23 04:04:18.775 /testbed/rich/_ratio.py:58 rich._ratio.ratio_resolve event=line locals={'edge': 'FlexEdge(size=None, ratio=10, minimum_size=30)', 'index': '9'}
2026-08-23 04:04:18.775 /testbed/rich/_ratio.py:57 rich._ratio.ratio_resolve event=line locals={}
2026-08-23 04:04:18.775 /testbed/rich/_ratio.py:58 rich._ratio.ratio_resolve event=line locals={'edge': 'FlexEdge(size=None, ratio=11, minimum_size=45)', 'index': '10'}
2026-08-23 04:04:18.775 /testbed/rich/_ratio.py:57 rich._ratio.ratio_resolve event=line locals={}
2026-08-23 04:04:18.776 /testbed/rich/_ratio.py:58 rich._ratio.ratio_resolve event=line locals={'edge': 'FlexEdge(size=None, ratio=12, minimum_size=55)', 'index': '11'}
2026-08-23 04:04:18.776 /testbed/rich/_ratio.py:57 rich._ratio.ratio_resolve event=line locals={}
2026-08-23 04:04:18.776 /testbed/rich/_ratio.py:58 rich._ratio.ratio_resolve event=line locals={'edge': 'FlexEdge(size=None, ratio=14, minimum_size=49)', 'index': '13'}
2026-08-23 04:04:18.776 /testbed/rich/_ratio.py:57 rich._ratio.ratio_resolve event=line locals={}
2026-08-23 04:04:18.776 /testbed/rich/_ratio.py:58 rich._ratio.ratio_resolve event=line locals={'edge': 'FlexEdge(size=None, ratio=15, minimum_size=63)', 'index': '14'}
2026-08-23 04:04:18.776 /testbed/rich/_ratio.py:57 rich._ratio.ratio_resolve event=line locals={}
2026-08-23 04:04:18.776 /testbed/rich/_ratio.py:58 rich._ratio.ratio_resolve event=line locals={'edge': 'FlexEdge(size=None, ratio=16, minimum_size=43)', 'index': '15'}
2026-08-23 04:04:18.776 /testbed/rich/_ratio.py:57 rich._ratio.ratio_resolve event=line locals={}
2026-08-23 04:04:18.777 /testbed/rich/_ratio.py:58 rich._ratio.ratio_resolve event=line locals={'edge': 'FlexEdge(size=None, ratio=18, minimum_size=71)', 'index': '17'}
2026-08-23 04:04:18.777 /testbed/rich/_ratio.py:57 rich._ratio.ratio_resolve event=line locals={}
2026-08-23 04:04:18.777 /testbed/rich/_ratio.py:58 rich._ratio.ratio_resolve event=line locals={'edge': 'FlexEdge(size=None, ratio=19, minimum_size=51)', 'index': '18'}
2026-08-23 04:04:18.777 /testbed/rich/_ratio.py:57 rich._ratio.ratio_resolve event=line locals={}
2026-08-23 04:04:18.777 /testbed/rich/_ratio.py:58 rich._ratio.ratio_resolve event=line locals={'edge': 'FlexEdge(size=None, ratio=3, minimum_size=60)', 'index': '21'}
2026-08-23 04:04:18.777 /testbed/rich/_ratio.py:59 rich._ratio.ratio_resolve event=line locals={}
2026-08-23 04:04:18.777 /testbed/rich/_ratio.py:61 rich._ratio.ratio_resolve event=line locals={'sizes': '[None, None, None, None, 44, None, None, None, 56, None, None, None, 38, None, None, None, 72, None, None, 65, 52, 60, None, None, 68, None, None, None, 102, None, None, None, 78, None, None, None, 101, None, None, None, 76, None, None, None, 112, None, None, None, 131, None, None, None, 110, None, None, None, 139, None, None, None, 125, None, None, None, 137, None, None, None, 152, None, None, None, 151, None, None, None, 169, None, None, None, 147, None, None, None, 185, None, None, None, 200,...'}
2026-08-23 04:04:18.777 /testbed/rich/_ratio.py:36 rich._ratio.ratio_resolve event=line locals={}
2026-08-23 04:04:18.777 /testbed/rich/_ratio.py:38 rich._ratio.ratio_resolve event=line locals={}
2026-08-23 04:04:18.778 /testbed/rich/_ratio.py:40 rich._ratio.ratio_resolve event=line locals={}
2026-08-23 04:04:18.778 /testbed/rich/_ratio.py:38 rich._ratio.ratio_resolve event=line locals={}
2026-08-23 04:04:18.778 /testbed/rich/_ratio.py:44 rich._ratio.ratio_resolve event=line locals={}
2026-08-23 04:04:18.779 /testbed/rich/_ratio.py:45 rich._ratio.ratio_resolve event=line locals={'remaining': '11347'}
2026-08-23 04:04:18.779 /testbed/rich/_ratio.py:52 rich._ratio.ratio_resolve event=line locals={}
2026-08-23 04:04:18.779 /testbed/rich/_ratio.py:53 rich._ratio.ratio_resolve event=line locals={}
2026-08-23 04:04:18.779 /testbed/rich/_ratio.py:52 rich._ratio.ratio_resolve event=line locals={}
2026-08-23 04:04:18.779 /testbed/rich/_ratio.py:57 rich._ratio.ratio_resolve event=line locals={'portion': 'Fraction(11347, 712)'}
2026-08-23 04:04:18.779 /testbed/rich/_ratio.py:58 rich._ratio.ratio_resolve event=line locals={'edge': 'FlexEdge(size=None, ratio=1, minimum_size=11)', 'index': '0'}
2026-08-23 04:04:18.780 /testbed/rich/_ratio.py:57 rich._ratio.ratio_resolve event=line locals={}
2026-08-23 04:04:18.780 /testbed/rich/_ratio.py:58 rich._ratio.ratio_resolve event=line locals={'edge': 'FlexEdge(size=None, ratio=2, minimum_size=25)', 'index': '1'}
2026-08-23 04:04:18.780 /testbed/rich/_ratio.py:57 rich._ratio.ratio_resolve event=line locals={}
2026-08-23 04:04:18.780 /testbed/rich/_ratio.py:58 rich._ratio.ratio_resolve event=line locals={'edge': 'FlexEdge(size=None, ratio=3, minimum_size=34)', 'index': '2'}
2026-08-23 04:04:18.780 /testbed/rich/_ratio.py:57 rich._ratio.ratio_resolve event=line locals={}
2026-08-23 04:04:18.780 /testbed/rich/_ratio.py:58 rich._ratio.ratio_resolve event=line locals={'edge': 'FlexEdge(size=None, ratio=4, minimum_size=19)', 'index': '3'}
2026-08-23 04:04:18.780 /testbed/rich/_ratio.py:57 rich._ratio.ratio_resolve event=line locals={}
2026-08-23 04:04:18.780 /testbed/rich/_ratio.py:58 rich._ratio.ratio_resolve event=line locals={'edge': 'FlexEdge(size=None, ratio=6, minimum_size=44)', 'index': '5'}
2026-08-23 04:04:18.781 /testbed/rich/_ratio.py:57 rich._ratio.ratio_resolve event=line locals={}
2026-08-23 04:04:18.781 /testbed/rich/_ratio.py:58 rich._ratio.ratio_resolve event=line locals={'edge': 'FlexEdge(size=None, ratio=7, minimum_size=25)', 'index': '6'}
2026-08-23 04:04:18.781 /testbed/rich/_ratio.py:57 rich._ratio.ratio_resolve event=line locals={}
2026-08-23 04:04:18.781 /testbed/rich/_ratio.py:58 rich._ratio.ratio_resolve event=line locals={'edge': 'FlexEdge(size=None, ratio=8, minimum_size=38)', 'index': '7'}
2026-08-23 04:04:18.781 /testbed/rich/_ratio.py:57 rich._ratio.ratio_resolve event=line locals={}
2026-08-23 04:04:18.781 /testbed/rich/_ratio.py:58 rich._ratio.ratio_resolve event=line locals={'edge': 'FlexEdge(size=None, ratio=10, minimum_size=30)', 'index': '9'}
2026-08-23 04:04:18.781 /testbed/rich/_ratio.py:57 rich._ratio.ratio_resolve event=line locals={}
2026-08-23 04:04:18.782 /testbed/rich/_ratio.py:58 rich._ratio.ratio_resolve event=line locals={'edge': 'FlexEdge(size=None, ratio=11, minimum_size=45)', 'index': '10'}
2026-08-23 04:04:18.782 /testbed/rich/_ratio.py:57 rich._ratio.ratio_resolve event=line locals={}
2026-08-23 04:04:18.782 /testbed/rich/_ratio.py:58 rich._ratio.ratio_resolve event=line locals={'edge': 'FlexEdge(size=None, ratio=12, minimum_size=55)', 'index': '11'}
2026-08-23 04:04:18.782 /testbed/rich/_ratio.py:57 rich._ratio.ratio_resolve event=line locals={}
2026-08-23 04:04:18.782 /testbed/rich/_ratio.py:58 rich._ratio.ratio_resolve event=line locals={'edge': 'FlexEdge(size=None, ratio=14, minimum_size=49)', 'index': '13'}
2026-08-23 04:04:18.782 /testbed/rich/_ratio.py:57 rich._ratio.ratio_resolve event=line locals={}
2026-08-23 04:04:18.782 /testbed/rich/_ratio.py:58 rich._ratio.ratio_resolve event=line locals={'edge': 'FlexEdge(size=None, ratio=15, minimum_size=63)', 'index': '14'}
2026-08-23 04:04:18.782 /testbed/rich/_ratio.py:57 rich._ratio.ratio_resolve event=line locals={}
2026-08-23 04:04:18.783 /testbed/rich/_ratio.py:58 rich._ratio.ratio_resolve event=line locals={'edge': 'FlexEdge(size=None, ratio=16, minimum_size=43)', 'index': '15'}
2026-08-23 04:04:18.783 /testbed/rich/_ratio.py:57 rich._ratio.ratio_resolve event=line locals={}
2026-08-23 04:04:18.783 /testbed/rich/_ratio.py:58 rich._ratio.ratio_resolve event=line locals={'edge': 'FlexEdge(size=None, ratio=18, minimum_size=71)', 'index': '17'}
2026-08-23 04:04:18.783 /testbed/rich/_ratio.py:57 rich._ratio.ratio_resolve event=line locals={}
2026-08-23 04:04:18.783 /testbed/rich/_ratio.py:58 rich._ratio.ratio_resolve event=line locals={'edge': 'FlexEdge(size=None, ratio=19, minimum_size=51)', 'index': '18'}
2026-08-23 04:04:18.783 /testbed/rich/_ratio.py:57 rich._ratio.ratio_resolve event=line locals={}
2026-08-23 04:04:18.783 /testbed/rich/_ratio.py:58 rich._ratio.ratio_resolve event=line locals={'edge': 'FlexEdge(size=None, ratio=4, minimum_size=70)', 'index': '22'}
2026-08-23 04:04:18.783 /testbed/rich/_ratio.py:59 rich._ratio.ratio_resolve event=line locals={}
2026-08-23 04:04:18.784 /testbed/rich/_ratio.py:61 rich._ratio.ratio_resolve event=line locals={'sizes': '[None, None, None, None, 44, None, None, None, 56, None, None, None, 38, None, None, None, 72, None, None, 65, 52, 60, 70, None, 68, None, None, None, 102, None, None, None, 78, None, None, None, 101, None, None, None, 76, None, None, None, 112, None, None, None, 131, None, None, None, 110, None, None, None, 139, None, None, None, 125, None, None, None, 137, None, None, None, 152, None, None, None, 151, None, None, None, 169, None, None, None, 147, None, None, None, 185, None, None, None, 200, N...'}
2026-08-23 04:04:18.784 /testbed/rich/_ratio.py:36 rich._ratio.ratio_resolve event=line locals={}
2026-08-23 04:04:18.784 /testbed/rich/_ratio.py:38 rich._ratio.ratio_resolve event=line locals={}
2026-08-23 04:04:18.784 /testbed/rich/_ratio.py:40 rich._ratio.ratio_resolve event=line locals={}
2026-08-23 04:04:18.784 /testbed/rich/_ratio.py:38 rich._ratio.ratio_resolve event=line locals={}
2026-08-23 04:04:18.785 /testbed/rich/_ratio.py:44 rich._ratio.ratio_resolve event=line locals={}
2026-08-23 04:04:18.785 /testbed/rich/_ratio.py:45 rich._ratio.ratio_resolve event=line locals={'remaining': '11277'}
2026-08-23 04:04:18.785 /testbed/rich/_ratio.py:52 rich._ratio.ratio_resolve event=line locals={}
2026-08-23 04:04:18.785 /testbed/rich/_ratio.py:53 rich._ratio.ratio_resolve event=line locals={}
2026-08-23 04:04:18.786 /testbed/rich/_ratio.py:52 rich._ratio.ratio_resolve event=line locals={}
2026-08-23 04:04:18.786 /testbed/rich/_ratio.py:57 rich._ratio.ratio_resolve event=line locals={'portion': 'Fraction(3759, 236)'}
2026-08-23 04:04:18.786 /testbed/rich/_ratio.py:58 rich._ratio.ratio_resolve event=line locals={'edge': 'FlexEdge(size=None, ratio=1, minimum_size=11)', 'index': '0'}
2026-08-23 04:04:18.786 /testbed/rich/_ratio.py:57 rich._ratio.ratio_resolve event=line locals={}
2026-08-23 04:04:18.786 /testbed/rich/_ratio.py:58 rich._ratio.ratio_resolve event=line locals={'edge': 'FlexEdge(size=None, ratio=2, minimum_size=25)', 'index': '1'}
2026-08-23 04:04:18.786 /testbed/rich/_ratio.py:57 rich._ratio.ratio_resolve event=line locals={}
2026-08-23 04:04:18.786 /testbed/rich/_ratio.py:58 rich._ratio.ratio_resolve event=line locals={'edge': 'FlexEdge(size=None, ratio=3, minimum_size=34)', 'index': '2'}
2026-08-23 04:04:18.786 /testbed/rich/_ratio.py:57 rich._ratio.ratio_resolve event=line locals={}
2026-08-23 04:04:18.787 /testbed/rich/_ratio.py:58 rich._ratio.ratio_resolve event=line locals={'edge': 'FlexEdge(size=None, ratio=4, minimum_size=19)', 'index': '3'}
2026-08-23 04:04:18.787 /testbed/rich/_ratio.py:57 rich._ratio.ratio_resolve event=line locals={}
2026-08-23 04:04:18.787 /testbed/rich/_ratio.py:58 rich._ratio.ratio_resolve event=line locals={'edge': 'FlexEdge(size=None, ratio=6, minimum_size=44)', 'index': '5'}
2026-08-23 04:04:18.787 /testbed/rich/_ratio.py:57 rich._ratio.ratio_resolve event=line locals={}
2026-08-23 04:04:18.787 /testbed/rich/_ratio.py:58 rich._ratio.ratio_resolve event=line locals={'edge': 'FlexEdge(size=None, ratio=7, minimum_size=25)', 'index': '6'}
2026-08-23 04:04:18.787 /testbed/rich/_ratio.py:57 rich._ratio.ratio_resolve event=line locals={}
2026-08-23 04:04:18.787 /testbed/rich/_ratio.py:58 rich._ratio.ratio_resolve event=line locals={'edge': 'FlexEdge(size=None, ratio=8, minimum_size=38)', 'index': '7'}
2026-08-23 04:04:18.787 /testbed/rich/_ratio.py:57 rich._ratio.ratio_resolve event=line locals={}
2026-08-23 04:04:18.788 /testbed/rich/_ratio.py:58 rich._ratio.ratio_resolve event=line locals={'edge': 'FlexEdge(size=None, ratio=10, minimum_size=30)', 'index': '9'}
2026-08-23 04:04:18.788 /testbed/rich/_ratio.py:57 rich._ratio.ratio_resolve event=line locals={}
2026-08-23 04:04:18.788 /testbed/rich/_ratio.py:58 rich._ratio.ratio_resolve event=line locals={'edge': 'FlexEdge(size=None, ratio=11, minimum_size=45)', 'index': '10'}
2026-08-23 04:04:18.788 /testbed/rich/_ratio.py:57 rich._ratio.ratio_resolve event=line locals={}
2026-08-23 04:04:18.788 /testbed/rich/_ratio.py:58 rich._ratio.ratio_resolve event=line locals={'edge': 'FlexEdge(size=None, ratio=12, minimum_size=55)', 'index': '11'}
2026-08-23 04:04:18.788 /testbed/rich/_ratio.py:57 rich._ratio.ratio_resolve event=line locals={}
2026-08-23 04:04:18.788 /testbed/rich/_ratio.py:58 rich._ratio.ratio_resolve event=line locals={'edge': 'FlexEdge(size=None, ratio=14, minimum_size=49)', 'index': '13'}
2026-08-23 04:04:18.788 /testbed/rich/_ratio.py:57 rich._ratio.ratio_resolve event=line locals={}
2026-08-23 04:04:18.788 /testbed/rich/_ratio.py:58 rich._ratio.ratio_resolve event=line locals={'edge': 'FlexEdge(size=None, ratio=15, minimum_size=63)', 'index': '14'}
2026-08-23 04:04:18.789 /testbed/rich/_ratio.py:57 rich._ratio.ratio_resolve event=line locals={}
2026-08-23 04:04:18.789 /testbed/rich/_ratio.py:58 rich._ratio.ratio_resolve event=line locals={'edge': 'FlexEdge(size=None, ratio=16, minimum_size=43)', 'index': '15'}
2026-08-23 04:04:18.789 /testbed/rich/_ratio.py:57 rich._ratio.ratio_resolve event=line locals={}
2026-08-23 04:04:18.789 /testbed/rich/_ratio.py:58 rich._ratio.ratio_resolve event=line locals={'edge': 'FlexEdge(size=None, ratio=18, minimum_size=71)', 'index': '17'}
2026-08-23 04:04:18.789 /testbed/rich/_ratio.py:57 rich._ratio.ratio_resolve event=line locals={}
2026-08-23 04:04:18.789 /testbed/rich/_ratio.py:58 rich._ratio.ratio_resolve event=line locals={'edge': 'FlexEdge(size=None, ratio=19, minimum_size=51)', 'index': '18'}
2026-08-23 04:04:18.789 /testbed/rich/_ratio.py:57 rich._ratio.ratio_resolve event=line locals={}
2026-08-23 04:04:18.789 /testbed/rich/_ratio.py:58 rich._ratio.ratio_resolve event=line locals={'edge': 'FlexEdge(size=None, ratio=5, minimum_size=50)', 'index': '23'}
2026-08-23 04:04:18.790 /testbed/rich/_ratio.py:57 rich._ratio.ratio_resolve event=line locals={}
2026-08-23 04:04:18.790 /testbed/rich/_ratio.py:58 rich._ratio.ratio_resolve event=line locals={'edge': 'FlexEdge(size=None, ratio=7, minimum_size=81)', 'index': '25'}
2026-08-23 04:04:18.790 /testbed/rich/_ratio.py:57 rich._ratio.ratio_resolve event=line locals={}
2026-08-23 04:04:18.790 /testbed/rich/_ratio.py:58 rich._ratio.ratio_resolve event=line locals={'edge': 'FlexEdge(size=None, ratio=8, minimum_size=53)', 'index': '26'}
2026-08-23 04:04:18.790 /testbed/rich/_ratio.py:57 rich._ratio.ratio_resolve event=line locals={}
2026-08-23 04:04:18.790 /testbed/rich/_ratio.py:58 rich._ratio.ratio_resolve event=line locals={'edge': 'FlexEdge(size=None, ratio=9, minimum_size=72)', 'index': '27'}
2026-08-23 04:04:18.790 /testbed/rich/_ratio.py:57 rich._ratio.ratio_resolve event=line locals={}
2026-08-23 04:04:18.790 /testbed/rich/_ratio.py:58 rich._ratio.ratio_resolve event=line locals={'edge': 'FlexEdge(size=None, ratio=11, minimum_size=61)', 'index': '29'}
2026-08-23 04:04:18.791 /testbed/rich/_ratio.py:57 rich._ratio.ratio_resolve event=line locals={}
2026-08-23 04:04:18.791 /testbed/rich/_ratio.py:58 rich._ratio.ratio_resolve event=line locals={'edge': 'FlexEdge(size=None, ratio=12, minimum_size=80)', 'index': '30'}
2026-08-23 04:04:18.791 /testbed/rich/_ratio.py:57 rich._ratio.ratio_resolve event=line locals={}
2026-08-23 04:04:18.791 /testbed/rich/_ratio.py:58 rich._ratio.ratio_resolve event=line locals={'edge': 'FlexEdge(size=None, ratio=13, minimum_size=94)', 'index': '31'}
2026-08-23 04:04:18.791 /testbed/rich/_ratio.py:57 rich._ratio.ratio_resolve event=line locals={}
2026-08-23 04:04:18.791 /testbed/rich/_ratio.py:58 rich._ratio.ratio_resolve event=line locals={'edge': 'FlexEdge(size=None, ratio=15, minimum_size=87)', 'index': '33'}
2026-08-23 04:04:18.791 /testbed/rich/_ratio.py:57 rich._ratio.ratio_resolve event=line locals={}
2026-08-23 04:04:18.791 /testbed/rich/_ratio.py:58 rich._ratio.ratio_resolve event=line locals={'edge': 'FlexEdge(size=None, ratio=16, minimum_size=98)', 'index': '34'}
2026-08-23 04:04:18.792 /testbed/rich/_ratio.py:57 rich._ratio.ratio_resolve event=line locals={}
2026-08-23 04:04:18.792 /testbed/rich/_ratio.py:58 rich._ratio.ratio_resolve event=line locals={'edge': 'FlexEdge(size=None, ratio=17, minimum_size=74)', 'index': '35'}
2026-08-23 04:04:18.792 /testbed/rich/_ratio.py:57 rich._ratio.ratio_resolve event=line locals={}
2026-08-23 04:04:18.792 /testbed/rich/_ratio.py:58 rich._ratio.ratio_resolve event=line locals={'edge': 'FlexEdge(size=None, ratio=19, minimum_size=70)', 'index': '37'}
2026-08-23 04:04:18.792 /testbed/rich/_ratio.py:57 rich._ratio.ratio_resolve event=line locals={}
2026-08-23 04:04:18.792 /testbed/rich/_ratio.py:58 rich._ratio.ratio_resolve event=line locals={'edge': 'FlexEdge(size=None, ratio=1, minimum_size=83)', 'index': '38'}
2026-08-23 04:04:18.792 /testbed/rich/_ratio.py:59 rich._ratio.ratio_resolve event=line locals={}
2026-08-23 04:04:18.792 /testbed/rich/_ratio.py:61 rich._ratio.ratio_resolve event=line locals={'sizes': '[None, None, None, None, 44, None, None, None, 56, None, None, None, 38, None, None, None, 72, None, None, 65, 52, 60, 70, None, 68, None, None, None, 102, None, None, None, 78, None, None, None, 101, None, 83, None, 76, None, None, None, 112, None, None, None, 131, None, None, None, 110, None, None, None, 139, None, None, None, 125, None, None, None, 137, None, None, None, 152, None, None, None, 151, None, None, None, 169, None, None, None, 147, None, None, None, 185, None, None, None, 200, Non...'}
2026-08-23 04:04:18.793 /testbed/rich/_ratio.py:36 rich._ratio.ratio_resolve event=line locals={}
2026-08-23 04:04:18.793 /testbed/rich/_ratio.py:38 rich._ratio.ratio_resolve event=line locals={}
2026-08-23 04:04:18.793 /testbed/rich/_ratio.py:40 rich._ratio.ratio_resolve event=line locals={}
2026-08-23 04:04:18.793 /testbed/rich/_ratio.py:38 rich._ratio.ratio_resolve event=line locals={}
2026-08-23 04:04:18.794 /testbed/rich/_ratio.py:44 rich._ratio.ratio_resolve event=line locals={}
2026-08-23 04:04:18.794 /testbed/rich/_ratio.py:45 rich._ratio.ratio_resolve event=line locals={'remaining': '11194'}
2026-08-23 04:04:18.794 /testbed/rich/_ratio.py:52 rich._ratio.ratio_resolve event=line locals={}
2026-08-23 04:04:18.794 /testbed/rich/_ratio.py:53 rich._ratio.ratio_resolve event=line locals={}
2026-08-23 04:04:18.795 /testbed/rich/_ratio.py:52 rich._ratio.ratio_resolve event=line locals={}
2026-08-23 04:04:18.795 /testbed/rich/_ratio.py:57 rich._ratio.ratio_resolve event=line locals={'portion': 'Fraction(11194, 707)'}
2026-08-23 04:04:18.795 /testbed/rich/_ratio.py:58 rich._ratio.ratio_resolve event=line locals={'edge': 'FlexEdge(size=None, ratio=1, minimum_size=11)', 'index': '0'}
2026-08-23 04:04:18.795 /testbed/rich/_ratio.py:57 rich._ratio.ratio_resolve event=line locals={}
2026-08-23 04:04:18.795 /testbed/rich/_ratio.py:58 rich._ratio.ratio_resolve event=line locals={'edge': 'FlexEdge(size=None, ratio=2, minimum_size=25)', 'index': '1'}
2026-08-23 04:04:18.795 /testbed/rich/_ratio.py:57 rich._ratio.ratio_resolve event=line locals={}
2026-08-23 04:04:18.795 /testbed/rich/_ratio.py:58 rich._ratio.ratio_resolve event=line locals={'edge': 'FlexEdge(size=None, ratio=3, minimum_size=34)', 'index': '2'}
2026-08-23 04:04:18.796 /testbed/rich/_ratio.py:57 rich._ratio.ratio_resolve event=line locals={}
2026-08-23 04:04:18.796 /testbed/rich/_ratio.py:58 rich._ratio.ratio_resolve event=line locals={'edge': 'FlexEdge(size=None, ratio=4, minimum_size=19)', 'index': '3'}
2026-08-23 04:04:18.796 /testbed/rich/_ratio.py:57 rich._ratio.ratio_resolve event=line locals={}
2026-08-23 04:04:18.796 /testbed/rich/_ratio.py:58 rich._ratio.ratio_resolve event=line locals={'edge': 'FlexEdge(size=None, ratio=6, minimum_size=44)', 'index': '5'}
2026-08-23 04:04:18.796 /testbed/rich/_ratio.py:57 rich._ratio.ratio_resolve event=line locals={}
2026-08-23 04:04:18.796 /testbed/rich/_ratio.py:58 rich._ratio.ratio_resolve event=line locals={'edge': 'FlexEdge(size=None, ratio=7, minimum_size=25)', 'index': '6'}
2026-08-23 04:04:18.796 /testbed/rich/_ratio.py:57 rich._ratio.ratio_resolve event=line locals={}
2026-08-23 04:04:18.796 /testbed/rich/_ratio.py:58 rich._ratio.ratio_resolve event=line locals={'edge': 'FlexEdge(size=None, ratio=8, minimum_size=38)', 'index': '7'}
2026-08-23 04:04:18.797 /testbed/rich/_ratio.py:57 rich._ratio.ratio_resolve event=line locals={}
2026-08-23 04:04:18.797 /testbed/rich/_ratio.py:58 rich._ratio.ratio_resolve event=line locals={'edge': 'FlexEdge(size=None, ratio=10, minimum_size=30)', 'index': '9'}
2026-08-23 04:04:18.797 /testbed/rich/_ratio.py:57 rich._ratio.ratio_resolve event=line locals={}
2026-08-23 04:04:18.797 /testbed/rich/_ratio.py:58 rich._ratio.ratio_resolve event=line locals={'edge': 'FlexEdge(size=None, ratio=11, minimum_size=45)', 'index': '10'}
2026-08-23 04:04:18.797 /testbed/rich/_ratio.py:57 rich._ratio.ratio_resolve event=line locals={}
2026-08-23 04:04:18.797 /testbed/rich/_ratio.py:58 rich._ratio.ratio_resolve event=line locals={'edge': 'FlexEdge(size=None, ratio=12, minimum_size=55)', 'index': '11'}
2026-08-23 04:04:18.797 /testbed/rich/_ratio.py:57 rich._ratio.ratio_resolve event=line locals={}
2026-08-23 04:04:18.797 /testbed/rich/_ratio.py:58 rich._ratio.ratio_resolve event=line locals={'edge': 'FlexEdge(size=None, ratio=14, minimum_size=49)', 'index': '13'}
2026-08-23 04:04:18.798 /testbed/rich/_ratio.py:57 rich._ratio.ratio_resolve event=line locals={}
2026-08-23 04:04:18.798 /testbed/rich/_ratio.py:58 rich._ratio.ratio_resolve event=line locals={'edge': 'FlexEdge(size=None, ratio=15, minimum_size=63)', 'index': '14'}
2026-08-23 04:04:18.798 /testbed/rich/_ratio.py:57 rich._ratio.ratio_resolve event=line locals={}
2026-08-23 04:04:18.798 /testbed/rich/_ratio.py:58 rich._ratio.ratio_resolve event=line locals={'edge': 'FlexEdge(size=None, ratio=16, minimum_size=43)', 'index': '15'}
2026-08-23 04:04:18.798 /testbed/rich/_ratio.py:57 rich._ratio.ratio_resolve event=line locals={}
2026-08-23 04:04:18.798 /testbed/rich/_ratio.py:58 rich._ratio.ratio_resolve event=line locals={'edge': 'FlexEdge(size=None, ratio=18, minimum_size=71)', 'index': '17'}
2026-08-23 04:04:18.798 /testbed/rich/_ratio.py:57 rich._ratio.ratio_resolve event=line locals={}
2026-08-23 04:04:18.798 /testbed/rich/_ratio.py:58 rich._ratio.ratio_resolve event=line locals={'edge': 'FlexEdge(size=None, ratio=19, minimum_size=51)', 'index': '18'}
2026-08-23 04:04:18.798 /testbed/rich/_ratio.py:57 rich._ratio.ratio_resolve event=line locals={}
2026-08-23 04:04:18.799 /testbed/rich/_ratio.py:58 rich._ratio.ratio_resolve event=line locals={'edge': 'FlexEdge(size=None, ratio=5, minimum_size=50)', 'index': '23'}
2026-08-23 04:04:18.799 /testbed/rich/_ratio.py:57 rich._ratio.ratio_resolve event=line locals={}
2026-08-23 04:04:18.799 /testbed/rich/_ratio.py:58 rich._ratio.ratio_resolve event=line locals={'edge': 'FlexEdge(size=None, ratio=7, minimum_size=81)', 'index': '25'}
2026-08-23 04:04:18.799 /testbed/rich/_ratio.py:57 rich._ratio.ratio_resolve event=line locals={}
2026-08-23 04:04:18.799 /testbed/rich/_ratio.py:58 rich._ratio.ratio_resolve event=line locals={'edge': 'FlexEdge(size=None, ratio=8, minimum_size=53)', 'index': '26'}
2026-08-23 04:04:18.799 /testbed/rich/_ratio.py:57 rich._ratio.ratio_resolve event=line locals={}
2026-08-23 04:04:18.799 /testbed/rich/_ratio.py:58 rich._ratio.ratio_resolve event=line locals={'edge': 'FlexEdge(size=None, ratio=9, minimum_size=72)', 'index': '27'}
2026-08-23 04:04:18.799 /testbed/rich/_ratio.py:57 rich._ratio.ratio_resolve event=line locals={}
2026-08-23 04:04:18.800 /testbed/rich/_ratio.py:58 rich._ratio.ratio_resolve event=line locals={'edge': 'FlexEdge(size=None, ratio=11, minimum_size=61)', 'index': '29'}
2026-08-23 04:04:18.800 /testbed/rich/_ratio.py:57 rich._ratio.ratio_resolve event=line locals={}
2026-08-23 04:04:18.800 /testbed/rich/_ratio.py:58 rich._ratio.ratio_resolve event=line locals={'edge': 'FlexEdge(size=None, ratio=12, minimum_size=80)', 'index': '30'}
2026-08-23 04:04:18.800 /testbed/rich/_ratio.py:57 rich._ratio.ratio_resolve event=line locals={}
2026-08-23 04:04:18.800 /testbed/rich/_ratio.py:58 rich._ratio.ratio_resolve event=line locals={'edge': 'FlexEdge(size=None, ratio=13, minimum_size=94)', 'index': '31'}
2026-08-23 04:04:18.800 /testbed/rich/_ratio.py:57 rich._ratio.ratio_resolve event=line locals={}
2026-08-23 04:04:18.800 /testbed/rich/_ratio.py:58 rich._ratio.ratio_resolve event=line locals={'edge': 'FlexEdge(size=None, ratio=15, minimum_size=87)', 'index': '33'}
2026-08-23 04:04:18.800 /testbed/rich/_ratio.py:57 rich._ratio.ratio_resolve event=line locals={}
2026-08-23 04:04:18.801 /testbed/rich/_ratio.py:58 rich._ratio.ratio_resolve event=line locals={'edge': 'FlexEdge(size=None, ratio=16, minimum_size=98)', 'index': '34'}
2026-08-23 04:04:18.801 /testbed/rich/_ratio.py:57 rich._ratio.ratio_resolve event=line locals={}
2026-08-23 04:04:18.801 /testbed/rich/_ratio.py:58 rich._ratio.ratio_resolve event=line locals={'edge': 'FlexEdge(size=None, ratio=17, minimum_size=74)', 'index': '35'}
2026-08-23 04:04:18.801 /testbed/rich/_ratio.py:57 rich._ratio.ratio_resolve event=line locals={}
2026-08-23 04:04:18.801 /testbed/rich/_ratio.py:58 rich._ratio.ratio_resolve event=line locals={'edge': 'FlexEdge(size=None, ratio=19, minimum_size=70)', 'index': '37'}
2026-08-23 04:04:18.801 /testbed/rich/_ratio.py:57 rich._ratio.ratio_resolve event=line locals={}
2026-08-23 04:04:18.801 /testbed/rich/_ratio.py:58 rich._ratio.ratio_resolve event=line locals={'edge': 'FlexEdge(size=None, ratio=2, minimum_size=100)', 'index': '39'}
2026-08-23 04:04:18.801 /testbed/rich/_ratio.py:59 rich._ratio.ratio_resolve event=line locals={}
2026-08-23 04:04:18.802 /testbed/rich/_ratio.py:61 rich._ratio.ratio_resolve event=line locals={'sizes': '[None, None, None, None, 44, None, None, None, 56, None, None, None, 38, None, None, None, 72, None, None, 65, 52, 60, 70, None, 68, None, None, None, 102, None, None, None, 78, None, None, None, 101, None, 83, 100, 76, None, None, None, 112, None, None, None, 131, None, None, None, 110, None, None, None, 139, None, None, None, 125, None, None, None, 137, None, None, None, 152, None, None, None, 151, None, None, None, 169, None, None, None, 147, None, None, None, 185, None, None, None, 200, None...'}
2026-08-23 04:04:18.802 /testbed/rich/_ratio.py:36 rich._ratio.ratio_resolve event=line locals={}
2026-08-23 04:04:18.802 /testbed/rich/_ratio.py:38 rich._ratio.ratio_resolve event=line locals={}
2026-08-23 04:04:18.802 /testbed/rich/_ratio.py:40 rich._ratio.ratio_resolve event=line locals={}
2026-08-23 04:04:18.802 /testbed/rich/_ratio.py:38 rich._ratio.ratio_resolve event=line locals={}
2026-08-23 04:04:18.803 /testbed/rich/_ratio.py:44 rich._ratio.ratio_resolve event=line locals={}
2026-08-23 04:04:18.803 /testbed/rich/_ratio.py:45 rich._ratio.ratio_resolve event=line locals={'remaining': '11094'}
2026-08-23 04:04:18.803 /testbed/rich/_ratio.py:52 rich._ratio.ratio_resolve event=line locals={}
2026-08-23 04:04:18.803 /testbed/rich/_ratio.py:53 rich._ratio.ratio_resolve event=line locals={}
2026-08-23 04:04:18.804 /testbed/rich/_ratio.py:52 rich._ratio.ratio_resolve event=line locals={}
2026-08-23 04:04:18.804 /testbed/rich/_ratio.py:57 rich._ratio.ratio_resolve event=line locals={'portion': 'Fraction(3698, 235)'}
2026-08-23 04:04:18.804 /testbed/rich/_ratio.py:58 rich._ratio.ratio_resolve event=line locals={'edge': 'FlexEdge(size=None, ratio=1, minimum_size=11)', 'index': '0'}
2026-08-23 04:04:18.804 /testbed/rich/_ratio.py:57 rich._ratio.ratio_resolve event=line locals={}
2026-08-23 04:04:18.804 /testbed/rich/_ratio.py:58 rich._ratio.ratio_resolve event=line locals={'edge': 'FlexEdge(size=None, ratio=2, minimum_size=25)', 'index': '1'}
2026-08-23 04:04:18.804 /testbed/rich/_ratio.py:57 rich._ratio.ratio_resolve event=line locals={}
2026-08-23 04:04:18.804 /testbed/rich/_ratio.py:58 rich._ratio.ratio_resolve event=line locals={'edge': 'FlexEdge(size=None, ratio=3, minimum_size=34)', 'index': '2'}
2026-08-23 04:04:18.804 /testbed/rich/_ratio.py:57 rich._ratio.ratio_resolve event=line locals={}
2026-08-23 04:04:18.804 /testbed/rich/_ratio.py:58 rich._ratio.ratio_resolve event=line locals={'edge': 'FlexEdge(size=None, ratio=4, minimum_size=19)', 'index': '3'}
2026-08-23 04:04:18.805 /testbed/rich/_ratio.py:57 rich._ratio.ratio_resolve event=line locals={}
2026-08-23 04:04:18.805 /testbed/rich/_ratio.py:58 rich._ratio.ratio_resolve event=line locals={'edge': 'FlexEdge(size=None, ratio=6, minimum_size=44)', 'index': '5'}
2026-08-23 04:04:18.805 /testbed/rich/_ratio.py:57 rich._ratio.ratio_resolve event=line locals={}
2026-08-23 04:04:18.805 /testbed/rich/_ratio.py:58 rich._ratio.ratio_resolve event=line locals={'edge': 'FlexEdge(size=None, ratio=7, minimum_size=25)', 'index': '6'}
2026-08-23 04:04:18.805 /testbed/rich/_ratio.py:57 rich._ratio.ratio_resolve event=line locals={}
2026-08-23 04:04:18.805 /testbed/rich/_ratio.py:58 rich._ratio.ratio_resolve event=line locals={'edge': 'FlexEdge(size=None, ratio=8, minimum_size=38)', 'index': '7'}
2026-08-23 04:04:18.805 /testbed/rich/_ratio.py:57 rich._ratio.ratio_resolve event=line locals={}
2026-08-23 04:04:18.805 /testbed/rich/_ratio.py:58 rich._ratio.ratio_resolve event=line locals={'edge': 'FlexEdge(size=None, ratio=10, minimum_size=30)', 'index': '9'}
2026-08-23 04:04:18.806 /testbed/rich/_ratio.py:57 rich._ratio.ratio_resolve event=line locals={}
2026-08-23 04:04:18.806 /testbed/rich/_ratio.py:58 rich._ratio.ratio_resolve event=line locals={'edge': 'FlexEdge(size=None, ratio=11, minimum_size=45)', 'index': '10'}
2026-08-23 04:04:18.806 /testbed/rich/_ratio.py:57 rich._ratio.ratio_resolve event=line locals={}
2026-08-23 04:04:18.806 /testbed/rich/_ratio.py:58 rich._ratio.ratio_resolve event=line locals={'edge': 'FlexEdge(size=None, ratio=12, minimum_size=55)', 'index': '11'}
2026-08-23 04:04:18.806 /testbed/rich/_ratio.py:57 rich._ratio.ratio_resolve event=line locals={}
2026-08-23 04:04:18.806 /testbed/rich/_ratio.py:58 rich._ratio.ratio_resolve event=line locals={'edge': 'FlexEdge(size=None, ratio=14, minimum_size=49)', 'index': '13'}
2026-08-23 04:04:18.806 /testbed/rich/_ratio.py:57 rich._ratio.ratio_resolve event=line locals={}
2026-08-23 04:04:18.806 /testbed/rich/_ratio.py:58 rich._ratio.ratio_resolve event=line locals={'edge': 'FlexEdge(size=None, ratio=15, minimum_size=63)', 'index': '14'}
2026-08-23 04:04:18.807 /testbed/rich/_ratio.py:57 rich._ratio.ratio_resolve event=line locals={}
2026-08-23 04:04:18.807 /testbed/rich/_ratio.py:58 rich._ratio.ratio_resolve event=line locals={'edge': 'FlexEdge(size=None, ratio=16, minimum_size=43)', 'index': '15'}
2026-08-23 04:04:18.807 /testbed/rich/_ratio.py:57 rich._ratio.ratio_resolve event=line locals={}
2026-08-23 04:04:18.807 /testbed/rich/_ratio.py:58 rich._ratio.ratio_resolve event=line locals={'edge': 'FlexEdge(size=None, ratio=18, minimum_size=71)', 'index': '17'}
2026-08-23 04:04:18.807 /testbed/rich/_ratio.py:57 rich._ratio.ratio_resolve event=line locals={}
2026-08-23 04:04:18.807 /testbed/rich/_ratio.py:58 rich._ratio.ratio_resolve event=line locals={'edge': 'FlexEdge(size=None, ratio=19, minimum_size=51)', 'index': '18'}
2026-08-23 04:04:18.807 /testbed/rich/_ratio.py:57 rich._ratio.ratio_resolve event=line locals={}
2026-08-23 04:04:18.807 /testbed/rich/_ratio.py:58 rich._ratio.ratio_resolve event=line locals={'edge': 'FlexEdge(size=None, ratio=5, minimum_size=50)', 'index': '23'}
2026-08-23 04:04:18.808 /testbed/rich/_ratio.py:57 rich._ratio.ratio_resolve event=line locals={}
2026-08-23 04:04:18.808 /testbed/rich/_ratio.py:58 rich._ratio.ratio_resolve event=line locals={'edge': 'FlexEdge(size=None, ratio=7, minimum_size=81)', 'index': '25'}
2026-08-23 04:04:18.808 /testbed/rich/_ratio.py:57 rich._ratio.ratio_resolve event=line locals={}
2026-08-23 04:04:18.808 /testbed/rich/_ratio.py:58 rich._ratio.ratio_resolve event=line locals={'edge': 'FlexEdge(size=None, ratio=8, minimum_size=53)', 'index': '26'}
2026-08-23 04:04:18.808 /testbed/rich/_ratio.py:57 rich._ratio.ratio_resolve event=line locals={}
2026-08-23 04:04:18.808 /testbed/rich/_ratio.py:58 rich._ratio.ratio_resolve event=line locals={'edge': 'FlexEdge(size=None, ratio=9, minimum_size=72)', 'index': '27'}
2026-08-23 04:04:18.808 /testbed/rich/_ratio.py:57 rich._ratio.ratio_resolve event=line locals={}
2026-08-23 04:04:18.808 /testbed/rich/_ratio.py:58 rich._ratio.ratio_resolve event=line locals={'edge': 'FlexEdge(size=None, ratio=11, minimum_size=61)', 'index': '29'}
2026-08-23 04:04:18.808 /testbed/rich/_ratio.py:57 rich._ratio.ratio_resolve event=line locals={}
2026-08-23 04:04:18.809 /testbed/rich/_ratio.py:58 rich._ratio.ratio_resolve event=line locals={'edge': 'FlexEdge(size=None, ratio=12, minimum_size=80)', 'index': '30'}
2026-08-23 04:04:18.809 /testbed/rich/_ratio.py:57 rich._ratio.ratio_resolve event=line locals={}
2026-08-23 04:04:18.809 /testbed/rich/_ratio.py:58 rich._ratio.ratio_resolve event=line locals={'edge': 'FlexEdge(size=None, ratio=13, minimum_size=94)', 'index': '31'}
2026-08-23 04:04:18.809 /testbed/rich/_ratio.py:57 rich._ratio.ratio_resolve event=line locals={}
2026-08-23 04:04:18.809 /testbed/rich/_ratio.py:58 rich._ratio.ratio_resolve event=line locals={'edge': 'FlexEdge(size=None, ratio=15, minimum_size=87)', 'index': '33'}
2026-08-23 04:04:18.809 /testbed/rich/_ratio.py:57 rich._ratio.ratio_resolve event=line locals={}
2026-08-23 04:04:18.809 /testbed/rich/_ratio.py:58 rich._ratio.ratio_resolve event=line locals={'edge': 'FlexEdge(size=None, ratio=16, minimum_size=98)', 'index': '34'}
2026-08-23 04:04:18.809 /testbed/rich/_ratio.py:57 rich._ratio.ratio_resolve event=line locals={}
2026-08-23 04:04:18.810 /testbed/rich/_ratio.py:58 rich._ratio.ratio_resolve event=line locals={'edge': 'FlexEdge(size=None, ratio=17, minimum_size=74)', 'index': '35'}
2026-08-23 04:04:18.810 /testbed/rich/_ratio.py:57 rich._ratio.ratio_resolve event=line locals={}
2026-08-23 04:04:18.810 /testbed/rich/_ratio.py:58 rich._ratio.ratio_resolve event=line locals={'edge': 'FlexEdge(size=None, ratio=19, minimum_size=70)', 'index': '37'}
2026-08-23 04:04:18.810 /testbed/rich/_ratio.py:57 rich._ratio.ratio_resolve event=line locals={}
2026-08-23 04:04:18.810 /testbed/rich/_ratio.py:58 rich._ratio.ratio_resolve event=line locals={'edge': 'FlexEdge(size=None, ratio=4, minimum_size=92)', 'index': '41'}
2026-08-23 04:04:18.810 /testbed/rich/_ratio.py:59 rich._ratio.ratio_resolve event=line locals={}
2026-08-23 04:04:18.810 /testbed/rich/_ratio.py:61 rich._ratio.ratio_resolve event=line locals={'sizes': '[None, None, None, None, 44, None, None, None, 56, None, None, None, 38, None, None, None, 72, None, None, 65, 52, 60, 70, None, 68, None, None, None, 102, None, None, None, 78, None, None, None, 101, None, 83, 100, 76, 92, None, None, 112, None, None, None, 131, None, None, None, 110, None, None, None, 139, None, None, None, 125, None, None, None, 137, None, None, None, 152, None, None, None, 151, None, None, None, 169, None, None, None, 147, None, None, None, 185, None, None, None, 200, None, ...'}
2026-08-23 04:04:18.810 /testbed/rich/_ratio.py:36 rich._ratio.ratio_resolve event=line locals={}
2026-08-23 04:04:18.810 /testbed/rich/_ratio.py:38 rich._ratio.ratio_resolve event=line locals={}
2026-08-23 04:04:18.811 /testbed/rich/_ratio.py:40 rich._ratio.ratio_resolve event=line locals={}
2026-08-23 04:04:18.811 /testbed/rich/_ratio.py:38 rich._ratio.ratio_resolve event=line locals={}
2026-08-23 04:04:18.811 /testbed/rich/_ratio.py:44 rich._ratio.ratio_resolve event=line locals={}
2026-08-23 04:04:18.812 /testbed/rich/_ratio.py:45 rich._ratio.ratio_resolve event=line locals={'remaining': '11002'}
2026-08-23 04:04:18.812 /testbed/rich/_ratio.py:52 rich._ratio.ratio_resolve event=line locals={}
2026-08-23 04:04:18.812 /testbed/rich/_ratio.py:53 rich._ratio.ratio_resolve event=line locals={}
2026-08-23 04:04:18.812 /testbed/rich/_ratio.py:52 rich._ratio.ratio_resolve event=line locals={}
2026-08-23 04:04:18.812 /testbed/rich/_ratio.py:57 rich._ratio.ratio_resolve event=line locals={'portion': 'Fraction(11002, 701)'}
2026-08-23 04:04:18.812 /testbed/rich/_ratio.py:58 rich._ratio.ratio_resolve event=line locals={'edge': 'FlexEdge(size=None, ratio=1, minimum_size=11)', 'index': '0'}
2026-08-23 04:04:18.813 /testbed/rich/_ratio.py:57 rich._ratio.ratio_resolve event=line locals={}
2026-08-23 04:04:18.813 /testbed/rich/_ratio.py:58 rich._ratio.ratio_resolve event=line locals={'edge': 'FlexEdge(size=None, ratio=2, minimum_size=25)', 'index': '1'}
2026-08-23 04:04:18.813 /testbed/rich/_ratio.py:57 rich._ratio.ratio_resolve event=line locals={}
2026-08-23 04:04:18.813 /testbed/rich/_ratio.py:58 rich._ratio.ratio_resolve event=line locals={'edge': 'FlexEdge(size=None, ratio=3, minimum_size=34)', 'index': '2'}
2026-08-23 04:04:18.813 /testbed/rich/_ratio.py:57 rich._ratio.ratio_resolve event=line locals={}
2026-08-23 04:04:18.813 /testbed/rich/_ratio.py:58 rich._ratio.ratio_resolve event=line locals={'edge': 'FlexEdge(size=None, ratio=4, minimum_size=19)', 'index': '3'}
2026-08-23 04:04:18.813 /testbed/rich/_ratio.py:57 rich._ratio.ratio_resolve event=line locals={}
2026-08-23 04:04:18.813 /testbed/rich/_ratio.py:58 rich._ratio.ratio_resolve event=line locals={'edge': 'FlexEdge(size=None, ratio=6, minimum_size=44)', 'index': '5'}
2026-08-23 04:04:18.814 /testbed/rich/_ratio.py:57 rich._ratio.ratio_resolve event=line locals={}
2026-08-23 04:04:18.814 /testbed/rich/_ratio.py:58 rich._ratio.ratio_resolve event=line locals={'edge': 'FlexEdge(size=None, ratio=7, minimum_size=25)', 'index': '6'}
2026-08-23 04:04:18.814 /testbed/rich/_ratio.py:57 rich._ratio.ratio_resolve event=line locals={}
2026-08-23 04:04:18.814 /testbed/rich/_ratio.py:58 rich._ratio.ratio_resolve event=line locals={'edge': 'FlexEdge(size=None, ratio=8, minimum_size=38)', 'index': '7'}
2026-08-23 04:04:18.814 /testbed/rich/_ratio.py:57 rich._ratio.ratio_resolve event=line locals={}
2026-08-23 04:04:18.814 /testbed/rich/_ratio.py:58 rich._ratio.ratio_resolve event=line locals={'edge': 'FlexEdge(size=None, ratio=10, minimum_size=30)', 'index': '9'}
2026-08-23 04:04:18.814 /testbed/rich/_ratio.py:57 rich._ratio.ratio_resolve event=line locals={}
2026-08-23 04:04:18.814 /testbed/rich/_ratio.py:58 rich._ratio.ratio_resolve event=line locals={'edge': 'FlexEdge(size=None, ratio=11, minimum_size=45)', 'index': '10'}
2026-08-23 04:04:18.814 /testbed/rich/_ratio.py:57 rich._ratio.ratio_resolve event=line locals={}
2026-08-23 04:04:18.815 /testbed/rich/_ratio.py:58 rich._ratio.ratio_resolve event=line locals={'edge': 'FlexEdge(size=None, ratio=12, minimum_size=55)', 'index': '11'}
2026-08-23 04:04:18.815 /testbed/rich/_ratio.py:57 rich._ratio.ratio_resolve event=line locals={}
2026-08-23 04:04:18.815 /testbed/rich/_ratio.py:58 rich._ratio.ratio_resolve event=line locals={'edge': 'FlexEdge(size=None, ratio=14, minimum_size=49)', 'index': '13'}
2026-08-23 04:04:18.815 /testbed/rich/_ratio.py:57 rich._ratio.ratio_resolve event=line locals={}
2026-08-23 04:04:18.815 /testbed/rich/_ratio.py:58 rich._ratio.ratio_resolve event=line locals={'edge': 'FlexEdge(size=None, ratio=15, minimum_size=63)', 'index': '14'}
2026-08-23 04:04:18.815 /testbed/rich/_ratio.py:57 rich._ratio.ratio_resolve event=line locals={}
2026-08-23 04:04:18.815 /testbed/rich/_ratio.py:58 rich._ratio.ratio_resolve event=line locals={'edge': 'FlexEdge(size=None, ratio=16, minimum_size=43)', 'index': '15'}
2026-08-23 04:04:18.815 /testbed/rich/_ratio.py:57 rich._ratio.ratio_resolve event=line locals={}
2026-08-23 04:04:18.816 /testbed/rich/_ratio.py:58 rich._ratio.ratio_resolve event=line locals={'edge': 'FlexEdge(size=None, ratio=18, minimum_size=71)', 'index': '17'}
2026-08-23 04:04:18.816 /testbed/rich/_ratio.py:57 rich._ratio.ratio_resolve event=line locals={}
2026-08-23 04:04:18.816 /testbed/rich/_ratio.py:58 rich._ratio.ratio_resolve event=line locals={'edge': 'FlexEdge(size=None, ratio=19, minimum_size=51)', 'index': '18'}
2026-08-23 04:04:18.816 /testbed/rich/_ratio.py:57 rich._ratio.ratio_resolve event=line locals={}
2026-08-23 04:04:18.816 /testbed/rich/_ratio.py:58 rich._ratio.ratio_resolve event=line locals={'edge': 'FlexEdge(size=None, ratio=5, minimum_size=50)', 'index': '23'}
2026-08-23 04:04:18.816 /testbed/rich/_ratio.py:57 rich._ratio.ratio_resolve event=line locals={}
2026-08-23 04:04:18.816 /testbed/rich/_ratio.py:58 rich._ratio.ratio_resolve event=line locals={'edge': 'FlexEdge(size=None, ratio=7, minimum_size=81)', 'index': '25'}
2026-08-23 04:04:18.816 /testbed/rich/_ratio.py:57 rich._ratio.ratio_resolve event=line locals={}
2026-08-23 04:04:18.817 /testbed/rich/_ratio.py:58 rich._ratio.ratio_resolve event=line locals={'edge': 'FlexEdge(size=None, ratio=8, minimum_size=53)', 'index': '26'}
2026-08-23 04:04:18.817 /testbed/rich/_ratio.py:57 rich._ratio.ratio_resolve event=line locals={}
2026-08-23 04:04:18.817 /testbed/rich/_ratio.py:58 rich._ratio.ratio_resolve event=line locals={'edge': 'FlexEdge(size=None, ratio=9, minimum_size=72)', 'index': '27'}
2026-08-23 04:04:18.817 /testbed/rich/_ratio.py:57 rich._ratio.ratio_resolve event=line locals={}
2026-08-23 04:04:18.817 /testbed/rich/_ratio.py:58 rich._ratio.ratio_resolve event=line locals={'edge': 'FlexEdge(size=None, ratio=11, minimum_size=61)', 'index': '29'}
2026-08-23 04:04:18.817 /testbed/rich/_ratio.py:57 rich._ratio.ratio_resolve event=line locals={}
2026-08-23 04:04:18.817 /testbed/rich/_ratio.py:58 rich._ratio.ratio_resolve event=line locals={'edge': 'FlexEdge(size=None, ratio=12, minimum_size=80)', 'index': '30'}
2026-08-23 04:04:18.817 /testbed/rich/_ratio.py:57 rich._ratio.ratio_resolve event=line locals={}
2026-08-23 04:04:18.818 /testbed/rich/_ratio.py:58 rich._ratio.ratio_resolve event=line locals={'edge': 'FlexEdge(size=None, ratio=13, minimum_size=94)', 'index': '31'}
2026-08-23 04:04:18.818 /testbed/rich/_ratio.py:57 rich._ratio.ratio_resolve event=line locals={}
2026-08-23 04:04:18.818 /testbed/rich/_ratio.py:58 rich._ratio.ratio_resolve event=line locals={'edge': 'FlexEdge(size=None, ratio=15, minimum_size=87)', 'index': '33'}
2026-08-23 04:04:18.818 /testbed/rich/_ratio.py:57 rich._ratio.ratio_resolve event=line locals={}
2026-08-23 04:04:18.818 /testbed/rich/_ratio.py:58 rich._ratio.ratio_resolve event=line locals={'edge': 'FlexEdge(size=None, ratio=16, minimum_size=98)', 'index': '34'}
2026-08-23 04:04:18.818 /testbed/rich/_ratio.py:57 rich._ratio.ratio_resolve event=line locals={}
2026-08-23 04:04:18.818 /testbed/rich/_ratio.py:58 rich._ratio.ratio_resolve event=line locals={'edge': 'FlexEdge(size=None, ratio=17, minimum_size=74)', 'index': '35'}
2026-08-23 04:04:18.818 /testbed/rich/_ratio.py:57 rich._ratio.ratio_resolve event=line locals={}
2026-08-23 04:04:18.819 /testbed/rich/_ratio.py:58 rich._ratio.ratio_resolve event=line locals={'edge': 'FlexEdge(size=None, ratio=19, minimum_size=70)', 'index': '37'}
2026-08-23 04:04:18.819 /testbed/rich/_ratio.py:57 rich._ratio.ratio_resolve event=line locals={}
2026-08-23 04:04:18.819 /testbed/rich/_ratio.py:58 rich._ratio.ratio_resolve event=line locals={'edge': 'FlexEdge(size=None, ratio=5, minimum_size=109)', 'index': '42'}
2026-08-23 04:04:18.819 /testbed/rich/_ratio.py:59 rich._ratio.ratio_resolve event=line locals={}
2026-08-23 04:04:18.819 /testbed/rich/_ratio.py:61 rich._ratio.ratio_resolve event=line locals={'sizes': '[None, None, None, None, 44, None, None, None, 56, None, None, None, 38, None, None, None, 72, None, None, 65, 52, 60, 70, None, 68, None, None, None, 102, None, None, None, 78, None, None, None, 101, None, 83, 100, 76, 92, 109, None, 112, None, None, None, 131, None, None, None, 110, None, None, None, 139, None, None, None, 125, None, None, None, 137, None, None, None, 152, None, None, None, 151, None, None, None, 169, None, None, None, 147, None, None, None, 185, None, None, None, 200, None, N...'}
2026-08-23 04:04:18.819 /testbed/rich/_ratio.py:36 rich._ratio.ratio_resolve event=line locals={}
2026-08-23 04:04:18.819 /testbed/rich/_ratio.py:38 rich._ratio.ratio_resolve event=line locals={}
2026-08-23 04:04:18.819 /testbed/rich/_ratio.py:40 rich._ratio.ratio_resolve event=line locals={}
2026-08-23 04:04:18.819 /testbed/rich/_ratio.py:38 rich._ratio.ratio_resolve event=line locals={}
2026-08-23 04:04:18.820 /testbed/rich/_ratio.py:44 rich._ratio.ratio_resolve event=line locals={}
2026-08-23 04:04:18.821 /testbed/rich/_ratio.py:45 rich._ratio.ratio_resolve event=line locals={'remaining': '10893'}
2026-08-23 04:04:18.821 /testbed/rich/_ratio.py:52 rich._ratio.ratio_resolve event=line locals={}
2026-08-23 04:04:18.821 /testbed/rich/_ratio.py:53 rich._ratio.ratio_resolve event=line locals={}
2026-08-23 04:04:18.821 /testbed/rich/_ratio.py:52 rich._ratio.ratio_resolve event=line locals={}
2026-08-23 04:04:18.821 /testbed/rich/_ratio.py:57 rich._ratio.ratio_resolve event=line locals={'portion': 'Fraction(3631, 232)'}
2026-08-23 04:04:18.821 /testbed/rich/_ratio.py:58 rich._ratio.ratio_resolve event=line locals={'edge': 'FlexEdge(size=None, ratio=1, minimum_size=11)', 'index': '0'}
2026-08-23 04:04:18.821 /testbed/rich/_ratio.py:57 rich._ratio.ratio_resolve event=line locals={}
2026-08-23 04:04:18.821 /testbed/rich/_ratio.py:58 rich._ratio.ratio_resolve event=line locals={'edge': 'FlexEdge(size=None, ratio=2, minimum_size=25)', 'index': '1'}
2026-08-23 04:04:18.822 /testbed/rich/_ratio.py:57 rich._ratio.ratio_resolve event=line locals={}
2026-08-23 04:04:18.822 /testbed/rich/_ratio.py:58 rich._ratio.ratio_resolve event=line locals={'edge': 'FlexEdge(size=None, ratio=3, minimum_size=34)', 'index': '2'}
2026-08-23 04:04:18.822 /testbed/rich/_ratio.py:57 rich._ratio.ratio_resolve event=line locals={}
2026-08-23 04:04:18.822 /testbed/rich/_ratio.py:58 rich._ratio.ratio_resolve event=line locals={'edge': 'FlexEdge(size=None, ratio=4, minimum_size=19)', 'index': '3'}
2026-08-23 04:04:18.822 /testbed/rich/_ratio.py:57 rich._ratio.ratio_resolve event=line locals={}
2026-08-23 04:04:18.822 /testbed/rich/_ratio.py:58 rich._ratio.ratio_resolve event=line locals={'edge': 'FlexEdge(size=None, ratio=6, minimum_size=44)', 'index': '5'}
2026-08-23 04:04:18.822 /testbed/rich/_ratio.py:57 rich._ratio.ratio_resolve event=line locals={}
2026-08-23 04:04:18.822 /testbed/rich/_ratio.py:58 rich._ratio.ratio_resolve event=line locals={'edge': 'FlexEdge(size=None, ratio=7, minimum_size=25)', 'index': '6'}
2026-08-23 04:04:18.823 /testbed/rich/_ratio.py:57 rich._ratio.ratio_resolve event=line locals={}
2026-08-23 04:04:18.823 /testbed/rich/_ratio.py:58 rich._ratio.ratio_resolve event=line locals={'edge': 'FlexEdge(size=None, ratio=8, minimum_size=38)', 'index': '7'}
2026-08-23 04:04:18.823 /testbed/rich/_ratio.py:57 rich._ratio.ratio_resolve event=line locals={}
2026-08-23 04:04:18.823 /testbed/rich/_ratio.py:58 rich._ratio.ratio_resolve event=line locals={'edge': 'FlexEdge(size=None, ratio=10, minimum_size=30)', 'index': '9'}
2026-08-23 04:04:18.823 /testbed/rich/_ratio.py:57 rich._ratio.ratio_resolve event=line locals={}
2026-08-23 04:04:18.823 /testbed/rich/_ratio.py:58 rich._ratio.ratio_resolve event=line locals={'edge': 'FlexEdge(size=None, ratio=11, minimum_size=45)', 'index': '10'}
2026-08-23 04:04:18.823 /testbed/rich/_ratio.py:57 rich._ratio.ratio_resolve event=line locals={}
2026-08-23 04:04:18.823 /testbed/rich/_ratio.py:58 rich._ratio.ratio_resolve event=line locals={'edge': 'FlexEdge(size=None, ratio=12, minimum_size=55)', 'index': '11'}
2026-08-23 04:04:18.824 /testbed/rich/_ratio.py:57 rich._ratio.ratio_resolve event=line locals={}
2026-08-23 04:04:18.824 /testbed/rich/_ratio.py:58 rich._ratio.ratio_resolve event=line locals={'edge': 'FlexEdge(size=None, ratio=14, minimum_size=49)', 'index': '13'}
2026-08-23 04:04:18.824 /testbed/rich/_ratio.py:57 rich._ratio.ratio_resolve event=line locals={}
2026-08-23 04:04:18.824 /testbed/rich/_ratio.py:58 rich._ratio.ratio_resolve event=line locals={'edge': 'FlexEdge(size=None, ratio=15, minimum_size=63)', 'index': '14'}
2026-08-23 04:04:18.824 /testbed/rich/_ratio.py:57 rich._ratio.ratio_resolve event=line locals={}
2026-08-23 04:04:18.824 /testbed/rich/_ratio.py:58 rich._ratio.ratio_resolve event=line locals={'edge': 'FlexEdge(size=None, ratio=16, minimum_size=43)', 'index': '15'}
2026-08-23 04:04:18.824 /testbed/rich/_ratio.py:57 rich._ratio.ratio_resolve event=line locals={}
2026-08-23 04:04:18.824 /testbed/rich/_ratio.py:58 rich._ratio.ratio_resolve event=line locals={'edge': 'FlexEdge(size=None, ratio=18, minimum_size=71)', 'index': '17'}
2026-08-23 04:04:18.825 /testbed/rich/_ratio.py:57 rich._ratio.ratio_resolve event=line locals={}
2026-08-23 04:04:18.825 /testbed/rich/_ratio.py:58 rich._ratio.ratio_resolve event=line locals={'edge': 'FlexEdge(size=None, ratio=19, minimum_size=51)', 'index': '18'}
2026-08-23 04:04:18.825 /testbed/rich/_ratio.py:57 rich._ratio.ratio_resolve event=line locals={}
2026-08-23 04:04:18.825 /testbed/rich/_ratio.py:58 rich._ratio.ratio_resolve event=line locals={'edge': 'FlexEdge(size=None, ratio=5, minimum_size=50)', 'index': '23'}
2026-08-23 04:04:18.825 /testbed/rich/_ratio.py:57 rich._ratio.ratio_resolve event=line locals={}
2026-08-23 04:04:18.825 /testbed/rich/_ratio.py:58 rich._ratio.ratio_resolve event=line locals={'edge': 'FlexEdge(size=None, ratio=7, minimum_size=81)', 'index': '25'}
2026-08-23 04:04:18.825 /testbed/rich/_ratio.py:57 rich._ratio.ratio_resolve event=line locals={}
2026-08-23 04:04:18.825 /testbed/rich/_ratio.py:58 rich._ratio.ratio_resolve event=line locals={'edge': 'FlexEdge(size=None, ratio=8, minimum_size=53)', 'index': '26'}
2026-08-23 04:04:18.825 /testbed/rich/_ratio.py:57 rich._ratio.ratio_resolve event=line locals={}
2026-08-23 04:04:18.826 /testbed/rich/_ratio.py:58 rich._ratio.ratio_resolve event=line locals={'edge': 'FlexEdge(size=None, ratio=9, minimum_size=72)', 'index': '27'}
2026-08-23 04:04:18.826 /testbed/rich/_ratio.py:57 rich._ratio.ratio_resolve event=line locals={}
2026-08-23 04:04:18.826 /testbed/rich/_ratio.py:58 rich._ratio.ratio_resolve event=line locals={'edge': 'FlexEdge(size=None, ratio=11, minimum_size=61)', 'index': '29'}
2026-08-23 04:04:18.826 /testbed/rich/_ratio.py:57 rich._ratio.ratio_resolve event=line locals={}
2026-08-23 04:04:18.826 /testbed/rich/_ratio.py:58 rich._ratio.ratio_resolve event=line locals={'edge': 'FlexEdge(size=None, ratio=12, minimum_size=80)', 'index': '30'}
2026-08-23 04:04:18.826 /testbed/rich/_ratio.py:57 rich._ratio.ratio_resolve event=line locals={}
2026-08-23 04:04:18.826 /testbed/rich/_ratio.py:58 rich._ratio.ratio_resolve event=line locals={'edge': 'FlexEdge(size=None, ratio=13, minimum_size=94)', 'index': '31'}
2026-08-23 04:04:18.826 /testbed/rich/_ratio.py:57 rich._ratio.ratio_resolve event=line locals={}
2026-08-23 04:04:18.827 /testbed/rich/_ratio.py:58 rich._ratio.ratio_resolve event=line locals={'edge': 'FlexEdge(size=None, ratio=15, minimum_size=87)', 'index': '33'}
2026-08-23 04:04:18.827 /testbed/rich/_ratio.py:57 rich._ratio.ratio_resolve event=line locals={}
2026-08-23 04:04:18.827 /testbed/rich/_ratio.py:58 rich._ratio.ratio_resolve event=line locals={'edge': 'FlexEdge(size=None, ratio=16, minimum_size=98)', 'index': '34'}
2026-08-23 04:04:18.827 /testbed/rich/_ratio.py:57 rich._ratio.ratio_resolve event=line locals={}
2026-08-23 04:04:18.827 /testbed/rich/_ratio.py:58 rich._ratio.ratio_resolve event=line locals={'edge': 'FlexEdge(size=None, ratio=17, minimum_size=74)', 'index': '35'}
2026-08-23 04:04:18.827 /testbed/rich/_ratio.py:57 rich._ratio.ratio_resolve event=line locals={}
2026-08-23 04:04:18.827 /testbed/rich/_ratio.py:58 rich._ratio.ratio_resolve event=line locals={'edge': 'FlexEdge(size=None, ratio=19, minimum_size=70)', 'index': '37'}
2026-08-23 04:04:18.827 /testbed/rich/_ratio.py:57 rich._ratio.ratio_resolve event=line locals={}
2026-08-23 04:04:18.827 /testbed/rich/_ratio.py:58 rich._ratio.ratio_resolve event=line locals={'edge': 'FlexEdge(size=None, ratio=6, minimum_size=86)', 'index': '43'}
2026-08-23 04:04:18.828 /testbed/rich/_ratio.py:57 rich._ratio.ratio_resolve event=line locals={}
2026-08-23 04:04:18.828 /testbed/rich/_ratio.py:58 rich._ratio.ratio_resolve event=line locals={'edge': 'FlexEdge(size=None, ratio=8, minimum_size=117)', 'index': '45'}
2026-08-23 04:04:18.828 /testbed/rich/_ratio.py:57 rich._ratio.ratio_resolve event=line locals={}
2026-08-23 04:04:18.828 /testbed/rich/_ratio.py:58 rich._ratio.ratio_resolve event=line locals={'edge': 'FlexEdge(size=None, ratio=9, minimum_size=91)', 'index': '46'}
2026-08-23 04:04:18.828 /testbed/rich/_ratio.py:57 rich._ratio.ratio_resolve event=line locals={}
2026-08-23 04:04:18.828 /testbed/rich/_ratio.py:58 rich._ratio.ratio_resolve event=line locals={'edge': 'FlexEdge(size=None, ratio=10, minimum_size=102)', 'index': '47'}
2026-08-23 04:04:18.828 /testbed/rich/_ratio.py:57 rich._ratio.ratio_resolve event=line locals={}
2026-08-23 04:04:18.828 /testbed/rich/_ratio.py:58 rich._ratio.ratio_resolve event=line locals={'edge': 'FlexEdge(size=None, ratio=12, minimum_size=100)', 'index': '49'}
2026-08-23 04:04:18.829 /testbed/rich/_ratio.py:57 rich._ratio.ratio_resolve event=line locals={}
2026-08-23 04:04:18.829 /testbed/rich/_ratio.py:58 rich._ratio.ratio_resolve event=line locals={'edge': 'FlexEdge(size=None, ratio=13, minimum_size=113)', 'index': '50'}
2026-08-23 04:04:18.829 /testbed/rich/_ratio.py:57 rich._ratio.ratio_resolve event=line locals={}
2026-08-23 04:04:18.829 /testbed/rich/_ratio.py:58 rich._ratio.ratio_resolve event=line locals={'edge': 'FlexEdge(size=None, ratio=14, minimum_size=128)', 'index': '51'}
2026-08-23 04:04:18.829 /testbed/rich/_ratio.py:57 rich._ratio.ratio_resolve event=line locals={}
2026-08-23 04:04:18.829 /testbed/rich/_ratio.py:58 rich._ratio.ratio_resolve event=line locals={'edge': 'FlexEdge(size=None, ratio=16, minimum_size=116)', 'index': '53'}
2026-08-23 04:04:18.829 /testbed/rich/_ratio.py:57 rich._ratio.ratio_resolve event=line locals={}
2026-08-23 04:04:18.829 /testbed/rich/_ratio.py:58 rich._ratio.ratio_resolve event=line locals={'edge': 'FlexEdge(size=None, ratio=17, minimum_size=134)', 'index': '54'}
2026-08-23 04:04:18.830 /testbed/rich/_ratio.py:57 rich._ratio.ratio_resolve event=line locals={}
2026-08-23 04:04:18.830 /testbed/rich/_ratio.py:58 rich._ratio.ratio_resolve event=line locals={'edge': 'FlexEdge(size=None, ratio=18, minimum_size=111)', 'index': '55'}
2026-08-23 04:04:18.830 /testbed/rich/_ratio.py:57 rich._ratio.ratio_resolve event=line locals={}
2026-08-23 04:04:18.830 /testbed/rich/_ratio.py:58 rich._ratio.ratio_resolve event=line locals={'edge': 'FlexEdge(size=None, ratio=1, minimum_size=104)', 'index': '57'}
2026-08-23 04:04:18.830 /testbed/rich/_ratio.py:59 rich._ratio.ratio_resolve event=line locals={}
2026-08-23 04:04:18.830 /testbed/rich/_ratio.py:61 rich._ratio.ratio_resolve event=line locals={'sizes': '[None, None, None, None, 44, None, None, None, 56, None, None, None, 38, None, None, None, 72, None, None, 65, 52, 60, 70, None, 68, None, None, None, 102, None, None, None, 78, None, None, None, 101, None, 83, 100, 76, 92, 109, None, 112, None, None, None, 131, None, None, None, 110, None, None, None, 139, 104, None, None, 125, None, None, None, 137, None, None, None, 152, None, None, None, 151, None, None, None, 169, None, None, None, 147, None, None, None, 185, None, None, None, 200, None, No...'}
2026-08-23 04:04:18.830 /testbed/rich/_ratio.py:36 rich._ratio.ratio_resolve event=line locals={}
2026-08-23 04:04:18.830 /testbed/rich/_ratio.py:38 rich._ratio.ratio_resolve event=line locals={}
2026-08-23 04:04:18.830 /testbed/rich/_ratio.py:40 rich._ratio.ratio_resolve event=line locals={}
2026-08-23 04:04:18.830 /testbed/rich/_ratio.py:38 rich._ratio.ratio_resolve event=line locals={}
2026-08-23 04:04:18.831 /testbed/rich/_ratio.py:44 rich._ratio.ratio_resolve event=line locals={}
2026-08-23 04:04:18.832 /testbed/rich/_ratio.py:45 rich._ratio.ratio_resolve event=line locals={'remaining': '10789'}
2026-08-23 04:04:18.832 /testbed/rich/_ratio.py:52 rich._ratio.ratio_resolve event=line locals={}
2026-08-23 04:04:18.832 /testbed/rich/_ratio.py:53 rich._ratio.ratio_resolve event=line locals={}
2026-08-23 04:04:18.832 /testbed/rich/_ratio.py:52 rich._ratio.ratio_resolve event=line locals={}
2026-08-23 04:04:18.832 /testbed/rich/_ratio.py:57 rich._ratio.ratio_resolve event=line locals={'portion': 'Fraction(10789, 695)'}
2026-08-23 04:04:18.832 /testbed/rich/_ratio.py:58 rich._ratio.ratio_resolve event=line locals={'edge': 'FlexEdge(size=None, ratio=1, minimum_size=11)', 'index': '0'}
2026-08-23 04:04:18.832 /testbed/rich/_ratio.py:57 rich._ratio.ratio_resolve event=line locals={}
2026-08-23 04:04:18.833 /testbed/rich/_ratio.py:58 rich._ratio.ratio_resolve event=line locals={'edge': 'FlexEdge(size=None, ratio=2, minimum_size=25)', 'index': '1'}
2026-08-23 04:04:18.833 /testbed/rich/_ratio.py:57 rich._ratio.ratio_resolve event=line locals={}
2026-08-23 04:04:18.833 /testbed/rich/_ratio.py:58 rich._ratio.ratio_resolve event=line locals={'edge': 'FlexEdge(size=None, ratio=3, minimum_size=34)', 'index': '2'}
2026-08-23 04:04:18.833 /testbed/rich/_ratio.py:57 rich._ratio.ratio_resolve event=line locals={}
2026-08-23 04:04:18.833 /testbed/rich/_ratio.py:58 rich._ratio.ratio_resolve event=line locals={'edge': 'FlexEdge(size=None, ratio=4, minimum_size=19)', 'index': '3'}
2026-08-23 04:04:18.833 /testbed/rich/_ratio.py:57 rich._ratio.ratio_resolve event=line locals={}
2026-08-23 04:04:18.833 /testbed/rich/_ratio.py:58 rich._ratio.ratio_resolve event=line locals={'edge': 'FlexEdge(size=None, ratio=6, minimum_size=44)', 'index': '5'}
2026-08-23 04:04:18.833 /testbed/rich/_ratio.py:57 rich._ratio.ratio_resolve event=line locals={}
2026-08-23 04:04:18.833 /testbed/rich/_ratio.py:58 rich._ratio.ratio_resolve event=line locals={'edge': 'FlexEdge(size=None, ratio=7, minimum_size=25)', 'index': '6'}
2026-08-23 04:04:18.834 /testbed/rich/_ratio.py:57 rich._ratio.ratio_resolve event=line locals={}
2026-08-23 04:04:18.834 /testbed/rich/_ratio.py:58 rich._ratio.ratio_resolve event=line locals={'edge': 'FlexEdge(size=None, ratio=8, minimum_size=38)', 'index': '7'}
2026-08-23 04:04:18.834 /testbed/rich/_ratio.py:57 rich._ratio.ratio_resolve event=line locals={}
2026-08-23 04:04:18.834 /testbed/rich/_ratio.py:58 rich._ratio.ratio_resolve event=line locals={'edge': 'FlexEdge(size=None, ratio=10, minimum_size=30)', 'index': '9'}
2026-08-23 04:04:18.834 /testbed/rich/_ratio.py:57 rich._ratio.ratio_resolve event=line locals={}
2026-08-23 04:04:18.834 /testbed/rich/_ratio.py:58 rich._ratio.ratio_resolve event=line locals={'edge': 'FlexEdge(size=None, ratio=11, minimum_size=45)', 'index': '10'}
2026-08-23 04:04:18.834 /testbed/rich/_ratio.py:57 rich._ratio.ratio_resolve event=line locals={}
2026-08-23 04:04:18.834 /testbed/rich/_ratio.py:58 rich._ratio.ratio_resolve event=line locals={'edge': 'FlexEdge(size=None, ratio=12, minimum_size=55)', 'index': '11'}
2026-08-23 04:04:18.835 /testbed/rich/_ratio.py:57 rich._ratio.ratio_resolve event=line locals={}
2026-08-23 04:04:18.835 /testbed/rich/_ratio.py:58 rich._ratio.ratio_resolve event=line locals={'edge': 'FlexEdge(size=None, ratio=14, minimum_size=49)', 'index': '13'}
2026-08-23 04:04:18.835 /testbed/rich/_ratio.py:57 rich._ratio.ratio_resolve event=line locals={}
2026-08-23 04:04:18.835 /testbed/rich/_ratio.py:58 rich._ratio.ratio_resolve event=line locals={'edge': 'FlexEdge(size=None, ratio=15, minimum_size=63)', 'index': '14'}
2026-08-23 04:04:18.835 /testbed/rich/_ratio.py:57 rich._ratio.ratio_resolve event=line locals={}
2026-08-23 04:04:18.835 /testbed/rich/_ratio.py:58 rich._ratio.ratio_resolve event=line locals={'edge': 'FlexEdge(size=None, ratio=16, minimum_size=43)', 'index': '15'}
2026-08-23 04:04:18.835 /testbed/rich/_ratio.py:57 rich._ratio.ratio_resolve event=line locals={}
2026-08-23 04:04:18.835 /testbed/rich/_ratio.py:58 rich._ratio.ratio_resolve event=line locals={'edge': 'FlexEdge(size=None, ratio=18, minimum_size=71)', 'index': '17'}
2026-08-23 04:04:18.836 /testbed/rich/_ratio.py:57 rich._ratio.ratio_resolve event=line locals={}
2026-08-23 04:04:18.836 /testbed/rich/_ratio.py:58 rich._ratio.ratio_resolve event=line locals={'edge': 'FlexEdge(size=None, ratio=19, minimum_size=51)', 'index': '18'}
2026-08-23 04:04:18.836 /testbed/rich/_ratio.py:57 rich._ratio.ratio_resolve event=line locals={}
2026-08-23 04:04:18.836 /testbed/rich/_ratio.py:58 rich._ratio.ratio_resolve event=line locals={'edge': 'FlexEdge(size=None, ratio=5, minimum_size=50)', 'index': '23'}
2026-08-23 04:04:18.836 /testbed/rich/_ratio.py:57 rich._ratio.ratio_resolve event=line locals={}
2026-08-23 04:04:18.836 /testbed/rich/_ratio.py:58 rich._ratio.ratio_resolve event=line locals={'edge': 'FlexEdge(size=None, ratio=7, minimum_size=81)', 'index': '25'}
2026-08-23 04:04:18.836 /testbed/rich/_ratio.py:57 rich._ratio.ratio_resolve event=line locals={}
2026-08-23 04:04:18.836 /testbed/rich/_ratio.py:58 rich._ratio.ratio_resolve event=line locals={'edge': 'FlexEdge(size=None, ratio=8, minimum_size=53)', 'index': '26'}
2026-08-23 04:04:18.836 /testbed/rich/_ratio.py:57 rich._ratio.ratio_resolve event=line locals={}
2026-08-23 04:04:18.837 /testbed/rich/_ratio.py:58 rich._ratio.ratio_resolve event=line locals={'edge': 'FlexEdge(size=None, ratio=9, minimum_size=72)', 'index': '27'}
2026-08-23 04:04:18.837 /testbed/rich/_ratio.py:57 rich._ratio.ratio_resolve event=line locals={}
2026-08-23 04:04:18.837 /testbed/rich/_ratio.py:58 rich._ratio.ratio_resolve event=line locals={'edge': 'FlexEdge(size=None, ratio=11, minimum_size=61)', 'index': '29'}
2026-08-23 04:04:18.837 /testbed/rich/_ratio.py:57 rich._ratio.ratio_resolve event=line locals={}
2026-08-23 04:04:18.837 /testbed/rich/_ratio.py:58 rich._ratio.ratio_resolve event=line locals={'edge': 'FlexEdge(size=None, ratio=12, minimum_size=80)', 'index': '30'}
2026-08-23 04:04:18.837 /testbed/rich/_ratio.py:57 rich._ratio.ratio_resolve event=line locals={}
2026-08-23 04:04:18.837 /testbed/rich/_ratio.py:58 rich._ratio.ratio_resolve event=line locals={'edge': 'FlexEdge(size=None, ratio=13, minimum_size=94)', 'index': '31'}
2026-08-23 04:04:18.837 /testbed/rich/_ratio.py:57 rich._ratio.ratio_resolve event=line locals={}
2026-08-23 04:04:18.838 /testbed/rich/_ratio.py:58 rich._ratio.ratio_resolve event=line locals={'edge': 'FlexEdge(size=None, ratio=15, minimum_size=87)', 'index': '33'}
2026-08-23 04:04:18.838 /testbed/rich/_ratio.py:57 rich._ratio.ratio_resolve event=line locals={}
2026-08-23 04:04:18.838 /testbed/rich/_ratio.py:58 rich._ratio.ratio_resolve event=line locals={'edge': 'FlexEdge(size=None, ratio=16, minimum_size=98)', 'index': '34'}
2026-08-23 04:04:18.838 /testbed/rich/_ratio.py:57 rich._ratio.ratio_resolve event=line locals={}
2026-08-23 04:04:18.838 /testbed/rich/_ratio.py:58 rich._ratio.ratio_resolve event=line locals={'edge': 'FlexEdge(size=None, ratio=17, minimum_size=74)', 'index': '35'}
2026-08-23 04:04:18.838 /testbed/rich/_ratio.py:57 rich._ratio.ratio_resolve event=line locals={}
2026-08-23 04:04:18.838 /testbed/rich/_ratio.py:58 rich._ratio.ratio_resolve event=line locals={'edge': 'FlexEdge(size=None, ratio=19, minimum_size=70)', 'index': '37'}
2026-08-23 04:04:18.838 /testbed/rich/_ratio.py:57 rich._ratio.ratio_resolve event=line locals={}
2026-08-23 04:04:18.839 /testbed/rich/_ratio.py:58 rich._ratio.ratio_resolve event=line locals={'edge': 'FlexEdge(size=None, ratio=6, minimum_size=86)', 'index': '43'}
2026-08-23 04:04:18.839 /testbed/rich/_ratio.py:57 rich._ratio.ratio_resolve event=line locals={}
2026-08-23 04:04:18.839 /testbed/rich/_ratio.py:58 rich._ratio.ratio_resolve event=line locals={'edge': 'FlexEdge(size=None, ratio=8, minimum_size=117)', 'index': '45'}
2026-08-23 04:04:18.839 /testbed/rich/_ratio.py:57 rich._ratio.ratio_resolve event=line locals={}
2026-08-23 04:04:18.839 /testbed/rich/_ratio.py:58 rich._ratio.ratio_resolve event=line locals={'edge': 'FlexEdge(size=None, ratio=9, minimum_size=91)', 'index': '46'}
2026-08-23 04:04:18.839 /testbed/rich/_ratio.py:57 rich._ratio.ratio_resolve event=line locals={}
2026-08-23 04:04:18.839 /testbed/rich/_ratio.py:58 rich._ratio.ratio_resolve event=line locals={'edge': 'FlexEdge(size=None, ratio=10, minimum_size=102)', 'index': '47'}
2026-08-23 04:04:18.839 /testbed/rich/_ratio.py:57 rich._ratio.ratio_resolve event=line locals={}
2026-08-23 04:04:18.839 /testbed/rich/_ratio.py:58 rich._ratio.ratio_resolve event=line locals={'edge': 'FlexEdge(size=None, ratio=12, minimum_size=100)', 'index': '49'}
2026-08-23 04:04:18.840 /testbed/rich/_ratio.py:57 rich._ratio.ratio_resolve event=line locals={}
2026-08-23 04:04:18.840 /testbed/rich/_ratio.py:58 rich._ratio.ratio_resolve event=line locals={'edge': 'FlexEdge(size=None, ratio=13, minimum_size=113)', 'index': '50'}
2026-08-23 04:04:18.840 /testbed/rich/_ratio.py:57 rich._ratio.ratio_resolve event=line locals={}
2026-08-23 04:04:18.840 /testbed/rich/_ratio.py:58 rich._ratio.ratio_resolve event=line locals={'edge': 'FlexEdge(size=None, ratio=14, minimum_size=128)', 'index': '51'}
2026-08-23 04:04:18.840 /testbed/rich/_ratio.py:57 rich._ratio.ratio_resolve event=line locals={}
2026-08-23 04:04:18.840 /testbed/rich/_ratio.py:58 rich._ratio.ratio_resolve event=line locals={'edge': 'FlexEdge(size=None, ratio=16, minimum_size=116)', 'index': '53'}
2026-08-23 04:04:18.840 /testbed/rich/_ratio.py:57 rich._ratio.ratio_resolve event=line locals={}
2026-08-23 04:04:18.840 /testbed/rich/_ratio.py:58 rich._ratio.ratio_resolve event=line locals={'edge': 'FlexEdge(size=None, ratio=17, minimum_size=134)', 'index': '54'}
2026-08-23 04:04:18.841 /testbed/rich/_ratio.py:57 rich._ratio.ratio_resolve event=line locals={}
2026-08-23 04:04:18.841 /testbed/rich/_ratio.py:58 rich._ratio.ratio_resolve event=line locals={'edge': 'FlexEdge(size=None, ratio=18, minimum_size=111)', 'index': '55'}
2026-08-23 04:04:18.841 /testbed/rich/_ratio.py:57 rich._ratio.ratio_resolve event=line locals={}
2026-08-23 04:04:18.841 /testbed/rich/_ratio.py:58 rich._ratio.ratio_resolve event=line locals={'edge': 'FlexEdge(size=None, ratio=2, minimum_size=121)', 'index': '58'}
2026-08-23 04:04:18.841 /testbed/rich/_ratio.py:59 rich._ratio.ratio_resolve event=line locals={}
2026-08-23 04:04:18.841 /testbed/rich/_ratio.py:61 rich._ratio.ratio_resolve event=line locals={'sizes': '[None, None, None, None, 44, None, None, None, 56, None, None, None, 38, None, None, None, 72, None, None, 65, 52, 60, 70, None, 68, None, None, None, 102, None, None, None, 78, None, None, None, 101, None, 83, 100, 76, 92, 109, None, 112, None, None, None, 131, None, None, None, 110, None, None, None, 139, 104, 121, None, 125, None, None, None, 137, None, None, None, 152, None, None, None, 151, None, None, None, 169, None, None, None, 147, None, None, None, 185, None, None, None, 200, None, Non...'}
2026-08-23 04:04:18.841 /testbed/rich/_ratio.py:36 rich._ratio.ratio_resolve event=line locals={}
2026-08-23 04:04:18.841 /testbed/rich/_ratio.py:38 rich._ratio.ratio_resolve event=line locals={}
2026-08-23 04:04:18.841 /testbed/rich/_ratio.py:40 rich._ratio.ratio_resolve event=line locals={}
2026-08-23 04:04:18.842 /testbed/rich/_ratio.py:38 rich._ratio.ratio_resolve event=line locals={}
2026-08-23 04:04:18.842 /testbed/rich/_ratio.py:44 rich._ratio.ratio_resolve event=line locals={}
2026-08-23 04:04:18.843 /testbed/rich/_ratio.py:45 rich._ratio.ratio_resolve event=line locals={'remaining': '10668'}
2026-08-23 04:04:18.843 /testbed/rich/_ratio.py:52 rich._ratio.ratio_resolve event=line locals={}
2026-08-23 04:04:18.843 /testbed/rich/_ratio.py:53 rich._ratio.ratio_resolve event=line locals={}
2026-08-23 04:04:18.843 /testbed/rich/_ratio.py:52 rich._ratio.ratio_resolve event=line locals={}
2026-08-23 04:04:18.843 /testbed/rich/_ratio.py:57 rich._ratio.ratio_resolve event=line locals={'portion': 'Fraction(508, 33)'}
2026-08-23 04:04:18.843 /testbed/rich/_ratio.py:58 rich._ratio.ratio_resolve event=line locals={'edge': 'FlexEdge(size=None, ratio=1, minimum_size=11)', 'index': '0'}
2026-08-23 04:04:18.843 /testbed/rich/_ratio.py:57 rich._ratio.ratio_resolve event=line locals={}
2026-08-23 04:04:18.844 /testbed/rich/_ratio.py:58 rich._ratio.ratio_resolve event=line locals={'edge': 'FlexEdge(size=None, ratio=2, minimum_size=25)', 'index': '1'}
2026-08-23 04:04:18.844 /testbed/rich/_ratio.py:57 rich._ratio.ratio_resolve event=line locals={}
2026-08-23 04:04:18.844 /testbed/rich/_ratio.py:58 rich._ratio.ratio_resolve event=line locals={'edge': 'FlexEdge(size=None, ratio=3, minimum_size=34)', 'index': '2'}
2026-08-23 04:04:18.844 /testbed/rich/_ratio.py:57 rich._ratio.ratio_resolve event=line locals={}
2026-08-23 04:04:18.844 /testbed/rich/_ratio.py:58 rich._ratio.ratio_resolve event=line locals={'edge': 'FlexEdge(size=None, ratio=4, minimum_size=19)', 'index': '3'}
2026-08-23 04:04:18.844 /testbed/rich/_ratio.py:57 rich._ratio.ratio_resolve event=line locals={}
2026-08-23 04:04:18.844 /testbed/rich/_ratio.py:58 rich._ratio.ratio_resolve event=line locals={'edge': 'FlexEdge(size=None, ratio=6, minimum_size=44)', 'index': '5'}
2026-08-23 04:04:18.844 /testbed/rich/_ratio.py:57 rich._ratio.ratio_resolve event=line locals={}
2026-08-23 04:04:18.845 /testbed/rich/_ratio.py:58 rich._ratio.ratio_resolve event=line locals={'edge': 'FlexEdge(size=None, ratio=7, minimum_size=25)', 'index': '6'}
2026-08-23 04:04:18.845 /testbed/rich/_ratio.py:57 rich._ratio.ratio_resolve event=line locals={}
2026-08-23 04:04:18.845 /testbed/rich/_ratio.py:58 rich._ratio.ratio_resolve event=line locals={'edge': 'FlexEdge(size=None, ratio=8, minimum_size=38)', 'index': '7'}
2026-08-23 04:04:18.845 /testbed/rich/_ratio.py:57 rich._ratio.ratio_resolve event=line locals={}
2026-08-23 04:04:18.845 /testbed/rich/_ratio.py:58 rich._ratio.ratio_resolve event=line locals={'edge': 'FlexEdge(size=None, ratio=10, minimum_size=30)', 'index': '9'}
2026-08-23 04:04:18.845 /testbed/rich/_ratio.py:57 rich._ratio.ratio_resolve event=line locals={}
2026-08-23 04:04:18.845 /testbed/rich/_ratio.py:58 rich._ratio.ratio_resolve event=line locals={'edge': 'FlexEdge(size=None, ratio=11, minimum_size=45)', 'index': '10'}
2026-08-23 04:04:18.845 /testbed/rich/_ratio.py:57 rich._ratio.ratio_resolve event=line locals={}
2026-08-23 04:04:18.845 /testbed/rich/_ratio.py:58 rich._ratio.ratio_resolve event=line locals={'edge': 'FlexEdge(size=None, ratio=12, minimum_size=55)', 'index': '11'}
2026-08-23 04:04:18.846 /testbed/rich/_ratio.py:57 rich._ratio.ratio_resolve event=line locals={}
2026-08-23 04:04:18.846 /testbed/rich/_ratio.py:58 rich._ratio.ratio_resolve event=line locals={'edge': 'FlexEdge(size=None, ratio=14, minimum_size=49)', 'index': '13'}
2026-08-23 04:04:18.846 /testbed/rich/_ratio.py:57 rich._ratio.ratio_resolve event=line locals={}
2026-08-23 04:04:18.846 /testbed/rich/_ratio.py:58 rich._ratio.ratio_resolve event=line locals={'edge': 'FlexEdge(size=None, ratio=15, minimum_size=63)', 'index': '14'}
2026-08-23 04:04:18.846 /testbed/rich/_ratio.py:57 rich._ratio.ratio_resolve event=line locals={}
2026-08-23 04:04:18.846 /testbed/rich/_ratio.py:58 rich._ratio.ratio_resolve event=line locals={'edge': 'FlexEdge(size=None, ratio=16, minimum_size=43)', 'index': '15'}
2026-08-23 04:04:18.846 /testbed/rich/_ratio.py:57 rich._ratio.ratio_resolve event=line locals={}
2026-08-23 04:04:18.846 /testbed/rich/_ratio.py:58 rich._ratio.ratio_resolve event=line locals={'edge': 'FlexEdge(size=None, ratio=18, minimum_size=71)', 'index': '17'}
2026-08-23 04:04:18.847 /testbed/rich/_ratio.py:57 rich._ratio.ratio_resolve event=line locals={}
2026-08-23 04:04:18.847 /testbed/rich/_ratio.py:58 rich._ratio.ratio_resolve event=line locals={'edge': 'FlexEdge(size=None, ratio=19, minimum_size=51)', 'index': '18'}
2026-08-23 04:04:18.847 /testbed/rich/_ratio.py:57 rich._ratio.ratio_resolve event=line locals={}
2026-08-23 04:04:18.847 /testbed/rich/_ratio.py:58 rich._ratio.ratio_resolve event=line locals={'edge': 'FlexEdge(size=None, ratio=5, minimum_size=50)', 'index': '23'}
2026-08-23 04:04:18.847 /testbed/rich/_ratio.py:57 rich._ratio.ratio_resolve event=line locals={}
2026-08-23 04:04:18.847 /testbed/rich/_ratio.py:58 rich._ratio.ratio_resolve event=line locals={'edge': 'FlexEdge(size=None, ratio=7, minimum_size=81)', 'index': '25'}
2026-08-23 04:04:18.847 /testbed/rich/_ratio.py:57 rich._ratio.ratio_resolve event=line locals={}
2026-08-23 04:04:18.847 /testbed/rich/_ratio.py:58 rich._ratio.ratio_resolve event=line locals={'edge': 'FlexEdge(size=None, ratio=8, minimum_size=53)', 'index': '26'}
2026-08-23 04:04:18.848 /testbed/rich/_ratio.py:57 rich._ratio.ratio_resolve event=line locals={}
2026-08-23 04:04:18.848 /testbed/rich/_ratio.py:58 rich._ratio.ratio_resolve event=line locals={'edge': 'FlexEdge(size=None, ratio=9, minimum_size=72)', 'index': '27'}
2026-08-23 04:04:18.848 /testbed/rich/_ratio.py:57 rich._ratio.ratio_resolve event=line locals={}
2026-08-23 04:04:18.848 /testbed/rich/_ratio.py:58 rich._ratio.ratio_resolve event=line locals={'edge': 'FlexEdge(size=None, ratio=11, minimum_size=61)', 'index': '29'}
2026-08-23 04:04:18.848 /testbed/rich/_ratio.py:57 rich._ratio.ratio_resolve event=line locals={}
2026-08-23 04:04:18.848 /testbed/rich/_ratio.py:58 rich._ratio.ratio_resolve event=line locals={'edge': 'FlexEdge(size=None, ratio=12, minimum_size=80)', 'index': '30'}
2026-08-23 04:04:18.848 /testbed/rich/_ratio.py:57 rich._ratio.ratio_resolve event=line locals={}
2026-08-23 04:04:18.848 /testbed/rich/_ratio.py:58 rich._ratio.ratio_resolve event=line locals={'edge': 'FlexEdge(size=None, ratio=13, minimum_size=94)', 'index': '31'}
2026-08-23 04:04:18.849 /testbed/rich/_ratio.py:57 rich._ratio.ratio_resolve event=line locals={}
2026-08-23 04:04:18.849 /testbed/rich/_ratio.py:58 rich._ratio.ratio_resolve event=line locals={'edge': 'FlexEdge(size=None, ratio=15, minimum_size=87)', 'index': '33'}
2026-08-23 04:04:18.849 /testbed/rich/_ratio.py:57 rich._ratio.ratio_resolve event=line locals={}
2026-08-23 04:04:18.849 /testbed/rich/_ratio.py:58 rich._ratio.ratio_resolve event=line locals={'edge': 'FlexEdge(size=None, ratio=16, minimum_size=98)', 'index': '34'}
2026-08-23 04:04:18.849 /testbed/rich/_ratio.py:57 rich._ratio.ratio_resolve event=line locals={}
2026-08-23 04:04:18.849 /testbed/rich/_ratio.py:58 rich._ratio.ratio_resolve event=line locals={'edge': 'FlexEdge(size=None, ratio=17, minimum_size=74)', 'index': '35'}
2026-08-23 04:04:18.849 /testbed/rich/_ratio.py:57 rich._ratio.ratio_resolve event=line locals={}
2026-08-23 04:04:18.849 /testbed/rich/_ratio.py:58 rich._ratio.ratio_resolve event=line locals={'edge': 'FlexEdge(size=None, ratio=19, minimum_size=70)', 'index': '37'}
2026-08-23 04:04:18.849 /testbed/rich/_ratio.py:57 rich._ratio.ratio_resolve event=line locals={}
2026-08-23 04:04:18.850 /testbed/rich/_ratio.py:58 rich._ratio.ratio_resolve event=line locals={'edge': 'FlexEdge(size=None, ratio=6, minimum_size=86)', 'index': '43'}
2026-08-23 04:04:18.850 /testbed/rich/_ratio.py:57 rich._ratio.ratio_resolve event=line locals={}
2026-08-23 04:04:18.850 /testbed/rich/_ratio.py:58 rich._ratio.ratio_resolve event=line locals={'edge': 'FlexEdge(size=None, ratio=8, minimum_size=117)', 'index': '45'}
2026-08-23 04:04:18.850 /testbed/rich/_ratio.py:57 rich._ratio.ratio_resolve event=line locals={}
2026-08-23 04:04:18.850 /testbed/rich/_ratio.py:58 rich._ratio.ratio_resolve event=line locals={'edge': 'FlexEdge(size=None, ratio=9, minimum_size=91)', 'index': '46'}
2026-08-23 04:04:18.850 /testbed/rich/_ratio.py:57 rich._ratio.ratio_resolve event=line locals={}
2026-08-23 04:04:18.850 /testbed/rich/_ratio.py:58 rich._ratio.ratio_resolve event=line locals={'edge': 'FlexEdge(size=None, ratio=10, minimum_size=102)', 'index': '47'}
2026-08-23 04:04:18.850 /testbed/rich/_ratio.py:57 rich._ratio.ratio_resolve event=line locals={}
2026-08-23 04:04:18.851 /testbed/rich/_ratio.py:58 rich._ratio.ratio_resolve event=line locals={'edge': 'FlexEdge(size=None, ratio=12, minimum_size=100)', 'index': '49'}
2026-08-23 04:04:18.851 /testbed/rich/_ratio.py:57 rich._ratio.ratio_resolve event=line locals={}
2026-08-23 04:04:18.851 /testbed/rich/_ratio.py:58 rich._ratio.ratio_resolve event=line locals={'edge': 'FlexEdge(size=None, ratio=13, minimum_size=113)', 'index': '50'}
2026-08-23 04:04:18.851 /testbed/rich/_ratio.py:57 rich._ratio.ratio_resolve event=line locals={}
2026-08-23 04:04:18.851 /testbed/rich/_ratio.py:58 rich._ratio.ratio_resolve event=line locals={'edge': 'FlexEdge(size=None, ratio=14, minimum_size=128)', 'index': '51'}
2026-08-23 04:04:18.851 /testbed/rich/_ratio.py:57 rich._ratio.ratio_resolve event=line locals={}
2026-08-23 04:04:18.851 /testbed/rich/_ratio.py:58 rich._ratio.ratio_resolve event=line locals={'edge': 'FlexEdge(size=None, ratio=16, minimum_size=116)', 'index': '53'}
2026-08-23 04:04:18.851 /testbed/rich/_ratio.py:57 rich._ratio.ratio_resolve event=line locals={}
2026-08-23 04:04:18.852 /testbed/rich/_ratio.py:58 rich._ratio.ratio_resolve event=line locals={'edge': 'FlexEdge(size=None, ratio=17, minimum_size=134)', 'index': '54'}
2026-08-23 04:04:18.852 /testbed/rich/_ratio.py:57 rich._ratio.ratio_resolve event=line locals={}
2026-08-23 04:04:18.852 /testbed/rich/_ratio.py:58 rich._ratio.ratio_resolve event=line locals={'edge': 'FlexEdge(size=None, ratio=18, minimum_size=111)', 'index': '55'}
2026-08-23 04:04:18.852 /testbed/rich/_ratio.py:57 rich._ratio.ratio_resolve event=line locals={}
2026-08-23 04:04:18.852 /testbed/rich/_ratio.py:58 rich._ratio.ratio_resolve event=line locals={'edge': 'FlexEdge(size=None, ratio=3, minimum_size=132)', 'index': '59'}
2026-08-23 04:04:18.852 /testbed/rich/_ratio.py:59 rich._ratio.ratio_resolve event=line locals={}
2026-08-23 04:04:18.852 /testbed/rich/_ratio.py:61 rich._ratio.ratio_resolve event=line locals={'sizes': '[None, None, None, None, 44, None, None, None, 56, None, None, None, 38, None, None, None, 72, None, None, 65, 52, 60, 70, None, 68, None, None, None, 102, None, None, None, 78, None, None, None, 101, None, 83, 100, 76, 92, 109, None, 112, None, None, None, 131, None, None, None, 110, None, None, None, 139, 104, 121, 132, 125, None, None, None, 137, None, None, None, 152, None, None, None, 151, None, None, None, 169, None, None, None, 147, None, None, None, 185, None, None, None, 200, None, None...'}
2026-08-23 04:04:18.852 /testbed/rich/_ratio.py:36 rich._ratio.ratio_resolve event=line locals={}
2026-08-23 04:04:18.852 /testbed/rich/_ratio.py:38 rich._ratio.ratio_resolve event=line locals={}
2026-08-23 04:04:18.853 /testbed/rich/_ratio.py:40 rich._ratio.ratio_resolve event=line locals={}
2026-08-23 04:04:18.853 /testbed/rich/_ratio.py:38 rich._ratio.ratio_resolve event=line locals={}
2026-08-23 04:04:18.853 /testbed/rich/_ratio.py:44 rich._ratio.ratio_resolve event=line locals={}
2026-08-23 04:04:18.854 /testbed/rich/_ratio.py:45 rich._ratio.ratio_resolve event=line locals={'remaining': '10536'}
2026-08-23 04:04:18.854 /testbed/rich/_ratio.py:52 rich._ratio.ratio_resolve event=line locals={}
2026-08-23 04:04:18.854 /testbed/rich/_ratio.py:53 rich._ratio.ratio_resolve event=line locals={}
2026-08-23 04:04:18.854 /testbed/rich/_ratio.py:52 rich._ratio.ratio_resolve event=line locals={}
2026-08-23 04:04:18.854 /testbed/rich/_ratio.py:57 rich._ratio.ratio_resolve event=line locals={'portion': 'Fraction(1756, 115)'}
2026-08-23 04:04:18.854 /testbed/rich/_ratio.py:58 rich._ratio.ratio_resolve event=line locals={'edge': 'FlexEdge(size=None, ratio=1, minimum_size=11)', 'index': '0'}
2026-08-23 04:04:18.855 /testbed/rich/_ratio.py:57 rich._ratio.ratio_resolve event=line locals={}
2026-08-23 04:04:18.855 /testbed/rich/_ratio.py:58 rich._ratio.ratio_resolve event=line locals={'edge': 'FlexEdge(size=None, ratio=2, minimum_size=25)', 'index': '1'}
2026-08-23 04:04:18.855 /testbed/rich/_ratio.py:57 rich._ratio.ratio_resolve event=line locals={}
2026-08-23 04:04:18.855 /testbed/rich/_ratio.py:58 rich._ratio.ratio_resolve event=line locals={'edge': 'FlexEdge(size=None, ratio=3, minimum_size=34)', 'index': '2'}
2026-08-23 04:04:18.855 /testbed/rich/_ratio.py:57 rich._ratio.ratio_resolve event=line locals={}
2026-08-23 04:04:18.855 /testbed/rich/_ratio.py:58 rich._ratio.ratio_resolve event=line locals={'edge': 'FlexEdge(size=None, ratio=4, minimum_size=19)', 'index': '3'}
2026-08-23 04:04:18.855 /testbed/rich/_ratio.py:57 rich._ratio.ratio_resolve event=line locals={}
2026-08-23 04:04:18.855 /testbed/rich/_ratio.py:58 rich._ratio.ratio_resolve event=line locals={'edge': 'FlexEdge(size=None, ratio=6, minimum_size=44)', 'index': '5'}
2026-08-23 04:04:18.855 /testbed/rich/_ratio.py:57 rich._ratio.ratio_resolve event=line locals={}
2026-08-23 04:04:18.856 /testbed/rich/_ratio.py:58 rich._ratio.ratio_resolve event=line locals={'edge': 'FlexEdge(size=None, ratio=7, minimum_size=25)', 'index': '6'}
2026-08-23 04:04:18.856 /testbed/rich/_ratio.py:57 rich._ratio.ratio_resolve event=line locals={}
2026-08-23 04:04:18.856 /testbed/rich/_ratio.py:58 rich._ratio.ratio_resolve event=line locals={'edge': 'FlexEdge(size=None, ratio=8, minimum_size=38)', 'index': '7'}
2026-08-23 04:04:18.856 /testbed/rich/_ratio.py:57 rich._ratio.ratio_resolve event=line locals={}
2026-08-23 04:04:18.856 /testbed/rich/_ratio.py:58 rich._ratio.ratio_resolve event=line locals={'edge': 'FlexEdge(size=None, ratio=10, minimum_size=30)', 'index': '9'}
2026-08-23 04:04:18.856 /testbed/rich/_ratio.py:57 rich._ratio.ratio_resolve event=line locals={}
2026-08-23 04:04:18.856 /testbed/rich/_ratio.py:58 rich._ratio.ratio_resolve event=line locals={'edge': 'FlexEdge(size=None, ratio=11, minimum_size=45)', 'index': '10'}
2026-08-23 04:04:18.856 /testbed/rich/_ratio.py:57 rich._ratio.ratio_resolve event=line locals={}
2026-08-23 04:04:18.857 /testbed/rich/_ratio.py:58 rich._ratio.ratio_resolve event=line locals={'edge': 'FlexEdge(size=None, ratio=12, minimum_size=55)', 'index': '11'}
2026-08-23 04:04:18.857 /testbed/rich/_ratio.py:57 rich._ratio.ratio_resolve event=line locals={}
2026-08-23 04:04:18.857 /testbed/rich/_ratio.py:58 rich._ratio.ratio_resolve event=line locals={'edge': 'FlexEdge(size=None, ratio=14, minimum_size=49)', 'index': '13'}
2026-08-23 04:04:18.857 /testbed/rich/_ratio.py:57 rich._ratio.ratio_resolve event=line locals={}
2026-08-23 04:04:18.857 /testbed/rich/_ratio.py:58 rich._ratio.ratio_resolve event=line locals={'edge': 'FlexEdge(size=None, ratio=15, minimum_size=63)', 'index': '14'}
2026-08-23 04:04:18.857 /testbed/rich/_ratio.py:57 rich._ratio.ratio_resolve event=line locals={}
2026-08-23 04:04:18.857 /testbed/rich/_ratio.py:58 rich._ratio.ratio_resolve event=line locals={'edge': 'FlexEdge(size=None, ratio=16, minimum_size=43)', 'index': '15'}
2026-08-23 04:04:18.857 /testbed/rich/_ratio.py:57 rich._ratio.ratio_resolve event=line locals={}
2026-08-23 04:04:18.857 /testbed/rich/_ratio.py:58 rich._ratio.ratio_resolve event=line locals={'edge': 'FlexEdge(size=None, ratio=18, minimum_size=71)', 'index': '17'}
2026-08-23 04:04:18.858 /testbed/rich/_ratio.py:57 rich._ratio.ratio_resolve event=line locals={}
2026-08-23 04:04:18.858 /testbed/rich/_ratio.py:58 rich._ratio.ratio_resolve event=line locals={'edge': 'FlexEdge(size=None, ratio=19, minimum_size=51)', 'index': '18'}
2026-08-23 04:04:18.858 /testbed/rich/_ratio.py:57 rich._ratio.ratio_resolve event=line locals={}
2026-08-23 04:04:18.858 /testbed/rich/_ratio.py:58 rich._ratio.ratio_resolve event=line locals={'edge': 'FlexEdge(size=None, ratio=5, minimum_size=50)', 'index': '23'}
2026-08-23 04:04:18.858 /testbed/rich/_ratio.py:57 rich._ratio.ratio_resolve event=line locals={}
2026-08-23 04:04:18.858 /testbed/rich/_ratio.py:58 rich._ratio.ratio_resolve event=line locals={'edge': 'FlexEdge(size=None, ratio=7, minimum_size=81)', 'index': '25'}
2026-08-23 04:04:18.858 /testbed/rich/_ratio.py:57 rich._ratio.ratio_resolve event=line locals={}
2026-08-23 04:04:18.858 /testbed/rich/_ratio.py:58 rich._ratio.ratio_resolve event=line locals={'edge': 'FlexEdge(size=None, ratio=8, minimum_size=53)', 'index': '26'}
2026-08-23 04:04:18.859 /testbed/rich/_ratio.py:57 rich._ratio.ratio_resolve event=line locals={}
2026-08-23 04:04:18.859 /testbed/rich/_ratio.py:58 rich._ratio.ratio_resolve event=line locals={'edge': 'FlexEdge(size=None, ratio=9, minimum_size=72)', 'index': '27'}
2026-08-23 04:04:18.859 /testbed/rich/_ratio.py:57 rich._ratio.ratio_resolve event=line locals={}
2026-08-23 04:04:18.859 /testbed/rich/_ratio.py:58 rich._ratio.ratio_resolve event=line locals={'edge': 'FlexEdge(size=None, ratio=11, minimum_size=61)', 'index': '29'}
2026-08-23 04:04:18.859 /testbed/rich/_ratio.py:57 rich._ratio.ratio_resolve event=line locals={}
2026-08-23 04:04:18.859 /testbed/rich/_ratio.py:58 rich._ratio.ratio_resolve event=line locals={'edge': 'FlexEdge(size=None, ratio=12, minimum_size=80)', 'index': '30'}
2026-08-23 04:04:18.859 /testbed/rich/_ratio.py:57 rich._ratio.ratio_resolve event=line locals={}
2026-08-23 04:04:18.859 /testbed/rich/_ratio.py:58 rich._ratio.ratio_resolve event=line locals={'edge': 'FlexEdge(size=None, ratio=13, minimum_size=94)', 'index': '31'}
2026-08-23 04:04:18.860 /testbed/rich/_ratio.py:57 rich._ratio.ratio_resolve event=line locals={}
2026-08-23 04:04:18.860 /testbed/rich/_ratio.py:58 rich._ratio.ratio_resolve event=line locals={'edge': 'FlexEdge(size=None, ratio=15, minimum_size=87)', 'index': '33'}
2026-08-23 04:04:18.860 /testbed/rich/_ratio.py:57 rich._ratio.ratio_resolve event=line locals={}
2026-08-23 04:04:18.860 /testbed/rich/_ratio.py:58 rich._ratio.ratio_resolve event=line locals={'edge': 'FlexEdge(size=None, ratio=16, minimum_size=98)', 'index': '34'}
2026-08-23 04:04:18.860 /testbed/rich/_ratio.py:57 rich._ratio.ratio_resolve event=line locals={}
2026-08-23 04:04:18.860 /testbed/rich/_ratio.py:58 rich._ratio.ratio_resolve event=line locals={'edge': 'FlexEdge(size=None, ratio=17, minimum_size=74)', 'index': '35'}
2026-08-23 04:04:18.860 /testbed/rich/_ratio.py:57 rich._ratio.ratio_resolve event=line locals={}
2026-08-23 04:04:18.860 /testbed/rich/_ratio.py:58 rich._ratio.ratio_resolve event=line locals={'edge': 'FlexEdge(size=None, ratio=19, minimum_size=70)', 'index': '37'}
2026-08-23 04:04:18.860 /testbed/rich/_ratio.py:57 rich._ratio.ratio_resolve event=line locals={}
2026-08-23 04:04:18.861 /testbed/rich/_ratio.py:58 rich._ratio.ratio_resolve event=line locals={'edge': 'FlexEdge(size=None, ratio=6, minimum_size=86)', 'index': '43'}
2026-08-23 04:04:18.861 /testbed/rich/_ratio.py:57 rich._ratio.ratio_resolve event=line locals={}
2026-08-23 04:04:18.861 /testbed/rich/_ratio.py:58 rich._ratio.ratio_resolve event=line locals={'edge': 'FlexEdge(size=None, ratio=8, minimum_size=117)', 'index': '45'}
2026-08-23 04:04:18.861 /testbed/rich/_ratio.py:57 rich._ratio.ratio_resolve event=line locals={}
2026-08-23 04:04:18.861 /testbed/rich/_ratio.py:58 rich._ratio.ratio_resolve event=line locals={'edge': 'FlexEdge(size=None, ratio=9, minimum_size=91)', 'index': '46'}
2026-08-23 04:04:18.861 /testbed/rich/_ratio.py:57 rich._ratio.ratio_resolve event=line locals={}
2026-08-23 04:04:18.861 /testbed/rich/_ratio.py:58 rich._ratio.ratio_resolve event=line locals={'edge': 'FlexEdge(size=None, ratio=10, minimum_size=102)', 'index': '47'}
2026-08-23 04:04:18.861 /testbed/rich/_ratio.py:57 rich._ratio.ratio_resolve event=line locals={}
2026-08-23 04:04:18.862 /testbed/rich/_ratio.py:58 rich._ratio.ratio_resolve event=line locals={'edge': 'FlexEdge(size=None, ratio=12, minimum_size=100)', 'index': '49'}
2026-08-23 04:04:18.862 /testbed/rich/_ratio.py:57 rich._ratio.ratio_resolve event=line locals={}
2026-08-23 04:04:18.862 /testbed/rich/_ratio.py:58 rich._ratio.ratio_resolve event=line locals={'edge': 'FlexEdge(size=None, ratio=13, minimum_size=113)', 'index': '50'}
2026-08-23 04:04:18.862 /testbed/rich/_ratio.py:57 rich._ratio.ratio_resolve event=line locals={}
2026-08-23 04:04:18.862 /testbed/rich/_ratio.py:58 rich._ratio.ratio_resolve event=line locals={'edge': 'FlexEdge(size=None, ratio=14, minimum_size=128)', 'index': '51'}
2026-08-23 04:04:18.862 /testbed/rich/_ratio.py:57 rich._ratio.ratio_resolve event=line locals={}
2026-08-23 04:04:18.862 /testbed/rich/_ratio.py:58 rich._ratio.ratio_resolve event=line locals={'edge': 'FlexEdge(size=None, ratio=16, minimum_size=116)', 'index': '53'}
2026-08-23 04:04:18.862 /testbed/rich/_ratio.py:57 rich._ratio.ratio_resolve event=line locals={}
2026-08-23 04:04:18.862 /testbed/rich/_ratio.py:58 rich._ratio.ratio_resolve event=line locals={'edge': 'FlexEdge(size=None, ratio=17, minimum_size=134)', 'index': '54'}
2026-08-23 04:04:18.863 /testbed/rich/_ratio.py:57 rich._ratio.ratio_resolve event=line locals={}
2026-08-23 04:04:18.863 /testbed/rich/_ratio.py:58 rich._ratio.ratio_resolve event=line locals={'edge': 'FlexEdge(size=None, ratio=18, minimum_size=111)', 'index': '55'}
2026-08-23 04:04:18.863 /testbed/rich/_ratio.py:57 rich._ratio.ratio_resolve event=line locals={}
2026-08-23 04:04:18.863 /testbed/rich/_ratio.py:58 rich._ratio.ratio_resolve event=line locals={'edge': 'FlexEdge(size=None, ratio=5, minimum_size=127)', 'index': '61'}
2026-08-23 04:04:18.863 /testbed/rich/_ratio.py:59 rich._ratio.ratio_resolve event=line locals={}
2026-08-23 04:04:18.863 /testbed/rich/_ratio.py:61 rich._ratio.ratio_resolve event=line locals={'sizes': '[None, None, None, None, 44, None, None, None, 56, None, None, None, 38, None, None, None, 72, None, None, 65, 52, 60, 70, None, 68, None, None, None, 102, None, None, None, 78, None, None, None, 101, None, 83, 100, 76, 92, 109, None, 112, None, None, None, 131, None, None, None, 110, None, None, None, 139, 104, 121, 132, 125, 127, None, None, 137, None, None, None, 152, None, None, None, 151, None, None, None, 169, None, None, None, 147, None, None, None, 185, None, None, None, 200, None, None,...'}
2026-08-23 04:04:18.863 /testbed/rich/_ratio.py:36 rich._ratio.ratio_resolve event=line locals={}
2026-08-23 04:04:18.863 /testbed/rich/_ratio.py:38 rich._ratio.ratio_resolve event=line locals={}
2026-08-23 04:04:18.863 /testbed/rich/_ratio.py:40 rich._ratio.ratio_resolve event=line locals={}
2026-08-23 04:04:18.864 /testbed/rich/_ratio.py:38 rich._ratio.ratio_resolve event=line locals={}
2026-08-23 04:04:18.864 /testbed/rich/_ratio.py:44 rich._ratio.ratio_resolve event=line locals={}
2026-08-23 04:04:18.865 /testbed/rich/_ratio.py:45 rich._ratio.ratio_resolve event=line locals={'remaining': '10409'}
2026-08-23 04:04:18.865 /testbed/rich/_ratio.py:52 rich._ratio.ratio_resolve event=line locals={}
2026-08-23 04:04:18.865 /testbed/rich/_ratio.py:53 rich._ratio.ratio_resolve event=line locals={}
2026-08-23 04:04:18.865 /testbed/rich/_ratio.py:52 rich._ratio.ratio_resolve event=line locals={}
2026-08-23 04:04:18.865 /testbed/rich/_ratio.py:57 rich._ratio.ratio_resolve event=line locals={'portion': 'Fraction(10409, 685)'}
2026-08-23 04:04:18.865 /testbed/rich/_ratio.py:58 rich._ratio.ratio_resolve event=line locals={'edge': 'FlexEdge(size=None, ratio=1, minimum_size=11)', 'index': '0'}
2026-08-23 04:04:18.865 /testbed/rich/_ratio.py:57 rich._ratio.ratio_resolve event=line locals={}
2026-08-23 04:04:18.866 /testbed/rich/_ratio.py:58 rich._ratio.ratio_resolve event=line locals={'edge': 'FlexEdge(size=None, ratio=2, minimum_size=25)', 'index': '1'}
2026-08-23 04:04:18.866 /testbed/rich/_ratio.py:57 rich._ratio.ratio_resolve event=line locals={}
2026-08-23 04:04:18.866 /testbed/rich/_ratio.py:58 rich._ratio.ratio_resolve event=line locals={'edge': 'FlexEdge(size=None, ratio=3, minimum_size=34)', 'index': '2'}
2026-08-23 04:04:18.866 /testbed/rich/_ratio.py:57 rich._ratio.ratio_resolve event=line locals={}
2026-08-23 04:04:18.866 /testbed/rich/_ratio.py:58 rich._ratio.ratio_resolve event=line locals={'edge': 'FlexEdge(size=None, ratio=4, minimum_size=19)', 'index': '3'}
2026-08-23 04:04:18.866 /testbed/rich/_ratio.py:57 rich._ratio.ratio_resolve event=line locals={}
2026-08-23 04:04:18.866 /testbed/rich/_ratio.py:58 rich._ratio.ratio_resolve event=line locals={'edge': 'FlexEdge(size=None, ratio=6, minimum_size=44)', 'index': '5'}
2026-08-23 04:04:18.866 /testbed/rich/_ratio.py:57 rich._ratio.ratio_resolve event=line locals={}
2026-08-23 04:04:18.867 /testbed/rich/_ratio.py:58 rich._ratio.ratio_resolve event=line locals={'edge': 'FlexEdge(size=None, ratio=7, minimum_size=25)', 'index': '6'}
2026-08-23 04:04:18.867 /testbed/rich/_ratio.py:57 rich._ratio.ratio_resolve event=line locals={}
2026-08-23 04:04:18.867 /testbed/rich/_ratio.py:58 rich._ratio.ratio_resolve event=line locals={'edge': 'FlexEdge(size=None, ratio=8, minimum_size=38)', 'index': '7'}
2026-08-23 04:04:18.867 /testbed/rich/_ratio.py:57 rich._ratio.ratio_resolve event=line locals={}
2026-08-23 04:04:18.867 /testbed/rich/_ratio.py:58 rich._ratio.ratio_resolve event=line locals={'edge': 'FlexEdge(size=None, ratio=10, minimum_size=30)', 'index': '9'}
2026-08-23 04:04:18.867 /testbed/rich/_ratio.py:57 rich._ratio.ratio_resolve event=line locals={}
2026-08-23 04:04:18.867 /testbed/rich/_ratio.py:58 rich._ratio.ratio_resolve event=line locals={'edge': 'FlexEdge(size=None, ratio=11, minimum_size=45)', 'index': '10'}
2026-08-23 04:04:18.867 /testbed/rich/_ratio.py:57 rich._ratio.ratio_resolve event=line locals={}
2026-08-23 04:04:18.867 /testbed/rich/_ratio.py:58 rich._ratio.ratio_resolve event=line locals={'edge': 'FlexEdge(size=None, ratio=12, minimum_size=55)', 'index': '11'}
2026-08-23 04:04:18.868 /testbed/rich/_ratio.py:57 rich._ratio.ratio_resolve event=line locals={}
2026-08-23 04:04:18.868 /testbed/rich/_ratio.py:58 rich._ratio.ratio_resolve event=line locals={'edge': 'FlexEdge(size=None, ratio=14, minimum_size=49)', 'index': '13'}
2026-08-23 04:04:18.868 /testbed/rich/_ratio.py:57 rich._ratio.ratio_resolve event=line locals={}
2026-08-23 04:04:18.868 /testbed/rich/_ratio.py:58 rich._ratio.ratio_resolve event=line locals={'edge': 'FlexEdge(size=None, ratio=15, minimum_size=63)', 'index': '14'}
2026-08-23 04:04:18.868 /testbed/rich/_ratio.py:57 rich._ratio.ratio_resolve event=line locals={}
2026-08-23 04:04:18.868 /testbed/rich/_ratio.py:58 rich._ratio.ratio_resolve event=line locals={'edge': 'FlexEdge(size=None, ratio=16, minimum_size=43)', 'index': '15'}
2026-08-23 04:04:18.868 /testbed/rich/_ratio.py:57 rich._ratio.ratio_resolve event=line locals={}
2026-08-23 04:04:18.868 /testbed/rich/_ratio.py:58 rich._ratio.ratio_resolve event=line locals={'edge': 'FlexEdge(size=None, ratio=18, minimum_size=71)', 'index': '17'}
2026-08-23 04:04:18.869 /testbed/rich/_ratio.py:57 rich._ratio.ratio_resolve event=line locals={}
2026-08-23 04:04:18.869 /testbed/rich/_ratio.py:58 rich._ratio.ratio_resolve event=line locals={'edge': 'FlexEdge(size=None, ratio=19, minimum_size=51)', 'index': '18'}
2026-08-23 04:04:18.869 /testbed/rich/_ratio.py:57 rich._ratio.ratio_resolve event=line locals={}
2026-08-23 04:04:18.869 /testbed/rich/_ratio.py:58 rich._ratio.ratio_resolve event=line locals={'edge': 'FlexEdge(size=None, ratio=5, minimum_size=50)', 'index': '23'}
2026-08-23 04:04:18.869 /testbed/rich/_ratio.py:57 rich._ratio.ratio_resolve event=line locals={}
2026-08-23 04:04:18.869 /testbed/rich/_ratio.py:58 rich._ratio.ratio_resolve event=line locals={'edge': 'FlexEdge(size=None, ratio=7, minimum_size=81)', 'index': '25'}
2026-08-23 04:04:18.869 /testbed/rich/_ratio.py:57 rich._ratio.ratio_resolve event=line locals={}
2026-08-23 04:04:18.869 /testbed/rich/_ratio.py:58 rich._ratio.ratio_resolve event=line locals={'edge': 'FlexEdge(size=None, ratio=8, minimum_size=53)', 'index': '26'}
2026-08-23 04:04:18.870 /testbed/rich/_ratio.py:57 rich._ratio.ratio_resolve event=line locals={}
2026-08-23 04:04:18.870 /testbed/rich/_ratio.py:58 rich._ratio.ratio_resolve event=line locals={'edge': 'FlexEdge(size=None, ratio=9, minimum_size=72)', 'index': '27'}
2026-08-23 04:04:18.870 /testbed/rich/_ratio.py:57 rich._ratio.ratio_resolve event=line locals={}
2026-08-23 04:04:18.870 /testbed/rich/_ratio.py:58 rich._ratio.ratio_resolve event=line locals={'edge': 'FlexEdge(size=None, ratio=11, minimum_size=61)', 'index': '29'}
2026-08-23 04:04:18.870 /testbed/rich/_ratio.py:57 rich._ratio.ratio_resolve event=line locals={}
2026-08-23 04:04:18.870 /testbed/rich/_ratio.py:58 rich._ratio.ratio_resolve event=line locals={'edge': 'FlexEdge(size=None, ratio=12, minimum_size=80)', 'index': '30'}
2026-08-23 04:04:18.870 /testbed/rich/_ratio.py:57 rich._ratio.ratio_resolve event=line locals={}
2026-08-23 04:04:18.870 /testbed/rich/_ratio.py:58 rich._ratio.ratio_resolve event=line locals={'edge': 'FlexEdge(size=None, ratio=13, minimum_size=94)', 'index': '31'}
2026-08-23 04:04:18.870 /testbed/rich/_ratio.py:57 rich._ratio.ratio_resolve event=line locals={}
2026-08-23 04:04:18.871 /testbed/rich/_ratio.py:58 rich._ratio.ratio_resolve event=line locals={'edge': 'FlexEdge(size=None, ratio=15, minimum_size=87)', 'index': '33'}
2026-08-23 04:04:18.871 /testbed/rich/_ratio.py:57 rich._ratio.ratio_resolve event=line locals={}
2026-08-23 04:04:18.871 /testbed/rich/_ratio.py:58 rich._ratio.ratio_resolve event=line locals={'edge': 'FlexEdge(size=None, ratio=16, minimum_size=98)', 'index': '34'}
2026-08-23 04:04:18.871 /testbed/rich/_ratio.py:57 rich._ratio.ratio_resolve event=line locals={}
2026-08-23 04:04:18.871 /testbed/rich/_ratio.py:58 rich._ratio.ratio_resolve event=line locals={'edge': 'FlexEdge(size=None, ratio=17, minimum_size=74)', 'index': '35'}
2026-08-23 04:04:18.871 /testbed/rich/_ratio.py:57 rich._ratio.ratio_resolve event=line locals={}
2026-08-23 04:04:18.871 /testbed/rich/_ratio.py:58 rich._ratio.ratio_resolve event=line locals={'edge': 'FlexEdge(size=None, ratio=19, minimum_size=70)', 'index': '37'}
2026-08-23 04:04:18.871 /testbed/rich/_ratio.py:57 rich._ratio.ratio_resolve event=line locals={}
2026-08-23 04:04:18.871 /testbed/rich/_ratio.py:58 rich._ratio.ratio_resolve event=line locals={'edge': 'FlexEdge(size=None, ratio=6, minimum_size=86)', 'index': '43'}
2026-08-23 04:04:18.872 /testbed/rich/_ratio.py:57 rich._ratio.ratio_resolve event=line locals={}
2026-08-23 04:04:18.872 /testbed/rich/_ratio.py:58 rich._ratio.ratio_resolve event=line locals={'edge': 'FlexEdge(size=None, ratio=8, minimum_size=117)', 'index': '45'}
2026-08-23 04:04:18.872 /testbed/rich/_ratio.py:57 rich._ratio.ratio_resolve event=line locals={}
2026-08-23 04:04:18.872 /testbed/rich/_ratio.py:58 rich._ratio.ratio_resolve event=line locals={'edge': 'FlexEdge(size=None, ratio=9, minimum_size=91)', 'index': '46'}
2026-08-23 04:04:18.872 /testbed/rich/_ratio.py:57 rich._ratio.ratio_resolve event=line locals={}
2026-08-23 04:04:18.872 /testbed/rich/_ratio.py:58 rich._ratio.ratio_resolve event=line locals={'edge': 'FlexEdge(size=None, ratio=10, minimum_size=102)', 'index': '47'}
2026-08-23 04:04:18.872 /testbed/rich/_ratio.py:57 rich._ratio.ratio_resolve event=line locals={}
2026-08-23 04:04:18.872 /testbed/rich/_ratio.py:58 rich._ratio.ratio_resolve event=line locals={'edge': 'FlexEdge(size=None, ratio=12, minimum_size=100)', 'index': '49'}
2026-08-23 04:04:18.873 /testbed/rich/_ratio.py:57 rich._ratio.ratio_resolve event=line locals={}
2026-08-23 04:04:18.873 /testbed/rich/_ratio.py:58 rich._ratio.ratio_resolve event=line locals={'edge': 'FlexEdge(size=None, ratio=13, minimum_size=113)', 'index': '50'}
2026-08-23 04:04:18.873 /testbed/rich/_ratio.py:57 rich._ratio.ratio_resolve event=line locals={}
2026-08-23 04:04:18.873 /testbed/rich/_ratio.py:58 rich._ratio.ratio_resolve event=line locals={'edge': 'FlexEdge(size=None, ratio=14, minimum_size=128)', 'index': '51'}
2026-08-23 04:04:18.873 /testbed/rich/_ratio.py:57 rich._ratio.ratio_resolve event=line locals={}
2026-08-23 04:04:18.873 /testbed/rich/_ratio.py:58 rich._ratio.ratio_resolve event=line locals={'edge': 'FlexEdge(size=None, ratio=16, minimum_size=116)', 'index': '53'}
2026-08-23 04:04:18.873 /testbed/rich/_ratio.py:57 rich._ratio.ratio_resolve event=line locals={}
2026-08-23 04:04:18.873 /testbed/rich/_ratio.py:58 rich._ratio.ratio_resolve event=line locals={'edge': 'FlexEdge(size=None, ratio=17, minimum_size=134)', 'index': '54'}
2026-08-23 04:04:18.874 /testbed/rich/_ratio.py:57 rich._ratio.ratio_resolve event=line locals={}
2026-08-23 04:04:18.874 /testbed/rich/_ratio.py:58 rich._ratio.ratio_resolve event=line locals={'edge': 'FlexEdge(size=None, ratio=18, minimum_size=111)', 'index': '55'}
2026-08-23 04:04:18.874 /testbed/rich/_ratio.py:57 rich._ratio.ratio_resolve event=line locals={}
2026-08-23 04:04:18.874 /testbed/rich/_ratio.py:58 rich._ratio.ratio_resolve event=line locals={'edge': 'FlexEdge(size=None, ratio=6, minimum_size=137)', 'index': '62'}
2026-08-23 04:04:18.874 /testbed/rich/_ratio.py:59 rich._ratio.ratio_resolve event=line locals={}
2026-08-23 04:04:18.874 /testbed/rich/_ratio.py:61 rich._ratio.ratio_resolve event=line locals={'sizes': '[None, None, None, None, 44, None, None, None, 56, None, None, None, 38, None, None, None, 72, None, None, 65, 52, 60, 70, None, 68, None, None, None, 102, None, None, None, 78, None, None, None, 101, None, 83, 100, 76, 92, 109, None, 112, None, None, None, 131, None, None, None, 110, None, None, None, 139, 104, 121, 132, 125, 127, 137, None, 137, None, None, None, 152, None, None, None, 151, None, None, None, 169, None, None, None, 147, None, None, None, 185, None, None, None, 200, None, None, ...'}
2026-08-23 04:04:18.874 /testbed/rich/_ratio.py:36 rich._ratio.ratio_resolve event=line locals={}
2026-08-23 04:04:18.874 /testbed/rich/_ratio.py:38 rich._ratio.ratio_resolve event=line locals={}
2026-08-23 04:04:18.874 /testbed/rich/_ratio.py:40 rich._ratio.ratio_resolve event=line locals={}
2026-08-23 04:04:18.874 /testbed/rich/_ratio.py:38 rich._ratio.ratio_resolve event=line locals={}
2026-08-23 04:04:18.875 /testbed/rich/_ratio.py:44 rich._ratio.ratio_resolve event=line locals={}
2026-08-23 04:04:18.875 /testbed/rich/_ratio.py:45 rich._ratio.ratio_resolve event=line locals={'remaining': '10272'}
2026-08-23 04:04:18.876 /testbed/rich/_ratio.py:52 rich._ratio.ratio_resolve event=line locals={}
2026-08-23 04:04:18.876 /testbed/rich/_ratio.py:53 rich._ratio.ratio_resolve event=line locals={}
2026-08-23 04:04:18.876 /testbed/rich/_ratio.py:52 rich._ratio.ratio_resolve event=line locals={}
2026-08-23 04:04:18.876 /testbed/rich/_ratio.py:57 rich._ratio.ratio_resolve event=line locals={'portion': 'Fraction(10272, 679)'}
2026-08-23 04:04:18.876 /testbed/rich/_ratio.py:58 rich._ratio.ratio_resolve event=line locals={'edge': 'FlexEdge(size=None, ratio=1, minimum_size=11)', 'index': '0'}
2026-08-23 04:04:18.876 /testbed/rich/_ratio.py:57 rich._ratio.ratio_resolve event=line locals={}
2026-08-23 04:04:18.876 /testbed/rich/_ratio.py:58 rich._ratio.ratio_resolve event=line locals={'edge': 'FlexEdge(size=None, ratio=2, minimum_size=25)', 'index': '1'}
2026-08-23 04:04:18.877 /testbed/rich/_ratio.py:57 rich._ratio.ratio_resolve event=line locals={}
2026-08-23 04:04:18.877 /testbed/rich/_ratio.py:58 rich._ratio.ratio_resolve event=line locals={'edge': 'FlexEdge(size=None, ratio=3, minimum_size=34)', 'index': '2'}
2026-08-23 04:04:18.877 /testbed/rich/_ratio.py:57 rich._ratio.ratio_resolve event=line locals={}
2026-08-23 04:04:18.877 /testbed/rich/_ratio.py:58 rich._ratio.ratio_resolve event=line locals={'edge': 'FlexEdge(size=None, ratio=4, minimum_size=19)', 'index': '3'}
2026-08-23 04:04:18.877 /testbed/rich/_ratio.py:57 rich._ratio.ratio_resolve event=line locals={}
2026-08-23 04:04:18.877 /testbed/rich/_ratio.py:58 rich._ratio.ratio_resolve event=line locals={'edge': 'FlexEdge(size=None, ratio=6, minimum_size=44)', 'index': '5'}
2026-08-23 04:04:18.877 /testbed/rich/_ratio.py:57 rich._ratio.ratio_resolve event=line locals={}
2026-08-23 04:04:18.877 /testbed/rich/_ratio.py:58 rich._ratio.ratio_resolve event=line locals={'edge': 'FlexEdge(size=None, ratio=7, minimum_size=25)', 'index': '6'}
2026-08-23 04:04:18.878 /testbed/rich/_ratio.py:57 rich._ratio.ratio_resolve event=line locals={}
2026-08-23 04:04:18.878 /testbed/rich/_ratio.py:58 rich._ratio.ratio_resolve event=line locals={'edge': 'FlexEdge(size=None, ratio=8, minimum_size=38)', 'index': '7'}
2026-08-23 04:04:18.878 /testbed/rich/_ratio.py:57 rich._ratio.ratio_resolve event=line locals={}
2026-08-23 04:04:18.878 /testbed/rich/_ratio.py:58 rich._ratio.ratio_resolve event=line locals={'edge': 'FlexEdge(size=None, ratio=10, minimum_size=30)', 'index': '9'}
2026-08-23 04:04:18.878 /testbed/rich/_ratio.py:57 rich._ratio.ratio_resolve event=line locals={}
2026-08-23 04:04:18.878 /testbed/rich/_ratio.py:58 rich._ratio.ratio_resolve event=line locals={'edge': 'FlexEdge(size=None, ratio=11, minimum_size=45)', 'index': '10'}
2026-08-23 04:04:18.878 /testbed/rich/_ratio.py:57 rich._ratio.ratio_resolve event=line locals={}
2026-08-23 04:04:18.878 /testbed/rich/_ratio.py:58 rich._ratio.ratio_resolve event=line locals={'edge': 'FlexEdge(size=None, ratio=12, minimum_size=55)', 'index': '11'}
2026-08-23 04:04:18.878 /testbed/rich/_ratio.py:57 rich._ratio.ratio_resolve event=line locals={}
2026-08-23 04:04:18.879 /testbed/rich/_ratio.py:58 rich._ratio.ratio_resolve event=line locals={'edge': 'FlexEdge(size=None, ratio=14, minimum_size=49)', 'index': '13'}
2026-08-23 04:04:18.879 /testbed/rich/_ratio.py:57 rich._ratio.ratio_resolve event=line locals={}
2026-08-23 04:04:18.879 /testbed/rich/_ratio.py:58 rich._ratio.ratio_resolve event=line locals={'edge': 'FlexEdge(size=None, ratio=15, minimum_size=63)', 'index': '14'}
2026-08-23 04:04:18.879 /testbed/rich/_ratio.py:57 rich._ratio.ratio_resolve event=line locals={}
2026-08-23 04:04:18.879 /testbed/rich/_ratio.py:58 rich._ratio.ratio_resolve event=line locals={'edge': 'FlexEdge(size=None, ratio=16, minimum_size=43)', 'index': '15'}
2026-08-23 04:04:18.879 /testbed/rich/_ratio.py:57 rich._ratio.ratio_resolve event=line locals={}
2026-08-23 04:04:18.879 /testbed/rich/_ratio.py:58 rich._ratio.ratio_resolve event=line locals={'edge': 'FlexEdge(size=None, ratio=18, minimum_size=71)', 'index': '17'}
2026-08-23 04:04:18.879 /testbed/rich/_ratio.py:57 rich._ratio.ratio_resolve event=line locals={}
2026-08-23 04:04:18.879 /testbed/rich/_ratio.py:58 rich._ratio.ratio_resolve event=line locals={'edge': 'FlexEdge(size=None, ratio=19, minimum_size=51)', 'index': '18'}
2026-08-23 04:04:18.880 /testbed/rich/_ratio.py:57 rich._ratio.ratio_resolve event=line locals={}
2026-08-23 04:04:18.880 /testbed/rich/_ratio.py:58 rich._ratio.ratio_resolve event=line locals={'edge': 'FlexEdge(size=None, ratio=5, minimum_size=50)', 'index': '23'}
2026-08-23 04:04:18.880 /testbed/rich/_ratio.py:57 rich._ratio.ratio_resolve event=line locals={}
2026-08-23 04:04:18.880 /testbed/rich/_ratio.py:58 rich._ratio.ratio_resolve event=line locals={'edge': 'FlexEdge(size=None, ratio=7, minimum_size=81)', 'index': '25'}
2026-08-23 04:04:18.880 /testbed/rich/_ratio.py:57 rich._ratio.ratio_resolve event=line locals={}
2026-08-23 04:04:18.880 /testbed/rich/_ratio.py:58 rich._ratio.ratio_resolve event=line locals={'edge': 'FlexEdge(size=None, ratio=8, minimum_size=53)', 'index': '26'}
2026-08-23 04:04:18.880 /testbed/rich/_ratio.py:57 rich._ratio.ratio_resolve event=line locals={}
2026-08-23 04:04:18.880 /testbed/rich/_ratio.py:58 rich._ratio.ratio_resolve event=line locals={'edge': 'FlexEdge(size=None, ratio=9, minimum_size=72)', 'index': '27'}
2026-08-23 04:04:18.881 /testbed/rich/_ratio.py:57 rich._ratio.ratio_resolve event=line locals={}
2026-08-23 04:04:18.881 /testbed/rich/_ratio.py:58 rich._ratio.ratio_resolve event=line locals={'edge': 'FlexEdge(size=None, ratio=11, minimum_size=61)', 'index': '29'}
2026-08-23 04:04:18.881 /testbed/rich/_ratio.py:57 rich._ratio.ratio_resolve event=line locals={}
2026-08-23 04:04:18.881 /testbed/rich/_ratio.py:58 rich._ratio.ratio_resolve event=line locals={'edge': 'FlexEdge(size=None, ratio=12, minimum_size=80)', 'index': '30'}
2026-08-23 04:04:18.881 /testbed/rich/_ratio.py:57 rich._ratio.ratio_resolve event=line locals={}
2026-08-23 04:04:18.881 /testbed/rich/_ratio.py:58 rich._ratio.ratio_resolve event=line locals={'edge': 'FlexEdge(size=None, ratio=13, minimum_size=94)', 'index': '31'}
2026-08-23 04:04:18.881 /testbed/rich/_ratio.py:57 rich._ratio.ratio_resolve event=line locals={}
2026-08-23 04:04:18.881 /testbed/rich/_ratio.py:58 rich._ratio.ratio_resolve event=line locals={'edge': 'FlexEdge(size=None, ratio=15, minimum_size=87)', 'index': '33'}
2026-08-23 04:04:18.882 /testbed/rich/_ratio.py:57 rich._ratio.ratio_resolve event=line locals={}
2026-08-23 04:04:18.882 /testbed/rich/_ratio.py:58 rich._ratio.ratio_resolve event=line locals={'edge': 'FlexEdge(size=None, ratio=16, minimum_size=98)', 'index': '34'}
2026-08-23 04:04:18.882 /testbed/rich/_ratio.py:57 rich._ratio.ratio_resolve event=line locals={}
2026-08-23 04:04:18.882 /testbed/rich/_ratio.py:58 rich._ratio.ratio_resolve event=line locals={'edge': 'FlexEdge(size=None, ratio=17, minimum_size=74)', 'index': '35'}
2026-08-23 04:04:18.882 /testbed/rich/_ratio.py:57 rich._ratio.ratio_resolve event=line locals={}
2026-08-23 04:04:18.882 /testbed/rich/_ratio.py:58 rich._ratio.ratio_resolve event=line locals={'edge': 'FlexEdge(size=None, ratio=19, minimum_size=70)', 'index': '37'}
2026-08-23 04:04:18.882 /testbed/rich/_ratio.py:57 rich._ratio.ratio_resolve event=line locals={}
2026-08-23 04:04:18.882 /testbed/rich/_ratio.py:58 rich._ratio.ratio_resolve event=line locals={'edge': 'FlexEdge(size=None, ratio=6, minimum_size=86)', 'index': '43'}
2026-08-23 04:04:18.882 /testbed/rich/_ratio.py:57 rich._ratio.ratio_resolve event=line locals={}
2026-08-23 04:04:18.883 /testbed/rich/_ratio.py:58 rich._ratio.ratio_resolve event=line locals={'edge': 'FlexEdge(size=None, ratio=8, minimum_size=117)', 'index': '45'}
2026-08-23 04:04:18.883 /testbed/rich/_ratio.py:57 rich._ratio.ratio_resolve event=line locals={}
2026-08-23 04:04:18.883 /testbed/rich/_ratio.py:58 rich._ratio.ratio_resolve event=line locals={'edge': 'FlexEdge(size=None, ratio=9, minimum_size=91)', 'index': '46'}
2026-08-23 04:04:18.883 /testbed/rich/_ratio.py:57 rich._ratio.ratio_resolve event=line locals={}
2026-08-23 04:04:18.883 /testbed/rich/_ratio.py:58 rich._ratio.ratio_resolve event=line locals={'edge': 'FlexEdge(size=None, ratio=10, minimum_size=102)', 'index': '47'}
2026-08-23 04:04:18.883 /testbed/rich/_ratio.py:57 rich._ratio.ratio_resolve event=line locals={}
2026-08-23 04:04:18.883 /testbed/rich/_ratio.py:58 rich._ratio.ratio_resolve event=line locals={'edge': 'FlexEdge(size=None, ratio=12, minimum_size=100)', 'index': '49'}
2026-08-23 04:04:18.883 /testbed/rich/_ratio.py:57 rich._ratio.ratio_resolve event=line locals={}
2026-08-23 04:04:18.884 /testbed/rich/_ratio.py:58 rich._ratio.ratio_resolve event=line locals={'edge': 'FlexEdge(size=None, ratio=13, minimum_size=113)', 'index': '50'}
2026-08-23 04:04:18.884 /testbed/rich/_ratio.py:57 rich._ratio.ratio_resolve event=line locals={}
2026-08-23 04:04:18.884 /testbed/rich/_ratio.py:58 rich._ratio.ratio_resolve event=line locals={'edge': 'FlexEdge(size=None, ratio=14, minimum_size=128)', 'index': '51'}
2026-08-23 04:04:18.884 /testbed/rich/_ratio.py:57 rich._ratio.ratio_resolve event=line locals={}
2026-08-23 04:04:18.884 /testbed/rich/_ratio.py:58 rich._ratio.ratio_resolve event=line locals={'edge': 'FlexEdge(size=None, ratio=16, minimum_size=116)', 'index': '53'}
2026-08-23 04:04:18.884 /testbed/rich/_ratio.py:57 rich._ratio.ratio_resolve event=line locals={}
2026-08-23 04:04:18.884 /testbed/rich/_ratio.py:58 rich._ratio.ratio_resolve event=line locals={'edge': 'FlexEdge(size=None, ratio=17, minimum_size=134)', 'index': '54'}
2026-08-23 04:04:18.884 /testbed/rich/_ratio.py:57 rich._ratio.ratio_resolve event=line locals={}
2026-08-23 04:04:18.884 /testbed/rich/_ratio.py:58 rich._ratio.ratio_resolve event=line locals={'edge': 'FlexEdge(size=None, ratio=18, minimum_size=111)', 'index': '55'}
2026-08-23 04:04:18.885 /testbed/rich/_ratio.py:57 rich._ratio.ratio_resolve event=line locals={}
2026-08-23 04:04:18.885 /testbed/rich/_ratio.py:58 rich._ratio.ratio_resolve event=line locals={'edge': 'FlexEdge(size=None, ratio=7, minimum_size=121)', 'index': '63'}
2026-08-23 04:04:18.885 /testbed/rich/_ratio.py:59 rich._ratio.ratio_resolve event=line locals={}
2026-08-23 04:04:18.885 /testbed/rich/_ratio.py:61 rich._ratio.ratio_resolve event=line locals={'sizes': '[None, None, None, None, 44, None, None, None, 56, None, None, None, 38, None, None, None, 72, None, None, 65, 52, 60, 70, None, 68, None, None, None, 102, None, None, None, 78, None, None, None, 101, None, 83, 100, 76, 92, 109, None, 112, None, None, None, 131, None, None, None, 110, None, None, None, 139, 104, 121, 132, 125, 127, 137, 121, 137, None, None, None, 152, None, None, None, 151, None, None, None, 169, None, None, None, 147, None, None, None, 185, None, None, None, 200, None, None, N...'}
2026-08-23 04:04:18.885 /testbed/rich/_ratio.py:36 rich._ratio.ratio_resolve event=line locals={}
2026-08-23 04:04:18.885 /testbed/rich/_ratio.py:38 rich._ratio.ratio_resolve event=line locals={}
2026-08-23 04:04:18.885 /testbed/rich/_ratio.py:40 rich._ratio.ratio_resolve event=line locals={}
2026-08-23 04:04:18.885 /testbed/rich/_ratio.py:38 rich._ratio.ratio_resolve event=line locals={}
2026-08-23 04:04:18.886 /testbed/rich/_ratio.py:44 rich._ratio.ratio_resolve event=line locals={}
2026-08-23 04:04:18.886 /testbed/rich/_ratio.py:45 rich._ratio.ratio_resolve event=line locals={'remaining': '10151'}
2026-08-23 04:04:18.886 /testbed/rich/_ratio.py:52 rich._ratio.ratio_resolve event=line locals={}
2026-08-23 04:04:18.887 /testbed/rich/_ratio.py:53 rich._ratio.ratio_resolve event=line locals={}
2026-08-23 04:04:18.887 /testbed/rich/_ratio.py:52 rich._ratio.ratio_resolve event=line locals={}
2026-08-23 04:04:18.887 /testbed/rich/_ratio.py:57 rich._ratio.ratio_resolve event=line locals={'portion': 'Fraction(10151, 672)'}
2026-08-23 04:04:18.887 /testbed/rich/_ratio.py:58 rich._ratio.ratio_resolve event=line locals={'edge': 'FlexEdge(size=None, ratio=1, minimum_size=11)', 'index': '0'}
2026-08-23 04:04:18.887 /testbed/rich/_ratio.py:57 rich._ratio.ratio_resolve event=line locals={}
2026-08-23 04:04:18.887 /testbed/rich/_ratio.py:58 rich._ratio.ratio_resolve event=line locals={'edge': 'FlexEdge(size=None, ratio=2, minimum_size=25)', 'index': '1'}
2026-08-23 04:04:18.887 /testbed/rich/_ratio.py:57 rich._ratio.ratio_resolve event=line locals={}
2026-08-23 04:04:18.888 /testbed/rich/_ratio.py:58 rich._ratio.ratio_resolve event=line locals={'edge': 'FlexEdge(size=None, ratio=3, minimum_size=34)', 'index': '2'}
2026-08-23 04:04:18.888 /testbed/rich/_ratio.py:57 rich._ratio.ratio_resolve event=line locals={}
2026-08-23 04:04:18.888 /testbed/rich/_ratio.py:58 rich._ratio.ratio_resolve event=line locals={'edge': 'FlexEdge(size=None, ratio=4, minimum_size=19)', 'index': '3'}
2026-08-23 04:04:18.888 /testbed/rich/_ratio.py:57 rich._ratio.ratio_resolve event=line locals={}
2026-08-23 04:04:18.888 /testbed/rich/_ratio.py:58 rich._ratio.ratio_resolve event=line locals={'edge': 'FlexEdge(size=None, ratio=6, minimum_size=44)', 'index': '5'}
2026-08-23 04:04:18.888 /testbed/rich/_ratio.py:57 rich._ratio.ratio_resolve event=line locals={}
2026-08-23 04:04:18.888 /testbed/rich/_ratio.py:58 rich._ratio.ratio_resolve event=line locals={'edge': 'FlexEdge(size=None, ratio=7, minimum_size=25)', 'index': '6'}
2026-08-23 04:04:18.888 /testbed/rich/_ratio.py:57 rich._ratio.ratio_resolve event=line locals={}
2026-08-23 04:04:18.888 /testbed/rich/_ratio.py:58 rich._ratio.ratio_resolve event=line locals={'edge': 'FlexEdge(size=None, ratio=8, minimum_size=38)', 'index': '7'}
2026-08-23 04:04:18.889 /testbed/rich/_ratio.py:57 rich._ratio.ratio_resolve event=line locals={}
2026-08-23 04:04:18.889 /testbed/rich/_ratio.py:58 rich._ratio.ratio_resolve event=line locals={'edge': 'FlexEdge(size=None, ratio=10, minimum_size=30)', 'index': '9'}
2026-08-23 04:04:18.889 /testbed/rich/_ratio.py:57 rich._ratio.ratio_resolve event=line locals={}
2026-08-23 04:04:18.889 /testbed/rich/_ratio.py:58 rich._ratio.ratio_resolve event=line locals={'edge': 'FlexEdge(size=None, ratio=11, minimum_size=45)', 'index': '10'}
2026-08-23 04:04:18.889 /testbed/rich/_ratio.py:57 rich._ratio.ratio_resolve event=line locals={}
2026-08-23 04:04:18.889 /testbed/rich/_ratio.py:58 rich._ratio.ratio_resolve event=line locals={'edge': 'FlexEdge(size=None, ratio=12, minimum_size=55)', 'index': '11'}
2026-08-23 04:04:18.889 /testbed/rich/_ratio.py:57 rich._ratio.ratio_resolve event=line locals={}
2026-08-23 04:04:18.889 /testbed/rich/_ratio.py:58 rich._ratio.ratio_resolve event=line locals={'edge': 'FlexEdge(size=None, ratio=14, minimum_size=49)', 'index': '13'}
2026-08-23 04:04:18.890 /testbed/rich/_ratio.py:57 rich._ratio.ratio_resolve event=line locals={}
2026-08-23 04:04:18.890 /testbed/rich/_ratio.py:58 rich._ratio.ratio_resolve event=line locals={'edge': 'FlexEdge(size=None, ratio=15, minimum_size=63)', 'index': '14'}
2026-08-23 04:04:18.890 /testbed/rich/_ratio.py:57 rich._ratio.ratio_resolve event=line locals={}
2026-08-23 04:04:18.890 /testbed/rich/_ratio.py:58 rich._ratio.ratio_resolve event=line locals={'edge': 'FlexEdge(size=None, ratio=16, minimum_size=43)', 'index': '15'}
2026-08-23 04:04:18.890 /testbed/rich/_ratio.py:57 rich._ratio.ratio_resolve event=line locals={}
2026-08-23 04:04:18.890 /testbed/rich/_ratio.py:58 rich._ratio.ratio_resolve event=line locals={'edge': 'FlexEdge(size=None, ratio=18, minimum_size=71)', 'index': '17'}
2026-08-23 04:04:18.890 /testbed/rich/_ratio.py:57 rich._ratio.ratio_resolve event=line locals={}
2026-08-23 04:04:18.890 /testbed/rich/_ratio.py:58 rich._ratio.ratio_resolve event=line locals={'edge': 'FlexEdge(size=None, ratio=19, minimum_size=51)', 'index': '18'}
2026-08-23 04:04:18.890 /testbed/rich/_ratio.py:57 rich._ratio.ratio_resolve event=line locals={}
2026-08-23 04:04:18.891 /testbed/rich/_ratio.py:58 rich._ratio.ratio_resolve event=line locals={'edge': 'FlexEdge(size=None, ratio=5, minimum_size=50)', 'index': '23'}
2026-08-23 04:04:18.891 /testbed/rich/_ratio.py:57 rich._ratio.ratio_resolve event=line locals={}
2026-08-23 04:04:18.891 /testbed/rich/_ratio.py:58 rich._ratio.ratio_resolve event=line locals={'edge': 'FlexEdge(size=None, ratio=7, minimum_size=81)', 'index': '25'}
2026-08-23 04:04:18.891 /testbed/rich/_ratio.py:57 rich._ratio.ratio_resolve event=line locals={}
2026-08-23 04:04:18.891 /testbed/rich/_ratio.py:58 rich._ratio.ratio_resolve event=line locals={'edge': 'FlexEdge(size=None, ratio=8, minimum_size=53)', 'index': '26'}
2026-08-23 04:04:18.891 /testbed/rich/_ratio.py:57 rich._ratio.ratio_resolve event=line locals={}
2026-08-23 04:04:18.891 /testbed/rich/_ratio.py:58 rich._ratio.ratio_resolve event=line locals={'edge': 'FlexEdge(size=None, ratio=9, minimum_size=72)', 'index': '27'}
2026-08-23 04:04:18.891 /testbed/rich/_ratio.py:57 rich._ratio.ratio_resolve event=line locals={}
2026-08-23 04:04:18.892 /testbed/rich/_ratio.py:58 rich._ratio.ratio_resolve event=line locals={'edge': 'FlexEdge(size=None, ratio=11, minimum_size=61)', 'index': '29'}
2026-08-23 04:04:18.892 /testbed/rich/_ratio.py:57 rich._ratio.ratio_resolve event=line locals={}
2026-08-23 04:04:18.892 /testbed/rich/_ratio.py:58 rich._ratio.ratio_resolve event=line locals={'edge': 'FlexEdge(size=None, ratio=12, minimum_size=80)', 'index': '30'}
2026-08-23 04:04:18.892 /testbed/rich/_ratio.py:57 rich._ratio.ratio_resolve event=line locals={}
2026-08-23 04:04:18.892 /testbed/rich/_ratio.py:58 rich._ratio.ratio_resolve event=line locals={'edge': 'FlexEdge(size=None, ratio=13, minimum_size=94)', 'index': '31'}
2026-08-23 04:04:18.892 /testbed/rich/_ratio.py:57 rich._ratio.ratio_resolve event=line locals={}
2026-08-23 04:04:18.892 /testbed/rich/_ratio.py:58 rich._ratio.ratio_resolve event=line locals={'edge': 'FlexEdge(size=None, ratio=15, minimum_size=87)', 'index': '33'}
2026-08-23 04:04:18.892 /testbed/rich/_ratio.py:57 rich._ratio.ratio_resolve event=line locals={}
2026-08-23 04:04:18.892 /testbed/rich/_ratio.py:58 rich._ratio.ratio_resolve event=line locals={'edge': 'FlexEdge(size=None, ratio=16, minimum_size=98)', 'index': '34'}
2026-08-23 04:04:18.893 /testbed/rich/_ratio.py:57 rich._ratio.ratio_resolve event=line locals={}
2026-08-23 04:04:18.893 /testbed/rich/_ratio.py:58 rich._ratio.ratio_resolve event=line locals={'edge': 'FlexEdge(size=None, ratio=17, minimum_size=74)', 'index': '35'}
2026-08-23 04:04:18.893 /testbed/rich/_ratio.py:57 rich._ratio.ratio_resolve event=line locals={}
2026-08-23 04:04:18.893 /testbed/rich/_ratio.py:58 rich._ratio.ratio_resolve event=line locals={'edge': 'FlexEdge(size=None, ratio=19, minimum_size=70)', 'index': '37'}
2026-08-23 04:04:18.893 /testbed/rich/_ratio.py:57 rich._ratio.ratio_resolve event=line locals={}
2026-08-23 04:04:18.893 /testbed/rich/_ratio.py:58 rich._ratio.ratio_resolve event=line locals={'edge': 'FlexEdge(size=None, ratio=6, minimum_size=86)', 'index': '43'}
2026-08-23 04:04:18.893 /testbed/rich/_ratio.py:57 rich._ratio.ratio_resolve event=line locals={}
2026-08-23 04:04:18.893 /testbed/rich/_ratio.py:58 rich._ratio.ratio_resolve event=line locals={'edge': 'FlexEdge(size=None, ratio=8, minimum_size=117)', 'index': '45'}
2026-08-23 04:04:18.894 /testbed/rich/_ratio.py:57 rich._ratio.ratio_resolve event=line locals={}
2026-08-23 04:04:18.894 /testbed/rich/_ratio.py:58 rich._ratio.ratio_resolve event=line locals={'edge': 'FlexEdge(size=None, ratio=9, minimum_size=91)', 'index': '46'}
2026-08-23 04:04:18.894 /testbed/rich/_ratio.py:57 rich._ratio.ratio_resolve event=line locals={}
2026-08-23 04:04:18.894 /testbed/rich/_ratio.py:58 rich._ratio.ratio_resolve event=line locals={'edge': 'FlexEdge(size=None, ratio=10, minimum_size=102)', 'index': '47'}
2026-08-23 04:04:18.894 /testbed/rich/_ratio.py:57 rich._ratio.ratio_resolve event=line locals={}
2026-08-23 04:04:18.894 /testbed/rich/_ratio.py:58 rich._ratio.ratio_resolve event=line locals={'edge': 'FlexEdge(size=None, ratio=12, minimum_size=100)', 'index': '49'}
2026-08-23 04:04:18.894 /testbed/rich/_ratio.py:57 rich._ratio.ratio_resolve event=line locals={}
2026-08-23 04:04:18.894 /testbed/rich/_ratio.py:58 rich._ratio.ratio_resolve event=line locals={'edge': 'FlexEdge(size=None, ratio=13, minimum_size=113)', 'index': '50'}
2026-08-23 04:04:18.894 /testbed/rich/_ratio.py:57 rich._ratio.ratio_resolve event=line locals={}
2026-08-23 04:04:18.895 /testbed/rich/_ratio.py:58 rich._ratio.ratio_resolve event=line locals={'edge': 'FlexEdge(size=None, ratio=14, minimum_size=128)', 'index': '51'}
2026-08-23 04:04:18.895 /testbed/rich/_ratio.py:57 rich._ratio.ratio_resolve event=line locals={}
2026-08-23 04:04:18.895 /testbed/rich/_ratio.py:58 rich._ratio.ratio_resolve event=line locals={'edge': 'FlexEdge(size=None, ratio=16, minimum_size=116)', 'index': '53'}
2026-08-23 04:04:18.895 /testbed/rich/_ratio.py:57 rich._ratio.ratio_resolve event=line locals={}
2026-08-23 04:04:18.895 /testbed/rich/_ratio.py:58 rich._ratio.ratio_resolve event=line locals={'edge': 'FlexEdge(size=None, ratio=17, minimum_size=134)', 'index': '54'}
2026-08-23 04:04:18.895 /testbed/rich/_ratio.py:57 rich._ratio.ratio_resolve event=line locals={}
2026-08-23 04:04:18.895 /testbed/rich/_ratio.py:58 rich._ratio.ratio_resolve event=line locals={'edge': 'FlexEdge(size=None, ratio=18, minimum_size=111)', 'index': '55'}
2026-08-23 04:04:18.895 /testbed/rich/_ratio.py:57 rich._ratio.ratio_resolve event=line locals={}
2026-08-23 04:04:18.895 /testbed/rich/_ratio.py:58 rich._ratio.ratio_resolve event=line locals={'edge': 'FlexEdge(size=None, ratio=9, minimum_size=144)', 'index': '65'}
2026-08-23 04:04:18.896 /testbed/rich/_ratio.py:59 rich._ratio.ratio_resolve event=line locals={}
2026-08-23 04:04:18.896 /testbed/rich/_ratio.py:61 rich._ratio.ratio_resolve event=line locals={'sizes': '[None, None, None, None, 44, None, None, None, 56, None, None, None, 38, None, None, None, 72, None, None, 65, 52, 60, 70, None, 68, None, None, None, 102, None, None, None, 78, None, None, None, 101, None, 83, 100, 76, 92, 109, None, 112, None, None, None, 131, None, None, None, 110, None, None, None, 139, 104, 121, 132, 125, 127, 137, 121, 137, 144, None, None, 152, None, None, None, 151, None, None, None, 169, None, None, None, 147, None, None, None, 185, None, None, None, 200, None, None, No...'}
2026-08-23 04:04:18.896 /testbed/rich/_ratio.py:36 rich._ratio.ratio_resolve event=line locals={}
2026-08-23 04:04:18.896 /testbed/rich/_ratio.py:38 rich._ratio.ratio_resolve event=line locals={}
2026-08-23 04:04:18.896 /testbed/rich/_ratio.py:40 rich._ratio.ratio_resolve event=line locals={}
2026-08-23 04:04:18.896 /testbed/rich/_ratio.py:38 rich._ratio.ratio_resolve event=line locals={}
2026-08-23 04:04:18.897 /testbed/rich/_ratio.py:44 rich._ratio.ratio_resolve event=line locals={}
2026-08-23 04:04:18.897 /testbed/rich/_ratio.py:45 rich._ratio.ratio_resolve event=line locals={'remaining': '10007'}
2026-08-23 04:04:18.897 /testbed/rich/_ratio.py:52 rich._ratio.ratio_resolve event=line locals={}
2026-08-23 04:04:18.897 /testbed/rich/_ratio.py:53 rich._ratio.ratio_resolve event=line locals={}
2026-08-23 04:04:18.898 /testbed/rich/_ratio.py:52 rich._ratio.ratio_resolve event=line locals={}
2026-08-23 04:04:18.898 /testbed/rich/_ratio.py:57 rich._ratio.ratio_resolve event=line locals={'portion': 'Fraction(10007, 663)'}
2026-08-23 04:04:18.898 /testbed/rich/_ratio.py:58 rich._ratio.ratio_resolve event=line locals={'edge': 'FlexEdge(size=None, ratio=1, minimum_size=11)', 'index': '0'}
2026-08-23 04:04:18.898 /testbed/rich/_ratio.py:57 rich._ratio.ratio_resolve event=line locals={}
2026-08-23 04:04:18.898 /testbed/rich/_ratio.py:58 rich._ratio.ratio_resolve event=line locals={'edge': 'FlexEdge(size=None, ratio=2, minimum_size=25)', 'index': '1'}
2026-08-23 04:04:18.898 /testbed/rich/_ratio.py:57 rich._ratio.ratio_resolve event=line locals={}
2026-08-23 04:04:18.899 /testbed/rich/_ratio.py:58 rich._ratio.ratio_resolve event=line locals={'edge': 'FlexEdge(size=None, ratio=3, minimum_size=34)', 'index': '2'}
2026-08-23 04:04:18.899 /testbed/rich/_ratio.py:57 rich._ratio.ratio_resolve event=line locals={}
2026-08-23 04:04:18.899 /testbed/rich/_ratio.py:58 rich._ratio.ratio_resolve event=line locals={'edge': 'FlexEdge(size=None, ratio=4, minimum_size=19)', 'index': '3'}
2026-08-23 04:04:18.899 /testbed/rich/_ratio.py:57 rich._ratio.ratio_resolve event=line locals={}
2026-08-23 04:04:18.899 /testbed/rich/_ratio.py:58 rich._ratio.ratio_resolve event=line locals={'edge': 'FlexEdge(size=None, ratio=6, minimum_size=44)', 'index': '5'}
2026-08-23 04:04:18.899 /testbed/rich/_ratio.py:57 rich._ratio.ratio_resolve event=line locals={}
2026-08-23 04:04:18.899 /testbed/rich/_ratio.py:58 rich._ratio.ratio_resolve event=line locals={'edge': 'FlexEdge(size=None, ratio=7, minimum_size=25)', 'index': '6'}
2026-08-23 04:04:18.899 /testbed/rich/_ratio.py:57 rich._ratio.ratio_resolve event=line locals={}
2026-08-23 04:04:18.899 /testbed/rich/_ratio.py:58 rich._ratio.ratio_resolve event=line locals={'edge': 'FlexEdge(size=None, ratio=8, minimum_size=38)', 'index': '7'}
2026-08-23 04:04:18.900 /testbed/rich/_ratio.py:57 rich._ratio.ratio_resolve event=line locals={}
2026-08-23 04:04:18.900 /testbed/rich/_ratio.py:58 rich._ratio.ratio_resolve event=line locals={'edge': 'FlexEdge(size=None, ratio=10, minimum_size=30)', 'index': '9'}
2026-08-23 04:04:18.900 /testbed/rich/_ratio.py:57 rich._ratio.ratio_resolve event=line locals={}
2026-08-23 04:04:18.900 /testbed/rich/_ratio.py:58 rich._ratio.ratio_resolve event=line locals={'edge': 'FlexEdge(size=None, ratio=11, minimum_size=45)', 'index': '10'}
2026-08-23 04:04:18.900 /testbed/rich/_ratio.py:57 rich._ratio.ratio_resolve event=line locals={}
2026-08-23 04:04:18.900 /testbed/rich/_ratio.py:58 rich._ratio.ratio_resolve event=line locals={'edge': 'FlexEdge(size=None, ratio=12, minimum_size=55)', 'index': '11'}
2026-08-23 04:04:18.900 /testbed/rich/_ratio.py:57 rich._ratio.ratio_resolve event=line locals={}
2026-08-23 04:04:18.900 /testbed/rich/_ratio.py:58 rich._ratio.ratio_resolve event=line locals={'edge': 'FlexEdge(size=None, ratio=14, minimum_size=49)', 'index': '13'}
2026-08-23 04:04:18.901 /testbed/rich/_ratio.py:57 rich._ratio.ratio_resolve event=line locals={}
2026-08-23 04:04:18.901 /testbed/rich/_ratio.py:58 rich._ratio.ratio_resolve event=line locals={'edge': 'FlexEdge(size=None, ratio=15, minimum_size=63)', 'index': '14'}
2026-08-23 04:04:18.901 /testbed/rich/_ratio.py:57 rich._ratio.ratio_resolve event=line locals={}
2026-08-23 04:04:18.901 /testbed/rich/_ratio.py:58 rich._ratio.ratio_resolve event=line locals={'edge': 'FlexEdge(size=None, ratio=16, minimum_size=43)', 'index': '15'}
2026-08-23 04:04:18.901 /testbed/rich/_ratio.py:57 rich._ratio.ratio_resolve event=line locals={}
2026-08-23 04:04:18.901 /testbed/rich/_ratio.py:58 rich._ratio.ratio_resolve event=line locals={'edge': 'FlexEdge(size=None, ratio=18, minimum_size=71)', 'index': '17'}
2026-08-23 04:04:18.901 /testbed/rich/_ratio.py:57 rich._ratio.ratio_resolve event=line locals={}
2026-08-23 04:04:18.901 /testbed/rich/_ratio.py:58 rich._ratio.ratio_resolve event=line locals={'edge': 'FlexEdge(size=None, ratio=19, minimum_size=51)', 'index': '18'}
2026-08-23 04:04:18.902 /testbed/rich/_ratio.py:57 rich._ratio.ratio_resolve event=line locals={}
2026-08-23 04:04:18.902 /testbed/rich/_ratio.py:58 rich._ratio.ratio_resolve event=line locals={'edge': 'FlexEdge(size=None, ratio=5, minimum_size=50)', 'index': '23'}
2026-08-23 04:04:18.902 /testbed/rich/_ratio.py:57 rich._ratio.ratio_resolve event=line locals={}
2026-08-23 04:04:18.902 /testbed/rich/_ratio.py:58 rich._ratio.ratio_resolve event=line locals={'edge': 'FlexEdge(size=None, ratio=7, minimum_size=81)', 'index': '25'}
2026-08-23 04:04:18.902 /testbed/rich/_ratio.py:57 rich._ratio.ratio_resolve event=line locals={}
2026-08-23 04:04:18.902 /testbed/rich/_ratio.py:58 rich._ratio.ratio_resolve event=line locals={'edge': 'FlexEdge(size=None, ratio=8, minimum_size=53)', 'index': '26'}
2026-08-23 04:04:18.902 /testbed/rich/_ratio.py:57 rich._ratio.ratio_resolve event=line locals={}
2026-08-23 04:04:18.902 /testbed/rich/_ratio.py:58 rich._ratio.ratio_resolve event=line locals={'edge': 'FlexEdge(size=None, ratio=9, minimum_size=72)', 'index': '27'}
2026-08-23 04:04:18.902 /testbed/rich/_ratio.py:57 rich._ratio.ratio_resolve event=line locals={}
2026-08-23 04:04:18.903 /testbed/rich/_ratio.py:58 rich._ratio.ratio_resolve event=line locals={'edge': 'FlexEdge(size=None, ratio=11, minimum_size=61)', 'index': '29'}
2026-08-23 04:04:18.903 /testbed/rich/_ratio.py:57 rich._ratio.ratio_resolve event=line locals={}
2026-08-23 04:04:18.903 /testbed/rich/_ratio.py:58 rich._ratio.ratio_resolve event=line locals={'edge': 'FlexEdge(size=None, ratio=12, minimum_size=80)', 'index': '30'}
2026-08-23 04:04:18.903 /testbed/rich/_ratio.py:57 rich._ratio.ratio_resolve event=line locals={}
2026-08-23 04:04:18.903 /testbed/rich/_ratio.py:58 rich._ratio.ratio_resolve event=line locals={'edge': 'FlexEdge(size=None, ratio=13, minimum_size=94)', 'index': '31'}
2026-08-23 04:04:18.903 /testbed/rich/_ratio.py:57 rich._ratio.ratio_resolve event=line locals={}
2026-08-23 04:04:18.903 /testbed/rich/_ratio.py:58 rich._ratio.ratio_resolve event=line locals={'edge': 'FlexEdge(size=None, ratio=15, minimum_size=87)', 'index': '33'}
2026-08-23 04:04:18.903 /testbed/rich/_ratio.py:57 rich._ratio.ratio_resolve event=line locals={}
2026-08-23 04:04:18.904 /testbed/rich/_ratio.py:58 rich._ratio.ratio_resolve event=line locals={'edge': 'FlexEdge(size=None, ratio=16, minimum_size=98)', 'index': '34'}
2026-08-23 04:04:18.904 /testbed/rich/_ratio.py:57 rich._ratio.ratio_resolve event=line locals={}
2026-08-23 04:04:18.904 /testbed/rich/_ratio.py:58 rich._ratio.ratio_resolve event=line locals={'edge': 'FlexEdge(size=None, ratio=17, minimum_size=74)', 'index': '35'}
2026-08-23 04:04:18.904 /testbed/rich/_ratio.py:57 rich._ratio.ratio_resolve event=line locals={}
2026-08-23 04:04:18.904 /testbed/rich/_ratio.py:58 rich._ratio.ratio_resolve event=line locals={'edge': 'FlexEdge(size=None, ratio=19, minimum_size=70)', 'index': '37'}
2026-08-23 04:04:18.904 /testbed/rich/_ratio.py:57 rich._ratio.ratio_resolve event=line locals={}
2026-08-23 04:04:18.904 /testbed/rich/_ratio.py:58 rich._ratio.ratio_resolve event=line locals={'edge': 'FlexEdge(size=None, ratio=6, minimum_size=86)', 'index': '43'}
2026-08-23 04:04:18.904 /testbed/rich/_ratio.py:57 rich._ratio.ratio_resolve event=line locals={}
2026-08-23 04:04:18.904 /testbed/rich/_ratio.py:58 rich._ratio.ratio_resolve event=line locals={'edge': 'FlexEdge(size=None, ratio=8, minimum_size=117)', 'index': '45'}
2026-08-23 04:04:18.905 /testbed/rich/_ratio.py:57 rich._ratio.ratio_resolve event=line locals={}
2026-08-23 04:04:18.905 /testbed/rich/_ratio.py:58 rich._ratio.ratio_resolve event=line locals={'edge': 'FlexEdge(size=None, ratio=9, minimum_size=91)', 'index': '46'}
2026-08-23 04:04:18.905 /testbed/rich/_ratio.py:57 rich._ratio.ratio_resolve event=line locals={}
2026-08-23 04:04:18.905 /testbed/rich/_ratio.py:58 rich._ratio.ratio_resolve event=line locals={'edge': 'FlexEdge(size=None, ratio=10, minimum_size=102)', 'index': '47'}
2026-08-23 04:04:18.905 /testbed/rich/_ratio.py:57 rich._ratio.ratio_resolve event=line locals={}
2026-08-23 04:04:18.905 /testbed/rich/_ratio.py:58 rich._ratio.ratio_resolve event=line locals={'edge': 'FlexEdge(size=None, ratio=12, minimum_size=100)', 'index': '49'}
2026-08-23 04:04:18.905 /testbed/rich/_ratio.py:57 rich._ratio.ratio_resolve event=line locals={}
2026-08-23 04:04:18.905 /testbed/rich/_ratio.py:58 rich._ratio.ratio_resolve event=line locals={'edge': 'FlexEdge(size=None, ratio=13, minimum_size=113)', 'index': '50'}
2026-08-23 04:04:18.906 /testbed/rich/_ratio.py:57 rich._ratio.ratio_resolve event=line locals={}
2026-08-23 04:04:18.906 /testbed/rich/_ratio.py:58 rich._ratio.ratio_resolve event=line locals={'edge': 'FlexEdge(size=None, ratio=14, minimum_size=128)', 'index': '51'}
2026-08-23 04:04:18.906 /testbed/rich/_ratio.py:57 rich._ratio.ratio_resolve event=line locals={}
2026-08-23 04:04:18.906 /testbed/rich/_ratio.py:58 rich._ratio.ratio_resolve event=line locals={'edge': 'FlexEdge(size=None, ratio=16, minimum_size=116)', 'index': '53'}
2026-08-23 04:04:18.906 /testbed/rich/_ratio.py:57 rich._ratio.ratio_resolve event=line locals={}
2026-08-23 04:04:18.906 /testbed/rich/_ratio.py:58 rich._ratio.ratio_resolve event=line locals={'edge': 'FlexEdge(size=None, ratio=17, minimum_size=134)', 'index': '54'}
2026-08-23 04:04:18.906 /testbed/rich/_ratio.py:57 rich._ratio.ratio_resolve event=line locals={}
2026-08-23 04:04:18.906 /testbed/rich/_ratio.py:58 rich._ratio.ratio_resolve event=line locals={'edge': 'FlexEdge(size=None, ratio=18, minimum_size=111)', 'index': '55'}
2026-08-23 04:04:18.906 /testbed/rich/_ratio.py:57 rich._ratio.ratio_resolve event=line locals={}
2026-08-23 04:04:18.907 /testbed/rich/_ratio.py:58 rich._ratio.ratio_resolve event=line locals={'edge': 'FlexEdge(size=None, ratio=10, minimum_size=127)', 'index': '66'}
2026-08-23 04:04:18.907 /testbed/rich/_ratio.py:57 rich._ratio.ratio_resolve event=line locals={}
2026-08-23 04:04:18.907 /testbed/rich/_ratio.py:58 rich._ratio.ratio_resolve event=line locals={'edge': 'FlexEdge(size=None, ratio=11, minimum_size=141)', 'index': '67'}
2026-08-23 04:04:18.907 /testbed/rich/_ratio.py:57 rich._ratio.ratio_resolve event=line locals={}
2026-08-23 04:04:18.907 /testbed/rich/_ratio.py:58 rich._ratio.ratio_resolve event=line locals={'edge': 'FlexEdge(size=None, ratio=13, minimum_size=134)', 'index': '69'}
2026-08-23 04:04:18.907 /testbed/rich/_ratio.py:57 rich._ratio.ratio_resolve event=line locals={}
2026-08-23 04:04:18.907 /testbed/rich/_ratio.py:58 rich._ratio.ratio_resolve event=line locals={'edge': 'FlexEdge(size=None, ratio=14, minimum_size=147)', 'index': '70'}
2026-08-23 04:04:18.907 /testbed/rich/_ratio.py:57 rich._ratio.ratio_resolve event=line locals={}
2026-08-23 04:04:18.907 /testbed/rich/_ratio.py:58 rich._ratio.ratio_resolve event=line locals={'edge': 'FlexEdge(size=None, ratio=15, minimum_size=160)', 'index': '71'}
2026-08-23 04:04:18.908 /testbed/rich/_ratio.py:57 rich._ratio.ratio_resolve event=line locals={}
2026-08-23 04:04:18.908 /testbed/rich/_ratio.py:58 rich._ratio.ratio_resolve event=line locals={'edge': 'FlexEdge(size=None, ratio=17, minimum_size=155)', 'index': '73'}
2026-08-23 04:04:18.908 /testbed/rich/_ratio.py:57 rich._ratio.ratio_resolve event=line locals={}
2026-08-23 04:04:18.908 /testbed/rich/_ratio.py:58 rich._ratio.ratio_resolve event=line locals={'edge': 'FlexEdge(size=None, ratio=18, minimum_size=128)', 'index': '74'}
2026-08-23 04:04:18.908 /testbed/rich/_ratio.py:57 rich._ratio.ratio_resolve event=line locals={}
2026-08-23 04:04:18.908 /testbed/rich/_ratio.py:58 rich._ratio.ratio_resolve event=line locals={'edge': 'FlexEdge(size=None, ratio=19, minimum_size=147)', 'index': '75'}
2026-08-23 04:04:18.908 /testbed/rich/_ratio.py:57 rich._ratio.ratio_resolve event=line locals={}
2026-08-23 04:04:18.908 /testbed/rich/_ratio.py:58 rich._ratio.ratio_resolve event=line locals={'edge': 'FlexEdge(size=None, ratio=2, minimum_size=138)', 'index': '77'}
2026-08-23 04:04:18.909 /testbed/rich/_ratio.py:59 rich._ratio.ratio_resolve event=line locals={}
2026-08-23 04:04:18.909 /testbed/rich/_ratio.py:61 rich._ratio.ratio_resolve event=line locals={'sizes': '[None, None, None, None, 44, None, None, None, 56, None, None, None, 38, None, None, None, 72, None, None, 65, 52, 60, 70, None, 68, None, None, None, 102, None, None, None, 78, None, None, None, 101, None, 83, 100, 76, 92, 109, None, 112, None, None, None, 131, None, None, None, 110, None, None, None, 139, 104, 121, 132, 125, 127, 137, 121, 137, 144, None, None, 152, None, None, None, 151, None, None, None, 169, 138, None, None, 147, None, None, None, 185, None, None, None, 200, None, None, Non...'}
2026-08-23 04:04:18.909 /testbed/rich/_ratio.py:36 rich._ratio.ratio_resolve event=line locals={}
2026-08-23 04:04:18.909 /testbed/rich/_ratio.py:38 rich._ratio.ratio_resolve event=line locals={}
2026-08-23 04:04:18.909 /testbed/rich/_ratio.py:40 rich._ratio.ratio_resolve event=line locals={}
2026-08-23 04:04:18.909 /testbed/rich/_ratio.py:38 rich._ratio.ratio_resolve event=line locals={}
2026-08-23 04:04:18.910 /testbed/rich/_ratio.py:44 rich._ratio.ratio_resolve event=line locals={}
2026-08-23 04:04:18.910 /testbed/rich/_ratio.py:45 rich._ratio.ratio_resolve event=line locals={'remaining': '9869'}
2026-08-23 04:04:18.910 /testbed/rich/_ratio.py:52 rich._ratio.ratio_resolve event=line locals={}
2026-08-23 04:04:18.910 /testbed/rich/_ratio.py:53 rich._ratio.ratio_resolve event=line locals={}
2026-08-23 04:04:18.910 /testbed/rich/_ratio.py:52 rich._ratio.ratio_resolve event=line locals={}
2026-08-23 04:04:18.911 /testbed/rich/_ratio.py:57 rich._ratio.ratio_resolve event=line locals={'portion': 'Fraction(9869, 661)'}
2026-08-23 04:04:18.911 /testbed/rich/_ratio.py:58 rich._ratio.ratio_resolve event=line locals={'edge': 'FlexEdge(size=None, ratio=1, minimum_size=11)', 'index': '0'}
2026-08-23 04:04:18.911 /testbed/rich/_ratio.py:57 rich._ratio.ratio_resolve event=line locals={}
2026-08-23 04:04:18.911 /testbed/rich/_ratio.py:58 rich._ratio.ratio_resolve event=line locals={'edge': 'FlexEdge(size=None, ratio=2, minimum_size=25)', 'index': '1'}
2026-08-23 04:04:18.911 /testbed/rich/_ratio.py:57 rich._ratio.ratio_resolve event=line locals={}
2026-08-23 04:04:18.911 /testbed/rich/_ratio.py:58 rich._ratio.ratio_resolve event=line locals={'edge': 'FlexEdge(size=None, ratio=3, minimum_size=34)', 'index': '2'}
2026-08-23 04:04:18.911 /testbed/rich/_ratio.py:57 rich._ratio.ratio_resolve event=line locals={}
2026-08-23 04:04:18.911 /testbed/rich/_ratio.py:58 rich._ratio.ratio_resolve event=line locals={'edge': 'FlexEdge(size=None, ratio=4, minimum_size=19)', 'index': '3'}
2026-08-23 04:04:18.912 /testbed/rich/_ratio.py:57 rich._ratio.ratio_resolve event=line locals={}
2026-08-23 04:04:18.912 /testbed/rich/_ratio.py:58 rich._ratio.ratio_resolve event=line locals={'edge': 'FlexEdge(size=None, ratio=6, minimum_size=44)', 'index': '5'}
2026-08-23 04:04:18.912 /testbed/rich/_ratio.py:57 rich._ratio.ratio_resolve event=line locals={}
2026-08-23 04:04:18.912 /testbed/rich/_ratio.py:58 rich._ratio.ratio_resolve event=line locals={'edge': 'FlexEdge(size=None, ratio=7, minimum_size=25)', 'index': '6'}
2026-08-23 04:04:18.912 /testbed/rich/_ratio.py:57 rich._ratio.ratio_resolve event=line locals={}
2026-08-23 04:04:18.912 /testbed/rich/_ratio.py:58 rich._ratio.ratio_resolve event=line locals={'edge': 'FlexEdge(size=None, ratio=8, minimum_size=38)', 'index': '7'}
2026-08-23 04:04:18.912 /testbed/rich/_ratio.py:57 rich._ratio.ratio_resolve event=line locals={}
2026-08-23 04:04:18.912 /testbed/rich/_ratio.py:58 rich._ratio.ratio_resolve event=line locals={'edge': 'FlexEdge(size=None, ratio=10, minimum_size=30)', 'index': '9'}
2026-08-23 04:04:18.912 /testbed/rich/_ratio.py:57 rich._ratio.ratio_resolve event=line locals={}
2026-08-23 04:04:18.913 /testbed/rich/_ratio.py:58 rich._ratio.ratio_resolve event=line locals={'edge': 'FlexEdge(size=None, ratio=11, minimum_size=45)', 'index': '10'}
2026-08-23 04:04:18.913 /testbed/rich/_ratio.py:57 rich._ratio.ratio_resolve event=line locals={}
2026-08-23 04:04:18.913 /testbed/rich/_ratio.py:58 rich._ratio.ratio_resolve event=line locals={'edge': 'FlexEdge(size=None, ratio=12, minimum_size=55)', 'index': '11'}
2026-08-23 04:04:18.913 /testbed/rich/_ratio.py:57 rich._ratio.ratio_resolve event=line locals={}
2026-08-23 04:04:18.913 /testbed/rich/_ratio.py:58 rich._ratio.ratio_resolve event=line locals={'edge': 'FlexEdge(size=None, ratio=14, minimum_size=49)', 'index': '13'}
2026-08-23 04:04:18.913 /testbed/rich/_ratio.py:57 rich._ratio.ratio_resolve event=line locals={}
2026-08-23 04:04:18.913 /testbed/rich/_ratio.py:58 rich._ratio.ratio_resolve event=line locals={'edge': 'FlexEdge(size=None, ratio=15, minimum_size=63)', 'index': '14'}
2026-08-23 04:04:18.913 /testbed/rich/_ratio.py:57 rich._ratio.ratio_resolve event=line locals={}
2026-08-23 04:04:18.913 /testbed/rich/_ratio.py:58 rich._ratio.ratio_resolve event=line locals={'edge': 'FlexEdge(size=None, ratio=16, minimum_size=43)', 'index': '15'}
2026-08-23 04:04:18.914 /testbed/rich/_ratio.py:57 rich._ratio.ratio_resolve event=line locals={}
2026-08-23 04:04:18.914 /testbed/rich/_ratio.py:58 rich._ratio.ratio_resolve event=line locals={'edge': 'FlexEdge(size=None, ratio=18, minimum_size=71)', 'index': '17'}
2026-08-23 04:04:18.914 /testbed/rich/_ratio.py:57 rich._ratio.ratio_resolve event=line locals={}
2026-08-23 04:04:18.914 /testbed/rich/_ratio.py:58 rich._ratio.ratio_resolve event=line locals={'edge': 'FlexEdge(size=None, ratio=19, minimum_size=51)', 'index': '18'}
2026-08-23 04:04:18.914 /testbed/rich/_ratio.py:57 rich._ratio.ratio_resolve event=line locals={}
2026-08-23 04:04:18.914 /testbed/rich/_ratio.py:58 rich._ratio.ratio_resolve event=line locals={'edge': 'FlexEdge(size=None, ratio=5, minimum_size=50)', 'index': '23'}
2026-08-23 04:04:18.914 /testbed/rich/_ratio.py:57 rich._ratio.ratio_resolve event=line locals={}
2026-08-23 04:04:18.914 /testbed/rich/_ratio.py:58 rich._ratio.ratio_resolve event=line locals={'edge': 'FlexEdge(size=None, ratio=7, minimum_size=81)', 'index': '25'}
2026-08-23 04:04:18.914 /testbed/rich/_ratio.py:57 rich._ratio.ratio_resolve event=line locals={}
2026-08-23 04:04:18.915 /testbed/rich/_ratio.py:58 rich._ratio.ratio_resolve event=line locals={'edge': 'FlexEdge(size=None, ratio=8, minimum_size=53)', 'index': '26'}
2026-08-23 04:04:18.915 /testbed/rich/_ratio.py:57 rich._ratio.ratio_resolve event=line locals={}
2026-08-23 04:04:18.915 /testbed/rich/_ratio.py:58 rich._ratio.ratio_resolve event=line locals={'edge': 'FlexEdge(size=None, ratio=9, minimum_size=72)', 'index': '27'}
2026-08-23 04:04:18.915 /testbed/rich/_ratio.py:57 rich._ratio.ratio_resolve event=line locals={}
2026-08-23 04:04:18.915 /testbed/rich/_ratio.py:58 rich._ratio.ratio_resolve event=line locals={'edge': 'FlexEdge(size=None, ratio=11, minimum_size=61)', 'index': '29'}
2026-08-23 04:04:18.915 /testbed/rich/_ratio.py:57 rich._ratio.ratio_resolve event=line locals={}
2026-08-23 04:04:18.915 /testbed/rich/_ratio.py:58 rich._ratio.ratio_resolve event=line locals={'edge': 'FlexEdge(size=None, ratio=12, minimum_size=80)', 'index': '30'}
2026-08-23 04:04:18.915 /testbed/rich/_ratio.py:57 rich._ratio.ratio_resolve event=line locals={}
2026-08-23 04:04:18.916 /testbed/rich/_ratio.py:58 rich._ratio.ratio_resolve event=line locals={'edge': 'FlexEdge(size=None, ratio=13, minimum_size=94)', 'index': '31'}
2026-08-23 04:04:18.916 /testbed/rich/_ratio.py:57 rich._ratio.ratio_resolve event=line locals={}
2026-08-23 04:04:18.916 /testbed/rich/_ratio.py:58 rich._ratio.ratio_resolve event=line locals={'edge': 'FlexEdge(size=None, ratio=15, minimum_size=87)', 'index': '33'}
2026-08-23 04:04:18.916 /testbed/rich/_ratio.py:57 rich._ratio.ratio_resolve event=line locals={}
2026-08-23 04:04:18.916 /testbed/rich/_ratio.py:58 rich._ratio.ratio_resolve event=line locals={'edge': 'FlexEdge(size=None, ratio=16, minimum_size=98)', 'index': '34'}
2026-08-23 04:04:18.916 /testbed/rich/_ratio.py:57 rich._ratio.ratio_resolve event=line locals={}
2026-08-23 04:04:18.916 /testbed/rich/_ratio.py:58 rich._ratio.ratio_resolve event=line locals={'edge': 'FlexEdge(size=None, ratio=17, minimum_size=74)', 'index': '35'}
2026-08-23 04:04:18.916 /testbed/rich/_ratio.py:57 rich._ratio.ratio_resolve event=line locals={}
2026-08-23 04:04:18.917 /testbed/rich/_ratio.py:58 rich._ratio.ratio_resolve event=line locals={'edge': 'FlexEdge(size=None, ratio=19, minimum_size=70)', 'index': '37'}
2026-08-23 04:04:18.917 /testbed/rich/_ratio.py:57 rich._ratio.ratio_resolve event=line locals={}
2026-08-23 04:04:18.917 /testbed/rich/_ratio.py:58 rich._ratio.ratio_resolve event=line locals={'edge': 'FlexEdge(size=None, ratio=6, minimum_size=86)', 'index': '43'}
2026-08-23 04:04:18.917 /testbed/rich/_ratio.py:57 rich._ratio.ratio_resolve event=line locals={}
2026-08-23 04:04:18.917 /testbed/rich/_ratio.py:58 rich._ratio.ratio_resolve event=line locals={'edge': 'FlexEdge(size=None, ratio=8, minimum_size=117)', 'index': '45'}
2026-08-23 04:04:18.917 /testbed/rich/_ratio.py:57 rich._ratio.ratio_resolve event=line locals={}
2026-08-23 04:04:18.917 /testbed/rich/_ratio.py:58 rich._ratio.ratio_resolve event=line locals={'edge': 'FlexEdge(size=None, ratio=9, minimum_size=91)', 'index': '46'}
2026-08-23 04:04:18.917 /testbed/rich/_ratio.py:57 rich._ratio.ratio_resolve event=line locals={}
2026-08-23 04:04:18.917 /testbed/rich/_ratio.py:58 rich._ratio.ratio_resolve event=line locals={'edge': 'FlexEdge(size=None, ratio=10, minimum_size=102)', 'index': '47'}
2026-08-23 04:04:18.918 /testbed/rich/_ratio.py:57 rich._ratio.ratio_resolve event=line locals={}
2026-08-23 04:04:18.918 /testbed/rich/_ratio.py:58 rich._ratio.ratio_resolve event=line locals={'edge': 'FlexEdge(size=None, ratio=12, minimum_size=100)', 'index': '49'}
2026-08-23 04:04:18.918 /testbed/rich/_ratio.py:57 rich._ratio.ratio_resolve event=line locals={}
2026-08-23 04:04:18.918 /testbed/rich/_ratio.py:58 rich._ratio.ratio_resolve event=line locals={'edge': 'FlexEdge(size=None, ratio=13, minimum_size=113)', 'index': '50'}
2026-08-23 04:04:18.918 /testbed/rich/_ratio.py:57 rich._ratio.ratio_resolve event=line locals={}
2026-08-23 04:04:18.918 /testbed/rich/_ratio.py:58 rich._ratio.ratio_resolve event=line locals={'edge': 'FlexEdge(size=None, ratio=14, minimum_size=128)', 'index': '51'}
2026-08-23 04:04:18.918 /testbed/rich/_ratio.py:57 rich._ratio.ratio_resolve event=line locals={}
2026-08-23 04:04:18.918 /testbed/rich/_ratio.py:58 rich._ratio.ratio_resolve event=line locals={'edge': 'FlexEdge(size=None, ratio=16, minimum_size=116)', 'index': '53'}
2026-08-23 04:04:18.919 /testbed/rich/_ratio.py:57 rich._ratio.ratio_resolve event=line locals={}
2026-08-23 04:04:18.919 /testbed/rich/_ratio.py:58 rich._ratio.ratio_resolve event=line locals={'edge': 'FlexEdge(size=None, ratio=17, minimum_size=134)', 'index': '54'}
2026-08-23 04:04:18.919 /testbed/rich/_ratio.py:57 rich._ratio.ratio_resolve event=line locals={}
2026-08-23 04:04:18.919 /testbed/rich/_ratio.py:58 rich._ratio.ratio_resolve event=line locals={'edge': 'FlexEdge(size=None, ratio=18, minimum_size=111)', 'index': '55'}
2026-08-23 04:04:18.919 /testbed/rich/_ratio.py:57 rich._ratio.ratio_resolve event=line locals={}
2026-08-23 04:04:18.919 /testbed/rich/_ratio.py:58 rich._ratio.ratio_resolve event=line locals={'edge': 'FlexEdge(size=None, ratio=10, minimum_size=127)', 'index': '66'}
2026-08-23 04:04:18.919 /testbed/rich/_ratio.py:57 rich._ratio.ratio_resolve event=line locals={}
2026-08-23 04:04:18.919 /testbed/rich/_ratio.py:58 rich._ratio.ratio_resolve event=line locals={'edge': 'FlexEdge(size=None, ratio=11, minimum_size=141)', 'index': '67'}
2026-08-23 04:04:18.919 /testbed/rich/_ratio.py:57 rich._ratio.ratio_resolve event=line locals={}
2026-08-23 04:04:18.920 /testbed/rich/_ratio.py:58 rich._ratio.ratio_resolve event=line locals={'edge': 'FlexEdge(size=None, ratio=13, minimum_size=134)', 'index': '69'}
2026-08-23 04:04:18.920 /testbed/rich/_ratio.py:57 rich._ratio.ratio_resolve event=line locals={}
2026-08-23 04:04:18.920 /testbed/rich/_ratio.py:58 rich._ratio.ratio_resolve event=line locals={'edge': 'FlexEdge(size=None, ratio=14, minimum_size=147)', 'index': '70'}
2026-08-23 04:04:18.920 /testbed/rich/_ratio.py:57 rich._ratio.ratio_resolve event=line locals={}
2026-08-23 04:04:18.920 /testbed/rich/_ratio.py:58 rich._ratio.ratio_resolve event=line locals={'edge': 'FlexEdge(size=None, ratio=15, minimum_size=160)', 'index': '71'}
2026-08-23 04:04:18.920 /testbed/rich/_ratio.py:57 rich._ratio.ratio_resolve event=line locals={}
2026-08-23 04:04:18.920 /testbed/rich/_ratio.py:58 rich._ratio.ratio_resolve event=line locals={'edge': 'FlexEdge(size=None, ratio=17, minimum_size=155)', 'index': '73'}
2026-08-23 04:04:18.920 /testbed/rich/_ratio.py:57 rich._ratio.ratio_resolve event=line locals={}
2026-08-23 04:04:18.921 /testbed/rich/_ratio.py:58 rich._ratio.ratio_resolve event=line locals={'edge': 'FlexEdge(size=None, ratio=18, minimum_size=128)', 'index': '74'}
2026-08-23 04:04:18.921 /testbed/rich/_ratio.py:57 rich._ratio.ratio_resolve event=line locals={}
2026-08-23 04:04:18.921 /testbed/rich/_ratio.py:58 rich._ratio.ratio_resolve event=line locals={'edge': 'FlexEdge(size=None, ratio=19, minimum_size=147)', 'index': '75'}
2026-08-23 04:04:18.921 /testbed/rich/_ratio.py:57 rich._ratio.ratio_resolve event=line locals={}
2026-08-23 04:04:18.921 /testbed/rich/_ratio.py:58 rich._ratio.ratio_resolve event=line locals={'edge': 'FlexEdge(size=None, ratio=3, minimum_size=153)', 'index': '78'}
2026-08-23 04:04:18.921 /testbed/rich/_ratio.py:59 rich._ratio.ratio_resolve event=line locals={}
2026-08-23 04:04:18.921 /testbed/rich/_ratio.py:61 rich._ratio.ratio_resolve event=line locals={'sizes': '[None, None, None, None, 44, None, None, None, 56, None, None, None, 38, None, None, None, 72, None, None, 65, 52, 60, 70, None, 68, None, None, None, 102, None, None, None, 78, None, None, None, 101, None, 83, 100, 76, 92, 109, None, 112, None, None, None, 131, None, None, None, 110, None, None, None, 139, 104, 121, 132, 125, 127, 137, 121, 137, 144, None, None, 152, None, None, None, 151, None, None, None, 169, 138, 153, None, 147, None, None, None, 185, None, None, None, 200, None, None, None...'}
2026-08-23 04:04:18.921 /testbed/rich/_ratio.py:36 rich._ratio.ratio_resolve event=line locals={}
2026-08-23 04:04:18.921 /testbed/rich/_ratio.py:38 rich._ratio.ratio_resolve event=line locals={}
2026-08-23 04:04:18.921 /testbed/rich/_ratio.py:40 rich._ratio.ratio_resolve event=line locals={}
2026-08-23 04:04:18.922 /testbed/rich/_ratio.py:38 rich._ratio.ratio_resolve event=line locals={}
2026-08-23 04:04:18.922 /testbed/rich/_ratio.py:44 rich._ratio.ratio_resolve event=line locals={}
2026-08-23 04:04:18.923 /testbed/rich/_ratio.py:45 rich._ratio.ratio_resolve event=line locals={'remaining': '9716'}
2026-08-23 04:04:18.923 /testbed/rich/_ratio.py:52 rich._ratio.ratio_resolve event=line locals={}
2026-08-23 04:04:18.923 /testbed/rich/_ratio.py:53 rich._ratio.ratio_resolve event=line locals={}
2026-08-23 04:04:18.923 /testbed/rich/_ratio.py:52 rich._ratio.ratio_resolve event=line locals={}
2026-08-23 04:04:18.923 /testbed/rich/_ratio.py:57 rich._ratio.ratio_resolve event=line locals={'portion': 'Fraction(694, 47)'}
2026-08-23 04:04:18.923 /testbed/rich/_ratio.py:58 rich._ratio.ratio_resolve event=line locals={'edge': 'FlexEdge(size=None, ratio=1, minimum_size=11)', 'index': '0'}
2026-08-23 04:04:18.923 /testbed/rich/_ratio.py:57 rich._ratio.ratio_resolve event=line locals={}
2026-08-23 04:04:18.924 /testbed/rich/_ratio.py:58 rich._ratio.ratio_resolve event=line locals={'edge': 'FlexEdge(size=None, ratio=2, minimum_size=25)', 'index': '1'}
2026-08-23 04:04:18.924 /testbed/rich/_ratio.py:57 rich._ratio.ratio_resolve event=line locals={}
2026-08-23 04:04:18.924 /testbed/rich/_ratio.py:58 rich._ratio.ratio_resolve event=line locals={'edge': 'FlexEdge(size=None, ratio=3, minimum_size=34)', 'index': '2'}
2026-08-23 04:04:18.924 /testbed/rich/_ratio.py:57 rich._ratio.ratio_resolve event=line locals={}
2026-08-23 04:04:18.924 /testbed/rich/_ratio.py:58 rich._ratio.ratio_resolve event=line locals={'edge': 'FlexEdge(size=None, ratio=4, minimum_size=19)', 'index': '3'}
2026-08-23 04:04:18.924 /testbed/rich/_ratio.py:57 rich._ratio.ratio_resolve event=line locals={}
2026-08-23 04:04:18.924 /testbed/rich/_ratio.py:58 rich._ratio.ratio_resolve event=line locals={'edge': 'FlexEdge(size=None, ratio=6, minimum_size=44)', 'index': '5'}
2026-08-23 04:04:18.924 /testbed/rich/_ratio.py:57 rich._ratio.ratio_resolve event=line locals={}
2026-08-23 04:04:18.924 /testbed/rich/_ratio.py:58 rich._ratio.ratio_resolve event=line locals={'edge': 'FlexEdge(size=None, ratio=7, minimum_size=25)', 'index': '6'}
2026-08-23 04:04:18.925 /testbed/rich/_ratio.py:57 rich._ratio.ratio_resolve event=line locals={}
2026-08-23 04:04:18.925 /testbed/rich/_ratio.py:58 rich._ratio.ratio_resolve event=line locals={'edge': 'FlexEdge(size=None, ratio=8, minimum_size=38)', 'index': '7'}
2026-08-23 04:04:18.925 /testbed/rich/_ratio.py:57 rich._ratio.ratio_resolve event=line locals={}
2026-08-23 04:04:18.925 /testbed/rich/_ratio.py:58 rich._ratio.ratio_resolve event=line locals={'edge': 'FlexEdge(size=None, ratio=10, minimum_size=30)', 'index': '9'}
2026-08-23 04:04:18.925 /testbed/rich/_ratio.py:57 rich._ratio.ratio_resolve event=line locals={}
2026-08-23 04:04:18.925 /testbed/rich/_ratio.py:58 rich._ratio.ratio_resolve event=line locals={'edge': 'FlexEdge(size=None, ratio=11, minimum_size=45)', 'index': '10'}
2026-08-23 04:04:18.925 /testbed/rich/_ratio.py:57 rich._ratio.ratio_resolve event=line locals={}
2026-08-23 04:04:18.925 /testbed/rich/_ratio.py:58 rich._ratio.ratio_resolve event=line locals={'edge': 'FlexEdge(size=None, ratio=12, minimum_size=55)', 'index': '11'}
2026-08-23 04:04:18.925 /testbed/rich/_ratio.py:57 rich._ratio.ratio_resolve event=line locals={}
2026-08-23 04:04:18.926 /testbed/rich/_ratio.py:58 rich._ratio.ratio_resolve event=line locals={'edge': 'FlexEdge(size=None, ratio=14, minimum_size=49)', 'index': '13'}
2026-08-23 04:04:18.926 /testbed/rich/_ratio.py:57 rich._ratio.ratio_resolve event=line locals={}
2026-08-23 04:04:18.926 /testbed/rich/_ratio.py:58 rich._ratio.ratio_resolve event=line locals={'edge': 'FlexEdge(size=None, ratio=15, minimum_size=63)', 'index': '14'}
2026-08-23 04:04:18.926 /testbed/rich/_ratio.py:57 rich._ratio.ratio_resolve event=line locals={}
2026-08-23 04:04:18.926 /testbed/rich/_ratio.py:58 rich._ratio.ratio_resolve event=line locals={'edge': 'FlexEdge(size=None, ratio=16, minimum_size=43)', 'index': '15'}
2026-08-23 04:04:18.926 /testbed/rich/_ratio.py:57 rich._ratio.ratio_resolve event=line locals={}
2026-08-23 04:04:18.926 /testbed/rich/_ratio.py:58 rich._ratio.ratio_resolve event=line locals={'edge': 'FlexEdge(size=None, ratio=18, minimum_size=71)', 'index': '17'}
2026-08-23 04:04:18.926 /testbed/rich/_ratio.py:57 rich._ratio.ratio_resolve event=line locals={}
2026-08-23 04:04:18.926 /testbed/rich/_ratio.py:58 rich._ratio.ratio_resolve event=line locals={'edge': 'FlexEdge(size=None, ratio=19, minimum_size=51)', 'index': '18'}
2026-08-23 04:04:18.927 /testbed/rich/_ratio.py:57 rich._ratio.ratio_resolve event=line locals={}
2026-08-23 04:04:18.927 /testbed/rich/_ratio.py:58 rich._ratio.ratio_resolve event=line locals={'edge': 'FlexEdge(size=None, ratio=5, minimum_size=50)', 'index': '23'}
2026-08-23 04:04:18.927 /testbed/rich/_ratio.py:57 rich._ratio.ratio_resolve event=line locals={}
2026-08-23 04:04:18.927 /testbed/rich/_ratio.py:58 rich._ratio.ratio_resolve event=line locals={'edge': 'FlexEdge(size=None, ratio=7, minimum_size=81)', 'index': '25'}
2026-08-23 04:04:18.927 /testbed/rich/_ratio.py:57 rich._ratio.ratio_resolve event=line locals={}
2026-08-23 04:04:18.927 /testbed/rich/_ratio.py:58 rich._ratio.ratio_resolve event=line locals={'edge': 'FlexEdge(size=None, ratio=8, minimum_size=53)', 'index': '26'}
2026-08-23 04:04:18.927 /testbed/rich/_ratio.py:57 rich._ratio.ratio_resolve event=line locals={}
2026-08-23 04:04:18.927 /testbed/rich/_ratio.py:58 rich._ratio.ratio_resolve event=line locals={'edge': 'FlexEdge(size=None, ratio=9, minimum_size=72)', 'index': '27'}
2026-08-23 04:04:18.928 /testbed/rich/_ratio.py:57 rich._ratio.ratio_resolve event=line locals={}
2026-08-23 04:04:18.928 /testbed/rich/_ratio.py:58 rich._ratio.ratio_resolve event=line locals={'edge': 'FlexEdge(size=None, ratio=11, minimum_size=61)', 'index': '29'}
2026-08-23 04:04:18.928 /testbed/rich/_ratio.py:57 rich._ratio.ratio_resolve event=line locals={}
2026-08-23 04:04:18.928 /testbed/rich/_ratio.py:58 rich._ratio.ratio_resolve event=line locals={'edge': 'FlexEdge(size=None, ratio=12, minimum_size=80)', 'index': '30'}
2026-08-23 04:04:18.928 /testbed/rich/_ratio.py:57 rich._ratio.ratio_resolve event=line locals={}
2026-08-23 04:04:18.928 /testbed/rich/_ratio.py:58 rich._ratio.ratio_resolve event=line locals={'edge': 'FlexEdge(size=None, ratio=13, minimum_size=94)', 'index': '31'}
2026-08-23 04:04:18.928 /testbed/rich/_ratio.py:57 rich._ratio.ratio_resolve event=line locals={}
2026-08-23 04:04:18.928 /testbed/rich/_ratio.py:58 rich._ratio.ratio_resolve event=line locals={'edge': 'FlexEdge(size=None, ratio=15, minimum_size=87)', 'index': '33'}
2026-08-23 04:04:18.928 /testbed/rich/_ratio.py:57 rich._ratio.ratio_resolve event=line locals={}
2026-08-23 04:04:18.929 /testbed/rich/_ratio.py:58 rich._ratio.ratio_resolve event=line locals={'edge': 'FlexEdge(size=None, ratio=16, minimum_size=98)', 'index': '34'}
2026-08-23 04:04:18.929 /testbed/rich/_ratio.py:57 rich._ratio.ratio_resolve event=line locals={}
2026-08-23 04:04:18.929 /testbed/rich/_ratio.py:58 rich._ratio.ratio_resolve event=line locals={'edge': 'FlexEdge(size=None, ratio=17, minimum_size=74)', 'index': '35'}
2026-08-23 04:04:18.929 /testbed/rich/_ratio.py:57 rich._ratio.ratio_resolve event=line locals={}
2026-08-23 04:04:18.929 /testbed/rich/_ratio.py:58 rich._ratio.ratio_resolve event=line locals={'edge': 'FlexEdge(size=None, ratio=19, minimum_size=70)', 'index': '37'}
2026-08-23 04:04:18.929 /testbed/rich/_ratio.py:57 rich._ratio.ratio_resolve event=line locals={}
2026-08-23 04:04:18.929 /testbed/rich/_ratio.py:58 rich._ratio.ratio_resolve event=line locals={'edge': 'FlexEdge(size=None, ratio=6, minimum_size=86)', 'index': '43'}
2026-08-23 04:04:18.929 /testbed/rich/_ratio.py:57 rich._ratio.ratio_resolve event=line locals={}
2026-08-23 04:04:18.929 /testbed/rich/_ratio.py:58 rich._ratio.ratio_resolve event=line locals={'edge': 'FlexEdge(size=None, ratio=8, minimum_size=117)', 'index': '45'}
2026-08-23 04:04:18.930 /testbed/rich/_ratio.py:57 rich._ratio.ratio_resolve event=line locals={}
2026-08-23 04:04:18.930 /testbed/rich/_ratio.py:58 rich._ratio.ratio_resolve event=line locals={'edge': 'FlexEdge(size=None, ratio=9, minimum_size=91)', 'index': '46'}
2026-08-23 04:04:18.930 /testbed/rich/_ratio.py:57 rich._ratio.ratio_resolve event=line locals={}
2026-08-23 04:04:18.930 /testbed/rich/_ratio.py:58 rich._ratio.ratio_resolve event=line locals={'edge': 'FlexEdge(size=None, ratio=10, minimum_size=102)', 'index': '47'}
2026-08-23 04:04:18.930 /testbed/rich/_ratio.py:57 rich._ratio.ratio_resolve event=line locals={}
2026-08-23 04:04:18.930 /testbed/rich/_ratio.py:58 rich._ratio.ratio_resolve event=line locals={'edge': 'FlexEdge(size=None, ratio=12, minimum_size=100)', 'index': '49'}
2026-08-23 04:04:18.930 /testbed/rich/_ratio.py:57 rich._ratio.ratio_resolve event=line locals={}
2026-08-23 04:04:18.930 /testbed/rich/_ratio.py:58 rich._ratio.ratio_resolve event=line locals={'edge': 'FlexEdge(size=None, ratio=13, minimum_size=113)', 'index': '50'}
2026-08-23 04:04:18.931 /testbed/rich/_ratio.py:57 rich._ratio.ratio_resolve event=line locals={}
2026-08-23 04:04:18.931 /testbed/rich/_ratio.py:58 rich._ratio.ratio_resolve event=line locals={'edge': 'FlexEdge(size=None, ratio=14, minimum_size=128)', 'index': '51'}
2026-08-23 04:04:18.931 /testbed/rich/_ratio.py:57 rich._ratio.ratio_resolve event=line locals={}
2026-08-23 04:04:18.931 /testbed/rich/_ratio.py:58 rich._ratio.ratio_resolve event=line locals={'edge': 'FlexEdge(size=None, ratio=16, minimum_size=116)', 'index': '53'}
2026-08-23 04:04:18.931 /testbed/rich/_ratio.py:57 rich._ratio.ratio_resolve event=line locals={}
2026-08-23 04:04:18.931 /testbed/rich/_ratio.py:58 rich._ratio.ratio_resolve event=line locals={'edge': 'FlexEdge(size=None, ratio=17, minimum_size=134)', 'index': '54'}
2026-08-23 04:04:18.931 /testbed/rich/_ratio.py:57 rich._ratio.ratio_resolve event=line locals={}
2026-08-23 04:04:18.931 /testbed/rich/_ratio.py:58 rich._ratio.ratio_resolve event=line locals={'edge': 'FlexEdge(size=None, ratio=18, minimum_size=111)', 'index': '55'}
2026-08-23 04:04:18.931 /testbed/rich/_ratio.py:57 rich._ratio.ratio_resolve event=line locals={}
2026-08-23 04:04:18.932 /testbed/rich/_ratio.py:58 rich._ratio.ratio_resolve event=line locals={'edge': 'FlexEdge(size=None, ratio=10, minimum_size=127)', 'index': '66'}
2026-08-23 04:04:18.932 /testbed/rich/_ratio.py:57 rich._ratio.ratio_resolve event=line locals={}
2026-08-23 04:04:18.932 /testbed/rich/_ratio.py:58 rich._ratio.ratio_resolve event=line locals={'edge': 'FlexEdge(size=None, ratio=11, minimum_size=141)', 'index': '67'}
2026-08-23 04:04:18.932 /testbed/rich/_ratio.py:57 rich._ratio.ratio_resolve event=line locals={}
2026-08-23 04:04:18.932 /testbed/rich/_ratio.py:58 rich._ratio.ratio_resolve event=line locals={'edge': 'FlexEdge(size=None, ratio=13, minimum_size=134)', 'index': '69'}
2026-08-23 04:04:18.932 /testbed/rich/_ratio.py:57 rich._ratio.ratio_resolve event=line locals={}
2026-08-23 04:04:18.932 /testbed/rich/_ratio.py:58 rich._ratio.ratio_resolve event=line locals={'edge': 'FlexEdge(size=None, ratio=14, minimum_size=147)', 'index': '70'}
2026-08-23 04:04:18.932 /testbed/rich/_ratio.py:57 rich._ratio.ratio_resolve event=line locals={}
2026-08-23 04:04:18.932 /testbed/rich/_ratio.py:58 rich._ratio.ratio_resolve event=line locals={'edge': 'FlexEdge(size=None, ratio=15, minimum_size=160)', 'index': '71'}
2026-08-23 04:04:18.933 /testbed/rich/_ratio.py:57 rich._ratio.ratio_resolve event=line locals={}
2026-08-23 04:04:18.933 /testbed/rich/_ratio.py:58 rich._ratio.ratio_resolve event=line locals={'edge': 'FlexEdge(size=None, ratio=17, minimum_size=155)', 'index': '73'}
2026-08-23 04:04:18.933 /testbed/rich/_ratio.py:57 rich._ratio.ratio_resolve event=line locals={}
2026-08-23 04:04:18.933 /testbed/rich/_ratio.py:58 rich._ratio.ratio_resolve event=line locals={'edge': 'FlexEdge(size=None, ratio=18, minimum_size=128)', 'index': '74'}
2026-08-23 04:04:18.933 /testbed/rich/_ratio.py:57 rich._ratio.ratio_resolve event=line locals={}
2026-08-23 04:04:18.933 /testbed/rich/_ratio.py:58 rich._ratio.ratio_resolve event=line locals={'edge': 'FlexEdge(size=None, ratio=19, minimum_size=147)', 'index': '75'}
2026-08-23 04:04:18.933 /testbed/rich/_ratio.py:57 rich._ratio.ratio_resolve event=line locals={}
2026-08-23 04:04:18.933 /testbed/rich/_ratio.py:58 rich._ratio.ratio_resolve event=line locals={'edge': 'FlexEdge(size=None, ratio=4, minimum_size=166)', 'index': '79'}
2026-08-23 04:04:18.934 /testbed/rich/_ratio.py:59 rich._ratio.ratio_resolve event=line locals={}
2026-08-23 04:04:18.934 /testbed/rich/_ratio.py:61 rich._ratio.ratio_resolve event=line locals={'sizes': '[None, None, None, None, 44, None, None, None, 56, None, None, None, 38, None, None, None, 72, None, None, 65, 52, 60, 70, None, 68, None, None, None, 102, None, None, None, 78, None, None, None, 101, None, 83, 100, 76, 92, 109, None, 112, None, None, None, 131, None, None, None, 110, None, None, None, 139, 104, 121, 132, 125, 127, 137, 121, 137, 144, None, None, 152, None, None, None, 151, None, None, None, 169, 138, 153, 166, 147, None, None, None, 185, None, None, None, 200, None, None, None,...'}
2026-08-23 04:04:18.934 /testbed/rich/_ratio.py:36 rich._ratio.ratio_resolve event=line locals={}
2026-08-23 04:04:18.934 /testbed/rich/_ratio.py:38 rich._ratio.ratio_resolve event=line locals={}
2026-08-23 04:04:18.934 /testbed/rich/_ratio.py:40 rich._ratio.ratio_resolve event=line locals={}
2026-08-23 04:04:18.934 /testbed/rich/_ratio.py:38 rich._ratio.ratio_resolve event=line locals={}
2026-08-23 04:04:18.935 /testbed/rich/_ratio.py:44 rich._ratio.ratio_resolve event=line locals={}
2026-08-23 04:04:18.935 /testbed/rich/_ratio.py:45 rich._ratio.ratio_resolve event=line locals={'remaining': '9550'}
2026-08-23 04:04:18.935 /testbed/rich/_ratio.py:52 rich._ratio.ratio_resolve event=line locals={}
2026-08-23 04:04:18.935 /testbed/rich/_ratio.py:53 rich._ratio.ratio_resolve event=line locals={}
2026-08-23 04:04:18.935 /testbed/rich/_ratio.py:52 rich._ratio.ratio_resolve event=line locals={}
2026-08-23 04:04:18.936 /testbed/rich/_ratio.py:57 rich._ratio.ratio_resolve event=line locals={'portion': 'Fraction(4775, 327)'}
2026-08-23 04:04:18.936 /testbed/rich/_ratio.py:58 rich._ratio.ratio_resolve event=line locals={'edge': 'FlexEdge(size=None, ratio=1, minimum_size=11)', 'index': '0'}
2026-08-23 04:04:18.936 /testbed/rich/_ratio.py:57 rich._ratio.ratio_resolve event=line locals={}
2026-08-23 04:04:18.936 /testbed/rich/_ratio.py:58 rich._ratio.ratio_resolve event=line locals={'edge': 'FlexEdge(size=None, ratio=2, minimum_size=25)', 'index': '1'}
2026-08-23 04:04:18.936 /testbed/rich/_ratio.py:57 rich._ratio.ratio_resolve event=line locals={}
2026-08-23 04:04:18.936 /testbed/rich/_ratio.py:58 rich._ratio.ratio_resolve event=line locals={'edge': 'FlexEdge(size=None, ratio=3, minimum_size=34)', 'index': '2'}
2026-08-23 04:04:18.936 /testbed/rich/_ratio.py:57 rich._ratio.ratio_resolve event=line locals={}
2026-08-23 04:04:18.936 /testbed/rich/_ratio.py:58 rich._ratio.ratio_resolve event=line locals={'edge': 'FlexEdge(size=None, ratio=4, minimum_size=19)', 'index': '3'}
2026-08-23 04:04:18.936 /testbed/rich/_ratio.py:57 rich._ratio.ratio_resolve event=line locals={}
2026-08-23 04:04:18.937 /testbed/rich/_ratio.py:58 rich._ratio.ratio_resolve event=line locals={'edge': 'FlexEdge(size=None, ratio=6, minimum_size=44)', 'index': '5'}
2026-08-23 04:04:18.937 /testbed/rich/_ratio.py:57 rich._ratio.ratio_resolve event=line locals={}
2026-08-23 04:04:18.937 /testbed/rich/_ratio.py:58 rich._ratio.ratio_resolve event=line locals={'edge': 'FlexEdge(size=None, ratio=7, minimum_size=25)', 'index': '6'}
2026-08-23 04:04:18.937 /testbed/rich/_ratio.py:57 rich._ratio.ratio_resolve event=line locals={}
2026-08-23 04:04:18.937 /testbed/rich/_ratio.py:58 rich._ratio.ratio_resolve event=line locals={'edge': 'FlexEdge(size=None, ratio=8, minimum_size=38)', 'index': '7'}
2026-08-23 04:04:18.937 /testbed/rich/_ratio.py:57 rich._ratio.ratio_resolve event=line locals={}
2026-08-23 04:04:18.937 /testbed/rich/_ratio.py:58 rich._ratio.ratio_resolve event=line locals={'edge': 'FlexEdge(size=None, ratio=10, minimum_size=30)', 'index': '9'}
2026-08-23 04:04:18.937 /testbed/rich/_ratio.py:57 rich._ratio.ratio_resolve event=line locals={}
2026-08-23 04:04:18.937 /testbed/rich/_ratio.py:58 rich._ratio.ratio_resolve event=line locals={'edge': 'FlexEdge(size=None, ratio=11, minimum_size=45)', 'index': '10'}
2026-08-23 04:04:18.938 /testbed/rich/_ratio.py:57 rich._ratio.ratio_resolve event=line locals={}
2026-08-23 04:04:18.938 /testbed/rich/_ratio.py:58 rich._ratio.ratio_resolve event=line locals={'edge': 'FlexEdge(size=None, ratio=12, minimum_size=55)', 'index': '11'}
2026-08-23 04:04:18.938 /testbed/rich/_ratio.py:57 rich._ratio.ratio_resolve event=line locals={}
2026-08-23 04:04:18.938 /testbed/rich/_ratio.py:58 rich._ratio.ratio_resolve event=line locals={'edge': 'FlexEdge(size=None, ratio=14, minimum_size=49)', 'index': '13'}
2026-08-23 04:04:18.938 /testbed/rich/_ratio.py:57 rich._ratio.ratio_resolve event=line locals={}
2026-08-23 04:04:18.938 /testbed/rich/_ratio.py:58 rich._ratio.ratio_resolve event=line locals={'edge': 'FlexEdge(size=None, ratio=15, minimum_size=63)', 'index': '14'}
2026-08-23 04:04:18.938 /testbed/rich/_ratio.py:57 rich._ratio.ratio_resolve event=line locals={}
2026-08-23 04:04:18.938 /testbed/rich/_ratio.py:58 rich._ratio.ratio_resolve event=line locals={'edge': 'FlexEdge(size=None, ratio=16, minimum_size=43)', 'index': '15'}
2026-08-23 04:04:18.939 /testbed/rich/_ratio.py:57 rich._ratio.ratio_resolve event=line locals={}
2026-08-23 04:04:18.939 /testbed/rich/_ratio.py:58 rich._ratio.ratio_resolve event=line locals={'edge': 'FlexEdge(size=None, ratio=18, minimum_size=71)', 'index': '17'}
2026-08-23 04:04:18.939 /testbed/rich/_ratio.py:57 rich._ratio.ratio_resolve event=line locals={}
2026-08-23 04:04:18.939 /testbed/rich/_ratio.py:58 rich._ratio.ratio_resolve event=line locals={'edge': 'FlexEdge(size=None, ratio=19, minimum_size=51)', 'index': '18'}
2026-08-23 04:04:18.939 /testbed/rich/_ratio.py:57 rich._ratio.ratio_resolve event=line locals={}
2026-08-23 04:04:18.939 /testbed/rich/_ratio.py:58 rich._ratio.ratio_resolve event=line locals={'edge': 'FlexEdge(size=None, ratio=5, minimum_size=50)', 'index': '23'}
2026-08-23 04:04:18.939 /testbed/rich/_ratio.py:57 rich._ratio.ratio_resolve event=line locals={}
2026-08-23 04:04:18.939 /testbed/rich/_ratio.py:58 rich._ratio.ratio_resolve event=line locals={'edge': 'FlexEdge(size=None, ratio=7, minimum_size=81)', 'index': '25'}
2026-08-23 04:04:18.939 /testbed/rich/_ratio.py:57 rich._ratio.ratio_resolve event=line locals={}
2026-08-23 04:04:18.940 /testbed/rich/_ratio.py:58 rich._ratio.ratio_resolve event=line locals={'edge': 'FlexEdge(size=None, ratio=8, minimum_size=53)', 'index': '26'}
2026-08-23 04:04:18.940 /testbed/rich/_ratio.py:57 rich._ratio.ratio_resolve event=line locals={}
2026-08-23 04:04:18.940 /testbed/rich/_ratio.py:58 rich._ratio.ratio_resolve event=line locals={'edge': 'FlexEdge(size=None, ratio=9, minimum_size=72)', 'index': '27'}
2026-08-23 04:04:18.940 /testbed/rich/_ratio.py:57 rich._ratio.ratio_resolve event=line locals={}
2026-08-23 04:04:18.940 /testbed/rich/_ratio.py:58 rich._ratio.ratio_resolve event=line locals={'edge': 'FlexEdge(size=None, ratio=11, minimum_size=61)', 'index': '29'}
2026-08-23 04:04:18.940 /testbed/rich/_ratio.py:57 rich._ratio.ratio_resolve event=line locals={}
2026-08-23 04:04:18.940 /testbed/rich/_ratio.py:58 rich._ratio.ratio_resolve event=line locals={'edge': 'FlexEdge(size=None, ratio=12, minimum_size=80)', 'index': '30'}
2026-08-23 04:04:18.940 /testbed/rich/_ratio.py:57 rich._ratio.ratio_resolve event=line locals={}
2026-08-23 04:04:18.940 /testbed/rich/_ratio.py:58 rich._ratio.ratio_resolve event=line locals={'edge': 'FlexEdge(size=None, ratio=13, minimum_size=94)', 'index': '31'}
2026-08-23 04:04:18.941 /testbed/rich/_ratio.py:57 rich._ratio.ratio_resolve event=line locals={}
2026-08-23 04:04:18.941 /testbed/rich/_ratio.py:58 rich._ratio.ratio_resolve event=line locals={'edge': 'FlexEdge(size=None, ratio=15, minimum_size=87)', 'index': '33'}
2026-08-23 04:04:18.941 /testbed/rich/_ratio.py:57 rich._ratio.ratio_resolve event=line locals={}
2026-08-23 04:04:18.941 /testbed/rich/_ratio.py:58 rich._ratio.ratio_resolve event=line locals={'edge': 'FlexEdge(size=None, ratio=16, minimum_size=98)', 'index': '34'}
2026-08-23 04:04:18.941 /testbed/rich/_ratio.py:57 rich._ratio.ratio_resolve event=line locals={}
2026-08-23 04:04:18.941 /testbed/rich/_ratio.py:58 rich._ratio.ratio_resolve event=line locals={'edge': 'FlexEdge(size=None, ratio=17, minimum_size=74)', 'index': '35'}
2026-08-23 04:04:18.941 /testbed/rich/_ratio.py:57 rich._ratio.ratio_resolve event=line locals={}
2026-08-23 04:04:18.941 /testbed/rich/_ratio.py:58 rich._ratio.ratio_resolve event=line locals={'edge': 'FlexEdge(size=None, ratio=19, minimum_size=70)', 'index': '37'}
2026-08-23 04:04:18.942 /testbed/rich/_ratio.py:57 rich._ratio.ratio_resolve event=line locals={}
2026-08-23 04:04:18.942 /testbed/rich/_ratio.py:58 rich._ratio.ratio_resolve event=line locals={'edge': 'FlexEdge(size=None, ratio=6, minimum_size=86)', 'index': '43'}
2026-08-23 04:04:18.942 /testbed/rich/_ratio.py:57 rich._ratio.ratio_resolve event=line locals={}
2026-08-23 04:04:18.942 /testbed/rich/_ratio.py:58 rich._ratio.ratio_resolve event=line locals={'edge': 'FlexEdge(size=None, ratio=8, minimum_size=117)', 'index': '45'}
2026-08-23 04:04:18.942 /testbed/rich/_ratio.py:59 rich._ratio.ratio_resolve event=line locals={}
2026-08-23 04:04:18.942 /testbed/rich/_ratio.py:61 rich._ratio.ratio_resolve event=line locals={'sizes': '[None, None, None, None, 44, None, None, None, 56, None, None, None, 38, None, None, None, 72, None, None, 65, 52, 60, 70, None, 68, None, None, None, 102, None, None, None, 78, None, None, None, 101, None, 83, 100, 76, 92, 109, None, 112, 117, None, None, 131, None, None, None, 110, None, None, None, 139, 104, 121, 132, 125, 127, 137, 121, 137, 144, None, None, 152, None, None, None, 151, None, None, None, 169, 138, 153, 166, 147, None, None, None, 185, None, None, None, 200, None, None, None, ...'}
2026-08-23 04:04:18.942 /testbed/rich/_ratio.py:36 rich._ratio.ratio_resolve event=line locals={}
2026-08-23 04:04:18.942 /testbed/rich/_ratio.py:38 rich._ratio.ratio_resolve event=line locals={}
2026-08-23 04:04:18.942 /testbed/rich/_ratio.py:40 rich._ratio.ratio_resolve event=line locals={}
2026-08-23 04:04:18.942 /testbed/rich/_ratio.py:38 rich._ratio.ratio_resolve event=line locals={}
2026-08-23 04:04:18.943 /testbed/rich/_ratio.py:44 rich._ratio.ratio_resolve event=line locals={}
2026-08-23 04:04:18.943 /testbed/rich/_ratio.py:45 rich._ratio.ratio_resolve event=line locals={'remaining': '9433'}
2026-08-23 04:04:18.944 /testbed/rich/_ratio.py:52 rich._ratio.ratio_resolve event=line locals={}
2026-08-23 04:04:18.944 /testbed/rich/_ratio.py:53 rich._ratio.ratio_resolve event=line locals={}
2026-08-23 04:04:18.944 /testbed/rich/_ratio.py:52 rich._ratio.ratio_resolve event=line locals={}
2026-08-23 04:04:18.944 /testbed/rich/_ratio.py:57 rich._ratio.ratio_resolve event=line locals={'portion': 'Fraction(9433, 646)'}
2026-08-23 04:04:18.944 /testbed/rich/_ratio.py:58 rich._ratio.ratio_resolve event=line locals={'edge': 'FlexEdge(size=None, ratio=1, minimum_size=11)', 'index': '0'}
2026-08-23 04:04:18.944 /testbed/rich/_ratio.py:57 rich._ratio.ratio_resolve event=line locals={}
2026-08-23 04:04:18.944 /testbed/rich/_ratio.py:58 rich._ratio.ratio_resolve event=line locals={'edge': 'FlexEdge(size=None, ratio=2, minimum_size=25)', 'index': '1'}
2026-08-23 04:04:18.944 /testbed/rich/_ratio.py:57 rich._ratio.ratio_resolve event=line locals={}
2026-08-23 04:04:18.945 /testbed/rich/_ratio.py:58 rich._ratio.ratio_resolve event=line locals={'edge': 'FlexEdge(size=None, ratio=3, minimum_size=34)', 'index': '2'}
2026-08-23 04:04:18.945 /testbed/rich/_ratio.py:57 rich._ratio.ratio_resolve event=line locals={}
2026-08-23 04:04:18.945 /testbed/rich/_ratio.py:58 rich._ratio.ratio_resolve event=line locals={'edge': 'FlexEdge(size=None, ratio=4, minimum_size=19)', 'index': '3'}
2026-08-23 04:04:18.945 /testbed/rich/_ratio.py:57 rich._ratio.ratio_resolve event=line locals={}
2026-08-23 04:04:18.945 /testbed/rich/_ratio.py:58 rich._ratio.ratio_resolve event=line locals={'edge': 'FlexEdge(size=None, ratio=6, minimum_size=44)', 'index': '5'}
2026-08-23 04:04:18.945 /testbed/rich/_ratio.py:57 rich._ratio.ratio_resolve event=line locals={}
2026-08-23 04:04:18.945 /testbed/rich/_ratio.py:58 rich._ratio.ratio_resolve event=line locals={'edge': 'FlexEdge(size=None, ratio=7, minimum_size=25)', 'index': '6'}
2026-08-23 04:04:18.945 /testbed/rich/_ratio.py:57 rich._ratio.ratio_resolve event=line locals={}
2026-08-23 04:04:18.945 /testbed/rich/_ratio.py:58 rich._ratio.ratio_resolve event=line locals={'edge': 'FlexEdge(size=None, ratio=8, minimum_size=38)', 'index': '7'}
2026-08-23 04:04:18.946 /testbed/rich/_ratio.py:57 rich._ratio.ratio_resolve event=line locals={}
2026-08-23 04:04:18.946 /testbed/rich/_ratio.py:58 rich._ratio.ratio_resolve event=line locals={'edge': 'FlexEdge(size=None, ratio=10, minimum_size=30)', 'index': '9'}
2026-08-23 04:04:18.946 /testbed/rich/_ratio.py:57 rich._ratio.ratio_resolve event=line locals={}
2026-08-23 04:04:18.946 /testbed/rich/_ratio.py:58 rich._ratio.ratio_resolve event=line locals={'edge': 'FlexEdge(size=None, ratio=11, minimum_size=45)', 'index': '10'}
2026-08-23 04:04:18.946 /testbed/rich/_ratio.py:57 rich._ratio.ratio_resolve event=line locals={}
2026-08-23 04:04:18.946 /testbed/rich/_ratio.py:58 rich._ratio.ratio_resolve event=line locals={'edge': 'FlexEdge(size=None, ratio=12, minimum_size=55)', 'index': '11'}
2026-08-23 04:04:18.946 /testbed/rich/_ratio.py:57 rich._ratio.ratio_resolve event=line locals={}
2026-08-23 04:04:18.946 /testbed/rich/_ratio.py:58 rich._ratio.ratio_resolve event=line locals={'edge': 'FlexEdge(size=None, ratio=14, minimum_size=49)', 'index': '13'}
2026-08-23 04:04:18.947 /testbed/rich/_ratio.py:57 rich._ratio.ratio_resolve event=line locals={}
2026-08-23 04:04:18.947 /testbed/rich/_ratio.py:58 rich._ratio.ratio_resolve event=line locals={'edge': 'FlexEdge(size=None, ratio=15, minimum_size=63)', 'index': '14'}
2026-08-23 04:04:18.947 /testbed/rich/_ratio.py:57 rich._ratio.ratio_resolve event=line locals={}
2026-08-23 04:04:18.947 /testbed/rich/_ratio.py:58 rich._ratio.ratio_resolve event=line locals={'edge': 'FlexEdge(size=None, ratio=16, minimum_size=43)', 'index': '15'}
2026-08-23 04:04:18.947 /testbed/rich/_ratio.py:57 rich._ratio.ratio_resolve event=line locals={}
2026-08-23 04:04:18.947 /testbed/rich/_ratio.py:58 rich._ratio.ratio_resolve event=line locals={'edge': 'FlexEdge(size=None, ratio=18, minimum_size=71)', 'index': '17'}
2026-08-23 04:04:18.947 /testbed/rich/_ratio.py:57 rich._ratio.ratio_resolve event=line locals={}
2026-08-23 04:04:18.947 /testbed/rich/_ratio.py:58 rich._ratio.ratio_resolve event=line locals={'edge': 'FlexEdge(size=None, ratio=19, minimum_size=51)', 'index': '18'}
2026-08-23 04:04:18.947 /testbed/rich/_ratio.py:57 rich._ratio.ratio_resolve event=line locals={}
2026-08-23 04:04:18.948 /testbed/rich/_ratio.py:58 rich._ratio.ratio_resolve event=line locals={'edge': 'FlexEdge(size=None, ratio=5, minimum_size=50)', 'index': '23'}
2026-08-23 04:04:18.948 /testbed/rich/_ratio.py:57 rich._ratio.ratio_resolve event=line locals={}
2026-08-23 04:04:18.948 /testbed/rich/_ratio.py:58 rich._ratio.ratio_resolve event=line locals={'edge': 'FlexEdge(size=None, ratio=7, minimum_size=81)', 'index': '25'}
2026-08-23 04:04:18.948 /testbed/rich/_ratio.py:57 rich._ratio.ratio_resolve event=line locals={}
2026-08-23 04:04:18.948 /testbed/rich/_ratio.py:58 rich._ratio.ratio_resolve event=line locals={'edge': 'FlexEdge(size=None, ratio=8, minimum_size=53)', 'index': '26'}
2026-08-23 04:04:18.948 /testbed/rich/_ratio.py:57 rich._ratio.ratio_resolve event=line locals={}
2026-08-23 04:04:18.948 /testbed/rich/_ratio.py:58 rich._ratio.ratio_resolve event=line locals={'edge': 'FlexEdge(size=None, ratio=9, minimum_size=72)', 'index': '27'}
2026-08-23 04:04:18.948 /testbed/rich/_ratio.py:57 rich._ratio.ratio_resolve event=line locals={}
2026-08-23 04:04:18.948 /testbed/rich/_ratio.py:58 rich._ratio.ratio_resolve event=line locals={'edge': 'FlexEdge(size=None, ratio=11, minimum_size=61)', 'index': '29'}
2026-08-23 04:04:18.949 /testbed/rich/_ratio.py:57 rich._ratio.ratio_resolve event=line locals={}
2026-08-23 04:04:18.949 /testbed/rich/_ratio.py:58 rich._ratio.ratio_resolve event=line locals={'edge': 'FlexEdge(size=None, ratio=12, minimum_size=80)', 'index': '30'}
2026-08-23 04:04:18.949 /testbed/rich/_ratio.py:57 rich._ratio.ratio_resolve event=line locals={}
2026-08-23 04:04:18.949 /testbed/rich/_ratio.py:58 rich._ratio.ratio_resolve event=line locals={'edge': 'FlexEdge(size=None, ratio=13, minimum_size=94)', 'index': '31'}
2026-08-23 04:04:18.949 /testbed/rich/_ratio.py:57 rich._ratio.ratio_resolve event=line locals={}
2026-08-23 04:04:18.949 /testbed/rich/_ratio.py:58 rich._ratio.ratio_resolve event=line locals={'edge': 'FlexEdge(size=None, ratio=15, minimum_size=87)', 'index': '33'}
2026-08-23 04:04:18.949 /testbed/rich/_ratio.py:57 rich._ratio.ratio_resolve event=line locals={}
2026-08-23 04:04:18.949 /testbed/rich/_ratio.py:58 rich._ratio.ratio_resolve event=line locals={'edge': 'FlexEdge(size=None, ratio=16, minimum_size=98)', 'index': '34'}
2026-08-23 04:04:18.950 /testbed/rich/_ratio.py:57 rich._ratio.ratio_resolve event=line locals={}
2026-08-23 04:04:18.950 /testbed/rich/_ratio.py:58 rich._ratio.ratio_resolve event=line locals={'edge': 'FlexEdge(size=None, ratio=17, minimum_size=74)', 'index': '35'}
2026-08-23 04:04:18.950 /testbed/rich/_ratio.py:57 rich._ratio.ratio_resolve event=line locals={}
2026-08-23 04:04:18.950 /testbed/rich/_ratio.py:58 rich._ratio.ratio_resolve event=line locals={'edge': 'FlexEdge(size=None, ratio=19, minimum_size=70)', 'index': '37'}
2026-08-23 04:04:18.950 /testbed/rich/_ratio.py:57 rich._ratio.ratio_resolve event=line locals={}
2026-08-23 04:04:18.950 /testbed/rich/_ratio.py:58 rich._ratio.ratio_resolve event=line locals={'edge': 'FlexEdge(size=None, ratio=6, minimum_size=86)', 'index': '43'}
2026-08-23 04:04:18.950 /testbed/rich/_ratio.py:57 rich._ratio.ratio_resolve event=line locals={}
2026-08-23 04:04:18.950 /testbed/rich/_ratio.py:58 rich._ratio.ratio_resolve event=line locals={'edge': 'FlexEdge(size=None, ratio=9, minimum_size=91)', 'index': '46'}
2026-08-23 04:04:18.950 /testbed/rich/_ratio.py:57 rich._ratio.ratio_resolve event=line locals={}
2026-08-23 04:04:18.951 /testbed/rich/_ratio.py:58 rich._ratio.ratio_resolve event=line locals={'edge': 'FlexEdge(size=None, ratio=10, minimum_size=102)', 'index': '47'}
2026-08-23 04:04:18.951 /testbed/rich/_ratio.py:57 rich._ratio.ratio_resolve event=line locals={}
2026-08-23 04:04:18.951 /testbed/rich/_ratio.py:58 rich._ratio.ratio_resolve event=line locals={'edge': 'FlexEdge(size=None, ratio=12, minimum_size=100)', 'index': '49'}
2026-08-23 04:04:18.951 /testbed/rich/_ratio.py:57 rich._ratio.ratio_resolve event=line locals={}
2026-08-23 04:04:18.951 /testbed/rich/_ratio.py:58 rich._ratio.ratio_resolve event=line locals={'edge': 'FlexEdge(size=None, ratio=13, minimum_size=113)', 'index': '50'}
2026-08-23 04:04:18.951 /testbed/rich/_ratio.py:57 rich._ratio.ratio_resolve event=line locals={}
2026-08-23 04:04:18.951 /testbed/rich/_ratio.py:58 rich._ratio.ratio_resolve event=line locals={'edge': 'FlexEdge(size=None, ratio=14, minimum_size=128)', 'index': '51'}
2026-08-23 04:04:18.951 /testbed/rich/_ratio.py:57 rich._ratio.ratio_resolve event=line locals={}
2026-08-23 04:04:18.952 /testbed/rich/_ratio.py:58 rich._ratio.ratio_resolve event=line locals={'edge': 'FlexEdge(size=None, ratio=16, minimum_size=116)', 'index': '53'}
2026-08-23 04:04:18.952 /testbed/rich/_ratio.py:57 rich._ratio.ratio_resolve event=line locals={}
2026-08-23 04:04:18.952 /testbed/rich/_ratio.py:58 rich._ratio.ratio_resolve event=line locals={'edge': 'FlexEdge(size=None, ratio=17, minimum_size=134)', 'index': '54'}
2026-08-23 04:04:18.952 /testbed/rich/_ratio.py:57 rich._ratio.ratio_resolve event=line locals={}
2026-08-23 04:04:18.952 /testbed/rich/_ratio.py:58 rich._ratio.ratio_resolve event=line locals={'edge': 'FlexEdge(size=None, ratio=18, minimum_size=111)', 'index': '55'}
2026-08-23 04:04:18.952 /testbed/rich/_ratio.py:57 rich._ratio.ratio_resolve event=line locals={}
2026-08-23 04:04:18.952 /testbed/rich/_ratio.py:58 rich._ratio.ratio_resolve event=line locals={'edge': 'FlexEdge(size=None, ratio=10, minimum_size=127)', 'index': '66'}
2026-08-23 04:04:18.952 /testbed/rich/_ratio.py:57 rich._ratio.ratio_resolve event=line locals={}
2026-08-23 04:04:18.952 /testbed/rich/_ratio.py:58 rich._ratio.ratio_resolve event=line locals={'edge': 'FlexEdge(size=None, ratio=11, minimum_size=141)', 'index': '67'}
2026-08-23 04:04:18.953 /testbed/rich/_ratio.py:57 rich._ratio.ratio_resolve event=line locals={}
2026-08-23 04:04:18.953 /testbed/rich/_ratio.py:58 rich._ratio.ratio_resolve event=line locals={'edge': 'FlexEdge(size=None, ratio=13, minimum_size=134)', 'index': '69'}
2026-08-23 04:04:18.953 /testbed/rich/_ratio.py:57 rich._ratio.ratio_resolve event=line locals={}
2026-08-23 04:04:18.953 /testbed/rich/_ratio.py:58 rich._ratio.ratio_resolve event=line locals={'edge': 'FlexEdge(size=None, ratio=14, minimum_size=147)', 'index': '70'}
2026-08-23 04:04:18.953 /testbed/rich/_ratio.py:57 rich._ratio.ratio_resolve event=line locals={}
2026-08-23 04:04:18.953 /testbed/rich/_ratio.py:58 rich._ratio.ratio_resolve event=line locals={'edge': 'FlexEdge(size=None, ratio=15, minimum_size=160)', 'index': '71'}
2026-08-23 04:04:18.953 /testbed/rich/_ratio.py:57 rich._ratio.ratio_resolve event=line locals={}
2026-08-23 04:04:18.953 /testbed/rich/_ratio.py:58 rich._ratio.ratio_resolve event=line locals={'edge': 'FlexEdge(size=None, ratio=17, minimum_size=155)', 'index': '73'}
2026-08-23 04:04:18.954 /testbed/rich/_ratio.py:57 rich._ratio.ratio_resolve event=line locals={}
2026-08-23 04:04:18.954 /testbed/rich/_ratio.py:58 rich._ratio.ratio_resolve event=line locals={'edge': 'FlexEdge(size=None, ratio=18, minimum_size=128)', 'index': '74'}
2026-08-23 04:04:18.954 /testbed/rich/_ratio.py:57 rich._ratio.ratio_resolve event=line locals={}
2026-08-23 04:04:18.954 /testbed/rich/_ratio.py:58 rich._ratio.ratio_resolve event=line locals={'edge': 'FlexEdge(size=None, ratio=19, minimum_size=147)', 'index': '75'}
2026-08-23 04:04:18.954 /testbed/rich/_ratio.py:57 rich._ratio.ratio_resolve event=line locals={}
2026-08-23 04:04:18.954 /testbed/rich/_ratio.py:58 rich._ratio.ratio_resolve event=line locals={'edge': 'FlexEdge(size=None, ratio=6, minimum_size=164)', 'index': '81'}
2026-08-23 04:04:18.954 /testbed/rich/_ratio.py:59 rich._ratio.ratio_resolve event=line locals={}
2026-08-23 04:04:18.954 /testbed/rich/_ratio.py:61 rich._ratio.ratio_resolve event=line locals={'sizes': '[None, None, None, None, 44, None, None, None, 56, None, None, None, 38, None, None, None, 72, None, None, 65, 52, 60, 70, None, 68, None, None, None, 102, None, None, None, 78, None, None, None, 101, None, 83, 100, 76, 92, 109, None, 112, 117, None, None, 131, None, None, None, 110, None, None, None, 139, 104, 121, 132, 125, 127, 137, 121, 137, 144, None, None, 152, None, None, None, 151, None, None, None, 169, 138, 153, 166, 147, 164, None, None, 185, None, None, None, 200, None, None, None, 1...'}
2026-08-23 04:04:18.954 /testbed/rich/_ratio.py:36 rich._ratio.ratio_resolve event=line locals={}
2026-08-23 04:04:18.954 /testbed/rich/_ratio.py:38 rich._ratio.ratio_resolve event=line locals={}
2026-08-23 04:04:18.955 /testbed/rich/_ratio.py:40 rich._ratio.ratio_resolve event=line locals={}
2026-08-23 04:04:18.955 /testbed/rich/_ratio.py:38 rich._ratio.ratio_resolve event=line locals={}
2026-08-23 04:04:18.955 /testbed/rich/_ratio.py:44 rich._ratio.ratio_resolve event=line locals={}
2026-08-23 04:04:18.956 /testbed/rich/_ratio.py:45 rich._ratio.ratio_resolve event=line locals={'remaining': '9269'}
2026-08-23 04:04:18.956 /testbed/rich/_ratio.py:52 rich._ratio.ratio_resolve event=line locals={}
2026-08-23 04:04:18.956 /testbed/rich/_ratio.py:53 rich._ratio.ratio_resolve event=line locals={}
2026-08-23 04:04:18.956 /testbed/rich/_ratio.py:52 rich._ratio.ratio_resolve event=line locals={}
2026-08-23 04:04:18.956 /testbed/rich/_ratio.py:57 rich._ratio.ratio_resolve event=line locals={'portion': 'Fraction(9269, 640)'}
2026-08-23 04:04:18.956 /testbed/rich/_ratio.py:58 rich._ratio.ratio_resolve event=line locals={'edge': 'FlexEdge(size=None, ratio=1, minimum_size=11)', 'index': '0'}
2026-08-23 04:04:18.956 /testbed/rich/_ratio.py:57 rich._ratio.ratio_resolve event=line locals={}
2026-08-23 04:04:18.957 /testbed/rich/_ratio.py:58 rich._ratio.ratio_resolve event=line locals={'edge': 'FlexEdge(size=None, ratio=2, minimum_size=25)', 'index': '1'}
2026-08-23 04:04:18.957 /testbed/rich/_ratio.py:57 rich._ratio.ratio_resolve event=line locals={}
2026-08-23 04:04:18.957 /testbed/rich/_ratio.py:58 rich._ratio.ratio_resolve event=line locals={'edge': 'FlexEdge(size=None, ratio=3, minimum_size=34)', 'index': '2'}
2026-08-23 04:04:18.957 /testbed/rich/_ratio.py:57 rich._ratio.ratio_resolve event=line locals={}
2026-08-23 04:04:18.957 /testbed/rich/_ratio.py:58 rich._ratio.ratio_resolve event=line locals={'edge': 'FlexEdge(size=None, ratio=4, minimum_size=19)', 'index': '3'}
2026-08-23 04:04:18.957 /testbed/rich/_ratio.py:57 rich._ratio.ratio_resolve event=line locals={}
2026-08-23 04:04:18.957 /testbed/rich/_ratio.py:58 rich._ratio.ratio_resolve event=line locals={'edge': 'FlexEdge(size=None, ratio=6, minimum_size=44)', 'index': '5'}
2026-08-23 04:04:18.957 /testbed/rich/_ratio.py:57 rich._ratio.ratio_resolve event=line locals={}
2026-08-23 04:04:18.957 /testbed/rich/_ratio.py:58 rich._ratio.ratio_resolve event=line locals={'edge': 'FlexEdge(size=None, ratio=7, minimum_size=25)', 'index': '6'}
2026-08-23 04:04:18.958 /testbed/rich/_ratio.py:57 rich._ratio.ratio_resolve event=line locals={}
2026-08-23 04:04:18.958 /testbed/rich/_ratio.py:58 rich._ratio.ratio_resolve event=line locals={'edge': 'FlexEdge(size=None, ratio=8, minimum_size=38)', 'index': '7'}
2026-08-23 04:04:18.958 /testbed/rich/_ratio.py:57 rich._ratio.ratio_resolve event=line locals={}
2026-08-23 04:04:18.958 /testbed/rich/_ratio.py:58 rich._ratio.ratio_resolve event=line locals={'edge': 'FlexEdge(size=None, ratio=10, minimum_size=30)', 'index': '9'}
2026-08-23 04:04:18.958 /testbed/rich/_ratio.py:57 rich._ratio.ratio_resolve event=line locals={}
2026-08-23 04:04:18.958 /testbed/rich/_ratio.py:58 rich._ratio.ratio_resolve event=line locals={'edge': 'FlexEdge(size=None, ratio=11, minimum_size=45)', 'index': '10'}
2026-08-23 04:04:18.958 /testbed/rich/_ratio.py:57 rich._ratio.ratio_resolve event=line locals={}
2026-08-23 04:04:18.958 /testbed/rich/_ratio.py:58 rich._ratio.ratio_resolve event=line locals={'edge': 'FlexEdge(size=None, ratio=12, minimum_size=55)', 'index': '11'}
2026-08-23 04:04:18.958 /testbed/rich/_ratio.py:57 rich._ratio.ratio_resolve event=line locals={}
2026-08-23 04:04:18.959 /testbed/rich/_ratio.py:58 rich._ratio.ratio_resolve event=line locals={'edge': 'FlexEdge(size=None, ratio=14, minimum_size=49)', 'index': '13'}
2026-08-23 04:04:18.959 /testbed/rich/_ratio.py:57 rich._ratio.ratio_resolve event=line locals={}
2026-08-23 04:04:18.959 /testbed/rich/_ratio.py:58 rich._ratio.ratio_resolve event=line locals={'edge': 'FlexEdge(size=None, ratio=15, minimum_size=63)', 'index': '14'}
2026-08-23 04:04:18.959 /testbed/rich/_ratio.py:57 rich._ratio.ratio_resolve event=line locals={}
2026-08-23 04:04:18.959 /testbed/rich/_ratio.py:58 rich._ratio.ratio_resolve event=line locals={'edge': 'FlexEdge(size=None, ratio=16, minimum_size=43)', 'index': '15'}
2026-08-23 04:04:18.959 /testbed/rich/_ratio.py:57 rich._ratio.ratio_resolve event=line locals={}
2026-08-23 04:04:18.959 /testbed/rich/_ratio.py:58 rich._ratio.ratio_resolve event=line locals={'edge': 'FlexEdge(size=None, ratio=18, minimum_size=71)', 'index': '17'}
2026-08-23 04:04:18.959 /testbed/rich/_ratio.py:57 rich._ratio.ratio_resolve event=line locals={}
2026-08-23 04:04:18.959 /testbed/rich/_ratio.py:58 rich._ratio.ratio_resolve event=line locals={'edge': 'FlexEdge(size=None, ratio=19, minimum_size=51)', 'index': '18'}
2026-08-23 04:04:18.960 /testbed/rich/_ratio.py:57 rich._ratio.ratio_resolve event=line locals={}
2026-08-23 04:04:18.960 /testbed/rich/_ratio.py:58 rich._ratio.ratio_resolve event=line locals={'edge': 'FlexEdge(size=None, ratio=5, minimum_size=50)', 'index': '23'}
2026-08-23 04:04:18.960 /testbed/rich/_ratio.py:57 rich._ratio.ratio_resolve event=line locals={}
2026-08-23 04:04:18.960 /testbed/rich/_ratio.py:58 rich._ratio.ratio_resolve event=line locals={'edge': 'FlexEdge(size=None, ratio=7, minimum_size=81)', 'index': '25'}
2026-08-23 04:04:18.960 /testbed/rich/_ratio.py:57 rich._ratio.ratio_resolve event=line locals={}
2026-08-23 04:04:18.960 /testbed/rich/_ratio.py:58 rich._ratio.ratio_resolve event=line locals={'edge': 'FlexEdge(size=None, ratio=8, minimum_size=53)', 'index': '26'}
2026-08-23 04:04:18.960 /testbed/rich/_ratio.py:57 rich._ratio.ratio_resolve event=line locals={}
2026-08-23 04:04:18.960 /testbed/rich/_ratio.py:58 rich._ratio.ratio_resolve event=line locals={'edge': 'FlexEdge(size=None, ratio=9, minimum_size=72)', 'index': '27'}
2026-08-23 04:04:18.961 /testbed/rich/_ratio.py:57 rich._ratio.ratio_resolve event=line locals={}
2026-08-23 04:04:18.961 /testbed/rich/_ratio.py:58 rich._ratio.ratio_resolve event=line locals={'edge': 'FlexEdge(size=None, ratio=11, minimum_size=61)', 'index': '29'}
2026-08-23 04:04:18.961 /testbed/rich/_ratio.py:57 rich._ratio.ratio_resolve event=line locals={}
2026-08-23 04:04:18.961 /testbed/rich/_ratio.py:58 rich._ratio.ratio_resolve event=line locals={'edge': 'FlexEdge(size=None, ratio=12, minimum_size=80)', 'index': '30'}
2026-08-23 04:04:18.961 /testbed/rich/_ratio.py:57 rich._ratio.ratio_resolve event=line locals={}
2026-08-23 04:04:18.961 /testbed/rich/_ratio.py:58 rich._ratio.ratio_resolve event=line locals={'edge': 'FlexEdge(size=None, ratio=13, minimum_size=94)', 'index': '31'}
2026-08-23 04:04:18.961 /testbed/rich/_ratio.py:57 rich._ratio.ratio_resolve event=line locals={}
2026-08-23 04:04:18.961 /testbed/rich/_ratio.py:58 rich._ratio.ratio_resolve event=line locals={'edge': 'FlexEdge(size=None, ratio=15, minimum_size=87)', 'index': '33'}
2026-08-23 04:04:18.961 /testbed/rich/_ratio.py:57 rich._ratio.ratio_resolve event=line locals={}
2026-08-23 04:04:18.962 /testbed/rich/_ratio.py:58 rich._ratio.ratio_resolve event=line locals={'edge': 'FlexEdge(size=None, ratio=16, minimum_size=98)', 'index': '34'}
2026-08-23 04:04:18.962 /testbed/rich/_ratio.py:57 rich._ratio.ratio_resolve event=line locals={}
2026-08-23 04:04:18.962 /testbed/rich/_ratio.py:58 rich._ratio.ratio_resolve event=line locals={'edge': 'FlexEdge(size=None, ratio=17, minimum_size=74)', 'index': '35'}
2026-08-23 04:04:18.962 /testbed/rich/_ratio.py:57 rich._ratio.ratio_resolve event=line locals={}
2026-08-23 04:04:18.962 /testbed/rich/_ratio.py:58 rich._ratio.ratio_resolve event=line locals={'edge': 'FlexEdge(size=None, ratio=19, minimum_size=70)', 'index': '37'}
2026-08-23 04:04:18.962 /testbed/rich/_ratio.py:57 rich._ratio.ratio_resolve event=line locals={}
2026-08-23 04:04:18.962 /testbed/rich/_ratio.py:58 rich._ratio.ratio_resolve event=line locals={'edge': 'FlexEdge(size=None, ratio=6, minimum_size=86)', 'index': '43'}
2026-08-23 04:04:18.962 /testbed/rich/_ratio.py:57 rich._ratio.ratio_resolve event=line locals={}
2026-08-23 04:04:18.962 /testbed/rich/_ratio.py:58 rich._ratio.ratio_resolve event=line locals={'edge': 'FlexEdge(size=None, ratio=9, minimum_size=91)', 'index': '46'}
2026-08-23 04:04:18.963 /testbed/rich/_ratio.py:57 rich._ratio.ratio_resolve event=line locals={}
2026-08-23 04:04:18.963 /testbed/rich/_ratio.py:58 rich._ratio.ratio_resolve event=line locals={'edge': 'FlexEdge(size=None, ratio=10, minimum_size=102)', 'index': '47'}
2026-08-23 04:04:18.963 /testbed/rich/_ratio.py:57 rich._ratio.ratio_resolve event=line locals={}
2026-08-23 04:04:18.963 /testbed/rich/_ratio.py:58 rich._ratio.ratio_resolve event=line locals={'edge': 'FlexEdge(size=None, ratio=12, minimum_size=100)', 'index': '49'}
2026-08-23 04:04:18.963 /testbed/rich/_ratio.py:57 rich._ratio.ratio_resolve event=line locals={}
2026-08-23 04:04:18.963 /testbed/rich/_ratio.py:58 rich._ratio.ratio_resolve event=line locals={'edge': 'FlexEdge(size=None, ratio=13, minimum_size=113)', 'index': '50'}
2026-08-23 04:04:18.963 /testbed/rich/_ratio.py:57 rich._ratio.ratio_resolve event=line locals={}
2026-08-23 04:04:18.963 /testbed/rich/_ratio.py:58 rich._ratio.ratio_resolve event=line locals={'edge': 'FlexEdge(size=None, ratio=14, minimum_size=128)', 'index': '51'}
2026-08-23 04:04:18.964 /testbed/rich/_ratio.py:57 rich._ratio.ratio_resolve event=line locals={}
2026-08-23 04:04:18.964 /testbed/rich/_ratio.py:58 rich._ratio.ratio_resolve event=line locals={'edge': 'FlexEdge(size=None, ratio=16, minimum_size=116)', 'index': '53'}
2026-08-23 04:04:18.964 /testbed/rich/_ratio.py:57 rich._ratio.ratio_resolve event=line locals={}
2026-08-23 04:04:18.964 /testbed/rich/_ratio.py:58 rich._ratio.ratio_resolve event=line locals={'edge': 'FlexEdge(size=None, ratio=17, minimum_size=134)', 'index': '54'}
2026-08-23 04:04:18.964 /testbed/rich/_ratio.py:57 rich._ratio.ratio_resolve event=line locals={}
2026-08-23 04:04:18.964 /testbed/rich/_ratio.py:58 rich._ratio.ratio_resolve event=line locals={'edge': 'FlexEdge(size=None, ratio=18, minimum_size=111)', 'index': '55'}
2026-08-23 04:04:18.964 /testbed/rich/_ratio.py:57 rich._ratio.ratio_resolve event=line locals={}
2026-08-23 04:04:18.964 /testbed/rich/_ratio.py:58 rich._ratio.ratio_resolve event=line locals={'edge': 'FlexEdge(size=None, ratio=10, minimum_size=127)', 'index': '66'}
2026-08-23 04:04:18.964 /testbed/rich/_ratio.py:57 rich._ratio.ratio_resolve event=line locals={}
2026-08-23 04:04:18.965 /testbed/rich/_ratio.py:58 rich._ratio.ratio_resolve event=line locals={'edge': 'FlexEdge(size=None, ratio=11, minimum_size=141)', 'index': '67'}
2026-08-23 04:04:18.965 /testbed/rich/_ratio.py:57 rich._ratio.ratio_resolve event=line locals={}
2026-08-23 04:04:18.965 /testbed/rich/_ratio.py:58 rich._ratio.ratio_resolve event=line locals={'edge': 'FlexEdge(size=None, ratio=13, minimum_size=134)', 'index': '69'}
2026-08-23 04:04:18.965 /testbed/rich/_ratio.py:57 rich._ratio.ratio_resolve event=line locals={}
2026-08-23 04:04:18.965 /testbed/rich/_ratio.py:58 rich._ratio.ratio_resolve event=line locals={'edge': 'FlexEdge(size=None, ratio=14, minimum_size=147)', 'index': '70'}
2026-08-23 04:04:18.965 /testbed/rich/_ratio.py:57 rich._ratio.ratio_resolve event=line locals={}
2026-08-23 04:04:18.965 /testbed/rich/_ratio.py:58 rich._ratio.ratio_resolve event=line locals={'edge': 'FlexEdge(size=None, ratio=15, minimum_size=160)', 'index': '71'}
2026-08-23 04:04:18.965 /testbed/rich/_ratio.py:57 rich._ratio.ratio_resolve event=line locals={}
2026-08-23 04:04:18.965 /testbed/rich/_ratio.py:58 rich._ratio.ratio_resolve event=line locals={'edge': 'FlexEdge(size=None, ratio=17, minimum_size=155)', 'index': '73'}
2026-08-23 04:04:18.966 /testbed/rich/_ratio.py:57 rich._ratio.ratio_resolve event=line locals={}
2026-08-23 04:04:18.966 /testbed/rich/_ratio.py:58 rich._ratio.ratio_resolve event=line locals={'edge': 'FlexEdge(size=None, ratio=18, minimum_size=128)', 'index': '74'}
2026-08-23 04:04:18.966 /testbed/rich/_ratio.py:57 rich._ratio.ratio_resolve event=line locals={}
2026-08-23 04:04:18.966 /testbed/rich/_ratio.py:58 rich._ratio.ratio_resolve event=line locals={'edge': 'FlexEdge(size=None, ratio=19, minimum_size=147)', 'index': '75'}
2026-08-23 04:04:18.966 /testbed/rich/_ratio.py:57 rich._ratio.ratio_resolve event=line locals={}
2026-08-23 04:04:18.966 /testbed/rich/_ratio.py:58 rich._ratio.ratio_resolve event=line locals={'edge': 'FlexEdge(size=None, ratio=7, minimum_size=176)', 'index': '82'}
2026-08-23 04:04:18.966 /testbed/rich/_ratio.py:59 rich._ratio.ratio_resolve event=line locals={}
2026-08-23 04:04:18.966 /testbed/rich/_ratio.py:61 rich._ratio.ratio_resolve event=line locals={'sizes': '[None, None, None, None, 44, None, None, None, 56, None, None, None, 38, None, None, None, 72, None, None, 65, 52, 60, 70, None, 68, None, None, None, 102, None, None, None, 78, None, None, None, 101, None, 83, 100, 76, 92, 109, None, 112, 117, None, None, 131, None, None, None, 110, None, None, None, 139, 104, 121, 132, 125, 127, 137, 121, 137, 144, None, None, 152, None, None, None, 151, None, None, None, 169, 138, 153, 166, 147, 164, 176, None, 185, None, None, None, 200, None, None, None, 17...'}
2026-08-23 04:04:18.966 /testbed/rich/_ratio.py:36 rich._ratio.ratio_resolve event=line locals={}
2026-08-23 04:04:18.967 /testbed/rich/_ratio.py:38 rich._ratio.ratio_resolve event=line locals={}
2026-08-23 04:04:18.967 /testbed/rich/_ratio.py:40 rich._ratio.ratio_resolve event=line locals={}
2026-08-23 04:04:18.967 /testbed/rich/_ratio.py:38 rich._ratio.ratio_resolve event=line locals={}
2026-08-23 04:04:18.967 /testbed/rich/_ratio.py:44 rich._ratio.ratio_resolve event=line locals={}
2026-08-23 04:04:18.968 /testbed/rich/_ratio.py:45 rich._ratio.ratio_resolve event=line locals={'remaining': '9093'}
2026-08-23 04:04:18.968 /testbed/rich/_ratio.py:52 rich._ratio.ratio_resolve event=line locals={}
2026-08-23 04:04:18.968 /testbed/rich/_ratio.py:53 rich._ratio.ratio_resolve event=line locals={}
2026-08-23 04:04:18.968 /testbed/rich/_ratio.py:52 rich._ratio.ratio_resolve event=line locals={}
2026-08-23 04:04:18.968 /testbed/rich/_ratio.py:57 rich._ratio.ratio_resolve event=line locals={'portion': 'Fraction(3031, 211)'}
2026-08-23 04:04:18.968 /testbed/rich/_ratio.py:58 rich._ratio.ratio_resolve event=line locals={'edge': 'FlexEdge(size=None, ratio=1, minimum_size=11)', 'index': '0'}
2026-08-23 04:04:18.968 /testbed/rich/_ratio.py:57 rich._ratio.ratio_resolve event=line locals={}
2026-08-23 04:04:18.969 /testbed/rich/_ratio.py:58 rich._ratio.ratio_resolve event=line locals={'edge': 'FlexEdge(size=None, ratio=2, minimum_size=25)', 'index': '1'}
2026-08-23 04:04:18.969 /testbed/rich/_ratio.py:57 rich._ratio.ratio_resolve event=line locals={}
2026-08-23 04:04:18.969 /testbed/rich/_ratio.py:58 rich._ratio.ratio_resolve event=line locals={'edge': 'FlexEdge(size=None, ratio=3, minimum_size=34)', 'index': '2'}
2026-08-23 04:04:18.969 /testbed/rich/_ratio.py:57 rich._ratio.ratio_resolve event=line locals={}
2026-08-23 04:04:18.969 /testbed/rich/_ratio.py:58 rich._ratio.ratio_resolve event=line locals={'edge': 'FlexEdge(size=None, ratio=4, minimum_size=19)', 'index': '3'}
2026-08-23 04:04:18.969 /testbed/rich/_ratio.py:57 rich._ratio.ratio_resolve event=line locals={}
2026-08-23 04:04:18.969 /testbed/rich/_ratio.py:58 rich._ratio.ratio_resolve event=line locals={'edge': 'FlexEdge(size=None, ratio=6, minimum_size=44)', 'index': '5'}
2026-08-23 04:04:18.969 /testbed/rich/_ratio.py:57 rich._ratio.ratio_resolve event=line locals={}
2026-08-23 04:04:18.969 /testbed/rich/_ratio.py:58 rich._ratio.ratio_resolve event=line locals={'edge': 'FlexEdge(size=None, ratio=7, minimum_size=25)', 'index': '6'}
2026-08-23 04:04:18.970 /testbed/rich/_ratio.py:57 rich._ratio.ratio_resolve event=line locals={}
2026-08-23 04:04:18.970 /testbed/rich/_ratio.py:58 rich._ratio.ratio_resolve event=line locals={'edge': 'FlexEdge(size=None, ratio=8, minimum_size=38)', 'index': '7'}
2026-08-23 04:04:18.970 /testbed/rich/_ratio.py:57 rich._ratio.ratio_resolve event=line locals={}
2026-08-23 04:04:18.970 /testbed/rich/_ratio.py:58 rich._ratio.ratio_resolve event=line locals={'edge': 'FlexEdge(size=None, ratio=10, minimum_size=30)', 'index': '9'}
2026-08-23 04:04:18.970 /testbed/rich/_ratio.py:57 rich._ratio.ratio_resolve event=line locals={}
2026-08-23 04:04:18.970 /testbed/rich/_ratio.py:58 rich._ratio.ratio_resolve event=line locals={'edge': 'FlexEdge(size=None, ratio=11, minimum_size=45)', 'index': '10'}
2026-08-23 04:04:18.970 /testbed/rich/_ratio.py:57 rich._ratio.ratio_resolve event=line locals={}
2026-08-23 04:04:18.970 /testbed/rich/_ratio.py:58 rich._ratio.ratio_resolve event=line locals={'edge': 'FlexEdge(size=None, ratio=12, minimum_size=55)', 'index': '11'}
2026-08-23 04:04:18.971 /testbed/rich/_ratio.py:57 rich._ratio.ratio_resolve event=line locals={}
2026-08-23 04:04:18.971 /testbed/rich/_ratio.py:58 rich._ratio.ratio_resolve event=line locals={'edge': 'FlexEdge(size=None, ratio=14, minimum_size=49)', 'index': '13'}
2026-08-23 04:04:18.971 /testbed/rich/_ratio.py:57 rich._ratio.ratio_resolve event=line locals={}
2026-08-23 04:04:18.971 /testbed/rich/_ratio.py:58 rich._ratio.ratio_resolve event=line locals={'edge': 'FlexEdge(size=None, ratio=15, minimum_size=63)', 'index': '14'}
2026-08-23 04:04:18.971 /testbed/rich/_ratio.py:57 rich._ratio.ratio_resolve event=line locals={}
2026-08-23 04:04:18.971 /testbed/rich/_ratio.py:58 rich._ratio.ratio_resolve event=line locals={'edge': 'FlexEdge(size=None, ratio=16, minimum_size=43)', 'index': '15'}
2026-08-23 04:04:18.971 /testbed/rich/_ratio.py:57 rich._ratio.ratio_resolve event=line locals={}
2026-08-23 04:04:18.971 /testbed/rich/_ratio.py:58 rich._ratio.ratio_resolve event=line locals={'edge': 'FlexEdge(size=None, ratio=18, minimum_size=71)', 'index': '17'}
2026-08-23 04:04:18.971 /testbed/rich/_ratio.py:57 rich._ratio.ratio_resolve event=line locals={}
2026-08-23 04:04:18.971 /testbed/rich/_ratio.py:58 rich._ratio.ratio_resolve event=line locals={'edge': 'FlexEdge(size=None, ratio=19, minimum_size=51)', 'index': '18'}
2026-08-23 04:04:18.972 /testbed/rich/_ratio.py:57 rich._ratio.ratio_resolve event=line locals={}
2026-08-23 04:04:18.972 /testbed/rich/_ratio.py:58 rich._ratio.ratio_resolve event=line locals={'edge': 'FlexEdge(size=None, ratio=5, minimum_size=50)', 'index': '23'}
2026-08-23 04:04:18.972 /testbed/rich/_ratio.py:57 rich._ratio.ratio_resolve event=line locals={}
2026-08-23 04:04:18.972 /testbed/rich/_ratio.py:58 rich._ratio.ratio_resolve event=line locals={'edge': 'FlexEdge(size=None, ratio=7, minimum_size=81)', 'index': '25'}
2026-08-23 04:04:18.972 /testbed/rich/_ratio.py:57 rich._ratio.ratio_resolve event=line locals={}
2026-08-23 04:04:18.972 /testbed/rich/_ratio.py:58 rich._ratio.ratio_resolve event=line locals={'edge': 'FlexEdge(size=None, ratio=8, minimum_size=53)', 'index': '26'}
2026-08-23 04:04:18.972 /testbed/rich/_ratio.py:57 rich._ratio.ratio_resolve event=line locals={}
2026-08-23 04:04:18.972 /testbed/rich/_ratio.py:58 rich._ratio.ratio_resolve event=line locals={'edge': 'FlexEdge(size=None, ratio=9, minimum_size=72)', 'index': '27'}
2026-08-23 04:04:18.973 /testbed/rich/_ratio.py:57 rich._ratio.ratio_resolve event=line locals={}
2026-08-23 04:04:18.973 /testbed/rich/_ratio.py:58 rich._ratio.ratio_resolve event=line locals={'edge': 'FlexEdge(size=None, ratio=11, minimum_size=61)', 'index': '29'}
2026-08-23 04:04:18.973 /testbed/rich/_ratio.py:57 rich._ratio.ratio_resolve event=line locals={}
2026-08-23 04:04:18.973 /testbed/rich/_ratio.py:58 rich._ratio.ratio_resolve event=line locals={'edge': 'FlexEdge(size=None, ratio=12, minimum_size=80)', 'index': '30'}
2026-08-23 04:04:18.973 /testbed/rich/_ratio.py:57 rich._ratio.ratio_resolve event=line locals={}
2026-08-23 04:04:18.973 /testbed/rich/_ratio.py:58 rich._ratio.ratio_resolve event=line locals={'edge': 'FlexEdge(size=None, ratio=13, minimum_size=94)', 'index': '31'}
2026-08-23 04:04:18.973 /testbed/rich/_ratio.py:57 rich._ratio.ratio_resolve event=line locals={}
2026-08-23 04:04:18.973 /testbed/rich/_ratio.py:58 rich._ratio.ratio_resolve event=line locals={'edge': 'FlexEdge(size=None, ratio=15, minimum_size=87)', 'index': '33'}
2026-08-23 04:04:18.973 /testbed/rich/_ratio.py:57 rich._ratio.ratio_resolve event=line locals={}
2026-08-23 04:04:18.973 /testbed/rich/_ratio.py:58 rich._ratio.ratio_resolve event=line locals={'edge': 'FlexEdge(size=None, ratio=16, minimum_size=98)', 'index': '34'}
2026-08-23 04:04:18.974 /testbed/rich/_ratio.py:57 rich._ratio.ratio_resolve event=line locals={}
2026-08-23 04:04:18.974 /testbed/rich/_ratio.py:58 rich._ratio.ratio_resolve event=line locals={'edge': 'FlexEdge(size=None, ratio=17, minimum_size=74)', 'index': '35'}
2026-08-23 04:04:18.974 /testbed/rich/_ratio.py:57 rich._ratio.ratio_resolve event=line locals={}
2026-08-23 04:04:18.974 /testbed/rich/_ratio.py:58 rich._ratio.ratio_resolve event=line locals={'edge': 'FlexEdge(size=None, ratio=19, minimum_size=70)', 'index': '37'}
2026-08-23 04:04:18.974 /testbed/rich/_ratio.py:57 rich._ratio.ratio_resolve event=line locals={}
2026-08-23 04:04:18.974 /testbed/rich/_ratio.py:58 rich._ratio.ratio_resolve event=line locals={'edge': 'FlexEdge(size=None, ratio=6, minimum_size=86)', 'index': '43'}
2026-08-23 04:04:18.974 /testbed/rich/_ratio.py:57 rich._ratio.ratio_resolve event=line locals={}
2026-08-23 04:04:18.974 /testbed/rich/_ratio.py:58 rich._ratio.ratio_resolve event=line locals={'edge': 'FlexEdge(size=None, ratio=9, minimum_size=91)', 'index': '46'}
2026-08-23 04:04:18.975 /testbed/rich/_ratio.py:57 rich._ratio.ratio_resolve event=line locals={}
2026-08-23 04:04:18.975 /testbed/rich/_ratio.py:58 rich._ratio.ratio_resolve event=line locals={'edge': 'FlexEdge(size=None, ratio=10, minimum_size=102)', 'index': '47'}
2026-08-23 04:04:18.975 /testbed/rich/_ratio.py:57 rich._ratio.ratio_resolve event=line locals={}
2026-08-23 04:04:18.975 /testbed/rich/_ratio.py:58 rich._ratio.ratio_resolve event=line locals={'edge': 'FlexEdge(size=None, ratio=12, minimum_size=100)', 'index': '49'}
2026-08-23 04:04:18.975 /testbed/rich/_ratio.py:57 rich._ratio.ratio_resolve event=line locals={}
2026-08-23 04:04:18.975 /testbed/rich/_ratio.py:58 rich._ratio.ratio_resolve event=line locals={'edge': 'FlexEdge(size=None, ratio=13, minimum_size=113)', 'index': '50'}
2026-08-23 04:04:18.975 /testbed/rich/_ratio.py:57 rich._ratio.ratio_resolve event=line locals={}
2026-08-23 04:04:18.975 /testbed/rich/_ratio.py:58 rich._ratio.ratio_resolve event=line locals={'edge': 'FlexEdge(size=None, ratio=14, minimum_size=128)', 'index': '51'}
2026-08-23 04:04:18.975 /testbed/rich/_ratio.py:57 rich._ratio.ratio_resolve event=line locals={}
2026-08-23 04:04:18.976 /testbed/rich/_ratio.py:58 rich._ratio.ratio_resolve event=line locals={'edge': 'FlexEdge(size=None, ratio=16, minimum_size=116)', 'index': '53'}
2026-08-23 04:04:18.976 /testbed/rich/_ratio.py:57 rich._ratio.ratio_resolve event=line locals={}
2026-08-23 04:04:18.976 /testbed/rich/_ratio.py:58 rich._ratio.ratio_resolve event=line locals={'edge': 'FlexEdge(size=None, ratio=17, minimum_size=134)', 'index': '54'}
2026-08-23 04:04:18.976 /testbed/rich/_ratio.py:57 rich._ratio.ratio_resolve event=line locals={}
2026-08-23 04:04:18.976 /testbed/rich/_ratio.py:58 rich._ratio.ratio_resolve event=line locals={'edge': 'FlexEdge(size=None, ratio=18, minimum_size=111)', 'index': '55'}
2026-08-23 04:04:18.976 /testbed/rich/_ratio.py:57 rich._ratio.ratio_resolve event=line locals={}
2026-08-23 04:04:18.976 /testbed/rich/_ratio.py:58 rich._ratio.ratio_resolve event=line locals={'edge': 'FlexEdge(size=None, ratio=10, minimum_size=127)', 'index': '66'}
2026-08-23 04:04:18.976 /testbed/rich/_ratio.py:57 rich._ratio.ratio_resolve event=line locals={}
2026-08-23 04:04:18.976 /testbed/rich/_ratio.py:58 rich._ratio.ratio_resolve event=line locals={'edge': 'FlexEdge(size=None, ratio=11, minimum_size=141)', 'index': '67'}
2026-08-23 04:04:18.977 /testbed/rich/_ratio.py:57 rich._ratio.ratio_resolve event=line locals={}
2026-08-23 04:04:18.977 /testbed/rich/_ratio.py:58 rich._ratio.ratio_resolve event=line locals={'edge': 'FlexEdge(size=None, ratio=13, minimum_size=134)', 'index': '69'}
2026-08-23 04:04:18.977 /testbed/rich/_ratio.py:57 rich._ratio.ratio_resolve event=line locals={}
2026-08-23 04:04:18.977 /testbed/rich/_ratio.py:58 rich._ratio.ratio_resolve event=line locals={'edge': 'FlexEdge(size=None, ratio=14, minimum_size=147)', 'index': '70'}
2026-08-23 04:04:18.977 /testbed/rich/_ratio.py:57 rich._ratio.ratio_resolve event=line locals={}
2026-08-23 04:04:18.977 /testbed/rich/_ratio.py:58 rich._ratio.ratio_resolve event=line locals={'edge': 'FlexEdge(size=None, ratio=15, minimum_size=160)', 'index': '71'}
2026-08-23 04:04:18.977 /testbed/rich/_ratio.py:57 rich._ratio.ratio_resolve event=line locals={}
2026-08-23 04:04:18.977 /testbed/rich/_ratio.py:58 rich._ratio.ratio_resolve event=line locals={'edge': 'FlexEdge(size=None, ratio=17, minimum_size=155)', 'index': '73'}
2026-08-23 04:04:18.977 /testbed/rich/_ratio.py:57 rich._ratio.ratio_resolve event=line locals={}
2026-08-23 04:04:18.978 /testbed/rich/_ratio.py:58 rich._ratio.ratio_resolve event=line locals={'edge': 'FlexEdge(size=None, ratio=18, minimum_size=128)', 'index': '74'}
2026-08-23 04:04:18.978 /testbed/rich/_ratio.py:57 rich._ratio.ratio_resolve event=line locals={}
2026-08-23 04:04:18.978 /testbed/rich/_ratio.py:58 rich._ratio.ratio_resolve event=line locals={'edge': 'FlexEdge(size=None, ratio=19, minimum_size=147)', 'index': '75'}
2026-08-23 04:04:18.978 /testbed/rich/_ratio.py:57 rich._ratio.ratio_resolve event=line locals={}
2026-08-23 04:04:18.978 /testbed/rich/_ratio.py:58 rich._ratio.ratio_resolve event=line locals={'edge': 'FlexEdge(size=None, ratio=8, minimum_size=153)', 'index': '83'}
2026-08-23 04:04:18.978 /testbed/rich/_ratio.py:59 rich._ratio.ratio_resolve event=line locals={}
2026-08-23 04:04:18.978 /testbed/rich/_ratio.py:61 rich._ratio.ratio_resolve event=line locals={'sizes': '[None, None, None, None, 44, None, None, None, 56, None, None, None, 38, None, None, None, 72, None, None, 65, 52, 60, 70, None, 68, None, None, None, 102, None, None, None, 78, None, None, None, 101, None, 83, 100, 76, 92, 109, None, 112, 117, None, None, 131, None, None, None, 110, None, None, None, 139, 104, 121, 132, 125, 127, 137, 121, 137, 144, None, None, 152, None, None, None, 151, None, None, None, 169, 138, 153, 166, 147, 164, 176, 153, 185, None, None, None, 200, None, None, None, 177...'}
2026-08-23 04:04:18.978 /testbed/rich/_ratio.py:36 rich._ratio.ratio_resolve event=line locals={}
2026-08-23 04:04:18.978 /testbed/rich/_ratio.py:38 rich._ratio.ratio_resolve event=line locals={}
2026-08-23 04:04:18.978 /testbed/rich/_ratio.py:40 rich._ratio.ratio_resolve event=line locals={}
2026-08-23 04:04:18.979 /testbed/rich/_ratio.py:38 rich._ratio.ratio_resolve event=line locals={}
2026-08-23 04:04:18.979 /testbed/rich/_ratio.py:44 rich._ratio.ratio_resolve event=line locals={}
2026-08-23 04:04:18.980 /testbed/rich/_ratio.py:45 rich._ratio.ratio_resolve event=line locals={'remaining': '8940'}
2026-08-23 04:04:18.980 /testbed/rich/_ratio.py:52 rich._ratio.ratio_resolve event=line locals={}
2026-08-23 04:04:18.980 /testbed/rich/_ratio.py:53 rich._ratio.ratio_resolve event=line locals={}
2026-08-23 04:04:18.980 /testbed/rich/_ratio.py:52 rich._ratio.ratio_resolve event=line locals={}
2026-08-23 04:04:18.980 /testbed/rich/_ratio.py:57 rich._ratio.ratio_resolve event=line locals={'portion': 'Fraction(1788, 125)'}
2026-08-23 04:04:18.980 /testbed/rich/_ratio.py:58 rich._ratio.ratio_resolve event=line locals={'edge': 'FlexEdge(size=None, ratio=1, minimum_size=11)', 'index': '0'}
2026-08-23 04:04:18.980 /testbed/rich/_ratio.py:57 rich._ratio.ratio_resolve event=line locals={}
2026-08-23 04:04:18.980 /testbed/rich/_ratio.py:58 rich._ratio.ratio_resolve event=line locals={'edge': 'FlexEdge(size=None, ratio=2, minimum_size=25)', 'index': '1'}
2026-08-23 04:04:18.981 /testbed/rich/_ratio.py:57 rich._ratio.ratio_resolve event=line locals={}
2026-08-23 04:04:18.981 /testbed/rich/_ratio.py:58 rich._ratio.ratio_resolve event=line locals={'edge': 'FlexEdge(size=None, ratio=3, minimum_size=34)', 'index': '2'}
2026-08-23 04:04:18.981 /testbed/rich/_ratio.py:57 rich._ratio.ratio_resolve event=line locals={}
2026-08-23 04:04:18.981 /testbed/rich/_ratio.py:58 rich._ratio.ratio_resolve event=line locals={'edge': 'FlexEdge(size=None, ratio=4, minimum_size=19)', 'index': '3'}
2026-08-23 04:04:18.981 /testbed/rich/_ratio.py:57 rich._ratio.ratio_resolve event=line locals={}
2026-08-23 04:04:18.981 /testbed/rich/_ratio.py:58 rich._ratio.ratio_resolve event=line locals={'edge': 'FlexEdge(size=None, ratio=6, minimum_size=44)', 'index': '5'}
2026-08-23 04:04:18.981 /testbed/rich/_ratio.py:57 rich._ratio.ratio_resolve event=line locals={}
2026-08-23 04:04:18.981 /testbed/rich/_ratio.py:58 rich._ratio.ratio_resolve event=line locals={'edge': 'FlexEdge(size=None, ratio=7, minimum_size=25)', 'index': '6'}
2026-08-23 04:04:18.981 /testbed/rich/_ratio.py:57 rich._ratio.ratio_resolve event=line locals={}
2026-08-23 04:04:18.982 /testbed/rich/_ratio.py:58 rich._ratio.ratio_resolve event=line locals={'edge': 'FlexEdge(size=None, ratio=8, minimum_size=38)', 'index': '7'}
2026-08-23 04:04:18.982 /testbed/rich/_ratio.py:57 rich._ratio.ratio_resolve event=line locals={}
2026-08-23 04:04:18.982 /testbed/rich/_ratio.py:58 rich._ratio.ratio_resolve event=line locals={'edge': 'FlexEdge(size=None, ratio=10, minimum_size=30)', 'index': '9'}
2026-08-23 04:04:18.982 /testbed/rich/_ratio.py:57 rich._ratio.ratio_resolve event=line locals={}
2026-08-23 04:04:18.982 /testbed/rich/_ratio.py:58 rich._ratio.ratio_resolve event=line locals={'edge': 'FlexEdge(size=None, ratio=11, minimum_size=45)', 'index': '10'}
2026-08-23 04:04:18.982 /testbed/rich/_ratio.py:57 rich._ratio.ratio_resolve event=line locals={}
2026-08-23 04:04:18.982 /testbed/rich/_ratio.py:58 rich._ratio.ratio_resolve event=line locals={'edge': 'FlexEdge(size=None, ratio=12, minimum_size=55)', 'index': '11'}
2026-08-23 04:04:18.982 /testbed/rich/_ratio.py:57 rich._ratio.ratio_resolve event=line locals={}
2026-08-23 04:04:18.982 /testbed/rich/_ratio.py:58 rich._ratio.ratio_resolve event=line locals={'edge': 'FlexEdge(size=None, ratio=14, minimum_size=49)', 'index': '13'}
2026-08-23 04:04:18.983 /testbed/rich/_ratio.py:57 rich._ratio.ratio_resolve event=line locals={}
2026-08-23 04:04:18.983 /testbed/rich/_ratio.py:58 rich._ratio.ratio_resolve event=line locals={'edge': 'FlexEdge(size=None, ratio=15, minimum_size=63)', 'index': '14'}
2026-08-23 04:04:18.983 /testbed/rich/_ratio.py:57 rich._ratio.ratio_resolve event=line locals={}
2026-08-23 04:04:18.983 /testbed/rich/_ratio.py:58 rich._ratio.ratio_resolve event=line locals={'edge': 'FlexEdge(size=None, ratio=16, minimum_size=43)', 'index': '15'}
2026-08-23 04:04:18.983 /testbed/rich/_ratio.py:57 rich._ratio.ratio_resolve event=line locals={}
2026-08-23 04:04:18.983 /testbed/rich/_ratio.py:58 rich._ratio.ratio_resolve event=line locals={'edge': 'FlexEdge(size=None, ratio=18, minimum_size=71)', 'index': '17'}
2026-08-23 04:04:18.983 /testbed/rich/_ratio.py:57 rich._ratio.ratio_resolve event=line locals={}
2026-08-23 04:04:18.983 /testbed/rich/_ratio.py:58 rich._ratio.ratio_resolve event=line locals={'edge': 'FlexEdge(size=None, ratio=19, minimum_size=51)', 'index': '18'}
2026-08-23 04:04:18.984 /testbed/rich/_ratio.py:57 rich._ratio.ratio_resolve event=line locals={}
2026-08-23 04:04:18.984 /testbed/rich/_ratio.py:58 rich._ratio.ratio_resolve event=line locals={'edge': 'FlexEdge(size=None, ratio=5, minimum_size=50)', 'index': '23'}
2026-08-23 04:04:18.984 /testbed/rich/_ratio.py:57 rich._ratio.ratio_resolve event=line locals={}
2026-08-23 04:04:18.984 /testbed/rich/_ratio.py:58 rich._ratio.ratio_resolve event=line locals={'edge': 'FlexEdge(size=None, ratio=7, minimum_size=81)', 'index': '25'}
2026-08-23 04:04:18.984 /testbed/rich/_ratio.py:57 rich._ratio.ratio_resolve event=line locals={}
2026-08-23 04:04:18.984 /testbed/rich/_ratio.py:58 rich._ratio.ratio_resolve event=line locals={'edge': 'FlexEdge(size=None, ratio=8, minimum_size=53)', 'index': '26'}
2026-08-23 04:04:18.984 /testbed/rich/_ratio.py:57 rich._ratio.ratio_resolve event=line locals={}
2026-08-23 04:04:18.984 /testbed/rich/_ratio.py:58 rich._ratio.ratio_resolve event=line locals={'edge': 'FlexEdge(size=None, ratio=9, minimum_size=72)', 'index': '27'}
2026-08-23 04:04:18.984 /testbed/rich/_ratio.py:57 rich._ratio.ratio_resolve event=line locals={}
2026-08-23 04:04:18.985 /testbed/rich/_ratio.py:58 rich._ratio.ratio_resolve event=line locals={'edge': 'FlexEdge(size=None, ratio=11, minimum_size=61)', 'index': '29'}
2026-08-23 04:04:18.985 /testbed/rich/_ratio.py:57 rich._ratio.ratio_resolve event=line locals={}
2026-08-23 04:04:18.985 /testbed/rich/_ratio.py:58 rich._ratio.ratio_resolve event=line locals={'edge': 'FlexEdge(size=None, ratio=12, minimum_size=80)', 'index': '30'}
2026-08-23 04:04:18.985 /testbed/rich/_ratio.py:57 rich._ratio.ratio_resolve event=line locals={}
2026-08-23 04:04:18.985 /testbed/rich/_ratio.py:58 rich._ratio.ratio_resolve event=line locals={'edge': 'FlexEdge(size=None, ratio=13, minimum_size=94)', 'index': '31'}
2026-08-23 04:04:18.985 /testbed/rich/_ratio.py:57 rich._ratio.ratio_resolve event=line locals={}
2026-08-23 04:04:18.985 /testbed/rich/_ratio.py:58 rich._ratio.ratio_resolve event=line locals={'edge': 'FlexEdge(size=None, ratio=15, minimum_size=87)', 'index': '33'}
2026-08-23 04:04:18.985 /testbed/rich/_ratio.py:57 rich._ratio.ratio_resolve event=line locals={}
2026-08-23 04:04:18.985 /testbed/rich/_ratio.py:58 rich._ratio.ratio_resolve event=line locals={'edge': 'FlexEdge(size=None, ratio=16, minimum_size=98)', 'index': '34'}
2026-08-23 04:04:18.986 /testbed/rich/_ratio.py:57 rich._ratio.ratio_resolve event=line locals={}
2026-08-23 04:04:18.986 /testbed/rich/_ratio.py:58 rich._ratio.ratio_resolve event=line locals={'edge': 'FlexEdge(size=None, ratio=17, minimum_size=74)', 'index': '35'}
2026-08-23 04:04:18.986 /testbed/rich/_ratio.py:57 rich._ratio.ratio_resolve event=line locals={}
2026-08-23 04:04:18.986 /testbed/rich/_ratio.py:58 rich._ratio.ratio_resolve event=line locals={'edge': 'FlexEdge(size=None, ratio=19, minimum_size=70)', 'index': '37'}
2026-08-23 04:04:18.986 /testbed/rich/_ratio.py:57 rich._ratio.ratio_resolve event=line locals={}
2026-08-23 04:04:18.986 /testbed/rich/_ratio.py:58 rich._ratio.ratio_resolve event=line locals={'edge': 'FlexEdge(size=None, ratio=6, minimum_size=86)', 'index': '43'}
2026-08-23 04:04:18.986 /testbed/rich/_ratio.py:59 rich._ratio.ratio_resolve event=line locals={}
2026-08-23 04:04:18.986 /testbed/rich/_ratio.py:61 rich._ratio.ratio_resolve event=line locals={'sizes': '[None, None, None, None, 44, None, None, None, 56, None, None, None, 38, None, None, None, 72, None, None, 65, 52, 60, 70, None, 68, None, None, None, 102, None, None, None, 78, None, None, None, 101, None, 83, 100, 76, 92, 109, 86, 112, 117, None, None, 131, None, None, None, 110, None, None, None, 139, 104, 121, 132, 125, 127, 137, 121, 137, 144, None, None, 152, None, None, None, 151, None, None, None, 169, 138, 153, 166, 147, 164, 176, 153, 185, None, None, None, 200, None, None, None, 177, ...'}
2026-08-23 04:04:18.986 /testbed/rich/_ratio.py:36 rich._ratio.ratio_resolve event=line locals={}
2026-08-23 04:04:18.987 /testbed/rich/_ratio.py:38 rich._ratio.ratio_resolve event=line locals={}
2026-08-23 04:04:18.987 /testbed/rich/_ratio.py:40 rich._ratio.ratio_resolve event=line locals={}
2026-08-23 04:04:18.987 /testbed/rich/_ratio.py:38 rich._ratio.ratio_resolve event=line locals={}
2026-08-23 04:04:18.987 /testbed/rich/_ratio.py:44 rich._ratio.ratio_resolve event=line locals={}
2026-08-23 04:04:18.988 /testbed/rich/_ratio.py:45 rich._ratio.ratio_resolve event=line locals={'remaining': '8854'}
2026-08-23 04:04:18.988 /testbed/rich/_ratio.py:52 rich._ratio.ratio_resolve event=line locals={}
2026-08-23 04:04:18.988 /testbed/rich/_ratio.py:53 rich._ratio.ratio_resolve event=line locals={}
2026-08-23 04:04:18.988 /testbed/rich/_ratio.py:52 rich._ratio.ratio_resolve event=line locals={}
2026-08-23 04:04:18.988 /testbed/rich/_ratio.py:57 rich._ratio.ratio_resolve event=line locals={'portion': 'Fraction(8854, 619)'}
2026-08-23 04:04:18.988 /testbed/rich/_ratio.py:58 rich._ratio.ratio_resolve event=line locals={'edge': 'FlexEdge(size=None, ratio=1, minimum_size=11)', 'index': '0'}
2026-08-23 04:04:18.988 /testbed/rich/_ratio.py:57 rich._ratio.ratio_resolve event=line locals={}
2026-08-23 04:04:18.989 /testbed/rich/_ratio.py:58 rich._ratio.ratio_resolve event=line locals={'edge': 'FlexEdge(size=None, ratio=2, minimum_size=25)', 'index': '1'}
2026-08-23 04:04:18.989 /testbed/rich/_ratio.py:57 rich._ratio.ratio_resolve event=line locals={}
2026-08-23 04:04:18.989 /testbed/rich/_ratio.py:58 rich._ratio.ratio_resolve event=line locals={'edge': 'FlexEdge(size=None, ratio=3, minimum_size=34)', 'index': '2'}
2026-08-23 04:04:18.989 /testbed/rich/_ratio.py:57 rich._ratio.ratio_resolve event=line locals={}
2026-08-23 04:04:18.989 /testbed/rich/_ratio.py:58 rich._ratio.ratio_resolve event=line locals={'edge': 'FlexEdge(size=None, ratio=4, minimum_size=19)', 'index': '3'}
2026-08-23 04:04:18.989 /testbed/rich/_ratio.py:57 rich._ratio.ratio_resolve event=line locals={}
2026-08-23 04:04:18.989 /testbed/rich/_ratio.py:58 rich._ratio.ratio_resolve event=line locals={'edge': 'FlexEdge(size=None, ratio=6, minimum_size=44)', 'index': '5'}
2026-08-23 04:04:18.989 /testbed/rich/_ratio.py:57 rich._ratio.ratio_resolve event=line locals={}
2026-08-23 04:04:18.989 /testbed/rich/_ratio.py:58 rich._ratio.ratio_resolve event=line locals={'edge': 'FlexEdge(size=None, ratio=7, minimum_size=25)', 'index': '6'}
2026-08-23 04:04:18.990 /testbed/rich/_ratio.py:57 rich._ratio.ratio_resolve event=line locals={}
2026-08-23 04:04:18.990 /testbed/rich/_ratio.py:58 rich._ratio.ratio_resolve event=line locals={'edge': 'FlexEdge(size=None, ratio=8, minimum_size=38)', 'index': '7'}
2026-08-23 04:04:18.990 /testbed/rich/_ratio.py:57 rich._ratio.ratio_resolve event=line locals={}
2026-08-23 04:04:18.990 /testbed/rich/_ratio.py:58 rich._ratio.ratio_resolve event=line locals={'edge': 'FlexEdge(size=None, ratio=10, minimum_size=30)', 'index': '9'}
2026-08-23 04:04:18.990 /testbed/rich/_ratio.py:57 rich._ratio.ratio_resolve event=line locals={}
2026-08-23 04:04:18.990 /testbed/rich/_ratio.py:58 rich._ratio.ratio_resolve event=line locals={'edge': 'FlexEdge(size=None, ratio=11, minimum_size=45)', 'index': '10'}
2026-08-23 04:04:18.990 /testbed/rich/_ratio.py:57 rich._ratio.ratio_resolve event=line locals={}
2026-08-23 04:04:18.990 /testbed/rich/_ratio.py:58 rich._ratio.ratio_resolve event=line locals={'edge': 'FlexEdge(size=None, ratio=12, minimum_size=55)', 'index': '11'}
2026-08-23 04:04:18.990 /testbed/rich/_ratio.py:57 rich._ratio.ratio_resolve event=line locals={}
2026-08-23 04:04:18.991 /testbed/rich/_ratio.py:58 rich._ratio.ratio_resolve event=line locals={'edge': 'FlexEdge(size=None, ratio=14, minimum_size=49)', 'index': '13'}
2026-08-23 04:04:18.991 /testbed/rich/_ratio.py:57 rich._ratio.ratio_resolve event=line locals={}
2026-08-23 04:04:18.991 /testbed/rich/_ratio.py:58 rich._ratio.ratio_resolve event=line locals={'edge': 'FlexEdge(size=None, ratio=15, minimum_size=63)', 'index': '14'}
2026-08-23 04:04:18.991 /testbed/rich/_ratio.py:57 rich._ratio.ratio_resolve event=line locals={}
2026-08-23 04:04:18.991 /testbed/rich/_ratio.py:58 rich._ratio.ratio_resolve event=line locals={'edge': 'FlexEdge(size=None, ratio=16, minimum_size=43)', 'index': '15'}
2026-08-23 04:04:18.991 /testbed/rich/_ratio.py:57 rich._ratio.ratio_resolve event=line locals={}
2026-08-23 04:04:18.991 /testbed/rich/_ratio.py:58 rich._ratio.ratio_resolve event=line locals={'edge': 'FlexEdge(size=None, ratio=18, minimum_size=71)', 'index': '17'}
2026-08-23 04:04:18.991 /testbed/rich/_ratio.py:57 rich._ratio.ratio_resolve event=line locals={}
2026-08-23 04:04:18.991 /testbed/rich/_ratio.py:58 rich._ratio.ratio_resolve event=line locals={'edge': 'FlexEdge(size=None, ratio=19, minimum_size=51)', 'index': '18'}
2026-08-23 04:04:18.992 /testbed/rich/_ratio.py:57 rich._ratio.ratio_resolve event=line locals={}
2026-08-23 04:04:18.992 /testbed/rich/_ratio.py:58 rich._ratio.ratio_resolve event=line locals={'edge': 'FlexEdge(size=None, ratio=5, minimum_size=50)', 'index': '23'}
2026-08-23 04:04:18.992 /testbed/rich/_ratio.py:57 rich._ratio.ratio_resolve event=line locals={}
2026-08-23 04:04:18.992 /testbed/rich/_ratio.py:58 rich._ratio.ratio_resolve event=line locals={'edge': 'FlexEdge(size=None, ratio=7, minimum_size=81)', 'index': '25'}
2026-08-23 04:04:18.992 /testbed/rich/_ratio.py:57 rich._ratio.ratio_resolve event=line locals={}
2026-08-23 04:04:18.992 /testbed/rich/_ratio.py:58 rich._ratio.ratio_resolve event=line locals={'edge': 'FlexEdge(size=None, ratio=8, minimum_size=53)', 'index': '26'}
2026-08-23 04:04:18.992 /testbed/rich/_ratio.py:57 rich._ratio.ratio_resolve event=line locals={}
2026-08-23 04:04:18.992 /testbed/rich/_ratio.py:58 rich._ratio.ratio_resolve event=line locals={'edge': 'FlexEdge(size=None, ratio=9, minimum_size=72)', 'index': '27'}
2026-08-23 04:04:18.992 /testbed/rich/_ratio.py:57 rich._ratio.ratio_resolve event=line locals={}
2026-08-23 04:04:18.992 /testbed/rich/_ratio.py:58 rich._ratio.ratio_resolve event=line locals={'edge': 'FlexEdge(size=None, ratio=11, minimum_size=61)', 'index': '29'}
2026-08-23 04:04:18.993 /testbed/rich/_ratio.py:57 rich._ratio.ratio_resolve event=line locals={}
2026-08-23 04:04:18.993 /testbed/rich/_ratio.py:58 rich._ratio.ratio_resolve event=line locals={'edge': 'FlexEdge(size=None, ratio=12, minimum_size=80)', 'index': '30'}
2026-08-23 04:04:18.993 /testbed/rich/_ratio.py:57 rich._ratio.ratio_resolve event=line locals={}
2026-08-23 04:04:18.993 /testbed/rich/_ratio.py:58 rich._ratio.ratio_resolve event=line locals={'edge': 'FlexEdge(size=None, ratio=13, minimum_size=94)', 'index': '31'}
2026-08-23 04:04:18.993 /testbed/rich/_ratio.py:57 rich._ratio.ratio_resolve event=line locals={}
2026-08-23 04:04:18.993 /testbed/rich/_ratio.py:58 rich._ratio.ratio_resolve event=line locals={'edge': 'FlexEdge(size=None, ratio=15, minimum_size=87)', 'index': '33'}
2026-08-23 04:04:18.993 /testbed/rich/_ratio.py:57 rich._ratio.ratio_resolve event=line locals={}
2026-08-23 04:04:18.993 /testbed/rich/_ratio.py:58 rich._ratio.ratio_resolve event=line locals={'edge': 'FlexEdge(size=None, ratio=16, minimum_size=98)', 'index': '34'}
2026-08-23 04:04:18.994 /testbed/rich/_ratio.py:57 rich._ratio.ratio_resolve event=line locals={}
2026-08-23 04:04:18.994 /testbed/rich/_ratio.py:58 rich._ratio.ratio_resolve event=line locals={'edge': 'FlexEdge(size=None, ratio=17, minimum_size=74)', 'index': '35'}
2026-08-23 04:04:18.994 /testbed/rich/_ratio.py:57 rich._ratio.ratio_resolve event=line locals={}
2026-08-23 04:04:18.994 /testbed/rich/_ratio.py:58 rich._ratio.ratio_resolve event=line locals={'edge': 'FlexEdge(size=None, ratio=19, minimum_size=70)', 'index': '37'}
2026-08-23 04:04:18.994 /testbed/rich/_ratio.py:57 rich._ratio.ratio_resolve event=line locals={}
2026-08-23 04:04:18.994 /testbed/rich/_ratio.py:58 rich._ratio.ratio_resolve event=line locals={'edge': 'FlexEdge(size=None, ratio=9, minimum_size=91)', 'index': '46'}
2026-08-23 04:04:18.994 /testbed/rich/_ratio.py:57 rich._ratio.ratio_resolve event=line locals={}
2026-08-23 04:04:18.994 /testbed/rich/_ratio.py:58 rich._ratio.ratio_resolve event=line locals={'edge': 'FlexEdge(size=None, ratio=10, minimum_size=102)', 'index': '47'}
2026-08-23 04:04:18.994 /testbed/rich/_ratio.py:57 rich._ratio.ratio_resolve event=line locals={}
2026-08-23 04:04:18.994 /testbed/rich/_ratio.py:58 rich._ratio.ratio_resolve event=line locals={'edge': 'FlexEdge(size=None, ratio=12, minimum_size=100)', 'index': '49'}
2026-08-23 04:04:18.995 /testbed/rich/_ratio.py:57 rich._ratio.ratio_resolve event=line locals={}
2026-08-23 04:04:18.995 /testbed/rich/_ratio.py:58 rich._ratio.ratio_resolve event=line locals={'edge': 'FlexEdge(size=None, ratio=13, minimum_size=113)', 'index': '50'}
2026-08-23 04:04:18.995 /testbed/rich/_ratio.py:57 rich._ratio.ratio_resolve event=line locals={}
2026-08-23 04:04:18.995 /testbed/rich/_ratio.py:58 rich._ratio.ratio_resolve event=line locals={'edge': 'FlexEdge(size=None, ratio=14, minimum_size=128)', 'index': '51'}
2026-08-23 04:04:18.995 /testbed/rich/_ratio.py:57 rich._ratio.ratio_resolve event=line locals={}
2026-08-23 04:04:18.995 /testbed/rich/_ratio.py:58 rich._ratio.ratio_resolve event=line locals={'edge': 'FlexEdge(size=None, ratio=16, minimum_size=116)', 'index': '53'}
2026-08-23 04:04:18.995 /testbed/rich/_ratio.py:57 rich._ratio.ratio_resolve event=line locals={}
2026-08-23 04:04:18.995 /testbed/rich/_ratio.py:58 rich._ratio.ratio_resolve event=line locals={'edge': 'FlexEdge(size=None, ratio=17, minimum_size=134)', 'index': '54'}
2026-08-23 04:04:18.995 /testbed/rich/_ratio.py:57 rich._ratio.ratio_resolve event=line locals={}
2026-08-23 04:04:18.996 /testbed/rich/_ratio.py:58 rich._ratio.ratio_resolve event=line locals={'edge': 'FlexEdge(size=None, ratio=18, minimum_size=111)', 'index': '55'}
2026-08-23 04:04:18.996 /testbed/rich/_ratio.py:57 rich._ratio.ratio_resolve event=line locals={}
2026-08-23 04:04:18.996 /testbed/rich/_ratio.py:58 rich._ratio.ratio_resolve event=line locals={'edge': 'FlexEdge(size=None, ratio=10, minimum_size=127)', 'index': '66'}
2026-08-23 04:04:18.996 /testbed/rich/_ratio.py:57 rich._ratio.ratio_resolve event=line locals={}
2026-08-23 04:04:18.996 /testbed/rich/_ratio.py:58 rich._ratio.ratio_resolve event=line locals={'edge': 'FlexEdge(size=None, ratio=11, minimum_size=141)', 'index': '67'}
2026-08-23 04:04:18.996 /testbed/rich/_ratio.py:57 rich._ratio.ratio_resolve event=line locals={}
2026-08-23 04:04:18.996 /testbed/rich/_ratio.py:58 rich._ratio.ratio_resolve event=line locals={'edge': 'FlexEdge(size=None, ratio=13, minimum_size=134)', 'index': '69'}
2026-08-23 04:04:18.996 /testbed/rich/_ratio.py:57 rich._ratio.ratio_resolve event=line locals={}
2026-08-23 04:04:18.996 /testbed/rich/_ratio.py:58 rich._ratio.ratio_resolve event=line locals={'edge': 'FlexEdge(size=None, ratio=14, minimum_size=147)', 'index': '70'}
2026-08-23 04:04:18.997 /testbed/rich/_ratio.py:57 rich._ratio.ratio_resolve event=line locals={}
2026-08-23 04:04:18.997 /testbed/rich/_ratio.py:58 rich._ratio.ratio_resolve event=line locals={'edge': 'FlexEdge(size=None, ratio=15, minimum_size=160)', 'index': '71'}
2026-08-23 04:04:18.997 /testbed/rich/_ratio.py:57 rich._ratio.ratio_resolve event=line locals={}
2026-08-23 04:04:18.997 /testbed/rich/_ratio.py:58 rich._ratio.ratio_resolve event=line locals={'edge': 'FlexEdge(size=None, ratio=17, minimum_size=155)', 'index': '73'}
2026-08-23 04:04:18.997 /testbed/rich/_ratio.py:57 rich._ratio.ratio_resolve event=line locals={}
2026-08-23 04:04:18.997 /testbed/rich/_ratio.py:58 rich._ratio.ratio_resolve event=line locals={'edge': 'FlexEdge(size=None, ratio=18, minimum_size=128)', 'index': '74'}
2026-08-23 04:04:18.997 /testbed/rich/_ratio.py:57 rich._ratio.ratio_resolve event=line locals={}
2026-08-23 04:04:18.997 /testbed/rich/_ratio.py:58 rich._ratio.ratio_resolve event=line locals={'edge': 'FlexEdge(size=None, ratio=19, minimum_size=147)', 'index': '75'}
2026-08-23 04:04:18.997 /testbed/rich/_ratio.py:57 rich._ratio.ratio_resolve event=line locals={}
2026-08-23 04:04:18.998 /testbed/rich/_ratio.py:58 rich._ratio.ratio_resolve event=line locals={'edge': 'FlexEdge(size=None, ratio=10, minimum_size=180)', 'index': '85'}
2026-08-23 04:04:18.998 /testbed/rich/_ratio.py:59 rich._ratio.ratio_resolve event=line locals={}
2026-08-23 04:04:18.998 /testbed/rich/_ratio.py:61 rich._ratio.ratio_resolve event=line locals={'sizes': '[None, None, None, None, 44, None, None, None, 56, None, None, None, 38, None, None, None, 72, None, None, 65, 52, 60, 70, None, 68, None, None, None, 102, None, None, None, 78, None, None, None, 101, None, 83, 100, 76, 92, 109, 86, 112, 117, None, None, 131, None, None, None, 110, None, None, None, 139, 104, 121, 132, 125, 127, 137, 121, 137, 144, None, None, 152, None, None, None, 151, None, None, None, 169, 138, 153, 166, 147, 164, 176, 153, 185, 180, None, None, 200, None, None, None, 177, N...'}
2026-08-23 04:04:18.998 /testbed/rich/_ratio.py:36 rich._ratio.ratio_resolve event=line locals={}
2026-08-23 04:04:18.998 /testbed/rich/_ratio.py:38 rich._ratio.ratio_resolve event=line locals={}
2026-08-23 04:04:18.998 /testbed/rich/_ratio.py:40 rich._ratio.ratio_resolve event=line locals={}
2026-08-23 04:04:18.998 /testbed/rich/_ratio.py:38 rich._ratio.ratio_resolve event=line locals={}
2026-08-23 04:04:18.999 /testbed/rich/_ratio.py:44 rich._ratio.ratio_resolve event=line locals={}
2026-08-23 04:04:18.999 /testbed/rich/_ratio.py:45 rich._ratio.ratio_resolve event=line locals={'remaining': '8674'}
2026-08-23 04:04:18.999 /testbed/rich/_ratio.py:52 rich._ratio.ratio_resolve event=line locals={}
2026-08-23 04:04:18.999 /testbed/rich/_ratio.py:53 rich._ratio.ratio_resolve event=line locals={}
2026-08-23 04:04:19.000 /testbed/rich/_ratio.py:52 rich._ratio.ratio_resolve event=line locals={}
2026-08-23 04:04:19.000 /testbed/rich/_ratio.py:57 rich._ratio.ratio_resolve event=line locals={'portion': 'Fraction(8674, 609)'}
2026-08-23 04:04:19.000 /testbed/rich/_ratio.py:58 rich._ratio.ratio_resolve event=line locals={'edge': 'FlexEdge(size=None, ratio=1, minimum_size=11)', 'index': '0'}
2026-08-23 04:04:19.000 /testbed/rich/_ratio.py:57 rich._ratio.ratio_resolve event=line locals={}
2026-08-23 04:04:19.000 /testbed/rich/_ratio.py:58 rich._ratio.ratio_resolve event=line locals={'edge': 'FlexEdge(size=None, ratio=2, minimum_size=25)', 'index': '1'}
2026-08-23 04:04:19.000 /testbed/rich/_ratio.py:57 rich._ratio.ratio_resolve event=line locals={}
2026-08-23 04:04:19.000 /testbed/rich/_ratio.py:58 rich._ratio.ratio_resolve event=line locals={'edge': 'FlexEdge(size=None, ratio=3, minimum_size=34)', 'index': '2'}
2026-08-23 04:04:19.000 /testbed/rich/_ratio.py:57 rich._ratio.ratio_resolve event=line locals={}
2026-08-23 04:04:19.000 /testbed/rich/_ratio.py:58 rich._ratio.ratio_resolve event=line locals={'edge': 'FlexEdge(size=None, ratio=4, minimum_size=19)', 'index': '3'}
2026-08-23 04:04:19.001 /testbed/rich/_ratio.py:57 rich._ratio.ratio_resolve event=line locals={}
2026-08-23 04:04:19.001 /testbed/rich/_ratio.py:58 rich._ratio.ratio_resolve event=line locals={'edge': 'FlexEdge(size=None, ratio=6, minimum_size=44)', 'index': '5'}
2026-08-23 04:04:19.001 /testbed/rich/_ratio.py:57 rich._ratio.ratio_resolve event=line locals={}
2026-08-23 04:04:19.001 /testbed/rich/_ratio.py:58 rich._ratio.ratio_resolve event=line locals={'edge': 'FlexEdge(size=None, ratio=7, minimum_size=25)', 'index': '6'}
2026-08-23 04:04:19.001 /testbed/rich/_ratio.py:57 rich._ratio.ratio_resolve event=line locals={}
2026-08-23 04:04:19.001 /testbed/rich/_ratio.py:58 rich._ratio.ratio_resolve event=line locals={'edge': 'FlexEdge(size=None, ratio=8, minimum_size=38)', 'index': '7'}
2026-08-23 04:04:19.001 /testbed/rich/_ratio.py:57 rich._ratio.ratio_resolve event=line locals={}
2026-08-23 04:04:19.001 /testbed/rich/_ratio.py:58 rich._ratio.ratio_resolve event=line locals={'edge': 'FlexEdge(size=None, ratio=10, minimum_size=30)', 'index': '9'}
2026-08-23 04:04:19.002 /testbed/rich/_ratio.py:57 rich._ratio.ratio_resolve event=line locals={}
2026-08-23 04:04:19.002 /testbed/rich/_ratio.py:58 rich._ratio.ratio_resolve event=line locals={'edge': 'FlexEdge(size=None, ratio=11, minimum_size=45)', 'index': '10'}
2026-08-23 04:04:19.002 /testbed/rich/_ratio.py:57 rich._ratio.ratio_resolve event=line locals={}
2026-08-23 04:04:19.002 /testbed/rich/_ratio.py:58 rich._ratio.ratio_resolve event=line locals={'edge': 'FlexEdge(size=None, ratio=12, minimum_size=55)', 'index': '11'}
2026-08-23 04:04:19.002 /testbed/rich/_ratio.py:57 rich._ratio.ratio_resolve event=line locals={}
2026-08-23 04:04:19.002 /testbed/rich/_ratio.py:58 rich._ratio.ratio_resolve event=line locals={'edge': 'FlexEdge(size=None, ratio=14, minimum_size=49)', 'index': '13'}
2026-08-23 04:04:19.002 /testbed/rich/_ratio.py:57 rich._ratio.ratio_resolve event=line locals={}
2026-08-23 04:04:19.002 /testbed/rich/_ratio.py:58 rich._ratio.ratio_resolve event=line locals={'edge': 'FlexEdge(size=None, ratio=15, minimum_size=63)', 'index': '14'}
2026-08-23 04:04:19.002 /testbed/rich/_ratio.py:57 rich._ratio.ratio_resolve event=line locals={}
2026-08-23 04:04:19.003 /testbed/rich/_ratio.py:58 rich._ratio.ratio_resolve event=line locals={'edge': 'FlexEdge(size=None, ratio=16, minimum_size=43)', 'index': '15'}
2026-08-23 04:04:19.003 /testbed/rich/_ratio.py:57 rich._ratio.ratio_resolve event=line locals={}
2026-08-23 04:04:19.003 /testbed/rich/_ratio.py:58 rich._ratio.ratio_resolve event=line locals={'edge': 'FlexEdge(size=None, ratio=18, minimum_size=71)', 'index': '17'}
2026-08-23 04:04:19.003 /testbed/rich/_ratio.py:57 rich._ratio.ratio_resolve event=line locals={}
2026-08-23 04:04:19.003 /testbed/rich/_ratio.py:58 rich._ratio.ratio_resolve event=line locals={'edge': 'FlexEdge(size=None, ratio=19, minimum_size=51)', 'index': '18'}
2026-08-23 04:04:19.003 /testbed/rich/_ratio.py:57 rich._ratio.ratio_resolve event=line locals={}
2026-08-23 04:04:19.003 /testbed/rich/_ratio.py:58 rich._ratio.ratio_resolve event=line locals={'edge': 'FlexEdge(size=None, ratio=5, minimum_size=50)', 'index': '23'}
2026-08-23 04:04:19.003 /testbed/rich/_ratio.py:57 rich._ratio.ratio_resolve event=line locals={}
2026-08-23 04:04:19.003 /testbed/rich/_ratio.py:58 rich._ratio.ratio_resolve event=line locals={'edge': 'FlexEdge(size=None, ratio=7, minimum_size=81)', 'index': '25'}
2026-08-23 04:04:19.004 /testbed/rich/_ratio.py:57 rich._ratio.ratio_resolve event=line locals={}
2026-08-23 04:04:19.004 /testbed/rich/_ratio.py:58 rich._ratio.ratio_resolve event=line locals={'edge': 'FlexEdge(size=None, ratio=8, minimum_size=53)', 'index': '26'}
2026-08-23 04:04:19.004 /testbed/rich/_ratio.py:57 rich._ratio.ratio_resolve event=line locals={}
2026-08-23 04:04:19.004 /testbed/rich/_ratio.py:58 rich._ratio.ratio_resolve event=line locals={'edge': 'FlexEdge(size=None, ratio=9, minimum_size=72)', 'index': '27'}
2026-08-23 04:04:19.004 /testbed/rich/_ratio.py:57 rich._ratio.ratio_resolve event=line locals={}
2026-08-23 04:04:19.004 /testbed/rich/_ratio.py:58 rich._ratio.ratio_resolve event=line locals={'edge': 'FlexEdge(size=None, ratio=11, minimum_size=61)', 'index': '29'}
2026-08-23 04:04:19.004 /testbed/rich/_ratio.py:57 rich._ratio.ratio_resolve event=line locals={}
2026-08-23 04:04:19.004 /testbed/rich/_ratio.py:58 rich._ratio.ratio_resolve event=line locals={'edge': 'FlexEdge(size=None, ratio=12, minimum_size=80)', 'index': '30'}
2026-08-23 04:04:19.004 /testbed/rich/_ratio.py:57 rich._ratio.ratio_resolve event=line locals={}
2026-08-23 04:04:19.005 /testbed/rich/_ratio.py:58 rich._ratio.ratio_resolve event=line locals={'edge': 'FlexEdge(size=None, ratio=13, minimum_size=94)', 'index': '31'}
2026-08-23 04:04:19.005 /testbed/rich/_ratio.py:57 rich._ratio.ratio_resolve event=line locals={}
2026-08-23 04:04:19.005 /testbed/rich/_ratio.py:58 rich._ratio.ratio_resolve event=line locals={'edge': 'FlexEdge(size=None, ratio=15, minimum_size=87)', 'index': '33'}
2026-08-23 04:04:19.005 /testbed/rich/_ratio.py:57 rich._ratio.ratio_resolve event=line locals={}
2026-08-23 04:04:19.005 /testbed/rich/_ratio.py:58 rich._ratio.ratio_resolve event=line locals={'edge': 'FlexEdge(size=None, ratio=16, minimum_size=98)', 'index': '34'}
2026-08-23 04:04:19.005 /testbed/rich/_ratio.py:57 rich._ratio.ratio_resolve event=line locals={}
2026-08-23 04:04:19.005 /testbed/rich/_ratio.py:58 rich._ratio.ratio_resolve event=line locals={'edge': 'FlexEdge(size=None, ratio=17, minimum_size=74)', 'index': '35'}
2026-08-23 04:04:19.005 /testbed/rich/_ratio.py:57 rich._ratio.ratio_resolve event=line locals={}
2026-08-23 04:04:19.005 /testbed/rich/_ratio.py:58 rich._ratio.ratio_resolve event=line locals={'edge': 'FlexEdge(size=None, ratio=19, minimum_size=70)', 'index': '37'}
2026-08-23 04:04:19.006 /testbed/rich/_ratio.py:57 rich._ratio.ratio_resolve event=line locals={}
2026-08-23 04:04:19.006 /testbed/rich/_ratio.py:58 rich._ratio.ratio_resolve event=line locals={'edge': 'FlexEdge(size=None, ratio=9, minimum_size=91)', 'index': '46'}
2026-08-23 04:04:19.006 /testbed/rich/_ratio.py:57 rich._ratio.ratio_resolve event=line locals={}
2026-08-23 04:04:19.006 /testbed/rich/_ratio.py:58 rich._ratio.ratio_resolve event=line locals={'edge': 'FlexEdge(size=None, ratio=10, minimum_size=102)', 'index': '47'}
2026-08-23 04:04:19.006 /testbed/rich/_ratio.py:57 rich._ratio.ratio_resolve event=line locals={}
2026-08-23 04:04:19.006 /testbed/rich/_ratio.py:58 rich._ratio.ratio_resolve event=line locals={'edge': 'FlexEdge(size=None, ratio=12, minimum_size=100)', 'index': '49'}
2026-08-23 04:04:19.006 /testbed/rich/_ratio.py:57 rich._ratio.ratio_resolve event=line locals={}
2026-08-23 04:04:19.006 /testbed/rich/_ratio.py:58 rich._ratio.ratio_resolve event=line locals={'edge': 'FlexEdge(size=None, ratio=13, minimum_size=113)', 'index': '50'}
2026-08-23 04:04:19.006 /testbed/rich/_ratio.py:57 rich._ratio.ratio_resolve event=line locals={}
2026-08-23 04:04:19.007 /testbed/rich/_ratio.py:58 rich._ratio.ratio_resolve event=line locals={'edge': 'FlexEdge(size=None, ratio=14, minimum_size=128)', 'index': '51'}
2026-08-23 04:04:19.007 /testbed/rich/_ratio.py:57 rich._ratio.ratio_resolve event=line locals={}
2026-08-23 04:04:19.007 /testbed/rich/_ratio.py:58 rich._ratio.ratio_resolve event=line locals={'edge': 'FlexEdge(size=None, ratio=16, minimum_size=116)', 'index': '53'}
2026-08-23 04:04:19.007 /testbed/rich/_ratio.py:57 rich._ratio.ratio_resolve event=line locals={}
2026-08-23 04:04:19.007 /testbed/rich/_ratio.py:58 rich._ratio.ratio_resolve event=line locals={'edge': 'FlexEdge(size=None, ratio=17, minimum_size=134)', 'index': '54'}
2026-08-23 04:04:19.007 /testbed/rich/_ratio.py:57 rich._ratio.ratio_resolve event=line locals={}
2026-08-23 04:04:19.007 /testbed/rich/_ratio.py:58 rich._ratio.ratio_resolve event=line locals={'edge': 'FlexEdge(size=None, ratio=18, minimum_size=111)', 'index': '55'}
2026-08-23 04:04:19.007 /testbed/rich/_ratio.py:57 rich._ratio.ratio_resolve event=line locals={}
2026-08-23 04:04:19.007 /testbed/rich/_ratio.py:58 rich._ratio.ratio_resolve event=line locals={'edge': 'FlexEdge(size=None, ratio=10, minimum_size=127)', 'index': '66'}
2026-08-23 04:04:19.008 /testbed/rich/_ratio.py:57 rich._ratio.ratio_resolve event=line locals={}
2026-08-23 04:04:19.008 /testbed/rich/_ratio.py:58 rich._ratio.ratio_resolve event=line locals={'edge': 'FlexEdge(size=None, ratio=11, minimum_size=141)', 'index': '67'}
2026-08-23 04:04:19.008 /testbed/rich/_ratio.py:57 rich._ratio.ratio_resolve event=line locals={}
2026-08-23 04:04:19.008 /testbed/rich/_ratio.py:58 rich._ratio.ratio_resolve event=line locals={'edge': 'FlexEdge(size=None, ratio=13, minimum_size=134)', 'index': '69'}
2026-08-23 04:04:19.008 /testbed/rich/_ratio.py:57 rich._ratio.ratio_resolve event=line locals={}
2026-08-23 04:04:19.008 /testbed/rich/_ratio.py:58 rich._ratio.ratio_resolve event=line locals={'edge': 'FlexEdge(size=None, ratio=14, minimum_size=147)', 'index': '70'}
2026-08-23 04:04:19.008 /testbed/rich/_ratio.py:57 rich._ratio.ratio_resolve event=line locals={}
2026-08-23 04:04:19.008 /testbed/rich/_ratio.py:58 rich._ratio.ratio_resolve event=line locals={'edge': 'FlexEdge(size=None, ratio=15, minimum_size=160)', 'index': '71'}
2026-08-23 04:04:19.008 /testbed/rich/_ratio.py:57 rich._ratio.ratio_resolve event=line locals={}
2026-08-23 04:04:19.009 /testbed/rich/_ratio.py:58 rich._ratio.ratio_resolve event=line locals={'edge': 'FlexEdge(size=None, ratio=17, minimum_size=155)', 'index': '73'}
2026-08-23 04:04:19.009 /testbed/rich/_ratio.py:57 rich._ratio.ratio_resolve event=line locals={}
2026-08-23 04:04:19.009 /testbed/rich/_ratio.py:58 rich._ratio.ratio_resolve event=line locals={'edge': 'FlexEdge(size=None, ratio=18, minimum_size=128)', 'index': '74'}
2026-08-23 04:04:19.009 /testbed/rich/_ratio.py:57 rich._ratio.ratio_resolve event=line locals={}
2026-08-23 04:04:19.009 /testbed/rich/_ratio.py:58 rich._ratio.ratio_resolve event=line locals={'edge': 'FlexEdge(size=None, ratio=19, minimum_size=147)', 'index': '75'}
2026-08-23 04:04:19.009 /testbed/rich/_ratio.py:57 rich._ratio.ratio_resolve event=line locals={}
2026-08-23 04:04:19.009 /testbed/rich/_ratio.py:58 rich._ratio.ratio_resolve event=line locals={'edge': 'FlexEdge(size=None, ratio=11, minimum_size=159)', 'index': '86'}
2026-08-23 04:04:19.009 /testbed/rich/_ratio.py:59 rich._ratio.ratio_resolve event=line locals={}
2026-08-23 04:04:19.009 /testbed/rich/_ratio.py:61 rich._ratio.ratio_resolve event=line locals={'sizes': '[None, None, None, None, 44, None, None, None, 56, None, None, None, 38, None, None, None, 72, None, None, 65, 52, 60, 70, None, 68, None, None, None, 102, None, None, None, 78, None, None, None, 101, None, 83, 100, 76, 92, 109, 86, 112, 117, None, None, 131, None, None, None, 110, None, None, None, 139, 104, 121, 132, 125, 127, 137, 121, 137, 144, None, None, 152, None, None, None, 151, None, None, None, 169, 138, 153, 166, 147, 164, 176, 153, 185, 180, 159, None, 200, None, None, None, 177, No...'}
2026-08-23 04:04:19.010 /testbed/rich/_ratio.py:36 rich._ratio.ratio_resolve event=line locals={}
2026-08-23 04:04:19.010 /testbed/rich/_ratio.py:38 rich._ratio.ratio_resolve event=line locals={}
2026-08-23 04:04:19.010 /testbed/rich/_ratio.py:40 rich._ratio.ratio_resolve event=line locals={}
2026-08-23 04:04:19.010 /testbed/rich/_ratio.py:38 rich._ratio.ratio_resolve event=line locals={}
2026-08-23 04:04:19.010 /testbed/rich/_ratio.py:44 rich._ratio.ratio_resolve event=line locals={}
2026-08-23 04:04:19.011 /testbed/rich/_ratio.py:45 rich._ratio.ratio_resolve event=line locals={'remaining': '8515'}
2026-08-23 04:04:19.011 /testbed/rich/_ratio.py:52 rich._ratio.ratio_resolve event=line locals={}
2026-08-23 04:04:19.011 /testbed/rich/_ratio.py:53 rich._ratio.ratio_resolve event=line locals={}
2026-08-23 04:04:19.011 /testbed/rich/_ratio.py:52 rich._ratio.ratio_resolve event=line locals={}
2026-08-23 04:04:19.011 /testbed/rich/_ratio.py:57 rich._ratio.ratio_resolve event=line locals={'portion': 'Fraction(655, 46)'}
2026-08-23 04:04:19.011 /testbed/rich/_ratio.py:58 rich._ratio.ratio_resolve event=line locals={'edge': 'FlexEdge(size=None, ratio=1, minimum_size=11)', 'index': '0'}
2026-08-23 04:04:19.012 /testbed/rich/_ratio.py:57 rich._ratio.ratio_resolve event=line locals={}
2026-08-23 04:04:19.012 /testbed/rich/_ratio.py:58 rich._ratio.ratio_resolve event=line locals={'edge': 'FlexEdge(size=None, ratio=2, minimum_size=25)', 'index': '1'}
2026-08-23 04:04:19.012 /testbed/rich/_ratio.py:57 rich._ratio.ratio_resolve event=line locals={}
2026-08-23 04:04:19.012 /testbed/rich/_ratio.py:58 rich._ratio.ratio_resolve event=line locals={'edge': 'FlexEdge(size=None, ratio=3, minimum_size=34)', 'index': '2'}
2026-08-23 04:04:19.012 /testbed/rich/_ratio.py:57 rich._ratio.ratio_resolve event=line locals={}
2026-08-23 04:04:19.012 /testbed/rich/_ratio.py:58 rich._ratio.ratio_resolve event=line locals={'edge': 'FlexEdge(size=None, ratio=4, minimum_size=19)', 'index': '3'}
2026-08-23 04:04:19.012 /testbed/rich/_ratio.py:57 rich._ratio.ratio_resolve event=line locals={}
2026-08-23 04:04:19.012 /testbed/rich/_ratio.py:58 rich._ratio.ratio_resolve event=line locals={'edge': 'FlexEdge(size=None, ratio=6, minimum_size=44)', 'index': '5'}
2026-08-23 04:04:19.012 /testbed/rich/_ratio.py:57 rich._ratio.ratio_resolve event=line locals={}
2026-08-23 04:04:19.012 /testbed/rich/_ratio.py:58 rich._ratio.ratio_resolve event=line locals={'edge': 'FlexEdge(size=None, ratio=7, minimum_size=25)', 'index': '6'}
2026-08-23 04:04:19.013 /testbed/rich/_ratio.py:57 rich._ratio.ratio_resolve event=line locals={}
2026-08-23 04:04:19.013 /testbed/rich/_ratio.py:58 rich._ratio.ratio_resolve event=line locals={'edge': 'FlexEdge(size=None, ratio=8, minimum_size=38)', 'index': '7'}
2026-08-23 04:04:19.013 /testbed/rich/_ratio.py:57 rich._ratio.ratio_resolve event=line locals={}
2026-08-23 04:04:19.013 /testbed/rich/_ratio.py:58 rich._ratio.ratio_resolve event=line locals={'edge': 'FlexEdge(size=None, ratio=10, minimum_size=30)', 'index': '9'}
2026-08-23 04:04:19.013 /testbed/rich/_ratio.py:57 rich._ratio.ratio_resolve event=line locals={}
2026-08-23 04:04:19.013 /testbed/rich/_ratio.py:58 rich._ratio.ratio_resolve event=line locals={'edge': 'FlexEdge(size=None, ratio=11, minimum_size=45)', 'index': '10'}
2026-08-23 04:04:19.013 /testbed/rich/_ratio.py:57 rich._ratio.ratio_resolve event=line locals={}
2026-08-23 04:04:19.013 /testbed/rich/_ratio.py:58 rich._ratio.ratio_resolve event=line locals={'edge': 'FlexEdge(size=None, ratio=12, minimum_size=55)', 'index': '11'}
2026-08-23 04:04:19.014 /testbed/rich/_ratio.py:57 rich._ratio.ratio_resolve event=line locals={}
2026-08-23 04:04:19.014 /testbed/rich/_ratio.py:58 rich._ratio.ratio_resolve event=line locals={'edge': 'FlexEdge(size=None, ratio=14, minimum_size=49)', 'index': '13'}
2026-08-23 04:04:19.014 /testbed/rich/_ratio.py:57 rich._ratio.ratio_resolve event=line locals={}
2026-08-23 04:04:19.014 /testbed/rich/_ratio.py:58 rich._ratio.ratio_resolve event=line locals={'edge': 'FlexEdge(size=None, ratio=15, minimum_size=63)', 'index': '14'}
2026-08-23 04:04:19.014 /testbed/rich/_ratio.py:57 rich._ratio.ratio_resolve event=line locals={}
2026-08-23 04:04:19.014 /testbed/rich/_ratio.py:58 rich._ratio.ratio_resolve event=line locals={'edge': 'FlexEdge(size=None, ratio=16, minimum_size=43)', 'index': '15'}
2026-08-23 04:04:19.014 /testbed/rich/_ratio.py:57 rich._ratio.ratio_resolve event=line locals={}
2026-08-23 04:04:19.014 /testbed/rich/_ratio.py:58 rich._ratio.ratio_resolve event=line locals={'edge': 'FlexEdge(size=None, ratio=18, minimum_size=71)', 'index': '17'}
2026-08-23 04:04:19.014 /testbed/rich/_ratio.py:57 rich._ratio.ratio_resolve event=line locals={}
2026-08-23 04:04:19.014 /testbed/rich/_ratio.py:58 rich._ratio.ratio_resolve event=line locals={'edge': 'FlexEdge(size=None, ratio=19, minimum_size=51)', 'index': '18'}
2026-08-23 04:04:19.015 /testbed/rich/_ratio.py:57 rich._ratio.ratio_resolve event=line locals={}
2026-08-23 04:04:19.015 /testbed/rich/_ratio.py:58 rich._ratio.ratio_resolve event=line locals={'edge': 'FlexEdge(size=None, ratio=5, minimum_size=50)', 'index': '23'}
2026-08-23 04:04:19.015 /testbed/rich/_ratio.py:57 rich._ratio.ratio_resolve event=line locals={}
2026-08-23 04:04:19.015 /testbed/rich/_ratio.py:58 rich._ratio.ratio_resolve event=line locals={'edge': 'FlexEdge(size=None, ratio=7, minimum_size=81)', 'index': '25'}
2026-08-23 04:04:19.015 /testbed/rich/_ratio.py:57 rich._ratio.ratio_resolve event=line locals={}
2026-08-23 04:04:19.015 /testbed/rich/_ratio.py:58 rich._ratio.ratio_resolve event=line locals={'edge': 'FlexEdge(size=None, ratio=8, minimum_size=53)', 'index': '26'}
2026-08-23 04:04:19.015 /testbed/rich/_ratio.py:57 rich._ratio.ratio_resolve event=line locals={}
2026-08-23 04:04:19.015 /testbed/rich/_ratio.py:58 rich._ratio.ratio_resolve event=line locals={'edge': 'FlexEdge(size=None, ratio=9, minimum_size=72)', 'index': '27'}
2026-08-23 04:04:19.016 /testbed/rich/_ratio.py:57 rich._ratio.ratio_resolve event=line locals={}
2026-08-23 04:04:19.016 /testbed/rich/_ratio.py:58 rich._ratio.ratio_resolve event=line locals={'edge': 'FlexEdge(size=None, ratio=11, minimum_size=61)', 'index': '29'}
2026-08-23 04:04:19.016 /testbed/rich/_ratio.py:57 rich._ratio.ratio_resolve event=line locals={}
2026-08-23 04:04:19.016 /testbed/rich/_ratio.py:58 rich._ratio.ratio_resolve event=line locals={'edge': 'FlexEdge(size=None, ratio=12, minimum_size=80)', 'index': '30'}
2026-08-23 04:04:19.016 /testbed/rich/_ratio.py:57 rich._ratio.ratio_resolve event=line locals={}
2026-08-23 04:04:19.016 /testbed/rich/_ratio.py:58 rich._ratio.ratio_resolve event=line locals={'edge': 'FlexEdge(size=None, ratio=13, minimum_size=94)', 'index': '31'}
2026-08-23 04:04:19.016 /testbed/rich/_ratio.py:57 rich._ratio.ratio_resolve event=line locals={}
2026-08-23 04:04:19.016 /testbed/rich/_ratio.py:58 rich._ratio.ratio_resolve event=line locals={'edge': 'FlexEdge(size=None, ratio=15, minimum_size=87)', 'index': '33'}
2026-08-23 04:04:19.016 /testbed/rich/_ratio.py:57 rich._ratio.ratio_resolve event=line locals={}
2026-08-23 04:04:19.017 /testbed/rich/_ratio.py:58 rich._ratio.ratio_resolve event=line locals={'edge': 'FlexEdge(size=None, ratio=16, minimum_size=98)', 'index': '34'}
2026-08-23 04:04:19.017 /testbed/rich/_ratio.py:57 rich._ratio.ratio_resolve event=line locals={}
2026-08-23 04:04:19.017 /testbed/rich/_ratio.py:58 rich._ratio.ratio_resolve event=line locals={'edge': 'FlexEdge(size=None, ratio=17, minimum_size=74)', 'index': '35'}
2026-08-23 04:04:19.017 /testbed/rich/_ratio.py:57 rich._ratio.ratio_resolve event=line locals={}
2026-08-23 04:04:19.017 /testbed/rich/_ratio.py:58 rich._ratio.ratio_resolve event=line locals={'edge': 'FlexEdge(size=None, ratio=19, minimum_size=70)', 'index': '37'}
2026-08-23 04:04:19.017 /testbed/rich/_ratio.py:57 rich._ratio.ratio_resolve event=line locals={}
2026-08-23 04:04:19.017 /testbed/rich/_ratio.py:58 rich._ratio.ratio_resolve event=line locals={'edge': 'FlexEdge(size=None, ratio=9, minimum_size=91)', 'index': '46'}
2026-08-23 04:04:19.017 /testbed/rich/_ratio.py:57 rich._ratio.ratio_resolve event=line locals={}
2026-08-23 04:04:19.017 /testbed/rich/_ratio.py:58 rich._ratio.ratio_resolve event=line locals={'edge': 'FlexEdge(size=None, ratio=10, minimum_size=102)', 'index': '47'}
2026-08-23 04:04:19.018 /testbed/rich/_ratio.py:57 rich._ratio.ratio_resolve event=line locals={}
2026-08-23 04:04:19.018 /testbed/rich/_ratio.py:58 rich._ratio.ratio_resolve event=line locals={'edge': 'FlexEdge(size=None, ratio=12, minimum_size=100)', 'index': '49'}
2026-08-23 04:04:19.018 /testbed/rich/_ratio.py:57 rich._ratio.ratio_resolve event=line locals={}
2026-08-23 04:04:19.018 /testbed/rich/_ratio.py:58 rich._ratio.ratio_resolve event=line locals={'edge': 'FlexEdge(size=None, ratio=13, minimum_size=113)', 'index': '50'}
2026-08-23 04:04:19.018 /testbed/rich/_ratio.py:57 rich._ratio.ratio_resolve event=line locals={}
2026-08-23 04:04:19.018 /testbed/rich/_ratio.py:58 rich._ratio.ratio_resolve event=line locals={'edge': 'FlexEdge(size=None, ratio=14, minimum_size=128)', 'index': '51'}
2026-08-23 04:04:19.018 /testbed/rich/_ratio.py:57 rich._ratio.ratio_resolve event=line locals={}
2026-08-23 04:04:19.018 /testbed/rich/_ratio.py:58 rich._ratio.ratio_resolve event=line locals={'edge': 'FlexEdge(size=None, ratio=16, minimum_size=116)', 'index': '53'}
2026-08-23 04:04:19.019 /testbed/rich/_ratio.py:57 rich._ratio.ratio_resolve event=line locals={}
2026-08-23 04:04:19.019 /testbed/rich/_ratio.py:58 rich._ratio.ratio_resolve event=line locals={'edge': 'FlexEdge(size=None, ratio=17, minimum_size=134)', 'index': '54'}
2026-08-23 04:04:19.019 /testbed/rich/_ratio.py:57 rich._ratio.ratio_resolve event=line locals={}
2026-08-23 04:04:19.019 /testbed/rich/_ratio.py:58 rich._ratio.ratio_resolve event=line locals={'edge': 'FlexEdge(size=None, ratio=18, minimum_size=111)', 'index': '55'}
2026-08-23 04:04:19.019 /testbed/rich/_ratio.py:57 rich._ratio.ratio_resolve event=line locals={}
2026-08-23 04:04:19.019 /testbed/rich/_ratio.py:58 rich._ratio.ratio_resolve event=line locals={'edge': 'FlexEdge(size=None, ratio=10, minimum_size=127)', 'index': '66'}
2026-08-23 04:04:19.019 /testbed/rich/_ratio.py:57 rich._ratio.ratio_resolve event=line locals={}
2026-08-23 04:04:19.019 /testbed/rich/_ratio.py:58 rich._ratio.ratio_resolve event=line locals={'edge': 'FlexEdge(size=None, ratio=11, minimum_size=141)', 'index': '67'}
2026-08-23 04:04:19.019 /testbed/rich/_ratio.py:57 rich._ratio.ratio_resolve event=line locals={}
2026-08-23 04:04:19.020 /testbed/rich/_ratio.py:58 rich._ratio.ratio_resolve event=line locals={'edge': 'FlexEdge(size=None, ratio=13, minimum_size=134)', 'index': '69'}
2026-08-23 04:04:19.020 /testbed/rich/_ratio.py:57 rich._ratio.ratio_resolve event=line locals={}
2026-08-23 04:04:19.020 /testbed/rich/_ratio.py:58 rich._ratio.ratio_resolve event=line locals={'edge': 'FlexEdge(size=None, ratio=14, minimum_size=147)', 'index': '70'}
2026-08-23 04:04:19.020 /testbed/rich/_ratio.py:57 rich._ratio.ratio_resolve event=line locals={}
2026-08-23 04:04:19.020 /testbed/rich/_ratio.py:58 rich._ratio.ratio_resolve event=line locals={'edge': 'FlexEdge(size=None, ratio=15, minimum_size=160)', 'index': '71'}
2026-08-23 04:04:19.020 /testbed/rich/_ratio.py:57 rich._ratio.ratio_resolve event=line locals={}
2026-08-23 04:04:19.020 /testbed/rich/_ratio.py:58 rich._ratio.ratio_resolve event=line locals={'edge': 'FlexEdge(size=None, ratio=17, minimum_size=155)', 'index': '73'}
2026-08-23 04:04:19.020 /testbed/rich/_ratio.py:57 rich._ratio.ratio_resolve event=line locals={}
2026-08-23 04:04:19.020 /testbed/rich/_ratio.py:58 rich._ratio.ratio_resolve event=line locals={'edge': 'FlexEdge(size=None, ratio=18, minimum_size=128)', 'index': '74'}
2026-08-23 04:04:19.021 /testbed/rich/_ratio.py:57 rich._ratio.ratio_resolve event=line locals={}
2026-08-23 04:04:19.021 /testbed/rich/_ratio.py:58 rich._ratio.ratio_resolve event=line locals={'edge': 'FlexEdge(size=None, ratio=19, minimum_size=147)', 'index': '75'}
2026-08-23 04:04:19.021 /testbed/rich/_ratio.py:57 rich._ratio.ratio_resolve event=line locals={}
2026-08-23 04:04:19.021 /testbed/rich/_ratio.py:58 rich._ratio.ratio_resolve event=line locals={'edge': 'FlexEdge(size=None, ratio=12, minimum_size=174)', 'index': '87'}
2026-08-23 04:04:19.021 /testbed/rich/_ratio.py:59 rich._ratio.ratio_resolve event=line locals={}
2026-08-23 04:04:19.021 /testbed/rich/_ratio.py:61 rich._ratio.ratio_resolve event=line locals={'sizes': '[None, None, None, None, 44, None, None, None, 56, None, None, None, 38, None, None, None, 72, None, None, 65, 52, 60, 70, None, 68, None, None, None, 102, None, None, None, 78, None, None, None, 101, None, 83, 100, 76, 92, 109, 86, 112, 117, None, None, 131, None, None, None, 110, None, None, None, 139, 104, 121, 132, 125, 127, 137, 121, 137, 144, None, None, 152, None, None, None, 151, None, None, None, 169, 138, 153, 166, 147, 164, 176, 153, 185, 180, 159, 174, 200, None, None, None, 177, Non...'}
2026-08-23 04:04:19.021 /testbed/rich/_ratio.py:36 rich._ratio.ratio_resolve event=line locals={}
2026-08-23 04:04:19.021 /testbed/rich/_ratio.py:38 rich._ratio.ratio_resolve event=line locals={}
2026-08-23 04:04:19.021 /testbed/rich/_ratio.py:40 rich._ratio.ratio_resolve event=line locals={}
2026-08-23 04:04:19.021 /testbed/rich/_ratio.py:38 rich._ratio.ratio_resolve event=line locals={}
2026-08-23 04:04:19.022 /testbed/rich/_ratio.py:44 rich._ratio.ratio_resolve event=line locals={}
2026-08-23 04:04:19.022 /testbed/rich/_ratio.py:45 rich._ratio.ratio_resolve event=line locals={'remaining': '8341'}
2026-08-23 04:04:19.022 /testbed/rich/_ratio.py:52 rich._ratio.ratio_resolve event=line locals={}
2026-08-23 04:04:19.023 /testbed/rich/_ratio.py:53 rich._ratio.ratio_resolve event=line locals={}
2026-08-23 04:04:19.023 /testbed/rich/_ratio.py:52 rich._ratio.ratio_resolve event=line locals={}
2026-08-23 04:04:19.023 /testbed/rich/_ratio.py:57 rich._ratio.ratio_resolve event=line locals={'portion': 'Fraction(8341, 586)'}
2026-08-23 04:04:19.023 /testbed/rich/_ratio.py:58 rich._ratio.ratio_resolve event=line locals={'edge': 'FlexEdge(size=None, ratio=1, minimum_size=11)', 'index': '0'}
2026-08-23 04:04:19.023 /testbed/rich/_ratio.py:57 rich._ratio.ratio_resolve event=line locals={}
2026-08-23 04:04:19.023 /testbed/rich/_ratio.py:58 rich._ratio.ratio_resolve event=line locals={'edge': 'FlexEdge(size=None, ratio=2, minimum_size=25)', 'index': '1'}
2026-08-23 04:04:19.023 /testbed/rich/_ratio.py:57 rich._ratio.ratio_resolve event=line locals={}
2026-08-23 04:04:19.023 /testbed/rich/_ratio.py:58 rich._ratio.ratio_resolve event=line locals={'edge': 'FlexEdge(size=None, ratio=3, minimum_size=34)', 'index': '2'}
2026-08-23 04:04:19.024 /testbed/rich/_ratio.py:57 rich._ratio.ratio_resolve event=line locals={}
2026-08-23 04:04:19.024 /testbed/rich/_ratio.py:58 rich._ratio.ratio_resolve event=line locals={'edge': 'FlexEdge(size=None, ratio=4, minimum_size=19)', 'index': '3'}
2026-08-23 04:04:19.024 /testbed/rich/_ratio.py:57 rich._ratio.ratio_resolve event=line locals={}
2026-08-23 04:04:19.024 /testbed/rich/_ratio.py:58 rich._ratio.ratio_resolve event=line locals={'edge': 'FlexEdge(size=None, ratio=6, minimum_size=44)', 'index': '5'}
2026-08-23 04:04:19.024 /testbed/rich/_ratio.py:57 rich._ratio.ratio_resolve event=line locals={}
2026-08-23 04:04:19.024 /testbed/rich/_ratio.py:58 rich._ratio.ratio_resolve event=line locals={'edge': 'FlexEdge(size=None, ratio=7, minimum_size=25)', 'index': '6'}
2026-08-23 04:04:19.024 /testbed/rich/_ratio.py:57 rich._ratio.ratio_resolve event=line locals={}
2026-08-23 04:04:19.024 /testbed/rich/_ratio.py:58 rich._ratio.ratio_resolve event=line locals={'edge': 'FlexEdge(size=None, ratio=8, minimum_size=38)', 'index': '7'}
2026-08-23 04:04:19.024 /testbed/rich/_ratio.py:57 rich._ratio.ratio_resolve event=line locals={}
2026-08-23 04:04:19.025 /testbed/rich/_ratio.py:58 rich._ratio.ratio_resolve event=line locals={'edge': 'FlexEdge(size=None, ratio=10, minimum_size=30)', 'index': '9'}
2026-08-23 04:04:19.025 /testbed/rich/_ratio.py:57 rich._ratio.ratio_resolve event=line locals={}
2026-08-23 04:04:19.025 /testbed/rich/_ratio.py:58 rich._ratio.ratio_resolve event=line locals={'edge': 'FlexEdge(size=None, ratio=11, minimum_size=45)', 'index': '10'}
2026-08-23 04:04:19.025 /testbed/rich/_ratio.py:57 rich._ratio.ratio_resolve event=line locals={}
2026-08-23 04:04:19.025 /testbed/rich/_ratio.py:58 rich._ratio.ratio_resolve event=line locals={'edge': 'FlexEdge(size=None, ratio=12, minimum_size=55)', 'index': '11'}
2026-08-23 04:04:19.025 /testbed/rich/_ratio.py:57 rich._ratio.ratio_resolve event=line locals={}
2026-08-23 04:04:19.025 /testbed/rich/_ratio.py:58 rich._ratio.ratio_resolve event=line locals={'edge': 'FlexEdge(size=None, ratio=14, minimum_size=49)', 'index': '13'}
2026-08-23 04:04:19.025 /testbed/rich/_ratio.py:57 rich._ratio.ratio_resolve event=line locals={}
2026-08-23 04:04:19.025 /testbed/rich/_ratio.py:58 rich._ratio.ratio_resolve event=line locals={'edge': 'FlexEdge(size=None, ratio=15, minimum_size=63)', 'index': '14'}
2026-08-23 04:04:19.026 /testbed/rich/_ratio.py:57 rich._ratio.ratio_resolve event=line locals={}
2026-08-23 04:04:19.026 /testbed/rich/_ratio.py:58 rich._ratio.ratio_resolve event=line locals={'edge': 'FlexEdge(size=None, ratio=16, minimum_size=43)', 'index': '15'}
2026-08-23 04:04:19.026 /testbed/rich/_ratio.py:57 rich._ratio.ratio_resolve event=line locals={}
2026-08-23 04:04:19.026 /testbed/rich/_ratio.py:58 rich._ratio.ratio_resolve event=line locals={'edge': 'FlexEdge(size=None, ratio=18, minimum_size=71)', 'index': '17'}
2026-08-23 04:04:19.026 /testbed/rich/_ratio.py:57 rich._ratio.ratio_resolve event=line locals={}
2026-08-23 04:04:19.026 /testbed/rich/_ratio.py:58 rich._ratio.ratio_resolve event=line locals={'edge': 'FlexEdge(size=None, ratio=19, minimum_size=51)', 'index': '18'}
2026-08-23 04:04:19.026 /testbed/rich/_ratio.py:57 rich._ratio.ratio_resolve event=line locals={}
2026-08-23 04:04:19.026 /testbed/rich/_ratio.py:58 rich._ratio.ratio_resolve event=line locals={'edge': 'FlexEdge(size=None, ratio=5, minimum_size=50)', 'index': '23'}
2026-08-23 04:04:19.026 /testbed/rich/_ratio.py:57 rich._ratio.ratio_resolve event=line locals={}
2026-08-23 04:04:19.027 /testbed/rich/_ratio.py:58 rich._ratio.ratio_resolve event=line locals={'edge': 'FlexEdge(size=None, ratio=7, minimum_size=81)', 'index': '25'}
2026-08-23 04:04:19.027 /testbed/rich/_ratio.py:57 rich._ratio.ratio_resolve event=line locals={}
2026-08-23 04:04:19.027 /testbed/rich/_ratio.py:58 rich._ratio.ratio_resolve event=line locals={'edge': 'FlexEdge(size=None, ratio=8, minimum_size=53)', 'index': '26'}
2026-08-23 04:04:19.027 /testbed/rich/_ratio.py:57 rich._ratio.ratio_resolve event=line locals={}
2026-08-23 04:04:19.027 /testbed/rich/_ratio.py:58 rich._ratio.ratio_resolve event=line locals={'edge': 'FlexEdge(size=None, ratio=9, minimum_size=72)', 'index': '27'}
2026-08-23 04:04:19.027 /testbed/rich/_ratio.py:57 rich._ratio.ratio_resolve event=line locals={}
2026-08-23 04:04:19.027 /testbed/rich/_ratio.py:58 rich._ratio.ratio_resolve event=line locals={'edge': 'FlexEdge(size=None, ratio=11, minimum_size=61)', 'index': '29'}
2026-08-23 04:04:19.027 /testbed/rich/_ratio.py:57 rich._ratio.ratio_resolve event=line locals={}
2026-08-23 04:04:19.027 /testbed/rich/_ratio.py:58 rich._ratio.ratio_resolve event=line locals={'edge': 'FlexEdge(size=None, ratio=12, minimum_size=80)', 'index': '30'}
2026-08-23 04:04:19.028 /testbed/rich/_ratio.py:57 rich._ratio.ratio_resolve event=line locals={}
2026-08-23 04:04:19.028 /testbed/rich/_ratio.py:58 rich._ratio.ratio_resolve event=line locals={'edge': 'FlexEdge(size=None, ratio=13, minimum_size=94)', 'index': '31'}
2026-08-23 04:04:19.028 /testbed/rich/_ratio.py:57 rich._ratio.ratio_resolve event=line locals={}
2026-08-23 04:04:19.028 /testbed/rich/_ratio.py:58 rich._ratio.ratio_resolve event=line locals={'edge': 'FlexEdge(size=None, ratio=15, minimum_size=87)', 'index': '33'}
2026-08-23 04:04:19.028 /testbed/rich/_ratio.py:57 rich._ratio.ratio_resolve event=line locals={}
2026-08-23 04:04:19.028 /testbed/rich/_ratio.py:58 rich._ratio.ratio_resolve event=line locals={'edge': 'FlexEdge(size=None, ratio=16, minimum_size=98)', 'index': '34'}
2026-08-23 04:04:19.028 /testbed/rich/_ratio.py:57 rich._ratio.ratio_resolve event=line locals={}
2026-08-23 04:04:19.028 /testbed/rich/_ratio.py:58 rich._ratio.ratio_resolve event=line locals={'edge': 'FlexEdge(size=None, ratio=17, minimum_size=74)', 'index': '35'}
2026-08-23 04:04:19.028 /testbed/rich/_ratio.py:57 rich._ratio.ratio_resolve event=line locals={}
2026-08-23 04:04:19.028 /testbed/rich/_ratio.py:58 rich._ratio.ratio_resolve event=line locals={'edge': 'FlexEdge(size=None, ratio=19, minimum_size=70)', 'index': '37'}
2026-08-23 04:04:19.029 /testbed/rich/_ratio.py:57 rich._ratio.ratio_resolve event=line locals={}
2026-08-23 04:04:19.029 /testbed/rich/_ratio.py:58 rich._ratio.ratio_resolve event=line locals={'edge': 'FlexEdge(size=None, ratio=9, minimum_size=91)', 'index': '46'}
2026-08-23 04:04:19.029 /testbed/rich/_ratio.py:57 rich._ratio.ratio_resolve event=line locals={}
2026-08-23 04:04:19.029 /testbed/rich/_ratio.py:58 rich._ratio.ratio_resolve event=line locals={'edge': 'FlexEdge(size=None, ratio=10, minimum_size=102)', 'index': '47'}
2026-08-23 04:04:19.029 /testbed/rich/_ratio.py:57 rich._ratio.ratio_resolve event=line locals={}
2026-08-23 04:04:19.029 /testbed/rich/_ratio.py:58 rich._ratio.ratio_resolve event=line locals={'edge': 'FlexEdge(size=None, ratio=12, minimum_size=100)', 'index': '49'}
2026-08-23 04:04:19.029 /testbed/rich/_ratio.py:57 rich._ratio.ratio_resolve event=line locals={}
2026-08-23 04:04:19.029 /testbed/rich/_ratio.py:58 rich._ratio.ratio_resolve event=line locals={'edge': 'FlexEdge(size=None, ratio=13, minimum_size=113)', 'index': '50'}
2026-08-23 04:04:19.029 /testbed/rich/_ratio.py:57 rich._ratio.ratio_resolve event=line locals={}
2026-08-23 04:04:19.030 /testbed/rich/_ratio.py:58 rich._ratio.ratio_resolve event=line locals={'edge': 'FlexEdge(size=None, ratio=14, minimum_size=128)', 'index': '51'}
2026-08-23 04:04:19.030 /testbed/rich/_ratio.py:57 rich._ratio.ratio_resolve event=line locals={}
2026-08-23 04:04:19.030 /testbed/rich/_ratio.py:58 rich._ratio.ratio_resolve event=line locals={'edge': 'FlexEdge(size=None, ratio=16, minimum_size=116)', 'index': '53'}
2026-08-23 04:04:19.030 /testbed/rich/_ratio.py:57 rich._ratio.ratio_resolve event=line locals={}
2026-08-23 04:04:19.030 /testbed/rich/_ratio.py:58 rich._ratio.ratio_resolve event=line locals={'edge': 'FlexEdge(size=None, ratio=17, minimum_size=134)', 'index': '54'}
2026-08-23 04:04:19.030 /testbed/rich/_ratio.py:57 rich._ratio.ratio_resolve event=line locals={}
2026-08-23 04:04:19.030 /testbed/rich/_ratio.py:58 rich._ratio.ratio_resolve event=line locals={'edge': 'FlexEdge(size=None, ratio=18, minimum_size=111)', 'index': '55'}
2026-08-23 04:04:19.030 /testbed/rich/_ratio.py:57 rich._ratio.ratio_resolve event=line locals={}
2026-08-23 04:04:19.030 /testbed/rich/_ratio.py:58 rich._ratio.ratio_resolve event=line locals={'edge': 'FlexEdge(size=None, ratio=10, minimum_size=127)', 'index': '66'}
2026-08-23 04:04:19.031 /testbed/rich/_ratio.py:57 rich._ratio.ratio_resolve event=line locals={}
2026-08-23 04:04:19.031 /testbed/rich/_ratio.py:58 rich._ratio.ratio_resolve event=line locals={'edge': 'FlexEdge(size=None, ratio=11, minimum_size=141)', 'index': '67'}
2026-08-23 04:04:19.031 /testbed/rich/_ratio.py:57 rich._ratio.ratio_resolve event=line locals={}
2026-08-23 04:04:19.031 /testbed/rich/_ratio.py:58 rich._ratio.ratio_resolve event=line locals={'edge': 'FlexEdge(size=None, ratio=13, minimum_size=134)', 'index': '69'}
2026-08-23 04:04:19.031 /testbed/rich/_ratio.py:57 rich._ratio.ratio_resolve event=line locals={}
2026-08-23 04:04:19.031 /testbed/rich/_ratio.py:58 rich._ratio.ratio_resolve event=line locals={'edge': 'FlexEdge(size=None, ratio=14, minimum_size=147)', 'index': '70'}
2026-08-23 04:04:19.031 /testbed/rich/_ratio.py:57 rich._ratio.ratio_resolve event=line locals={}
2026-08-23 04:04:19.031 /testbed/rich/_ratio.py:58 rich._ratio.ratio_resolve event=line locals={'edge': 'FlexEdge(size=None, ratio=15, minimum_size=160)', 'index': '71'}
2026-08-23 04:04:19.031 /testbed/rich/_ratio.py:57 rich._ratio.ratio_resolve event=line locals={}
2026-08-23 04:04:19.032 /testbed/rich/_ratio.py:58 rich._ratio.ratio_resolve event=line locals={'edge': 'FlexEdge(size=None, ratio=17, minimum_size=155)', 'index': '73'}
2026-08-23 04:04:19.032 /testbed/rich/_ratio.py:57 rich._ratio.ratio_resolve event=line locals={}
2026-08-23 04:04:19.032 /testbed/rich/_ratio.py:58 rich._ratio.ratio_resolve event=line locals={'edge': 'FlexEdge(size=None, ratio=18, minimum_size=128)', 'index': '74'}
2026-08-23 04:04:19.032 /testbed/rich/_ratio.py:57 rich._ratio.ratio_resolve event=line locals={}
2026-08-23 04:04:19.032 /testbed/rich/_ratio.py:58 rich._ratio.ratio_resolve event=line locals={'edge': 'FlexEdge(size=None, ratio=19, minimum_size=147)', 'index': '75'}
2026-08-23 04:04:19.032 /testbed/rich/_ratio.py:57 rich._ratio.ratio_resolve event=line locals={}
2026-08-23 04:04:19.032 /testbed/rich/_ratio.py:58 rich._ratio.ratio_resolve event=line locals={'edge': 'FlexEdge(size=None, ratio=14, minimum_size=163)', 'index': '89'}
2026-08-23 04:04:19.032 /testbed/rich/_ratio.py:57 rich._ratio.ratio_resolve event=line locals={}
2026-08-23 04:04:19.032 /testbed/rich/_ratio.py:58 rich._ratio.ratio_resolve event=line locals={'edge': 'FlexEdge(size=None, ratio=15, minimum_size=182)', 'index': '90'}
2026-08-23 04:04:19.033 /testbed/rich/_ratio.py:57 rich._ratio.ratio_resolve event=line locals={}
2026-08-23 04:04:19.033 /testbed/rich/_ratio.py:58 rich._ratio.ratio_resolve event=line locals={'edge': 'FlexEdge(size=None, ratio=16, minimum_size=194)', 'index': '91'}
2026-08-23 04:04:19.033 /testbed/rich/_ratio.py:57 rich._ratio.ratio_resolve event=line locals={}
2026-08-23 04:04:19.033 /testbed/rich/_ratio.py:58 rich._ratio.ratio_resolve event=line locals={'edge': 'FlexEdge(size=None, ratio=18, minimum_size=190)', 'index': '93'}
2026-08-23 04:04:19.033 /testbed/rich/_ratio.py:57 rich._ratio.ratio_resolve event=line locals={}
2026-08-23 04:04:19.033 /testbed/rich/_ratio.py:58 rich._ratio.ratio_resolve event=line locals={'edge': 'FlexEdge(size=None, ratio=19, minimum_size=164)', 'index': '94'}
2026-08-23 04:04:19.033 /testbed/rich/_ratio.py:57 rich._ratio.ratio_resolve event=line locals={}
2026-08-23 04:04:19.033 /testbed/rich/_ratio.py:66 rich._ratio.ratio_resolve event=line locals={}
2026-08-23 04:04:19.033 /testbed/rich/_ratio.py:67 rich._ratio.ratio_resolve event=line locals={'remainder': 'Fraction(0, 1)'}
2026-08-23 04:04:19.033 /testbed/rich/_ratio.py:68 rich._ratio.ratio_resolve event=line locals={'edge': 'FlexEdge(size=None, ratio=1, minimum_size=11)', 'index': '0'}
2026-08-23 04:04:19.034 /testbed/rich/_ratio.py:69 rich._ratio.ratio_resolve event=line locals={'remainder': 'Fraction(137, 586)', 'size': '14'}
2026-08-23 04:04:19.034 /testbed/rich/_ratio.py:67 rich._ratio.ratio_resolve event=line locals={'sizes': '[14, None, None, None, 44, None, None, None, 56, None, None, None, 38, None, None, None, 72, None, None, 65, 52, 60, 70, None, 68, None, None, None, 102, None, None, None, 78, None, None, None, 101, None, 83, 100, 76, 92, 109, 86, 112, 117, None, None, 131, None, None, None, 110, None, None, None, 139, 104, 121, 132, 125, 127, 137, 121, 137, 144, None, None, 152, None, None, None, 151, None, None, None, 169, 138, 153, 166, 147, 164, 176, 153, 185, 180, 159, 174, 200, None, None, None, 177, None,...'}
2026-08-23 04:04:19.034 /testbed/rich/_ratio.py:68 rich._ratio.ratio_resolve event=line locals={'edge': 'FlexEdge(size=None, ratio=2, minimum_size=25)', 'index': '1'}
2026-08-23 04:04:19.034 /testbed/rich/_ratio.py:69 rich._ratio.ratio_resolve event=line locals={'remainder': 'Fraction(411, 586)', 'size': '28'}
2026-08-23 04:04:19.034 /testbed/rich/_ratio.py:67 rich._ratio.ratio_resolve event=line locals={'sizes': '[14, 28, None, None, 44, None, None, None, 56, None, None, None, 38, None, None, None, 72, None, None, 65, 52, 60, 70, None, 68, None, None, None, 102, None, None, None, 78, None, None, None, 101, None, 83, 100, 76, 92, 109, 86, 112, 117, None, None, 131, None, None, None, 110, None, None, None, 139, 104, 121, 132, 125, 127, 137, 121, 137, 144, None, None, 152, None, None, None, 151, None, None, None, 169, 138, 153, 166, 147, 164, 176, 153, 185, 180, 159, 174, 200, None, None, None, 177, None, N...'}
2026-08-23 04:04:19.034 /testbed/rich/_ratio.py:68 rich._ratio.ratio_resolve event=line locals={'edge': 'FlexEdge(size=None, ratio=3, minimum_size=34)', 'index': '2'}
2026-08-23 04:04:19.034 /testbed/rich/_ratio.py:69 rich._ratio.ratio_resolve event=line locals={'remainder': 'Fraction(118, 293)', 'size': '43'}
2026-08-23 04:04:19.035 /testbed/rich/_ratio.py:67 rich._ratio.ratio_resolve event=line locals={'sizes': '[14, 28, 43, None, 44, None, None, None, 56, None, None, None, 38, None, None, None, 72, None, None, 65, 52, 60, 70, None, 68, None, None, None, 102, None, None, None, 78, None, None, None, 101, None, 83, 100, 76, 92, 109, 86, 112, 117, None, None, 131, None, None, None, 110, None, None, None, 139, 104, 121, 132, 125, 127, 137, 121, 137, 144, None, None, 152, None, None, None, 151, None, None, None, 169, 138, 153, 166, 147, 164, 176, 153, 185, 180, 159, 174, 200, None, None, None, 177, None, Non...'}
2026-08-23 04:04:19.035 /testbed/rich/_ratio.py:68 rich._ratio.ratio_resolve event=line locals={'edge': 'FlexEdge(size=None, ratio=4, minimum_size=19)', 'index': '3'}
2026-08-23 04:04:19.035 /testbed/rich/_ratio.py:69 rich._ratio.ratio_resolve event=line locals={'remainder': 'Fraction(99, 293)', 'size': '57'}
2026-08-23 04:04:19.035 /testbed/rich/_ratio.py:67 rich._ratio.ratio_resolve event=line locals={'sizes': '[14, 28, 43, 57, 44, None, None, None, 56, None, None, None, 38, None, None, None, 72, None, None, 65, 52, 60, 70, None, 68, None, None, None, 102, None, None, None, 78, None, None, None, 101, None, 83, 100, 76, 92, 109, 86, 112, 117, None, None, 131, None, None, None, 110, None, None, None, 139, 104, 121, 132, 125, 127, 137, 121, 137, 144, None, None, 152, None, None, None, 151, None, None, None, 169, 138, 153, 166, 147, 164, 176, 153, 185, 180, 159, 174, 200, None, None, None, 177, None, None]'}
2026-08-23 04:04:19.035 /testbed/rich/_ratio.py:68 rich._ratio.ratio_resolve event=line locals={'edge': 'FlexEdge(size=None, ratio=6, minimum_size=44)', 'index': '5'}
2026-08-23 04:04:19.035 /testbed/rich/_ratio.py:69 rich._ratio.ratio_resolve event=line locals={'remainder': 'Fraction(217, 293)', 'size': '85'}
2026-08-23 04:04:19.035 /testbed/rich/_ratio.py:67 rich._ratio.ratio_resolve event=line locals={'sizes': '[14, 28, 43, 57, 44, 85, None, None, 56, None, None, None, 38, None, None, None, 72, None, None, 65, 52, 60, 70, None, 68, None, None, None, 102, None, None, None, 78, None, None, None, 101, None, 83, 100, 76, 92, 109, 86, 112, 117, None, None, 131, None, None, None, 110, None, None, None, 139, 104, 121, 132, 125, 127, 137, 121, 137, 144, None, None, 152, None, None, None, 151, None, None, None, 169, 138, 153, 166, 147, 164, 176, 153, 185, 180, 159, 174, 200, None, None, None, 177, None, None]'}
2026-08-23 04:04:19.035 /testbed/rich/_ratio.py:68 rich._ratio.ratio_resolve event=line locals={'edge': 'FlexEdge(size=None, ratio=7, minimum_size=25)', 'index': '6'}
2026-08-23 04:04:19.036 /testbed/rich/_ratio.py:69 rich._ratio.ratio_resolve event=line locals={'remainder': 'Fraction(221, 586)', 'size': '100'}
2026-08-23 04:04:19.036 /testbed/rich/_ratio.py:67 rich._ratio.ratio_resolve event=line locals={'sizes': '[14, 28, 43, 57, 44, 85, 100, None, 56, None, None, None, 38, None, None, None, 72, None, None, 65, 52, 60, 70, None, 68, None, None, None, 102, None, None, None, 78, None, None, None, 101, None, 83, 100, 76, 92, 109, 86, 112, 117, None, None, 131, None, None, None, 110, None, None, None, 139, 104, 121, 132, 125, 127, 137, 121, 137, 144, None, None, 152, None, None, None, 151, None, None, None, 169, 138, 153, 166, 147, 164, 176, 153, 185, 180, 159, 174, 200, None, None, None, 177, None, None]'}
2026-08-23 04:04:19.036 /testbed/rich/_ratio.py:68 rich._ratio.ratio_resolve event=line locals={'edge': 'FlexEdge(size=None, ratio=8, minimum_size=38)', 'index': '7'}
2026-08-23 04:04:19.036 /testbed/rich/_ratio.py:69 rich._ratio.ratio_resolve event=line locals={'remainder': 'Fraction(145, 586)', 'size': '114'}
2026-08-23 04:04:19.036 /testbed/rich/_ratio.py:67 rich._ratio.ratio_resolve event=line locals={'sizes': '[14, 28, 43, 57, 44, 85, 100, 114, 56, None, None, None, 38, None, None, None, 72, None, None, 65, 52, 60, 70, None, 68, None, None, None, 102, None, None, None, 78, None, None, None, 101, None, 83, 100, 76, 92, 109, 86, 112, 117, None, None, 131, None, None, None, 110, None, None, None, 139, 104, 121, 132, 125, 127, 137, 121, 137, 144, None, None, 152, None, None, None, 151, None, None, None, 169, 138, 153, 166, 147, 164, 176, 153, 185, 180, 159, 174, 200, None, None, None, 177, None, None]'}
2026-08-23 04:04:19.036 /testbed/rich/_ratio.py:68 rich._ratio.ratio_resolve event=line locals={'edge': 'FlexEdge(size=None, ratio=10, minimum_size=30)', 'index': '9'}
2026-08-23 04:04:19.036 /testbed/rich/_ratio.py:69 rich._ratio.ratio_resolve event=line locals={'remainder': 'Fraction(343, 586)', 'size': '142'}
2026-08-23 04:04:19.036 /testbed/rich/_ratio.py:67 rich._ratio.ratio_resolve event=line locals={'sizes': '[14, 28, 43, 57, 44, 85, 100, 114, 56, 142, None, None, 38, None, None, None, 72, None, None, 65, 52, 60, 70, None, 68, None, None, None, 102, None, None, None, 78, None, None, None, 101, None, 83, 100, 76, 92, 109, 86, 112, 117, None, None, 131, None, None, None, 110, None, None, None, 139, 104, 121, 132, 125, 127, 137, 121, 137, 144, None, None, 152, None, None, None, 151, None, None, None, 169, 138, 153, 166, 147, 164, 176, 153, 185, 180, 159, 174, 200, None, None, None, 177, None, None]'}
2026-08-23 04:04:19.037 /testbed/rich/_ratio.py:68 rich._ratio.ratio_resolve event=line locals={'edge': 'FlexEdge(size=None, ratio=11, minimum_size=45)', 'index': '10'}
2026-08-23 04:04:19.037 /testbed/rich/_ratio.py:69 rich._ratio.ratio_resolve event=line locals={'remainder': 'Fraction(46, 293)', 'size': '157'}
2026-08-23 04:04:19.037 /testbed/rich/_ratio.py:67 rich._ratio.ratio_resolve event=line locals={'sizes': '[14, 28, 43, 57, 44, 85, 100, 114, 56, 142, 157, None, 38, None, None, None, 72, None, None, 65, 52, 60, 70, None, 68, None, None, None, 102, None, None, None, 78, None, None, None, 101, None, 83, 100, 76, 92, 109, 86, 112, 117, None, None, 131, None, None, None, 110, None, None, None, 139, 104, 121, 132, 125, 127, 137, 121, 137, 144, None, None, 152, None, None, None, 151, None, None, None, 169, 138, 153, 166, 147, 164, 176, 153, 185, 180, 159, 174, 200, None, None, None, 177, None, None]'}
2026-08-23 04:04:19.037 /testbed/rich/_ratio.py:68 rich._ratio.ratio_resolve event=line locals={'edge': 'FlexEdge(size=None, ratio=12, minimum_size=55)', 'index': '11'}
2026-08-23 04:04:19.037 /testbed/rich/_ratio.py:69 rich._ratio.ratio_resolve event=line locals={'remainder': 'Fraction(282, 293)', 'size': '170'}
2026-08-23 04:04:19.037 /testbed/rich/_ratio.py:67 rich._ratio.ratio_resolve event=line locals={'sizes': '[14, 28, 43, 57, 44, 85, 100, 114, 56, 142, 157, 170, 38, None, None, None, 72, None, None, 65, 52, 60, 70, None, 68, None, None, None, 102, None, None, None, 78, None, None, None, 101, None, 83, 100, 76, 92, 109, 86, 112, 117, None, None, 131, None, None, None, 110, None, None, None, 139, 104, 121, 132, 125, 127, 137, 121, 137, 144, None, None, 152, None, None, None, 151, None, None, None, 169, 138, 153, 166, 147, 164, 176, 153, 185, 180, 159, 174, 200, None, None, None, 177, None, None]'}
2026-08-23 04:04:19.037 /testbed/rich/_ratio.py:68 rich._ratio.ratio_resolve event=line locals={'edge': 'FlexEdge(size=None, ratio=14, minimum_size=49)', 'index': '13'}
2026-08-23 04:04:19.038 /testbed/rich/_ratio.py:69 rich._ratio.ratio_resolve event=line locals={'remainder': 'Fraction(69, 293)', 'size': '200'}
2026-08-23 04:04:19.038 /testbed/rich/_ratio.py:67 rich._ratio.ratio_resolve event=line locals={'sizes': '[14, 28, 43, 57, 44, 85, 100, 114, 56, 142, 157, 170, 38, 200, None, None, 72, None, None, 65, 52, 60, 70, None, 68, None, None, None, 102, None, None, None, 78, None, None, None, 101, None, 83, 100, 76, 92, 109, 86, 112, 117, None, None, 131, None, None, None, 110, None, None, None, 139, 104, 121, 132, 125, 127, 137, 121, 137, 144, None, None, 152, None, None, None, 151, None, None, None, 169, 138, 153, 166, 147, 164, 176, 153, 185, 180, 159, 174, 200, None, None, None, 177, None, None]'}
2026-08-23 04:04:19.038 /testbed/rich/_ratio.py:68 rich._ratio.ratio_resolve event=line locals={'edge': 'FlexEdge(size=None, ratio=15, minimum_size=63)', 'index': '14'}
2026-08-23 04:04:19.038 /testbed/rich/_ratio.py:69 rich._ratio.ratio_resolve event=line locals={'remainder': 'Fraction(435, 586)', 'size': '213'}
2026-08-23 04:04:19.038 /testbed/rich/_ratio.py:67 rich._ratio.ratio_resolve event=line locals={'sizes': '[14, 28, 43, 57, 44, 85, 100, 114, 56, 142, 157, 170, 38, 200, 213, None, 72, None, None, 65, 52, 60, 70, None, 68, None, None, None, 102, None, None, None, 78, None, None, None, 101, None, 83, 100, 76, 92, 109, 86, 112, 117, None, None, 131, None, None, None, 110, None, None, None, 139, 104, 121, 132, 125, 127, 137, 121, 137, 144, None, None, 152, None, None, None, 151, None, None, None, 169, 138, 153, 166, 147, 164, 176, 153, 185, 180, 159, 174, 200, None, None, None, 177, None, None]'}
2026-08-23 04:04:19.038 /testbed/rich/_ratio.py:68 rich._ratio.ratio_resolve event=line locals={'edge': 'FlexEdge(size=None, ratio=16, minimum_size=43)', 'index': '15'}
2026-08-23 04:04:19.038 /testbed/rich/_ratio.py:69 rich._ratio.ratio_resolve event=line locals={'remainder': 'Fraction(283, 586)', 'size': '228'}
2026-08-23 04:04:19.038 /testbed/rich/_ratio.py:67 rich._ratio.ratio_resolve event=line locals={'sizes': '[14, 28, 43, 57, 44, 85, 100, 114, 56, 142, 157, 170, 38, 200, 213, 228, 72, None, None, 65, 52, 60, 70, None, 68, None, None, None, 102, None, None, None, 78, None, None, None, 101, None, 83, 100, 76, 92, 109, 86, 112, 117, None, None, 131, None, None, None, 110, None, None, None, 139, 104, 121, 132, 125, 127, 137, 121, 137, 144, None, None, 152, None, None, None, 151, None, None, None, 169, 138, 153, 166, 147, 164, 176, 153, 185, 180, 159, 174, 200, None, None, None, 177, None, None]'}
2026-08-23 04:04:19.038 /testbed/rich/_ratio.py:68 rich._ratio.ratio_resolve event=line locals={'edge': 'FlexEdge(size=None, ratio=18, minimum_size=71)', 'index': '17'}
2026-08-23 04:04:19.039 /testbed/rich/_ratio.py:69 rich._ratio.ratio_resolve event=line locals={'remainder': 'Fraction(405, 586)', 'size': '256'}
2026-08-23 04:04:19.039 /testbed/rich/_ratio.py:67 rich._ratio.ratio_resolve event=line locals={'sizes': '[14, 28, 43, 57, 44, 85, 100, 114, 56, 142, 157, 170, 38, 200, 213, 228, 72, 256, None, 65, 52, 60, 70, None, 68, None, None, None, 102, None, None, None, 78, None, None, None, 101, None, 83, 100, 76, 92, 109, 86, 112, 117, None, None, 131, None, None, None, 110, None, None, None, 139, 104, 121, 132, 125, 127, 137, 121, 137, 144, None, None, 152, None, None, None, 151, None, None, None, 169, 138, 153, 166, 147, 164, 176, 153, 185, 180, 159, 174, 200, None, None, None, 177, None, None]'}
2026-08-23 04:04:19.039 /testbed/rich/_ratio.py:68 rich._ratio.ratio_resolve event=line locals={'edge': 'FlexEdge(size=None, ratio=19, minimum_size=51)', 'index': '18'}
2026-08-23 04:04:19.039 /testbed/rich/_ratio.py:69 rich._ratio.ratio_resolve event=line locals={'remainder': 'Fraction(39, 293)', 'size': '271'}
2026-08-23 04:04:19.039 /testbed/rich/_ratio.py:67 rich._ratio.ratio_resolve event=line locals={'sizes': '[14, 28, 43, 57, 44, 85, 100, 114, 56, 142, 157, 170, 38, 200, 213, 228, 72, 256, 271, 65, 52, 60, 70, None, 68, None, None, None, 102, None, None, None, 78, None, None, None, 101, None, 83, 100, 76, 92, 109, 86, 112, 117, None, None, 131, None, None, None, 110, None, None, None, 139, 104, 121, 132, 125, 127, 137, 121, 137, 144, None, None, 152, None, None, None, 151, None, None, None, 169, 138, 153, 166, 147, 164, 176, 153, 185, 180, 159, 174, 200, None, None, None, 177, None, None]'}
2026-08-23 04:04:19.039 /testbed/rich/_ratio.py:68 rich._ratio.ratio_resolve event=line locals={'edge': 'FlexEdge(size=None, ratio=5, minimum_size=50)', 'index': '23'}
2026-08-23 04:04:19.039 /testbed/rich/_ratio.py:69 rich._ratio.ratio_resolve event=line locals={'remainder': 'Fraction(177, 586)', 'size': '71'}
2026-08-23 04:04:19.040 /testbed/rich/_ratio.py:67 rich._ratio.ratio_resolve event=line locals={'sizes': '[14, 28, 43, 57, 44, 85, 100, 114, 56, 142, 157, 170, 38, 200, 213, 228, 72, 256, 271, 65, 52, 60, 70, 71, 68, None, None, None, 102, None, None, None, 78, None, None, None, 101, None, 83, 100, 76, 92, 109, 86, 112, 117, None, None, 131, None, None, None, 110, None, None, None, 139, 104, 121, 132, 125, 127, 137, 121, 137, 144, None, None, 152, None, None, None, 151, None, None, None, 169, 138, 153, 166, 147, 164, 176, 153, 185, 180, 159, 174, 200, None, None, None, 177, None, None]'}
2026-08-23 04:04:19.040 /testbed/rich/_ratio.py:68 rich._ratio.ratio_resolve event=line locals={'edge': 'FlexEdge(size=None, ratio=7, minimum_size=81)', 'index': '25'}
2026-08-23 04:04:19.040 /testbed/rich/_ratio.py:69 rich._ratio.ratio_resolve event=line locals={'remainder': 'Fraction(275, 293)', 'size': '99'}
2026-08-23 04:04:19.040 /testbed/rich/_ratio.py:67 rich._ratio.ratio_resolve event=line locals={'sizes': '[14, 28, 43, 57, 44, 85, 100, 114, 56, 142, 157, 170, 38, 200, 213, 228, 72, 256, 271, 65, 52, 60, 70, 71, 68, 99, None, None, 102, None, None, None, 78, None, None, None, 101, None, 83, 100, 76, 92, 109, 86, 112, 117, None, None, 131, None, None, None, 110, None, None, None, 139, 104, 121, 132, 125, 127, 137, 121, 137, 144, None, None, 152, None, None, None, 151, None, None, None, 169, 138, 153, 166, 147, 164, 176, 153, 185, 180, 159, 174, 200, None, None, None, 177, None, None]'}
2026-08-23 04:04:19.040 /testbed/rich/_ratio.py:68 rich._ratio.ratio_resolve event=line locals={'edge': 'FlexEdge(size=None, ratio=8, minimum_size=53)', 'index': '26'}
2026-08-23 04:04:19.040 /testbed/rich/_ratio.py:69 rich._ratio.ratio_resolve event=line locals={'remainder': 'Fraction(237, 293)', 'size': '114'}
2026-08-23 04:04:19.040 /testbed/rich/_ratio.py:67 rich._ratio.ratio_resolve event=line locals={'sizes': '[14, 28, 43, 57, 44, 85, 100, 114, 56, 142, 157, 170, 38, 200, 213, 228, 72, 256, 271, 65, 52, 60, 70, 71, 68, 99, 114, None, 102, None, None, None, 78, None, None, None, 101, None, 83, 100, 76, 92, 109, 86, 112, 117, None, None, 131, None, None, None, 110, None, None, None, 139, 104, 121, 132, 125, 127, 137, 121, 137, 144, None, None, 152, None, None, None, 151, None, None, None, 169, 138, 153, 166, 147, 164, 176, 153, 185, 180, 159, 174, 200, None, None, None, 177, None, None]'}
2026-08-23 04:04:19.040 /testbed/rich/_ratio.py:68 rich._ratio.ratio_resolve event=line locals={'edge': 'FlexEdge(size=None, ratio=9, minimum_size=72)', 'index': '27'}
2026-08-23 04:04:19.041 /testbed/rich/_ratio.py:69 rich._ratio.ratio_resolve event=line locals={'remainder': 'Fraction(535, 586)', 'size': '128'}
2026-08-23 04:04:19.041 /testbed/rich/_ratio.py:67 rich._ratio.ratio_resolve event=line locals={'sizes': '[14, 28, 43, 57, 44, 85, 100, 114, 56, 142, 157, 170, 38, 200, 213, 228, 72, 256, 271, 65, 52, 60, 70, 71, 68, 99, 114, 128, 102, None, None, None, 78, None, None, None, 101, None, 83, 100, 76, 92, 109, 86, 112, 117, None, None, 131, None, None, None, 110, None, None, None, 139, 104, 121, 132, 125, 127, 137, 121, 137, 144, None, None, 152, None, None, None, 151, None, None, None, 169, 138, 153, 166, 147, 164, 176, 153, 185, 180, 159, 174, 200, None, None, None, 177, None, None]'}
2026-08-23 04:04:19.041 /testbed/rich/_ratio.py:68 rich._ratio.ratio_resolve event=line locals={'edge': 'FlexEdge(size=None, ratio=11, minimum_size=61)', 'index': '29'}
2026-08-23 04:04:19.041 /testbed/rich/_ratio.py:69 rich._ratio.ratio_resolve event=line locals={'remainder': 'Fraction(142, 293)', 'size': '157'}
2026-08-23 04:04:19.041 /testbed/rich/_ratio.py:67 rich._ratio.ratio_resolve event=line locals={'sizes': '[14, 28, 43, 57, 44, 85, 100, 114, 56, 142, 157, 170, 38, 200, 213, 228, 72, 256, 271, 65, 52, 60, 70, 71, 68, 99, 114, 128, 102, 157, None, None, 78, None, None, None, 101, None, 83, 100, 76, 92, 109, 86, 112, 117, None, None, 131, None, None, None, 110, None, None, None, 139, 104, 121, 132, 125, 127, 137, 121, 137, 144, None, None, 152, None, None, None, 151, None, None, None, 169, 138, 153, 166, 147, 164, 176, 153, 185, 180, 159, 174, 200, None, None, None, 177, None, None]'}
2026-08-23 04:04:19.042 /testbed/rich/_ratio.py:68 rich._ratio.ratio_resolve event=line locals={'edge': 'FlexEdge(size=None, ratio=12, minimum_size=80)', 'index': '30'}
2026-08-23 04:04:19.042 /testbed/rich/_ratio.py:69 rich._ratio.ratio_resolve event=line locals={'remainder': 'Fraction(85, 293)', 'size': '171'}
2026-08-23 04:04:19.042 /testbed/rich/_ratio.py:67 rich._ratio.ratio_resolve event=line locals={'sizes': '[14, 28, 43, 57, 44, 85, 100, 114, 56, 142, 157, 170, 38, 200, 213, 228, 72, 256, 271, 65, 52, 60, 70, 71, 68, 99, 114, 128, 102, 157, 171, None, 78, None, None, None, 101, None, 83, 100, 76, 92, 109, 86, 112, 117, None, None, 131, None, None, None, 110, None, None, None, 139, 104, 121, 132, 125, 127, 137, 121, 137, 144, None, None, 152, None, None, None, 151, None, None, None, 169, 138, 153, 166, 147, 164, 176, 153, 185, 180, 159, 174, 200, None, None, None, 177, None, None]'}
2026-08-23 04:04:19.043 /testbed/rich/_ratio.py:68 rich._ratio.ratio_resolve event=line locals={'edge': 'FlexEdge(size=None, ratio=13, minimum_size=94)', 'index': '31'}
2026-08-23 04:04:19.043 /testbed/rich/_ratio.py:69 rich._ratio.ratio_resolve event=line locals={'remainder': 'Fraction(193, 586)', 'size': '185'}
2026-08-23 04:04:19.043 /testbed/rich/_ratio.py:67 rich._ratio.ratio_resolve event=line locals={'sizes': '[14, 28, 43, 57, 44, 85, 100, 114, 56, 142, 157, 170, 38, 200, 213, 228, 72, 256, 271, 65, 52, 60, 70, 71, 68, 99, 114, 128, 102, 157, 171, 185, 78, None, None, None, 101, None, 83, 100, 76, 92, 109, 86, 112, 117, None, None, 131, None, None, None, 110, None, None, None, 139, 104, 121, 132, 125, 127, 137, 121, 137, 144, None, None, 152, None, None, None, 151, None, None, None, 169, 138, 153, 166, 147, 164, 176, 153, 185, 180, 159, 174, 200, None, None, None, 177, None, None]'}
2026-08-23 04:04:19.043 /testbed/rich/_ratio.py:68 rich._ratio.ratio_resolve event=line locals={'edge': 'FlexEdge(size=None, ratio=15, minimum_size=87)', 'index': '33'}
2026-08-23 04:04:19.044 /testbed/rich/_ratio.py:69 rich._ratio.ratio_resolve event=line locals={'remainder': 'Fraction(245, 293)', 'size': '213'}
2026-08-23 04:04:19.044 /testbed/rich/_ratio.py:67 rich._ratio.ratio_resolve event=line locals={'sizes': '[14, 28, 43, 57, 44, 85, 100, 114, 56, 142, 157, 170, 38, 200, 213, 228, 72, 256, 271, 65, 52, 60, 70, 71, 68, 99, 114, 128, 102, 157, 171, 185, 78, 213, None, None, 101, None, 83, 100, 76, 92, 109, 86, 112, 117, None, None, 131, None, None, None, 110, None, None, None, 139, 104, 121, 132, 125, 127, 137, 121, 137, 144, None, None, 152, None, None, None, 151, None, None, None, 169, 138, 153, 166, 147, 164, 176, 153, 185, 180, 159, 174, 200, None, None, None, 177, None, None]'}
2026-08-23 04:04:19.044 /testbed/rich/_ratio.py:68 rich._ratio.ratio_resolve event=line locals={'edge': 'FlexEdge(size=None, ratio=16, minimum_size=98)', 'index': '34'}
2026-08-23 04:04:19.044 /testbed/rich/_ratio.py:69 rich._ratio.ratio_resolve event=line locals={'remainder': 'Fraction(169, 293)', 'size': '228'}
2026-08-23 04:04:19.044 /testbed/rich/_ratio.py:67 rich._ratio.ratio_resolve event=line locals={'sizes': '[14, 28, 43, 57, 44, 85, 100, 114, 56, 142, 157, 170, 38, 200, 213, 228, 72, 256, 271, 65, 52, 60, 70, 71, 68, 99, 114, 128, 102, 157, 171, 185, 78, 213, 228, None, 101, None, 83, 100, 76, 92, 109, 86, 112, 117, None, None, 131, None, None, None, 110, None, None, None, 139, 104, 121, 132, 125, 127, 137, 121, 137, 144, None, None, 152, None, None, None, 151, None, None, None, 169, 138, 153, 166, 147, 164, 176, 153, 185, 180, 159, 174, 200, None, None, None, 177, None, None]'}
2026-08-23 04:04:19.044 /testbed/rich/_ratio.py:68 rich._ratio.ratio_resolve event=line locals={'edge': 'FlexEdge(size=None, ratio=17, minimum_size=74)', 'index': '35'}
2026-08-23 04:04:19.044 /testbed/rich/_ratio.py:69 rich._ratio.ratio_resolve event=line locals={'remainder': 'Fraction(323, 586)', 'size': '242'}
2026-08-23 04:04:19.044 /testbed/rich/_ratio.py:67 rich._ratio.ratio_resolve event=line locals={'sizes': '[14, 28, 43, 57, 44, 85, 100, 114, 56, 142, 157, 170, 38, 200, 213, 228, 72, 256, 271, 65, 52, 60, 70, 71, 68, 99, 114, 128, 102, 157, 171, 185, 78, 213, 228, 242, 101, None, 83, 100, 76, 92, 109, 86, 112, 117, None, None, 131, None, None, None, 110, None, None, None, 139, 104, 121, 132, 125, 127, 137, 121, 137, 144, None, None, 152, None, None, None, 151, None, None, None, 169, 138, 153, 166, 147, 164, 176, 153, 185, 180, 159, 174, 200, None, None, None, 177, None, None]'}
2026-08-23 04:04:19.044 /testbed/rich/_ratio.py:68 rich._ratio.ratio_resolve event=line locals={'edge': 'FlexEdge(size=None, ratio=19, minimum_size=70)', 'index': '37'}
2026-08-23 04:04:19.045 /testbed/rich/_ratio.py:69 rich._ratio.ratio_resolve event=line locals={'remainder': 'Fraction(291, 293)', 'size': '270'}
2026-08-23 04:04:19.045 /testbed/rich/_ratio.py:67 rich._ratio.ratio_resolve event=line locals={'sizes': '[14, 28, 43, 57, 44, 85, 100, 114, 56, 142, 157, 170, 38, 200, 213, 228, 72, 256, 271, 65, 52, 60, 70, 71, 68, 99, 114, 128, 102, 157, 171, 185, 78, 213, 228, 242, 101, 270, 83, 100, 76, 92, 109, 86, 112, 117, None, None, 131, None, None, None, 110, None, None, None, 139, 104, 121, 132, 125, 127, 137, 121, 137, 144, None, None, 152, None, None, None, 151, None, None, None, 169, 138, 153, 166, 147, 164, 176, 153, 185, 180, 159, 174, 200, None, None, None, 177, None, None]'}
2026-08-23 04:04:19.045 /testbed/rich/_ratio.py:68 rich._ratio.ratio_resolve event=line locals={'edge': 'FlexEdge(size=None, ratio=9, minimum_size=91)', 'index': '46'}
2026-08-23 04:04:19.045 /testbed/rich/_ratio.py:69 rich._ratio.ratio_resolve event=line locals={'remainder': 'Fraction(57, 586)', 'size': '129'}
2026-08-23 04:04:19.045 /testbed/rich/_ratio.py:67 rich._ratio.ratio_resolve event=line locals={'sizes': '[14, 28, 43, 57, 44, 85, 100, 114, 56, 142, 157, 170, 38, 200, 213, 228, 72, 256, 271, 65, 52, 60, 70, 71, 68, 99, 114, 128, 102, 157, 171, 185, 78, 213, 228, 242, 101, 270, 83, 100, 76, 92, 109, 86, 112, 117, 129, None, 131, None, None, None, 110, None, None, None, 139, 104, 121, 132, 125, 127, 137, 121, 137, 144, None, None, 152, None, None, None, 151, None, None, None, 169, 138, 153, 166, 147, 164, 176, 153, 185, 180, 159, 174, 200, None, None, None, 177, None, None]'}
2026-08-23 04:04:19.045 /testbed/rich/_ratio.py:68 rich._ratio.ratio_resolve event=line locals={'edge': 'FlexEdge(size=None, ratio=10, minimum_size=102)', 'index': '47'}
2026-08-23 04:04:19.045 /testbed/rich/_ratio.py:69 rich._ratio.ratio_resolve event=line locals={'remainder': 'Fraction(255, 586)', 'size': '142'}
2026-08-23 04:04:19.046 /testbed/rich/_ratio.py:67 rich._ratio.ratio_resolve event=line locals={'sizes': '[14, 28, 43, 57, 44, 85, 100, 114, 56, 142, 157, 170, 38, 200, 213, 228, 72, 256, 271, 65, 52, 60, 70, 71, 68, 99, 114, 128, 102, 157, 171, 185, 78, 213, 228, 242, 101, 270, 83, 100, 76, 92, 109, 86, 112, 117, 129, 142, 131, None, None, None, 110, None, None, None, 139, 104, 121, 132, 125, 127, 137, 121, 137, 144, None, None, 152, None, None, None, 151, None, None, None, 169, 138, 153, 166, 147, 164, 176, 153, 185, 180, 159, 174, 200, None, None, None, 177, None, None]'}
2026-08-23 04:04:19.046 /testbed/rich/_ratio.py:68 rich._ratio.ratio_resolve event=line locals={'edge': 'FlexEdge(size=None, ratio=12, minimum_size=100)', 'index': '49'}
2026-08-23 04:04:19.046 /testbed/rich/_ratio.py:69 rich._ratio.ratio_resolve event=line locals={'remainder': 'Fraction(141, 586)', 'size': '171'}
2026-08-23 04:04:19.046 /testbed/rich/_ratio.py:67 rich._ratio.ratio_resolve event=line locals={'sizes': '[14, 28, 43, 57, 44, 85, 100, 114, 56, 142, 157, 170, 38, 200, 213, 228, 72, 256, 271, 65, 52, 60, 70, 71, 68, 99, 114, 128, 102, 157, 171, 185, 78, 213, 228, 242, 101, 270, 83, 100, 76, 92, 109, 86, 112, 117, 129, 142, 131, 171, None, None, 110, None, None, None, 139, 104, 121, 132, 125, 127, 137, 121, 137, 144, None, None, 152, None, None, None, 151, None, None, None, 169, 138, 153, 166, 147, 164, 176, 153, 185, 180, 159, 174, 200, None, None, None, 177, None, None]'}
2026-08-23 04:04:19.046 /testbed/rich/_ratio.py:68 rich._ratio.ratio_resolve event=line locals={'edge': 'FlexEdge(size=None, ratio=13, minimum_size=113)', 'index': '50'}
2026-08-23 04:04:19.046 /testbed/rich/_ratio.py:69 rich._ratio.ratio_resolve event=line locals={'remainder': 'Fraction(82, 293)', 'size': '185'}
2026-08-23 04:04:19.046 /testbed/rich/_ratio.py:67 rich._ratio.ratio_resolve event=line locals={'sizes': '[14, 28, 43, 57, 44, 85, 100, 114, 56, 142, 157, 170, 38, 200, 213, 228, 72, 256, 271, 65, 52, 60, 70, 71, 68, 99, 114, 128, 102, 157, 171, 185, 78, 213, 228, 242, 101, 270, 83, 100, 76, 92, 109, 86, 112, 117, 129, 142, 131, 171, 185, None, 110, None, None, None, 139, 104, 121, 132, 125, 127, 137, 121, 137, 144, None, None, 152, None, None, None, 151, None, None, None, 169, 138, 153, 166, 147, 164, 176, 153, 185, 180, 159, 174, 200, None, None, None, 177, None, None]'}
2026-08-23 04:04:19.046 /testbed/rich/_ratio.py:68 rich._ratio.ratio_resolve event=line locals={'edge': 'FlexEdge(size=None, ratio=14, minimum_size=128)', 'index': '51'}
2026-08-23 04:04:19.047 /testbed/rich/_ratio.py:69 rich._ratio.ratio_resolve event=line locals={'remainder': 'Fraction(162, 293)', 'size': '199'}
2026-08-23 04:04:19.047 /testbed/rich/_ratio.py:67 rich._ratio.ratio_resolve event=line locals={'sizes': '[14, 28, 43, 57, 44, 85, 100, 114, 56, 142, 157, 170, 38, 200, 213, 228, 72, 256, 271, 65, 52, 60, 70, 71, 68, 99, 114, 128, 102, 157, 171, 185, 78, 213, 228, 242, 101, 270, 83, 100, 76, 92, 109, 86, 112, 117, 129, 142, 131, 171, 185, 199, 110, None, None, None, 139, 104, 121, 132, 125, 127, 137, 121, 137, 144, None, None, 152, None, None, None, 151, None, None, None, 169, 138, 153, 166, 147, 164, 176, 153, 185, 180, 159, 174, 200, None, None, None, 177, None, None]'}
2026-08-23 04:04:19.047 /testbed/rich/_ratio.py:68 rich._ratio.ratio_resolve event=line locals={'edge': 'FlexEdge(size=None, ratio=16, minimum_size=116)', 'index': '53'}
2026-08-23 04:04:19.047 /testbed/rich/_ratio.py:69 rich._ratio.ratio_resolve event=line locals={'remainder': 'Fraction(86, 293)', 'size': '228'}
2026-08-23 04:04:19.047 /testbed/rich/_ratio.py:67 rich._ratio.ratio_resolve event=line locals={'sizes': '[14, 28, 43, 57, 44, 85, 100, 114, 56, 142, 157, 170, 38, 200, 213, 228, 72, 256, 271, 65, 52, 60, 70, 71, 68, 99, 114, 128, 102, 157, 171, 185, 78, 213, 228, 242, 101, 270, 83, 100, 76, 92, 109, 86, 112, 117, 129, 142, 131, 171, 185, 199, 110, 228, None, None, 139, 104, 121, 132, 125, 127, 137, 121, 137, 144, None, None, 152, None, None, None, 151, None, None, None, 169, 138, 153, 166, 147, 164, 176, 153, 185, 180, 159, 174, 200, None, None, None, 177, None, None]'}
2026-08-23 04:04:19.047 /testbed/rich/_ratio.py:68 rich._ratio.ratio_resolve event=line locals={'edge': 'FlexEdge(size=None, ratio=17, minimum_size=134)', 'index': '54'}
2026-08-23 04:04:19.047 /testbed/rich/_ratio.py:69 rich._ratio.ratio_resolve event=line locals={'remainder': 'Fraction(157, 586)', 'size': '242'}
2026-08-23 04:04:19.047 /testbed/rich/_ratio.py:67 rich._ratio.ratio_resolve event=line locals={'sizes': '[14, 28, 43, 57, 44, 85, 100, 114, 56, 142, 157, 170, 38, 200, 213, 228, 72, 256, 271, 65, 52, 60, 70, 71, 68, 99, 114, 128, 102, 157, 171, 185, 78, 213, 228, 242, 101, 270, 83, 100, 76, 92, 109, 86, 112, 117, 129, 142, 131, 171, 185, 199, 110, 228, 242, None, 139, 104, 121, 132, 125, 127, 137, 121, 137, 144, None, None, 152, None, None, None, 151, None, None, None, 169, 138, 153, 166, 147, 164, 176, 153, 185, 180, 159, 174, 200, None, None, None, 177, None, None]'}
2026-08-23 04:04:19.048 /testbed/rich/_ratio.py:68 rich._ratio.ratio_resolve event=line locals={'edge': 'FlexEdge(size=None, ratio=18, minimum_size=111)', 'index': '55'}
2026-08-23 04:04:19.048 /testbed/rich/_ratio.py:69 rich._ratio.ratio_resolve event=line locals={'remainder': 'Fraction(279, 586)', 'size': '256'}
2026-08-23 04:04:19.048 /testbed/rich/_ratio.py:67 rich._ratio.ratio_resolve event=line locals={'sizes': '[14, 28, 43, 57, 44, 85, 100, 114, 56, 142, 157, 170, 38, 200, 213, 228, 72, 256, 271, 65, 52, 60, 70, 71, 68, 99, 114, 128, 102, 157, 171, 185, 78, 213, 228, 242, 101, 270, 83, 100, 76, 92, 109, 86, 112, 117, 129, 142, 131, 171, 185, 199, 110, 228, 242, 256, 139, 104, 121, 132, 125, 127, 137, 121, 137, 144, None, None, 152, None, None, None, 151, None, None, None, 169, 138, 153, 166, 147, 164, 176, 153, 185, 180, 159, 174, 200, None, None, None, 177, None, None]'}
2026-08-23 04:04:19.048 /testbed/rich/_ratio.py:68 rich._ratio.ratio_resolve event=line locals={'edge': 'FlexEdge(size=None, ratio=10, minimum_size=127)', 'index': '66'}
2026-08-23 04:04:19.048 /testbed/rich/_ratio.py:69 rich._ratio.ratio_resolve event=line locals={'remainder': 'Fraction(477, 586)', 'size': '142'}
2026-08-23 04:04:19.048 /testbed/rich/_ratio.py:67 rich._ratio.ratio_resolve event=line locals={'sizes': '[14, 28, 43, 57, 44, 85, 100, 114, 56, 142, 157, 170, 38, 200, 213, 228, 72, 256, 271, 65, 52, 60, 70, 71, 68, 99, 114, 128, 102, 157, 171, 185, 78, 213, 228, 242, 101, 270, 83, 100, 76, 92, 109, 86, 112, 117, 129, 142, 131, 171, 185, 199, 110, 228, 242, 256, 139, 104, 121, 132, 125, 127, 137, 121, 137, 144, 142, None, 152, None, None, None, 151, None, None, None, 169, 138, 153, 166, 147, 164, 176, 153, 185, 180, 159, 174, 200, None, None, None, 177, None, None]'}
2026-08-23 04:04:19.048 /testbed/rich/_ratio.py:68 rich._ratio.ratio_resolve event=line locals={'edge': 'FlexEdge(size=None, ratio=11, minimum_size=141)', 'index': '67'}
2026-08-23 04:04:19.048 /testbed/rich/_ratio.py:69 rich._ratio.ratio_resolve event=line locals={'remainder': 'Fraction(113, 293)', 'size': '157'}
2026-08-23 04:04:19.049 /testbed/rich/_ratio.py:67 rich._ratio.ratio_resolve event=line locals={'sizes': '[14, 28, 43, 57, 44, 85, 100, 114, 56, 142, 157, 170, 38, 200, 213, 228, 72, 256, 271, 65, 52, 60, 70, 71, 68, 99, 114, 128, 102, 157, 171, 185, 78, 213, 228, 242, 101, 270, 83, 100, 76, 92, 109, 86, 112, 117, 129, 142, 131, 171, 185, 199, 110, 228, 242, 256, 139, 104, 121, 132, 125, 127, 137, 121, 137, 144, 142, 157, 152, None, None, None, 151, None, None, None, 169, 138, 153, 166, 147, 164, 176, 153, 185, 180, 159, 174, 200, None, None, None, 177, None, None]'}
2026-08-23 04:04:19.049 /testbed/rich/_ratio.py:68 rich._ratio.ratio_resolve event=line locals={'edge': 'FlexEdge(size=None, ratio=13, minimum_size=134)', 'index': '69'}
2026-08-23 04:04:19.049 /testbed/rich/_ratio.py:69 rich._ratio.ratio_resolve event=line locals={'remainder': 'Fraction(249, 586)', 'size': '185'}
2026-08-23 04:04:19.049 /testbed/rich/_ratio.py:67 rich._ratio.ratio_resolve event=line locals={'sizes': '[14, 28, 43, 57, 44, 85, 100, 114, 56, 142, 157, 170, 38, 200, 213, 228, 72, 256, 271, 65, 52, 60, 70, 71, 68, 99, 114, 128, 102, 157, 171, 185, 78, 213, 228, 242, 101, 270, 83, 100, 76, 92, 109, 86, 112, 117, 129, 142, 131, 171, 185, 199, 110, 228, 242, 256, 139, 104, 121, 132, 125, 127, 137, 121, 137, 144, 142, 157, 152, 185, None, None, 151, None, None, None, 169, 138, 153, 166, 147, 164, 176, 153, 185, 180, 159, 174, 200, None, None, None, 177, None, None]'}
2026-08-23 04:04:19.049 /testbed/rich/_ratio.py:68 rich._ratio.ratio_resolve event=line locals={'edge': 'FlexEdge(size=None, ratio=14, minimum_size=147)', 'index': '70'}
2026-08-23 04:04:19.049 /testbed/rich/_ratio.py:69 rich._ratio.ratio_resolve event=line locals={'remainder': 'Fraction(409, 586)', 'size': '199'}
2026-08-23 04:04:19.049 /testbed/rich/_ratio.py:67 rich._ratio.ratio_resolve event=line locals={'sizes': '[14, 28, 43, 57, 44, 85, 100, 114, 56, 142, 157, 170, 38, 200, 213, 228, 72, 256, 271, 65, 52, 60, 70, 71, 68, 99, 114, 128, 102, 157, 171, 185, 78, 213, 228, 242, 101, 270, 83, 100, 76, 92, 109, 86, 112, 117, 129, 142, 131, 171, 185, 199, 110, 228, 242, 256, 139, 104, 121, 132, 125, 127, 137, 121, 137, 144, 142, 157, 152, 185, 199, None, 151, None, None, None, 169, 138, 153, 166, 147, 164, 176, 153, 185, 180, 159, 174, 200, None, None, None, 177, None, None]'}
2026-08-23 04:04:19.049 /testbed/rich/_ratio.py:68 rich._ratio.ratio_resolve event=line locals={'edge': 'FlexEdge(size=None, ratio=15, minimum_size=160)', 'index': '71'}
2026-08-23 04:04:19.050 /testbed/rich/_ratio.py:69 rich._ratio.ratio_resolve event=line locals={'remainder': 'Fraction(60, 293)', 'size': '214'}
2026-08-23 04:04:19.050 /testbed/rich/_ratio.py:67 rich._ratio.ratio_resolve event=line locals={'sizes': '[14, 28, 43, 57, 44, 85, 100, 114, 56, 142, 157, 170, 38, 200, 213, 228, 72, 256, 271, 65, 52, 60, 70, 71, 68, 99, 114, 128, 102, 157, 171, 185, 78, 213, 228, 242, 101, 270, 83, 100, 76, 92, 109, 86, 112, 117, 129, 142, 131, 171, 185, 199, 110, 228, 242, 256, 139, 104, 121, 132, 125, 127, 137, 121, 137, 144, 142, 157, 152, 185, 199, 214, 151, None, None, None, 169, 138, 153, 166, 147, 164, 176, 153, 185, 180, 159, 174, 200, None, None, None, 177, None, None]'}
2026-08-23 04:04:19.050 /testbed/rich/_ratio.py:68 rich._ratio.ratio_resolve event=line locals={'edge': 'FlexEdge(size=None, ratio=17, minimum_size=155)', 'index': '73'}
2026-08-23 04:04:19.050 /testbed/rich/_ratio.py:69 rich._ratio.ratio_resolve event=line locals={'remainder': 'Fraction(105, 586)', 'size': '242'}
2026-08-23 04:04:19.050 /testbed/rich/_ratio.py:67 rich._ratio.ratio_resolve event=line locals={'sizes': '[14, 28, 43, 57, 44, 85, 100, 114, 56, 142, 157, 170, 38, 200, 213, 228, 72, 256, 271, 65, 52, 60, 70, 71, 68, 99, 114, 128, 102, 157, 171, 185, 78, 213, 228, 242, 101, 270, 83, 100, 76, 92, 109, 86, 112, 117, 129, 142, 131, 171, 185, 199, 110, 228, 242, 256, 139, 104, 121, 132, 125, 127, 137, 121, 137, 144, 142, 157, 152, 185, 199, 214, 151, 242, None, None, 169, 138, 153, 166, 147, 164, 176, 153, 185, 180, 159, 174, 200, None, None, None, 177, None, None]'}
2026-08-23 04:04:19.050 /testbed/rich/_ratio.py:68 rich._ratio.ratio_resolve event=line locals={'edge': 'FlexEdge(size=None, ratio=18, minimum_size=128)', 'index': '74'}
2026-08-23 04:04:19.050 /testbed/rich/_ratio.py:69 rich._ratio.ratio_resolve event=line locals={'remainder': 'Fraction(227, 586)', 'size': '256'}
2026-08-23 04:04:19.050 /testbed/rich/_ratio.py:67 rich._ratio.ratio_resolve event=line locals={'sizes': '[14, 28, 43, 57, 44, 85, 100, 114, 56, 142, 157, 170, 38, 200, 213, 228, 72, 256, 271, 65, 52, 60, 70, 71, 68, 99, 114, 128, 102, 157, 171, 185, 78, 213, 228, 242, 101, 270, 83, 100, 76, 92, 109, 86, 112, 117, 129, 142, 131, 171, 185, 199, 110, 228, 242, 256, 139, 104, 121, 132, 125, 127, 137, 121, 137, 144, 142, 157, 152, 185, 199, 214, 151, 242, 256, None, 169, 138, 153, 166, 147, 164, 176, 153, 185, 180, 159, 174, 200, None, None, None, 177, None, None]'}
2026-08-23 04:04:19.051 /testbed/rich/_ratio.py:68 rich._ratio.ratio_resolve event=line locals={'edge': 'FlexEdge(size=None, ratio=19, minimum_size=147)', 'index': '75'}
2026-08-23 04:04:19.051 /testbed/rich/_ratio.py:69 rich._ratio.ratio_resolve event=line locals={'remainder': 'Fraction(243, 293)', 'size': '270'}
2026-08-23 04:04:19.051 /testbed/rich/_ratio.py:67 rich._ratio.ratio_resolve event=line locals={'sizes': '[14, 28, 43, 57, 44, 85, 100, 114, 56, 142, 157, 170, 38, 200, 213, 228, 72, 256, 271, 65, 52, 60, 70, 71, 68, 99, 114, 128, 102, 157, 171, 185, 78, 213, 228, 242, 101, 270, 83, 100, 76, 92, 109, 86, 112, 117, 129, 142, 131, 171, 185, 199, 110, 228, 242, 256, 139, 104, 121, 132, 125, 127, 137, 121, 137, 144, 142, 157, 152, 185, 199, 214, 151, 242, 256, 270, 169, 138, 153, 166, 147, 164, 176, 153, 185, 180, 159, 174, 200, None, None, None, 177, None, None]'}
2026-08-23 04:04:19.051 /testbed/rich/_ratio.py:68 rich._ratio.ratio_resolve event=line locals={'edge': 'FlexEdge(size=None, ratio=14, minimum_size=163)', 'index': '89'}
2026-08-23 04:04:19.051 /testbed/rich/_ratio.py:69 rich._ratio.ratio_resolve event=line locals={'remainder': 'Fraction(30, 293)', 'size': '200'}
2026-08-23 04:04:19.051 /testbed/rich/_ratio.py:67 rich._ratio.ratio_resolve event=line locals={'sizes': '[14, 28, 43, 57, 44, 85, 100, 114, 56, 142, 157, 170, 38, 200, 213, 228, 72, 256, 271, 65, 52, 60, 70, 71, 68, 99, 114, 128, 102, 157, 171, 185, 78, 213, 228, 242, 101, 270, 83, 100, 76, 92, 109, 86, 112, 117, 129, 142, 131, 171, 185, 199, 110, 228, 242, 256, 139, 104, 121, 132, 125, 127, 137, 121, 137, 144, 142, 157, 152, 185, 199, 214, 151, 242, 256, 270, 169, 138, 153, 166, 147, 164, 176, 153, 185, 180, 159, 174, 200, 200, None, None, 177, None, None]'}
2026-08-23 04:04:19.051 /testbed/rich/_ratio.py:68 rich._ratio.ratio_resolve event=line locals={'edge': 'FlexEdge(size=None, ratio=15, minimum_size=182)', 'index': '90'}
2026-08-23 04:04:19.052 /testbed/rich/_ratio.py:69 rich._ratio.ratio_resolve event=line locals={'remainder': 'Fraction(357, 586)', 'size': '213'}
2026-08-23 04:04:19.052 /testbed/rich/_ratio.py:67 rich._ratio.ratio_resolve event=line locals={'sizes': '[14, 28, 43, 57, 44, 85, 100, 114, 56, 142, 157, 170, 38, 200, 213, 228, 72, 256, 271, 65, 52, 60, 70, 71, 68, 99, 114, 128, 102, 157, 171, 185, 78, 213, 228, 242, 101, 270, 83, 100, 76, 92, 109, 86, 112, 117, 129, 142, 131, 171, 185, 199, 110, 228, 242, 256, 139, 104, 121, 132, 125, 127, 137, 121, 137, 144, 142, 157, 152, 185, 199, 214, 151, 242, 256, 270, 169, 138, 153, 166, 147, 164, 176, 153, 185, 180, 159, 174, 200, 200, 213, None, 177, None, None]'}
2026-08-23 04:04:19.052 /testbed/rich/_ratio.py:68 rich._ratio.ratio_resolve event=line locals={'edge': 'FlexEdge(size=None, ratio=16, minimum_size=194)', 'index': '91'}
2026-08-23 04:04:19.052 /testbed/rich/_ratio.py:69 rich._ratio.ratio_resolve event=line locals={'remainder': 'Fraction(205, 586)', 'size': '228'}
2026-08-23 04:04:19.052 /testbed/rich/_ratio.py:67 rich._ratio.ratio_resolve event=line locals={'sizes': '[14, 28, 43, 57, 44, 85, 100, 114, 56, 142, 157, 170, 38, 200, 213, 228, 72, 256, 271, 65, 52, 60, 70, 71, 68, 99, 114, 128, 102, 157, 171, 185, 78, 213, 228, 242, 101, 270, 83, 100, 76, 92, 109, 86, 112, 117, 129, 142, 131, 171, 185, 199, 110, 228, 242, 256, 139, 104, 121, 132, 125, 127, 137, 121, 137, 144, 142, 157, 152, 185, 199, 214, 151, 242, 256, 270, 169, 138, 153, 166, 147, 164, 176, 153, 185, 180, 159, 174, 200, 200, 213, 228, 177, None, None]'}
2026-08-23 04:04:19.052 /testbed/rich/_ratio.py:68 rich._ratio.ratio_resolve event=line locals={'edge': 'FlexEdge(size=None, ratio=18, minimum_size=190)', 'index': '93'}
2026-08-23 04:04:19.052 /testbed/rich/_ratio.py:69 rich._ratio.ratio_resolve event=line locals={'remainder': 'Fraction(327, 586)', 'size': '256'}
2026-08-23 04:04:19.052 /testbed/rich/_ratio.py:67 rich._ratio.ratio_resolve event=line locals={'sizes': '[14, 28, 43, 57, 44, 85, 100, 114, 56, 142, 157, 170, 38, 200, 213, 228, 72, 256, 271, 65, 52, 60, 70, 71, 68, 99, 114, 128, 102, 157, 171, 185, 78, 213, 228, 242, 101, 270, 83, 100, 76, 92, 109, 86, 112, 117, 129, 142, 131, 171, 185, 199, 110, 228, 242, 256, 139, 104, 121, 132, 125, 127, 137, 121, 137, 144, 142, 157, 152, 185, 199, 214, 151, 242, 256, 270, 169, 138, 153, 166, 147, 164, 176, 153, 185, 180, 159, 174, 200, 200, 213, 228, 177, 256, None]'}
2026-08-23 04:04:19.052 /testbed/rich/_ratio.py:68 rich._ratio.ratio_resolve event=line locals={'edge': 'FlexEdge(size=None, ratio=19, minimum_size=164)', 'index': '94'}
2026-08-23 04:04:19.053 /testbed/rich/_ratio.py:69 rich._ratio.ratio_resolve event=line locals={'remainder': 'Fraction(0, 1)', 'size': '271'}
2026-08-23 04:04:19.053 /testbed/rich/_ratio.py:67 rich._ratio.ratio_resolve event=line locals={'sizes': '[14, 28, 43, 57, 44, 85, 100, 114, 56, 142, 157, 170, 38, 200, 213, 228, 72, 256, 271, 65, 52, 60, 70, 71, 68, 99, 114, 128, 102, 157, 171, 185, 78, 213, 228, 242, 101, 270, 83, 100, 76, 92, 109, 86, 112, 117, 129, 142, 131, 171, 185, 199, 110, 228, 242, 256, 139, 104, 121, 132, 125, 127, 137, 121, 137, 144, 142, 157, 152, 185, 199, 214, 151, 242, 256, 270, 169, 138, 153, 166, 147, 164, 176, 153, 185, 180, 159, 174, 200, 200, 213, 228, 177, 256, 271]'}
2026-08-23 04:04:19.053 /testbed/rich/_ratio.py:70 rich._ratio.ratio_resolve event=line locals={}
2026-08-23 04:04:19.053 /testbed/rich/_ratio.py:72 rich._ratio.ratio_resolve event=line locals={}
2026-08-23 04:04:19.053 /testbed/rich/_ratio.py:72 rich._ratio.ratio_resolve event=return retval=[14, 28, 43, 57, 44, 85, 100, 114, 56, 142, 157, 170, 38, 200, 213, 228, 72, 256, 271, 65, 52, 60, 70, 71, 68, 99, 114, 128, 102, 157, 171, 185, 78, 213, 228, 242, 101, 270, 83, 100, 76, 92, 109, 86, 112, 117, 129, 142, 131, 171, 185, 199, 110, 228, 242, 256, 139, 104, 121, 132, 125, 127, 137, 121, 137, 144, 142, 157, 152, 185, 199, 214, 151, 242, 256, 270, 169, 138, 153, 166, 147, 164, 176, 153, 185, 180, 159, 174, 200, 200, 213, 228, 177, 256, 271] locals={'edge': 'FlexEdge(size=None, ratio=19, minimum_size=164)', 'edges': '[FlexEdge(size=None, ratio=1, minimum_size=11), FlexEdge(size=None, ratio=2, minimum_size=25), FlexEdge(size=None, ratio=3, minimum_size=34), FlexEdge(size=None, ratio=4, minimum_size=19), FlexEdge(size=44, ratio=5, minimum_size=32), FlexEdge(size=None, ratio=6, minimum_size=44), FlexEdge(size=None, ratio=7, minimum_size=25), FlexEdge(size=None, ratio=8, minimum_size=38), FlexEdge(size=56, ratio=9, minimum_size=49), FlexEdge(size=None, ratio=10, minimum_size=30), FlexEdge(size=None, ratio=11, mi...', 'flexible_edges': '[(0, FlexEdge(size=None, ratio=1, minimum_size=11)), (1, FlexEdge(size=None, ratio=2, minimum_size=25)), (2, FlexEdge(size=None, ratio=3, minimum_size=34)), (3, FlexEdge(size=None, ratio=4, minimum_size=19)), (5, FlexEdge(size=None, ratio=6, minimum_size=44)), (6, FlexEdge(size=None, ratio=7, minimum_size=25)), (7, FlexEdge(size=None, ratio=8, minimum_size=38)), (9, FlexEdge(size=None, ratio=10, minimum_size=30)), (10, FlexEdge(size=None, ratio=11, minimum_size=45)), (11, FlexEdge(size=None, rat...', 'index': '94', 'portion': 'Fraction(8341, 586)', 'remainder': 'Fraction(0, 1)', 'remaining': '8341', 'size': '271', 'sizes': '[14, 28, 43, 57, 44, 85, 100, 114, 56, 142, 157, 170, 38, 200, 213, 228, 72, 256, 271, 65, 52, 60, 70, 71, 68, 99, 114, 128, 102, 157, 171, 185, 78, 213, 228, 242, 101, 270, 83, 100, 76, 92, 109, 86, 112, 117, 129, 142, 131, 171, 185, 199, 110, 228, 242, 256, 139, 104, 121, 132, 125, 127, 137, 121, 137, 144, 142, 157, 152, 185, 199, 214, 151, 242, 256, 270, 169, 138, 153, 166, 147, 164, 176, 153, 185, 180, 159, 174, 200, 200, 213, 228, 177, 256, 271]', 'total': '14094'}
