2026-08-22 22:40:08.065 [TRACE][START] pid=47 TRACE_OUT='/testbed/logs/kedro_qa/starters_make_cookiecutter_args_and_fetch_template_s4_dataflow__pert_llm_s0/trace.log' TRACE_FILE='kedro/framework/cli/starters.py' TRACE_FUNCS=['_make_cookiecutter_args_and_fetch_template'] TRACE_EVENTS=['call', 'exception', 'line', 'return']
2026-08-22 22:40:08.353 /testbed/kedro/framework/cli/starters.py:774 kedro.framework.cli.starters._make_cookiecutter_args_and_fetch_template event=call locals={'checkout': 'None', 'config': '{\'tools\': "[\'PySpark\']", \'project_name\': \'spark-benchmark-project\', \'kedro_version\': \'1.0.0\', \'example_pipeline\': \'False\'}', 'directory': 'None', 'template_path': "'/testbed/kedro/templates/project'"}
2026-08-22 22:40:08.353 /testbed/kedro/framework/cli/starters.py:799 kedro.framework.cli.starters._make_cookiecutter_args_and_fetch_template event=line locals={}
2026-08-22 22:40:08.354 /testbed/kedro/framework/cli/starters.py:800 kedro.framework.cli.starters._make_cookiecutter_args_and_fetch_template event=line locals={}
2026-08-22 22:40:08.354 /testbed/kedro/framework/cli/starters.py:801 kedro.framework.cli.starters._make_cookiecutter_args_and_fetch_template event=line locals={}
2026-08-22 22:40:08.354 /testbed/kedro/framework/cli/starters.py:798 kedro.framework.cli.starters._make_cookiecutter_args_and_fetch_template event=line locals={}
2026-08-22 22:40:08.354 /testbed/kedro/framework/cli/starters.py:804 kedro.framework.cli.starters._make_cookiecutter_args_and_fetch_template event=line locals={'cookiecutter_args': '{\'output_dir\': \'/testbed\', \'no_input\': True, \'extra_context\': {\'tools\': "[\'PySpark\']", \'project_name\': \'spark-benchmark-project\', \'kedro_version\': \'1.0.0\', \'example_pipeline\': \'False\'}}'}
2026-08-22 22:40:08.354 /testbed/kedro/framework/cli/starters.py:806 kedro.framework.cli.starters._make_cookiecutter_args_and_fetch_template event=line locals={}
2026-08-22 22:40:08.354 /testbed/kedro/framework/cli/starters.py:808 kedro.framework.cli.starters._make_cookiecutter_args_and_fetch_template event=line locals={'cookiecutter_args': '{\'output_dir\': \'/testbed\', \'no_input\': True, \'extra_context\': {\'tools\': "[\'PySpark\']", \'project_name\': \'spark-benchmark-project\', \'kedro_version\': \'1.0.0\', \'example_pipeline\': \'False\'}, \'checkout\': None}'}
2026-08-22 22:40:08.354 /testbed/kedro/framework/cli/starters.py:809 kedro.framework.cli.starters._make_cookiecutter_args_and_fetch_template event=line locals={'tools': '"[\'PySpark\']"'}
2026-08-22 22:40:08.354 /testbed/kedro/framework/cli/starters.py:810 kedro.framework.cli.starters._make_cookiecutter_args_and_fetch_template event=line locals={'example_pipeline': "'False'"}
2026-08-22 22:40:08.354 /testbed/kedro/framework/cli/starters.py:812 kedro.framework.cli.starters._make_cookiecutter_args_and_fetch_template event=line locals={'starter_path': "'git+https://github.com/kedro-org/kedro-starters.git'"}
2026-08-22 22:40:08.354 /testbed/kedro/framework/cli/starters.py:814 kedro.framework.cli.starters._make_cookiecutter_args_and_fetch_template event=line locals={}
2026-08-22 22:40:08.354 /testbed/kedro/framework/cli/starters.py:815 kedro.framework.cli.starters._make_cookiecutter_args_and_fetch_template event=line locals={'cookiecutter_args': '{\'output_dir\': \'/testbed\', \'no_input\': True, \'extra_context\': {\'tools\': "[\'PySpark\']", \'project_name\': \'spark-benchmark-project\', \'kedro_version\': \'1.0.0\', \'example_pipeline\': \'False\'}, \'checkout\': None, \'directory\': \'spaceflights-pyspark\'}'}
2026-08-22 22:40:08.354 /testbed/kedro/framework/cli/starters.py:816 kedro.framework.cli.starters._make_cookiecutter_args_and_fetch_template event=line locals={}
2026-08-22 22:40:08.354 /testbed/kedro/framework/cli/starters.py:815 kedro.framework.cli.starters._make_cookiecutter_args_and_fetch_template event=line locals={}
2026-08-22 22:40:08.354 /testbed/kedro/framework/cli/starters.py:828 kedro.framework.cli.starters._make_cookiecutter_args_and_fetch_template event=line locals={'cookiecutter_args': '{\'output_dir\': \'/testbed\', \'no_input\': True, \'extra_context\': {\'tools\': "[\'PySpark\']", \'project_name\': \'spark-benchmark-project\', \'kedro_version\': \'1.0.0\', \'example_pipeline\': \'False\'}, \'checkout\': \'1.0.0\', \'directory\': \'spaceflights-pyspark\'}'}
2026-08-22 22:40:08.354 /testbed/kedro/framework/cli/starters.py:828 kedro.framework.cli.starters._make_cookiecutter_args_and_fetch_template event=return retval=({'output_dir': '/testbed', 'no_input': True, 'extra_context': {'tools': "['PySpark']", 'project_name': 'spark-benchmark-project', 'kedro_version': '1.0.0', 'example_pipeline': 'False'}, 'checkout': '1.0.0', 'directory': 'spaceflights-pyspark'}, 'git+https://github.com/kedro-org/kedro-starters.git') locals={'checkout': 'None', 'config': '{\'tools\': "[\'PySpark\']", \'project_name\': \'spark-benchmark-project\', \'kedro_version\': \'1.0.0\', \'example_pipeline\': \'False\'}', 'cookiecutter_args': '{\'output_dir\': \'/testbed\', \'no_input\': True, \'extra_context\': {\'tools\': "[\'PySpark\']", \'project_name\': \'spark-benchmark-project\', \'kedro_version\': \'1.0.0\', \'example_pipeline\': \'False\'}, \'checkout\': \'1.0.0\', \'directory\': \'spaceflights-pyspark\'}', 'directory': 'None', 'example_pipeline': "'False'", 'starter_path': "'git+https://github.com/kedro-org/kedro-starters.git'", 'template_path': "'/testbed/kedro/templates/project'", 'tools': '"[\'PySpark\']"'}
2026-08-22 22:40:08.509 /testbed/kedro/framework/cli/starters.py:774 kedro.framework.cli.starters._make_cookiecutter_args_and_fetch_template event=call locals={'checkout': 'None', 'config': '{\'tools\': "[\'Linting\', \'Testing\']", \'project_name\': \'pandas-pipeline-alpha\', \'example_pipeline\': \'True\', \'kedro_version\': \'1.0.0\'}', 'directory': 'None', 'template_path': "'/testbed/kedro/templates/project'"}
2026-08-22 22:40:08.509 /testbed/kedro/framework/cli/starters.py:799 kedro.framework.cli.starters._make_cookiecutter_args_and_fetch_template event=line locals={}
2026-08-22 22:40:08.509 /testbed/kedro/framework/cli/starters.py:800 kedro.framework.cli.starters._make_cookiecutter_args_and_fetch_template event=line locals={}
2026-08-22 22:40:08.509 /testbed/kedro/framework/cli/starters.py:801 kedro.framework.cli.starters._make_cookiecutter_args_and_fetch_template event=line locals={}
2026-08-22 22:40:08.509 /testbed/kedro/framework/cli/starters.py:798 kedro.framework.cli.starters._make_cookiecutter_args_and_fetch_template event=line locals={}
2026-08-22 22:40:08.509 /testbed/kedro/framework/cli/starters.py:804 kedro.framework.cli.starters._make_cookiecutter_args_and_fetch_template event=line locals={'cookiecutter_args': '{\'output_dir\': \'/testbed\', \'no_input\': True, \'extra_context\': {\'tools\': "[\'Linting\', \'Testing\']", \'project_name\': \'pandas-pipeline-alpha\', \'example_pipeline\': \'True\', \'kedro_version\': \'1.0.0\'}}'}
2026-08-22 22:40:08.509 /testbed/kedro/framework/cli/starters.py:806 kedro.framework.cli.starters._make_cookiecutter_args_and_fetch_template event=line locals={}
2026-08-22 22:40:08.509 /testbed/kedro/framework/cli/starters.py:808 kedro.framework.cli.starters._make_cookiecutter_args_and_fetch_template event=line locals={'cookiecutter_args': '{\'output_dir\': \'/testbed\', \'no_input\': True, \'extra_context\': {\'tools\': "[\'Linting\', \'Testing\']", \'project_name\': \'pandas-pipeline-alpha\', \'example_pipeline\': \'True\', \'kedro_version\': \'1.0.0\'}, \'checkout\': None}'}
2026-08-22 22:40:08.509 /testbed/kedro/framework/cli/starters.py:809 kedro.framework.cli.starters._make_cookiecutter_args_and_fetch_template event=line locals={'tools': '"[\'Linting\', \'Testing\']"'}
2026-08-22 22:40:08.510 /testbed/kedro/framework/cli/starters.py:810 kedro.framework.cli.starters._make_cookiecutter_args_and_fetch_template event=line locals={'example_pipeline': "'True'"}
2026-08-22 22:40:08.510 /testbed/kedro/framework/cli/starters.py:812 kedro.framework.cli.starters._make_cookiecutter_args_and_fetch_template event=line locals={'starter_path': "'git+https://github.com/kedro-org/kedro-starters.git'"}
2026-08-22 22:40:08.510 /testbed/kedro/framework/cli/starters.py:818 kedro.framework.cli.starters._make_cookiecutter_args_and_fetch_template event=line locals={}
2026-08-22 22:40:08.510 /testbed/kedro/framework/cli/starters.py:820 kedro.framework.cli.starters._make_cookiecutter_args_and_fetch_template event=line locals={}
2026-08-22 22:40:08.510 /testbed/kedro/framework/cli/starters.py:821 kedro.framework.cli.starters._make_cookiecutter_args_and_fetch_template event=line locals={'cookiecutter_args': '{\'output_dir\': \'/testbed\', \'no_input\': True, \'extra_context\': {\'tools\': "[\'Linting\', \'Testing\']", \'project_name\': \'pandas-pipeline-alpha\', \'example_pipeline\': \'True\', \'kedro_version\': \'1.0.0\'}, \'checkout\': None, \'directory\': \'spaceflights-pandas\'}'}
2026-08-22 22:40:08.510 /testbed/kedro/framework/cli/starters.py:822 kedro.framework.cli.starters._make_cookiecutter_args_and_fetch_template event=line locals={}
2026-08-22 22:40:08.510 /testbed/kedro/framework/cli/starters.py:821 kedro.framework.cli.starters._make_cookiecutter_args_and_fetch_template event=line locals={}
2026-08-22 22:40:08.510 /testbed/kedro/framework/cli/starters.py:828 kedro.framework.cli.starters._make_cookiecutter_args_and_fetch_template event=line locals={'cookiecutter_args': '{\'output_dir\': \'/testbed\', \'no_input\': True, \'extra_context\': {\'tools\': "[\'Linting\', \'Testing\']", \'project_name\': \'pandas-pipeline-alpha\', \'example_pipeline\': \'True\', \'kedro_version\': \'1.0.0\'}, \'checkout\': \'1.0.0\', \'directory\': \'spaceflights-pandas\'}'}
2026-08-22 22:40:08.510 /testbed/kedro/framework/cli/starters.py:828 kedro.framework.cli.starters._make_cookiecutter_args_and_fetch_template event=return retval=({'output_dir': '/testbed', 'no_input': True, 'extra_context': {'tools': "['Linting', 'Testing']", 'project_name': 'pandas-pipeline-alpha', 'example_pipeline': 'True', 'kedro_version': '1.0.0'}, 'checkout': '1.0.0', 'directory': 'spaceflights-pandas'}, 'git+https://github.com/kedro-org/kedro-starters.git') locals={'checkout': 'None', 'config': '{\'tools\': "[\'Linting\', \'Testing\']", \'project_name\': \'pandas-pipeline-alpha\', \'example_pipeline\': \'True\', \'kedro_version\': \'1.0.0\'}', 'cookiecutter_args': '{\'output_dir\': \'/testbed\', \'no_input\': True, \'extra_context\': {\'tools\': "[\'Linting\', \'Testing\']", \'project_name\': \'pandas-pipeline-alpha\', \'example_pipeline\': \'True\', \'kedro_version\': \'1.0.0\'}, \'checkout\': \'1.0.0\', \'directory\': \'spaceflights-pandas\'}', 'directory': 'None', 'example_pipeline': "'True'", 'starter_path': "'git+https://github.com/kedro-org/kedro-starters.git'", 'template_path': "'/testbed/kedro/templates/project'", 'tools': '"[\'Linting\', \'Testing\']"'}
2026-08-22 22:40:08.672 /testbed/kedro/framework/cli/starters.py:774 kedro.framework.cli.starters._make_cookiecutter_args_and_fetch_template event=call locals={'checkout': 'None', 'config': '{\'tools\': "[\'None\']", \'example_pipeline\': \'False\', \'kedro_version\': \'1.0.0\'}', 'directory': 'None', 'template_path': "'/testbed/kedro/templates/project'"}
2026-08-22 22:40:08.672 /testbed/kedro/framework/cli/starters.py:799 kedro.framework.cli.starters._make_cookiecutter_args_and_fetch_template event=line locals={}
2026-08-22 22:40:08.673 /testbed/kedro/framework/cli/starters.py:800 kedro.framework.cli.starters._make_cookiecutter_args_and_fetch_template event=line locals={}
2026-08-22 22:40:08.673 /testbed/kedro/framework/cli/starters.py:801 kedro.framework.cli.starters._make_cookiecutter_args_and_fetch_template event=line locals={}
2026-08-22 22:40:08.673 /testbed/kedro/framework/cli/starters.py:798 kedro.framework.cli.starters._make_cookiecutter_args_and_fetch_template event=line locals={}
2026-08-22 22:40:08.673 /testbed/kedro/framework/cli/starters.py:804 kedro.framework.cli.starters._make_cookiecutter_args_and_fetch_template event=line locals={'cookiecutter_args': '{\'output_dir\': \'/testbed\', \'no_input\': True, \'extra_context\': {\'tools\': "[\'None\']", \'example_pipeline\': \'False\', \'kedro_version\': \'1.0.0\'}}'}
2026-08-22 22:40:08.673 /testbed/kedro/framework/cli/starters.py:806 kedro.framework.cli.starters._make_cookiecutter_args_and_fetch_template event=line locals={}
2026-08-22 22:40:08.673 /testbed/kedro/framework/cli/starters.py:808 kedro.framework.cli.starters._make_cookiecutter_args_and_fetch_template event=line locals={'cookiecutter_args': '{\'output_dir\': \'/testbed\', \'no_input\': True, \'extra_context\': {\'tools\': "[\'None\']", \'example_pipeline\': \'False\', \'kedro_version\': \'1.0.0\'}, \'checkout\': None}'}
2026-08-22 22:40:08.673 /testbed/kedro/framework/cli/starters.py:809 kedro.framework.cli.starters._make_cookiecutter_args_and_fetch_template event=line locals={'tools': '"[\'None\']"'}
2026-08-22 22:40:08.673 /testbed/kedro/framework/cli/starters.py:810 kedro.framework.cli.starters._make_cookiecutter_args_and_fetch_template event=line locals={'example_pipeline': "'False'"}
2026-08-22 22:40:08.673 /testbed/kedro/framework/cli/starters.py:812 kedro.framework.cli.starters._make_cookiecutter_args_and_fetch_template event=line locals={'starter_path': "'git+https://github.com/kedro-org/kedro-starters.git'"}
2026-08-22 22:40:08.673 /testbed/kedro/framework/cli/starters.py:818 kedro.framework.cli.starters._make_cookiecutter_args_and_fetch_template event=line locals={}
2026-08-22 22:40:08.673 /testbed/kedro/framework/cli/starters.py:826 kedro.framework.cli.starters._make_cookiecutter_args_and_fetch_template event=line locals={}
2026-08-22 22:40:08.673 /testbed/kedro/framework/cli/starters.py:828 kedro.framework.cli.starters._make_cookiecutter_args_and_fetch_template event=line locals={'starter_path': "'/testbed/kedro/templates/project'"}
2026-08-22 22:40:08.673 /testbed/kedro/framework/cli/starters.py:828 kedro.framework.cli.starters._make_cookiecutter_args_and_fetch_template event=return retval=({'output_dir': '/testbed', 'no_input': True, 'extra_context': {'tools': "['None']", 'example_pipeline': 'False', 'kedro_version': '1.0.0'}, 'checkout': None}, '/testbed/kedro/templates/project') locals={'checkout': 'None', 'config': '{\'tools\': "[\'None\']", \'example_pipeline\': \'False\', \'kedro_version\': \'1.0.0\'}', 'cookiecutter_args': '{\'output_dir\': \'/testbed\', \'no_input\': True, \'extra_context\': {\'tools\': "[\'None\']", \'example_pipeline\': \'False\', \'kedro_version\': \'1.0.0\'}, \'checkout\': None}', 'directory': 'None', 'example_pipeline': "'False'", 'starter_path': "'/testbed/kedro/templates/project'", 'template_path': "'/testbed/kedro/templates/project'", 'tools': '"[\'None\']"'}
2026-08-22 22:40:08.827 /testbed/kedro/framework/cli/starters.py:774 kedro.framework.cli.starters._make_cookiecutter_args_and_fetch_template event=call locals={'checkout': "'release/2.1.0-rc1'", 'config': '{\'project_name\': \'custom-starter-project\', \'kedro_version\': \'1.0.0\', \'tools\': "[\'None\']", \'example_pipeline\': \'False\'}', 'directory': "'deeply/nested/custom/starter/dir'", 'template_path': "'custom-starter-v2'"}
2026-08-22 22:40:08.827 /testbed/kedro/framework/cli/starters.py:799 kedro.framework.cli.starters._make_cookiecutter_args_and_fetch_template event=line locals={}
2026-08-22 22:40:08.828 /testbed/kedro/framework/cli/starters.py:800 kedro.framework.cli.starters._make_cookiecutter_args_and_fetch_template event=line locals={}
2026-08-22 22:40:08.828 /testbed/kedro/framework/cli/starters.py:801 kedro.framework.cli.starters._make_cookiecutter_args_and_fetch_template event=line locals={}
2026-08-22 22:40:08.828 /testbed/kedro/framework/cli/starters.py:798 kedro.framework.cli.starters._make_cookiecutter_args_and_fetch_template event=line locals={}
2026-08-22 22:40:08.828 /testbed/kedro/framework/cli/starters.py:804 kedro.framework.cli.starters._make_cookiecutter_args_and_fetch_template event=line locals={'cookiecutter_args': '{\'output_dir\': \'/testbed\', \'no_input\': True, \'extra_context\': {\'project_name\': \'custom-starter-project\', \'kedro_version\': \'1.0.0\', \'tools\': "[\'None\']", \'example_pipeline\': \'False\'}}'}
2026-08-22 22:40:08.828 /testbed/kedro/framework/cli/starters.py:805 kedro.framework.cli.starters._make_cookiecutter_args_and_fetch_template event=line locals={}
2026-08-22 22:40:08.828 /testbed/kedro/framework/cli/starters.py:806 kedro.framework.cli.starters._make_cookiecutter_args_and_fetch_template event=line locals={'cookiecutter_args': '{\'output_dir\': \'/testbed\', \'no_input\': True, \'extra_context\': {\'project_name\': \'custom-starter-project\', \'kedro_version\': \'1.0.0\', \'tools\': "[\'None\']", \'example_pipeline\': \'False\'}, \'directory\': \'deeply/nested/custom/starter/dir\'}'}
2026-08-22 22:40:08.828 /testbed/kedro/framework/cli/starters.py:808 kedro.framework.cli.starters._make_cookiecutter_args_and_fetch_template event=line locals={'cookiecutter_args': '{\'output_dir\': \'/testbed\', \'no_input\': True, \'extra_context\': {\'project_name\': \'custom-starter-project\', \'kedro_version\': \'1.0.0\', \'tools\': "[\'None\']", \'example_pipeline\': \'False\'}, \'directory\': \'deeply/nested/custom/starter/dir\', \'checkout\': \'release/2.1.0-rc1\'}'}
2026-08-22 22:40:08.828 /testbed/kedro/framework/cli/starters.py:809 kedro.framework.cli.starters._make_cookiecutter_args_and_fetch_template event=line locals={'tools': '"[\'None\']"'}
2026-08-22 22:40:08.828 /testbed/kedro/framework/cli/starters.py:810 kedro.framework.cli.starters._make_cookiecutter_args_and_fetch_template event=line locals={'example_pipeline': "'False'"}
2026-08-22 22:40:08.828 /testbed/kedro/framework/cli/starters.py:812 kedro.framework.cli.starters._make_cookiecutter_args_and_fetch_template event=line locals={'starter_path': "'git+https://github.com/kedro-org/kedro-starters.git'"}
2026-08-22 22:40:08.828 /testbed/kedro/framework/cli/starters.py:818 kedro.framework.cli.starters._make_cookiecutter_args_and_fetch_template event=line locals={}
2026-08-22 22:40:08.828 /testbed/kedro/framework/cli/starters.py:826 kedro.framework.cli.starters._make_cookiecutter_args_and_fetch_template event=line locals={}
2026-08-22 22:40:08.828 /testbed/kedro/framework/cli/starters.py:828 kedro.framework.cli.starters._make_cookiecutter_args_and_fetch_template event=line locals={'starter_path': "'custom-starter-v2'"}
2026-08-22 22:40:08.828 /testbed/kedro/framework/cli/starters.py:828 kedro.framework.cli.starters._make_cookiecutter_args_and_fetch_template event=return retval=({'output_dir': '/testbed', 'no_input': True, 'extra_context': {'project_name': 'custom-starter-project', 'kedro_version': '1.0.0', 'tools': "['None']", 'example_pipeline': 'False'}, 'directory': 'deeply/nested/custom/starter/dir', 'checkout': 'release/2.1.0-rc1'}, 'custom-starter-v2') locals={'checkout': "'release/2.1.0-rc1'", 'config': '{\'project_name\': \'custom-starter-project\', \'kedro_version\': \'1.0.0\', \'tools\': "[\'None\']", \'example_pipeline\': \'False\'}', 'cookiecutter_args': '{\'output_dir\': \'/testbed\', \'no_input\': True, \'extra_context\': {\'project_name\': \'custom-starter-project\', \'kedro_version\': \'1.0.0\', \'tools\': "[\'None\']", \'example_pipeline\': \'False\'}, \'directory\': \'deeply/nested/custom/starter/dir\', \'checkout\': \'release/2.1.0-rc1\'}', 'directory': "'deeply/nested/custom/starter/dir'", 'example_pipeline': "'False'", 'starter_path': "'custom-starter-v2'", 'template_path': "'custom-starter-v2'", 'tools': '"[\'None\']"'}
2026-08-22 22:40:08.979 /testbed/kedro/framework/cli/starters.py:774 kedro.framework.cli.starters._make_cookiecutter_args_and_fetch_template event=call locals={'checkout': "'main'", 'config': '{\'project_name\': \'databricks-iris-bench\', \'kedro_version\': \'1.0.0\', \'tools\': "[\'None\']", \'example_pipeline\': \'False\'}', 'directory': "'databricks-iris'", 'template_path': "'git+https://github.com/kedro-org/kedro-starters.git'"}
2026-08-22 22:40:08.979 /testbed/kedro/framework/cli/starters.py:799 kedro.framework.cli.starters._make_cookiecutter_args_and_fetch_template event=line locals={}
2026-08-22 22:40:08.980 /testbed/kedro/framework/cli/starters.py:800 kedro.framework.cli.starters._make_cookiecutter_args_and_fetch_template event=line locals={}
2026-08-22 22:40:08.980 /testbed/kedro/framework/cli/starters.py:801 kedro.framework.cli.starters._make_cookiecutter_args_and_fetch_template event=line locals={}
2026-08-22 22:40:08.980 /testbed/kedro/framework/cli/starters.py:798 kedro.framework.cli.starters._make_cookiecutter_args_and_fetch_template event=line locals={}
2026-08-22 22:40:08.980 /testbed/kedro/framework/cli/starters.py:804 kedro.framework.cli.starters._make_cookiecutter_args_and_fetch_template event=line locals={'cookiecutter_args': '{\'output_dir\': \'/testbed\', \'no_input\': True, \'extra_context\': {\'project_name\': \'databricks-iris-bench\', \'kedro_version\': \'1.0.0\', \'tools\': "[\'None\']", \'example_pipeline\': \'False\'}}'}
2026-08-22 22:40:08.980 /testbed/kedro/framework/cli/starters.py:805 kedro.framework.cli.starters._make_cookiecutter_args_and_fetch_template event=line locals={}
2026-08-22 22:40:08.980 /testbed/kedro/framework/cli/starters.py:806 kedro.framework.cli.starters._make_cookiecutter_args_and_fetch_template event=line locals={'cookiecutter_args': '{\'output_dir\': \'/testbed\', \'no_input\': True, \'extra_context\': {\'project_name\': \'databricks-iris-bench\', \'kedro_version\': \'1.0.0\', \'tools\': "[\'None\']", \'example_pipeline\': \'False\'}, \'directory\': \'databricks-iris\'}'}
2026-08-22 22:40:08.980 /testbed/kedro/framework/cli/starters.py:808 kedro.framework.cli.starters._make_cookiecutter_args_and_fetch_template event=line locals={'cookiecutter_args': '{\'output_dir\': \'/testbed\', \'no_input\': True, \'extra_context\': {\'project_name\': \'databricks-iris-bench\', \'kedro_version\': \'1.0.0\', \'tools\': "[\'None\']", \'example_pipeline\': \'False\'}, \'directory\': \'databricks-iris\', \'checkout\': \'main\'}'}
2026-08-22 22:40:08.980 /testbed/kedro/framework/cli/starters.py:809 kedro.framework.cli.starters._make_cookiecutter_args_and_fetch_template event=line locals={'tools': '"[\'None\']"'}
2026-08-22 22:40:08.980 /testbed/kedro/framework/cli/starters.py:810 kedro.framework.cli.starters._make_cookiecutter_args_and_fetch_template event=line locals={'example_pipeline': "'False'"}
2026-08-22 22:40:08.980 /testbed/kedro/framework/cli/starters.py:812 kedro.framework.cli.starters._make_cookiecutter_args_and_fetch_template event=line locals={'starter_path': "'git+https://github.com/kedro-org/kedro-starters.git'"}
2026-08-22 22:40:08.980 /testbed/kedro/framework/cli/starters.py:818 kedro.framework.cli.starters._make_cookiecutter_args_and_fetch_template event=line locals={}
2026-08-22 22:40:08.980 /testbed/kedro/framework/cli/starters.py:826 kedro.framework.cli.starters._make_cookiecutter_args_and_fetch_template event=line locals={}
2026-08-22 22:40:08.980 /testbed/kedro/framework/cli/starters.py:828 kedro.framework.cli.starters._make_cookiecutter_args_and_fetch_template event=line locals={}
2026-08-22 22:40:08.980 /testbed/kedro/framework/cli/starters.py:828 kedro.framework.cli.starters._make_cookiecutter_args_and_fetch_template event=return retval=({'output_dir': '/testbed', 'no_input': True, 'extra_context': {'project_name': 'databricks-iris-bench', 'kedro_version': '1.0.0', 'tools': "['None']", 'example_pipeline': 'False'}, 'directory': 'databricks-iris', 'checkout': 'main'}, 'git+https://github.com/kedro-org/kedro-starters.git') locals={'checkout': "'main'", 'config': '{\'project_name\': \'databricks-iris-bench\', \'kedro_version\': \'1.0.0\', \'tools\': "[\'None\']", \'example_pipeline\': \'False\'}', 'cookiecutter_args': '{\'output_dir\': \'/testbed\', \'no_input\': True, \'extra_context\': {\'project_name\': \'databricks-iris-bench\', \'kedro_version\': \'1.0.0\', \'tools\': "[\'None\']", \'example_pipeline\': \'False\'}, \'directory\': \'databricks-iris\', \'checkout\': \'main\'}', 'directory': "'databricks-iris'", 'example_pipeline': "'False'", 'starter_path': "'git+https://github.com/kedro-org/kedro-starters.git'", 'template_path': "'git+https://github.com/kedro-org/kedro-starters.git'", 'tools': '"[\'None\']"'}
2026-08-22 22:40:09.131 /testbed/kedro/framework/cli/starters.py:774 kedro.framework.cli.starters._make_cookiecutter_args_and_fetch_template event=call locals={'checkout': 'None', 'config': '{\'tools\': "[\'Linting\', \'Testing\', \'Custom Logging\', \'Documentation\', \'Data Structure\', \'PySpark\']", \'project_name\': \'all-tools-project\', \'example_pipeline\': \'True\', \'kedro_version\': \'1.0.0\'}', 'directory': 'None', 'template_path': "'/testbed/kedro/templates/project'"}
2026-08-22 22:40:09.131 /testbed/kedro/framework/cli/starters.py:799 kedro.framework.cli.starters._make_cookiecutter_args_and_fetch_template event=line locals={}
2026-08-22 22:40:09.132 /testbed/kedro/framework/cli/starters.py:800 kedro.framework.cli.starters._make_cookiecutter_args_and_fetch_template event=line locals={}
2026-08-22 22:40:09.132 /testbed/kedro/framework/cli/starters.py:801 kedro.framework.cli.starters._make_cookiecutter_args_and_fetch_template event=line locals={}
2026-08-22 22:40:09.132 /testbed/kedro/framework/cli/starters.py:798 kedro.framework.cli.starters._make_cookiecutter_args_and_fetch_template event=line locals={}
2026-08-22 22:40:09.132 /testbed/kedro/framework/cli/starters.py:804 kedro.framework.cli.starters._make_cookiecutter_args_and_fetch_template event=line locals={'cookiecutter_args': '{\'output_dir\': \'/testbed\', \'no_input\': True, \'extra_context\': {\'tools\': "[\'Linting\', \'Testing\', \'Custom Logging\', \'Documentation\', \'Data Structure\', \'PySpark\']", \'project_name\': \'all-tools-project\', \'example_pipeline\': \'True\', \'kedro_version\': \'1.0.0\'}}'}
2026-08-22 22:40:09.132 /testbed/kedro/framework/cli/starters.py:806 kedro.framework.cli.starters._make_cookiecutter_args_and_fetch_template event=line locals={}
2026-08-22 22:40:09.132 /testbed/kedro/framework/cli/starters.py:808 kedro.framework.cli.starters._make_cookiecutter_args_and_fetch_template event=line locals={'cookiecutter_args': '{\'output_dir\': \'/testbed\', \'no_input\': True, \'extra_context\': {\'tools\': "[\'Linting\', \'Testing\', \'Custom Logging\', \'Documentation\', \'Data Structure\', \'PySpark\']", \'project_name\': \'all-tools-project\', \'example_pipeline\': \'True\', \'kedro_version\': \'1.0.0\'}, \'checkout\': None}'}
2026-08-22 22:40:09.132 /testbed/kedro/framework/cli/starters.py:809 kedro.framework.cli.starters._make_cookiecutter_args_and_fetch_template event=line locals={'tools': '"[\'Linting\', \'Testing\', \'Custom Logging\', \'Documentation\', \'Data Structure\', \'PySpark\']"'}
2026-08-22 22:40:09.132 /testbed/kedro/framework/cli/starters.py:810 kedro.framework.cli.starters._make_cookiecutter_args_and_fetch_template event=line locals={'example_pipeline': "'True'"}
2026-08-22 22:40:09.132 /testbed/kedro/framework/cli/starters.py:812 kedro.framework.cli.starters._make_cookiecutter_args_and_fetch_template event=line locals={'starter_path': "'git+https://github.com/kedro-org/kedro-starters.git'"}
2026-08-22 22:40:09.132 /testbed/kedro/framework/cli/starters.py:814 kedro.framework.cli.starters._make_cookiecutter_args_and_fetch_template event=line locals={}
2026-08-22 22:40:09.132 /testbed/kedro/framework/cli/starters.py:815 kedro.framework.cli.starters._make_cookiecutter_args_and_fetch_template event=line locals={'cookiecutter_args': '{\'output_dir\': \'/testbed\', \'no_input\': True, \'extra_context\': {\'tools\': "[\'Linting\', \'Testing\', \'Custom Logging\', \'Documentation\', \'Data Structure\', \'PySpark\']", \'project_name\': \'all-tools-project\', \'example_pipeline\': \'True\', \'kedro_version\': \'1.0.0\'}, \'checkout\': None, \'directory\': \'spaceflights-pyspark\'}'}
2026-08-22 22:40:09.132 /testbed/kedro/framework/cli/starters.py:816 kedro.framework.cli.starters._make_cookiecutter_args_and_fetch_template event=line locals={}
2026-08-22 22:40:09.132 /testbed/kedro/framework/cli/starters.py:815 kedro.framework.cli.starters._make_cookiecutter_args_and_fetch_template event=line locals={}
2026-08-22 22:40:09.132 /testbed/kedro/framework/cli/starters.py:828 kedro.framework.cli.starters._make_cookiecutter_args_and_fetch_template event=line locals={'cookiecutter_args': '{\'output_dir\': \'/testbed\', \'no_input\': True, \'extra_context\': {\'tools\': "[\'Linting\', \'Testing\', \'Custom Logging\', \'Documentation\', \'Data Structure\', \'PySpark\']", \'project_name\': \'all-tools-project\', \'example_pipeline\': \'True\', \'kedro_version\': \'1.0.0\'}, \'checkout\': \'1.0.0\', \'directory\': \'spaceflights-pyspark\'}'}
2026-08-22 22:40:09.132 /testbed/kedro/framework/cli/starters.py:828 kedro.framework.cli.starters._make_cookiecutter_args_and_fetch_template event=return retval=({'output_dir': '/testbed', 'no_input': True, 'extra_context': {'tools': "['Linting', 'Testing', 'Custom Logging', 'Documentation', 'Data Structure', 'PySpark']", 'project_name': 'all-tools-project', 'example_pipeline': 'True', 'kedro_version': '1.0.0'}, 'checkout': '1.0.0', 'directory': 'spaceflights-pyspark'}, 'git+https://github.com/kedro-org/kedro-starters.git') locals={'checkout': 'None', 'config': '{\'tools\': "[\'Linting\', \'Testing\', \'Custom Logging\', \'Documentation\', \'Data Structure\', \'PySpark\']", \'project_name\': \'all-tools-project\', \'example_pipeline\': \'True\', \'kedro_version\': \'1.0.0\'}', 'cookiecutter_args': '{\'output_dir\': \'/testbed\', \'no_input\': True, \'extra_context\': {\'tools\': "[\'Linting\', \'Testing\', \'Custom Logging\', \'Documentation\', \'Data Structure\', \'PySpark\']", \'project_name\': \'all-tools-project\', \'example_pipeline\': \'True\', \'kedro_version\': \'1.0.0\'}, \'checkout\': \'1.0.0\', \'directory\': \'spaceflights-pyspark\'}', 'directory': 'None', 'example_pipeline': "'True'", 'starter_path': "'git+https://github.com/kedro-org/kedro-starters.git'", 'template_path': "'/testbed/kedro/templates/project'", 'tools': '"[\'Linting\', \'Testing\', \'Custom Logging\', \'Documentation\', \'Data Structure\', \'PySpark\']"'}
2026-08-22 22:40:09.282 /testbed/kedro/framework/cli/starters.py:774 kedro.framework.cli.starters._make_cookiecutter_args_and_fetch_template event=call locals={'checkout': 'None', 'config': '{\'tools\': "[\'Linting\', \'Custom Logging\', \'PySpark\']", \'project_name\': \'pyspark-lint-log\', \'example_pipeline\': \'False\', \'kedro_version\': \'1.0.0\'}', 'directory': 'None', 'template_path': "'/testbed/kedro/templates/project'"}
2026-08-22 22:40:09.282 /testbed/kedro/framework/cli/starters.py:799 kedro.framework.cli.starters._make_cookiecutter_args_and_fetch_template event=line locals={}
2026-08-22 22:40:09.283 /testbed/kedro/framework/cli/starters.py:800 kedro.framework.cli.starters._make_cookiecutter_args_and_fetch_template event=line locals={}
2026-08-22 22:40:09.283 /testbed/kedro/framework/cli/starters.py:801 kedro.framework.cli.starters._make_cookiecutter_args_and_fetch_template event=line locals={}
2026-08-22 22:40:09.283 /testbed/kedro/framework/cli/starters.py:798 kedro.framework.cli.starters._make_cookiecutter_args_and_fetch_template event=line locals={}
2026-08-22 22:40:09.283 /testbed/kedro/framework/cli/starters.py:804 kedro.framework.cli.starters._make_cookiecutter_args_and_fetch_template event=line locals={'cookiecutter_args': '{\'output_dir\': \'/testbed\', \'no_input\': True, \'extra_context\': {\'tools\': "[\'Linting\', \'Custom Logging\', \'PySpark\']", \'project_name\': \'pyspark-lint-log\', \'example_pipeline\': \'False\', \'kedro_version\': \'1.0.0\'}}'}
2026-08-22 22:40:09.283 /testbed/kedro/framework/cli/starters.py:806 kedro.framework.cli.starters._make_cookiecutter_args_and_fetch_template event=line locals={}
2026-08-22 22:40:09.283 /testbed/kedro/framework/cli/starters.py:808 kedro.framework.cli.starters._make_cookiecutter_args_and_fetch_template event=line locals={'cookiecutter_args': '{\'output_dir\': \'/testbed\', \'no_input\': True, \'extra_context\': {\'tools\': "[\'Linting\', \'Custom Logging\', \'PySpark\']", \'project_name\': \'pyspark-lint-log\', \'example_pipeline\': \'False\', \'kedro_version\': \'1.0.0\'}, \'checkout\': None}'}
2026-08-22 22:40:09.283 /testbed/kedro/framework/cli/starters.py:809 kedro.framework.cli.starters._make_cookiecutter_args_and_fetch_template event=line locals={'tools': '"[\'Linting\', \'Custom Logging\', \'PySpark\']"'}
2026-08-22 22:40:09.283 /testbed/kedro/framework/cli/starters.py:810 kedro.framework.cli.starters._make_cookiecutter_args_and_fetch_template event=line locals={'example_pipeline': "'False'"}
2026-08-22 22:40:09.283 /testbed/kedro/framework/cli/starters.py:812 kedro.framework.cli.starters._make_cookiecutter_args_and_fetch_template event=line locals={'starter_path': "'git+https://github.com/kedro-org/kedro-starters.git'"}
2026-08-22 22:40:09.283 /testbed/kedro/framework/cli/starters.py:814 kedro.framework.cli.starters._make_cookiecutter_args_and_fetch_template event=line locals={}
2026-08-22 22:40:09.283 /testbed/kedro/framework/cli/starters.py:815 kedro.framework.cli.starters._make_cookiecutter_args_and_fetch_template event=line locals={'cookiecutter_args': '{\'output_dir\': \'/testbed\', \'no_input\': True, \'extra_context\': {\'tools\': "[\'Linting\', \'Custom Logging\', \'PySpark\']", \'project_name\': \'pyspark-lint-log\', \'example_pipeline\': \'False\', \'kedro_version\': \'1.0.0\'}, \'checkout\': None, \'directory\': \'spaceflights-pyspark\'}'}
2026-08-22 22:40:09.283 /testbed/kedro/framework/cli/starters.py:816 kedro.framework.cli.starters._make_cookiecutter_args_and_fetch_template event=line locals={}
2026-08-22 22:40:09.283 /testbed/kedro/framework/cli/starters.py:815 kedro.framework.cli.starters._make_cookiecutter_args_and_fetch_template event=line locals={}
2026-08-22 22:40:09.283 /testbed/kedro/framework/cli/starters.py:828 kedro.framework.cli.starters._make_cookiecutter_args_and_fetch_template event=line locals={'cookiecutter_args': '{\'output_dir\': \'/testbed\', \'no_input\': True, \'extra_context\': {\'tools\': "[\'Linting\', \'Custom Logging\', \'PySpark\']", \'project_name\': \'pyspark-lint-log\', \'example_pipeline\': \'False\', \'kedro_version\': \'1.0.0\'}, \'checkout\': \'1.0.0\', \'directory\': \'spaceflights-pyspark\'}'}
2026-08-22 22:40:09.283 /testbed/kedro/framework/cli/starters.py:828 kedro.framework.cli.starters._make_cookiecutter_args_and_fetch_template event=return retval=({'output_dir': '/testbed', 'no_input': True, 'extra_context': {'tools': "['Linting', 'Custom Logging', 'PySpark']", 'project_name': 'pyspark-lint-log', 'example_pipeline': 'False', 'kedro_version': '1.0.0'}, 'checkout': '1.0.0', 'directory': 'spaceflights-pyspark'}, 'git+https://github.com/kedro-org/kedro-starters.git') locals={'checkout': 'None', 'config': '{\'tools\': "[\'Linting\', \'Custom Logging\', \'PySpark\']", \'project_name\': \'pyspark-lint-log\', \'example_pipeline\': \'False\', \'kedro_version\': \'1.0.0\'}', 'cookiecutter_args': '{\'output_dir\': \'/testbed\', \'no_input\': True, \'extra_context\': {\'tools\': "[\'Linting\', \'Custom Logging\', \'PySpark\']", \'project_name\': \'pyspark-lint-log\', \'example_pipeline\': \'False\', \'kedro_version\': \'1.0.0\'}, \'checkout\': \'1.0.0\', \'directory\': \'spaceflights-pyspark\'}', 'directory': 'None', 'example_pipeline': "'False'", 'starter_path': "'git+https://github.com/kedro-org/kedro-starters.git'", 'template_path': "'/testbed/kedro/templates/project'", 'tools': '"[\'Linting\', \'Custom Logging\', \'PySpark\']"'}
2026-08-22 22:40:09.434 /testbed/kedro/framework/cli/starters.py:774 kedro.framework.cli.starters._make_cookiecutter_args_and_fetch_template event=call locals={'checkout': 'None', 'config': '{\'tools\': "[\'Data Structure\']", \'project_name\': \'data-example-beta\', \'example_pipeline\': \'True\', \'kedro_version\': \'1.0.0\'}', 'directory': 'None', 'template_path': "'/testbed/kedro/templates/project'"}
2026-08-22 22:40:09.434 /testbed/kedro/framework/cli/starters.py:799 kedro.framework.cli.starters._make_cookiecutter_args_and_fetch_template event=line locals={}
2026-08-22 22:40:09.434 /testbed/kedro/framework/cli/starters.py:800 kedro.framework.cli.starters._make_cookiecutter_args_and_fetch_template event=line locals={}
2026-08-22 22:40:09.434 /testbed/kedro/framework/cli/starters.py:801 kedro.framework.cli.starters._make_cookiecutter_args_and_fetch_template event=line locals={}
2026-08-22 22:40:09.434 /testbed/kedro/framework/cli/starters.py:798 kedro.framework.cli.starters._make_cookiecutter_args_and_fetch_template event=line locals={}
2026-08-22 22:40:09.434 /testbed/kedro/framework/cli/starters.py:804 kedro.framework.cli.starters._make_cookiecutter_args_and_fetch_template event=line locals={'cookiecutter_args': '{\'output_dir\': \'/testbed\', \'no_input\': True, \'extra_context\': {\'tools\': "[\'Data Structure\']", \'project_name\': \'data-example-beta\', \'example_pipeline\': \'True\', \'kedro_version\': \'1.0.0\'}}'}
2026-08-22 22:40:09.434 /testbed/kedro/framework/cli/starters.py:806 kedro.framework.cli.starters._make_cookiecutter_args_and_fetch_template event=line locals={}
2026-08-22 22:40:09.434 /testbed/kedro/framework/cli/starters.py:808 kedro.framework.cli.starters._make_cookiecutter_args_and_fetch_template event=line locals={'cookiecutter_args': '{\'output_dir\': \'/testbed\', \'no_input\': True, \'extra_context\': {\'tools\': "[\'Data Structure\']", \'project_name\': \'data-example-beta\', \'example_pipeline\': \'True\', \'kedro_version\': \'1.0.0\'}, \'checkout\': None}'}
2026-08-22 22:40:09.434 /testbed/kedro/framework/cli/starters.py:809 kedro.framework.cli.starters._make_cookiecutter_args_and_fetch_template event=line locals={'tools': '"[\'Data Structure\']"'}
2026-08-22 22:40:09.434 /testbed/kedro/framework/cli/starters.py:810 kedro.framework.cli.starters._make_cookiecutter_args_and_fetch_template event=line locals={'example_pipeline': "'True'"}
2026-08-22 22:40:09.434 /testbed/kedro/framework/cli/starters.py:812 kedro.framework.cli.starters._make_cookiecutter_args_and_fetch_template event=line locals={'starter_path': "'git+https://github.com/kedro-org/kedro-starters.git'"}
2026-08-22 22:40:09.434 /testbed/kedro/framework/cli/starters.py:818 kedro.framework.cli.starters._make_cookiecutter_args_and_fetch_template event=line locals={}
2026-08-22 22:40:09.434 /testbed/kedro/framework/cli/starters.py:820 kedro.framework.cli.starters._make_cookiecutter_args_and_fetch_template event=line locals={}
2026-08-22 22:40:09.434 /testbed/kedro/framework/cli/starters.py:821 kedro.framework.cli.starters._make_cookiecutter_args_and_fetch_template event=line locals={'cookiecutter_args': '{\'output_dir\': \'/testbed\', \'no_input\': True, \'extra_context\': {\'tools\': "[\'Data Structure\']", \'project_name\': \'data-example-beta\', \'example_pipeline\': \'True\', \'kedro_version\': \'1.0.0\'}, \'checkout\': None, \'directory\': \'spaceflights-pandas\'}'}
2026-08-22 22:40:09.434 /testbed/kedro/framework/cli/starters.py:822 kedro.framework.cli.starters._make_cookiecutter_args_and_fetch_template event=line locals={}
2026-08-22 22:40:09.434 /testbed/kedro/framework/cli/starters.py:821 kedro.framework.cli.starters._make_cookiecutter_args_and_fetch_template event=line locals={}
2026-08-22 22:40:09.434 /testbed/kedro/framework/cli/starters.py:828 kedro.framework.cli.starters._make_cookiecutter_args_and_fetch_template event=line locals={'cookiecutter_args': '{\'output_dir\': \'/testbed\', \'no_input\': True, \'extra_context\': {\'tools\': "[\'Data Structure\']", \'project_name\': \'data-example-beta\', \'example_pipeline\': \'True\', \'kedro_version\': \'1.0.0\'}, \'checkout\': \'1.0.0\', \'directory\': \'spaceflights-pandas\'}'}
2026-08-22 22:40:09.434 /testbed/kedro/framework/cli/starters.py:828 kedro.framework.cli.starters._make_cookiecutter_args_and_fetch_template event=return retval=({'output_dir': '/testbed', 'no_input': True, 'extra_context': {'tools': "['Data Structure']", 'project_name': 'data-example-beta', 'example_pipeline': 'True', 'kedro_version': '1.0.0'}, 'checkout': '1.0.0', 'directory': 'spaceflights-pandas'}, 'git+https://github.com/kedro-org/kedro-starters.git') locals={'checkout': 'None', 'config': '{\'tools\': "[\'Data Structure\']", \'project_name\': \'data-example-beta\', \'example_pipeline\': \'True\', \'kedro_version\': \'1.0.0\'}', 'cookiecutter_args': '{\'output_dir\': \'/testbed\', \'no_input\': True, \'extra_context\': {\'tools\': "[\'Data Structure\']", \'project_name\': \'data-example-beta\', \'example_pipeline\': \'True\', \'kedro_version\': \'1.0.0\'}, \'checkout\': \'1.0.0\', \'directory\': \'spaceflights-pandas\'}', 'directory': 'None', 'example_pipeline': "'True'", 'starter_path': "'git+https://github.com/kedro-org/kedro-starters.git'", 'template_path': "'/testbed/kedro/templates/project'", 'tools': '"[\'Data Structure\']"'}
2026-08-22 22:40:09.589 /testbed/kedro/framework/cli/starters.py:774 kedro.framework.cli.starters._make_cookiecutter_args_and_fetch_template event=call locals={'checkout': 'None', 'config': '{\'tools\': "[\'PySpark\']", \'project_name\': \'pyspark-only-gamma\', \'example_pipeline\': \'False\', \'kedro_version\': \'1.0.0\'}', 'directory': 'None', 'template_path': "'/testbed/kedro/templates/project'"}
2026-08-22 22:40:09.589 /testbed/kedro/framework/cli/starters.py:799 kedro.framework.cli.starters._make_cookiecutter_args_and_fetch_template event=line locals={}
2026-08-22 22:40:09.590 /testbed/kedro/framework/cli/starters.py:800 kedro.framework.cli.starters._make_cookiecutter_args_and_fetch_template event=line locals={}
2026-08-22 22:40:09.590 /testbed/kedro/framework/cli/starters.py:801 kedro.framework.cli.starters._make_cookiecutter_args_and_fetch_template event=line locals={}
2026-08-22 22:40:09.590 /testbed/kedro/framework/cli/starters.py:798 kedro.framework.cli.starters._make_cookiecutter_args_and_fetch_template event=line locals={}
2026-08-22 22:40:09.590 /testbed/kedro/framework/cli/starters.py:804 kedro.framework.cli.starters._make_cookiecutter_args_and_fetch_template event=line locals={'cookiecutter_args': '{\'output_dir\': \'/testbed\', \'no_input\': True, \'extra_context\': {\'tools\': "[\'PySpark\']", \'project_name\': \'pyspark-only-gamma\', \'example_pipeline\': \'False\', \'kedro_version\': \'1.0.0\'}}'}
2026-08-22 22:40:09.590 /testbed/kedro/framework/cli/starters.py:806 kedro.framework.cli.starters._make_cookiecutter_args_and_fetch_template event=line locals={}
2026-08-22 22:40:09.590 /testbed/kedro/framework/cli/starters.py:808 kedro.framework.cli.starters._make_cookiecutter_args_and_fetch_template event=line locals={'cookiecutter_args': '{\'output_dir\': \'/testbed\', \'no_input\': True, \'extra_context\': {\'tools\': "[\'PySpark\']", \'project_name\': \'pyspark-only-gamma\', \'example_pipeline\': \'False\', \'kedro_version\': \'1.0.0\'}, \'checkout\': None}'}
2026-08-22 22:40:09.590 /testbed/kedro/framework/cli/starters.py:809 kedro.framework.cli.starters._make_cookiecutter_args_and_fetch_template event=line locals={'tools': '"[\'PySpark\']"'}
2026-08-22 22:40:09.590 /testbed/kedro/framework/cli/starters.py:810 kedro.framework.cli.starters._make_cookiecutter_args_and_fetch_template event=line locals={'example_pipeline': "'False'"}
2026-08-22 22:40:09.590 /testbed/kedro/framework/cli/starters.py:812 kedro.framework.cli.starters._make_cookiecutter_args_and_fetch_template event=line locals={'starter_path': "'git+https://github.com/kedro-org/kedro-starters.git'"}
2026-08-22 22:40:09.590 /testbed/kedro/framework/cli/starters.py:814 kedro.framework.cli.starters._make_cookiecutter_args_and_fetch_template event=line locals={}
2026-08-22 22:40:09.590 /testbed/kedro/framework/cli/starters.py:815 kedro.framework.cli.starters._make_cookiecutter_args_and_fetch_template event=line locals={'cookiecutter_args': '{\'output_dir\': \'/testbed\', \'no_input\': True, \'extra_context\': {\'tools\': "[\'PySpark\']", \'project_name\': \'pyspark-only-gamma\', \'example_pipeline\': \'False\', \'kedro_version\': \'1.0.0\'}, \'checkout\': None, \'directory\': \'spaceflights-pyspark\'}'}
2026-08-22 22:40:09.590 /testbed/kedro/framework/cli/starters.py:816 kedro.framework.cli.starters._make_cookiecutter_args_and_fetch_template event=line locals={}
2026-08-22 22:40:09.590 /testbed/kedro/framework/cli/starters.py:815 kedro.framework.cli.starters._make_cookiecutter_args_and_fetch_template event=line locals={}
2026-08-22 22:40:09.590 /testbed/kedro/framework/cli/starters.py:828 kedro.framework.cli.starters._make_cookiecutter_args_and_fetch_template event=line locals={'cookiecutter_args': '{\'output_dir\': \'/testbed\', \'no_input\': True, \'extra_context\': {\'tools\': "[\'PySpark\']", \'project_name\': \'pyspark-only-gamma\', \'example_pipeline\': \'False\', \'kedro_version\': \'1.0.0\'}, \'checkout\': \'1.0.0\', \'directory\': \'spaceflights-pyspark\'}'}
2026-08-22 22:40:09.590 /testbed/kedro/framework/cli/starters.py:828 kedro.framework.cli.starters._make_cookiecutter_args_and_fetch_template event=return retval=({'output_dir': '/testbed', 'no_input': True, 'extra_context': {'tools': "['PySpark']", 'project_name': 'pyspark-only-gamma', 'example_pipeline': 'False', 'kedro_version': '1.0.0'}, 'checkout': '1.0.0', 'directory': 'spaceflights-pyspark'}, 'git+https://github.com/kedro-org/kedro-starters.git') locals={'checkout': 'None', 'config': '{\'tools\': "[\'PySpark\']", \'project_name\': \'pyspark-only-gamma\', \'example_pipeline\': \'False\', \'kedro_version\': \'1.0.0\'}', 'cookiecutter_args': '{\'output_dir\': \'/testbed\', \'no_input\': True, \'extra_context\': {\'tools\': "[\'PySpark\']", \'project_name\': \'pyspark-only-gamma\', \'example_pipeline\': \'False\', \'kedro_version\': \'1.0.0\'}, \'checkout\': \'1.0.0\', \'directory\': \'spaceflights-pyspark\'}', 'directory': 'None', 'example_pipeline': "'False'", 'starter_path': "'git+https://github.com/kedro-org/kedro-starters.git'", 'template_path': "'/testbed/kedro/templates/project'", 'tools': '"[\'PySpark\']"'}
2026-08-22 22:40:09.740 /testbed/kedro/framework/cli/starters.py:774 kedro.framework.cli.starters._make_cookiecutter_args_and_fetch_template event=call locals={'checkout': 'None', 'config': '{\'tools\': "[\'Documentation\', \'Data Structure\']", \'project_name\': \'docs-data-example\', \'example_pipeline\': \'True\', \'kedro_version\': \'1.0.0\'}', 'directory': 'None', 'template_path': "'/testbed/kedro/templates/project'"}
2026-08-22 22:40:09.740 /testbed/kedro/framework/cli/starters.py:799 kedro.framework.cli.starters._make_cookiecutter_args_and_fetch_template event=line locals={}
2026-08-22 22:40:09.741 /testbed/kedro/framework/cli/starters.py:800 kedro.framework.cli.starters._make_cookiecutter_args_and_fetch_template event=line locals={}
2026-08-22 22:40:09.741 /testbed/kedro/framework/cli/starters.py:801 kedro.framework.cli.starters._make_cookiecutter_args_and_fetch_template event=line locals={}
2026-08-22 22:40:09.741 /testbed/kedro/framework/cli/starters.py:798 kedro.framework.cli.starters._make_cookiecutter_args_and_fetch_template event=line locals={}
2026-08-22 22:40:09.741 /testbed/kedro/framework/cli/starters.py:804 kedro.framework.cli.starters._make_cookiecutter_args_and_fetch_template event=line locals={'cookiecutter_args': '{\'output_dir\': \'/testbed\', \'no_input\': True, \'extra_context\': {\'tools\': "[\'Documentation\', \'Data Structure\']", \'project_name\': \'docs-data-example\', \'example_pipeline\': \'True\', \'kedro_version\': \'1.0.0\'}}'}
2026-08-22 22:40:09.741 /testbed/kedro/framework/cli/starters.py:806 kedro.framework.cli.starters._make_cookiecutter_args_and_fetch_template event=line locals={}
2026-08-22 22:40:09.741 /testbed/kedro/framework/cli/starters.py:808 kedro.framework.cli.starters._make_cookiecutter_args_and_fetch_template event=line locals={'cookiecutter_args': '{\'output_dir\': \'/testbed\', \'no_input\': True, \'extra_context\': {\'tools\': "[\'Documentation\', \'Data Structure\']", \'project_name\': \'docs-data-example\', \'example_pipeline\': \'True\', \'kedro_version\': \'1.0.0\'}, \'checkout\': None}'}
2026-08-22 22:40:09.741 /testbed/kedro/framework/cli/starters.py:809 kedro.framework.cli.starters._make_cookiecutter_args_and_fetch_template event=line locals={'tools': '"[\'Documentation\', \'Data Structure\']"'}
2026-08-22 22:40:09.741 /testbed/kedro/framework/cli/starters.py:810 kedro.framework.cli.starters._make_cookiecutter_args_and_fetch_template event=line locals={'example_pipeline': "'True'"}
2026-08-22 22:40:09.741 /testbed/kedro/framework/cli/starters.py:812 kedro.framework.cli.starters._make_cookiecutter_args_and_fetch_template event=line locals={'starter_path': "'git+https://github.com/kedro-org/kedro-starters.git'"}
2026-08-22 22:40:09.741 /testbed/kedro/framework/cli/starters.py:818 kedro.framework.cli.starters._make_cookiecutter_args_and_fetch_template event=line locals={}
2026-08-22 22:40:09.741 /testbed/kedro/framework/cli/starters.py:820 kedro.framework.cli.starters._make_cookiecutter_args_and_fetch_template event=line locals={}
2026-08-22 22:40:09.741 /testbed/kedro/framework/cli/starters.py:821 kedro.framework.cli.starters._make_cookiecutter_args_and_fetch_template event=line locals={'cookiecutter_args': '{\'output_dir\': \'/testbed\', \'no_input\': True, \'extra_context\': {\'tools\': "[\'Documentation\', \'Data Structure\']", \'project_name\': \'docs-data-example\', \'example_pipeline\': \'True\', \'kedro_version\': \'1.0.0\'}, \'checkout\': None, \'directory\': \'spaceflights-pandas\'}'}
2026-08-22 22:40:09.741 /testbed/kedro/framework/cli/starters.py:822 kedro.framework.cli.starters._make_cookiecutter_args_and_fetch_template event=line locals={}
2026-08-22 22:40:09.741 /testbed/kedro/framework/cli/starters.py:821 kedro.framework.cli.starters._make_cookiecutter_args_and_fetch_template event=line locals={}
2026-08-22 22:40:09.741 /testbed/kedro/framework/cli/starters.py:828 kedro.framework.cli.starters._make_cookiecutter_args_and_fetch_template event=line locals={'cookiecutter_args': '{\'output_dir\': \'/testbed\', \'no_input\': True, \'extra_context\': {\'tools\': "[\'Documentation\', \'Data Structure\']", \'project_name\': \'docs-data-example\', \'example_pipeline\': \'True\', \'kedro_version\': \'1.0.0\'}, \'checkout\': \'1.0.0\', \'directory\': \'spaceflights-pandas\'}'}
2026-08-22 22:40:09.741 /testbed/kedro/framework/cli/starters.py:828 kedro.framework.cli.starters._make_cookiecutter_args_and_fetch_template event=return retval=({'output_dir': '/testbed', 'no_input': True, 'extra_context': {'tools': "['Documentation', 'Data Structure']", 'project_name': 'docs-data-example', 'example_pipeline': 'True', 'kedro_version': '1.0.0'}, 'checkout': '1.0.0', 'directory': 'spaceflights-pandas'}, 'git+https://github.com/kedro-org/kedro-starters.git') locals={'checkout': 'None', 'config': '{\'tools\': "[\'Documentation\', \'Data Structure\']", \'project_name\': \'docs-data-example\', \'example_pipeline\': \'True\', \'kedro_version\': \'1.0.0\'}', 'cookiecutter_args': '{\'output_dir\': \'/testbed\', \'no_input\': True, \'extra_context\': {\'tools\': "[\'Documentation\', \'Data Structure\']", \'project_name\': \'docs-data-example\', \'example_pipeline\': \'True\', \'kedro_version\': \'1.0.0\'}, \'checkout\': \'1.0.0\', \'directory\': \'spaceflights-pandas\'}', 'directory': 'None', 'example_pipeline': "'True'", 'starter_path': "'git+https://github.com/kedro-org/kedro-starters.git'", 'template_path': "'/testbed/kedro/templates/project'", 'tools': '"[\'Documentation\', \'Data Structure\']"'}
2026-08-22 22:40:09.892 /testbed/kedro/framework/cli/starters.py:774 kedro.framework.cli.starters._make_cookiecutter_args_and_fetch_template event=call locals={'checkout': 'None', 'config': '{\'tools\': "[\'None\']", \'example_pipeline\': \'False\', \'kedro_version\': \'1.0.0\'}', 'directory': 'None', 'template_path': "'/testbed/kedro/templates/project'"}
2026-08-22 22:40:09.892 /testbed/kedro/framework/cli/starters.py:799 kedro.framework.cli.starters._make_cookiecutter_args_and_fetch_template event=line locals={}
2026-08-22 22:40:09.893 /testbed/kedro/framework/cli/starters.py:800 kedro.framework.cli.starters._make_cookiecutter_args_and_fetch_template event=line locals={}
2026-08-22 22:40:09.893 /testbed/kedro/framework/cli/starters.py:801 kedro.framework.cli.starters._make_cookiecutter_args_and_fetch_template event=line locals={}
2026-08-22 22:40:09.893 /testbed/kedro/framework/cli/starters.py:798 kedro.framework.cli.starters._make_cookiecutter_args_and_fetch_template event=line locals={}
2026-08-22 22:40:09.893 /testbed/kedro/framework/cli/starters.py:804 kedro.framework.cli.starters._make_cookiecutter_args_and_fetch_template event=line locals={'cookiecutter_args': '{\'output_dir\': \'/testbed\', \'no_input\': True, \'extra_context\': {\'tools\': "[\'None\']", \'example_pipeline\': \'False\', \'kedro_version\': \'1.0.0\'}}'}
2026-08-22 22:40:09.893 /testbed/kedro/framework/cli/starters.py:806 kedro.framework.cli.starters._make_cookiecutter_args_and_fetch_template event=line locals={}
2026-08-22 22:40:09.893 /testbed/kedro/framework/cli/starters.py:808 kedro.framework.cli.starters._make_cookiecutter_args_and_fetch_template event=line locals={'cookiecutter_args': '{\'output_dir\': \'/testbed\', \'no_input\': True, \'extra_context\': {\'tools\': "[\'None\']", \'example_pipeline\': \'False\', \'kedro_version\': \'1.0.0\'}, \'checkout\': None}'}
2026-08-22 22:40:09.893 /testbed/kedro/framework/cli/starters.py:809 kedro.framework.cli.starters._make_cookiecutter_args_and_fetch_template event=line locals={'tools': '"[\'None\']"'}
2026-08-22 22:40:09.893 /testbed/kedro/framework/cli/starters.py:810 kedro.framework.cli.starters._make_cookiecutter_args_and_fetch_template event=line locals={'example_pipeline': "'False'"}
2026-08-22 22:40:09.893 /testbed/kedro/framework/cli/starters.py:812 kedro.framework.cli.starters._make_cookiecutter_args_and_fetch_template event=line locals={'starter_path': "'git+https://github.com/kedro-org/kedro-starters.git'"}
2026-08-22 22:40:09.893 /testbed/kedro/framework/cli/starters.py:818 kedro.framework.cli.starters._make_cookiecutter_args_and_fetch_template event=line locals={}
2026-08-22 22:40:09.893 /testbed/kedro/framework/cli/starters.py:826 kedro.framework.cli.starters._make_cookiecutter_args_and_fetch_template event=line locals={}
2026-08-22 22:40:09.893 /testbed/kedro/framework/cli/starters.py:828 kedro.framework.cli.starters._make_cookiecutter_args_and_fetch_template event=line locals={'starter_path': "'/testbed/kedro/templates/project'"}
2026-08-22 22:40:09.893 /testbed/kedro/framework/cli/starters.py:828 kedro.framework.cli.starters._make_cookiecutter_args_and_fetch_template event=return retval=({'output_dir': '/testbed', 'no_input': True, 'extra_context': {'tools': "['None']", 'example_pipeline': 'False', 'kedro_version': '1.0.0'}, 'checkout': None}, '/testbed/kedro/templates/project') locals={'checkout': 'None', 'config': '{\'tools\': "[\'None\']", \'example_pipeline\': \'False\', \'kedro_version\': \'1.0.0\'}', 'cookiecutter_args': '{\'output_dir\': \'/testbed\', \'no_input\': True, \'extra_context\': {\'tools\': "[\'None\']", \'example_pipeline\': \'False\', \'kedro_version\': \'1.0.0\'}, \'checkout\': None}', 'directory': 'None', 'example_pipeline': "'False'", 'starter_path': "'/testbed/kedro/templates/project'", 'template_path': "'/testbed/kedro/templates/project'", 'tools': '"[\'None\']"'}
2026-08-22 22:40:10.044 /testbed/kedro/framework/cli/starters.py:774 kedro.framework.cli.starters._make_cookiecutter_args_and_fetch_template event=call locals={'checkout': 'None', 'config': '{\'tools\': "[\'Testing\', \'Custom Logging\', \'PySpark\']", \'project_name\': \'alias-tools-delta\', \'example_pipeline\': \'False\', \'kedro_version\': \'1.0.0\'}', 'directory': 'None', 'template_path': "'/testbed/kedro/templates/project'"}
2026-08-22 22:40:10.044 /testbed/kedro/framework/cli/starters.py:799 kedro.framework.cli.starters._make_cookiecutter_args_and_fetch_template event=line locals={}
2026-08-22 22:40:10.045 /testbed/kedro/framework/cli/starters.py:800 kedro.framework.cli.starters._make_cookiecutter_args_and_fetch_template event=line locals={}
2026-08-22 22:40:10.045 /testbed/kedro/framework/cli/starters.py:801 kedro.framework.cli.starters._make_cookiecutter_args_and_fetch_template event=line locals={}
2026-08-22 22:40:10.045 /testbed/kedro/framework/cli/starters.py:798 kedro.framework.cli.starters._make_cookiecutter_args_and_fetch_template event=line locals={}
2026-08-22 22:40:10.045 /testbed/kedro/framework/cli/starters.py:804 kedro.framework.cli.starters._make_cookiecutter_args_and_fetch_template event=line locals={'cookiecutter_args': '{\'output_dir\': \'/testbed\', \'no_input\': True, \'extra_context\': {\'tools\': "[\'Testing\', \'Custom Logging\', \'PySpark\']", \'project_name\': \'alias-tools-delta\', \'example_pipeline\': \'False\', \'kedro_version\': \'1.0.0\'}}'}
2026-08-22 22:40:10.045 /testbed/kedro/framework/cli/starters.py:806 kedro.framework.cli.starters._make_cookiecutter_args_and_fetch_template event=line locals={}
2026-08-22 22:40:10.045 /testbed/kedro/framework/cli/starters.py:808 kedro.framework.cli.starters._make_cookiecutter_args_and_fetch_template event=line locals={'cookiecutter_args': '{\'output_dir\': \'/testbed\', \'no_input\': True, \'extra_context\': {\'tools\': "[\'Testing\', \'Custom Logging\', \'PySpark\']", \'project_name\': \'alias-tools-delta\', \'example_pipeline\': \'False\', \'kedro_version\': \'1.0.0\'}, \'checkout\': None}'}
2026-08-22 22:40:10.045 /testbed/kedro/framework/cli/starters.py:809 kedro.framework.cli.starters._make_cookiecutter_args_and_fetch_template event=line locals={'tools': '"[\'Testing\', \'Custom Logging\', \'PySpark\']"'}
2026-08-22 22:40:10.045 /testbed/kedro/framework/cli/starters.py:810 kedro.framework.cli.starters._make_cookiecutter_args_and_fetch_template event=line locals={'example_pipeline': "'False'"}
2026-08-22 22:40:10.045 /testbed/kedro/framework/cli/starters.py:812 kedro.framework.cli.starters._make_cookiecutter_args_and_fetch_template event=line locals={'starter_path': "'git+https://github.com/kedro-org/kedro-starters.git'"}
2026-08-22 22:40:10.045 /testbed/kedro/framework/cli/starters.py:814 kedro.framework.cli.starters._make_cookiecutter_args_and_fetch_template event=line locals={}
2026-08-22 22:40:10.045 /testbed/kedro/framework/cli/starters.py:815 kedro.framework.cli.starters._make_cookiecutter_args_and_fetch_template event=line locals={'cookiecutter_args': '{\'output_dir\': \'/testbed\', \'no_input\': True, \'extra_context\': {\'tools\': "[\'Testing\', \'Custom Logging\', \'PySpark\']", \'project_name\': \'alias-tools-delta\', \'example_pipeline\': \'False\', \'kedro_version\': \'1.0.0\'}, \'checkout\': None, \'directory\': \'spaceflights-pyspark\'}'}
2026-08-22 22:40:10.045 /testbed/kedro/framework/cli/starters.py:816 kedro.framework.cli.starters._make_cookiecutter_args_and_fetch_template event=line locals={}
2026-08-22 22:40:10.045 /testbed/kedro/framework/cli/starters.py:815 kedro.framework.cli.starters._make_cookiecutter_args_and_fetch_template event=line locals={}
2026-08-22 22:40:10.045 /testbed/kedro/framework/cli/starters.py:828 kedro.framework.cli.starters._make_cookiecutter_args_and_fetch_template event=line locals={'cookiecutter_args': '{\'output_dir\': \'/testbed\', \'no_input\': True, \'extra_context\': {\'tools\': "[\'Testing\', \'Custom Logging\', \'PySpark\']", \'project_name\': \'alias-tools-delta\', \'example_pipeline\': \'False\', \'kedro_version\': \'1.0.0\'}, \'checkout\': \'1.0.0\', \'directory\': \'spaceflights-pyspark\'}'}
2026-08-22 22:40:10.045 /testbed/kedro/framework/cli/starters.py:828 kedro.framework.cli.starters._make_cookiecutter_args_and_fetch_template event=return retval=({'output_dir': '/testbed', 'no_input': True, 'extra_context': {'tools': "['Testing', 'Custom Logging', 'PySpark']", 'project_name': 'alias-tools-delta', 'example_pipeline': 'False', 'kedro_version': '1.0.0'}, 'checkout': '1.0.0', 'directory': 'spaceflights-pyspark'}, 'git+https://github.com/kedro-org/kedro-starters.git') locals={'checkout': 'None', 'config': '{\'tools\': "[\'Testing\', \'Custom Logging\', \'PySpark\']", \'project_name\': \'alias-tools-delta\', \'example_pipeline\': \'False\', \'kedro_version\': \'1.0.0\'}', 'cookiecutter_args': '{\'output_dir\': \'/testbed\', \'no_input\': True, \'extra_context\': {\'tools\': "[\'Testing\', \'Custom Logging\', \'PySpark\']", \'project_name\': \'alias-tools-delta\', \'example_pipeline\': \'False\', \'kedro_version\': \'1.0.0\'}, \'checkout\': \'1.0.0\', \'directory\': \'spaceflights-pyspark\'}', 'directory': 'None', 'example_pipeline': "'False'", 'starter_path': "'git+https://github.com/kedro-org/kedro-starters.git'", 'template_path': "'/testbed/kedro/templates/project'", 'tools': '"[\'Testing\', \'Custom Logging\', \'PySpark\']"'}
2026-08-22 22:40:10.197 /testbed/kedro/framework/cli/starters.py:774 kedro.framework.cli.starters._make_cookiecutter_args_and_fetch_template event=call locals={'checkout': 'None', 'config': '{\'tools\': "[\'Testing\']", \'project_name\': \'single-test-yes\', \'example_pipeline\': \'True\', \'kedro_version\': \'1.0.0\'}', 'directory': 'None', 'template_path': "'/testbed/kedro/templates/project'"}
2026-08-22 22:40:10.197 /testbed/kedro/framework/cli/starters.py:799 kedro.framework.cli.starters._make_cookiecutter_args_and_fetch_template event=line locals={}
2026-08-22 22:40:10.198 /testbed/kedro/framework/cli/starters.py:800 kedro.framework.cli.starters._make_cookiecutter_args_and_fetch_template event=line locals={}
2026-08-22 22:40:10.198 /testbed/kedro/framework/cli/starters.py:801 kedro.framework.cli.starters._make_cookiecutter_args_and_fetch_template event=line locals={}
2026-08-22 22:40:10.198 /testbed/kedro/framework/cli/starters.py:798 kedro.framework.cli.starters._make_cookiecutter_args_and_fetch_template event=line locals={}
2026-08-22 22:40:10.198 /testbed/kedro/framework/cli/starters.py:804 kedro.framework.cli.starters._make_cookiecutter_args_and_fetch_template event=line locals={'cookiecutter_args': '{\'output_dir\': \'/testbed\', \'no_input\': True, \'extra_context\': {\'tools\': "[\'Testing\']", \'project_name\': \'single-test-yes\', \'example_pipeline\': \'True\', \'kedro_version\': \'1.0.0\'}}'}
2026-08-22 22:40:10.198 /testbed/kedro/framework/cli/starters.py:806 kedro.framework.cli.starters._make_cookiecutter_args_and_fetch_template event=line locals={}
2026-08-22 22:40:10.198 /testbed/kedro/framework/cli/starters.py:808 kedro.framework.cli.starters._make_cookiecutter_args_and_fetch_template event=line locals={'cookiecutter_args': '{\'output_dir\': \'/testbed\', \'no_input\': True, \'extra_context\': {\'tools\': "[\'Testing\']", \'project_name\': \'single-test-yes\', \'example_pipeline\': \'True\', \'kedro_version\': \'1.0.0\'}, \'checkout\': None}'}
2026-08-22 22:40:10.198 /testbed/kedro/framework/cli/starters.py:809 kedro.framework.cli.starters._make_cookiecutter_args_and_fetch_template event=line locals={'tools': '"[\'Testing\']"'}
2026-08-22 22:40:10.198 /testbed/kedro/framework/cli/starters.py:810 kedro.framework.cli.starters._make_cookiecutter_args_and_fetch_template event=line locals={'example_pipeline': "'True'"}
2026-08-22 22:40:10.198 /testbed/kedro/framework/cli/starters.py:812 kedro.framework.cli.starters._make_cookiecutter_args_and_fetch_template event=line locals={'starter_path': "'git+https://github.com/kedro-org/kedro-starters.git'"}
2026-08-22 22:40:10.198 /testbed/kedro/framework/cli/starters.py:818 kedro.framework.cli.starters._make_cookiecutter_args_and_fetch_template event=line locals={}
2026-08-22 22:40:10.198 /testbed/kedro/framework/cli/starters.py:820 kedro.framework.cli.starters._make_cookiecutter_args_and_fetch_template event=line locals={}
2026-08-22 22:40:10.198 /testbed/kedro/framework/cli/starters.py:821 kedro.framework.cli.starters._make_cookiecutter_args_and_fetch_template event=line locals={'cookiecutter_args': '{\'output_dir\': \'/testbed\', \'no_input\': True, \'extra_context\': {\'tools\': "[\'Testing\']", \'project_name\': \'single-test-yes\', \'example_pipeline\': \'True\', \'kedro_version\': \'1.0.0\'}, \'checkout\': None, \'directory\': \'spaceflights-pandas\'}'}
2026-08-22 22:40:10.198 /testbed/kedro/framework/cli/starters.py:822 kedro.framework.cli.starters._make_cookiecutter_args_and_fetch_template event=line locals={}
2026-08-22 22:40:10.198 /testbed/kedro/framework/cli/starters.py:821 kedro.framework.cli.starters._make_cookiecutter_args_and_fetch_template event=line locals={}
2026-08-22 22:40:10.198 /testbed/kedro/framework/cli/starters.py:828 kedro.framework.cli.starters._make_cookiecutter_args_and_fetch_template event=line locals={'cookiecutter_args': '{\'output_dir\': \'/testbed\', \'no_input\': True, \'extra_context\': {\'tools\': "[\'Testing\']", \'project_name\': \'single-test-yes\', \'example_pipeline\': \'True\', \'kedro_version\': \'1.0.0\'}, \'checkout\': \'1.0.0\', \'directory\': \'spaceflights-pandas\'}'}
2026-08-22 22:40:10.198 /testbed/kedro/framework/cli/starters.py:828 kedro.framework.cli.starters._make_cookiecutter_args_and_fetch_template event=return retval=({'output_dir': '/testbed', 'no_input': True, 'extra_context': {'tools': "['Testing']", 'project_name': 'single-test-yes', 'example_pipeline': 'True', 'kedro_version': '1.0.0'}, 'checkout': '1.0.0', 'directory': 'spaceflights-pandas'}, 'git+https://github.com/kedro-org/kedro-starters.git') locals={'checkout': 'None', 'config': '{\'tools\': "[\'Testing\']", \'project_name\': \'single-test-yes\', \'example_pipeline\': \'True\', \'kedro_version\': \'1.0.0\'}', 'cookiecutter_args': '{\'output_dir\': \'/testbed\', \'no_input\': True, \'extra_context\': {\'tools\': "[\'Testing\']", \'project_name\': \'single-test-yes\', \'example_pipeline\': \'True\', \'kedro_version\': \'1.0.0\'}, \'checkout\': \'1.0.0\', \'directory\': \'spaceflights-pandas\'}', 'directory': 'None', 'example_pipeline': "'True'", 'starter_path': "'git+https://github.com/kedro-org/kedro-starters.git'", 'template_path': "'/testbed/kedro/templates/project'", 'tools': '"[\'Testing\']"'}
2026-08-22 22:40:10.350 /testbed/kedro/framework/cli/starters.py:774 kedro.framework.cli.starters._make_cookiecutter_args_and_fetch_template event=call locals={'checkout': 'None', 'config': '{\'tools\': "[\'Linting\', \'Documentation\']", \'project_name\': \'lint-doc-none\', \'example_pipeline\': \'False\', \'kedro_version\': \'1.0.0\'}', 'directory': 'None', 'template_path': "'/testbed/kedro/templates/project'"}
2026-08-22 22:40:10.350 /testbed/kedro/framework/cli/starters.py:799 kedro.framework.cli.starters._make_cookiecutter_args_and_fetch_template event=line locals={}
2026-08-22 22:40:10.351 /testbed/kedro/framework/cli/starters.py:800 kedro.framework.cli.starters._make_cookiecutter_args_and_fetch_template event=line locals={}
2026-08-22 22:40:10.351 /testbed/kedro/framework/cli/starters.py:801 kedro.framework.cli.starters._make_cookiecutter_args_and_fetch_template event=line locals={}
2026-08-22 22:40:10.351 /testbed/kedro/framework/cli/starters.py:798 kedro.framework.cli.starters._make_cookiecutter_args_and_fetch_template event=line locals={}
2026-08-22 22:40:10.351 /testbed/kedro/framework/cli/starters.py:804 kedro.framework.cli.starters._make_cookiecutter_args_and_fetch_template event=line locals={'cookiecutter_args': '{\'output_dir\': \'/testbed\', \'no_input\': True, \'extra_context\': {\'tools\': "[\'Linting\', \'Documentation\']", \'project_name\': \'lint-doc-none\', \'example_pipeline\': \'False\', \'kedro_version\': \'1.0.0\'}}'}
2026-08-22 22:40:10.351 /testbed/kedro/framework/cli/starters.py:806 kedro.framework.cli.starters._make_cookiecutter_args_and_fetch_template event=line locals={}
2026-08-22 22:40:10.351 /testbed/kedro/framework/cli/starters.py:808 kedro.framework.cli.starters._make_cookiecutter_args_and_fetch_template event=line locals={'cookiecutter_args': '{\'output_dir\': \'/testbed\', \'no_input\': True, \'extra_context\': {\'tools\': "[\'Linting\', \'Documentation\']", \'project_name\': \'lint-doc-none\', \'example_pipeline\': \'False\', \'kedro_version\': \'1.0.0\'}, \'checkout\': None}'}
2026-08-22 22:40:10.351 /testbed/kedro/framework/cli/starters.py:809 kedro.framework.cli.starters._make_cookiecutter_args_and_fetch_template event=line locals={'tools': '"[\'Linting\', \'Documentation\']"'}
2026-08-22 22:40:10.351 /testbed/kedro/framework/cli/starters.py:810 kedro.framework.cli.starters._make_cookiecutter_args_and_fetch_template event=line locals={'example_pipeline': "'False'"}
2026-08-22 22:40:10.351 /testbed/kedro/framework/cli/starters.py:812 kedro.framework.cli.starters._make_cookiecutter_args_and_fetch_template event=line locals={'starter_path': "'git+https://github.com/kedro-org/kedro-starters.git'"}
2026-08-22 22:40:10.351 /testbed/kedro/framework/cli/starters.py:818 kedro.framework.cli.starters._make_cookiecutter_args_and_fetch_template event=line locals={}
2026-08-22 22:40:10.351 /testbed/kedro/framework/cli/starters.py:826 kedro.framework.cli.starters._make_cookiecutter_args_and_fetch_template event=line locals={}
2026-08-22 22:40:10.351 /testbed/kedro/framework/cli/starters.py:828 kedro.framework.cli.starters._make_cookiecutter_args_and_fetch_template event=line locals={'starter_path': "'/testbed/kedro/templates/project'"}
2026-08-22 22:40:10.351 /testbed/kedro/framework/cli/starters.py:828 kedro.framework.cli.starters._make_cookiecutter_args_and_fetch_template event=return retval=({'output_dir': '/testbed', 'no_input': True, 'extra_context': {'tools': "['Linting', 'Documentation']", 'project_name': 'lint-doc-none', 'example_pipeline': 'False', 'kedro_version': '1.0.0'}, 'checkout': None}, '/testbed/kedro/templates/project') locals={'checkout': 'None', 'config': '{\'tools\': "[\'Linting\', \'Documentation\']", \'project_name\': \'lint-doc-none\', \'example_pipeline\': \'False\', \'kedro_version\': \'1.0.0\'}', 'cookiecutter_args': '{\'output_dir\': \'/testbed\', \'no_input\': True, \'extra_context\': {\'tools\': "[\'Linting\', \'Documentation\']", \'project_name\': \'lint-doc-none\', \'example_pipeline\': \'False\', \'kedro_version\': \'1.0.0\'}, \'checkout\': None}', 'directory': 'None', 'example_pipeline': "'False'", 'starter_path': "'/testbed/kedro/templates/project'", 'template_path': "'/testbed/kedro/templates/project'", 'tools': '"[\'Linting\', \'Documentation\']"'}
2026-08-22 22:40:10.503 /testbed/kedro/framework/cli/starters.py:774 kedro.framework.cli.starters._make_cookiecutter_args_and_fetch_template event=call locals={'checkout': 'None', 'config': '{\'tools\': "[\'Data Structure\', \'PySpark\']", \'project_name\': \'pyspark-data-yes\', \'example_pipeline\': \'True\', \'kedro_version\': \'1.0.0\'}', 'directory': 'None', 'template_path': "'/testbed/kedro/templates/project'"}
2026-08-22 22:40:10.503 /testbed/kedro/framework/cli/starters.py:799 kedro.framework.cli.starters._make_cookiecutter_args_and_fetch_template event=line locals={}
2026-08-22 22:40:10.503 /testbed/kedro/framework/cli/starters.py:800 kedro.framework.cli.starters._make_cookiecutter_args_and_fetch_template event=line locals={}
2026-08-22 22:40:10.503 /testbed/kedro/framework/cli/starters.py:801 kedro.framework.cli.starters._make_cookiecutter_args_and_fetch_template event=line locals={}
2026-08-22 22:40:10.503 /testbed/kedro/framework/cli/starters.py:798 kedro.framework.cli.starters._make_cookiecutter_args_and_fetch_template event=line locals={}
2026-08-22 22:40:10.503 /testbed/kedro/framework/cli/starters.py:804 kedro.framework.cli.starters._make_cookiecutter_args_and_fetch_template event=line locals={'cookiecutter_args': '{\'output_dir\': \'/testbed\', \'no_input\': True, \'extra_context\': {\'tools\': "[\'Data Structure\', \'PySpark\']", \'project_name\': \'pyspark-data-yes\', \'example_pipeline\': \'True\', \'kedro_version\': \'1.0.0\'}}'}
2026-08-22 22:40:10.503 /testbed/kedro/framework/cli/starters.py:806 kedro.framework.cli.starters._make_cookiecutter_args_and_fetch_template event=line locals={}
2026-08-22 22:40:10.503 /testbed/kedro/framework/cli/starters.py:808 kedro.framework.cli.starters._make_cookiecutter_args_and_fetch_template event=line locals={'cookiecutter_args': '{\'output_dir\': \'/testbed\', \'no_input\': True, \'extra_context\': {\'tools\': "[\'Data Structure\', \'PySpark\']", \'project_name\': \'pyspark-data-yes\', \'example_pipeline\': \'True\', \'kedro_version\': \'1.0.0\'}, \'checkout\': None}'}
2026-08-22 22:40:10.503 /testbed/kedro/framework/cli/starters.py:809 kedro.framework.cli.starters._make_cookiecutter_args_and_fetch_template event=line locals={'tools': '"[\'Data Structure\', \'PySpark\']"'}
2026-08-22 22:40:10.503 /testbed/kedro/framework/cli/starters.py:810 kedro.framework.cli.starters._make_cookiecutter_args_and_fetch_template event=line locals={'example_pipeline': "'True'"}
2026-08-22 22:40:10.503 /testbed/kedro/framework/cli/starters.py:812 kedro.framework.cli.starters._make_cookiecutter_args_and_fetch_template event=line locals={'starter_path': "'git+https://github.com/kedro-org/kedro-starters.git'"}
2026-08-22 22:40:10.503 /testbed/kedro/framework/cli/starters.py:814 kedro.framework.cli.starters._make_cookiecutter_args_and_fetch_template event=line locals={}
2026-08-22 22:40:10.503 /testbed/kedro/framework/cli/starters.py:815 kedro.framework.cli.starters._make_cookiecutter_args_and_fetch_template event=line locals={'cookiecutter_args': '{\'output_dir\': \'/testbed\', \'no_input\': True, \'extra_context\': {\'tools\': "[\'Data Structure\', \'PySpark\']", \'project_name\': \'pyspark-data-yes\', \'example_pipeline\': \'True\', \'kedro_version\': \'1.0.0\'}, \'checkout\': None, \'directory\': \'spaceflights-pyspark\'}'}
2026-08-22 22:40:10.503 /testbed/kedro/framework/cli/starters.py:816 kedro.framework.cli.starters._make_cookiecutter_args_and_fetch_template event=line locals={}
2026-08-22 22:40:10.503 /testbed/kedro/framework/cli/starters.py:815 kedro.framework.cli.starters._make_cookiecutter_args_and_fetch_template event=line locals={}
2026-08-22 22:40:10.504 /testbed/kedro/framework/cli/starters.py:828 kedro.framework.cli.starters._make_cookiecutter_args_and_fetch_template event=line locals={'cookiecutter_args': '{\'output_dir\': \'/testbed\', \'no_input\': True, \'extra_context\': {\'tools\': "[\'Data Structure\', \'PySpark\']", \'project_name\': \'pyspark-data-yes\', \'example_pipeline\': \'True\', \'kedro_version\': \'1.0.0\'}, \'checkout\': \'1.0.0\', \'directory\': \'spaceflights-pyspark\'}'}
2026-08-22 22:40:10.504 /testbed/kedro/framework/cli/starters.py:828 kedro.framework.cli.starters._make_cookiecutter_args_and_fetch_template event=return retval=({'output_dir': '/testbed', 'no_input': True, 'extra_context': {'tools': "['Data Structure', 'PySpark']", 'project_name': 'pyspark-data-yes', 'example_pipeline': 'True', 'kedro_version': '1.0.0'}, 'checkout': '1.0.0', 'directory': 'spaceflights-pyspark'}, 'git+https://github.com/kedro-org/kedro-starters.git') locals={'checkout': 'None', 'config': '{\'tools\': "[\'Data Structure\', \'PySpark\']", \'project_name\': \'pyspark-data-yes\', \'example_pipeline\': \'True\', \'kedro_version\': \'1.0.0\'}', 'cookiecutter_args': '{\'output_dir\': \'/testbed\', \'no_input\': True, \'extra_context\': {\'tools\': "[\'Data Structure\', \'PySpark\']", \'project_name\': \'pyspark-data-yes\', \'example_pipeline\': \'True\', \'kedro_version\': \'1.0.0\'}, \'checkout\': \'1.0.0\', \'directory\': \'spaceflights-pyspark\'}', 'directory': 'None', 'example_pipeline': "'True'", 'starter_path': "'git+https://github.com/kedro-org/kedro-starters.git'", 'template_path': "'/testbed/kedro/templates/project'", 'tools': '"[\'Data Structure\', \'PySpark\']"'}
2026-08-22 22:40:10.661 /testbed/kedro/framework/cli/starters.py:774 kedro.framework.cli.starters._make_cookiecutter_args_and_fetch_template event=call locals={'checkout': 'None', 'config': '{\'tools\': "[\'Linting\', \'Documentation\']", \'project_name\': \'lint-docs-default\', \'kedro_version\': \'1.0.0\', \'example_pipeline\': \'False\'}', 'directory': 'None', 'template_path': "'/testbed/kedro/templates/project'"}
2026-08-22 22:40:10.661 /testbed/kedro/framework/cli/starters.py:799 kedro.framework.cli.starters._make_cookiecutter_args_and_fetch_template event=line locals={}
2026-08-22 22:40:10.662 /testbed/kedro/framework/cli/starters.py:800 kedro.framework.cli.starters._make_cookiecutter_args_and_fetch_template event=line locals={}
2026-08-22 22:40:10.662 /testbed/kedro/framework/cli/starters.py:801 kedro.framework.cli.starters._make_cookiecutter_args_and_fetch_template event=line locals={}
2026-08-22 22:40:10.662 /testbed/kedro/framework/cli/starters.py:798 kedro.framework.cli.starters._make_cookiecutter_args_and_fetch_template event=line locals={}
2026-08-22 22:40:10.662 /testbed/kedro/framework/cli/starters.py:804 kedro.framework.cli.starters._make_cookiecutter_args_and_fetch_template event=line locals={'cookiecutter_args': '{\'output_dir\': \'/testbed\', \'no_input\': True, \'extra_context\': {\'tools\': "[\'Linting\', \'Documentation\']", \'project_name\': \'lint-docs-default\', \'kedro_version\': \'1.0.0\', \'example_pipeline\': \'False\'}}'}
2026-08-22 22:40:10.662 /testbed/kedro/framework/cli/starters.py:806 kedro.framework.cli.starters._make_cookiecutter_args_and_fetch_template event=line locals={}
2026-08-22 22:40:10.662 /testbed/kedro/framework/cli/starters.py:808 kedro.framework.cli.starters._make_cookiecutter_args_and_fetch_template event=line locals={'cookiecutter_args': '{\'output_dir\': \'/testbed\', \'no_input\': True, \'extra_context\': {\'tools\': "[\'Linting\', \'Documentation\']", \'project_name\': \'lint-docs-default\', \'kedro_version\': \'1.0.0\', \'example_pipeline\': \'False\'}, \'checkout\': None}'}
2026-08-22 22:40:10.662 /testbed/kedro/framework/cli/starters.py:809 kedro.framework.cli.starters._make_cookiecutter_args_and_fetch_template event=line locals={'tools': '"[\'Linting\', \'Documentation\']"'}
2026-08-22 22:40:10.662 /testbed/kedro/framework/cli/starters.py:810 kedro.framework.cli.starters._make_cookiecutter_args_and_fetch_template event=line locals={'example_pipeline': "'False'"}
2026-08-22 22:40:10.662 /testbed/kedro/framework/cli/starters.py:812 kedro.framework.cli.starters._make_cookiecutter_args_and_fetch_template event=line locals={'starter_path': "'git+https://github.com/kedro-org/kedro-starters.git'"}
2026-08-22 22:40:10.662 /testbed/kedro/framework/cli/starters.py:818 kedro.framework.cli.starters._make_cookiecutter_args_and_fetch_template event=line locals={}
2026-08-22 22:40:10.662 /testbed/kedro/framework/cli/starters.py:826 kedro.framework.cli.starters._make_cookiecutter_args_and_fetch_template event=line locals={}
2026-08-22 22:40:10.662 /testbed/kedro/framework/cli/starters.py:828 kedro.framework.cli.starters._make_cookiecutter_args_and_fetch_template event=line locals={'starter_path': "'/testbed/kedro/templates/project'"}
2026-08-22 22:40:10.662 /testbed/kedro/framework/cli/starters.py:828 kedro.framework.cli.starters._make_cookiecutter_args_and_fetch_template event=return retval=({'output_dir': '/testbed', 'no_input': True, 'extra_context': {'tools': "['Linting', 'Documentation']", 'project_name': 'lint-docs-default', 'kedro_version': '1.0.0', 'example_pipeline': 'False'}, 'checkout': None}, '/testbed/kedro/templates/project') locals={'checkout': 'None', 'config': '{\'tools\': "[\'Linting\', \'Documentation\']", \'project_name\': \'lint-docs-default\', \'kedro_version\': \'1.0.0\', \'example_pipeline\': \'False\'}', 'cookiecutter_args': '{\'output_dir\': \'/testbed\', \'no_input\': True, \'extra_context\': {\'tools\': "[\'Linting\', \'Documentation\']", \'project_name\': \'lint-docs-default\', \'kedro_version\': \'1.0.0\', \'example_pipeline\': \'False\'}, \'checkout\': None}', 'directory': 'None', 'example_pipeline': "'False'", 'starter_path': "'/testbed/kedro/templates/project'", 'template_path': "'/testbed/kedro/templates/project'", 'tools': '"[\'Linting\', \'Documentation\']"'}
2026-08-22 22:40:10.814 /testbed/kedro/framework/cli/starters.py:774 kedro.framework.cli.starters._make_cookiecutter_args_and_fetch_template event=call locals={'checkout': 'None', 'config': '{\'tools\': "[\'PySpark\']", \'project_name\': \'pyspark-repeat-epsilon\', \'kedro_version\': \'1.0.0\', \'example_pipeline\': \'False\'}', 'directory': 'None', 'template_path': "'/testbed/kedro/templates/project'"}
2026-08-22 22:40:10.814 /testbed/kedro/framework/cli/starters.py:799 kedro.framework.cli.starters._make_cookiecutter_args_and_fetch_template event=line locals={}
2026-08-22 22:40:10.815 /testbed/kedro/framework/cli/starters.py:800 kedro.framework.cli.starters._make_cookiecutter_args_and_fetch_template event=line locals={}
2026-08-22 22:40:10.815 /testbed/kedro/framework/cli/starters.py:801 kedro.framework.cli.starters._make_cookiecutter_args_and_fetch_template event=line locals={}
2026-08-22 22:40:10.815 /testbed/kedro/framework/cli/starters.py:798 kedro.framework.cli.starters._make_cookiecutter_args_and_fetch_template event=line locals={}
2026-08-22 22:40:10.815 /testbed/kedro/framework/cli/starters.py:804 kedro.framework.cli.starters._make_cookiecutter_args_and_fetch_template event=line locals={'cookiecutter_args': '{\'output_dir\': \'/testbed\', \'no_input\': True, \'extra_context\': {\'tools\': "[\'PySpark\']", \'project_name\': \'pyspark-repeat-epsilon\', \'kedro_version\': \'1.0.0\', \'example_pipeline\': \'False\'}}'}
2026-08-22 22:40:10.815 /testbed/kedro/framework/cli/starters.py:806 kedro.framework.cli.starters._make_cookiecutter_args_and_fetch_template event=line locals={}
2026-08-22 22:40:10.815 /testbed/kedro/framework/cli/starters.py:808 kedro.framework.cli.starters._make_cookiecutter_args_and_fetch_template event=line locals={'cookiecutter_args': '{\'output_dir\': \'/testbed\', \'no_input\': True, \'extra_context\': {\'tools\': "[\'PySpark\']", \'project_name\': \'pyspark-repeat-epsilon\', \'kedro_version\': \'1.0.0\', \'example_pipeline\': \'False\'}, \'checkout\': None}'}
2026-08-22 22:40:10.815 /testbed/kedro/framework/cli/starters.py:809 kedro.framework.cli.starters._make_cookiecutter_args_and_fetch_template event=line locals={'tools': '"[\'PySpark\']"'}
2026-08-22 22:40:10.815 /testbed/kedro/framework/cli/starters.py:810 kedro.framework.cli.starters._make_cookiecutter_args_and_fetch_template event=line locals={'example_pipeline': "'False'"}
2026-08-22 22:40:10.815 /testbed/kedro/framework/cli/starters.py:812 kedro.framework.cli.starters._make_cookiecutter_args_and_fetch_template event=line locals={'starter_path': "'git+https://github.com/kedro-org/kedro-starters.git'"}
2026-08-22 22:40:10.815 /testbed/kedro/framework/cli/starters.py:814 kedro.framework.cli.starters._make_cookiecutter_args_and_fetch_template event=line locals={}
2026-08-22 22:40:10.815 /testbed/kedro/framework/cli/starters.py:815 kedro.framework.cli.starters._make_cookiecutter_args_and_fetch_template event=line locals={'cookiecutter_args': '{\'output_dir\': \'/testbed\', \'no_input\': True, \'extra_context\': {\'tools\': "[\'PySpark\']", \'project_name\': \'pyspark-repeat-epsilon\', \'kedro_version\': \'1.0.0\', \'example_pipeline\': \'False\'}, \'checkout\': None, \'directory\': \'spaceflights-pyspark\'}'}
2026-08-22 22:40:10.815 /testbed/kedro/framework/cli/starters.py:816 kedro.framework.cli.starters._make_cookiecutter_args_and_fetch_template event=line locals={}
2026-08-22 22:40:10.815 /testbed/kedro/framework/cli/starters.py:815 kedro.framework.cli.starters._make_cookiecutter_args_and_fetch_template event=line locals={}
2026-08-22 22:40:10.815 /testbed/kedro/framework/cli/starters.py:828 kedro.framework.cli.starters._make_cookiecutter_args_and_fetch_template event=line locals={'cookiecutter_args': '{\'output_dir\': \'/testbed\', \'no_input\': True, \'extra_context\': {\'tools\': "[\'PySpark\']", \'project_name\': \'pyspark-repeat-epsilon\', \'kedro_version\': \'1.0.0\', \'example_pipeline\': \'False\'}, \'checkout\': \'1.0.0\', \'directory\': \'spaceflights-pyspark\'}'}
2026-08-22 22:40:10.815 /testbed/kedro/framework/cli/starters.py:828 kedro.framework.cli.starters._make_cookiecutter_args_and_fetch_template event=return retval=({'output_dir': '/testbed', 'no_input': True, 'extra_context': {'tools': "['PySpark']", 'project_name': 'pyspark-repeat-epsilon', 'kedro_version': '1.0.0', 'example_pipeline': 'False'}, 'checkout': '1.0.0', 'directory': 'spaceflights-pyspark'}, 'git+https://github.com/kedro-org/kedro-starters.git') locals={'checkout': 'None', 'config': '{\'tools\': "[\'PySpark\']", \'project_name\': \'pyspark-repeat-epsilon\', \'kedro_version\': \'1.0.0\', \'example_pipeline\': \'False\'}', 'cookiecutter_args': '{\'output_dir\': \'/testbed\', \'no_input\': True, \'extra_context\': {\'tools\': "[\'PySpark\']", \'project_name\': \'pyspark-repeat-epsilon\', \'kedro_version\': \'1.0.0\', \'example_pipeline\': \'False\'}, \'checkout\': \'1.0.0\', \'directory\': \'spaceflights-pyspark\'}', 'directory': 'None', 'example_pipeline': "'False'", 'starter_path': "'git+https://github.com/kedro-org/kedro-starters.git'", 'template_path': "'/testbed/kedro/templates/project'", 'tools': '"[\'PySpark\']"'}
2026-08-22 22:40:10.968 /testbed/kedro/framework/cli/starters.py:774 kedro.framework.cli.starters._make_cookiecutter_args_and_fetch_template event=call locals={'checkout': 'None', 'config': '{\'tools\': "[\'Custom Logging\']", \'project_name\': \'log-only-example\', \'example_pipeline\': \'True\', \'kedro_version\': \'1.0.0\'}', 'directory': 'None', 'template_path': "'/testbed/kedro/templates/project'"}
2026-08-22 22:40:10.968 /testbed/kedro/framework/cli/starters.py:799 kedro.framework.cli.starters._make_cookiecutter_args_and_fetch_template event=line locals={}
2026-08-22 22:40:10.969 /testbed/kedro/framework/cli/starters.py:800 kedro.framework.cli.starters._make_cookiecutter_args_and_fetch_template event=line locals={}
2026-08-22 22:40:10.969 /testbed/kedro/framework/cli/starters.py:801 kedro.framework.cli.starters._make_cookiecutter_args_and_fetch_template event=line locals={}
2026-08-22 22:40:10.969 /testbed/kedro/framework/cli/starters.py:798 kedro.framework.cli.starters._make_cookiecutter_args_and_fetch_template event=line locals={}
2026-08-22 22:40:10.969 /testbed/kedro/framework/cli/starters.py:804 kedro.framework.cli.starters._make_cookiecutter_args_and_fetch_template event=line locals={'cookiecutter_args': '{\'output_dir\': \'/testbed\', \'no_input\': True, \'extra_context\': {\'tools\': "[\'Custom Logging\']", \'project_name\': \'log-only-example\', \'example_pipeline\': \'True\', \'kedro_version\': \'1.0.0\'}}'}
2026-08-22 22:40:10.969 /testbed/kedro/framework/cli/starters.py:806 kedro.framework.cli.starters._make_cookiecutter_args_and_fetch_template event=line locals={}
2026-08-22 22:40:10.969 /testbed/kedro/framework/cli/starters.py:808 kedro.framework.cli.starters._make_cookiecutter_args_and_fetch_template event=line locals={'cookiecutter_args': '{\'output_dir\': \'/testbed\', \'no_input\': True, \'extra_context\': {\'tools\': "[\'Custom Logging\']", \'project_name\': \'log-only-example\', \'example_pipeline\': \'True\', \'kedro_version\': \'1.0.0\'}, \'checkout\': None}'}
2026-08-22 22:40:10.969 /testbed/kedro/framework/cli/starters.py:809 kedro.framework.cli.starters._make_cookiecutter_args_and_fetch_template event=line locals={'tools': '"[\'Custom Logging\']"'}
2026-08-22 22:40:10.969 /testbed/kedro/framework/cli/starters.py:810 kedro.framework.cli.starters._make_cookiecutter_args_and_fetch_template event=line locals={'example_pipeline': "'True'"}
2026-08-22 22:40:10.969 /testbed/kedro/framework/cli/starters.py:812 kedro.framework.cli.starters._make_cookiecutter_args_and_fetch_template event=line locals={'starter_path': "'git+https://github.com/kedro-org/kedro-starters.git'"}
2026-08-22 22:40:10.969 /testbed/kedro/framework/cli/starters.py:818 kedro.framework.cli.starters._make_cookiecutter_args_and_fetch_template event=line locals={}
2026-08-22 22:40:10.969 /testbed/kedro/framework/cli/starters.py:820 kedro.framework.cli.starters._make_cookiecutter_args_and_fetch_template event=line locals={}
2026-08-22 22:40:10.969 /testbed/kedro/framework/cli/starters.py:821 kedro.framework.cli.starters._make_cookiecutter_args_and_fetch_template event=line locals={'cookiecutter_args': '{\'output_dir\': \'/testbed\', \'no_input\': True, \'extra_context\': {\'tools\': "[\'Custom Logging\']", \'project_name\': \'log-only-example\', \'example_pipeline\': \'True\', \'kedro_version\': \'1.0.0\'}, \'checkout\': None, \'directory\': \'spaceflights-pandas\'}'}
2026-08-22 22:40:10.969 /testbed/kedro/framework/cli/starters.py:822 kedro.framework.cli.starters._make_cookiecutter_args_and_fetch_template event=line locals={}
2026-08-22 22:40:10.969 /testbed/kedro/framework/cli/starters.py:821 kedro.framework.cli.starters._make_cookiecutter_args_and_fetch_template event=line locals={}
2026-08-22 22:40:10.969 /testbed/kedro/framework/cli/starters.py:828 kedro.framework.cli.starters._make_cookiecutter_args_and_fetch_template event=line locals={'cookiecutter_args': '{\'output_dir\': \'/testbed\', \'no_input\': True, \'extra_context\': {\'tools\': "[\'Custom Logging\']", \'project_name\': \'log-only-example\', \'example_pipeline\': \'True\', \'kedro_version\': \'1.0.0\'}, \'checkout\': \'1.0.0\', \'directory\': \'spaceflights-pandas\'}'}
2026-08-22 22:40:10.969 /testbed/kedro/framework/cli/starters.py:828 kedro.framework.cli.starters._make_cookiecutter_args_and_fetch_template event=return retval=({'output_dir': '/testbed', 'no_input': True, 'extra_context': {'tools': "['Custom Logging']", 'project_name': 'log-only-example', 'example_pipeline': 'True', 'kedro_version': '1.0.0'}, 'checkout': '1.0.0', 'directory': 'spaceflights-pandas'}, 'git+https://github.com/kedro-org/kedro-starters.git') locals={'checkout': 'None', 'config': '{\'tools\': "[\'Custom Logging\']", \'project_name\': \'log-only-example\', \'example_pipeline\': \'True\', \'kedro_version\': \'1.0.0\'}', 'cookiecutter_args': '{\'output_dir\': \'/testbed\', \'no_input\': True, \'extra_context\': {\'tools\': "[\'Custom Logging\']", \'project_name\': \'log-only-example\', \'example_pipeline\': \'True\', \'kedro_version\': \'1.0.0\'}, \'checkout\': \'1.0.0\', \'directory\': \'spaceflights-pandas\'}', 'directory': 'None', 'example_pipeline': "'True'", 'starter_path': "'git+https://github.com/kedro-org/kedro-starters.git'", 'template_path': "'/testbed/kedro/templates/project'", 'tools': '"[\'Custom Logging\']"'}
2026-08-22 22:40:11.123 /testbed/kedro/framework/cli/starters.py:774 kedro.framework.cli.starters._make_cookiecutter_args_and_fetch_template event=call locals={'checkout': 'None', 'config': '{\'tools\': "[\'Linting\', \'Data Structure\']", \'example_pipeline\': \'False\', \'kedro_version\': \'1.0.0\'}', 'directory': 'None', 'template_path': "'/testbed/kedro/templates/project'"}
2026-08-22 22:40:11.123 /testbed/kedro/framework/cli/starters.py:799 kedro.framework.cli.starters._make_cookiecutter_args_and_fetch_template event=line locals={}
2026-08-22 22:40:11.123 /testbed/kedro/framework/cli/starters.py:800 kedro.framework.cli.starters._make_cookiecutter_args_and_fetch_template event=line locals={}
2026-08-22 22:40:11.123 /testbed/kedro/framework/cli/starters.py:801 kedro.framework.cli.starters._make_cookiecutter_args_and_fetch_template event=line locals={}
2026-08-22 22:40:11.123 /testbed/kedro/framework/cli/starters.py:798 kedro.framework.cli.starters._make_cookiecutter_args_and_fetch_template event=line locals={}
2026-08-22 22:40:11.123 /testbed/kedro/framework/cli/starters.py:804 kedro.framework.cli.starters._make_cookiecutter_args_and_fetch_template event=line locals={'cookiecutter_args': '{\'output_dir\': \'/testbed\', \'no_input\': True, \'extra_context\': {\'tools\': "[\'Linting\', \'Data Structure\']", \'example_pipeline\': \'False\', \'kedro_version\': \'1.0.0\'}}'}
2026-08-22 22:40:11.123 /testbed/kedro/framework/cli/starters.py:806 kedro.framework.cli.starters._make_cookiecutter_args_and_fetch_template event=line locals={}
2026-08-22 22:40:11.123 /testbed/kedro/framework/cli/starters.py:808 kedro.framework.cli.starters._make_cookiecutter_args_and_fetch_template event=line locals={'cookiecutter_args': '{\'output_dir\': \'/testbed\', \'no_input\': True, \'extra_context\': {\'tools\': "[\'Linting\', \'Data Structure\']", \'example_pipeline\': \'False\', \'kedro_version\': \'1.0.0\'}, \'checkout\': None}'}
2026-08-22 22:40:11.123 /testbed/kedro/framework/cli/starters.py:809 kedro.framework.cli.starters._make_cookiecutter_args_and_fetch_template event=line locals={'tools': '"[\'Linting\', \'Data Structure\']"'}
2026-08-22 22:40:11.123 /testbed/kedro/framework/cli/starters.py:810 kedro.framework.cli.starters._make_cookiecutter_args_and_fetch_template event=line locals={'example_pipeline': "'False'"}
2026-08-22 22:40:11.123 /testbed/kedro/framework/cli/starters.py:812 kedro.framework.cli.starters._make_cookiecutter_args_and_fetch_template event=line locals={'starter_path': "'git+https://github.com/kedro-org/kedro-starters.git'"}
2026-08-22 22:40:11.124 /testbed/kedro/framework/cli/starters.py:818 kedro.framework.cli.starters._make_cookiecutter_args_and_fetch_template event=line locals={}
2026-08-22 22:40:11.124 /testbed/kedro/framework/cli/starters.py:826 kedro.framework.cli.starters._make_cookiecutter_args_and_fetch_template event=line locals={}
2026-08-22 22:40:11.124 /testbed/kedro/framework/cli/starters.py:828 kedro.framework.cli.starters._make_cookiecutter_args_and_fetch_template event=line locals={'starter_path': "'/testbed/kedro/templates/project'"}
2026-08-22 22:40:11.124 /testbed/kedro/framework/cli/starters.py:828 kedro.framework.cli.starters._make_cookiecutter_args_and_fetch_template event=return retval=({'output_dir': '/testbed', 'no_input': True, 'extra_context': {'tools': "['Linting', 'Data Structure']", 'example_pipeline': 'False', 'kedro_version': '1.0.0'}, 'checkout': None}, '/testbed/kedro/templates/project') locals={'checkout': 'None', 'config': '{\'tools\': "[\'Linting\', \'Data Structure\']", \'example_pipeline\': \'False\', \'kedro_version\': \'1.0.0\'}', 'cookiecutter_args': '{\'output_dir\': \'/testbed\', \'no_input\': True, \'extra_context\': {\'tools\': "[\'Linting\', \'Data Structure\']", \'example_pipeline\': \'False\', \'kedro_version\': \'1.0.0\'}, \'checkout\': None}', 'directory': 'None', 'example_pipeline': "'False'", 'starter_path': "'/testbed/kedro/templates/project'", 'template_path': "'/testbed/kedro/templates/project'", 'tools': '"[\'Linting\', \'Data Structure\']"'}
2026-08-22 22:40:11.277 /testbed/kedro/framework/cli/starters.py:774 kedro.framework.cli.starters._make_cookiecutter_args_and_fetch_template event=call locals={'checkout': 'None', 'config': '{\'tools\': "[\'Testing\', \'PySpark\']", \'project_name\': \'pyspark-test-yes\', \'example_pipeline\': \'True\', \'kedro_version\': \'1.0.0\'}', 'directory': 'None', 'template_path': "'/testbed/kedro/templates/project'"}
2026-08-22 22:40:11.277 /testbed/kedro/framework/cli/starters.py:799 kedro.framework.cli.starters._make_cookiecutter_args_and_fetch_template event=line locals={}
2026-08-22 22:40:11.278 /testbed/kedro/framework/cli/starters.py:800 kedro.framework.cli.starters._make_cookiecutter_args_and_fetch_template event=line locals={}
2026-08-22 22:40:11.278 /testbed/kedro/framework/cli/starters.py:801 kedro.framework.cli.starters._make_cookiecutter_args_and_fetch_template event=line locals={}
2026-08-22 22:40:11.278 /testbed/kedro/framework/cli/starters.py:798 kedro.framework.cli.starters._make_cookiecutter_args_and_fetch_template event=line locals={}
2026-08-22 22:40:11.278 /testbed/kedro/framework/cli/starters.py:804 kedro.framework.cli.starters._make_cookiecutter_args_and_fetch_template event=line locals={'cookiecutter_args': '{\'output_dir\': \'/testbed\', \'no_input\': True, \'extra_context\': {\'tools\': "[\'Testing\', \'PySpark\']", \'project_name\': \'pyspark-test-yes\', \'example_pipeline\': \'True\', \'kedro_version\': \'1.0.0\'}}'}
2026-08-22 22:40:11.278 /testbed/kedro/framework/cli/starters.py:806 kedro.framework.cli.starters._make_cookiecutter_args_and_fetch_template event=line locals={}
2026-08-22 22:40:11.278 /testbed/kedro/framework/cli/starters.py:808 kedro.framework.cli.starters._make_cookiecutter_args_and_fetch_template event=line locals={'cookiecutter_args': '{\'output_dir\': \'/testbed\', \'no_input\': True, \'extra_context\': {\'tools\': "[\'Testing\', \'PySpark\']", \'project_name\': \'pyspark-test-yes\', \'example_pipeline\': \'True\', \'kedro_version\': \'1.0.0\'}, \'checkout\': None}'}
2026-08-22 22:40:11.278 /testbed/kedro/framework/cli/starters.py:809 kedro.framework.cli.starters._make_cookiecutter_args_and_fetch_template event=line locals={'tools': '"[\'Testing\', \'PySpark\']"'}
2026-08-22 22:40:11.278 /testbed/kedro/framework/cli/starters.py:810 kedro.framework.cli.starters._make_cookiecutter_args_and_fetch_template event=line locals={'example_pipeline': "'True'"}
2026-08-22 22:40:11.278 /testbed/kedro/framework/cli/starters.py:812 kedro.framework.cli.starters._make_cookiecutter_args_and_fetch_template event=line locals={'starter_path': "'git+https://github.com/kedro-org/kedro-starters.git'"}
2026-08-22 22:40:11.278 /testbed/kedro/framework/cli/starters.py:814 kedro.framework.cli.starters._make_cookiecutter_args_and_fetch_template event=line locals={}
2026-08-22 22:40:11.278 /testbed/kedro/framework/cli/starters.py:815 kedro.framework.cli.starters._make_cookiecutter_args_and_fetch_template event=line locals={'cookiecutter_args': '{\'output_dir\': \'/testbed\', \'no_input\': True, \'extra_context\': {\'tools\': "[\'Testing\', \'PySpark\']", \'project_name\': \'pyspark-test-yes\', \'example_pipeline\': \'True\', \'kedro_version\': \'1.0.0\'}, \'checkout\': None, \'directory\': \'spaceflights-pyspark\'}'}
2026-08-22 22:40:11.278 /testbed/kedro/framework/cli/starters.py:816 kedro.framework.cli.starters._make_cookiecutter_args_and_fetch_template event=line locals={}
2026-08-22 22:40:11.278 /testbed/kedro/framework/cli/starters.py:815 kedro.framework.cli.starters._make_cookiecutter_args_and_fetch_template event=line locals={}
2026-08-22 22:40:11.278 /testbed/kedro/framework/cli/starters.py:828 kedro.framework.cli.starters._make_cookiecutter_args_and_fetch_template event=line locals={'cookiecutter_args': '{\'output_dir\': \'/testbed\', \'no_input\': True, \'extra_context\': {\'tools\': "[\'Testing\', \'PySpark\']", \'project_name\': \'pyspark-test-yes\', \'example_pipeline\': \'True\', \'kedro_version\': \'1.0.0\'}, \'checkout\': \'1.0.0\', \'directory\': \'spaceflights-pyspark\'}'}
2026-08-22 22:40:11.278 /testbed/kedro/framework/cli/starters.py:828 kedro.framework.cli.starters._make_cookiecutter_args_and_fetch_template event=return retval=({'output_dir': '/testbed', 'no_input': True, 'extra_context': {'tools': "['Testing', 'PySpark']", 'project_name': 'pyspark-test-yes', 'example_pipeline': 'True', 'kedro_version': '1.0.0'}, 'checkout': '1.0.0', 'directory': 'spaceflights-pyspark'}, 'git+https://github.com/kedro-org/kedro-starters.git') locals={'checkout': 'None', 'config': '{\'tools\': "[\'Testing\', \'PySpark\']", \'project_name\': \'pyspark-test-yes\', \'example_pipeline\': \'True\', \'kedro_version\': \'1.0.0\'}', 'cookiecutter_args': '{\'output_dir\': \'/testbed\', \'no_input\': True, \'extra_context\': {\'tools\': "[\'Testing\', \'PySpark\']", \'project_name\': \'pyspark-test-yes\', \'example_pipeline\': \'True\', \'kedro_version\': \'1.0.0\'}, \'checkout\': \'1.0.0\', \'directory\': \'spaceflights-pyspark\'}', 'directory': 'None', 'example_pipeline': "'True'", 'starter_path': "'git+https://github.com/kedro-org/kedro-starters.git'", 'template_path': "'/testbed/kedro/templates/project'", 'tools': '"[\'Testing\', \'PySpark\']"'}
