2026-08-23 05:06:47.220 [TRACE][START] pid=47 TRACE_OUT='/testbed/logs/instruct_lab_qa/serve_backend_serve_backend_s5_exceptions__pert_llm_s0/trace.log' TRACE_FILE='src/instructlab/model/serve_backend.py' TRACE_FUNCS=['serve_backend'] TRACE_EVENTS=['call', 'exception', 'line', 'return']
2026-08-23 05:06:47.267 /testbed/src/instructlab/model/serve_backend.py:51 instructlab.model.serve_backend.serve_backend event=call locals={'backend': "'llama-cpp'", 'chat_template': 'None', 'ctx': '<testcase.TestServeBackendExceptionPaths.test_cli_serve_handles_backend_failures_before_shutdown.<locals>.FakeContext object at 0x7611f3b5f790>', 'gpu_layers': '5', 'gpus': 'None', 'host': "'0.0.0.0'", 'log_file': 'None', 'max_ctx_size': '4096', 'model_family': "'family-0-variant'", 'model_path': "PosixPath('/models/generated-0-0')", 'num_threads': 'None', 'port': '8200'}
2026-08-23 05:06:47.267 /testbed/src/instructlab/model/serve_backend.py:67 instructlab.model.serve_backend.serve_backend event=line locals={}
2026-08-23 05:06:47.267 /testbed/src/instructlab/model/serve_backend.py:68 instructlab.model.serve_backend.serve_backend event=line locals={'root_logger': '<RootLogger root (WARNING)>'}
2026-08-23 05:06:47.267 /testbed/src/instructlab/model/serve_backend.py:72 instructlab.model.serve_backend.serve_backend event=line locals={}
2026-08-23 05:06:47.273 /testbed/src/instructlab/model/serve_backend.py:74 instructlab.model.serve_backend.serve_backend event=line locals={'llama_cpp': "<module 'instructlab.model.backends.llama_cpp' from '/testbed/src/instructlab/model/backends/llama_cpp.py'>", 'vllm': "<module 'instructlab.model.backends.vllm' from '/testbed/src/instructlab/model/backends/vllm.py'>"}
2026-08-23 05:06:47.273 /testbed/src/instructlab/model/serve_backend.py:75 instructlab.model.serve_backend.serve_backend event=line locals={}
2026-08-23 05:06:47.273 /testbed/src/instructlab/model/serve_backend.py:79 instructlab.model.serve_backend.serve_backend event=line locals={}
2026-08-23 05:06:47.273 /testbed/src/instructlab/model/serve_backend.py:80 instructlab.model.serve_backend.serve_backend event=line locals={}
2026-08-23 05:06:47.273 /testbed/src/instructlab/model/serve_backend.py:81 instructlab.model.serve_backend.serve_backend event=line locals={}
2026-08-23 05:06:47.277 /testbed/src/instructlab/model/serve_backend.py:82 instructlab.model.serve_backend.serve_backend event=line locals={}
2026-08-23 05:06:47.277 /testbed/src/instructlab/model/serve_backend.py:83 instructlab.model.serve_backend.serve_backend event=line locals={}
2026-08-23 05:06:47.277 /testbed/src/instructlab/model/serve_backend.py:85 instructlab.model.serve_backend.serve_backend event=line locals={'chat_template': "'default-template-alpha'"}
2026-08-23 05:06:47.277 /testbed/src/instructlab/model/serve_backend.py:86 instructlab.model.serve_backend.serve_backend event=line locals={}
2026-08-23 05:06:47.277 /testbed/src/instructlab/model/serve_backend.py:85 instructlab.model.serve_backend.serve_backend event=line locals={}
2026-08-23 05:06:47.277 /testbed/src/instructlab/model/serve_backend.py:90 instructlab.model.serve_backend.serve_backend event=line locals={}
2026-08-23 05:06:47.277 /testbed/src/instructlab/model/serve_backend.py:91 instructlab.model.serve_backend.serve_backend event=line locals={}
2026-08-23 05:06:47.277 /testbed/src/instructlab/model/serve_backend.py:93 instructlab.model.serve_backend.serve_backend event=line locals={}
2026-08-23 05:06:47.277 /testbed/src/instructlab/model/serve_backend.py:94 instructlab.model.serve_backend.serve_backend event=line locals={}
2026-08-23 05:06:47.277 /testbed/src/instructlab/model/serve_backend.py:95 instructlab.model.serve_backend.serve_backend event=line locals={}
2026-08-23 05:06:47.277 /testbed/src/instructlab/model/serve_backend.py:96 instructlab.model.serve_backend.serve_backend event=line locals={}
2026-08-23 05:06:47.277 /testbed/src/instructlab/model/serve_backend.py:97 instructlab.model.serve_backend.serve_backend event=line locals={}
2026-08-23 05:06:47.277 /testbed/src/instructlab/model/serve_backend.py:98 instructlab.model.serve_backend.serve_backend event=line locals={}
2026-08-23 05:06:47.277 /testbed/src/instructlab/model/serve_backend.py:99 instructlab.model.serve_backend.serve_backend event=line locals={}
2026-08-23 05:06:47.277 /testbed/src/instructlab/model/serve_backend.py:100 instructlab.model.serve_backend.serve_backend event=line locals={}
2026-08-23 05:06:47.277 /testbed/src/instructlab/model/serve_backend.py:101 instructlab.model.serve_backend.serve_backend event=line locals={}
2026-08-23 05:06:47.277 /testbed/src/instructlab/model/serve_backend.py:102 instructlab.model.serve_backend.serve_backend event=line locals={}
2026-08-23 05:06:47.277 /testbed/src/instructlab/model/serve_backend.py:103 instructlab.model.serve_backend.serve_backend event=line locals={}
2026-08-23 05:06:47.277 /testbed/src/instructlab/model/serve_backend.py:93 instructlab.model.serve_backend.serve_backend event=line locals={}
2026-08-23 05:06:47.277 /testbed/src/instructlab/model/serve_backend.py:160 instructlab.model.serve_backend.serve_backend event=line locals={'backend_instance': '<testcase.TestServeBackendExceptionPaths.test_cli_serve_handles_backend_failures_before_shutdown.<locals>.FakeServer object at 0x7611f3eb5a10>'}
2026-08-23 05:06:47.278 /testbed/src/instructlab/model/serve_backend.py:161 instructlab.model.serve_backend.serve_backend event=line locals={}
2026-08-23 05:06:47.278 /testbed/src/instructlab/model/serve_backend.py:161 instructlab.model.serve_backend.serve_backend event=exception exc=ServerException: ServerException('backend-cycle-0-717') locals={}
2026-08-23 05:06:47.278 /testbed/src/instructlab/model/serve_backend.py:162 instructlab.model.serve_backend.serve_backend event=line locals={'backend': "'llama-cpp'", 'backend_instance': '<testcase.TestServeBackendExceptionPaths.test_cli_serve_handles_backend_failures_before_shutdown.<locals>.FakeServer object at 0x7611f3eb5a10>', 'chat_template': "'default-template-alpha'", 'ctx': '<testcase.TestServeBackendExceptionPaths.test_cli_serve_handles_backend_failures_before_shutdown.<locals>.FakeContext object at 0x7611f3b5f790>', 'gpu_layers': '5', 'gpus': 'None', 'host': "'0.0.0.0'", 'llama_cpp': "<module 'instructlab.model.backends.llama_cpp' from '/testbed/src/instructlab/model/backends/llama_cpp.py'>", 'log_file': 'None', 'max_ctx_size': '4096', 'model_family': "'family-0-variant'", 'model_path': "PosixPath('/models/generated-0-0')", 'num_threads': 'None', 'port': '8200', 'root_logger': '<RootLogger root (WARNING)>', 'vllm': "<module 'instructlab.model.backends.vllm' from '/testbed/src/instructlab/model/backends/vllm.py'>"}
2026-08-23 05:06:47.278 /testbed/src/instructlab/model/serve_backend.py:163 instructlab.model.serve_backend.serve_backend event=line locals={'exc': "ServerException('backend-cycle-0-717')"}
2026-08-23 05:06:47.278 /testbed/src/instructlab/model/serve_backend.py:163 instructlab.model.serve_backend.serve_backend event=exception exc=RuntimeError: RuntimeError('Error creating server: backend-cycle-0-717') locals={}
2026-08-23 05:06:47.278 /testbed/src/instructlab/model/serve_backend.py:167 instructlab.model.serve_backend.serve_backend event=line locals={'backend': "'llama-cpp'", 'backend_instance': '<testcase.TestServeBackendExceptionPaths.test_cli_serve_handles_backend_failures_before_shutdown.<locals>.FakeServer object at 0x7611f3eb5a10>', 'chat_template': "'default-template-alpha'", 'ctx': '<testcase.TestServeBackendExceptionPaths.test_cli_serve_handles_backend_failures_before_shutdown.<locals>.FakeContext object at 0x7611f3b5f790>', 'gpu_layers': '5', 'gpus': 'None', 'host': "'0.0.0.0'", 'llama_cpp': "<module 'instructlab.model.backends.llama_cpp' from '/testbed/src/instructlab/model/backends/llama_cpp.py'>", 'log_file': 'None', 'max_ctx_size': '4096', 'model_family': "'family-0-variant'", 'model_path': "PosixPath('/models/generated-0-0')", 'num_threads': 'None', 'port': '8200', 'root_logger': '<RootLogger root (WARNING)>', 'vllm': "<module 'instructlab.model.backends.vllm' from '/testbed/src/instructlab/model/backends/vllm.py'>"}
2026-08-23 05:06:47.278 /testbed/src/instructlab/model/serve_backend.py:168 instructlab.model.serve_backend.serve_backend event=line locals={}
2026-08-23 05:06:47.278 /testbed/src/instructlab/model/serve_backend.py:168 instructlab.model.serve_backend.serve_backend event=exception exc=SystemExit: SystemExit(0) locals={}
2026-08-23 05:06:47.278 /testbed/src/instructlab/model/serve_backend.py:168 instructlab.model.serve_backend.serve_backend event=return retval=None locals={'backend': "'llama-cpp'", 'backend_instance': '<testcase.TestServeBackendExceptionPaths.test_cli_serve_handles_backend_failures_before_shutdown.<locals>.FakeServer object at 0x7611f3eb5a10>', 'chat_template': "'default-template-alpha'", 'ctx': '<testcase.TestServeBackendExceptionPaths.test_cli_serve_handles_backend_failures_before_shutdown.<locals>.FakeContext object at 0x7611f3b5f790>', 'gpu_layers': '5', 'gpus': 'None', 'host': "'0.0.0.0'", 'llama_cpp': "<module 'instructlab.model.backends.llama_cpp' from '/testbed/src/instructlab/model/backends/llama_cpp.py'>", 'log_file': 'None', 'max_ctx_size': '4096', 'model_family': "'family-0-variant'", 'model_path': "PosixPath('/models/generated-0-0')", 'num_threads': 'None', 'port': '8200', 'root_logger': '<RootLogger root (WARNING)>', 'vllm': "<module 'instructlab.model.backends.vllm' from '/testbed/src/instructlab/model/backends/vllm.py'>"}
2026-08-23 05:06:47.282 /testbed/src/instructlab/model/serve_backend.py:51 instructlab.model.serve_backend.serve_backend event=call locals={'backend': "'llama-cpp'", 'chat_template': "'template-1-beta'", 'ctx': '<testcase.TestServeBackendExceptionPaths.test_cli_serve_handles_backend_failures_before_shutdown.<locals>.FakeContext object at 0x7611f3b5f790>', 'gpu_layers': '12', 'gpus': 'None', 'host': "'127.0.0.1'", 'log_file': "PosixPath('/tmp/serve-backend-1.log')", 'max_ctx_size': '4144', 'model_family': "'family-1-variant'", 'model_path': "PosixPath('/models/generated-1-1')", 'num_threads': '1', 'port': '8205'}
2026-08-23 05:06:47.282 /testbed/src/instructlab/model/serve_backend.py:67 instructlab.model.serve_backend.serve_backend event=line locals={}
2026-08-23 05:06:47.282 /testbed/src/instructlab/model/serve_backend.py:68 instructlab.model.serve_backend.serve_backend event=line locals={'root_logger': '<RootLogger root (WARNING)>'}
2026-08-23 05:06:47.282 /testbed/src/instructlab/model/serve_backend.py:69 instructlab.model.serve_backend.serve_backend event=line locals={}
2026-08-23 05:06:47.283 /testbed/src/instructlab/model/serve_backend.py:72 instructlab.model.serve_backend.serve_backend event=line locals={}
2026-08-23 05:06:47.283 /testbed/src/instructlab/model/serve_backend.py:74 instructlab.model.serve_backend.serve_backend event=line locals={'llama_cpp': "<module 'instructlab.model.backends.llama_cpp' from '/testbed/src/instructlab/model/backends/llama_cpp.py'>", 'vllm': "<module 'instructlab.model.backends.vllm' from '/testbed/src/instructlab/model/backends/vllm.py'>"}
2026-08-23 05:06:47.283 /testbed/src/instructlab/model/serve_backend.py:75 instructlab.model.serve_backend.serve_backend event=line locals={}
2026-08-23 05:06:47.283 /testbed/src/instructlab/model/serve_backend.py:79 instructlab.model.serve_backend.serve_backend event=line locals={}
2026-08-23 05:06:47.283 /testbed/src/instructlab/model/serve_backend.py:80 instructlab.model.serve_backend.serve_backend event=line locals={}
2026-08-23 05:06:47.283 /testbed/src/instructlab/model/serve_backend.py:81 instructlab.model.serve_backend.serve_backend event=line locals={}
2026-08-23 05:06:47.284 /testbed/src/instructlab/model/serve_backend.py:82 instructlab.model.serve_backend.serve_backend event=line locals={}
2026-08-23 05:06:47.284 /testbed/src/instructlab/model/serve_backend.py:85 instructlab.model.serve_backend.serve_backend event=line locals={}
2026-08-23 05:06:47.284 /testbed/src/instructlab/model/serve_backend.py:86 instructlab.model.serve_backend.serve_backend event=line locals={}
2026-08-23 05:06:47.284 /testbed/src/instructlab/model/serve_backend.py:85 instructlab.model.serve_backend.serve_backend event=line locals={}
2026-08-23 05:06:47.284 /testbed/src/instructlab/model/serve_backend.py:90 instructlab.model.serve_backend.serve_backend event=line locals={}
2026-08-23 05:06:47.284 /testbed/src/instructlab/model/serve_backend.py:91 instructlab.model.serve_backend.serve_backend event=line locals={}
2026-08-23 05:06:47.284 /testbed/src/instructlab/model/serve_backend.py:93 instructlab.model.serve_backend.serve_backend event=line locals={}
2026-08-23 05:06:47.284 /testbed/src/instructlab/model/serve_backend.py:94 instructlab.model.serve_backend.serve_backend event=line locals={}
2026-08-23 05:06:47.284 /testbed/src/instructlab/model/serve_backend.py:95 instructlab.model.serve_backend.serve_backend event=line locals={}
2026-08-23 05:06:47.284 /testbed/src/instructlab/model/serve_backend.py:96 instructlab.model.serve_backend.serve_backend event=line locals={}
2026-08-23 05:06:47.284 /testbed/src/instructlab/model/serve_backend.py:97 instructlab.model.serve_backend.serve_backend event=line locals={}
2026-08-23 05:06:47.284 /testbed/src/instructlab/model/serve_backend.py:98 instructlab.model.serve_backend.serve_backend event=line locals={}
2026-08-23 05:06:47.284 /testbed/src/instructlab/model/serve_backend.py:99 instructlab.model.serve_backend.serve_backend event=line locals={}
2026-08-23 05:06:47.284 /testbed/src/instructlab/model/serve_backend.py:100 instructlab.model.serve_backend.serve_backend event=line locals={}
2026-08-23 05:06:47.284 /testbed/src/instructlab/model/serve_backend.py:101 instructlab.model.serve_backend.serve_backend event=line locals={}
2026-08-23 05:06:47.284 /testbed/src/instructlab/model/serve_backend.py:102 instructlab.model.serve_backend.serve_backend event=line locals={}
2026-08-23 05:06:47.284 /testbed/src/instructlab/model/serve_backend.py:103 instructlab.model.serve_backend.serve_backend event=line locals={}
2026-08-23 05:06:47.284 /testbed/src/instructlab/model/serve_backend.py:93 instructlab.model.serve_backend.serve_backend event=line locals={}
2026-08-23 05:06:47.284 /testbed/src/instructlab/model/serve_backend.py:160 instructlab.model.serve_backend.serve_backend event=line locals={'backend_instance': '<testcase.TestServeBackendExceptionPaths.test_cli_serve_handles_backend_failures_before_shutdown.<locals>.FakeServer object at 0x7611f3b6f8d0>'}
2026-08-23 05:06:47.284 /testbed/src/instructlab/model/serve_backend.py:161 instructlab.model.serve_backend.serve_backend event=line locals={}
2026-08-23 05:06:47.284 /testbed/src/instructlab/model/serve_backend.py:161 instructlab.model.serve_backend.serve_backend event=exception exc=ServerException: ServerException('backend-cycle-1-717') locals={}
2026-08-23 05:06:47.284 /testbed/src/instructlab/model/serve_backend.py:162 instructlab.model.serve_backend.serve_backend event=line locals={'backend': "'llama-cpp'", 'backend_instance': '<testcase.TestServeBackendExceptionPaths.test_cli_serve_handles_backend_failures_before_shutdown.<locals>.FakeServer object at 0x7611f3b6f8d0>', 'chat_template': "'template-1-beta'", 'ctx': '<testcase.TestServeBackendExceptionPaths.test_cli_serve_handles_backend_failures_before_shutdown.<locals>.FakeContext object at 0x7611f3b5f790>', 'gpu_layers': '12', 'gpus': 'None', 'host': "'127.0.0.1'", 'llama_cpp': "<module 'instructlab.model.backends.llama_cpp' from '/testbed/src/instructlab/model/backends/llama_cpp.py'>", 'log_file': "PosixPath('/tmp/serve-backend-1.log')", 'max_ctx_size': '4144', 'model_family': "'family-1-variant'", 'model_path': "PosixPath('/models/generated-1-1')", 'num_threads': '1', 'port': '8205', 'root_logger': '<RootLogger root (WARNING)>', 'vllm': "<module 'instructlab.model.backends.vllm' from '/testbed/src/instructlab/model/backends/vllm.py'>"}
2026-08-23 05:06:47.284 /testbed/src/instructlab/model/serve_backend.py:163 instructlab.model.serve_backend.serve_backend event=line locals={'exc': "ServerException('backend-cycle-1-717')"}
2026-08-23 05:06:47.284 /testbed/src/instructlab/model/serve_backend.py:163 instructlab.model.serve_backend.serve_backend event=exception exc=RuntimeError: RuntimeError('Error creating server: backend-cycle-1-717') locals={}
2026-08-23 05:06:47.285 /testbed/src/instructlab/model/serve_backend.py:167 instructlab.model.serve_backend.serve_backend event=line locals={'backend': "'llama-cpp'", 'backend_instance': '<testcase.TestServeBackendExceptionPaths.test_cli_serve_handles_backend_failures_before_shutdown.<locals>.FakeServer object at 0x7611f3b6f8d0>', 'chat_template': "'template-1-beta'", 'ctx': '<testcase.TestServeBackendExceptionPaths.test_cli_serve_handles_backend_failures_before_shutdown.<locals>.FakeContext object at 0x7611f3b5f790>', 'gpu_layers': '12', 'gpus': 'None', 'host': "'127.0.0.1'", 'llama_cpp': "<module 'instructlab.model.backends.llama_cpp' from '/testbed/src/instructlab/model/backends/llama_cpp.py'>", 'log_file': "PosixPath('/tmp/serve-backend-1.log')", 'max_ctx_size': '4144', 'model_family': "'family-1-variant'", 'model_path': "PosixPath('/models/generated-1-1')", 'num_threads': '1', 'port': '8205', 'root_logger': '<RootLogger root (WARNING)>', 'vllm': "<module 'instructlab.model.backends.vllm' from '/testbed/src/instructlab/model/backends/vllm.py'>"}
2026-08-23 05:06:47.285 /testbed/src/instructlab/model/serve_backend.py:168 instructlab.model.serve_backend.serve_backend event=line locals={}
2026-08-23 05:06:47.285 /testbed/src/instructlab/model/serve_backend.py:168 instructlab.model.serve_backend.serve_backend event=exception exc=SystemExit: SystemExit(0) locals={}
2026-08-23 05:06:47.285 /testbed/src/instructlab/model/serve_backend.py:168 instructlab.model.serve_backend.serve_backend event=return retval=None locals={'backend': "'llama-cpp'", 'backend_instance': '<testcase.TestServeBackendExceptionPaths.test_cli_serve_handles_backend_failures_before_shutdown.<locals>.FakeServer object at 0x7611f3b6f8d0>', 'chat_template': "'template-1-beta'", 'ctx': '<testcase.TestServeBackendExceptionPaths.test_cli_serve_handles_backend_failures_before_shutdown.<locals>.FakeContext object at 0x7611f3b5f790>', 'gpu_layers': '12', 'gpus': 'None', 'host': "'127.0.0.1'", 'llama_cpp': "<module 'instructlab.model.backends.llama_cpp' from '/testbed/src/instructlab/model/backends/llama_cpp.py'>", 'log_file': "PosixPath('/tmp/serve-backend-1.log')", 'max_ctx_size': '4144', 'model_family': "'family-1-variant'", 'model_path': "PosixPath('/models/generated-1-1')", 'num_threads': '1', 'port': '8205', 'root_logger': '<RootLogger root (WARNING)>', 'vllm': "<module 'instructlab.model.backends.vllm' from '/testbed/src/instructlab/model/backends/vllm.py'>"}
2026-08-23 05:06:47.285 /testbed/src/instructlab/model/serve_backend.py:51 instructlab.model.serve_backend.serve_backend event=call locals={'backend': "'llama-cpp'", 'chat_template': 'None', 'ctx': '<testcase.TestServeBackendExceptionPaths.test_cli_serve_handles_backend_failures_before_shutdown.<locals>.FakeContext object at 0x7611f3b6a210>', 'gpu_layers': '19', 'gpus': 'None', 'host': "'127.0.0.1'", 'log_file': "PosixPath('/tmp/serve-backend-2.log')", 'max_ctx_size': '4192', 'model_family': "'family-2-variant'", 'model_path': "PosixPath('/models/generated-2-2')", 'num_threads': '2', 'port': '8210'}
2026-08-23 05:06:47.285 /testbed/src/instructlab/model/serve_backend.py:67 instructlab.model.serve_backend.serve_backend event=line locals={}
2026-08-23 05:06:47.285 /testbed/src/instructlab/model/serve_backend.py:68 instructlab.model.serve_backend.serve_backend event=line locals={'root_logger': '<RootLogger root (WARNING)>'}
2026-08-23 05:06:47.285 /testbed/src/instructlab/model/serve_backend.py:69 instructlab.model.serve_backend.serve_backend event=line locals={}
2026-08-23 05:06:47.286 /testbed/src/instructlab/model/serve_backend.py:72 instructlab.model.serve_backend.serve_backend event=line locals={}
2026-08-23 05:06:47.286 /testbed/src/instructlab/model/serve_backend.py:74 instructlab.model.serve_backend.serve_backend event=line locals={'llama_cpp': "<module 'instructlab.model.backends.llama_cpp' from '/testbed/src/instructlab/model/backends/llama_cpp.py'>", 'vllm': "<module 'instructlab.model.backends.vllm' from '/testbed/src/instructlab/model/backends/vllm.py'>"}
2026-08-23 05:06:47.286 /testbed/src/instructlab/model/serve_backend.py:75 instructlab.model.serve_backend.serve_backend event=line locals={}
2026-08-23 05:06:47.286 /testbed/src/instructlab/model/serve_backend.py:79 instructlab.model.serve_backend.serve_backend event=line locals={}
2026-08-23 05:06:47.286 /testbed/src/instructlab/model/serve_backend.py:80 instructlab.model.serve_backend.serve_backend event=line locals={}
2026-08-23 05:06:47.286 /testbed/src/instructlab/model/serve_backend.py:81 instructlab.model.serve_backend.serve_backend event=line locals={}
2026-08-23 05:06:47.287 /testbed/src/instructlab/model/serve_backend.py:82 instructlab.model.serve_backend.serve_backend event=line locals={}
2026-08-23 05:06:47.287 /testbed/src/instructlab/model/serve_backend.py:83 instructlab.model.serve_backend.serve_backend event=line locals={}
2026-08-23 05:06:47.287 /testbed/src/instructlab/model/serve_backend.py:85 instructlab.model.serve_backend.serve_backend event=line locals={'chat_template': "'default-template-alpha'"}
2026-08-23 05:06:47.287 /testbed/src/instructlab/model/serve_backend.py:86 instructlab.model.serve_backend.serve_backend event=line locals={}
2026-08-23 05:06:47.287 /testbed/src/instructlab/model/serve_backend.py:85 instructlab.model.serve_backend.serve_backend event=line locals={}
2026-08-23 05:06:47.287 /testbed/src/instructlab/model/serve_backend.py:90 instructlab.model.serve_backend.serve_backend event=line locals={}
2026-08-23 05:06:47.287 /testbed/src/instructlab/model/serve_backend.py:91 instructlab.model.serve_backend.serve_backend event=line locals={}
2026-08-23 05:06:47.287 /testbed/src/instructlab/model/serve_backend.py:93 instructlab.model.serve_backend.serve_backend event=line locals={}
2026-08-23 05:06:47.287 /testbed/src/instructlab/model/serve_backend.py:94 instructlab.model.serve_backend.serve_backend event=line locals={}
2026-08-23 05:06:47.287 /testbed/src/instructlab/model/serve_backend.py:95 instructlab.model.serve_backend.serve_backend event=line locals={}
2026-08-23 05:06:47.287 /testbed/src/instructlab/model/serve_backend.py:96 instructlab.model.serve_backend.serve_backend event=line locals={}
2026-08-23 05:06:47.287 /testbed/src/instructlab/model/serve_backend.py:97 instructlab.model.serve_backend.serve_backend event=line locals={}
2026-08-23 05:06:47.287 /testbed/src/instructlab/model/serve_backend.py:98 instructlab.model.serve_backend.serve_backend event=line locals={}
2026-08-23 05:06:47.287 /testbed/src/instructlab/model/serve_backend.py:99 instructlab.model.serve_backend.serve_backend event=line locals={}
2026-08-23 05:06:47.287 /testbed/src/instructlab/model/serve_backend.py:100 instructlab.model.serve_backend.serve_backend event=line locals={}
2026-08-23 05:06:47.287 /testbed/src/instructlab/model/serve_backend.py:101 instructlab.model.serve_backend.serve_backend event=line locals={}
2026-08-23 05:06:47.287 /testbed/src/instructlab/model/serve_backend.py:102 instructlab.model.serve_backend.serve_backend event=line locals={}
2026-08-23 05:06:47.287 /testbed/src/instructlab/model/serve_backend.py:103 instructlab.model.serve_backend.serve_backend event=line locals={}
2026-08-23 05:06:47.287 /testbed/src/instructlab/model/serve_backend.py:93 instructlab.model.serve_backend.serve_backend event=line locals={}
2026-08-23 05:06:47.287 /testbed/src/instructlab/model/serve_backend.py:160 instructlab.model.serve_backend.serve_backend event=line locals={'backend_instance': '<testcase.TestServeBackendExceptionPaths.test_cli_serve_handles_backend_failures_before_shutdown.<locals>.FakeServer object at 0x7611f3b6d790>'}
2026-08-23 05:06:47.287 /testbed/src/instructlab/model/serve_backend.py:161 instructlab.model.serve_backend.serve_backend event=line locals={}
2026-08-23 05:06:47.287 /testbed/src/instructlab/model/serve_backend.py:161 instructlab.model.serve_backend.serve_backend event=exception exc=KeyboardInterrupt: KeyboardInterrupt('backend-cycle-2-465') locals={}
2026-08-23 05:06:47.287 /testbed/src/instructlab/model/serve_backend.py:162 instructlab.model.serve_backend.serve_backend event=line locals={'backend': "'llama-cpp'", 'backend_instance': '<testcase.TestServeBackendExceptionPaths.test_cli_serve_handles_backend_failures_before_shutdown.<locals>.FakeServer object at 0x7611f3b6d790>', 'chat_template': "'default-template-alpha'", 'ctx': '<testcase.TestServeBackendExceptionPaths.test_cli_serve_handles_backend_failures_before_shutdown.<locals>.FakeContext object at 0x7611f3b6a210>', 'gpu_layers': '19', 'gpus': 'None', 'host': "'127.0.0.1'", 'llama_cpp': "<module 'instructlab.model.backends.llama_cpp' from '/testbed/src/instructlab/model/backends/llama_cpp.py'>", 'log_file': "PosixPath('/tmp/serve-backend-2.log')", 'max_ctx_size': '4192', 'model_family': "'family-2-variant'", 'model_path': "PosixPath('/models/generated-2-2')", 'num_threads': '2', 'port': '8210', 'root_logger': '<RootLogger root (WARNING)>', 'vllm': "<module 'instructlab.model.backends.vllm' from '/testbed/src/instructlab/model/backends/vllm.py'>"}
2026-08-23 05:06:47.287 /testbed/src/instructlab/model/serve_backend.py:164 instructlab.model.serve_backend.serve_backend event=line locals={}
2026-08-23 05:06:47.287 /testbed/src/instructlab/model/serve_backend.py:165 instructlab.model.serve_backend.serve_backend event=line locals={}
2026-08-23 05:06:47.287 /testbed/src/instructlab/model/serve_backend.py:167 instructlab.model.serve_backend.serve_backend event=line locals={}
2026-08-23 05:06:47.287 /testbed/src/instructlab/model/serve_backend.py:168 instructlab.model.serve_backend.serve_backend event=line locals={}
2026-08-23 05:06:47.287 /testbed/src/instructlab/model/serve_backend.py:168 instructlab.model.serve_backend.serve_backend event=exception exc=SystemExit: SystemExit(0) locals={}
2026-08-23 05:06:47.287 /testbed/src/instructlab/model/serve_backend.py:168 instructlab.model.serve_backend.serve_backend event=return retval=None locals={'backend': "'llama-cpp'", 'backend_instance': '<testcase.TestServeBackendExceptionPaths.test_cli_serve_handles_backend_failures_before_shutdown.<locals>.FakeServer object at 0x7611f3b6d790>', 'chat_template': "'default-template-alpha'", 'ctx': '<testcase.TestServeBackendExceptionPaths.test_cli_serve_handles_backend_failures_before_shutdown.<locals>.FakeContext object at 0x7611f3b6a210>', 'gpu_layers': '19', 'gpus': 'None', 'host': "'127.0.0.1'", 'llama_cpp': "<module 'instructlab.model.backends.llama_cpp' from '/testbed/src/instructlab/model/backends/llama_cpp.py'>", 'log_file': "PosixPath('/tmp/serve-backend-2.log')", 'max_ctx_size': '4192', 'model_family': "'family-2-variant'", 'model_path': "PosixPath('/models/generated-2-2')", 'num_threads': '2', 'port': '8210', 'root_logger': '<RootLogger root (WARNING)>', 'vllm': "<module 'instructlab.model.backends.vllm' from '/testbed/src/instructlab/model/backends/vllm.py'>"}
2026-08-23 05:06:47.288 /testbed/src/instructlab/model/serve_backend.py:51 instructlab.model.serve_backend.serve_backend event=call locals={'backend': "'llama-cpp'", 'chat_template': "'template-3-beta'", 'ctx': '<testcase.TestServeBackendExceptionPaths.test_cli_serve_handles_backend_failures_before_shutdown.<locals>.FakeContext object at 0x7611f3b6a210>', 'gpu_layers': '3', 'gpus': 'None', 'host': "'127.0.0.1'", 'log_file': 'None', 'max_ctx_size': '4240', 'model_family': "'family-3-variant'", 'model_path': "PosixPath('/models/generated-3-3')", 'num_threads': '3', 'port': '8215'}
2026-08-23 05:06:47.288 /testbed/src/instructlab/model/serve_backend.py:67 instructlab.model.serve_backend.serve_backend event=line locals={}
2026-08-23 05:06:47.288 /testbed/src/instructlab/model/serve_backend.py:68 instructlab.model.serve_backend.serve_backend event=line locals={'root_logger': '<RootLogger root (WARNING)>'}
2026-08-23 05:06:47.288 /testbed/src/instructlab/model/serve_backend.py:72 instructlab.model.serve_backend.serve_backend event=line locals={}
2026-08-23 05:06:47.288 /testbed/src/instructlab/model/serve_backend.py:74 instructlab.model.serve_backend.serve_backend event=line locals={'llama_cpp': "<module 'instructlab.model.backends.llama_cpp' from '/testbed/src/instructlab/model/backends/llama_cpp.py'>", 'vllm': "<module 'instructlab.model.backends.vllm' from '/testbed/src/instructlab/model/backends/vllm.py'>"}
2026-08-23 05:06:47.288 /testbed/src/instructlab/model/serve_backend.py:75 instructlab.model.serve_backend.serve_backend event=line locals={}
2026-08-23 05:06:47.288 /testbed/src/instructlab/model/serve_backend.py:79 instructlab.model.serve_backend.serve_backend event=line locals={}
2026-08-23 05:06:47.288 /testbed/src/instructlab/model/serve_backend.py:80 instructlab.model.serve_backend.serve_backend event=line locals={}
2026-08-23 05:06:47.288 /testbed/src/instructlab/model/serve_backend.py:81 instructlab.model.serve_backend.serve_backend event=line locals={}
2026-08-23 05:06:47.289 /testbed/src/instructlab/model/serve_backend.py:82 instructlab.model.serve_backend.serve_backend event=line locals={}
2026-08-23 05:06:47.289 /testbed/src/instructlab/model/serve_backend.py:85 instructlab.model.serve_backend.serve_backend event=line locals={}
2026-08-23 05:06:47.289 /testbed/src/instructlab/model/serve_backend.py:86 instructlab.model.serve_backend.serve_backend event=line locals={}
2026-08-23 05:06:47.289 /testbed/src/instructlab/model/serve_backend.py:85 instructlab.model.serve_backend.serve_backend event=line locals={}
2026-08-23 05:06:47.289 /testbed/src/instructlab/model/serve_backend.py:90 instructlab.model.serve_backend.serve_backend event=line locals={}
2026-08-23 05:06:47.289 /testbed/src/instructlab/model/serve_backend.py:91 instructlab.model.serve_backend.serve_backend event=line locals={}
2026-08-23 05:06:47.289 /testbed/src/instructlab/model/serve_backend.py:93 instructlab.model.serve_backend.serve_backend event=line locals={}
2026-08-23 05:06:47.289 /testbed/src/instructlab/model/serve_backend.py:94 instructlab.model.serve_backend.serve_backend event=line locals={}
2026-08-23 05:06:47.289 /testbed/src/instructlab/model/serve_backend.py:95 instructlab.model.serve_backend.serve_backend event=line locals={}
2026-08-23 05:06:47.289 /testbed/src/instructlab/model/serve_backend.py:96 instructlab.model.serve_backend.serve_backend event=line locals={}
2026-08-23 05:06:47.289 /testbed/src/instructlab/model/serve_backend.py:97 instructlab.model.serve_backend.serve_backend event=line locals={}
2026-08-23 05:06:47.289 /testbed/src/instructlab/model/serve_backend.py:98 instructlab.model.serve_backend.serve_backend event=line locals={}
2026-08-23 05:06:47.289 /testbed/src/instructlab/model/serve_backend.py:99 instructlab.model.serve_backend.serve_backend event=line locals={}
2026-08-23 05:06:47.289 /testbed/src/instructlab/model/serve_backend.py:100 instructlab.model.serve_backend.serve_backend event=line locals={}
2026-08-23 05:06:47.289 /testbed/src/instructlab/model/serve_backend.py:101 instructlab.model.serve_backend.serve_backend event=line locals={}
2026-08-23 05:06:47.289 /testbed/src/instructlab/model/serve_backend.py:102 instructlab.model.serve_backend.serve_backend event=line locals={}
2026-08-23 05:06:47.289 /testbed/src/instructlab/model/serve_backend.py:103 instructlab.model.serve_backend.serve_backend event=line locals={}
2026-08-23 05:06:47.289 /testbed/src/instructlab/model/serve_backend.py:93 instructlab.model.serve_backend.serve_backend event=line locals={}
2026-08-23 05:06:47.289 /testbed/src/instructlab/model/serve_backend.py:160 instructlab.model.serve_backend.serve_backend event=line locals={'backend_instance': '<testcase.TestServeBackendExceptionPaths.test_cli_serve_handles_backend_failures_before_shutdown.<locals>.FakeServer object at 0x7611f3b6dc90>'}
2026-08-23 05:06:47.289 /testbed/src/instructlab/model/serve_backend.py:161 instructlab.model.serve_backend.serve_backend event=line locals={}
2026-08-23 05:06:47.289 /testbed/src/instructlab/model/serve_backend.py:161 instructlab.model.serve_backend.serve_backend event=exception exc=ServerException: ServerException('backend-cycle-3-717') locals={}
2026-08-23 05:06:47.289 /testbed/src/instructlab/model/serve_backend.py:162 instructlab.model.serve_backend.serve_backend event=line locals={'backend': "'llama-cpp'", 'backend_instance': '<testcase.TestServeBackendExceptionPaths.test_cli_serve_handles_backend_failures_before_shutdown.<locals>.FakeServer object at 0x7611f3b6dc90>', 'chat_template': "'template-3-beta'", 'ctx': '<testcase.TestServeBackendExceptionPaths.test_cli_serve_handles_backend_failures_before_shutdown.<locals>.FakeContext object at 0x7611f3b6a210>', 'gpu_layers': '3', 'gpus': 'None', 'host': "'127.0.0.1'", 'llama_cpp': "<module 'instructlab.model.backends.llama_cpp' from '/testbed/src/instructlab/model/backends/llama_cpp.py'>", 'log_file': 'None', 'max_ctx_size': '4240', 'model_family': "'family-3-variant'", 'model_path': "PosixPath('/models/generated-3-3')", 'num_threads': '3', 'port': '8215', 'root_logger': '<RootLogger root (WARNING)>', 'vllm': "<module 'instructlab.model.backends.vllm' from '/testbed/src/instructlab/model/backends/vllm.py'>"}
2026-08-23 05:06:47.289 /testbed/src/instructlab/model/serve_backend.py:163 instructlab.model.serve_backend.serve_backend event=line locals={'exc': "ServerException('backend-cycle-3-717')"}
2026-08-23 05:06:47.289 /testbed/src/instructlab/model/serve_backend.py:163 instructlab.model.serve_backend.serve_backend event=exception exc=RuntimeError: RuntimeError('Error creating server: backend-cycle-3-717') locals={}
2026-08-23 05:06:47.289 /testbed/src/instructlab/model/serve_backend.py:167 instructlab.model.serve_backend.serve_backend event=line locals={'backend': "'llama-cpp'", 'backend_instance': '<testcase.TestServeBackendExceptionPaths.test_cli_serve_handles_backend_failures_before_shutdown.<locals>.FakeServer object at 0x7611f3b6dc90>', 'chat_template': "'template-3-beta'", 'ctx': '<testcase.TestServeBackendExceptionPaths.test_cli_serve_handles_backend_failures_before_shutdown.<locals>.FakeContext object at 0x7611f3b6a210>', 'gpu_layers': '3', 'gpus': 'None', 'host': "'127.0.0.1'", 'llama_cpp': "<module 'instructlab.model.backends.llama_cpp' from '/testbed/src/instructlab/model/backends/llama_cpp.py'>", 'log_file': 'None', 'max_ctx_size': '4240', 'model_family': "'family-3-variant'", 'model_path': "PosixPath('/models/generated-3-3')", 'num_threads': '3', 'port': '8215', 'root_logger': '<RootLogger root (WARNING)>', 'vllm': "<module 'instructlab.model.backends.vllm' from '/testbed/src/instructlab/model/backends/vllm.py'>"}
2026-08-23 05:06:47.289 /testbed/src/instructlab/model/serve_backend.py:168 instructlab.model.serve_backend.serve_backend event=line locals={}
2026-08-23 05:06:47.289 /testbed/src/instructlab/model/serve_backend.py:168 instructlab.model.serve_backend.serve_backend event=exception exc=SystemExit: SystemExit(0) locals={}
2026-08-23 05:06:47.289 /testbed/src/instructlab/model/serve_backend.py:168 instructlab.model.serve_backend.serve_backend event=return retval=None locals={'backend': "'llama-cpp'", 'backend_instance': '<testcase.TestServeBackendExceptionPaths.test_cli_serve_handles_backend_failures_before_shutdown.<locals>.FakeServer object at 0x7611f3b6dc90>', 'chat_template': "'template-3-beta'", 'ctx': '<testcase.TestServeBackendExceptionPaths.test_cli_serve_handles_backend_failures_before_shutdown.<locals>.FakeContext object at 0x7611f3b6a210>', 'gpu_layers': '3', 'gpus': 'None', 'host': "'127.0.0.1'", 'llama_cpp': "<module 'instructlab.model.backends.llama_cpp' from '/testbed/src/instructlab/model/backends/llama_cpp.py'>", 'log_file': 'None', 'max_ctx_size': '4240', 'model_family': "'family-3-variant'", 'model_path': "PosixPath('/models/generated-3-3')", 'num_threads': '3', 'port': '8215', 'root_logger': '<RootLogger root (WARNING)>', 'vllm': "<module 'instructlab.model.backends.vllm' from '/testbed/src/instructlab/model/backends/vllm.py'>"}
2026-08-23 05:06:47.290 /testbed/src/instructlab/model/serve_backend.py:51 instructlab.model.serve_backend.serve_backend event=call locals={'backend': "'llama-cpp'", 'chat_template': 'None', 'ctx': '<testcase.TestServeBackendExceptionPaths.test_cli_serve_handles_backend_failures_before_shutdown.<locals>.FakeContext object at 0x7611f3b6a210>', 'gpu_layers': '10', 'gpus': 'None', 'host': "'127.0.0.1'", 'log_file': "PosixPath('/tmp/serve-backend-4.log')", 'max_ctx_size': '4288', 'model_family': "'family-4-variant'", 'model_path': "PosixPath('/models/generated-4-4')", 'num_threads': 'None', 'port': '8220'}
2026-08-23 05:06:47.290 /testbed/src/instructlab/model/serve_backend.py:67 instructlab.model.serve_backend.serve_backend event=line locals={}
2026-08-23 05:06:47.290 /testbed/src/instructlab/model/serve_backend.py:68 instructlab.model.serve_backend.serve_backend event=line locals={'root_logger': '<RootLogger root (WARNING)>'}
2026-08-23 05:06:47.290 /testbed/src/instructlab/model/serve_backend.py:69 instructlab.model.serve_backend.serve_backend event=line locals={}
2026-08-23 05:06:47.291 /testbed/src/instructlab/model/serve_backend.py:72 instructlab.model.serve_backend.serve_backend event=line locals={}
2026-08-23 05:06:47.291 /testbed/src/instructlab/model/serve_backend.py:74 instructlab.model.serve_backend.serve_backend event=line locals={'llama_cpp': "<module 'instructlab.model.backends.llama_cpp' from '/testbed/src/instructlab/model/backends/llama_cpp.py'>", 'vllm': "<module 'instructlab.model.backends.vllm' from '/testbed/src/instructlab/model/backends/vllm.py'>"}
2026-08-23 05:06:47.291 /testbed/src/instructlab/model/serve_backend.py:75 instructlab.model.serve_backend.serve_backend event=line locals={}
2026-08-23 05:06:47.291 /testbed/src/instructlab/model/serve_backend.py:79 instructlab.model.serve_backend.serve_backend event=line locals={}
2026-08-23 05:06:47.291 /testbed/src/instructlab/model/serve_backend.py:80 instructlab.model.serve_backend.serve_backend event=line locals={}
2026-08-23 05:06:47.291 /testbed/src/instructlab/model/serve_backend.py:81 instructlab.model.serve_backend.serve_backend event=line locals={}
2026-08-23 05:06:47.291 /testbed/src/instructlab/model/serve_backend.py:82 instructlab.model.serve_backend.serve_backend event=line locals={}
2026-08-23 05:06:47.291 /testbed/src/instructlab/model/serve_backend.py:83 instructlab.model.serve_backend.serve_backend event=line locals={}
2026-08-23 05:06:47.291 /testbed/src/instructlab/model/serve_backend.py:85 instructlab.model.serve_backend.serve_backend event=line locals={'chat_template': "'default-template-alpha'"}
2026-08-23 05:06:47.291 /testbed/src/instructlab/model/serve_backend.py:86 instructlab.model.serve_backend.serve_backend event=line locals={}
2026-08-23 05:06:47.291 /testbed/src/instructlab/model/serve_backend.py:85 instructlab.model.serve_backend.serve_backend event=line locals={}
2026-08-23 05:06:47.291 /testbed/src/instructlab/model/serve_backend.py:90 instructlab.model.serve_backend.serve_backend event=line locals={}
2026-08-23 05:06:47.291 /testbed/src/instructlab/model/serve_backend.py:91 instructlab.model.serve_backend.serve_backend event=line locals={}
2026-08-23 05:06:47.291 /testbed/src/instructlab/model/serve_backend.py:93 instructlab.model.serve_backend.serve_backend event=line locals={}
2026-08-23 05:06:47.291 /testbed/src/instructlab/model/serve_backend.py:94 instructlab.model.serve_backend.serve_backend event=line locals={}
2026-08-23 05:06:47.291 /testbed/src/instructlab/model/serve_backend.py:95 instructlab.model.serve_backend.serve_backend event=line locals={}
2026-08-23 05:06:47.292 /testbed/src/instructlab/model/serve_backend.py:96 instructlab.model.serve_backend.serve_backend event=line locals={}
2026-08-23 05:06:47.292 /testbed/src/instructlab/model/serve_backend.py:97 instructlab.model.serve_backend.serve_backend event=line locals={}
2026-08-23 05:06:47.292 /testbed/src/instructlab/model/serve_backend.py:98 instructlab.model.serve_backend.serve_backend event=line locals={}
2026-08-23 05:06:47.292 /testbed/src/instructlab/model/serve_backend.py:99 instructlab.model.serve_backend.serve_backend event=line locals={}
2026-08-23 05:06:47.292 /testbed/src/instructlab/model/serve_backend.py:100 instructlab.model.serve_backend.serve_backend event=line locals={}
2026-08-23 05:06:47.292 /testbed/src/instructlab/model/serve_backend.py:101 instructlab.model.serve_backend.serve_backend event=line locals={}
2026-08-23 05:06:47.292 /testbed/src/instructlab/model/serve_backend.py:102 instructlab.model.serve_backend.serve_backend event=line locals={}
2026-08-23 05:06:47.292 /testbed/src/instructlab/model/serve_backend.py:103 instructlab.model.serve_backend.serve_backend event=line locals={}
2026-08-23 05:06:47.292 /testbed/src/instructlab/model/serve_backend.py:93 instructlab.model.serve_backend.serve_backend event=line locals={}
2026-08-23 05:06:47.292 /testbed/src/instructlab/model/serve_backend.py:160 instructlab.model.serve_backend.serve_backend event=line locals={'backend_instance': '<testcase.TestServeBackendExceptionPaths.test_cli_serve_handles_backend_failures_before_shutdown.<locals>.FakeServer object at 0x7611f41b3c10>'}
2026-08-23 05:06:47.292 /testbed/src/instructlab/model/serve_backend.py:161 instructlab.model.serve_backend.serve_backend event=line locals={}
2026-08-23 05:06:47.292 /testbed/src/instructlab/model/serve_backend.py:161 instructlab.model.serve_backend.serve_backend event=exception exc=KeyboardInterrupt: KeyboardInterrupt('backend-cycle-4-465') locals={}
2026-08-23 05:06:47.292 /testbed/src/instructlab/model/serve_backend.py:162 instructlab.model.serve_backend.serve_backend event=line locals={'backend': "'llama-cpp'", 'backend_instance': '<testcase.TestServeBackendExceptionPaths.test_cli_serve_handles_backend_failures_before_shutdown.<locals>.FakeServer object at 0x7611f41b3c10>', 'chat_template': "'default-template-alpha'", 'ctx': '<testcase.TestServeBackendExceptionPaths.test_cli_serve_handles_backend_failures_before_shutdown.<locals>.FakeContext object at 0x7611f3b6a210>', 'gpu_layers': '10', 'gpus': 'None', 'host': "'127.0.0.1'", 'llama_cpp': "<module 'instructlab.model.backends.llama_cpp' from '/testbed/src/instructlab/model/backends/llama_cpp.py'>", 'log_file': "PosixPath('/tmp/serve-backend-4.log')", 'max_ctx_size': '4288', 'model_family': "'family-4-variant'", 'model_path': "PosixPath('/models/generated-4-4')", 'num_threads': 'None', 'port': '8220', 'root_logger': '<RootLogger root (WARNING)>', 'vllm': "<module 'instructlab.model.backends.vllm' from '/testbed/src/instructlab/model/backends/vllm.py'>"}
2026-08-23 05:06:47.292 /testbed/src/instructlab/model/serve_backend.py:164 instructlab.model.serve_backend.serve_backend event=line locals={}
2026-08-23 05:06:47.292 /testbed/src/instructlab/model/serve_backend.py:165 instructlab.model.serve_backend.serve_backend event=line locals={}
2026-08-23 05:06:47.292 /testbed/src/instructlab/model/serve_backend.py:167 instructlab.model.serve_backend.serve_backend event=line locals={}
2026-08-23 05:06:47.292 /testbed/src/instructlab/model/serve_backend.py:168 instructlab.model.serve_backend.serve_backend event=line locals={}
2026-08-23 05:06:47.292 /testbed/src/instructlab/model/serve_backend.py:168 instructlab.model.serve_backend.serve_backend event=exception exc=SystemExit: SystemExit(0) locals={}
2026-08-23 05:06:47.292 /testbed/src/instructlab/model/serve_backend.py:168 instructlab.model.serve_backend.serve_backend event=return retval=None locals={'backend': "'llama-cpp'", 'backend_instance': '<testcase.TestServeBackendExceptionPaths.test_cli_serve_handles_backend_failures_before_shutdown.<locals>.FakeServer object at 0x7611f41b3c10>', 'chat_template': "'default-template-alpha'", 'ctx': '<testcase.TestServeBackendExceptionPaths.test_cli_serve_handles_backend_failures_before_shutdown.<locals>.FakeContext object at 0x7611f3b6a210>', 'gpu_layers': '10', 'gpus': 'None', 'host': "'127.0.0.1'", 'llama_cpp': "<module 'instructlab.model.backends.llama_cpp' from '/testbed/src/instructlab/model/backends/llama_cpp.py'>", 'log_file': "PosixPath('/tmp/serve-backend-4.log')", 'max_ctx_size': '4288', 'model_family': "'family-4-variant'", 'model_path': "PosixPath('/models/generated-4-4')", 'num_threads': 'None', 'port': '8220', 'root_logger': '<RootLogger root (WARNING)>', 'vllm': "<module 'instructlab.model.backends.vllm' from '/testbed/src/instructlab/model/backends/vllm.py'>"}
2026-08-23 05:06:47.293 /testbed/src/instructlab/model/serve_backend.py:51 instructlab.model.serve_backend.serve_backend event=call locals={'backend': "'llama-cpp'", 'chat_template': "'template-5-beta'", 'ctx': '<testcase.TestServeBackendExceptionPaths.test_cli_serve_handles_backend_failures_before_shutdown.<locals>.FakeContext object at 0x7611f404df50>', 'gpu_layers': '17', 'gpus': 'None', 'host': "'127.0.0.1'", 'log_file': "PosixPath('/tmp/serve-backend-5.log')", 'max_ctx_size': '4336', 'model_family': "'family-5-variant'", 'model_path': "PosixPath('/models/generated-5-5')", 'num_threads': '5', 'port': '8225'}
2026-08-23 05:06:47.293 /testbed/src/instructlab/model/serve_backend.py:67 instructlab.model.serve_backend.serve_backend event=line locals={}
2026-08-23 05:06:47.293 /testbed/src/instructlab/model/serve_backend.py:68 instructlab.model.serve_backend.serve_backend event=line locals={'root_logger': '<RootLogger root (WARNING)>'}
2026-08-23 05:06:47.293 /testbed/src/instructlab/model/serve_backend.py:69 instructlab.model.serve_backend.serve_backend event=line locals={}
2026-08-23 05:06:47.293 /testbed/src/instructlab/model/serve_backend.py:72 instructlab.model.serve_backend.serve_backend event=line locals={}
2026-08-23 05:06:47.293 /testbed/src/instructlab/model/serve_backend.py:74 instructlab.model.serve_backend.serve_backend event=line locals={'llama_cpp': "<module 'instructlab.model.backends.llama_cpp' from '/testbed/src/instructlab/model/backends/llama_cpp.py'>", 'vllm': "<module 'instructlab.model.backends.vllm' from '/testbed/src/instructlab/model/backends/vllm.py'>"}
2026-08-23 05:06:47.293 /testbed/src/instructlab/model/serve_backend.py:75 instructlab.model.serve_backend.serve_backend event=line locals={}
2026-08-23 05:06:47.294 /testbed/src/instructlab/model/serve_backend.py:79 instructlab.model.serve_backend.serve_backend event=line locals={}
2026-08-23 05:06:47.294 /testbed/src/instructlab/model/serve_backend.py:80 instructlab.model.serve_backend.serve_backend event=line locals={}
2026-08-23 05:06:47.294 /testbed/src/instructlab/model/serve_backend.py:81 instructlab.model.serve_backend.serve_backend event=line locals={}
2026-08-23 05:06:47.294 /testbed/src/instructlab/model/serve_backend.py:82 instructlab.model.serve_backend.serve_backend event=line locals={}
2026-08-23 05:06:47.294 /testbed/src/instructlab/model/serve_backend.py:85 instructlab.model.serve_backend.serve_backend event=line locals={}
2026-08-23 05:06:47.294 /testbed/src/instructlab/model/serve_backend.py:86 instructlab.model.serve_backend.serve_backend event=line locals={}
2026-08-23 05:06:47.294 /testbed/src/instructlab/model/serve_backend.py:85 instructlab.model.serve_backend.serve_backend event=line locals={}
2026-08-23 05:06:47.294 /testbed/src/instructlab/model/serve_backend.py:90 instructlab.model.serve_backend.serve_backend event=line locals={}
2026-08-23 05:06:47.294 /testbed/src/instructlab/model/serve_backend.py:91 instructlab.model.serve_backend.serve_backend event=line locals={}
2026-08-23 05:06:47.294 /testbed/src/instructlab/model/serve_backend.py:93 instructlab.model.serve_backend.serve_backend event=line locals={}
2026-08-23 05:06:47.294 /testbed/src/instructlab/model/serve_backend.py:94 instructlab.model.serve_backend.serve_backend event=line locals={}
2026-08-23 05:06:47.294 /testbed/src/instructlab/model/serve_backend.py:95 instructlab.model.serve_backend.serve_backend event=line locals={}
2026-08-23 05:06:47.294 /testbed/src/instructlab/model/serve_backend.py:96 instructlab.model.serve_backend.serve_backend event=line locals={}
2026-08-23 05:06:47.294 /testbed/src/instructlab/model/serve_backend.py:97 instructlab.model.serve_backend.serve_backend event=line locals={}
2026-08-23 05:06:47.294 /testbed/src/instructlab/model/serve_backend.py:98 instructlab.model.serve_backend.serve_backend event=line locals={}
2026-08-23 05:06:47.294 /testbed/src/instructlab/model/serve_backend.py:99 instructlab.model.serve_backend.serve_backend event=line locals={}
2026-08-23 05:06:47.294 /testbed/src/instructlab/model/serve_backend.py:100 instructlab.model.serve_backend.serve_backend event=line locals={}
2026-08-23 05:06:47.294 /testbed/src/instructlab/model/serve_backend.py:101 instructlab.model.serve_backend.serve_backend event=line locals={}
2026-08-23 05:06:47.294 /testbed/src/instructlab/model/serve_backend.py:102 instructlab.model.serve_backend.serve_backend event=line locals={}
2026-08-23 05:06:47.294 /testbed/src/instructlab/model/serve_backend.py:103 instructlab.model.serve_backend.serve_backend event=line locals={}
2026-08-23 05:06:47.294 /testbed/src/instructlab/model/serve_backend.py:93 instructlab.model.serve_backend.serve_backend event=line locals={}
2026-08-23 05:06:47.294 /testbed/src/instructlab/model/serve_backend.py:160 instructlab.model.serve_backend.serve_backend event=line locals={'backend_instance': '<testcase.TestServeBackendExceptionPaths.test_cli_serve_handles_backend_failures_before_shutdown.<locals>.FakeServer object at 0x7611f3b6f990>'}
2026-08-23 05:06:47.294 /testbed/src/instructlab/model/serve_backend.py:161 instructlab.model.serve_backend.serve_backend event=line locals={}
2026-08-23 05:06:47.295 /testbed/src/instructlab/model/serve_backend.py:161 instructlab.model.serve_backend.serve_backend event=exception exc=ServerException: ServerException('backend-cycle-5-717') locals={}
2026-08-23 05:06:47.295 /testbed/src/instructlab/model/serve_backend.py:162 instructlab.model.serve_backend.serve_backend event=line locals={'backend': "'llama-cpp'", 'backend_instance': '<testcase.TestServeBackendExceptionPaths.test_cli_serve_handles_backend_failures_before_shutdown.<locals>.FakeServer object at 0x7611f3b6f990>', 'chat_template': "'template-5-beta'", 'ctx': '<testcase.TestServeBackendExceptionPaths.test_cli_serve_handles_backend_failures_before_shutdown.<locals>.FakeContext object at 0x7611f404df50>', 'gpu_layers': '17', 'gpus': 'None', 'host': "'127.0.0.1'", 'llama_cpp': "<module 'instructlab.model.backends.llama_cpp' from '/testbed/src/instructlab/model/backends/llama_cpp.py'>", 'log_file': "PosixPath('/tmp/serve-backend-5.log')", 'max_ctx_size': '4336', 'model_family': "'family-5-variant'", 'model_path': "PosixPath('/models/generated-5-5')", 'num_threads': '5', 'port': '8225', 'root_logger': '<RootLogger root (WARNING)>', 'vllm': "<module 'instructlab.model.backends.vllm' from '/testbed/src/instructlab/model/backends/vllm.py'>"}
2026-08-23 05:06:47.295 /testbed/src/instructlab/model/serve_backend.py:163 instructlab.model.serve_backend.serve_backend event=line locals={'exc': "ServerException('backend-cycle-5-717')"}
2026-08-23 05:06:47.295 /testbed/src/instructlab/model/serve_backend.py:163 instructlab.model.serve_backend.serve_backend event=exception exc=RuntimeError: RuntimeError('Error creating server: backend-cycle-5-717') locals={}
2026-08-23 05:06:47.295 /testbed/src/instructlab/model/serve_backend.py:167 instructlab.model.serve_backend.serve_backend event=line locals={'backend': "'llama-cpp'", 'backend_instance': '<testcase.TestServeBackendExceptionPaths.test_cli_serve_handles_backend_failures_before_shutdown.<locals>.FakeServer object at 0x7611f3b6f990>', 'chat_template': "'template-5-beta'", 'ctx': '<testcase.TestServeBackendExceptionPaths.test_cli_serve_handles_backend_failures_before_shutdown.<locals>.FakeContext object at 0x7611f404df50>', 'gpu_layers': '17', 'gpus': 'None', 'host': "'127.0.0.1'", 'llama_cpp': "<module 'instructlab.model.backends.llama_cpp' from '/testbed/src/instructlab/model/backends/llama_cpp.py'>", 'log_file': "PosixPath('/tmp/serve-backend-5.log')", 'max_ctx_size': '4336', 'model_family': "'family-5-variant'", 'model_path': "PosixPath('/models/generated-5-5')", 'num_threads': '5', 'port': '8225', 'root_logger': '<RootLogger root (WARNING)>', 'vllm': "<module 'instructlab.model.backends.vllm' from '/testbed/src/instructlab/model/backends/vllm.py'>"}
2026-08-23 05:06:47.295 /testbed/src/instructlab/model/serve_backend.py:168 instructlab.model.serve_backend.serve_backend event=line locals={}
2026-08-23 05:06:47.295 /testbed/src/instructlab/model/serve_backend.py:168 instructlab.model.serve_backend.serve_backend event=exception exc=SystemExit: SystemExit(0) locals={}
2026-08-23 05:06:47.295 /testbed/src/instructlab/model/serve_backend.py:168 instructlab.model.serve_backend.serve_backend event=return retval=None locals={'backend': "'llama-cpp'", 'backend_instance': '<testcase.TestServeBackendExceptionPaths.test_cli_serve_handles_backend_failures_before_shutdown.<locals>.FakeServer object at 0x7611f3b6f990>', 'chat_template': "'template-5-beta'", 'ctx': '<testcase.TestServeBackendExceptionPaths.test_cli_serve_handles_backend_failures_before_shutdown.<locals>.FakeContext object at 0x7611f404df50>', 'gpu_layers': '17', 'gpus': 'None', 'host': "'127.0.0.1'", 'llama_cpp': "<module 'instructlab.model.backends.llama_cpp' from '/testbed/src/instructlab/model/backends/llama_cpp.py'>", 'log_file': "PosixPath('/tmp/serve-backend-5.log')", 'max_ctx_size': '4336', 'model_family': "'family-5-variant'", 'model_path': "PosixPath('/models/generated-5-5')", 'num_threads': '5', 'port': '8225', 'root_logger': '<RootLogger root (WARNING)>', 'vllm': "<module 'instructlab.model.backends.vllm' from '/testbed/src/instructlab/model/backends/vllm.py'>"}
2026-08-23 05:06:47.295 /testbed/src/instructlab/model/serve_backend.py:51 instructlab.model.serve_backend.serve_backend event=call locals={'backend': "'llama-cpp'", 'chat_template': 'None', 'ctx': '<testcase.TestServeBackendExceptionPaths.test_cli_serve_handles_backend_failures_before_shutdown.<locals>.FakeContext object at 0x7611f404df50>', 'gpu_layers': '1', 'gpus': 'None', 'host': "'0.0.0.0'", 'log_file': 'None', 'max_ctx_size': '4384', 'model_family': "'family-6-variant'", 'model_path': "PosixPath('/models/generated-6-6')", 'num_threads': '0', 'port': '8230'}
2026-08-23 05:06:47.295 /testbed/src/instructlab/model/serve_backend.py:67 instructlab.model.serve_backend.serve_backend event=line locals={}
2026-08-23 05:06:47.295 /testbed/src/instructlab/model/serve_backend.py:68 instructlab.model.serve_backend.serve_backend event=line locals={'root_logger': '<RootLogger root (WARNING)>'}
2026-08-23 05:06:47.295 /testbed/src/instructlab/model/serve_backend.py:72 instructlab.model.serve_backend.serve_backend event=line locals={}
2026-08-23 05:06:47.296 /testbed/src/instructlab/model/serve_backend.py:74 instructlab.model.serve_backend.serve_backend event=line locals={'llama_cpp': "<module 'instructlab.model.backends.llama_cpp' from '/testbed/src/instructlab/model/backends/llama_cpp.py'>", 'vllm': "<module 'instructlab.model.backends.vllm' from '/testbed/src/instructlab/model/backends/vllm.py'>"}
2026-08-23 05:06:47.296 /testbed/src/instructlab/model/serve_backend.py:75 instructlab.model.serve_backend.serve_backend event=line locals={}
2026-08-23 05:06:47.296 /testbed/src/instructlab/model/serve_backend.py:79 instructlab.model.serve_backend.serve_backend event=line locals={}
2026-08-23 05:06:47.296 /testbed/src/instructlab/model/serve_backend.py:80 instructlab.model.serve_backend.serve_backend event=line locals={}
2026-08-23 05:06:47.296 /testbed/src/instructlab/model/serve_backend.py:81 instructlab.model.serve_backend.serve_backend event=line locals={}
2026-08-23 05:06:47.296 /testbed/src/instructlab/model/serve_backend.py:82 instructlab.model.serve_backend.serve_backend event=line locals={}
2026-08-23 05:06:47.296 /testbed/src/instructlab/model/serve_backend.py:83 instructlab.model.serve_backend.serve_backend event=line locals={}
2026-08-23 05:06:47.296 /testbed/src/instructlab/model/serve_backend.py:85 instructlab.model.serve_backend.serve_backend event=line locals={'chat_template': "'default-template-alpha'"}
2026-08-23 05:06:47.296 /testbed/src/instructlab/model/serve_backend.py:86 instructlab.model.serve_backend.serve_backend event=line locals={}
2026-08-23 05:06:47.296 /testbed/src/instructlab/model/serve_backend.py:85 instructlab.model.serve_backend.serve_backend event=line locals={}
2026-08-23 05:06:47.296 /testbed/src/instructlab/model/serve_backend.py:90 instructlab.model.serve_backend.serve_backend event=line locals={}
2026-08-23 05:06:47.296 /testbed/src/instructlab/model/serve_backend.py:91 instructlab.model.serve_backend.serve_backend event=line locals={}
2026-08-23 05:06:47.296 /testbed/src/instructlab/model/serve_backend.py:93 instructlab.model.serve_backend.serve_backend event=line locals={}
2026-08-23 05:06:47.296 /testbed/src/instructlab/model/serve_backend.py:94 instructlab.model.serve_backend.serve_backend event=line locals={}
2026-08-23 05:06:47.296 /testbed/src/instructlab/model/serve_backend.py:95 instructlab.model.serve_backend.serve_backend event=line locals={}
2026-08-23 05:06:47.296 /testbed/src/instructlab/model/serve_backend.py:96 instructlab.model.serve_backend.serve_backend event=line locals={}
2026-08-23 05:06:47.296 /testbed/src/instructlab/model/serve_backend.py:97 instructlab.model.serve_backend.serve_backend event=line locals={}
2026-08-23 05:06:47.296 /testbed/src/instructlab/model/serve_backend.py:98 instructlab.model.serve_backend.serve_backend event=line locals={}
2026-08-23 05:06:47.296 /testbed/src/instructlab/model/serve_backend.py:99 instructlab.model.serve_backend.serve_backend event=line locals={}
2026-08-23 05:06:47.296 /testbed/src/instructlab/model/serve_backend.py:100 instructlab.model.serve_backend.serve_backend event=line locals={}
2026-08-23 05:06:47.296 /testbed/src/instructlab/model/serve_backend.py:101 instructlab.model.serve_backend.serve_backend event=line locals={}
2026-08-23 05:06:47.296 /testbed/src/instructlab/model/serve_backend.py:102 instructlab.model.serve_backend.serve_backend event=line locals={}
2026-08-23 05:06:47.296 /testbed/src/instructlab/model/serve_backend.py:103 instructlab.model.serve_backend.serve_backend event=line locals={}
2026-08-23 05:06:47.296 /testbed/src/instructlab/model/serve_backend.py:93 instructlab.model.serve_backend.serve_backend event=line locals={}
2026-08-23 05:06:47.297 /testbed/src/instructlab/model/serve_backend.py:160 instructlab.model.serve_backend.serve_backend event=line locals={'backend_instance': '<testcase.TestServeBackendExceptionPaths.test_cli_serve_handles_backend_failures_before_shutdown.<locals>.FakeServer object at 0x7611f3b6f750>'}
2026-08-23 05:06:47.297 /testbed/src/instructlab/model/serve_backend.py:161 instructlab.model.serve_backend.serve_backend event=line locals={}
2026-08-23 05:06:47.297 /testbed/src/instructlab/model/serve_backend.py:161 instructlab.model.serve_backend.serve_backend event=exception exc=ServerException: ServerException('backend-cycle-6-717') locals={}
2026-08-23 05:06:47.297 /testbed/src/instructlab/model/serve_backend.py:162 instructlab.model.serve_backend.serve_backend event=line locals={'backend': "'llama-cpp'", 'backend_instance': '<testcase.TestServeBackendExceptionPaths.test_cli_serve_handles_backend_failures_before_shutdown.<locals>.FakeServer object at 0x7611f3b6f750>', 'chat_template': "'default-template-alpha'", 'ctx': '<testcase.TestServeBackendExceptionPaths.test_cli_serve_handles_backend_failures_before_shutdown.<locals>.FakeContext object at 0x7611f404df50>', 'gpu_layers': '1', 'gpus': 'None', 'host': "'0.0.0.0'", 'llama_cpp': "<module 'instructlab.model.backends.llama_cpp' from '/testbed/src/instructlab/model/backends/llama_cpp.py'>", 'log_file': 'None', 'max_ctx_size': '4384', 'model_family': "'family-6-variant'", 'model_path': "PosixPath('/models/generated-6-6')", 'num_threads': '0', 'port': '8230', 'root_logger': '<RootLogger root (WARNING)>', 'vllm': "<module 'instructlab.model.backends.vllm' from '/testbed/src/instructlab/model/backends/vllm.py'>"}
2026-08-23 05:06:47.297 /testbed/src/instructlab/model/serve_backend.py:163 instructlab.model.serve_backend.serve_backend event=line locals={'exc': "ServerException('backend-cycle-6-717')"}
2026-08-23 05:06:47.297 /testbed/src/instructlab/model/serve_backend.py:163 instructlab.model.serve_backend.serve_backend event=exception exc=RuntimeError: RuntimeError('Error creating server: backend-cycle-6-717') locals={}
2026-08-23 05:06:47.297 /testbed/src/instructlab/model/serve_backend.py:167 instructlab.model.serve_backend.serve_backend event=line locals={'backend': "'llama-cpp'", 'backend_instance': '<testcase.TestServeBackendExceptionPaths.test_cli_serve_handles_backend_failures_before_shutdown.<locals>.FakeServer object at 0x7611f3b6f750>', 'chat_template': "'default-template-alpha'", 'ctx': '<testcase.TestServeBackendExceptionPaths.test_cli_serve_handles_backend_failures_before_shutdown.<locals>.FakeContext object at 0x7611f404df50>', 'gpu_layers': '1', 'gpus': 'None', 'host': "'0.0.0.0'", 'llama_cpp': "<module 'instructlab.model.backends.llama_cpp' from '/testbed/src/instructlab/model/backends/llama_cpp.py'>", 'log_file': 'None', 'max_ctx_size': '4384', 'model_family': "'family-6-variant'", 'model_path': "PosixPath('/models/generated-6-6')", 'num_threads': '0', 'port': '8230', 'root_logger': '<RootLogger root (WARNING)>', 'vllm': "<module 'instructlab.model.backends.vllm' from '/testbed/src/instructlab/model/backends/vllm.py'>"}
2026-08-23 05:06:47.297 /testbed/src/instructlab/model/serve_backend.py:168 instructlab.model.serve_backend.serve_backend event=line locals={}
2026-08-23 05:06:47.297 /testbed/src/instructlab/model/serve_backend.py:168 instructlab.model.serve_backend.serve_backend event=exception exc=SystemExit: SystemExit(0) locals={}
2026-08-23 05:06:47.297 /testbed/src/instructlab/model/serve_backend.py:168 instructlab.model.serve_backend.serve_backend event=return retval=None locals={'backend': "'llama-cpp'", 'backend_instance': '<testcase.TestServeBackendExceptionPaths.test_cli_serve_handles_backend_failures_before_shutdown.<locals>.FakeServer object at 0x7611f3b6f750>', 'chat_template': "'default-template-alpha'", 'ctx': '<testcase.TestServeBackendExceptionPaths.test_cli_serve_handles_backend_failures_before_shutdown.<locals>.FakeContext object at 0x7611f404df50>', 'gpu_layers': '1', 'gpus': 'None', 'host': "'0.0.0.0'", 'llama_cpp': "<module 'instructlab.model.backends.llama_cpp' from '/testbed/src/instructlab/model/backends/llama_cpp.py'>", 'log_file': 'None', 'max_ctx_size': '4384', 'model_family': "'family-6-variant'", 'model_path': "PosixPath('/models/generated-6-6')", 'num_threads': '0', 'port': '8230', 'root_logger': '<RootLogger root (WARNING)>', 'vllm': "<module 'instructlab.model.backends.vllm' from '/testbed/src/instructlab/model/backends/vllm.py'>"}
2026-08-23 05:06:47.298 /testbed/src/instructlab/model/serve_backend.py:51 instructlab.model.serve_backend.serve_backend event=call locals={'backend': "'llama-cpp'", 'chat_template': "'template-7-beta'", 'ctx': '<testcase.TestServeBackendExceptionPaths.test_cli_serve_handles_backend_failures_before_shutdown.<locals>.FakeContext object at 0x7611f404df50>', 'gpu_layers': '8', 'gpus': 'None', 'host': "'127.0.0.1'", 'log_file': "PosixPath('/tmp/serve-backend-7.log')", 'max_ctx_size': '4768', 'model_family': "'family-7-variant'", 'model_path': "PosixPath('/models/generated-7-7')", 'num_threads': '1', 'port': '8235'}
2026-08-23 05:06:47.298 /testbed/src/instructlab/model/serve_backend.py:67 instructlab.model.serve_backend.serve_backend event=line locals={}
2026-08-23 05:06:47.298 /testbed/src/instructlab/model/serve_backend.py:68 instructlab.model.serve_backend.serve_backend event=line locals={'root_logger': '<RootLogger root (WARNING)>'}
2026-08-23 05:06:47.298 /testbed/src/instructlab/model/serve_backend.py:69 instructlab.model.serve_backend.serve_backend event=line locals={}
2026-08-23 05:06:47.298 /testbed/src/instructlab/model/serve_backend.py:72 instructlab.model.serve_backend.serve_backend event=line locals={}
2026-08-23 05:06:47.298 /testbed/src/instructlab/model/serve_backend.py:74 instructlab.model.serve_backend.serve_backend event=line locals={'llama_cpp': "<module 'instructlab.model.backends.llama_cpp' from '/testbed/src/instructlab/model/backends/llama_cpp.py'>", 'vllm': "<module 'instructlab.model.backends.vllm' from '/testbed/src/instructlab/model/backends/vllm.py'>"}
2026-08-23 05:06:47.298 /testbed/src/instructlab/model/serve_backend.py:75 instructlab.model.serve_backend.serve_backend event=line locals={}
2026-08-23 05:06:47.299 /testbed/src/instructlab/model/serve_backend.py:79 instructlab.model.serve_backend.serve_backend event=line locals={}
2026-08-23 05:06:47.299 /testbed/src/instructlab/model/serve_backend.py:80 instructlab.model.serve_backend.serve_backend event=line locals={}
2026-08-23 05:06:47.299 /testbed/src/instructlab/model/serve_backend.py:81 instructlab.model.serve_backend.serve_backend event=line locals={}
2026-08-23 05:06:47.299 /testbed/src/instructlab/model/serve_backend.py:82 instructlab.model.serve_backend.serve_backend event=line locals={}
2026-08-23 05:06:47.299 /testbed/src/instructlab/model/serve_backend.py:85 instructlab.model.serve_backend.serve_backend event=line locals={}
2026-08-23 05:06:47.299 /testbed/src/instructlab/model/serve_backend.py:86 instructlab.model.serve_backend.serve_backend event=line locals={}
2026-08-23 05:06:47.299 /testbed/src/instructlab/model/serve_backend.py:85 instructlab.model.serve_backend.serve_backend event=line locals={}
2026-08-23 05:06:47.299 /testbed/src/instructlab/model/serve_backend.py:90 instructlab.model.serve_backend.serve_backend event=line locals={}
2026-08-23 05:06:47.299 /testbed/src/instructlab/model/serve_backend.py:91 instructlab.model.serve_backend.serve_backend event=line locals={}
2026-08-23 05:06:47.299 /testbed/src/instructlab/model/serve_backend.py:93 instructlab.model.serve_backend.serve_backend event=line locals={}
2026-08-23 05:06:47.299 /testbed/src/instructlab/model/serve_backend.py:94 instructlab.model.serve_backend.serve_backend event=line locals={}
2026-08-23 05:06:47.299 /testbed/src/instructlab/model/serve_backend.py:95 instructlab.model.serve_backend.serve_backend event=line locals={}
2026-08-23 05:06:47.299 /testbed/src/instructlab/model/serve_backend.py:96 instructlab.model.serve_backend.serve_backend event=line locals={}
2026-08-23 05:06:47.299 /testbed/src/instructlab/model/serve_backend.py:97 instructlab.model.serve_backend.serve_backend event=line locals={}
2026-08-23 05:06:47.299 /testbed/src/instructlab/model/serve_backend.py:98 instructlab.model.serve_backend.serve_backend event=line locals={}
2026-08-23 05:06:47.299 /testbed/src/instructlab/model/serve_backend.py:99 instructlab.model.serve_backend.serve_backend event=line locals={}
2026-08-23 05:06:47.299 /testbed/src/instructlab/model/serve_backend.py:100 instructlab.model.serve_backend.serve_backend event=line locals={}
2026-08-23 05:06:47.299 /testbed/src/instructlab/model/serve_backend.py:101 instructlab.model.serve_backend.serve_backend event=line locals={}
2026-08-23 05:06:47.299 /testbed/src/instructlab/model/serve_backend.py:102 instructlab.model.serve_backend.serve_backend event=line locals={}
2026-08-23 05:06:47.299 /testbed/src/instructlab/model/serve_backend.py:103 instructlab.model.serve_backend.serve_backend event=line locals={}
2026-08-23 05:06:47.299 /testbed/src/instructlab/model/serve_backend.py:93 instructlab.model.serve_backend.serve_backend event=line locals={}
2026-08-23 05:06:47.299 /testbed/src/instructlab/model/serve_backend.py:160 instructlab.model.serve_backend.serve_backend event=line locals={'backend_instance': '<testcase.TestServeBackendExceptionPaths.test_cli_serve_handles_backend_failures_before_shutdown.<locals>.FakeServer object at 0x7611f3b81590>'}
2026-08-23 05:06:47.299 /testbed/src/instructlab/model/serve_backend.py:161 instructlab.model.serve_backend.serve_backend event=line locals={}
2026-08-23 05:06:47.299 /testbed/src/instructlab/model/serve_backend.py:161 instructlab.model.serve_backend.serve_backend event=exception exc=ServerException: ServerException('backend-cycle-7-717') locals={}
2026-08-23 05:06:47.300 /testbed/src/instructlab/model/serve_backend.py:162 instructlab.model.serve_backend.serve_backend event=line locals={'backend': "'llama-cpp'", 'backend_instance': '<testcase.TestServeBackendExceptionPaths.test_cli_serve_handles_backend_failures_before_shutdown.<locals>.FakeServer object at 0x7611f3b81590>', 'chat_template': "'template-7-beta'", 'ctx': '<testcase.TestServeBackendExceptionPaths.test_cli_serve_handles_backend_failures_before_shutdown.<locals>.FakeContext object at 0x7611f404df50>', 'gpu_layers': '8', 'gpus': 'None', 'host': "'127.0.0.1'", 'llama_cpp': "<module 'instructlab.model.backends.llama_cpp' from '/testbed/src/instructlab/model/backends/llama_cpp.py'>", 'log_file': "PosixPath('/tmp/serve-backend-7.log')", 'max_ctx_size': '4768', 'model_family': "'family-7-variant'", 'model_path': "PosixPath('/models/generated-7-7')", 'num_threads': '1', 'port': '8235', 'root_logger': '<RootLogger root (WARNING)>', 'vllm': "<module 'instructlab.model.backends.vllm' from '/testbed/src/instructlab/model/backends/vllm.py'>"}
2026-08-23 05:06:47.300 /testbed/src/instructlab/model/serve_backend.py:163 instructlab.model.serve_backend.serve_backend event=line locals={'exc': "ServerException('backend-cycle-7-717')"}
2026-08-23 05:06:47.300 /testbed/src/instructlab/model/serve_backend.py:163 instructlab.model.serve_backend.serve_backend event=exception exc=RuntimeError: RuntimeError('Error creating server: backend-cycle-7-717') locals={}
2026-08-23 05:06:47.300 /testbed/src/instructlab/model/serve_backend.py:167 instructlab.model.serve_backend.serve_backend event=line locals={'backend': "'llama-cpp'", 'backend_instance': '<testcase.TestServeBackendExceptionPaths.test_cli_serve_handles_backend_failures_before_shutdown.<locals>.FakeServer object at 0x7611f3b81590>', 'chat_template': "'template-7-beta'", 'ctx': '<testcase.TestServeBackendExceptionPaths.test_cli_serve_handles_backend_failures_before_shutdown.<locals>.FakeContext object at 0x7611f404df50>', 'gpu_layers': '8', 'gpus': 'None', 'host': "'127.0.0.1'", 'llama_cpp': "<module 'instructlab.model.backends.llama_cpp' from '/testbed/src/instructlab/model/backends/llama_cpp.py'>", 'log_file': "PosixPath('/tmp/serve-backend-7.log')", 'max_ctx_size': '4768', 'model_family': "'family-7-variant'", 'model_path': "PosixPath('/models/generated-7-7')", 'num_threads': '1', 'port': '8235', 'root_logger': '<RootLogger root (WARNING)>', 'vllm': "<module 'instructlab.model.backends.vllm' from '/testbed/src/instructlab/model/backends/vllm.py'>"}
2026-08-23 05:06:47.300 /testbed/src/instructlab/model/serve_backend.py:168 instructlab.model.serve_backend.serve_backend event=line locals={}
2026-08-23 05:06:47.300 /testbed/src/instructlab/model/serve_backend.py:168 instructlab.model.serve_backend.serve_backend event=exception exc=SystemExit: SystemExit(0) locals={}
2026-08-23 05:06:47.300 /testbed/src/instructlab/model/serve_backend.py:168 instructlab.model.serve_backend.serve_backend event=return retval=None locals={'backend': "'llama-cpp'", 'backend_instance': '<testcase.TestServeBackendExceptionPaths.test_cli_serve_handles_backend_failures_before_shutdown.<locals>.FakeServer object at 0x7611f3b81590>', 'chat_template': "'template-7-beta'", 'ctx': '<testcase.TestServeBackendExceptionPaths.test_cli_serve_handles_backend_failures_before_shutdown.<locals>.FakeContext object at 0x7611f404df50>', 'gpu_layers': '8', 'gpus': 'None', 'host': "'127.0.0.1'", 'llama_cpp': "<module 'instructlab.model.backends.llama_cpp' from '/testbed/src/instructlab/model/backends/llama_cpp.py'>", 'log_file': "PosixPath('/tmp/serve-backend-7.log')", 'max_ctx_size': '4768', 'model_family': "'family-7-variant'", 'model_path': "PosixPath('/models/generated-7-7')", 'num_threads': '1', 'port': '8235', 'root_logger': '<RootLogger root (WARNING)>', 'vllm': "<module 'instructlab.model.backends.vllm' from '/testbed/src/instructlab/model/backends/vllm.py'>"}
2026-08-23 05:06:47.300 /testbed/src/instructlab/model/serve_backend.py:51 instructlab.model.serve_backend.serve_backend event=call locals={'backend': "'llama-cpp'", 'chat_template': 'None', 'ctx': '<testcase.TestServeBackendExceptionPaths.test_cli_serve_handles_backend_failures_before_shutdown.<locals>.FakeContext object at 0x7611f3b6fc10>', 'gpu_layers': '15', 'gpus': 'None', 'host': "'127.0.0.1'", 'log_file': "PosixPath('/tmp/serve-backend-8.log')", 'max_ctx_size': '4816', 'model_family': "'family-8-variant'", 'model_path': "PosixPath('/models/generated-8-8')", 'num_threads': 'None', 'port': '8240'}
2026-08-23 05:06:47.300 /testbed/src/instructlab/model/serve_backend.py:67 instructlab.model.serve_backend.serve_backend event=line locals={}
2026-08-23 05:06:47.300 /testbed/src/instructlab/model/serve_backend.py:68 instructlab.model.serve_backend.serve_backend event=line locals={'root_logger': '<RootLogger root (WARNING)>'}
2026-08-23 05:06:47.300 /testbed/src/instructlab/model/serve_backend.py:69 instructlab.model.serve_backend.serve_backend event=line locals={}
2026-08-23 05:06:47.301 /testbed/src/instructlab/model/serve_backend.py:72 instructlab.model.serve_backend.serve_backend event=line locals={}
2026-08-23 05:06:47.301 /testbed/src/instructlab/model/serve_backend.py:74 instructlab.model.serve_backend.serve_backend event=line locals={'llama_cpp': "<module 'instructlab.model.backends.llama_cpp' from '/testbed/src/instructlab/model/backends/llama_cpp.py'>", 'vllm': "<module 'instructlab.model.backends.vllm' from '/testbed/src/instructlab/model/backends/vllm.py'>"}
2026-08-23 05:06:47.301 /testbed/src/instructlab/model/serve_backend.py:75 instructlab.model.serve_backend.serve_backend event=line locals={}
2026-08-23 05:06:47.301 /testbed/src/instructlab/model/serve_backend.py:79 instructlab.model.serve_backend.serve_backend event=line locals={}
2026-08-23 05:06:47.301 /testbed/src/instructlab/model/serve_backend.py:80 instructlab.model.serve_backend.serve_backend event=line locals={}
2026-08-23 05:06:47.301 /testbed/src/instructlab/model/serve_backend.py:81 instructlab.model.serve_backend.serve_backend event=line locals={}
2026-08-23 05:06:47.302 /testbed/src/instructlab/model/serve_backend.py:82 instructlab.model.serve_backend.serve_backend event=line locals={}
2026-08-23 05:06:47.302 /testbed/src/instructlab/model/serve_backend.py:83 instructlab.model.serve_backend.serve_backend event=line locals={}
2026-08-23 05:06:47.302 /testbed/src/instructlab/model/serve_backend.py:85 instructlab.model.serve_backend.serve_backend event=line locals={'chat_template': "'default-template-alpha'"}
2026-08-23 05:06:47.302 /testbed/src/instructlab/model/serve_backend.py:86 instructlab.model.serve_backend.serve_backend event=line locals={}
2026-08-23 05:06:47.302 /testbed/src/instructlab/model/serve_backend.py:85 instructlab.model.serve_backend.serve_backend event=line locals={}
2026-08-23 05:06:47.302 /testbed/src/instructlab/model/serve_backend.py:90 instructlab.model.serve_backend.serve_backend event=line locals={}
2026-08-23 05:06:47.302 /testbed/src/instructlab/model/serve_backend.py:91 instructlab.model.serve_backend.serve_backend event=line locals={}
2026-08-23 05:06:47.302 /testbed/src/instructlab/model/serve_backend.py:93 instructlab.model.serve_backend.serve_backend event=line locals={}
2026-08-23 05:06:47.302 /testbed/src/instructlab/model/serve_backend.py:94 instructlab.model.serve_backend.serve_backend event=line locals={}
2026-08-23 05:06:47.302 /testbed/src/instructlab/model/serve_backend.py:95 instructlab.model.serve_backend.serve_backend event=line locals={}
2026-08-23 05:06:47.302 /testbed/src/instructlab/model/serve_backend.py:96 instructlab.model.serve_backend.serve_backend event=line locals={}
2026-08-23 05:06:47.302 /testbed/src/instructlab/model/serve_backend.py:97 instructlab.model.serve_backend.serve_backend event=line locals={}
2026-08-23 05:06:47.302 /testbed/src/instructlab/model/serve_backend.py:98 instructlab.model.serve_backend.serve_backend event=line locals={}
2026-08-23 05:06:47.302 /testbed/src/instructlab/model/serve_backend.py:99 instructlab.model.serve_backend.serve_backend event=line locals={}
2026-08-23 05:06:47.302 /testbed/src/instructlab/model/serve_backend.py:100 instructlab.model.serve_backend.serve_backend event=line locals={}
2026-08-23 05:06:47.302 /testbed/src/instructlab/model/serve_backend.py:101 instructlab.model.serve_backend.serve_backend event=line locals={}
2026-08-23 05:06:47.302 /testbed/src/instructlab/model/serve_backend.py:102 instructlab.model.serve_backend.serve_backend event=line locals={}
2026-08-23 05:06:47.302 /testbed/src/instructlab/model/serve_backend.py:103 instructlab.model.serve_backend.serve_backend event=line locals={}
2026-08-23 05:06:47.302 /testbed/src/instructlab/model/serve_backend.py:93 instructlab.model.serve_backend.serve_backend event=line locals={}
2026-08-23 05:06:47.302 /testbed/src/instructlab/model/serve_backend.py:160 instructlab.model.serve_backend.serve_backend event=line locals={'backend_instance': '<testcase.TestServeBackendExceptionPaths.test_cli_serve_handles_backend_failures_before_shutdown.<locals>.FakeServer object at 0x7611f3b6a550>'}
2026-08-23 05:06:47.302 /testbed/src/instructlab/model/serve_backend.py:161 instructlab.model.serve_backend.serve_backend event=line locals={}
2026-08-23 05:06:47.302 /testbed/src/instructlab/model/serve_backend.py:161 instructlab.model.serve_backend.serve_backend event=exception exc=KeyboardInterrupt: KeyboardInterrupt('backend-cycle-8-465') locals={}
2026-08-23 05:06:47.302 /testbed/src/instructlab/model/serve_backend.py:162 instructlab.model.serve_backend.serve_backend event=line locals={'backend': "'llama-cpp'", 'backend_instance': '<testcase.TestServeBackendExceptionPaths.test_cli_serve_handles_backend_failures_before_shutdown.<locals>.FakeServer object at 0x7611f3b6a550>', 'chat_template': "'default-template-alpha'", 'ctx': '<testcase.TestServeBackendExceptionPaths.test_cli_serve_handles_backend_failures_before_shutdown.<locals>.FakeContext object at 0x7611f3b6fc10>', 'gpu_layers': '15', 'gpus': 'None', 'host': "'127.0.0.1'", 'llama_cpp': "<module 'instructlab.model.backends.llama_cpp' from '/testbed/src/instructlab/model/backends/llama_cpp.py'>", 'log_file': "PosixPath('/tmp/serve-backend-8.log')", 'max_ctx_size': '4816', 'model_family': "'family-8-variant'", 'model_path': "PosixPath('/models/generated-8-8')", 'num_threads': 'None', 'port': '8240', 'root_logger': '<RootLogger root (WARNING)>', 'vllm': "<module 'instructlab.model.backends.vllm' from '/testbed/src/instructlab/model/backends/vllm.py'>"}
2026-08-23 05:06:47.302 /testbed/src/instructlab/model/serve_backend.py:164 instructlab.model.serve_backend.serve_backend event=line locals={}
2026-08-23 05:06:47.302 /testbed/src/instructlab/model/serve_backend.py:165 instructlab.model.serve_backend.serve_backend event=line locals={}
2026-08-23 05:06:47.302 /testbed/src/instructlab/model/serve_backend.py:167 instructlab.model.serve_backend.serve_backend event=line locals={}
2026-08-23 05:06:47.302 /testbed/src/instructlab/model/serve_backend.py:168 instructlab.model.serve_backend.serve_backend event=line locals={}
2026-08-23 05:06:47.302 /testbed/src/instructlab/model/serve_backend.py:168 instructlab.model.serve_backend.serve_backend event=exception exc=SystemExit: SystemExit(0) locals={}
2026-08-23 05:06:47.302 /testbed/src/instructlab/model/serve_backend.py:168 instructlab.model.serve_backend.serve_backend event=return retval=None locals={'backend': "'llama-cpp'", 'backend_instance': '<testcase.TestServeBackendExceptionPaths.test_cli_serve_handles_backend_failures_before_shutdown.<locals>.FakeServer object at 0x7611f3b6a550>', 'chat_template': "'default-template-alpha'", 'ctx': '<testcase.TestServeBackendExceptionPaths.test_cli_serve_handles_backend_failures_before_shutdown.<locals>.FakeContext object at 0x7611f3b6fc10>', 'gpu_layers': '15', 'gpus': 'None', 'host': "'127.0.0.1'", 'llama_cpp': "<module 'instructlab.model.backends.llama_cpp' from '/testbed/src/instructlab/model/backends/llama_cpp.py'>", 'log_file': "PosixPath('/tmp/serve-backend-8.log')", 'max_ctx_size': '4816', 'model_family': "'family-8-variant'", 'model_path': "PosixPath('/models/generated-8-8')", 'num_threads': 'None', 'port': '8240', 'root_logger': '<RootLogger root (WARNING)>', 'vllm': "<module 'instructlab.model.backends.vllm' from '/testbed/src/instructlab/model/backends/vllm.py'>"}
2026-08-23 05:06:47.303 /testbed/src/instructlab/model/serve_backend.py:51 instructlab.model.serve_backend.serve_backend event=call locals={'backend': "'llama-cpp'", 'chat_template': "'template-1-beta'", 'ctx': '<testcase.TestServeBackendExceptionPaths.test_cli_serve_handles_backend_failures_before_shutdown.<locals>.FakeContext object at 0x7611f3b7cb50>', 'gpu_layers': '22', 'gpus': 'None', 'host': "'127.0.0.1'", 'log_file': 'None', 'max_ctx_size': '4864', 'model_family': "'family-0-variant'", 'model_path': "PosixPath('/models/generated-9-9')", 'num_threads': '3', 'port': '8245'}
2026-08-23 05:06:47.303 /testbed/src/instructlab/model/serve_backend.py:67 instructlab.model.serve_backend.serve_backend event=line locals={}
2026-08-23 05:06:47.303 /testbed/src/instructlab/model/serve_backend.py:68 instructlab.model.serve_backend.serve_backend event=line locals={'root_logger': '<RootLogger root (WARNING)>'}
2026-08-23 05:06:47.303 /testbed/src/instructlab/model/serve_backend.py:72 instructlab.model.serve_backend.serve_backend event=line locals={}
2026-08-23 05:06:47.303 /testbed/src/instructlab/model/serve_backend.py:74 instructlab.model.serve_backend.serve_backend event=line locals={'llama_cpp': "<module 'instructlab.model.backends.llama_cpp' from '/testbed/src/instructlab/model/backends/llama_cpp.py'>", 'vllm': "<module 'instructlab.model.backends.vllm' from '/testbed/src/instructlab/model/backends/vllm.py'>"}
2026-08-23 05:06:47.303 /testbed/src/instructlab/model/serve_backend.py:75 instructlab.model.serve_backend.serve_backend event=line locals={}
2026-08-23 05:06:47.303 /testbed/src/instructlab/model/serve_backend.py:79 instructlab.model.serve_backend.serve_backend event=line locals={}
2026-08-23 05:06:47.303 /testbed/src/instructlab/model/serve_backend.py:80 instructlab.model.serve_backend.serve_backend event=line locals={}
2026-08-23 05:06:47.303 /testbed/src/instructlab/model/serve_backend.py:81 instructlab.model.serve_backend.serve_backend event=line locals={}
2026-08-23 05:06:47.304 /testbed/src/instructlab/model/serve_backend.py:82 instructlab.model.serve_backend.serve_backend event=line locals={}
2026-08-23 05:06:47.304 /testbed/src/instructlab/model/serve_backend.py:85 instructlab.model.serve_backend.serve_backend event=line locals={}
2026-08-23 05:06:47.304 /testbed/src/instructlab/model/serve_backend.py:86 instructlab.model.serve_backend.serve_backend event=line locals={}
2026-08-23 05:06:47.304 /testbed/src/instructlab/model/serve_backend.py:85 instructlab.model.serve_backend.serve_backend event=line locals={}
2026-08-23 05:06:47.304 /testbed/src/instructlab/model/serve_backend.py:90 instructlab.model.serve_backend.serve_backend event=line locals={}
2026-08-23 05:06:47.304 /testbed/src/instructlab/model/serve_backend.py:91 instructlab.model.serve_backend.serve_backend event=line locals={}
2026-08-23 05:06:47.304 /testbed/src/instructlab/model/serve_backend.py:93 instructlab.model.serve_backend.serve_backend event=line locals={}
2026-08-23 05:06:47.304 /testbed/src/instructlab/model/serve_backend.py:94 instructlab.model.serve_backend.serve_backend event=line locals={}
2026-08-23 05:06:47.304 /testbed/src/instructlab/model/serve_backend.py:95 instructlab.model.serve_backend.serve_backend event=line locals={}
2026-08-23 05:06:47.304 /testbed/src/instructlab/model/serve_backend.py:96 instructlab.model.serve_backend.serve_backend event=line locals={}
2026-08-23 05:06:47.304 /testbed/src/instructlab/model/serve_backend.py:97 instructlab.model.serve_backend.serve_backend event=line locals={}
2026-08-23 05:06:47.304 /testbed/src/instructlab/model/serve_backend.py:98 instructlab.model.serve_backend.serve_backend event=line locals={}
2026-08-23 05:06:47.304 /testbed/src/instructlab/model/serve_backend.py:99 instructlab.model.serve_backend.serve_backend event=line locals={}
2026-08-23 05:06:47.304 /testbed/src/instructlab/model/serve_backend.py:100 instructlab.model.serve_backend.serve_backend event=line locals={}
2026-08-23 05:06:47.304 /testbed/src/instructlab/model/serve_backend.py:101 instructlab.model.serve_backend.serve_backend event=line locals={}
2026-08-23 05:06:47.304 /testbed/src/instructlab/model/serve_backend.py:102 instructlab.model.serve_backend.serve_backend event=line locals={}
2026-08-23 05:06:47.304 /testbed/src/instructlab/model/serve_backend.py:103 instructlab.model.serve_backend.serve_backend event=line locals={}
2026-08-23 05:06:47.304 /testbed/src/instructlab/model/serve_backend.py:93 instructlab.model.serve_backend.serve_backend event=line locals={}
2026-08-23 05:06:47.304 /testbed/src/instructlab/model/serve_backend.py:160 instructlab.model.serve_backend.serve_backend event=line locals={'backend_instance': '<testcase.TestServeBackendExceptionPaths.test_cli_serve_handles_backend_failures_before_shutdown.<locals>.FakeServer object at 0x7611f411aa90>'}
2026-08-23 05:06:47.304 /testbed/src/instructlab/model/serve_backend.py:161 instructlab.model.serve_backend.serve_backend event=line locals={}
2026-08-23 05:06:47.304 /testbed/src/instructlab/model/serve_backend.py:161 instructlab.model.serve_backend.serve_backend event=exception exc=ServerException: ServerException('backend-cycle-9-717') locals={}
2026-08-23 05:06:47.304 /testbed/src/instructlab/model/serve_backend.py:162 instructlab.model.serve_backend.serve_backend event=line locals={'backend': "'llama-cpp'", 'backend_instance': '<testcase.TestServeBackendExceptionPaths.test_cli_serve_handles_backend_failures_before_shutdown.<locals>.FakeServer object at 0x7611f411aa90>', 'chat_template': "'template-1-beta'", 'ctx': '<testcase.TestServeBackendExceptionPaths.test_cli_serve_handles_backend_failures_before_shutdown.<locals>.FakeContext object at 0x7611f3b7cb50>', 'gpu_layers': '22', 'gpus': 'None', 'host': "'127.0.0.1'", 'llama_cpp': "<module 'instructlab.model.backends.llama_cpp' from '/testbed/src/instructlab/model/backends/llama_cpp.py'>", 'log_file': 'None', 'max_ctx_size': '4864', 'model_family': "'family-0-variant'", 'model_path': "PosixPath('/models/generated-9-9')", 'num_threads': '3', 'port': '8245', 'root_logger': '<RootLogger root (WARNING)>', 'vllm': "<module 'instructlab.model.backends.vllm' from '/testbed/src/instructlab/model/backends/vllm.py'>"}
2026-08-23 05:06:47.304 /testbed/src/instructlab/model/serve_backend.py:163 instructlab.model.serve_backend.serve_backend event=line locals={'exc': "ServerException('backend-cycle-9-717')"}
2026-08-23 05:06:47.304 /testbed/src/instructlab/model/serve_backend.py:163 instructlab.model.serve_backend.serve_backend event=exception exc=RuntimeError: RuntimeError('Error creating server: backend-cycle-9-717') locals={}
2026-08-23 05:06:47.304 /testbed/src/instructlab/model/serve_backend.py:167 instructlab.model.serve_backend.serve_backend event=line locals={'backend': "'llama-cpp'", 'backend_instance': '<testcase.TestServeBackendExceptionPaths.test_cli_serve_handles_backend_failures_before_shutdown.<locals>.FakeServer object at 0x7611f411aa90>', 'chat_template': "'template-1-beta'", 'ctx': '<testcase.TestServeBackendExceptionPaths.test_cli_serve_handles_backend_failures_before_shutdown.<locals>.FakeContext object at 0x7611f3b7cb50>', 'gpu_layers': '22', 'gpus': 'None', 'host': "'127.0.0.1'", 'llama_cpp': "<module 'instructlab.model.backends.llama_cpp' from '/testbed/src/instructlab/model/backends/llama_cpp.py'>", 'log_file': 'None', 'max_ctx_size': '4864', 'model_family': "'family-0-variant'", 'model_path': "PosixPath('/models/generated-9-9')", 'num_threads': '3', 'port': '8245', 'root_logger': '<RootLogger root (WARNING)>', 'vllm': "<module 'instructlab.model.backends.vllm' from '/testbed/src/instructlab/model/backends/vllm.py'>"}
2026-08-23 05:06:47.304 /testbed/src/instructlab/model/serve_backend.py:168 instructlab.model.serve_backend.serve_backend event=line locals={}
2026-08-23 05:06:47.304 /testbed/src/instructlab/model/serve_backend.py:168 instructlab.model.serve_backend.serve_backend event=exception exc=SystemExit: SystemExit(0) locals={}
2026-08-23 05:06:47.304 /testbed/src/instructlab/model/serve_backend.py:168 instructlab.model.serve_backend.serve_backend event=return retval=None locals={'backend': "'llama-cpp'", 'backend_instance': '<testcase.TestServeBackendExceptionPaths.test_cli_serve_handles_backend_failures_before_shutdown.<locals>.FakeServer object at 0x7611f411aa90>', 'chat_template': "'template-1-beta'", 'ctx': '<testcase.TestServeBackendExceptionPaths.test_cli_serve_handles_backend_failures_before_shutdown.<locals>.FakeContext object at 0x7611f3b7cb50>', 'gpu_layers': '22', 'gpus': 'None', 'host': "'127.0.0.1'", 'llama_cpp': "<module 'instructlab.model.backends.llama_cpp' from '/testbed/src/instructlab/model/backends/llama_cpp.py'>", 'log_file': 'None', 'max_ctx_size': '4864', 'model_family': "'family-0-variant'", 'model_path': "PosixPath('/models/generated-9-9')", 'num_threads': '3', 'port': '8245', 'root_logger': '<RootLogger root (WARNING)>', 'vllm': "<module 'instructlab.model.backends.vllm' from '/testbed/src/instructlab/model/backends/vllm.py'>"}
2026-08-23 05:06:47.305 /testbed/src/instructlab/model/serve_backend.py:51 instructlab.model.serve_backend.serve_backend event=call locals={'backend': "'llama-cpp'", 'chat_template': 'None', 'ctx': '<testcase.TestServeBackendExceptionPaths.test_cli_serve_handles_backend_failures_before_shutdown.<locals>.FakeContext object at 0x7611f3b7cb50>', 'gpu_layers': '6', 'gpus': 'None', 'host': "'127.0.0.1'", 'log_file': "PosixPath('/tmp/serve-backend-10.log')", 'max_ctx_size': '4912', 'model_family': "'family-1-variant'", 'model_path': "PosixPath('/models/generated-10-10')", 'num_threads': '4', 'port': '8250'}
2026-08-23 05:06:47.305 /testbed/src/instructlab/model/serve_backend.py:67 instructlab.model.serve_backend.serve_backend event=line locals={}
2026-08-23 05:06:47.305 /testbed/src/instructlab/model/serve_backend.py:68 instructlab.model.serve_backend.serve_backend event=line locals={'root_logger': '<RootLogger root (WARNING)>'}
2026-08-23 05:06:47.305 /testbed/src/instructlab/model/serve_backend.py:69 instructlab.model.serve_backend.serve_backend event=line locals={}
2026-08-23 05:06:47.306 /testbed/src/instructlab/model/serve_backend.py:72 instructlab.model.serve_backend.serve_backend event=line locals={}
2026-08-23 05:06:47.306 /testbed/src/instructlab/model/serve_backend.py:74 instructlab.model.serve_backend.serve_backend event=line locals={'llama_cpp': "<module 'instructlab.model.backends.llama_cpp' from '/testbed/src/instructlab/model/backends/llama_cpp.py'>", 'vllm': "<module 'instructlab.model.backends.vllm' from '/testbed/src/instructlab/model/backends/vllm.py'>"}
2026-08-23 05:06:47.306 /testbed/src/instructlab/model/serve_backend.py:75 instructlab.model.serve_backend.serve_backend event=line locals={}
2026-08-23 05:06:47.306 /testbed/src/instructlab/model/serve_backend.py:79 instructlab.model.serve_backend.serve_backend event=line locals={}
2026-08-23 05:06:47.306 /testbed/src/instructlab/model/serve_backend.py:80 instructlab.model.serve_backend.serve_backend event=line locals={}
2026-08-23 05:06:47.306 /testbed/src/instructlab/model/serve_backend.py:81 instructlab.model.serve_backend.serve_backend event=line locals={}
2026-08-23 05:06:47.306 /testbed/src/instructlab/model/serve_backend.py:82 instructlab.model.serve_backend.serve_backend event=line locals={}
2026-08-23 05:06:47.306 /testbed/src/instructlab/model/serve_backend.py:83 instructlab.model.serve_backend.serve_backend event=line locals={}
2026-08-23 05:06:47.306 /testbed/src/instructlab/model/serve_backend.py:85 instructlab.model.serve_backend.serve_backend event=line locals={'chat_template': "'default-template-alpha'"}
2026-08-23 05:06:47.306 /testbed/src/instructlab/model/serve_backend.py:86 instructlab.model.serve_backend.serve_backend event=line locals={}
2026-08-23 05:06:47.306 /testbed/src/instructlab/model/serve_backend.py:85 instructlab.model.serve_backend.serve_backend event=line locals={}
2026-08-23 05:06:47.307 /testbed/src/instructlab/model/serve_backend.py:90 instructlab.model.serve_backend.serve_backend event=line locals={}
2026-08-23 05:06:47.307 /testbed/src/instructlab/model/serve_backend.py:91 instructlab.model.serve_backend.serve_backend event=line locals={}
2026-08-23 05:06:47.307 /testbed/src/instructlab/model/serve_backend.py:93 instructlab.model.serve_backend.serve_backend event=line locals={}
2026-08-23 05:06:47.307 /testbed/src/instructlab/model/serve_backend.py:94 instructlab.model.serve_backend.serve_backend event=line locals={}
2026-08-23 05:06:47.307 /testbed/src/instructlab/model/serve_backend.py:95 instructlab.model.serve_backend.serve_backend event=line locals={}
2026-08-23 05:06:47.307 /testbed/src/instructlab/model/serve_backend.py:96 instructlab.model.serve_backend.serve_backend event=line locals={}
2026-08-23 05:06:47.307 /testbed/src/instructlab/model/serve_backend.py:97 instructlab.model.serve_backend.serve_backend event=line locals={}
2026-08-23 05:06:47.307 /testbed/src/instructlab/model/serve_backend.py:98 instructlab.model.serve_backend.serve_backend event=line locals={}
2026-08-23 05:06:47.307 /testbed/src/instructlab/model/serve_backend.py:99 instructlab.model.serve_backend.serve_backend event=line locals={}
2026-08-23 05:06:47.307 /testbed/src/instructlab/model/serve_backend.py:100 instructlab.model.serve_backend.serve_backend event=line locals={}
2026-08-23 05:06:47.307 /testbed/src/instructlab/model/serve_backend.py:101 instructlab.model.serve_backend.serve_backend event=line locals={}
2026-08-23 05:06:47.307 /testbed/src/instructlab/model/serve_backend.py:102 instructlab.model.serve_backend.serve_backend event=line locals={}
2026-08-23 05:06:47.307 /testbed/src/instructlab/model/serve_backend.py:103 instructlab.model.serve_backend.serve_backend event=line locals={}
2026-08-23 05:06:47.307 /testbed/src/instructlab/model/serve_backend.py:93 instructlab.model.serve_backend.serve_backend event=line locals={}
2026-08-23 05:06:47.307 /testbed/src/instructlab/model/serve_backend.py:160 instructlab.model.serve_backend.serve_backend event=line locals={'backend_instance': '<testcase.TestServeBackendExceptionPaths.test_cli_serve_handles_backend_failures_before_shutdown.<locals>.FakeServer object at 0x7611f3b83fd0>'}
2026-08-23 05:06:47.307 /testbed/src/instructlab/model/serve_backend.py:161 instructlab.model.serve_backend.serve_backend event=line locals={}
2026-08-23 05:06:47.307 /testbed/src/instructlab/model/serve_backend.py:161 instructlab.model.serve_backend.serve_backend event=exception exc=ServerException: ServerException('backend-cycle-10-717') locals={}
2026-08-23 05:06:47.307 /testbed/src/instructlab/model/serve_backend.py:162 instructlab.model.serve_backend.serve_backend event=line locals={'backend': "'llama-cpp'", 'backend_instance': '<testcase.TestServeBackendExceptionPaths.test_cli_serve_handles_backend_failures_before_shutdown.<locals>.FakeServer object at 0x7611f3b83fd0>', 'chat_template': "'default-template-alpha'", 'ctx': '<testcase.TestServeBackendExceptionPaths.test_cli_serve_handles_backend_failures_before_shutdown.<locals>.FakeContext object at 0x7611f3b7cb50>', 'gpu_layers': '6', 'gpus': 'None', 'host': "'127.0.0.1'", 'llama_cpp': "<module 'instructlab.model.backends.llama_cpp' from '/testbed/src/instructlab/model/backends/llama_cpp.py'>", 'log_file': "PosixPath('/tmp/serve-backend-10.log')", 'max_ctx_size': '4912', 'model_family': "'family-1-variant'", 'model_path': "PosixPath('/models/generated-10-10')", 'num_threads': '4', 'port': '8250', 'root_logger': '<RootLogger root (WARNING)>', 'vllm': "<module 'instructlab.model.backends.vllm' from '/testbed/src/instructlab/model/backends/vllm.py'>"}
2026-08-23 05:06:47.307 /testbed/src/instructlab/model/serve_backend.py:163 instructlab.model.serve_backend.serve_backend event=line locals={'exc': "ServerException('backend-cycle-10-717')"}
2026-08-23 05:06:47.307 /testbed/src/instructlab/model/serve_backend.py:163 instructlab.model.serve_backend.serve_backend event=exception exc=RuntimeError: RuntimeError('Error creating server: backend-cycle-10-717') locals={}
2026-08-23 05:06:47.307 /testbed/src/instructlab/model/serve_backend.py:167 instructlab.model.serve_backend.serve_backend event=line locals={'backend': "'llama-cpp'", 'backend_instance': '<testcase.TestServeBackendExceptionPaths.test_cli_serve_handles_backend_failures_before_shutdown.<locals>.FakeServer object at 0x7611f3b83fd0>', 'chat_template': "'default-template-alpha'", 'ctx': '<testcase.TestServeBackendExceptionPaths.test_cli_serve_handles_backend_failures_before_shutdown.<locals>.FakeContext object at 0x7611f3b7cb50>', 'gpu_layers': '6', 'gpus': 'None', 'host': "'127.0.0.1'", 'llama_cpp': "<module 'instructlab.model.backends.llama_cpp' from '/testbed/src/instructlab/model/backends/llama_cpp.py'>", 'log_file': "PosixPath('/tmp/serve-backend-10.log')", 'max_ctx_size': '4912', 'model_family': "'family-1-variant'", 'model_path': "PosixPath('/models/generated-10-10')", 'num_threads': '4', 'port': '8250', 'root_logger': '<RootLogger root (WARNING)>', 'vllm': "<module 'instructlab.model.backends.vllm' from '/testbed/src/instructlab/model/backends/vllm.py'>"}
2026-08-23 05:06:47.307 /testbed/src/instructlab/model/serve_backend.py:168 instructlab.model.serve_backend.serve_backend event=line locals={}
2026-08-23 05:06:47.307 /testbed/src/instructlab/model/serve_backend.py:168 instructlab.model.serve_backend.serve_backend event=exception exc=SystemExit: SystemExit(0) locals={}
2026-08-23 05:06:47.307 /testbed/src/instructlab/model/serve_backend.py:168 instructlab.model.serve_backend.serve_backend event=return retval=None locals={'backend': "'llama-cpp'", 'backend_instance': '<testcase.TestServeBackendExceptionPaths.test_cli_serve_handles_backend_failures_before_shutdown.<locals>.FakeServer object at 0x7611f3b83fd0>', 'chat_template': "'default-template-alpha'", 'ctx': '<testcase.TestServeBackendExceptionPaths.test_cli_serve_handles_backend_failures_before_shutdown.<locals>.FakeContext object at 0x7611f3b7cb50>', 'gpu_layers': '6', 'gpus': 'None', 'host': "'127.0.0.1'", 'llama_cpp': "<module 'instructlab.model.backends.llama_cpp' from '/testbed/src/instructlab/model/backends/llama_cpp.py'>", 'log_file': "PosixPath('/tmp/serve-backend-10.log')", 'max_ctx_size': '4912', 'model_family': "'family-1-variant'", 'model_path': "PosixPath('/models/generated-10-10')", 'num_threads': '4', 'port': '8250', 'root_logger': '<RootLogger root (WARNING)>', 'vllm': "<module 'instructlab.model.backends.vllm' from '/testbed/src/instructlab/model/backends/vllm.py'>"}
2026-08-23 05:06:47.308 /testbed/src/instructlab/model/serve_backend.py:51 instructlab.model.serve_backend.serve_backend event=call locals={'backend': "'llama-cpp'", 'chat_template': "'template-3-beta'", 'ctx': '<testcase.TestServeBackendExceptionPaths.test_cli_serve_handles_backend_failures_before_shutdown.<locals>.FakeContext object at 0x7611f4138590>', 'gpu_layers': '13', 'gpus': 'None', 'host': "'127.0.0.1'", 'log_file': "PosixPath('/tmp/serve-backend-0.log')", 'max_ctx_size': '4096', 'model_family': "'family-2-variant'", 'model_path': "PosixPath('/models/generated-11-11')", 'num_threads': '5', 'port': '8255'}
2026-08-23 05:06:47.308 /testbed/src/instructlab/model/serve_backend.py:67 instructlab.model.serve_backend.serve_backend event=line locals={}
2026-08-23 05:06:47.308 /testbed/src/instructlab/model/serve_backend.py:68 instructlab.model.serve_backend.serve_backend event=line locals={'root_logger': '<RootLogger root (WARNING)>'}
2026-08-23 05:06:47.308 /testbed/src/instructlab/model/serve_backend.py:69 instructlab.model.serve_backend.serve_backend event=line locals={}
2026-08-23 05:06:47.308 /testbed/src/instructlab/model/serve_backend.py:72 instructlab.model.serve_backend.serve_backend event=line locals={}
2026-08-23 05:06:47.308 /testbed/src/instructlab/model/serve_backend.py:74 instructlab.model.serve_backend.serve_backend event=line locals={'llama_cpp': "<module 'instructlab.model.backends.llama_cpp' from '/testbed/src/instructlab/model/backends/llama_cpp.py'>", 'vllm': "<module 'instructlab.model.backends.vllm' from '/testbed/src/instructlab/model/backends/vllm.py'>"}
2026-08-23 05:06:47.308 /testbed/src/instructlab/model/serve_backend.py:75 instructlab.model.serve_backend.serve_backend event=line locals={}
2026-08-23 05:06:47.309 /testbed/src/instructlab/model/serve_backend.py:79 instructlab.model.serve_backend.serve_backend event=line locals={}
2026-08-23 05:06:47.309 /testbed/src/instructlab/model/serve_backend.py:80 instructlab.model.serve_backend.serve_backend event=line locals={}
2026-08-23 05:06:47.309 /testbed/src/instructlab/model/serve_backend.py:81 instructlab.model.serve_backend.serve_backend event=line locals={}
2026-08-23 05:06:47.309 /testbed/src/instructlab/model/serve_backend.py:82 instructlab.model.serve_backend.serve_backend event=line locals={}
2026-08-23 05:06:47.309 /testbed/src/instructlab/model/serve_backend.py:85 instructlab.model.serve_backend.serve_backend event=line locals={}
2026-08-23 05:06:47.309 /testbed/src/instructlab/model/serve_backend.py:86 instructlab.model.serve_backend.serve_backend event=line locals={}
2026-08-23 05:06:47.309 /testbed/src/instructlab/model/serve_backend.py:85 instructlab.model.serve_backend.serve_backend event=line locals={}
2026-08-23 05:06:47.309 /testbed/src/instructlab/model/serve_backend.py:90 instructlab.model.serve_backend.serve_backend event=line locals={}
2026-08-23 05:06:47.309 /testbed/src/instructlab/model/serve_backend.py:91 instructlab.model.serve_backend.serve_backend event=line locals={}
2026-08-23 05:06:47.309 /testbed/src/instructlab/model/serve_backend.py:93 instructlab.model.serve_backend.serve_backend event=line locals={}
2026-08-23 05:06:47.309 /testbed/src/instructlab/model/serve_backend.py:94 instructlab.model.serve_backend.serve_backend event=line locals={}
2026-08-23 05:06:47.309 /testbed/src/instructlab/model/serve_backend.py:95 instructlab.model.serve_backend.serve_backend event=line locals={}
2026-08-23 05:06:47.309 /testbed/src/instructlab/model/serve_backend.py:96 instructlab.model.serve_backend.serve_backend event=line locals={}
2026-08-23 05:06:47.309 /testbed/src/instructlab/model/serve_backend.py:97 instructlab.model.serve_backend.serve_backend event=line locals={}
2026-08-23 05:06:47.309 /testbed/src/instructlab/model/serve_backend.py:98 instructlab.model.serve_backend.serve_backend event=line locals={}
2026-08-23 05:06:47.309 /testbed/src/instructlab/model/serve_backend.py:99 instructlab.model.serve_backend.serve_backend event=line locals={}
2026-08-23 05:06:47.309 /testbed/src/instructlab/model/serve_backend.py:100 instructlab.model.serve_backend.serve_backend event=line locals={}
2026-08-23 05:06:47.309 /testbed/src/instructlab/model/serve_backend.py:101 instructlab.model.serve_backend.serve_backend event=line locals={}
2026-08-23 05:06:47.309 /testbed/src/instructlab/model/serve_backend.py:102 instructlab.model.serve_backend.serve_backend event=line locals={}
2026-08-23 05:06:47.309 /testbed/src/instructlab/model/serve_backend.py:103 instructlab.model.serve_backend.serve_backend event=line locals={}
2026-08-23 05:06:47.309 /testbed/src/instructlab/model/serve_backend.py:93 instructlab.model.serve_backend.serve_backend event=line locals={}
2026-08-23 05:06:47.309 /testbed/src/instructlab/model/serve_backend.py:160 instructlab.model.serve_backend.serve_backend event=line locals={'backend_instance': '<testcase.TestServeBackendExceptionPaths.test_cli_serve_handles_backend_failures_before_shutdown.<locals>.FakeServer object at 0x7611f3b80350>'}
2026-08-23 05:06:47.309 /testbed/src/instructlab/model/serve_backend.py:161 instructlab.model.serve_backend.serve_backend event=line locals={}
2026-08-23 05:06:47.310 /testbed/src/instructlab/model/serve_backend.py:161 instructlab.model.serve_backend.serve_backend event=exception exc=KeyboardInterrupt: KeyboardInterrupt('backend-cycle-11-465') locals={}
2026-08-23 05:06:47.310 /testbed/src/instructlab/model/serve_backend.py:162 instructlab.model.serve_backend.serve_backend event=line locals={'backend': "'llama-cpp'", 'backend_instance': '<testcase.TestServeBackendExceptionPaths.test_cli_serve_handles_backend_failures_before_shutdown.<locals>.FakeServer object at 0x7611f3b80350>', 'chat_template': "'template-3-beta'", 'ctx': '<testcase.TestServeBackendExceptionPaths.test_cli_serve_handles_backend_failures_before_shutdown.<locals>.FakeContext object at 0x7611f4138590>', 'gpu_layers': '13', 'gpus': 'None', 'host': "'127.0.0.1'", 'llama_cpp': "<module 'instructlab.model.backends.llama_cpp' from '/testbed/src/instructlab/model/backends/llama_cpp.py'>", 'log_file': "PosixPath('/tmp/serve-backend-0.log')", 'max_ctx_size': '4096', 'model_family': "'family-2-variant'", 'model_path': "PosixPath('/models/generated-11-11')", 'num_threads': '5', 'port': '8255', 'root_logger': '<RootLogger root (WARNING)>', 'vllm': "<module 'instructlab.model.backends.vllm' from '/testbed/src/instructlab/model/backends/vllm.py'>"}
2026-08-23 05:06:47.310 /testbed/src/instructlab/model/serve_backend.py:164 instructlab.model.serve_backend.serve_backend event=line locals={}
2026-08-23 05:06:47.310 /testbed/src/instructlab/model/serve_backend.py:165 instructlab.model.serve_backend.serve_backend event=line locals={}
2026-08-23 05:06:47.310 /testbed/src/instructlab/model/serve_backend.py:167 instructlab.model.serve_backend.serve_backend event=line locals={}
2026-08-23 05:06:47.310 /testbed/src/instructlab/model/serve_backend.py:168 instructlab.model.serve_backend.serve_backend event=line locals={}
2026-08-23 05:06:47.310 /testbed/src/instructlab/model/serve_backend.py:168 instructlab.model.serve_backend.serve_backend event=exception exc=SystemExit: SystemExit(0) locals={}
2026-08-23 05:06:47.310 /testbed/src/instructlab/model/serve_backend.py:168 instructlab.model.serve_backend.serve_backend event=return retval=None locals={'backend': "'llama-cpp'", 'backend_instance': '<testcase.TestServeBackendExceptionPaths.test_cli_serve_handles_backend_failures_before_shutdown.<locals>.FakeServer object at 0x7611f3b80350>', 'chat_template': "'template-3-beta'", 'ctx': '<testcase.TestServeBackendExceptionPaths.test_cli_serve_handles_backend_failures_before_shutdown.<locals>.FakeContext object at 0x7611f4138590>', 'gpu_layers': '13', 'gpus': 'None', 'host': "'127.0.0.1'", 'llama_cpp': "<module 'instructlab.model.backends.llama_cpp' from '/testbed/src/instructlab/model/backends/llama_cpp.py'>", 'log_file': "PosixPath('/tmp/serve-backend-0.log')", 'max_ctx_size': '4096', 'model_family': "'family-2-variant'", 'model_path': "PosixPath('/models/generated-11-11')", 'num_threads': '5', 'port': '8255', 'root_logger': '<RootLogger root (WARNING)>', 'vllm': "<module 'instructlab.model.backends.vllm' from '/testbed/src/instructlab/model/backends/vllm.py'>"}
2026-08-23 05:06:47.310 /testbed/src/instructlab/model/serve_backend.py:51 instructlab.model.serve_backend.serve_backend event=call locals={'backend': "'llama-cpp'", 'chat_template': 'None', 'ctx': '<testcase.TestServeBackendExceptionPaths.test_cli_serve_handles_backend_failures_before_shutdown.<locals>.FakeContext object at 0x7611f4138590>', 'gpu_layers': '20', 'gpus': 'None', 'host': "'0.0.0.0'", 'log_file': 'None', 'max_ctx_size': '5008', 'model_family': "'family-3-variant'", 'model_path': "PosixPath('/models/generated-12-12')", 'num_threads': 'None', 'port': '8260'}
2026-08-23 05:06:47.310 /testbed/src/instructlab/model/serve_backend.py:67 instructlab.model.serve_backend.serve_backend event=line locals={}
2026-08-23 05:06:47.310 /testbed/src/instructlab/model/serve_backend.py:68 instructlab.model.serve_backend.serve_backend event=line locals={'root_logger': '<RootLogger root (WARNING)>'}
2026-08-23 05:06:47.310 /testbed/src/instructlab/model/serve_backend.py:72 instructlab.model.serve_backend.serve_backend event=line locals={}
2026-08-23 05:06:47.310 /testbed/src/instructlab/model/serve_backend.py:74 instructlab.model.serve_backend.serve_backend event=line locals={'llama_cpp': "<module 'instructlab.model.backends.llama_cpp' from '/testbed/src/instructlab/model/backends/llama_cpp.py'>", 'vllm': "<module 'instructlab.model.backends.vllm' from '/testbed/src/instructlab/model/backends/vllm.py'>"}
2026-08-23 05:06:47.310 /testbed/src/instructlab/model/serve_backend.py:75 instructlab.model.serve_backend.serve_backend event=line locals={}
2026-08-23 05:06:47.311 /testbed/src/instructlab/model/serve_backend.py:79 instructlab.model.serve_backend.serve_backend event=line locals={}
2026-08-23 05:06:47.311 /testbed/src/instructlab/model/serve_backend.py:80 instructlab.model.serve_backend.serve_backend event=line locals={}
2026-08-23 05:06:47.311 /testbed/src/instructlab/model/serve_backend.py:81 instructlab.model.serve_backend.serve_backend event=line locals={}
2026-08-23 05:06:47.311 /testbed/src/instructlab/model/serve_backend.py:82 instructlab.model.serve_backend.serve_backend event=line locals={}
2026-08-23 05:06:47.311 /testbed/src/instructlab/model/serve_backend.py:83 instructlab.model.serve_backend.serve_backend event=line locals={}
2026-08-23 05:06:47.311 /testbed/src/instructlab/model/serve_backend.py:85 instructlab.model.serve_backend.serve_backend event=line locals={'chat_template': "'default-template-alpha'"}
2026-08-23 05:06:47.311 /testbed/src/instructlab/model/serve_backend.py:86 instructlab.model.serve_backend.serve_backend event=line locals={}
2026-08-23 05:06:47.311 /testbed/src/instructlab/model/serve_backend.py:85 instructlab.model.serve_backend.serve_backend event=line locals={}
2026-08-23 05:06:47.311 /testbed/src/instructlab/model/serve_backend.py:90 instructlab.model.serve_backend.serve_backend event=line locals={}
2026-08-23 05:06:47.311 /testbed/src/instructlab/model/serve_backend.py:91 instructlab.model.serve_backend.serve_backend event=line locals={}
2026-08-23 05:06:47.311 /testbed/src/instructlab/model/serve_backend.py:93 instructlab.model.serve_backend.serve_backend event=line locals={}
2026-08-23 05:06:47.311 /testbed/src/instructlab/model/serve_backend.py:94 instructlab.model.serve_backend.serve_backend event=line locals={}
2026-08-23 05:06:47.311 /testbed/src/instructlab/model/serve_backend.py:95 instructlab.model.serve_backend.serve_backend event=line locals={}
2026-08-23 05:06:47.311 /testbed/src/instructlab/model/serve_backend.py:96 instructlab.model.serve_backend.serve_backend event=line locals={}
2026-08-23 05:06:47.311 /testbed/src/instructlab/model/serve_backend.py:97 instructlab.model.serve_backend.serve_backend event=line locals={}
2026-08-23 05:06:47.311 /testbed/src/instructlab/model/serve_backend.py:98 instructlab.model.serve_backend.serve_backend event=line locals={}
2026-08-23 05:06:47.311 /testbed/src/instructlab/model/serve_backend.py:99 instructlab.model.serve_backend.serve_backend event=line locals={}
2026-08-23 05:06:47.311 /testbed/src/instructlab/model/serve_backend.py:100 instructlab.model.serve_backend.serve_backend event=line locals={}
2026-08-23 05:06:47.311 /testbed/src/instructlab/model/serve_backend.py:101 instructlab.model.serve_backend.serve_backend event=line locals={}
2026-08-23 05:06:47.311 /testbed/src/instructlab/model/serve_backend.py:102 instructlab.model.serve_backend.serve_backend event=line locals={}
2026-08-23 05:06:47.311 /testbed/src/instructlab/model/serve_backend.py:103 instructlab.model.serve_backend.serve_backend event=line locals={}
2026-08-23 05:06:47.311 /testbed/src/instructlab/model/serve_backend.py:93 instructlab.model.serve_backend.serve_backend event=line locals={}
2026-08-23 05:06:47.311 /testbed/src/instructlab/model/serve_backend.py:160 instructlab.model.serve_backend.serve_backend event=line locals={'backend_instance': '<testcase.TestServeBackendExceptionPaths.test_cli_serve_handles_backend_failures_before_shutdown.<locals>.FakeServer object at 0x7611f3b83f10>'}
2026-08-23 05:06:47.311 /testbed/src/instructlab/model/serve_backend.py:161 instructlab.model.serve_backend.serve_backend event=line locals={}
2026-08-23 05:06:47.312 /testbed/src/instructlab/model/serve_backend.py:161 instructlab.model.serve_backend.serve_backend event=exception exc=ServerException: ServerException('backend-cycle-12-717') locals={}
2026-08-23 05:06:47.312 /testbed/src/instructlab/model/serve_backend.py:162 instructlab.model.serve_backend.serve_backend event=line locals={'backend': "'llama-cpp'", 'backend_instance': '<testcase.TestServeBackendExceptionPaths.test_cli_serve_handles_backend_failures_before_shutdown.<locals>.FakeServer object at 0x7611f3b83f10>', 'chat_template': "'default-template-alpha'", 'ctx': '<testcase.TestServeBackendExceptionPaths.test_cli_serve_handles_backend_failures_before_shutdown.<locals>.FakeContext object at 0x7611f4138590>', 'gpu_layers': '20', 'gpus': 'None', 'host': "'0.0.0.0'", 'llama_cpp': "<module 'instructlab.model.backends.llama_cpp' from '/testbed/src/instructlab/model/backends/llama_cpp.py'>", 'log_file': 'None', 'max_ctx_size': '5008', 'model_family': "'family-3-variant'", 'model_path': "PosixPath('/models/generated-12-12')", 'num_threads': 'None', 'port': '8260', 'root_logger': '<RootLogger root (WARNING)>', 'vllm': "<module 'instructlab.model.backends.vllm' from '/testbed/src/instructlab/model/backends/vllm.py'>"}
2026-08-23 05:06:47.312 /testbed/src/instructlab/model/serve_backend.py:163 instructlab.model.serve_backend.serve_backend event=line locals={'exc': "ServerException('backend-cycle-12-717')"}
2026-08-23 05:06:47.312 /testbed/src/instructlab/model/serve_backend.py:163 instructlab.model.serve_backend.serve_backend event=exception exc=RuntimeError: RuntimeError('Error creating server: backend-cycle-12-717') locals={}
2026-08-23 05:06:47.312 /testbed/src/instructlab/model/serve_backend.py:167 instructlab.model.serve_backend.serve_backend event=line locals={'backend': "'llama-cpp'", 'backend_instance': '<testcase.TestServeBackendExceptionPaths.test_cli_serve_handles_backend_failures_before_shutdown.<locals>.FakeServer object at 0x7611f3b83f10>', 'chat_template': "'default-template-alpha'", 'ctx': '<testcase.TestServeBackendExceptionPaths.test_cli_serve_handles_backend_failures_before_shutdown.<locals>.FakeContext object at 0x7611f4138590>', 'gpu_layers': '20', 'gpus': 'None', 'host': "'0.0.0.0'", 'llama_cpp': "<module 'instructlab.model.backends.llama_cpp' from '/testbed/src/instructlab/model/backends/llama_cpp.py'>", 'log_file': 'None', 'max_ctx_size': '5008', 'model_family': "'family-3-variant'", 'model_path': "PosixPath('/models/generated-12-12')", 'num_threads': 'None', 'port': '8260', 'root_logger': '<RootLogger root (WARNING)>', 'vllm': "<module 'instructlab.model.backends.vllm' from '/testbed/src/instructlab/model/backends/vllm.py'>"}
2026-08-23 05:06:47.312 /testbed/src/instructlab/model/serve_backend.py:168 instructlab.model.serve_backend.serve_backend event=line locals={}
2026-08-23 05:06:47.312 /testbed/src/instructlab/model/serve_backend.py:168 instructlab.model.serve_backend.serve_backend event=exception exc=SystemExit: SystemExit(0) locals={}
2026-08-23 05:06:47.312 /testbed/src/instructlab/model/serve_backend.py:168 instructlab.model.serve_backend.serve_backend event=return retval=None locals={'backend': "'llama-cpp'", 'backend_instance': '<testcase.TestServeBackendExceptionPaths.test_cli_serve_handles_backend_failures_before_shutdown.<locals>.FakeServer object at 0x7611f3b83f10>', 'chat_template': "'default-template-alpha'", 'ctx': '<testcase.TestServeBackendExceptionPaths.test_cli_serve_handles_backend_failures_before_shutdown.<locals>.FakeContext object at 0x7611f4138590>', 'gpu_layers': '20', 'gpus': 'None', 'host': "'0.0.0.0'", 'llama_cpp': "<module 'instructlab.model.backends.llama_cpp' from '/testbed/src/instructlab/model/backends/llama_cpp.py'>", 'log_file': 'None', 'max_ctx_size': '5008', 'model_family': "'family-3-variant'", 'model_path': "PosixPath('/models/generated-12-12')", 'num_threads': 'None', 'port': '8260', 'root_logger': '<RootLogger root (WARNING)>', 'vllm': "<module 'instructlab.model.backends.vllm' from '/testbed/src/instructlab/model/backends/vllm.py'>"}
2026-08-23 05:06:47.312 /testbed/src/instructlab/model/serve_backend.py:51 instructlab.model.serve_backend.serve_backend event=call locals={'backend': "'llama-cpp'", 'chat_template': "'template-5-beta'", 'ctx': '<testcase.TestServeBackendExceptionPaths.test_cli_serve_handles_backend_failures_before_shutdown.<locals>.FakeContext object at 0x7611f4138590>', 'gpu_layers': '4', 'gpus': 'None', 'host': "'127.0.0.1'", 'log_file': "PosixPath('/tmp/serve-backend-2.log')", 'max_ctx_size': '5056', 'model_family': "'family-4-variant'", 'model_path': "PosixPath('/models/generated-13-13')", 'num_threads': '1', 'port': '8265'}
2026-08-23 05:06:47.313 /testbed/src/instructlab/model/serve_backend.py:67 instructlab.model.serve_backend.serve_backend event=line locals={}
2026-08-23 05:06:47.313 /testbed/src/instructlab/model/serve_backend.py:68 instructlab.model.serve_backend.serve_backend event=line locals={'root_logger': '<RootLogger root (WARNING)>'}
2026-08-23 05:06:47.313 /testbed/src/instructlab/model/serve_backend.py:69 instructlab.model.serve_backend.serve_backend event=line locals={}
2026-08-23 05:06:47.313 /testbed/src/instructlab/model/serve_backend.py:72 instructlab.model.serve_backend.serve_backend event=line locals={}
2026-08-23 05:06:47.313 /testbed/src/instructlab/model/serve_backend.py:74 instructlab.model.serve_backend.serve_backend event=line locals={'llama_cpp': "<module 'instructlab.model.backends.llama_cpp' from '/testbed/src/instructlab/model/backends/llama_cpp.py'>", 'vllm': "<module 'instructlab.model.backends.vllm' from '/testbed/src/instructlab/model/backends/vllm.py'>"}
2026-08-23 05:06:47.313 /testbed/src/instructlab/model/serve_backend.py:75 instructlab.model.serve_backend.serve_backend event=line locals={}
2026-08-23 05:06:47.313 /testbed/src/instructlab/model/serve_backend.py:79 instructlab.model.serve_backend.serve_backend event=line locals={}
2026-08-23 05:06:47.313 /testbed/src/instructlab/model/serve_backend.py:80 instructlab.model.serve_backend.serve_backend event=line locals={}
2026-08-23 05:06:47.313 /testbed/src/instructlab/model/serve_backend.py:81 instructlab.model.serve_backend.serve_backend event=line locals={}
2026-08-23 05:06:47.313 /testbed/src/instructlab/model/serve_backend.py:82 instructlab.model.serve_backend.serve_backend event=line locals={}
2026-08-23 05:06:47.313 /testbed/src/instructlab/model/serve_backend.py:85 instructlab.model.serve_backend.serve_backend event=line locals={}
2026-08-23 05:06:47.313 /testbed/src/instructlab/model/serve_backend.py:86 instructlab.model.serve_backend.serve_backend event=line locals={}
2026-08-23 05:06:47.313 /testbed/src/instructlab/model/serve_backend.py:85 instructlab.model.serve_backend.serve_backend event=line locals={}
2026-08-23 05:06:47.313 /testbed/src/instructlab/model/serve_backend.py:90 instructlab.model.serve_backend.serve_backend event=line locals={}
2026-08-23 05:06:47.313 /testbed/src/instructlab/model/serve_backend.py:91 instructlab.model.serve_backend.serve_backend event=line locals={}
2026-08-23 05:06:47.313 /testbed/src/instructlab/model/serve_backend.py:93 instructlab.model.serve_backend.serve_backend event=line locals={}
2026-08-23 05:06:47.313 /testbed/src/instructlab/model/serve_backend.py:94 instructlab.model.serve_backend.serve_backend event=line locals={}
2026-08-23 05:06:47.314 /testbed/src/instructlab/model/serve_backend.py:95 instructlab.model.serve_backend.serve_backend event=line locals={}
2026-08-23 05:06:47.314 /testbed/src/instructlab/model/serve_backend.py:96 instructlab.model.serve_backend.serve_backend event=line locals={}
2026-08-23 05:06:47.314 /testbed/src/instructlab/model/serve_backend.py:97 instructlab.model.serve_backend.serve_backend event=line locals={}
2026-08-23 05:06:47.314 /testbed/src/instructlab/model/serve_backend.py:98 instructlab.model.serve_backend.serve_backend event=line locals={}
2026-08-23 05:06:47.314 /testbed/src/instructlab/model/serve_backend.py:99 instructlab.model.serve_backend.serve_backend event=line locals={}
2026-08-23 05:06:47.314 /testbed/src/instructlab/model/serve_backend.py:100 instructlab.model.serve_backend.serve_backend event=line locals={}
2026-08-23 05:06:47.314 /testbed/src/instructlab/model/serve_backend.py:101 instructlab.model.serve_backend.serve_backend event=line locals={}
2026-08-23 05:06:47.314 /testbed/src/instructlab/model/serve_backend.py:102 instructlab.model.serve_backend.serve_backend event=line locals={}
2026-08-23 05:06:47.314 /testbed/src/instructlab/model/serve_backend.py:103 instructlab.model.serve_backend.serve_backend event=line locals={}
2026-08-23 05:06:47.314 /testbed/src/instructlab/model/serve_backend.py:93 instructlab.model.serve_backend.serve_backend event=line locals={}
2026-08-23 05:06:47.314 /testbed/src/instructlab/model/serve_backend.py:160 instructlab.model.serve_backend.serve_backend event=line locals={'backend_instance': '<testcase.TestServeBackendExceptionPaths.test_cli_serve_handles_backend_failures_before_shutdown.<locals>.FakeServer object at 0x7611f3b7ccd0>'}
2026-08-23 05:06:47.314 /testbed/src/instructlab/model/serve_backend.py:161 instructlab.model.serve_backend.serve_backend event=line locals={}
2026-08-23 05:06:47.314 /testbed/src/instructlab/model/serve_backend.py:161 instructlab.model.serve_backend.serve_backend event=exception exc=ServerException: ServerException('backend-cycle-13-717') locals={}
2026-08-23 05:06:47.314 /testbed/src/instructlab/model/serve_backend.py:162 instructlab.model.serve_backend.serve_backend event=line locals={'backend': "'llama-cpp'", 'backend_instance': '<testcase.TestServeBackendExceptionPaths.test_cli_serve_handles_backend_failures_before_shutdown.<locals>.FakeServer object at 0x7611f3b7ccd0>', 'chat_template': "'template-5-beta'", 'ctx': '<testcase.TestServeBackendExceptionPaths.test_cli_serve_handles_backend_failures_before_shutdown.<locals>.FakeContext object at 0x7611f4138590>', 'gpu_layers': '4', 'gpus': 'None', 'host': "'127.0.0.1'", 'llama_cpp': "<module 'instructlab.model.backends.llama_cpp' from '/testbed/src/instructlab/model/backends/llama_cpp.py'>", 'log_file': "PosixPath('/tmp/serve-backend-2.log')", 'max_ctx_size': '5056', 'model_family': "'family-4-variant'", 'model_path': "PosixPath('/models/generated-13-13')", 'num_threads': '1', 'port': '8265', 'root_logger': '<RootLogger root (WARNING)>', 'vllm': "<module 'instructlab.model.backends.vllm' from '/testbed/src/instructlab/model/backends/vllm.py'>"}
2026-08-23 05:06:47.314 /testbed/src/instructlab/model/serve_backend.py:163 instructlab.model.serve_backend.serve_backend event=line locals={'exc': "ServerException('backend-cycle-13-717')"}
2026-08-23 05:06:47.314 /testbed/src/instructlab/model/serve_backend.py:163 instructlab.model.serve_backend.serve_backend event=exception exc=RuntimeError: RuntimeError('Error creating server: backend-cycle-13-717') locals={}
2026-08-23 05:06:47.314 /testbed/src/instructlab/model/serve_backend.py:167 instructlab.model.serve_backend.serve_backend event=line locals={'backend': "'llama-cpp'", 'backend_instance': '<testcase.TestServeBackendExceptionPaths.test_cli_serve_handles_backend_failures_before_shutdown.<locals>.FakeServer object at 0x7611f3b7ccd0>', 'chat_template': "'template-5-beta'", 'ctx': '<testcase.TestServeBackendExceptionPaths.test_cli_serve_handles_backend_failures_before_shutdown.<locals>.FakeContext object at 0x7611f4138590>', 'gpu_layers': '4', 'gpus': 'None', 'host': "'127.0.0.1'", 'llama_cpp': "<module 'instructlab.model.backends.llama_cpp' from '/testbed/src/instructlab/model/backends/llama_cpp.py'>", 'log_file': "PosixPath('/tmp/serve-backend-2.log')", 'max_ctx_size': '5056', 'model_family': "'family-4-variant'", 'model_path': "PosixPath('/models/generated-13-13')", 'num_threads': '1', 'port': '8265', 'root_logger': '<RootLogger root (WARNING)>', 'vllm': "<module 'instructlab.model.backends.vllm' from '/testbed/src/instructlab/model/backends/vllm.py'>"}
2026-08-23 05:06:47.314 /testbed/src/instructlab/model/serve_backend.py:168 instructlab.model.serve_backend.serve_backend event=line locals={}
2026-08-23 05:06:47.314 /testbed/src/instructlab/model/serve_backend.py:168 instructlab.model.serve_backend.serve_backend event=exception exc=SystemExit: SystemExit(0) locals={}
2026-08-23 05:06:47.314 /testbed/src/instructlab/model/serve_backend.py:168 instructlab.model.serve_backend.serve_backend event=return retval=None locals={'backend': "'llama-cpp'", 'backend_instance': '<testcase.TestServeBackendExceptionPaths.test_cli_serve_handles_backend_failures_before_shutdown.<locals>.FakeServer object at 0x7611f3b7ccd0>', 'chat_template': "'template-5-beta'", 'ctx': '<testcase.TestServeBackendExceptionPaths.test_cli_serve_handles_backend_failures_before_shutdown.<locals>.FakeContext object at 0x7611f4138590>', 'gpu_layers': '4', 'gpus': 'None', 'host': "'127.0.0.1'", 'llama_cpp': "<module 'instructlab.model.backends.llama_cpp' from '/testbed/src/instructlab/model/backends/llama_cpp.py'>", 'log_file': "PosixPath('/tmp/serve-backend-2.log')", 'max_ctx_size': '5056', 'model_family': "'family-4-variant'", 'model_path': "PosixPath('/models/generated-13-13')", 'num_threads': '1', 'port': '8265', 'root_logger': '<RootLogger root (WARNING)>', 'vllm': "<module 'instructlab.model.backends.vllm' from '/testbed/src/instructlab/model/backends/vllm.py'>"}
2026-08-23 05:06:47.315 /testbed/src/instructlab/model/serve_backend.py:51 instructlab.model.serve_backend.serve_backend event=call locals={'backend': "'llama-cpp'", 'chat_template': 'None', 'ctx': '<testcase.TestServeBackendExceptionPaths.test_cli_serve_handles_backend_failures_before_shutdown.<locals>.FakeContext object at 0x7611f4138590>', 'gpu_layers': '11', 'gpus': 'None', 'host': "'127.0.0.1'", 'log_file': "PosixPath('/tmp/serve-backend-3.log')", 'max_ctx_size': '5440', 'model_family': "'family-5-variant'", 'model_path': "PosixPath('/models/generated-14-14')", 'num_threads': '2', 'port': '8270'}
2026-08-23 05:06:47.315 /testbed/src/instructlab/model/serve_backend.py:67 instructlab.model.serve_backend.serve_backend event=line locals={}
2026-08-23 05:06:47.315 /testbed/src/instructlab/model/serve_backend.py:68 instructlab.model.serve_backend.serve_backend event=line locals={'root_logger': '<RootLogger root (WARNING)>'}
2026-08-23 05:06:47.315 /testbed/src/instructlab/model/serve_backend.py:69 instructlab.model.serve_backend.serve_backend event=line locals={}
2026-08-23 05:06:47.315 /testbed/src/instructlab/model/serve_backend.py:72 instructlab.model.serve_backend.serve_backend event=line locals={}
2026-08-23 05:06:47.315 /testbed/src/instructlab/model/serve_backend.py:74 instructlab.model.serve_backend.serve_backend event=line locals={'llama_cpp': "<module 'instructlab.model.backends.llama_cpp' from '/testbed/src/instructlab/model/backends/llama_cpp.py'>", 'vllm': "<module 'instructlab.model.backends.vllm' from '/testbed/src/instructlab/model/backends/vllm.py'>"}
2026-08-23 05:06:47.316 /testbed/src/instructlab/model/serve_backend.py:75 instructlab.model.serve_backend.serve_backend event=line locals={}
2026-08-23 05:06:47.316 /testbed/src/instructlab/model/serve_backend.py:79 instructlab.model.serve_backend.serve_backend event=line locals={}
2026-08-23 05:06:47.316 /testbed/src/instructlab/model/serve_backend.py:80 instructlab.model.serve_backend.serve_backend event=line locals={}
2026-08-23 05:06:47.316 /testbed/src/instructlab/model/serve_backend.py:81 instructlab.model.serve_backend.serve_backend event=line locals={}
2026-08-23 05:06:47.316 /testbed/src/instructlab/model/serve_backend.py:82 instructlab.model.serve_backend.serve_backend event=line locals={}
2026-08-23 05:06:47.316 /testbed/src/instructlab/model/serve_backend.py:83 instructlab.model.serve_backend.serve_backend event=line locals={}
2026-08-23 05:06:47.316 /testbed/src/instructlab/model/serve_backend.py:85 instructlab.model.serve_backend.serve_backend event=line locals={'chat_template': "'default-template-alpha'"}
2026-08-23 05:06:47.316 /testbed/src/instructlab/model/serve_backend.py:86 instructlab.model.serve_backend.serve_backend event=line locals={}
2026-08-23 05:06:47.316 /testbed/src/instructlab/model/serve_backend.py:85 instructlab.model.serve_backend.serve_backend event=line locals={}
2026-08-23 05:06:47.316 /testbed/src/instructlab/model/serve_backend.py:90 instructlab.model.serve_backend.serve_backend event=line locals={}
2026-08-23 05:06:47.316 /testbed/src/instructlab/model/serve_backend.py:91 instructlab.model.serve_backend.serve_backend event=line locals={}
2026-08-23 05:06:47.316 /testbed/src/instructlab/model/serve_backend.py:93 instructlab.model.serve_backend.serve_backend event=line locals={}
2026-08-23 05:06:47.316 /testbed/src/instructlab/model/serve_backend.py:94 instructlab.model.serve_backend.serve_backend event=line locals={}
2026-08-23 05:06:47.316 /testbed/src/instructlab/model/serve_backend.py:95 instructlab.model.serve_backend.serve_backend event=line locals={}
2026-08-23 05:06:47.316 /testbed/src/instructlab/model/serve_backend.py:96 instructlab.model.serve_backend.serve_backend event=line locals={}
2026-08-23 05:06:47.316 /testbed/src/instructlab/model/serve_backend.py:97 instructlab.model.serve_backend.serve_backend event=line locals={}
2026-08-23 05:06:47.316 /testbed/src/instructlab/model/serve_backend.py:98 instructlab.model.serve_backend.serve_backend event=line locals={}
2026-08-23 05:06:47.316 /testbed/src/instructlab/model/serve_backend.py:99 instructlab.model.serve_backend.serve_backend event=line locals={}
2026-08-23 05:06:47.316 /testbed/src/instructlab/model/serve_backend.py:100 instructlab.model.serve_backend.serve_backend event=line locals={}
2026-08-23 05:06:47.316 /testbed/src/instructlab/model/serve_backend.py:101 instructlab.model.serve_backend.serve_backend event=line locals={}
2026-08-23 05:06:47.316 /testbed/src/instructlab/model/serve_backend.py:102 instructlab.model.serve_backend.serve_backend event=line locals={}
2026-08-23 05:06:47.316 /testbed/src/instructlab/model/serve_backend.py:103 instructlab.model.serve_backend.serve_backend event=line locals={}
2026-08-23 05:06:47.316 /testbed/src/instructlab/model/serve_backend.py:93 instructlab.model.serve_backend.serve_backend event=line locals={}
2026-08-23 05:06:47.316 /testbed/src/instructlab/model/serve_backend.py:160 instructlab.model.serve_backend.serve_backend event=line locals={'backend_instance': '<testcase.TestServeBackendExceptionPaths.test_cli_serve_handles_backend_failures_before_shutdown.<locals>.FakeServer object at 0x7611f3b6d5d0>'}
2026-08-23 05:06:47.317 /testbed/src/instructlab/model/serve_backend.py:161 instructlab.model.serve_backend.serve_backend event=line locals={}
2026-08-23 05:06:47.317 /testbed/src/instructlab/model/serve_backend.py:161 instructlab.model.serve_backend.serve_backend event=exception exc=ServerException: ServerException('backend-cycle-14-717') locals={}
2026-08-23 05:06:47.317 /testbed/src/instructlab/model/serve_backend.py:162 instructlab.model.serve_backend.serve_backend event=line locals={'backend': "'llama-cpp'", 'backend_instance': '<testcase.TestServeBackendExceptionPaths.test_cli_serve_handles_backend_failures_before_shutdown.<locals>.FakeServer object at 0x7611f3b6d5d0>', 'chat_template': "'default-template-alpha'", 'ctx': '<testcase.TestServeBackendExceptionPaths.test_cli_serve_handles_backend_failures_before_shutdown.<locals>.FakeContext object at 0x7611f4138590>', 'gpu_layers': '11', 'gpus': 'None', 'host': "'127.0.0.1'", 'llama_cpp': "<module 'instructlab.model.backends.llama_cpp' from '/testbed/src/instructlab/model/backends/llama_cpp.py'>", 'log_file': "PosixPath('/tmp/serve-backend-3.log')", 'max_ctx_size': '5440', 'model_family': "'family-5-variant'", 'model_path': "PosixPath('/models/generated-14-14')", 'num_threads': '2', 'port': '8270', 'root_logger': '<RootLogger root (WARNING)>', 'vllm': "<module 'instructlab.model.backends.vllm' from '/testbed/src/instructlab/model/backends/vllm.py'>"}
2026-08-23 05:06:47.317 /testbed/src/instructlab/model/serve_backend.py:163 instructlab.model.serve_backend.serve_backend event=line locals={'exc': "ServerException('backend-cycle-14-717')"}
2026-08-23 05:06:47.317 /testbed/src/instructlab/model/serve_backend.py:163 instructlab.model.serve_backend.serve_backend event=exception exc=RuntimeError: RuntimeError('Error creating server: backend-cycle-14-717') locals={}
2026-08-23 05:06:47.317 /testbed/src/instructlab/model/serve_backend.py:167 instructlab.model.serve_backend.serve_backend event=line locals={'backend': "'llama-cpp'", 'backend_instance': '<testcase.TestServeBackendExceptionPaths.test_cli_serve_handles_backend_failures_before_shutdown.<locals>.FakeServer object at 0x7611f3b6d5d0>', 'chat_template': "'default-template-alpha'", 'ctx': '<testcase.TestServeBackendExceptionPaths.test_cli_serve_handles_backend_failures_before_shutdown.<locals>.FakeContext object at 0x7611f4138590>', 'gpu_layers': '11', 'gpus': 'None', 'host': "'127.0.0.1'", 'llama_cpp': "<module 'instructlab.model.backends.llama_cpp' from '/testbed/src/instructlab/model/backends/llama_cpp.py'>", 'log_file': "PosixPath('/tmp/serve-backend-3.log')", 'max_ctx_size': '5440', 'model_family': "'family-5-variant'", 'model_path': "PosixPath('/models/generated-14-14')", 'num_threads': '2', 'port': '8270', 'root_logger': '<RootLogger root (WARNING)>', 'vllm': "<module 'instructlab.model.backends.vllm' from '/testbed/src/instructlab/model/backends/vllm.py'>"}
2026-08-23 05:06:47.317 /testbed/src/instructlab/model/serve_backend.py:168 instructlab.model.serve_backend.serve_backend event=line locals={}
2026-08-23 05:06:47.317 /testbed/src/instructlab/model/serve_backend.py:168 instructlab.model.serve_backend.serve_backend event=exception exc=SystemExit: SystemExit(0) locals={}
2026-08-23 05:06:47.317 /testbed/src/instructlab/model/serve_backend.py:168 instructlab.model.serve_backend.serve_backend event=return retval=None locals={'backend': "'llama-cpp'", 'backend_instance': '<testcase.TestServeBackendExceptionPaths.test_cli_serve_handles_backend_failures_before_shutdown.<locals>.FakeServer object at 0x7611f3b6d5d0>', 'chat_template': "'default-template-alpha'", 'ctx': '<testcase.TestServeBackendExceptionPaths.test_cli_serve_handles_backend_failures_before_shutdown.<locals>.FakeContext object at 0x7611f4138590>', 'gpu_layers': '11', 'gpus': 'None', 'host': "'127.0.0.1'", 'llama_cpp': "<module 'instructlab.model.backends.llama_cpp' from '/testbed/src/instructlab/model/backends/llama_cpp.py'>", 'log_file': "PosixPath('/tmp/serve-backend-3.log')", 'max_ctx_size': '5440', 'model_family': "'family-5-variant'", 'model_path': "PosixPath('/models/generated-14-14')", 'num_threads': '2', 'port': '8270', 'root_logger': '<RootLogger root (WARNING)>', 'vllm': "<module 'instructlab.model.backends.vllm' from '/testbed/src/instructlab/model/backends/vllm.py'>"}
2026-08-23 05:06:47.317 /testbed/src/instructlab/model/serve_backend.py:51 instructlab.model.serve_backend.serve_backend event=call locals={'backend': "'llama-cpp'", 'chat_template': "'template-7-beta'", 'ctx': '<testcase.TestServeBackendExceptionPaths.test_cli_serve_handles_backend_failures_before_shutdown.<locals>.FakeContext object at 0x7611f4138590>', 'gpu_layers': '18', 'gpus': 'None', 'host': "'127.0.0.1'", 'log_file': 'None', 'max_ctx_size': '5488', 'model_family': "'family-6-variant'", 'model_path': "PosixPath('/models/generated-15-15')", 'num_threads': '3', 'port': '8275'}
2026-08-23 05:06:47.317 /testbed/src/instructlab/model/serve_backend.py:67 instructlab.model.serve_backend.serve_backend event=line locals={}
2026-08-23 05:06:47.317 /testbed/src/instructlab/model/serve_backend.py:68 instructlab.model.serve_backend.serve_backend event=line locals={'root_logger': '<RootLogger root (WARNING)>'}
2026-08-23 05:06:47.318 /testbed/src/instructlab/model/serve_backend.py:72 instructlab.model.serve_backend.serve_backend event=line locals={}
2026-08-23 05:06:47.318 /testbed/src/instructlab/model/serve_backend.py:74 instructlab.model.serve_backend.serve_backend event=line locals={'llama_cpp': "<module 'instructlab.model.backends.llama_cpp' from '/testbed/src/instructlab/model/backends/llama_cpp.py'>", 'vllm': "<module 'instructlab.model.backends.vllm' from '/testbed/src/instructlab/model/backends/vllm.py'>"}
2026-08-23 05:06:47.318 /testbed/src/instructlab/model/serve_backend.py:75 instructlab.model.serve_backend.serve_backend event=line locals={}
2026-08-23 05:06:47.318 /testbed/src/instructlab/model/serve_backend.py:79 instructlab.model.serve_backend.serve_backend event=line locals={}
2026-08-23 05:06:47.318 /testbed/src/instructlab/model/serve_backend.py:80 instructlab.model.serve_backend.serve_backend event=line locals={}
2026-08-23 05:06:47.318 /testbed/src/instructlab/model/serve_backend.py:81 instructlab.model.serve_backend.serve_backend event=line locals={}
2026-08-23 05:06:47.318 /testbed/src/instructlab/model/serve_backend.py:82 instructlab.model.serve_backend.serve_backend event=line locals={}
2026-08-23 05:06:47.318 /testbed/src/instructlab/model/serve_backend.py:85 instructlab.model.serve_backend.serve_backend event=line locals={}
2026-08-23 05:06:47.318 /testbed/src/instructlab/model/serve_backend.py:86 instructlab.model.serve_backend.serve_backend event=line locals={}
2026-08-23 05:06:47.318 /testbed/src/instructlab/model/serve_backend.py:85 instructlab.model.serve_backend.serve_backend event=line locals={}
2026-08-23 05:06:47.318 /testbed/src/instructlab/model/serve_backend.py:90 instructlab.model.serve_backend.serve_backend event=line locals={}
2026-08-23 05:06:47.318 /testbed/src/instructlab/model/serve_backend.py:91 instructlab.model.serve_backend.serve_backend event=line locals={}
2026-08-23 05:06:47.318 /testbed/src/instructlab/model/serve_backend.py:93 instructlab.model.serve_backend.serve_backend event=line locals={}
2026-08-23 05:06:47.318 /testbed/src/instructlab/model/serve_backend.py:94 instructlab.model.serve_backend.serve_backend event=line locals={}
2026-08-23 05:06:47.318 /testbed/src/instructlab/model/serve_backend.py:95 instructlab.model.serve_backend.serve_backend event=line locals={}
2026-08-23 05:06:47.318 /testbed/src/instructlab/model/serve_backend.py:96 instructlab.model.serve_backend.serve_backend event=line locals={}
2026-08-23 05:06:47.318 /testbed/src/instructlab/model/serve_backend.py:97 instructlab.model.serve_backend.serve_backend event=line locals={}
2026-08-23 05:06:47.318 /testbed/src/instructlab/model/serve_backend.py:98 instructlab.model.serve_backend.serve_backend event=line locals={}
2026-08-23 05:06:47.318 /testbed/src/instructlab/model/serve_backend.py:99 instructlab.model.serve_backend.serve_backend event=line locals={}
2026-08-23 05:06:47.318 /testbed/src/instructlab/model/serve_backend.py:100 instructlab.model.serve_backend.serve_backend event=line locals={}
2026-08-23 05:06:47.318 /testbed/src/instructlab/model/serve_backend.py:101 instructlab.model.serve_backend.serve_backend event=line locals={}
2026-08-23 05:06:47.318 /testbed/src/instructlab/model/serve_backend.py:102 instructlab.model.serve_backend.serve_backend event=line locals={}
2026-08-23 05:06:47.318 /testbed/src/instructlab/model/serve_backend.py:103 instructlab.model.serve_backend.serve_backend event=line locals={}
2026-08-23 05:06:47.318 /testbed/src/instructlab/model/serve_backend.py:93 instructlab.model.serve_backend.serve_backend event=line locals={}
2026-08-23 05:06:47.319 /testbed/src/instructlab/model/serve_backend.py:160 instructlab.model.serve_backend.serve_backend event=line locals={'backend_instance': '<testcase.TestServeBackendExceptionPaths.test_cli_serve_handles_backend_failures_before_shutdown.<locals>.FakeServer object at 0x7611f3b6da50>'}
2026-08-23 05:06:47.319 /testbed/src/instructlab/model/serve_backend.py:161 instructlab.model.serve_backend.serve_backend event=line locals={}
2026-08-23 05:06:47.319 /testbed/src/instructlab/model/serve_backend.py:161 instructlab.model.serve_backend.serve_backend event=exception exc=ServerException: ServerException('backend-cycle-15-717') locals={}
2026-08-23 05:06:47.319 /testbed/src/instructlab/model/serve_backend.py:162 instructlab.model.serve_backend.serve_backend event=line locals={'backend': "'llama-cpp'", 'backend_instance': '<testcase.TestServeBackendExceptionPaths.test_cli_serve_handles_backend_failures_before_shutdown.<locals>.FakeServer object at 0x7611f3b6da50>', 'chat_template': "'template-7-beta'", 'ctx': '<testcase.TestServeBackendExceptionPaths.test_cli_serve_handles_backend_failures_before_shutdown.<locals>.FakeContext object at 0x7611f4138590>', 'gpu_layers': '18', 'gpus': 'None', 'host': "'127.0.0.1'", 'llama_cpp': "<module 'instructlab.model.backends.llama_cpp' from '/testbed/src/instructlab/model/backends/llama_cpp.py'>", 'log_file': 'None', 'max_ctx_size': '5488', 'model_family': "'family-6-variant'", 'model_path': "PosixPath('/models/generated-15-15')", 'num_threads': '3', 'port': '8275', 'root_logger': '<RootLogger root (WARNING)>', 'vllm': "<module 'instructlab.model.backends.vllm' from '/testbed/src/instructlab/model/backends/vllm.py'>"}
2026-08-23 05:06:47.319 /testbed/src/instructlab/model/serve_backend.py:163 instructlab.model.serve_backend.serve_backend event=line locals={'exc': "ServerException('backend-cycle-15-717')"}
2026-08-23 05:06:47.319 /testbed/src/instructlab/model/serve_backend.py:163 instructlab.model.serve_backend.serve_backend event=exception exc=RuntimeError: RuntimeError('Error creating server: backend-cycle-15-717') locals={}
2026-08-23 05:06:47.319 /testbed/src/instructlab/model/serve_backend.py:167 instructlab.model.serve_backend.serve_backend event=line locals={'backend': "'llama-cpp'", 'backend_instance': '<testcase.TestServeBackendExceptionPaths.test_cli_serve_handles_backend_failures_before_shutdown.<locals>.FakeServer object at 0x7611f3b6da50>', 'chat_template': "'template-7-beta'", 'ctx': '<testcase.TestServeBackendExceptionPaths.test_cli_serve_handles_backend_failures_before_shutdown.<locals>.FakeContext object at 0x7611f4138590>', 'gpu_layers': '18', 'gpus': 'None', 'host': "'127.0.0.1'", 'llama_cpp': "<module 'instructlab.model.backends.llama_cpp' from '/testbed/src/instructlab/model/backends/llama_cpp.py'>", 'log_file': 'None', 'max_ctx_size': '5488', 'model_family': "'family-6-variant'", 'model_path': "PosixPath('/models/generated-15-15')", 'num_threads': '3', 'port': '8275', 'root_logger': '<RootLogger root (WARNING)>', 'vllm': "<module 'instructlab.model.backends.vllm' from '/testbed/src/instructlab/model/backends/vllm.py'>"}
2026-08-23 05:06:47.319 /testbed/src/instructlab/model/serve_backend.py:168 instructlab.model.serve_backend.serve_backend event=line locals={}
2026-08-23 05:06:47.319 /testbed/src/instructlab/model/serve_backend.py:168 instructlab.model.serve_backend.serve_backend event=exception exc=SystemExit: SystemExit(0) locals={}
2026-08-23 05:06:47.319 /testbed/src/instructlab/model/serve_backend.py:168 instructlab.model.serve_backend.serve_backend event=return retval=None locals={'backend': "'llama-cpp'", 'backend_instance': '<testcase.TestServeBackendExceptionPaths.test_cli_serve_handles_backend_failures_before_shutdown.<locals>.FakeServer object at 0x7611f3b6da50>', 'chat_template': "'template-7-beta'", 'ctx': '<testcase.TestServeBackendExceptionPaths.test_cli_serve_handles_backend_failures_before_shutdown.<locals>.FakeContext object at 0x7611f4138590>', 'gpu_layers': '18', 'gpus': 'None', 'host': "'127.0.0.1'", 'llama_cpp': "<module 'instructlab.model.backends.llama_cpp' from '/testbed/src/instructlab/model/backends/llama_cpp.py'>", 'log_file': 'None', 'max_ctx_size': '5488', 'model_family': "'family-6-variant'", 'model_path': "PosixPath('/models/generated-15-15')", 'num_threads': '3', 'port': '8275', 'root_logger': '<RootLogger root (WARNING)>', 'vllm': "<module 'instructlab.model.backends.vllm' from '/testbed/src/instructlab/model/backends/vllm.py'>"}
2026-08-23 05:06:47.320 /testbed/src/instructlab/model/serve_backend.py:51 instructlab.model.serve_backend.serve_backend event=call locals={'backend': "'llama-cpp'", 'chat_template': 'None', 'ctx': '<testcase.TestServeBackendExceptionPaths.test_cli_serve_handles_backend_failures_before_shutdown.<locals>.FakeContext object at 0x7611f4138590>', 'gpu_layers': '2', 'gpus': 'None', 'host': "'127.0.0.1'", 'log_file': "PosixPath('/tmp/serve-backend-5.log')", 'max_ctx_size': '5536', 'model_family': "'family-7-variant'", 'model_path': "PosixPath('/models/generated-16-16')", 'num_threads': 'None', 'port': '8280'}
2026-08-23 05:06:47.320 /testbed/src/instructlab/model/serve_backend.py:67 instructlab.model.serve_backend.serve_backend event=line locals={}
2026-08-23 05:06:47.320 /testbed/src/instructlab/model/serve_backend.py:68 instructlab.model.serve_backend.serve_backend event=line locals={'root_logger': '<RootLogger root (WARNING)>'}
2026-08-23 05:06:47.320 /testbed/src/instructlab/model/serve_backend.py:69 instructlab.model.serve_backend.serve_backend event=line locals={}
2026-08-23 05:06:47.320 /testbed/src/instructlab/model/serve_backend.py:72 instructlab.model.serve_backend.serve_backend event=line locals={}
2026-08-23 05:06:47.320 /testbed/src/instructlab/model/serve_backend.py:74 instructlab.model.serve_backend.serve_backend event=line locals={'llama_cpp': "<module 'instructlab.model.backends.llama_cpp' from '/testbed/src/instructlab/model/backends/llama_cpp.py'>", 'vllm': "<module 'instructlab.model.backends.vllm' from '/testbed/src/instructlab/model/backends/vllm.py'>"}
2026-08-23 05:06:47.320 /testbed/src/instructlab/model/serve_backend.py:75 instructlab.model.serve_backend.serve_backend event=line locals={}
2026-08-23 05:06:47.320 /testbed/src/instructlab/model/serve_backend.py:79 instructlab.model.serve_backend.serve_backend event=line locals={}
2026-08-23 05:06:47.320 /testbed/src/instructlab/model/serve_backend.py:80 instructlab.model.serve_backend.serve_backend event=line locals={}
2026-08-23 05:06:47.320 /testbed/src/instructlab/model/serve_backend.py:81 instructlab.model.serve_backend.serve_backend event=line locals={}
2026-08-23 05:06:47.320 /testbed/src/instructlab/model/serve_backend.py:82 instructlab.model.serve_backend.serve_backend event=line locals={}
2026-08-23 05:06:47.320 /testbed/src/instructlab/model/serve_backend.py:83 instructlab.model.serve_backend.serve_backend event=line locals={}
2026-08-23 05:06:47.320 /testbed/src/instructlab/model/serve_backend.py:85 instructlab.model.serve_backend.serve_backend event=line locals={'chat_template': "'default-template-alpha'"}
2026-08-23 05:06:47.320 /testbed/src/instructlab/model/serve_backend.py:86 instructlab.model.serve_backend.serve_backend event=line locals={}
2026-08-23 05:06:47.321 /testbed/src/instructlab/model/serve_backend.py:85 instructlab.model.serve_backend.serve_backend event=line locals={}
2026-08-23 05:06:47.321 /testbed/src/instructlab/model/serve_backend.py:90 instructlab.model.serve_backend.serve_backend event=line locals={}
2026-08-23 05:06:47.321 /testbed/src/instructlab/model/serve_backend.py:91 instructlab.model.serve_backend.serve_backend event=line locals={}
2026-08-23 05:06:47.321 /testbed/src/instructlab/model/serve_backend.py:93 instructlab.model.serve_backend.serve_backend event=line locals={}
2026-08-23 05:06:47.321 /testbed/src/instructlab/model/serve_backend.py:94 instructlab.model.serve_backend.serve_backend event=line locals={}
2026-08-23 05:06:47.321 /testbed/src/instructlab/model/serve_backend.py:95 instructlab.model.serve_backend.serve_backend event=line locals={}
2026-08-23 05:06:47.321 /testbed/src/instructlab/model/serve_backend.py:96 instructlab.model.serve_backend.serve_backend event=line locals={}
2026-08-23 05:06:47.321 /testbed/src/instructlab/model/serve_backend.py:97 instructlab.model.serve_backend.serve_backend event=line locals={}
2026-08-23 05:06:47.321 /testbed/src/instructlab/model/serve_backend.py:98 instructlab.model.serve_backend.serve_backend event=line locals={}
2026-08-23 05:06:47.321 /testbed/src/instructlab/model/serve_backend.py:99 instructlab.model.serve_backend.serve_backend event=line locals={}
2026-08-23 05:06:47.321 /testbed/src/instructlab/model/serve_backend.py:100 instructlab.model.serve_backend.serve_backend event=line locals={}
2026-08-23 05:06:47.321 /testbed/src/instructlab/model/serve_backend.py:101 instructlab.model.serve_backend.serve_backend event=line locals={}
2026-08-23 05:06:47.321 /testbed/src/instructlab/model/serve_backend.py:102 instructlab.model.serve_backend.serve_backend event=line locals={}
2026-08-23 05:06:47.321 /testbed/src/instructlab/model/serve_backend.py:103 instructlab.model.serve_backend.serve_backend event=line locals={}
2026-08-23 05:06:47.321 /testbed/src/instructlab/model/serve_backend.py:93 instructlab.model.serve_backend.serve_backend event=line locals={}
2026-08-23 05:06:47.321 /testbed/src/instructlab/model/serve_backend.py:160 instructlab.model.serve_backend.serve_backend event=line locals={'backend_instance': '<testcase.TestServeBackendExceptionPaths.test_cli_serve_handles_backend_failures_before_shutdown.<locals>.FakeServer object at 0x7611f3b7ddd0>'}
2026-08-23 05:06:47.321 /testbed/src/instructlab/model/serve_backend.py:161 instructlab.model.serve_backend.serve_backend event=line locals={}
2026-08-23 05:06:47.321 /testbed/src/instructlab/model/serve_backend.py:161 instructlab.model.serve_backend.serve_backend event=exception exc=KeyboardInterrupt: KeyboardInterrupt('backend-cycle-16-465') locals={}
2026-08-23 05:06:47.321 /testbed/src/instructlab/model/serve_backend.py:162 instructlab.model.serve_backend.serve_backend event=line locals={'backend': "'llama-cpp'", 'backend_instance': '<testcase.TestServeBackendExceptionPaths.test_cli_serve_handles_backend_failures_before_shutdown.<locals>.FakeServer object at 0x7611f3b7ddd0>', 'chat_template': "'default-template-alpha'", 'ctx': '<testcase.TestServeBackendExceptionPaths.test_cli_serve_handles_backend_failures_before_shutdown.<locals>.FakeContext object at 0x7611f4138590>', 'gpu_layers': '2', 'gpus': 'None', 'host': "'127.0.0.1'", 'llama_cpp': "<module 'instructlab.model.backends.llama_cpp' from '/testbed/src/instructlab/model/backends/llama_cpp.py'>", 'log_file': "PosixPath('/tmp/serve-backend-5.log')", 'max_ctx_size': '5536', 'model_family': "'family-7-variant'", 'model_path': "PosixPath('/models/generated-16-16')", 'num_threads': 'None', 'port': '8280', 'root_logger': '<RootLogger root (WARNING)>', 'vllm': "<module 'instructlab.model.backends.vllm' from '/testbed/src/instructlab/model/backends/vllm.py'>"}
2026-08-23 05:06:47.321 /testbed/src/instructlab/model/serve_backend.py:164 instructlab.model.serve_backend.serve_backend event=line locals={}
2026-08-23 05:06:47.321 /testbed/src/instructlab/model/serve_backend.py:165 instructlab.model.serve_backend.serve_backend event=line locals={}
2026-08-23 05:06:47.321 /testbed/src/instructlab/model/serve_backend.py:167 instructlab.model.serve_backend.serve_backend event=line locals={}
2026-08-23 05:06:47.321 /testbed/src/instructlab/model/serve_backend.py:168 instructlab.model.serve_backend.serve_backend event=line locals={}
2026-08-23 05:06:47.321 /testbed/src/instructlab/model/serve_backend.py:168 instructlab.model.serve_backend.serve_backend event=exception exc=SystemExit: SystemExit(0) locals={}
2026-08-23 05:06:47.321 /testbed/src/instructlab/model/serve_backend.py:168 instructlab.model.serve_backend.serve_backend event=return retval=None locals={'backend': "'llama-cpp'", 'backend_instance': '<testcase.TestServeBackendExceptionPaths.test_cli_serve_handles_backend_failures_before_shutdown.<locals>.FakeServer object at 0x7611f3b7ddd0>', 'chat_template': "'default-template-alpha'", 'ctx': '<testcase.TestServeBackendExceptionPaths.test_cli_serve_handles_backend_failures_before_shutdown.<locals>.FakeContext object at 0x7611f4138590>', 'gpu_layers': '2', 'gpus': 'None', 'host': "'127.0.0.1'", 'llama_cpp': "<module 'instructlab.model.backends.llama_cpp' from '/testbed/src/instructlab/model/backends/llama_cpp.py'>", 'log_file': "PosixPath('/tmp/serve-backend-5.log')", 'max_ctx_size': '5536', 'model_family': "'family-7-variant'", 'model_path': "PosixPath('/models/generated-16-16')", 'num_threads': 'None', 'port': '8280', 'root_logger': '<RootLogger root (WARNING)>', 'vllm': "<module 'instructlab.model.backends.vllm' from '/testbed/src/instructlab/model/backends/vllm.py'>"}
2026-08-23 05:06:47.322 /testbed/src/instructlab/model/serve_backend.py:51 instructlab.model.serve_backend.serve_backend event=call locals={'backend': "'llama-cpp'", 'chat_template': "'template-1-beta'", 'ctx': '<testcase.TestServeBackendExceptionPaths.test_cli_serve_handles_backend_failures_before_shutdown.<locals>.FakeContext object at 0x7611f3b81250>', 'gpu_layers': '9', 'gpus': 'None', 'host': "'127.0.0.1'", 'log_file': "PosixPath('/tmp/serve-backend-6.log')", 'max_ctx_size': '5584', 'model_family': "'family-8-variant'", 'model_path': "PosixPath('/models/generated-0-17')", 'num_threads': '5', 'port': '8285'}
2026-08-23 05:06:47.322 /testbed/src/instructlab/model/serve_backend.py:67 instructlab.model.serve_backend.serve_backend event=line locals={}
2026-08-23 05:06:47.322 /testbed/src/instructlab/model/serve_backend.py:68 instructlab.model.serve_backend.serve_backend event=line locals={'root_logger': '<RootLogger root (WARNING)>'}
2026-08-23 05:06:47.322 /testbed/src/instructlab/model/serve_backend.py:69 instructlab.model.serve_backend.serve_backend event=line locals={}
2026-08-23 05:06:47.323 /testbed/src/instructlab/model/serve_backend.py:72 instructlab.model.serve_backend.serve_backend event=line locals={}
2026-08-23 05:06:47.323 /testbed/src/instructlab/model/serve_backend.py:74 instructlab.model.serve_backend.serve_backend event=line locals={'llama_cpp': "<module 'instructlab.model.backends.llama_cpp' from '/testbed/src/instructlab/model/backends/llama_cpp.py'>", 'vllm': "<module 'instructlab.model.backends.vllm' from '/testbed/src/instructlab/model/backends/vllm.py'>"}
2026-08-23 05:06:47.323 /testbed/src/instructlab/model/serve_backend.py:75 instructlab.model.serve_backend.serve_backend event=line locals={}
2026-08-23 05:06:47.323 /testbed/src/instructlab/model/serve_backend.py:79 instructlab.model.serve_backend.serve_backend event=line locals={}
2026-08-23 05:06:47.323 /testbed/src/instructlab/model/serve_backend.py:80 instructlab.model.serve_backend.serve_backend event=line locals={}
2026-08-23 05:06:47.323 /testbed/src/instructlab/model/serve_backend.py:81 instructlab.model.serve_backend.serve_backend event=line locals={}
2026-08-23 05:06:47.323 /testbed/src/instructlab/model/serve_backend.py:82 instructlab.model.serve_backend.serve_backend event=line locals={}
2026-08-23 05:06:47.323 /testbed/src/instructlab/model/serve_backend.py:85 instructlab.model.serve_backend.serve_backend event=line locals={}
2026-08-23 05:06:47.323 /testbed/src/instructlab/model/serve_backend.py:86 instructlab.model.serve_backend.serve_backend event=line locals={}
2026-08-23 05:06:47.323 /testbed/src/instructlab/model/serve_backend.py:85 instructlab.model.serve_backend.serve_backend event=line locals={}
2026-08-23 05:06:47.323 /testbed/src/instructlab/model/serve_backend.py:90 instructlab.model.serve_backend.serve_backend event=line locals={}
2026-08-23 05:06:47.323 /testbed/src/instructlab/model/serve_backend.py:91 instructlab.model.serve_backend.serve_backend event=line locals={}
2026-08-23 05:06:47.323 /testbed/src/instructlab/model/serve_backend.py:93 instructlab.model.serve_backend.serve_backend event=line locals={}
2026-08-23 05:06:47.323 /testbed/src/instructlab/model/serve_backend.py:94 instructlab.model.serve_backend.serve_backend event=line locals={}
2026-08-23 05:06:47.324 /testbed/src/instructlab/model/serve_backend.py:95 instructlab.model.serve_backend.serve_backend event=line locals={}
2026-08-23 05:06:47.324 /testbed/src/instructlab/model/serve_backend.py:96 instructlab.model.serve_backend.serve_backend event=line locals={}
2026-08-23 05:06:47.324 /testbed/src/instructlab/model/serve_backend.py:97 instructlab.model.serve_backend.serve_backend event=line locals={}
2026-08-23 05:06:47.324 /testbed/src/instructlab/model/serve_backend.py:98 instructlab.model.serve_backend.serve_backend event=line locals={}
2026-08-23 05:06:47.324 /testbed/src/instructlab/model/serve_backend.py:99 instructlab.model.serve_backend.serve_backend event=line locals={}
2026-08-23 05:06:47.324 /testbed/src/instructlab/model/serve_backend.py:100 instructlab.model.serve_backend.serve_backend event=line locals={}
2026-08-23 05:06:47.324 /testbed/src/instructlab/model/serve_backend.py:101 instructlab.model.serve_backend.serve_backend event=line locals={}
2026-08-23 05:06:47.324 /testbed/src/instructlab/model/serve_backend.py:102 instructlab.model.serve_backend.serve_backend event=line locals={}
2026-08-23 05:06:47.324 /testbed/src/instructlab/model/serve_backend.py:103 instructlab.model.serve_backend.serve_backend event=line locals={}
2026-08-23 05:06:47.324 /testbed/src/instructlab/model/serve_backend.py:93 instructlab.model.serve_backend.serve_backend event=line locals={}
2026-08-23 05:06:47.324 /testbed/src/instructlab/model/serve_backend.py:160 instructlab.model.serve_backend.serve_backend event=line locals={'backend_instance': '<testcase.TestServeBackendExceptionPaths.test_cli_serve_handles_backend_failures_before_shutdown.<locals>.FakeServer object at 0x7611f3b7e350>'}
2026-08-23 05:06:47.324 /testbed/src/instructlab/model/serve_backend.py:161 instructlab.model.serve_backend.serve_backend event=line locals={}
2026-08-23 05:06:47.324 /testbed/src/instructlab/model/serve_backend.py:161 instructlab.model.serve_backend.serve_backend event=exception exc=KeyboardInterrupt: KeyboardInterrupt('backend-cycle-17-465') locals={}
2026-08-23 05:06:47.324 /testbed/src/instructlab/model/serve_backend.py:162 instructlab.model.serve_backend.serve_backend event=line locals={'backend': "'llama-cpp'", 'backend_instance': '<testcase.TestServeBackendExceptionPaths.test_cli_serve_handles_backend_failures_before_shutdown.<locals>.FakeServer object at 0x7611f3b7e350>', 'chat_template': "'template-1-beta'", 'ctx': '<testcase.TestServeBackendExceptionPaths.test_cli_serve_handles_backend_failures_before_shutdown.<locals>.FakeContext object at 0x7611f3b81250>', 'gpu_layers': '9', 'gpus': 'None', 'host': "'127.0.0.1'", 'llama_cpp': "<module 'instructlab.model.backends.llama_cpp' from '/testbed/src/instructlab/model/backends/llama_cpp.py'>", 'log_file': "PosixPath('/tmp/serve-backend-6.log')", 'max_ctx_size': '5584', 'model_family': "'family-8-variant'", 'model_path': "PosixPath('/models/generated-0-17')", 'num_threads': '5', 'port': '8285', 'root_logger': '<RootLogger root (WARNING)>', 'vllm': "<module 'instructlab.model.backends.vllm' from '/testbed/src/instructlab/model/backends/vllm.py'>"}
2026-08-23 05:06:47.324 /testbed/src/instructlab/model/serve_backend.py:164 instructlab.model.serve_backend.serve_backend event=line locals={}
2026-08-23 05:06:47.324 /testbed/src/instructlab/model/serve_backend.py:165 instructlab.model.serve_backend.serve_backend event=line locals={}
2026-08-23 05:06:47.324 /testbed/src/instructlab/model/serve_backend.py:167 instructlab.model.serve_backend.serve_backend event=line locals={}
2026-08-23 05:06:47.324 /testbed/src/instructlab/model/serve_backend.py:168 instructlab.model.serve_backend.serve_backend event=line locals={}
2026-08-23 05:06:47.324 /testbed/src/instructlab/model/serve_backend.py:168 instructlab.model.serve_backend.serve_backend event=exception exc=SystemExit: SystemExit(0) locals={}
2026-08-23 05:06:47.324 /testbed/src/instructlab/model/serve_backend.py:168 instructlab.model.serve_backend.serve_backend event=return retval=None locals={'backend': "'llama-cpp'", 'backend_instance': '<testcase.TestServeBackendExceptionPaths.test_cli_serve_handles_backend_failures_before_shutdown.<locals>.FakeServer object at 0x7611f3b7e350>', 'chat_template': "'template-1-beta'", 'ctx': '<testcase.TestServeBackendExceptionPaths.test_cli_serve_handles_backend_failures_before_shutdown.<locals>.FakeContext object at 0x7611f3b81250>', 'gpu_layers': '9', 'gpus': 'None', 'host': "'127.0.0.1'", 'llama_cpp': "<module 'instructlab.model.backends.llama_cpp' from '/testbed/src/instructlab/model/backends/llama_cpp.py'>", 'log_file': "PosixPath('/tmp/serve-backend-6.log')", 'max_ctx_size': '5584', 'model_family': "'family-8-variant'", 'model_path': "PosixPath('/models/generated-0-17')", 'num_threads': '5', 'port': '8285', 'root_logger': '<RootLogger root (WARNING)>', 'vllm': "<module 'instructlab.model.backends.vllm' from '/testbed/src/instructlab/model/backends/vllm.py'>"}
2026-08-23 05:06:47.325 /testbed/src/instructlab/model/serve_backend.py:51 instructlab.model.serve_backend.serve_backend event=call locals={'backend': "'llama-cpp'", 'chat_template': 'None', 'ctx': '<testcase.TestServeBackendExceptionPaths.test_cli_serve_handles_backend_failures_before_shutdown.<locals>.FakeContext object at 0x7611f3b81250>', 'gpu_layers': '16', 'gpus': 'None', 'host': "'0.0.0.0'", 'log_file': 'None', 'max_ctx_size': '5632', 'model_family': "'family-0-variant'", 'model_path': "PosixPath('/models/generated-1-18')", 'num_threads': '0', 'port': '8290'}
2026-08-23 05:06:47.325 /testbed/src/instructlab/model/serve_backend.py:67 instructlab.model.serve_backend.serve_backend event=line locals={}
2026-08-23 05:06:47.325 /testbed/src/instructlab/model/serve_backend.py:68 instructlab.model.serve_backend.serve_backend event=line locals={'root_logger': '<RootLogger root (WARNING)>'}
2026-08-23 05:06:47.325 /testbed/src/instructlab/model/serve_backend.py:72 instructlab.model.serve_backend.serve_backend event=line locals={}
2026-08-23 05:06:47.325 /testbed/src/instructlab/model/serve_backend.py:74 instructlab.model.serve_backend.serve_backend event=line locals={'llama_cpp': "<module 'instructlab.model.backends.llama_cpp' from '/testbed/src/instructlab/model/backends/llama_cpp.py'>", 'vllm': "<module 'instructlab.model.backends.vllm' from '/testbed/src/instructlab/model/backends/vllm.py'>"}
2026-08-23 05:06:47.325 /testbed/src/instructlab/model/serve_backend.py:75 instructlab.model.serve_backend.serve_backend event=line locals={}
2026-08-23 05:06:47.325 /testbed/src/instructlab/model/serve_backend.py:79 instructlab.model.serve_backend.serve_backend event=line locals={}
2026-08-23 05:06:47.325 /testbed/src/instructlab/model/serve_backend.py:80 instructlab.model.serve_backend.serve_backend event=line locals={}
2026-08-23 05:06:47.325 /testbed/src/instructlab/model/serve_backend.py:81 instructlab.model.serve_backend.serve_backend event=line locals={}
2026-08-23 05:06:47.325 /testbed/src/instructlab/model/serve_backend.py:82 instructlab.model.serve_backend.serve_backend event=line locals={}
2026-08-23 05:06:47.325 /testbed/src/instructlab/model/serve_backend.py:83 instructlab.model.serve_backend.serve_backend event=line locals={}
2026-08-23 05:06:47.325 /testbed/src/instructlab/model/serve_backend.py:85 instructlab.model.serve_backend.serve_backend event=line locals={'chat_template': "'default-template-alpha'"}
2026-08-23 05:06:47.325 /testbed/src/instructlab/model/serve_backend.py:86 instructlab.model.serve_backend.serve_backend event=line locals={}
2026-08-23 05:06:47.325 /testbed/src/instructlab/model/serve_backend.py:85 instructlab.model.serve_backend.serve_backend event=line locals={}
2026-08-23 05:06:47.326 /testbed/src/instructlab/model/serve_backend.py:90 instructlab.model.serve_backend.serve_backend event=line locals={}
2026-08-23 05:06:47.326 /testbed/src/instructlab/model/serve_backend.py:91 instructlab.model.serve_backend.serve_backend event=line locals={}
2026-08-23 05:06:47.326 /testbed/src/instructlab/model/serve_backend.py:93 instructlab.model.serve_backend.serve_backend event=line locals={}
2026-08-23 05:06:47.326 /testbed/src/instructlab/model/serve_backend.py:94 instructlab.model.serve_backend.serve_backend event=line locals={}
2026-08-23 05:06:47.326 /testbed/src/instructlab/model/serve_backend.py:95 instructlab.model.serve_backend.serve_backend event=line locals={}
2026-08-23 05:06:47.326 /testbed/src/instructlab/model/serve_backend.py:96 instructlab.model.serve_backend.serve_backend event=line locals={}
2026-08-23 05:06:47.326 /testbed/src/instructlab/model/serve_backend.py:97 instructlab.model.serve_backend.serve_backend event=line locals={}
2026-08-23 05:06:47.326 /testbed/src/instructlab/model/serve_backend.py:98 instructlab.model.serve_backend.serve_backend event=line locals={}
2026-08-23 05:06:47.326 /testbed/src/instructlab/model/serve_backend.py:99 instructlab.model.serve_backend.serve_backend event=line locals={}
2026-08-23 05:06:47.326 /testbed/src/instructlab/model/serve_backend.py:100 instructlab.model.serve_backend.serve_backend event=line locals={}
2026-08-23 05:06:47.326 /testbed/src/instructlab/model/serve_backend.py:101 instructlab.model.serve_backend.serve_backend event=line locals={}
2026-08-23 05:06:47.326 /testbed/src/instructlab/model/serve_backend.py:102 instructlab.model.serve_backend.serve_backend event=line locals={}
2026-08-23 05:06:47.326 /testbed/src/instructlab/model/serve_backend.py:103 instructlab.model.serve_backend.serve_backend event=line locals={}
2026-08-23 05:06:47.326 /testbed/src/instructlab/model/serve_backend.py:93 instructlab.model.serve_backend.serve_backend event=line locals={}
2026-08-23 05:06:47.326 /testbed/src/instructlab/model/serve_backend.py:160 instructlab.model.serve_backend.serve_backend event=line locals={'backend_instance': '<testcase.TestServeBackendExceptionPaths.test_cli_serve_handles_backend_failures_before_shutdown.<locals>.FakeServer object at 0x7611f3b7e1d0>'}
2026-08-23 05:06:47.326 /testbed/src/instructlab/model/serve_backend.py:161 instructlab.model.serve_backend.serve_backend event=line locals={}
2026-08-23 05:06:47.326 /testbed/src/instructlab/model/serve_backend.py:161 instructlab.model.serve_backend.serve_backend event=exception exc=ServerException: ServerException('backend-cycle-18-717') locals={}
2026-08-23 05:06:47.326 /testbed/src/instructlab/model/serve_backend.py:162 instructlab.model.serve_backend.serve_backend event=line locals={'backend': "'llama-cpp'", 'backend_instance': '<testcase.TestServeBackendExceptionPaths.test_cli_serve_handles_backend_failures_before_shutdown.<locals>.FakeServer object at 0x7611f3b7e1d0>', 'chat_template': "'default-template-alpha'", 'ctx': '<testcase.TestServeBackendExceptionPaths.test_cli_serve_handles_backend_failures_before_shutdown.<locals>.FakeContext object at 0x7611f3b81250>', 'gpu_layers': '16', 'gpus': 'None', 'host': "'0.0.0.0'", 'llama_cpp': "<module 'instructlab.model.backends.llama_cpp' from '/testbed/src/instructlab/model/backends/llama_cpp.py'>", 'log_file': 'None', 'max_ctx_size': '5632', 'model_family': "'family-0-variant'", 'model_path': "PosixPath('/models/generated-1-18')", 'num_threads': '0', 'port': '8290', 'root_logger': '<RootLogger root (WARNING)>', 'vllm': "<module 'instructlab.model.backends.vllm' from '/testbed/src/instructlab/model/backends/vllm.py'>"}
2026-08-23 05:06:47.326 /testbed/src/instructlab/model/serve_backend.py:163 instructlab.model.serve_backend.serve_backend event=line locals={'exc': "ServerException('backend-cycle-18-717')"}
2026-08-23 05:06:47.326 /testbed/src/instructlab/model/serve_backend.py:163 instructlab.model.serve_backend.serve_backend event=exception exc=RuntimeError: RuntimeError('Error creating server: backend-cycle-18-717') locals={}
2026-08-23 05:06:47.326 /testbed/src/instructlab/model/serve_backend.py:167 instructlab.model.serve_backend.serve_backend event=line locals={'backend': "'llama-cpp'", 'backend_instance': '<testcase.TestServeBackendExceptionPaths.test_cli_serve_handles_backend_failures_before_shutdown.<locals>.FakeServer object at 0x7611f3b7e1d0>', 'chat_template': "'default-template-alpha'", 'ctx': '<testcase.TestServeBackendExceptionPaths.test_cli_serve_handles_backend_failures_before_shutdown.<locals>.FakeContext object at 0x7611f3b81250>', 'gpu_layers': '16', 'gpus': 'None', 'host': "'0.0.0.0'", 'llama_cpp': "<module 'instructlab.model.backends.llama_cpp' from '/testbed/src/instructlab/model/backends/llama_cpp.py'>", 'log_file': 'None', 'max_ctx_size': '5632', 'model_family': "'family-0-variant'", 'model_path': "PosixPath('/models/generated-1-18')", 'num_threads': '0', 'port': '8290', 'root_logger': '<RootLogger root (WARNING)>', 'vllm': "<module 'instructlab.model.backends.vllm' from '/testbed/src/instructlab/model/backends/vllm.py'>"}
2026-08-23 05:06:47.326 /testbed/src/instructlab/model/serve_backend.py:168 instructlab.model.serve_backend.serve_backend event=line locals={}
2026-08-23 05:06:47.326 /testbed/src/instructlab/model/serve_backend.py:168 instructlab.model.serve_backend.serve_backend event=exception exc=SystemExit: SystemExit(0) locals={}
2026-08-23 05:06:47.326 /testbed/src/instructlab/model/serve_backend.py:168 instructlab.model.serve_backend.serve_backend event=return retval=None locals={'backend': "'llama-cpp'", 'backend_instance': '<testcase.TestServeBackendExceptionPaths.test_cli_serve_handles_backend_failures_before_shutdown.<locals>.FakeServer object at 0x7611f3b7e1d0>', 'chat_template': "'default-template-alpha'", 'ctx': '<testcase.TestServeBackendExceptionPaths.test_cli_serve_handles_backend_failures_before_shutdown.<locals>.FakeContext object at 0x7611f3b81250>', 'gpu_layers': '16', 'gpus': 'None', 'host': "'0.0.0.0'", 'llama_cpp': "<module 'instructlab.model.backends.llama_cpp' from '/testbed/src/instructlab/model/backends/llama_cpp.py'>", 'log_file': 'None', 'max_ctx_size': '5632', 'model_family': "'family-0-variant'", 'model_path': "PosixPath('/models/generated-1-18')", 'num_threads': '0', 'port': '8290', 'root_logger': '<RootLogger root (WARNING)>', 'vllm': "<module 'instructlab.model.backends.vllm' from '/testbed/src/instructlab/model/backends/vllm.py'>"}
2026-08-23 05:06:47.327 /testbed/src/instructlab/model/serve_backend.py:51 instructlab.model.serve_backend.serve_backend event=call locals={'backend': "'llama-cpp'", 'chat_template': "'template-3-beta'", 'ctx': '<testcase.TestServeBackendExceptionPaths.test_cli_serve_handles_backend_failures_before_shutdown.<locals>.FakeContext object at 0x7611f4126810>', 'gpu_layers': '0', 'gpus': 'None', 'host': "'127.0.0.1'", 'log_file': "PosixPath('/tmp/serve-backend-8.log')", 'max_ctx_size': '5680', 'model_family': "'family-1-variant'", 'model_path': "PosixPath('/models/generated-2-19')", 'num_threads': '1', 'port': '8295'}
2026-08-23 05:06:47.327 /testbed/src/instructlab/model/serve_backend.py:67 instructlab.model.serve_backend.serve_backend event=line locals={}
2026-08-23 05:06:47.327 /testbed/src/instructlab/model/serve_backend.py:68 instructlab.model.serve_backend.serve_backend event=line locals={'root_logger': '<RootLogger root (WARNING)>'}
2026-08-23 05:06:47.327 /testbed/src/instructlab/model/serve_backend.py:69 instructlab.model.serve_backend.serve_backend event=line locals={}
2026-08-23 05:06:47.327 /testbed/src/instructlab/model/serve_backend.py:72 instructlab.model.serve_backend.serve_backend event=line locals={}
2026-08-23 05:06:47.327 /testbed/src/instructlab/model/serve_backend.py:74 instructlab.model.serve_backend.serve_backend event=line locals={'llama_cpp': "<module 'instructlab.model.backends.llama_cpp' from '/testbed/src/instructlab/model/backends/llama_cpp.py'>", 'vllm': "<module 'instructlab.model.backends.vllm' from '/testbed/src/instructlab/model/backends/vllm.py'>"}
2026-08-23 05:06:47.327 /testbed/src/instructlab/model/serve_backend.py:75 instructlab.model.serve_backend.serve_backend event=line locals={}
2026-08-23 05:06:47.327 /testbed/src/instructlab/model/serve_backend.py:79 instructlab.model.serve_backend.serve_backend event=line locals={}
2026-08-23 05:06:47.327 /testbed/src/instructlab/model/serve_backend.py:80 instructlab.model.serve_backend.serve_backend event=line locals={}
2026-08-23 05:06:47.327 /testbed/src/instructlab/model/serve_backend.py:81 instructlab.model.serve_backend.serve_backend event=line locals={}
2026-08-23 05:06:47.328 /testbed/src/instructlab/model/serve_backend.py:82 instructlab.model.serve_backend.serve_backend event=line locals={}
2026-08-23 05:06:47.328 /testbed/src/instructlab/model/serve_backend.py:85 instructlab.model.serve_backend.serve_backend event=line locals={}
2026-08-23 05:06:47.328 /testbed/src/instructlab/model/serve_backend.py:86 instructlab.model.serve_backend.serve_backend event=line locals={}
2026-08-23 05:06:47.328 /testbed/src/instructlab/model/serve_backend.py:85 instructlab.model.serve_backend.serve_backend event=line locals={}
2026-08-23 05:06:47.328 /testbed/src/instructlab/model/serve_backend.py:90 instructlab.model.serve_backend.serve_backend event=line locals={}
2026-08-23 05:06:47.328 /testbed/src/instructlab/model/serve_backend.py:91 instructlab.model.serve_backend.serve_backend event=line locals={}
2026-08-23 05:06:47.328 /testbed/src/instructlab/model/serve_backend.py:93 instructlab.model.serve_backend.serve_backend event=line locals={}
2026-08-23 05:06:47.328 /testbed/src/instructlab/model/serve_backend.py:94 instructlab.model.serve_backend.serve_backend event=line locals={}
2026-08-23 05:06:47.328 /testbed/src/instructlab/model/serve_backend.py:95 instructlab.model.serve_backend.serve_backend event=line locals={}
2026-08-23 05:06:47.328 /testbed/src/instructlab/model/serve_backend.py:96 instructlab.model.serve_backend.serve_backend event=line locals={}
2026-08-23 05:06:47.328 /testbed/src/instructlab/model/serve_backend.py:97 instructlab.model.serve_backend.serve_backend event=line locals={}
2026-08-23 05:06:47.328 /testbed/src/instructlab/model/serve_backend.py:98 instructlab.model.serve_backend.serve_backend event=line locals={}
2026-08-23 05:06:47.328 /testbed/src/instructlab/model/serve_backend.py:99 instructlab.model.serve_backend.serve_backend event=line locals={}
2026-08-23 05:06:47.328 /testbed/src/instructlab/model/serve_backend.py:100 instructlab.model.serve_backend.serve_backend event=line locals={}
2026-08-23 05:06:47.328 /testbed/src/instructlab/model/serve_backend.py:101 instructlab.model.serve_backend.serve_backend event=line locals={}
2026-08-23 05:06:47.328 /testbed/src/instructlab/model/serve_backend.py:102 instructlab.model.serve_backend.serve_backend event=line locals={}
2026-08-23 05:06:47.328 /testbed/src/instructlab/model/serve_backend.py:103 instructlab.model.serve_backend.serve_backend event=line locals={}
2026-08-23 05:06:47.328 /testbed/src/instructlab/model/serve_backend.py:93 instructlab.model.serve_backend.serve_backend event=line locals={}
2026-08-23 05:06:47.328 /testbed/src/instructlab/model/serve_backend.py:160 instructlab.model.serve_backend.serve_backend event=line locals={'backend_instance': '<testcase.TestServeBackendExceptionPaths.test_cli_serve_handles_backend_failures_before_shutdown.<locals>.FakeServer object at 0x7611f3b7e9d0>'}
2026-08-23 05:06:47.328 /testbed/src/instructlab/model/serve_backend.py:161 instructlab.model.serve_backend.serve_backend event=line locals={}
2026-08-23 05:06:47.328 /testbed/src/instructlab/model/serve_backend.py:161 instructlab.model.serve_backend.serve_backend event=exception exc=ServerException: ServerException('backend-cycle-19-717') locals={}
2026-08-23 05:06:47.328 /testbed/src/instructlab/model/serve_backend.py:162 instructlab.model.serve_backend.serve_backend event=line locals={'backend': "'llama-cpp'", 'backend_instance': '<testcase.TestServeBackendExceptionPaths.test_cli_serve_handles_backend_failures_before_shutdown.<locals>.FakeServer object at 0x7611f3b7e9d0>', 'chat_template': "'template-3-beta'", 'ctx': '<testcase.TestServeBackendExceptionPaths.test_cli_serve_handles_backend_failures_before_shutdown.<locals>.FakeContext object at 0x7611f4126810>', 'gpu_layers': '0', 'gpus': 'None', 'host': "'127.0.0.1'", 'llama_cpp': "<module 'instructlab.model.backends.llama_cpp' from '/testbed/src/instructlab/model/backends/llama_cpp.py'>", 'log_file': "PosixPath('/tmp/serve-backend-8.log')", 'max_ctx_size': '5680', 'model_family': "'family-1-variant'", 'model_path': "PosixPath('/models/generated-2-19')", 'num_threads': '1', 'port': '8295', 'root_logger': '<RootLogger root (WARNING)>', 'vllm': "<module 'instructlab.model.backends.vllm' from '/testbed/src/instructlab/model/backends/vllm.py'>"}
2026-08-23 05:06:47.328 /testbed/src/instructlab/model/serve_backend.py:163 instructlab.model.serve_backend.serve_backend event=line locals={'exc': "ServerException('backend-cycle-19-717')"}
2026-08-23 05:06:47.328 /testbed/src/instructlab/model/serve_backend.py:163 instructlab.model.serve_backend.serve_backend event=exception exc=RuntimeError: RuntimeError('Error creating server: backend-cycle-19-717') locals={}
2026-08-23 05:06:47.328 /testbed/src/instructlab/model/serve_backend.py:167 instructlab.model.serve_backend.serve_backend event=line locals={'backend': "'llama-cpp'", 'backend_instance': '<testcase.TestServeBackendExceptionPaths.test_cli_serve_handles_backend_failures_before_shutdown.<locals>.FakeServer object at 0x7611f3b7e9d0>', 'chat_template': "'template-3-beta'", 'ctx': '<testcase.TestServeBackendExceptionPaths.test_cli_serve_handles_backend_failures_before_shutdown.<locals>.FakeContext object at 0x7611f4126810>', 'gpu_layers': '0', 'gpus': 'None', 'host': "'127.0.0.1'", 'llama_cpp': "<module 'instructlab.model.backends.llama_cpp' from '/testbed/src/instructlab/model/backends/llama_cpp.py'>", 'log_file': "PosixPath('/tmp/serve-backend-8.log')", 'max_ctx_size': '5680', 'model_family': "'family-1-variant'", 'model_path': "PosixPath('/models/generated-2-19')", 'num_threads': '1', 'port': '8295', 'root_logger': '<RootLogger root (WARNING)>', 'vllm': "<module 'instructlab.model.backends.vllm' from '/testbed/src/instructlab/model/backends/vllm.py'>"}
2026-08-23 05:06:47.328 /testbed/src/instructlab/model/serve_backend.py:168 instructlab.model.serve_backend.serve_backend event=line locals={}
2026-08-23 05:06:47.329 /testbed/src/instructlab/model/serve_backend.py:168 instructlab.model.serve_backend.serve_backend event=exception exc=SystemExit: SystemExit(0) locals={}
2026-08-23 05:06:47.329 /testbed/src/instructlab/model/serve_backend.py:168 instructlab.model.serve_backend.serve_backend event=return retval=None locals={'backend': "'llama-cpp'", 'backend_instance': '<testcase.TestServeBackendExceptionPaths.test_cli_serve_handles_backend_failures_before_shutdown.<locals>.FakeServer object at 0x7611f3b7e9d0>', 'chat_template': "'template-3-beta'", 'ctx': '<testcase.TestServeBackendExceptionPaths.test_cli_serve_handles_backend_failures_before_shutdown.<locals>.FakeContext object at 0x7611f4126810>', 'gpu_layers': '0', 'gpus': 'None', 'host': "'127.0.0.1'", 'llama_cpp': "<module 'instructlab.model.backends.llama_cpp' from '/testbed/src/instructlab/model/backends/llama_cpp.py'>", 'log_file': "PosixPath('/tmp/serve-backend-8.log')", 'max_ctx_size': '5680', 'model_family': "'family-1-variant'", 'model_path': "PosixPath('/models/generated-2-19')", 'num_threads': '1', 'port': '8295', 'root_logger': '<RootLogger root (WARNING)>', 'vllm': "<module 'instructlab.model.backends.vllm' from '/testbed/src/instructlab/model/backends/vllm.py'>"}
2026-08-23 05:06:47.329 /testbed/src/instructlab/model/serve_backend.py:51 instructlab.model.serve_backend.serve_backend event=call locals={'backend': "'llama-cpp'", 'chat_template': 'None', 'ctx': '<testcase.TestServeBackendExceptionPaths.test_cli_serve_handles_backend_failures_before_shutdown.<locals>.FakeContext object at 0x7611f4126810>', 'gpu_layers': '7', 'gpus': 'None', 'host': "'127.0.0.1'", 'log_file': "PosixPath('/tmp/serve-backend-9.log')", 'max_ctx_size': '5728', 'model_family': "'family-2-variant'", 'model_path': "PosixPath('/models/generated-3-20')", 'num_threads': 'None', 'port': '8300'}
2026-08-23 05:06:47.329 /testbed/src/instructlab/model/serve_backend.py:67 instructlab.model.serve_backend.serve_backend event=line locals={}
2026-08-23 05:06:47.329 /testbed/src/instructlab/model/serve_backend.py:68 instructlab.model.serve_backend.serve_backend event=line locals={'root_logger': '<RootLogger root (WARNING)>'}
2026-08-23 05:06:47.329 /testbed/src/instructlab/model/serve_backend.py:69 instructlab.model.serve_backend.serve_backend event=line locals={}
2026-08-23 05:06:47.330 /testbed/src/instructlab/model/serve_backend.py:72 instructlab.model.serve_backend.serve_backend event=line locals={}
2026-08-23 05:06:47.330 /testbed/src/instructlab/model/serve_backend.py:74 instructlab.model.serve_backend.serve_backend event=line locals={'llama_cpp': "<module 'instructlab.model.backends.llama_cpp' from '/testbed/src/instructlab/model/backends/llama_cpp.py'>", 'vllm': "<module 'instructlab.model.backends.vllm' from '/testbed/src/instructlab/model/backends/vllm.py'>"}
2026-08-23 05:06:47.330 /testbed/src/instructlab/model/serve_backend.py:75 instructlab.model.serve_backend.serve_backend event=line locals={}
2026-08-23 05:06:47.330 /testbed/src/instructlab/model/serve_backend.py:79 instructlab.model.serve_backend.serve_backend event=line locals={}
2026-08-23 05:06:47.330 /testbed/src/instructlab/model/serve_backend.py:80 instructlab.model.serve_backend.serve_backend event=line locals={}
2026-08-23 05:06:47.330 /testbed/src/instructlab/model/serve_backend.py:81 instructlab.model.serve_backend.serve_backend event=line locals={}
2026-08-23 05:06:47.331 /testbed/src/instructlab/model/serve_backend.py:82 instructlab.model.serve_backend.serve_backend event=line locals={}
2026-08-23 05:06:47.331 /testbed/src/instructlab/model/serve_backend.py:83 instructlab.model.serve_backend.serve_backend event=line locals={}
2026-08-23 05:06:47.331 /testbed/src/instructlab/model/serve_backend.py:85 instructlab.model.serve_backend.serve_backend event=line locals={'chat_template': "'default-template-alpha'"}
2026-08-23 05:06:47.331 /testbed/src/instructlab/model/serve_backend.py:86 instructlab.model.serve_backend.serve_backend event=line locals={}
2026-08-23 05:06:47.331 /testbed/src/instructlab/model/serve_backend.py:85 instructlab.model.serve_backend.serve_backend event=line locals={}
2026-08-23 05:06:47.331 /testbed/src/instructlab/model/serve_backend.py:90 instructlab.model.serve_backend.serve_backend event=line locals={}
2026-08-23 05:06:47.331 /testbed/src/instructlab/model/serve_backend.py:91 instructlab.model.serve_backend.serve_backend event=line locals={}
2026-08-23 05:06:47.331 /testbed/src/instructlab/model/serve_backend.py:93 instructlab.model.serve_backend.serve_backend event=line locals={}
2026-08-23 05:06:47.331 /testbed/src/instructlab/model/serve_backend.py:94 instructlab.model.serve_backend.serve_backend event=line locals={}
2026-08-23 05:06:47.331 /testbed/src/instructlab/model/serve_backend.py:95 instructlab.model.serve_backend.serve_backend event=line locals={}
2026-08-23 05:06:47.331 /testbed/src/instructlab/model/serve_backend.py:96 instructlab.model.serve_backend.serve_backend event=line locals={}
2026-08-23 05:06:47.331 /testbed/src/instructlab/model/serve_backend.py:97 instructlab.model.serve_backend.serve_backend event=line locals={}
2026-08-23 05:06:47.331 /testbed/src/instructlab/model/serve_backend.py:98 instructlab.model.serve_backend.serve_backend event=line locals={}
2026-08-23 05:06:47.331 /testbed/src/instructlab/model/serve_backend.py:99 instructlab.model.serve_backend.serve_backend event=line locals={}
2026-08-23 05:06:47.331 /testbed/src/instructlab/model/serve_backend.py:100 instructlab.model.serve_backend.serve_backend event=line locals={}
2026-08-23 05:06:47.331 /testbed/src/instructlab/model/serve_backend.py:101 instructlab.model.serve_backend.serve_backend event=line locals={}
2026-08-23 05:06:47.331 /testbed/src/instructlab/model/serve_backend.py:102 instructlab.model.serve_backend.serve_backend event=line locals={}
2026-08-23 05:06:47.331 /testbed/src/instructlab/model/serve_backend.py:103 instructlab.model.serve_backend.serve_backend event=line locals={}
2026-08-23 05:06:47.331 /testbed/src/instructlab/model/serve_backend.py:93 instructlab.model.serve_backend.serve_backend event=line locals={}
2026-08-23 05:06:47.331 /testbed/src/instructlab/model/serve_backend.py:160 instructlab.model.serve_backend.serve_backend event=line locals={'backend_instance': '<testcase.TestServeBackendExceptionPaths.test_cli_serve_handles_backend_failures_before_shutdown.<locals>.FakeServer object at 0x7611f3b7efd0>'}
2026-08-23 05:06:47.331 /testbed/src/instructlab/model/serve_backend.py:161 instructlab.model.serve_backend.serve_backend event=line locals={}
2026-08-23 05:06:47.331 /testbed/src/instructlab/model/serve_backend.py:161 instructlab.model.serve_backend.serve_backend event=exception exc=ServerException: ServerException('backend-cycle-20-717') locals={}
2026-08-23 05:06:47.331 /testbed/src/instructlab/model/serve_backend.py:162 instructlab.model.serve_backend.serve_backend event=line locals={'backend': "'llama-cpp'", 'backend_instance': '<testcase.TestServeBackendExceptionPaths.test_cli_serve_handles_backend_failures_before_shutdown.<locals>.FakeServer object at 0x7611f3b7efd0>', 'chat_template': "'default-template-alpha'", 'ctx': '<testcase.TestServeBackendExceptionPaths.test_cli_serve_handles_backend_failures_before_shutdown.<locals>.FakeContext object at 0x7611f4126810>', 'gpu_layers': '7', 'gpus': 'None', 'host': "'127.0.0.1'", 'llama_cpp': "<module 'instructlab.model.backends.llama_cpp' from '/testbed/src/instructlab/model/backends/llama_cpp.py'>", 'log_file': "PosixPath('/tmp/serve-backend-9.log')", 'max_ctx_size': '5728', 'model_family': "'family-2-variant'", 'model_path': "PosixPath('/models/generated-3-20')", 'num_threads': 'None', 'port': '8300', 'root_logger': '<RootLogger root (WARNING)>', 'vllm': "<module 'instructlab.model.backends.vllm' from '/testbed/src/instructlab/model/backends/vllm.py'>"}
2026-08-23 05:06:47.331 /testbed/src/instructlab/model/serve_backend.py:163 instructlab.model.serve_backend.serve_backend event=line locals={'exc': "ServerException('backend-cycle-20-717')"}
2026-08-23 05:06:47.331 /testbed/src/instructlab/model/serve_backend.py:163 instructlab.model.serve_backend.serve_backend event=exception exc=RuntimeError: RuntimeError('Error creating server: backend-cycle-20-717') locals={}
2026-08-23 05:06:47.331 /testbed/src/instructlab/model/serve_backend.py:167 instructlab.model.serve_backend.serve_backend event=line locals={'backend': "'llama-cpp'", 'backend_instance': '<testcase.TestServeBackendExceptionPaths.test_cli_serve_handles_backend_failures_before_shutdown.<locals>.FakeServer object at 0x7611f3b7efd0>', 'chat_template': "'default-template-alpha'", 'ctx': '<testcase.TestServeBackendExceptionPaths.test_cli_serve_handles_backend_failures_before_shutdown.<locals>.FakeContext object at 0x7611f4126810>', 'gpu_layers': '7', 'gpus': 'None', 'host': "'127.0.0.1'", 'llama_cpp': "<module 'instructlab.model.backends.llama_cpp' from '/testbed/src/instructlab/model/backends/llama_cpp.py'>", 'log_file': "PosixPath('/tmp/serve-backend-9.log')", 'max_ctx_size': '5728', 'model_family': "'family-2-variant'", 'model_path': "PosixPath('/models/generated-3-20')", 'num_threads': 'None', 'port': '8300', 'root_logger': '<RootLogger root (WARNING)>', 'vllm': "<module 'instructlab.model.backends.vllm' from '/testbed/src/instructlab/model/backends/vllm.py'>"}
2026-08-23 05:06:47.331 /testbed/src/instructlab/model/serve_backend.py:168 instructlab.model.serve_backend.serve_backend event=line locals={}
2026-08-23 05:06:47.331 /testbed/src/instructlab/model/serve_backend.py:168 instructlab.model.serve_backend.serve_backend event=exception exc=SystemExit: SystemExit(0) locals={}
2026-08-23 05:06:47.331 /testbed/src/instructlab/model/serve_backend.py:168 instructlab.model.serve_backend.serve_backend event=return retval=None locals={'backend': "'llama-cpp'", 'backend_instance': '<testcase.TestServeBackendExceptionPaths.test_cli_serve_handles_backend_failures_before_shutdown.<locals>.FakeServer object at 0x7611f3b7efd0>', 'chat_template': "'default-template-alpha'", 'ctx': '<testcase.TestServeBackendExceptionPaths.test_cli_serve_handles_backend_failures_before_shutdown.<locals>.FakeContext object at 0x7611f4126810>', 'gpu_layers': '7', 'gpus': 'None', 'host': "'127.0.0.1'", 'llama_cpp': "<module 'instructlab.model.backends.llama_cpp' from '/testbed/src/instructlab/model/backends/llama_cpp.py'>", 'log_file': "PosixPath('/tmp/serve-backend-9.log')", 'max_ctx_size': '5728', 'model_family': "'family-2-variant'", 'model_path': "PosixPath('/models/generated-3-20')", 'num_threads': 'None', 'port': '8300', 'root_logger': '<RootLogger root (WARNING)>', 'vllm': "<module 'instructlab.model.backends.vllm' from '/testbed/src/instructlab/model/backends/vllm.py'>"}
2026-08-23 05:06:47.332 /testbed/src/instructlab/model/serve_backend.py:51 instructlab.model.serve_backend.serve_backend event=call locals={'backend': "'llama-cpp'", 'chat_template': "'template-5-beta'", 'ctx': '<testcase.TestServeBackendExceptionPaths.test_cli_serve_handles_backend_failures_before_shutdown.<locals>.FakeContext object at 0x7611f4126810>', 'gpu_layers': '14', 'gpus': 'None', 'host': "'127.0.0.1'", 'log_file': 'None', 'max_ctx_size': '4096', 'model_family': "'family-3-variant'", 'model_path': "PosixPath('/models/generated-4-21')", 'num_threads': '3', 'port': '8305'}
2026-08-23 05:06:47.332 /testbed/src/instructlab/model/serve_backend.py:67 instructlab.model.serve_backend.serve_backend event=line locals={}
2026-08-23 05:06:47.332 /testbed/src/instructlab/model/serve_backend.py:68 instructlab.model.serve_backend.serve_backend event=line locals={'root_logger': '<RootLogger root (WARNING)>'}
2026-08-23 05:06:47.332 /testbed/src/instructlab/model/serve_backend.py:72 instructlab.model.serve_backend.serve_backend event=line locals={}
2026-08-23 05:06:47.332 /testbed/src/instructlab/model/serve_backend.py:74 instructlab.model.serve_backend.serve_backend event=line locals={'llama_cpp': "<module 'instructlab.model.backends.llama_cpp' from '/testbed/src/instructlab/model/backends/llama_cpp.py'>", 'vllm': "<module 'instructlab.model.backends.vllm' from '/testbed/src/instructlab/model/backends/vllm.py'>"}
2026-08-23 05:06:47.332 /testbed/src/instructlab/model/serve_backend.py:75 instructlab.model.serve_backend.serve_backend event=line locals={}
2026-08-23 05:06:47.332 /testbed/src/instructlab/model/serve_backend.py:79 instructlab.model.serve_backend.serve_backend event=line locals={}
2026-08-23 05:06:47.332 /testbed/src/instructlab/model/serve_backend.py:80 instructlab.model.serve_backend.serve_backend event=line locals={}
2026-08-23 05:06:47.332 /testbed/src/instructlab/model/serve_backend.py:81 instructlab.model.serve_backend.serve_backend event=line locals={}
2026-08-23 05:06:47.332 /testbed/src/instructlab/model/serve_backend.py:82 instructlab.model.serve_backend.serve_backend event=line locals={}
2026-08-23 05:06:47.332 /testbed/src/instructlab/model/serve_backend.py:85 instructlab.model.serve_backend.serve_backend event=line locals={}
2026-08-23 05:06:47.332 /testbed/src/instructlab/model/serve_backend.py:86 instructlab.model.serve_backend.serve_backend event=line locals={}
2026-08-23 05:06:47.332 /testbed/src/instructlab/model/serve_backend.py:85 instructlab.model.serve_backend.serve_backend event=line locals={}
2026-08-23 05:06:47.332 /testbed/src/instructlab/model/serve_backend.py:90 instructlab.model.serve_backend.serve_backend event=line locals={}
2026-08-23 05:06:47.332 /testbed/src/instructlab/model/serve_backend.py:91 instructlab.model.serve_backend.serve_backend event=line locals={}
2026-08-23 05:06:47.332 /testbed/src/instructlab/model/serve_backend.py:93 instructlab.model.serve_backend.serve_backend event=line locals={}
2026-08-23 05:06:47.332 /testbed/src/instructlab/model/serve_backend.py:94 instructlab.model.serve_backend.serve_backend event=line locals={}
2026-08-23 05:06:47.332 /testbed/src/instructlab/model/serve_backend.py:95 instructlab.model.serve_backend.serve_backend event=line locals={}
2026-08-23 05:06:47.332 /testbed/src/instructlab/model/serve_backend.py:96 instructlab.model.serve_backend.serve_backend event=line locals={}
2026-08-23 05:06:47.333 /testbed/src/instructlab/model/serve_backend.py:97 instructlab.model.serve_backend.serve_backend event=line locals={}
2026-08-23 05:06:47.333 /testbed/src/instructlab/model/serve_backend.py:98 instructlab.model.serve_backend.serve_backend event=line locals={}
2026-08-23 05:06:47.333 /testbed/src/instructlab/model/serve_backend.py:99 instructlab.model.serve_backend.serve_backend event=line locals={}
2026-08-23 05:06:47.333 /testbed/src/instructlab/model/serve_backend.py:100 instructlab.model.serve_backend.serve_backend event=line locals={}
2026-08-23 05:06:47.333 /testbed/src/instructlab/model/serve_backend.py:101 instructlab.model.serve_backend.serve_backend event=line locals={}
2026-08-23 05:06:47.333 /testbed/src/instructlab/model/serve_backend.py:102 instructlab.model.serve_backend.serve_backend event=line locals={}
2026-08-23 05:06:47.333 /testbed/src/instructlab/model/serve_backend.py:103 instructlab.model.serve_backend.serve_backend event=line locals={}
2026-08-23 05:06:47.333 /testbed/src/instructlab/model/serve_backend.py:93 instructlab.model.serve_backend.serve_backend event=line locals={}
2026-08-23 05:06:47.333 /testbed/src/instructlab/model/serve_backend.py:160 instructlab.model.serve_backend.serve_backend event=line locals={'backend_instance': '<testcase.TestServeBackendExceptionPaths.test_cli_serve_handles_backend_failures_before_shutdown.<locals>.FakeServer object at 0x7611f3b7f5d0>'}
2026-08-23 05:06:47.333 /testbed/src/instructlab/model/serve_backend.py:161 instructlab.model.serve_backend.serve_backend event=line locals={}
2026-08-23 05:06:47.333 /testbed/src/instructlab/model/serve_backend.py:161 instructlab.model.serve_backend.serve_backend event=exception exc=KeyboardInterrupt: KeyboardInterrupt('backend-cycle-21-465') locals={}
2026-08-23 05:06:47.333 /testbed/src/instructlab/model/serve_backend.py:162 instructlab.model.serve_backend.serve_backend event=line locals={'backend': "'llama-cpp'", 'backend_instance': '<testcase.TestServeBackendExceptionPaths.test_cli_serve_handles_backend_failures_before_shutdown.<locals>.FakeServer object at 0x7611f3b7f5d0>', 'chat_template': "'template-5-beta'", 'ctx': '<testcase.TestServeBackendExceptionPaths.test_cli_serve_handles_backend_failures_before_shutdown.<locals>.FakeContext object at 0x7611f4126810>', 'gpu_layers': '14', 'gpus': 'None', 'host': "'127.0.0.1'", 'llama_cpp': "<module 'instructlab.model.backends.llama_cpp' from '/testbed/src/instructlab/model/backends/llama_cpp.py'>", 'log_file': 'None', 'max_ctx_size': '4096', 'model_family': "'family-3-variant'", 'model_path': "PosixPath('/models/generated-4-21')", 'num_threads': '3', 'port': '8305', 'root_logger': '<RootLogger root (WARNING)>', 'vllm': "<module 'instructlab.model.backends.vllm' from '/testbed/src/instructlab/model/backends/vllm.py'>"}
2026-08-23 05:06:47.333 /testbed/src/instructlab/model/serve_backend.py:164 instructlab.model.serve_backend.serve_backend event=line locals={}
2026-08-23 05:06:47.333 /testbed/src/instructlab/model/serve_backend.py:165 instructlab.model.serve_backend.serve_backend event=line locals={}
2026-08-23 05:06:47.333 /testbed/src/instructlab/model/serve_backend.py:167 instructlab.model.serve_backend.serve_backend event=line locals={}
2026-08-23 05:06:47.333 /testbed/src/instructlab/model/serve_backend.py:168 instructlab.model.serve_backend.serve_backend event=line locals={}
2026-08-23 05:06:47.333 /testbed/src/instructlab/model/serve_backend.py:168 instructlab.model.serve_backend.serve_backend event=exception exc=SystemExit: SystemExit(0) locals={}
2026-08-23 05:06:47.333 /testbed/src/instructlab/model/serve_backend.py:168 instructlab.model.serve_backend.serve_backend event=return retval=None locals={'backend': "'llama-cpp'", 'backend_instance': '<testcase.TestServeBackendExceptionPaths.test_cli_serve_handles_backend_failures_before_shutdown.<locals>.FakeServer object at 0x7611f3b7f5d0>', 'chat_template': "'template-5-beta'", 'ctx': '<testcase.TestServeBackendExceptionPaths.test_cli_serve_handles_backend_failures_before_shutdown.<locals>.FakeContext object at 0x7611f4126810>', 'gpu_layers': '14', 'gpus': 'None', 'host': "'127.0.0.1'", 'llama_cpp': "<module 'instructlab.model.backends.llama_cpp' from '/testbed/src/instructlab/model/backends/llama_cpp.py'>", 'log_file': 'None', 'max_ctx_size': '4096', 'model_family': "'family-3-variant'", 'model_path': "PosixPath('/models/generated-4-21')", 'num_threads': '3', 'port': '8305', 'root_logger': '<RootLogger root (WARNING)>', 'vllm': "<module 'instructlab.model.backends.vllm' from '/testbed/src/instructlab/model/backends/vllm.py'>"}
2026-08-23 05:06:47.334 /testbed/src/instructlab/model/serve_backend.py:51 instructlab.model.serve_backend.serve_backend event=call locals={'backend': "'llama-cpp'", 'chat_template': 'None', 'ctx': '<testcase.TestServeBackendExceptionPaths.test_cli_serve_handles_backend_failures_before_shutdown.<locals>.FakeContext object at 0x7611f4126810>', 'gpu_layers': '21', 'gpus': 'None', 'host': "'127.0.0.1'", 'log_file': "PosixPath('/tmp/serve-backend-0.log')", 'max_ctx_size': '4096', 'model_family': "'family-4-variant'", 'model_path': "PosixPath('/models/generated-5-22')", 'num_threads': '4', 'port': '8310'}
2026-08-23 05:06:47.334 /testbed/src/instructlab/model/serve_backend.py:67 instructlab.model.serve_backend.serve_backend event=line locals={}
2026-08-23 05:06:47.334 /testbed/src/instructlab/model/serve_backend.py:68 instructlab.model.serve_backend.serve_backend event=line locals={'root_logger': '<RootLogger root (WARNING)>'}
2026-08-23 05:06:47.334 /testbed/src/instructlab/model/serve_backend.py:69 instructlab.model.serve_backend.serve_backend event=line locals={}
2026-08-23 05:06:47.334 /testbed/src/instructlab/model/serve_backend.py:72 instructlab.model.serve_backend.serve_backend event=line locals={}
2026-08-23 05:06:47.334 /testbed/src/instructlab/model/serve_backend.py:74 instructlab.model.serve_backend.serve_backend event=line locals={'llama_cpp': "<module 'instructlab.model.backends.llama_cpp' from '/testbed/src/instructlab/model/backends/llama_cpp.py'>", 'vllm': "<module 'instructlab.model.backends.vllm' from '/testbed/src/instructlab/model/backends/vllm.py'>"}
2026-08-23 05:06:47.334 /testbed/src/instructlab/model/serve_backend.py:75 instructlab.model.serve_backend.serve_backend event=line locals={}
2026-08-23 05:06:47.334 /testbed/src/instructlab/model/serve_backend.py:79 instructlab.model.serve_backend.serve_backend event=line locals={}
2026-08-23 05:06:47.334 /testbed/src/instructlab/model/serve_backend.py:80 instructlab.model.serve_backend.serve_backend event=line locals={}
2026-08-23 05:06:47.334 /testbed/src/instructlab/model/serve_backend.py:81 instructlab.model.serve_backend.serve_backend event=line locals={}
2026-08-23 05:06:47.334 /testbed/src/instructlab/model/serve_backend.py:82 instructlab.model.serve_backend.serve_backend event=line locals={}
2026-08-23 05:06:47.334 /testbed/src/instructlab/model/serve_backend.py:83 instructlab.model.serve_backend.serve_backend event=line locals={}
2026-08-23 05:06:47.334 /testbed/src/instructlab/model/serve_backend.py:85 instructlab.model.serve_backend.serve_backend event=line locals={'chat_template': "'default-template-alpha'"}
2026-08-23 05:06:47.334 /testbed/src/instructlab/model/serve_backend.py:86 instructlab.model.serve_backend.serve_backend event=line locals={}
2026-08-23 05:06:47.334 /testbed/src/instructlab/model/serve_backend.py:85 instructlab.model.serve_backend.serve_backend event=line locals={}
2026-08-23 05:06:47.335 /testbed/src/instructlab/model/serve_backend.py:90 instructlab.model.serve_backend.serve_backend event=line locals={}
2026-08-23 05:06:47.335 /testbed/src/instructlab/model/serve_backend.py:91 instructlab.model.serve_backend.serve_backend event=line locals={}
2026-08-23 05:06:47.335 /testbed/src/instructlab/model/serve_backend.py:93 instructlab.model.serve_backend.serve_backend event=line locals={}
2026-08-23 05:06:47.335 /testbed/src/instructlab/model/serve_backend.py:94 instructlab.model.serve_backend.serve_backend event=line locals={}
2026-08-23 05:06:47.335 /testbed/src/instructlab/model/serve_backend.py:95 instructlab.model.serve_backend.serve_backend event=line locals={}
2026-08-23 05:06:47.335 /testbed/src/instructlab/model/serve_backend.py:96 instructlab.model.serve_backend.serve_backend event=line locals={}
2026-08-23 05:06:47.335 /testbed/src/instructlab/model/serve_backend.py:97 instructlab.model.serve_backend.serve_backend event=line locals={}
2026-08-23 05:06:47.335 /testbed/src/instructlab/model/serve_backend.py:98 instructlab.model.serve_backend.serve_backend event=line locals={}
2026-08-23 05:06:47.335 /testbed/src/instructlab/model/serve_backend.py:99 instructlab.model.serve_backend.serve_backend event=line locals={}
2026-08-23 05:06:47.335 /testbed/src/instructlab/model/serve_backend.py:100 instructlab.model.serve_backend.serve_backend event=line locals={}
2026-08-23 05:06:47.335 /testbed/src/instructlab/model/serve_backend.py:101 instructlab.model.serve_backend.serve_backend event=line locals={}
2026-08-23 05:06:47.335 /testbed/src/instructlab/model/serve_backend.py:102 instructlab.model.serve_backend.serve_backend event=line locals={}
2026-08-23 05:06:47.335 /testbed/src/instructlab/model/serve_backend.py:103 instructlab.model.serve_backend.serve_backend event=line locals={}
2026-08-23 05:06:47.335 /testbed/src/instructlab/model/serve_backend.py:93 instructlab.model.serve_backend.serve_backend event=line locals={}
2026-08-23 05:06:47.335 /testbed/src/instructlab/model/serve_backend.py:160 instructlab.model.serve_backend.serve_backend event=line locals={'backend_instance': '<testcase.TestServeBackendExceptionPaths.test_cli_serve_handles_backend_failures_before_shutdown.<locals>.FakeServer object at 0x7611f3b7f790>'}
2026-08-23 05:06:47.335 /testbed/src/instructlab/model/serve_backend.py:161 instructlab.model.serve_backend.serve_backend event=line locals={}
2026-08-23 05:06:47.336 /testbed/src/instructlab/model/serve_backend.py:161 instructlab.model.serve_backend.serve_backend event=exception exc=ServerException: ServerException('backend-cycle-22-717') locals={}
2026-08-23 05:06:47.336 /testbed/src/instructlab/model/serve_backend.py:162 instructlab.model.serve_backend.serve_backend event=line locals={'backend': "'llama-cpp'", 'backend_instance': '<testcase.TestServeBackendExceptionPaths.test_cli_serve_handles_backend_failures_before_shutdown.<locals>.FakeServer object at 0x7611f3b7f790>', 'chat_template': "'default-template-alpha'", 'ctx': '<testcase.TestServeBackendExceptionPaths.test_cli_serve_handles_backend_failures_before_shutdown.<locals>.FakeContext object at 0x7611f4126810>', 'gpu_layers': '21', 'gpus': 'None', 'host': "'127.0.0.1'", 'llama_cpp': "<module 'instructlab.model.backends.llama_cpp' from '/testbed/src/instructlab/model/backends/llama_cpp.py'>", 'log_file': "PosixPath('/tmp/serve-backend-0.log')", 'max_ctx_size': '4096', 'model_family': "'family-4-variant'", 'model_path': "PosixPath('/models/generated-5-22')", 'num_threads': '4', 'port': '8310', 'root_logger': '<RootLogger root (WARNING)>', 'vllm': "<module 'instructlab.model.backends.vllm' from '/testbed/src/instructlab/model/backends/vllm.py'>"}
2026-08-23 05:06:47.336 /testbed/src/instructlab/model/serve_backend.py:163 instructlab.model.serve_backend.serve_backend event=line locals={'exc': "ServerException('backend-cycle-22-717')"}
2026-08-23 05:06:47.336 /testbed/src/instructlab/model/serve_backend.py:163 instructlab.model.serve_backend.serve_backend event=exception exc=RuntimeError: RuntimeError('Error creating server: backend-cycle-22-717') locals={}
2026-08-23 05:06:47.336 /testbed/src/instructlab/model/serve_backend.py:167 instructlab.model.serve_backend.serve_backend event=line locals={'backend': "'llama-cpp'", 'backend_instance': '<testcase.TestServeBackendExceptionPaths.test_cli_serve_handles_backend_failures_before_shutdown.<locals>.FakeServer object at 0x7611f3b7f790>', 'chat_template': "'default-template-alpha'", 'ctx': '<testcase.TestServeBackendExceptionPaths.test_cli_serve_handles_backend_failures_before_shutdown.<locals>.FakeContext object at 0x7611f4126810>', 'gpu_layers': '21', 'gpus': 'None', 'host': "'127.0.0.1'", 'llama_cpp': "<module 'instructlab.model.backends.llama_cpp' from '/testbed/src/instructlab/model/backends/llama_cpp.py'>", 'log_file': "PosixPath('/tmp/serve-backend-0.log')", 'max_ctx_size': '4096', 'model_family': "'family-4-variant'", 'model_path': "PosixPath('/models/generated-5-22')", 'num_threads': '4', 'port': '8310', 'root_logger': '<RootLogger root (WARNING)>', 'vllm': "<module 'instructlab.model.backends.vllm' from '/testbed/src/instructlab/model/backends/vllm.py'>"}
2026-08-23 05:06:47.336 /testbed/src/instructlab/model/serve_backend.py:168 instructlab.model.serve_backend.serve_backend event=line locals={}
2026-08-23 05:06:47.336 /testbed/src/instructlab/model/serve_backend.py:168 instructlab.model.serve_backend.serve_backend event=exception exc=SystemExit: SystemExit(0) locals={}
2026-08-23 05:06:47.336 /testbed/src/instructlab/model/serve_backend.py:168 instructlab.model.serve_backend.serve_backend event=return retval=None locals={'backend': "'llama-cpp'", 'backend_instance': '<testcase.TestServeBackendExceptionPaths.test_cli_serve_handles_backend_failures_before_shutdown.<locals>.FakeServer object at 0x7611f3b7f790>', 'chat_template': "'default-template-alpha'", 'ctx': '<testcase.TestServeBackendExceptionPaths.test_cli_serve_handles_backend_failures_before_shutdown.<locals>.FakeContext object at 0x7611f4126810>', 'gpu_layers': '21', 'gpus': 'None', 'host': "'127.0.0.1'", 'llama_cpp': "<module 'instructlab.model.backends.llama_cpp' from '/testbed/src/instructlab/model/backends/llama_cpp.py'>", 'log_file': "PosixPath('/tmp/serve-backend-0.log')", 'max_ctx_size': '4096', 'model_family': "'family-4-variant'", 'model_path': "PosixPath('/models/generated-5-22')", 'num_threads': '4', 'port': '8310', 'root_logger': '<RootLogger root (WARNING)>', 'vllm': "<module 'instructlab.model.backends.vllm' from '/testbed/src/instructlab/model/backends/vllm.py'>"}
2026-08-23 05:06:47.337 /testbed/src/instructlab/model/serve_backend.py:51 instructlab.model.serve_backend.serve_backend event=call locals={'backend': "'llama-cpp'", 'chat_template': "'template-7-beta'", 'ctx': '<testcase.TestServeBackendExceptionPaths.test_cli_serve_handles_backend_failures_before_shutdown.<locals>.FakeContext object at 0x7611f4126810>', 'gpu_layers': '5', 'gpus': 'None', 'host': "'127.0.0.1'", 'log_file': "PosixPath('/tmp/serve-backend-1.log')", 'max_ctx_size': '4192', 'model_family': "'family-5-variant'", 'model_path': "PosixPath('/models/generated-6-23')", 'num_threads': '5', 'port': '8315'}
2026-08-23 05:06:47.337 /testbed/src/instructlab/model/serve_backend.py:67 instructlab.model.serve_backend.serve_backend event=line locals={}
2026-08-23 05:06:47.337 /testbed/src/instructlab/model/serve_backend.py:68 instructlab.model.serve_backend.serve_backend event=line locals={'root_logger': '<RootLogger root (WARNING)>'}
2026-08-23 05:06:47.337 /testbed/src/instructlab/model/serve_backend.py:69 instructlab.model.serve_backend.serve_backend event=line locals={}
2026-08-23 05:06:47.337 /testbed/src/instructlab/model/serve_backend.py:72 instructlab.model.serve_backend.serve_backend event=line locals={}
2026-08-23 05:06:47.337 /testbed/src/instructlab/model/serve_backend.py:74 instructlab.model.serve_backend.serve_backend event=line locals={'llama_cpp': "<module 'instructlab.model.backends.llama_cpp' from '/testbed/src/instructlab/model/backends/llama_cpp.py'>", 'vllm': "<module 'instructlab.model.backends.vllm' from '/testbed/src/instructlab/model/backends/vllm.py'>"}
2026-08-23 05:06:47.337 /testbed/src/instructlab/model/serve_backend.py:75 instructlab.model.serve_backend.serve_backend event=line locals={}
2026-08-23 05:06:47.338 /testbed/src/instructlab/model/serve_backend.py:79 instructlab.model.serve_backend.serve_backend event=line locals={}
2026-08-23 05:06:47.338 /testbed/src/instructlab/model/serve_backend.py:80 instructlab.model.serve_backend.serve_backend event=line locals={}
2026-08-23 05:06:47.338 /testbed/src/instructlab/model/serve_backend.py:81 instructlab.model.serve_backend.serve_backend event=line locals={}
2026-08-23 05:06:47.338 /testbed/src/instructlab/model/serve_backend.py:82 instructlab.model.serve_backend.serve_backend event=line locals={}
2026-08-23 05:06:47.338 /testbed/src/instructlab/model/serve_backend.py:85 instructlab.model.serve_backend.serve_backend event=line locals={}
2026-08-23 05:06:47.338 /testbed/src/instructlab/model/serve_backend.py:86 instructlab.model.serve_backend.serve_backend event=line locals={}
2026-08-23 05:06:47.338 /testbed/src/instructlab/model/serve_backend.py:85 instructlab.model.serve_backend.serve_backend event=line locals={}
2026-08-23 05:06:47.338 /testbed/src/instructlab/model/serve_backend.py:90 instructlab.model.serve_backend.serve_backend event=line locals={}
2026-08-23 05:06:47.338 /testbed/src/instructlab/model/serve_backend.py:91 instructlab.model.serve_backend.serve_backend event=line locals={}
2026-08-23 05:06:47.338 /testbed/src/instructlab/model/serve_backend.py:93 instructlab.model.serve_backend.serve_backend event=line locals={}
2026-08-23 05:06:47.338 /testbed/src/instructlab/model/serve_backend.py:94 instructlab.model.serve_backend.serve_backend event=line locals={}
2026-08-23 05:06:47.338 /testbed/src/instructlab/model/serve_backend.py:95 instructlab.model.serve_backend.serve_backend event=line locals={}
2026-08-23 05:06:47.338 /testbed/src/instructlab/model/serve_backend.py:96 instructlab.model.serve_backend.serve_backend event=line locals={}
2026-08-23 05:06:47.338 /testbed/src/instructlab/model/serve_backend.py:97 instructlab.model.serve_backend.serve_backend event=line locals={}
2026-08-23 05:06:47.338 /testbed/src/instructlab/model/serve_backend.py:98 instructlab.model.serve_backend.serve_backend event=line locals={}
2026-08-23 05:06:47.338 /testbed/src/instructlab/model/serve_backend.py:99 instructlab.model.serve_backend.serve_backend event=line locals={}
2026-08-23 05:06:47.338 /testbed/src/instructlab/model/serve_backend.py:100 instructlab.model.serve_backend.serve_backend event=line locals={}
2026-08-23 05:06:47.338 /testbed/src/instructlab/model/serve_backend.py:101 instructlab.model.serve_backend.serve_backend event=line locals={}
2026-08-23 05:06:47.338 /testbed/src/instructlab/model/serve_backend.py:102 instructlab.model.serve_backend.serve_backend event=line locals={}
2026-08-23 05:06:47.338 /testbed/src/instructlab/model/serve_backend.py:103 instructlab.model.serve_backend.serve_backend event=line locals={}
2026-08-23 05:06:47.338 /testbed/src/instructlab/model/serve_backend.py:93 instructlab.model.serve_backend.serve_backend event=line locals={}
2026-08-23 05:06:47.338 /testbed/src/instructlab/model/serve_backend.py:160 instructlab.model.serve_backend.serve_backend event=line locals={'backend_instance': '<testcase.TestServeBackendExceptionPaths.test_cli_serve_handles_backend_failures_before_shutdown.<locals>.FakeServer object at 0x7611f3b7f590>'}
2026-08-23 05:06:47.338 /testbed/src/instructlab/model/serve_backend.py:161 instructlab.model.serve_backend.serve_backend event=line locals={}
2026-08-23 05:06:47.339 /testbed/src/instructlab/model/serve_backend.py:161 instructlab.model.serve_backend.serve_backend event=exception exc=ServerException: ServerException('backend-cycle-23-717') locals={}
2026-08-23 05:06:47.339 /testbed/src/instructlab/model/serve_backend.py:162 instructlab.model.serve_backend.serve_backend event=line locals={'backend': "'llama-cpp'", 'backend_instance': '<testcase.TestServeBackendExceptionPaths.test_cli_serve_handles_backend_failures_before_shutdown.<locals>.FakeServer object at 0x7611f3b7f590>', 'chat_template': "'template-7-beta'", 'ctx': '<testcase.TestServeBackendExceptionPaths.test_cli_serve_handles_backend_failures_before_shutdown.<locals>.FakeContext object at 0x7611f4126810>', 'gpu_layers': '5', 'gpus': 'None', 'host': "'127.0.0.1'", 'llama_cpp': "<module 'instructlab.model.backends.llama_cpp' from '/testbed/src/instructlab/model/backends/llama_cpp.py'>", 'log_file': "PosixPath('/tmp/serve-backend-1.log')", 'max_ctx_size': '4192', 'model_family': "'family-5-variant'", 'model_path': "PosixPath('/models/generated-6-23')", 'num_threads': '5', 'port': '8315', 'root_logger': '<RootLogger root (WARNING)>', 'vllm': "<module 'instructlab.model.backends.vllm' from '/testbed/src/instructlab/model/backends/vllm.py'>"}
2026-08-23 05:06:47.339 /testbed/src/instructlab/model/serve_backend.py:163 instructlab.model.serve_backend.serve_backend event=line locals={'exc': "ServerException('backend-cycle-23-717')"}
2026-08-23 05:06:47.339 /testbed/src/instructlab/model/serve_backend.py:163 instructlab.model.serve_backend.serve_backend event=exception exc=RuntimeError: RuntimeError('Error creating server: backend-cycle-23-717') locals={}
2026-08-23 05:06:47.339 /testbed/src/instructlab/model/serve_backend.py:167 instructlab.model.serve_backend.serve_backend event=line locals={'backend': "'llama-cpp'", 'backend_instance': '<testcase.TestServeBackendExceptionPaths.test_cli_serve_handles_backend_failures_before_shutdown.<locals>.FakeServer object at 0x7611f3b7f590>', 'chat_template': "'template-7-beta'", 'ctx': '<testcase.TestServeBackendExceptionPaths.test_cli_serve_handles_backend_failures_before_shutdown.<locals>.FakeContext object at 0x7611f4126810>', 'gpu_layers': '5', 'gpus': 'None', 'host': "'127.0.0.1'", 'llama_cpp': "<module 'instructlab.model.backends.llama_cpp' from '/testbed/src/instructlab/model/backends/llama_cpp.py'>", 'log_file': "PosixPath('/tmp/serve-backend-1.log')", 'max_ctx_size': '4192', 'model_family': "'family-5-variant'", 'model_path': "PosixPath('/models/generated-6-23')", 'num_threads': '5', 'port': '8315', 'root_logger': '<RootLogger root (WARNING)>', 'vllm': "<module 'instructlab.model.backends.vllm' from '/testbed/src/instructlab/model/backends/vllm.py'>"}
2026-08-23 05:06:47.339 /testbed/src/instructlab/model/serve_backend.py:168 instructlab.model.serve_backend.serve_backend event=line locals={}
2026-08-23 05:06:47.339 /testbed/src/instructlab/model/serve_backend.py:168 instructlab.model.serve_backend.serve_backend event=exception exc=SystemExit: SystemExit(0) locals={}
2026-08-23 05:06:47.339 /testbed/src/instructlab/model/serve_backend.py:168 instructlab.model.serve_backend.serve_backend event=return retval=None locals={'backend': "'llama-cpp'", 'backend_instance': '<testcase.TestServeBackendExceptionPaths.test_cli_serve_handles_backend_failures_before_shutdown.<locals>.FakeServer object at 0x7611f3b7f590>', 'chat_template': "'template-7-beta'", 'ctx': '<testcase.TestServeBackendExceptionPaths.test_cli_serve_handles_backend_failures_before_shutdown.<locals>.FakeContext object at 0x7611f4126810>', 'gpu_layers': '5', 'gpus': 'None', 'host': "'127.0.0.1'", 'llama_cpp': "<module 'instructlab.model.backends.llama_cpp' from '/testbed/src/instructlab/model/backends/llama_cpp.py'>", 'log_file': "PosixPath('/tmp/serve-backend-1.log')", 'max_ctx_size': '4192', 'model_family': "'family-5-variant'", 'model_path': "PosixPath('/models/generated-6-23')", 'num_threads': '5', 'port': '8315', 'root_logger': '<RootLogger root (WARNING)>', 'vllm': "<module 'instructlab.model.backends.vllm' from '/testbed/src/instructlab/model/backends/vllm.py'>"}
2026-08-23 05:06:47.339 /testbed/src/instructlab/model/serve_backend.py:51 instructlab.model.serve_backend.serve_backend event=call locals={'backend': "'llama-cpp'", 'chat_template': 'None', 'ctx': '<testcase.TestServeBackendExceptionPaths.test_cli_serve_handles_backend_failures_before_shutdown.<locals>.FakeContext object at 0x7611f4126810>', 'gpu_layers': '12', 'gpus': 'None', 'host': "'0.0.0.0'", 'log_file': 'None', 'max_ctx_size': '4240', 'model_family': "'family-6-variant'", 'model_path': "PosixPath('/models/generated-7-24')", 'num_threads': 'None', 'port': '8320'}
2026-08-23 05:06:47.339 /testbed/src/instructlab/model/serve_backend.py:67 instructlab.model.serve_backend.serve_backend event=line locals={}
2026-08-23 05:06:47.339 /testbed/src/instructlab/model/serve_backend.py:68 instructlab.model.serve_backend.serve_backend event=line locals={'root_logger': '<RootLogger root (WARNING)>'}
2026-08-23 05:06:47.339 /testbed/src/instructlab/model/serve_backend.py:72 instructlab.model.serve_backend.serve_backend event=line locals={}
2026-08-23 05:06:47.339 /testbed/src/instructlab/model/serve_backend.py:74 instructlab.model.serve_backend.serve_backend event=line locals={'llama_cpp': "<module 'instructlab.model.backends.llama_cpp' from '/testbed/src/instructlab/model/backends/llama_cpp.py'>", 'vllm': "<module 'instructlab.model.backends.vllm' from '/testbed/src/instructlab/model/backends/vllm.py'>"}
2026-08-23 05:06:47.339 /testbed/src/instructlab/model/serve_backend.py:75 instructlab.model.serve_backend.serve_backend event=line locals={}
2026-08-23 05:06:47.340 /testbed/src/instructlab/model/serve_backend.py:79 instructlab.model.serve_backend.serve_backend event=line locals={}
2026-08-23 05:06:47.340 /testbed/src/instructlab/model/serve_backend.py:80 instructlab.model.serve_backend.serve_backend event=line locals={}
2026-08-23 05:06:47.340 /testbed/src/instructlab/model/serve_backend.py:81 instructlab.model.serve_backend.serve_backend event=line locals={}
2026-08-23 05:06:47.340 /testbed/src/instructlab/model/serve_backend.py:82 instructlab.model.serve_backend.serve_backend event=line locals={}
2026-08-23 05:06:47.340 /testbed/src/instructlab/model/serve_backend.py:83 instructlab.model.serve_backend.serve_backend event=line locals={}
2026-08-23 05:06:47.340 /testbed/src/instructlab/model/serve_backend.py:85 instructlab.model.serve_backend.serve_backend event=line locals={'chat_template': "'default-template-alpha'"}
2026-08-23 05:06:47.340 /testbed/src/instructlab/model/serve_backend.py:86 instructlab.model.serve_backend.serve_backend event=line locals={}
2026-08-23 05:06:47.340 /testbed/src/instructlab/model/serve_backend.py:85 instructlab.model.serve_backend.serve_backend event=line locals={}
2026-08-23 05:06:47.340 /testbed/src/instructlab/model/serve_backend.py:90 instructlab.model.serve_backend.serve_backend event=line locals={}
2026-08-23 05:06:47.340 /testbed/src/instructlab/model/serve_backend.py:91 instructlab.model.serve_backend.serve_backend event=line locals={}
2026-08-23 05:06:47.340 /testbed/src/instructlab/model/serve_backend.py:93 instructlab.model.serve_backend.serve_backend event=line locals={}
2026-08-23 05:06:47.340 /testbed/src/instructlab/model/serve_backend.py:94 instructlab.model.serve_backend.serve_backend event=line locals={}
2026-08-23 05:06:47.340 /testbed/src/instructlab/model/serve_backend.py:95 instructlab.model.serve_backend.serve_backend event=line locals={}
2026-08-23 05:06:47.340 /testbed/src/instructlab/model/serve_backend.py:96 instructlab.model.serve_backend.serve_backend event=line locals={}
2026-08-23 05:06:47.340 /testbed/src/instructlab/model/serve_backend.py:97 instructlab.model.serve_backend.serve_backend event=line locals={}
2026-08-23 05:06:47.340 /testbed/src/instructlab/model/serve_backend.py:98 instructlab.model.serve_backend.serve_backend event=line locals={}
2026-08-23 05:06:47.340 /testbed/src/instructlab/model/serve_backend.py:99 instructlab.model.serve_backend.serve_backend event=line locals={}
2026-08-23 05:06:47.340 /testbed/src/instructlab/model/serve_backend.py:100 instructlab.model.serve_backend.serve_backend event=line locals={}
2026-08-23 05:06:47.340 /testbed/src/instructlab/model/serve_backend.py:101 instructlab.model.serve_backend.serve_backend event=line locals={}
2026-08-23 05:06:47.340 /testbed/src/instructlab/model/serve_backend.py:102 instructlab.model.serve_backend.serve_backend event=line locals={}
2026-08-23 05:06:47.340 /testbed/src/instructlab/model/serve_backend.py:103 instructlab.model.serve_backend.serve_backend event=line locals={}
2026-08-23 05:06:47.340 /testbed/src/instructlab/model/serve_backend.py:93 instructlab.model.serve_backend.serve_backend event=line locals={}
2026-08-23 05:06:47.340 /testbed/src/instructlab/model/serve_backend.py:160 instructlab.model.serve_backend.serve_backend event=line locals={'backend_instance': '<testcase.TestServeBackendExceptionPaths.test_cli_serve_handles_backend_failures_before_shutdown.<locals>.FakeServer object at 0x7611f3b6fe90>'}
2026-08-23 05:06:47.340 /testbed/src/instructlab/model/serve_backend.py:161 instructlab.model.serve_backend.serve_backend event=line locals={}
2026-08-23 05:06:47.341 /testbed/src/instructlab/model/serve_backend.py:161 instructlab.model.serve_backend.serve_backend event=exception exc=ServerException: ServerException('backend-cycle-24-717') locals={}
2026-08-23 05:06:47.341 /testbed/src/instructlab/model/serve_backend.py:162 instructlab.model.serve_backend.serve_backend event=line locals={'backend': "'llama-cpp'", 'backend_instance': '<testcase.TestServeBackendExceptionPaths.test_cli_serve_handles_backend_failures_before_shutdown.<locals>.FakeServer object at 0x7611f3b6fe90>', 'chat_template': "'default-template-alpha'", 'ctx': '<testcase.TestServeBackendExceptionPaths.test_cli_serve_handles_backend_failures_before_shutdown.<locals>.FakeContext object at 0x7611f4126810>', 'gpu_layers': '12', 'gpus': 'None', 'host': "'0.0.0.0'", 'llama_cpp': "<module 'instructlab.model.backends.llama_cpp' from '/testbed/src/instructlab/model/backends/llama_cpp.py'>", 'log_file': 'None', 'max_ctx_size': '4240', 'model_family': "'family-6-variant'", 'model_path': "PosixPath('/models/generated-7-24')", 'num_threads': 'None', 'port': '8320', 'root_logger': '<RootLogger root (WARNING)>', 'vllm': "<module 'instructlab.model.backends.vllm' from '/testbed/src/instructlab/model/backends/vllm.py'>"}
2026-08-23 05:06:47.341 /testbed/src/instructlab/model/serve_backend.py:163 instructlab.model.serve_backend.serve_backend event=line locals={'exc': "ServerException('backend-cycle-24-717')"}
2026-08-23 05:06:47.341 /testbed/src/instructlab/model/serve_backend.py:163 instructlab.model.serve_backend.serve_backend event=exception exc=RuntimeError: RuntimeError('Error creating server: backend-cycle-24-717') locals={}
2026-08-23 05:06:47.341 /testbed/src/instructlab/model/serve_backend.py:167 instructlab.model.serve_backend.serve_backend event=line locals={'backend': "'llama-cpp'", 'backend_instance': '<testcase.TestServeBackendExceptionPaths.test_cli_serve_handles_backend_failures_before_shutdown.<locals>.FakeServer object at 0x7611f3b6fe90>', 'chat_template': "'default-template-alpha'", 'ctx': '<testcase.TestServeBackendExceptionPaths.test_cli_serve_handles_backend_failures_before_shutdown.<locals>.FakeContext object at 0x7611f4126810>', 'gpu_layers': '12', 'gpus': 'None', 'host': "'0.0.0.0'", 'llama_cpp': "<module 'instructlab.model.backends.llama_cpp' from '/testbed/src/instructlab/model/backends/llama_cpp.py'>", 'log_file': 'None', 'max_ctx_size': '4240', 'model_family': "'family-6-variant'", 'model_path': "PosixPath('/models/generated-7-24')", 'num_threads': 'None', 'port': '8320', 'root_logger': '<RootLogger root (WARNING)>', 'vllm': "<module 'instructlab.model.backends.vllm' from '/testbed/src/instructlab/model/backends/vllm.py'>"}
2026-08-23 05:06:47.341 /testbed/src/instructlab/model/serve_backend.py:168 instructlab.model.serve_backend.serve_backend event=line locals={}
2026-08-23 05:06:47.341 /testbed/src/instructlab/model/serve_backend.py:168 instructlab.model.serve_backend.serve_backend event=exception exc=SystemExit: SystemExit(0) locals={}
2026-08-23 05:06:47.341 /testbed/src/instructlab/model/serve_backend.py:168 instructlab.model.serve_backend.serve_backend event=return retval=None locals={'backend': "'llama-cpp'", 'backend_instance': '<testcase.TestServeBackendExceptionPaths.test_cli_serve_handles_backend_failures_before_shutdown.<locals>.FakeServer object at 0x7611f3b6fe90>', 'chat_template': "'default-template-alpha'", 'ctx': '<testcase.TestServeBackendExceptionPaths.test_cli_serve_handles_backend_failures_before_shutdown.<locals>.FakeContext object at 0x7611f4126810>', 'gpu_layers': '12', 'gpus': 'None', 'host': "'0.0.0.0'", 'llama_cpp': "<module 'instructlab.model.backends.llama_cpp' from '/testbed/src/instructlab/model/backends/llama_cpp.py'>", 'log_file': 'None', 'max_ctx_size': '4240', 'model_family': "'family-6-variant'", 'model_path': "PosixPath('/models/generated-7-24')", 'num_threads': 'None', 'port': '8320', 'root_logger': '<RootLogger root (WARNING)>', 'vllm': "<module 'instructlab.model.backends.vllm' from '/testbed/src/instructlab/model/backends/vllm.py'>"}
2026-08-23 05:06:47.342 /testbed/src/instructlab/model/serve_backend.py:51 instructlab.model.serve_backend.serve_backend event=call locals={'backend': "'llama-cpp'", 'chat_template': "'template-1-beta'", 'ctx': '<testcase.TestServeBackendExceptionPaths.test_cli_serve_handles_backend_failures_before_shutdown.<locals>.FakeContext object at 0x7611f4126810>', 'gpu_layers': '19', 'gpus': 'None', 'host': "'127.0.0.1'", 'log_file': "PosixPath('/tmp/serve-backend-3.log')", 'max_ctx_size': '4288', 'model_family': "'family-7-variant'", 'model_path': "PosixPath('/models/generated-8-25')", 'num_threads': '1', 'port': '8325'}
2026-08-23 05:06:47.342 /testbed/src/instructlab/model/serve_backend.py:67 instructlab.model.serve_backend.serve_backend event=line locals={}
2026-08-23 05:06:47.342 /testbed/src/instructlab/model/serve_backend.py:68 instructlab.model.serve_backend.serve_backend event=line locals={'root_logger': '<RootLogger root (WARNING)>'}
2026-08-23 05:06:47.342 /testbed/src/instructlab/model/serve_backend.py:69 instructlab.model.serve_backend.serve_backend event=line locals={}
2026-08-23 05:06:47.342 /testbed/src/instructlab/model/serve_backend.py:72 instructlab.model.serve_backend.serve_backend event=line locals={}
2026-08-23 05:06:47.342 /testbed/src/instructlab/model/serve_backend.py:74 instructlab.model.serve_backend.serve_backend event=line locals={'llama_cpp': "<module 'instructlab.model.backends.llama_cpp' from '/testbed/src/instructlab/model/backends/llama_cpp.py'>", 'vllm': "<module 'instructlab.model.backends.vllm' from '/testbed/src/instructlab/model/backends/vllm.py'>"}
2026-08-23 05:06:47.342 /testbed/src/instructlab/model/serve_backend.py:75 instructlab.model.serve_backend.serve_backend event=line locals={}
2026-08-23 05:06:47.342 /testbed/src/instructlab/model/serve_backend.py:79 instructlab.model.serve_backend.serve_backend event=line locals={}
2026-08-23 05:06:47.342 /testbed/src/instructlab/model/serve_backend.py:80 instructlab.model.serve_backend.serve_backend event=line locals={}
2026-08-23 05:06:47.342 /testbed/src/instructlab/model/serve_backend.py:81 instructlab.model.serve_backend.serve_backend event=line locals={}
2026-08-23 05:06:47.342 /testbed/src/instructlab/model/serve_backend.py:82 instructlab.model.serve_backend.serve_backend event=line locals={}
2026-08-23 05:06:47.342 /testbed/src/instructlab/model/serve_backend.py:85 instructlab.model.serve_backend.serve_backend event=line locals={}
2026-08-23 05:06:47.342 /testbed/src/instructlab/model/serve_backend.py:86 instructlab.model.serve_backend.serve_backend event=line locals={}
2026-08-23 05:06:47.343 /testbed/src/instructlab/model/serve_backend.py:85 instructlab.model.serve_backend.serve_backend event=line locals={}
2026-08-23 05:06:47.343 /testbed/src/instructlab/model/serve_backend.py:90 instructlab.model.serve_backend.serve_backend event=line locals={}
2026-08-23 05:06:47.343 /testbed/src/instructlab/model/serve_backend.py:91 instructlab.model.serve_backend.serve_backend event=line locals={}
2026-08-23 05:06:47.343 /testbed/src/instructlab/model/serve_backend.py:93 instructlab.model.serve_backend.serve_backend event=line locals={}
2026-08-23 05:06:47.343 /testbed/src/instructlab/model/serve_backend.py:94 instructlab.model.serve_backend.serve_backend event=line locals={}
2026-08-23 05:06:47.343 /testbed/src/instructlab/model/serve_backend.py:95 instructlab.model.serve_backend.serve_backend event=line locals={}
2026-08-23 05:06:47.343 /testbed/src/instructlab/model/serve_backend.py:96 instructlab.model.serve_backend.serve_backend event=line locals={}
2026-08-23 05:06:47.343 /testbed/src/instructlab/model/serve_backend.py:97 instructlab.model.serve_backend.serve_backend event=line locals={}
2026-08-23 05:06:47.343 /testbed/src/instructlab/model/serve_backend.py:98 instructlab.model.serve_backend.serve_backend event=line locals={}
2026-08-23 05:06:47.343 /testbed/src/instructlab/model/serve_backend.py:99 instructlab.model.serve_backend.serve_backend event=line locals={}
2026-08-23 05:06:47.343 /testbed/src/instructlab/model/serve_backend.py:100 instructlab.model.serve_backend.serve_backend event=line locals={}
2026-08-23 05:06:47.343 /testbed/src/instructlab/model/serve_backend.py:101 instructlab.model.serve_backend.serve_backend event=line locals={}
2026-08-23 05:06:47.343 /testbed/src/instructlab/model/serve_backend.py:102 instructlab.model.serve_backend.serve_backend event=line locals={}
2026-08-23 05:06:47.343 /testbed/src/instructlab/model/serve_backend.py:103 instructlab.model.serve_backend.serve_backend event=line locals={}
2026-08-23 05:06:47.343 /testbed/src/instructlab/model/serve_backend.py:93 instructlab.model.serve_backend.serve_backend event=line locals={}
2026-08-23 05:06:47.343 /testbed/src/instructlab/model/serve_backend.py:160 instructlab.model.serve_backend.serve_backend event=line locals={'backend_instance': '<testcase.TestServeBackendExceptionPaths.test_cli_serve_handles_backend_failures_before_shutdown.<locals>.FakeServer object at 0x7611f3b87f10>'}
2026-08-23 05:06:47.343 /testbed/src/instructlab/model/serve_backend.py:161 instructlab.model.serve_backend.serve_backend event=line locals={}
2026-08-23 05:06:47.343 /testbed/src/instructlab/model/serve_backend.py:161 instructlab.model.serve_backend.serve_backend event=exception exc=ServerException: ServerException('backend-cycle-25-717') locals={}
2026-08-23 05:06:47.343 /testbed/src/instructlab/model/serve_backend.py:162 instructlab.model.serve_backend.serve_backend event=line locals={'backend': "'llama-cpp'", 'backend_instance': '<testcase.TestServeBackendExceptionPaths.test_cli_serve_handles_backend_failures_before_shutdown.<locals>.FakeServer object at 0x7611f3b87f10>', 'chat_template': "'template-1-beta'", 'ctx': '<testcase.TestServeBackendExceptionPaths.test_cli_serve_handles_backend_failures_before_shutdown.<locals>.FakeContext object at 0x7611f4126810>', 'gpu_layers': '19', 'gpus': 'None', 'host': "'127.0.0.1'", 'llama_cpp': "<module 'instructlab.model.backends.llama_cpp' from '/testbed/src/instructlab/model/backends/llama_cpp.py'>", 'log_file': "PosixPath('/tmp/serve-backend-3.log')", 'max_ctx_size': '4288', 'model_family': "'family-7-variant'", 'model_path': "PosixPath('/models/generated-8-25')", 'num_threads': '1', 'port': '8325', 'root_logger': '<RootLogger root (WARNING)>', 'vllm': "<module 'instructlab.model.backends.vllm' from '/testbed/src/instructlab/model/backends/vllm.py'>"}
2026-08-23 05:06:47.343 /testbed/src/instructlab/model/serve_backend.py:163 instructlab.model.serve_backend.serve_backend event=line locals={'exc': "ServerException('backend-cycle-25-717')"}
2026-08-23 05:06:47.343 /testbed/src/instructlab/model/serve_backend.py:163 instructlab.model.serve_backend.serve_backend event=exception exc=RuntimeError: RuntimeError('Error creating server: backend-cycle-25-717') locals={}
2026-08-23 05:06:47.343 /testbed/src/instructlab/model/serve_backend.py:167 instructlab.model.serve_backend.serve_backend event=line locals={'backend': "'llama-cpp'", 'backend_instance': '<testcase.TestServeBackendExceptionPaths.test_cli_serve_handles_backend_failures_before_shutdown.<locals>.FakeServer object at 0x7611f3b87f10>', 'chat_template': "'template-1-beta'", 'ctx': '<testcase.TestServeBackendExceptionPaths.test_cli_serve_handles_backend_failures_before_shutdown.<locals>.FakeContext object at 0x7611f4126810>', 'gpu_layers': '19', 'gpus': 'None', 'host': "'127.0.0.1'", 'llama_cpp': "<module 'instructlab.model.backends.llama_cpp' from '/testbed/src/instructlab/model/backends/llama_cpp.py'>", 'log_file': "PosixPath('/tmp/serve-backend-3.log')", 'max_ctx_size': '4288', 'model_family': "'family-7-variant'", 'model_path': "PosixPath('/models/generated-8-25')", 'num_threads': '1', 'port': '8325', 'root_logger': '<RootLogger root (WARNING)>', 'vllm': "<module 'instructlab.model.backends.vllm' from '/testbed/src/instructlab/model/backends/vllm.py'>"}
2026-08-23 05:06:47.343 /testbed/src/instructlab/model/serve_backend.py:168 instructlab.model.serve_backend.serve_backend event=line locals={}
2026-08-23 05:06:47.343 /testbed/src/instructlab/model/serve_backend.py:168 instructlab.model.serve_backend.serve_backend event=exception exc=SystemExit: SystemExit(0) locals={}
2026-08-23 05:06:47.343 /testbed/src/instructlab/model/serve_backend.py:168 instructlab.model.serve_backend.serve_backend event=return retval=None locals={'backend': "'llama-cpp'", 'backend_instance': '<testcase.TestServeBackendExceptionPaths.test_cli_serve_handles_backend_failures_before_shutdown.<locals>.FakeServer object at 0x7611f3b87f10>', 'chat_template': "'template-1-beta'", 'ctx': '<testcase.TestServeBackendExceptionPaths.test_cli_serve_handles_backend_failures_before_shutdown.<locals>.FakeContext object at 0x7611f4126810>', 'gpu_layers': '19', 'gpus': 'None', 'host': "'127.0.0.1'", 'llama_cpp': "<module 'instructlab.model.backends.llama_cpp' from '/testbed/src/instructlab/model/backends/llama_cpp.py'>", 'log_file': "PosixPath('/tmp/serve-backend-3.log')", 'max_ctx_size': '4288', 'model_family': "'family-7-variant'", 'model_path': "PosixPath('/models/generated-8-25')", 'num_threads': '1', 'port': '8325', 'root_logger': '<RootLogger root (WARNING)>', 'vllm': "<module 'instructlab.model.backends.vllm' from '/testbed/src/instructlab/model/backends/vllm.py'>"}
2026-08-23 05:06:47.344 /testbed/src/instructlab/model/serve_backend.py:51 instructlab.model.serve_backend.serve_backend event=call locals={'backend': "'llama-cpp'", 'chat_template': 'None', 'ctx': '<testcase.TestServeBackendExceptionPaths.test_cli_serve_handles_backend_failures_before_shutdown.<locals>.FakeContext object at 0x7611f4126810>', 'gpu_layers': '3', 'gpus': 'None', 'host': "'127.0.0.1'", 'log_file': "PosixPath('/tmp/serve-backend-4.log')", 'max_ctx_size': '4336', 'model_family': "'family-8-variant'", 'model_path': "PosixPath('/models/generated-9-26')", 'num_threads': '2', 'port': '8330'}
2026-08-23 05:06:47.344 /testbed/src/instructlab/model/serve_backend.py:67 instructlab.model.serve_backend.serve_backend event=line locals={}
2026-08-23 05:06:47.344 /testbed/src/instructlab/model/serve_backend.py:68 instructlab.model.serve_backend.serve_backend event=line locals={'root_logger': '<RootLogger root (WARNING)>'}
2026-08-23 05:06:47.344 /testbed/src/instructlab/model/serve_backend.py:69 instructlab.model.serve_backend.serve_backend event=line locals={}
2026-08-23 05:06:47.344 /testbed/src/instructlab/model/serve_backend.py:72 instructlab.model.serve_backend.serve_backend event=line locals={}
2026-08-23 05:06:47.344 /testbed/src/instructlab/model/serve_backend.py:74 instructlab.model.serve_backend.serve_backend event=line locals={'llama_cpp': "<module 'instructlab.model.backends.llama_cpp' from '/testbed/src/instructlab/model/backends/llama_cpp.py'>", 'vllm': "<module 'instructlab.model.backends.vllm' from '/testbed/src/instructlab/model/backends/vllm.py'>"}
2026-08-23 05:06:47.344 /testbed/src/instructlab/model/serve_backend.py:75 instructlab.model.serve_backend.serve_backend event=line locals={}
2026-08-23 05:06:47.344 /testbed/src/instructlab/model/serve_backend.py:79 instructlab.model.serve_backend.serve_backend event=line locals={}
2026-08-23 05:06:47.344 /testbed/src/instructlab/model/serve_backend.py:80 instructlab.model.serve_backend.serve_backend event=line locals={}
2026-08-23 05:06:47.345 /testbed/src/instructlab/model/serve_backend.py:81 instructlab.model.serve_backend.serve_backend event=line locals={}
2026-08-23 05:06:47.345 /testbed/src/instructlab/model/serve_backend.py:82 instructlab.model.serve_backend.serve_backend event=line locals={}
2026-08-23 05:06:47.345 /testbed/src/instructlab/model/serve_backend.py:83 instructlab.model.serve_backend.serve_backend event=line locals={}
2026-08-23 05:06:47.345 /testbed/src/instructlab/model/serve_backend.py:85 instructlab.model.serve_backend.serve_backend event=line locals={'chat_template': "'default-template-alpha'"}
2026-08-23 05:06:47.345 /testbed/src/instructlab/model/serve_backend.py:86 instructlab.model.serve_backend.serve_backend event=line locals={}
2026-08-23 05:06:47.345 /testbed/src/instructlab/model/serve_backend.py:85 instructlab.model.serve_backend.serve_backend event=line locals={}
2026-08-23 05:06:47.345 /testbed/src/instructlab/model/serve_backend.py:90 instructlab.model.serve_backend.serve_backend event=line locals={}
2026-08-23 05:06:47.345 /testbed/src/instructlab/model/serve_backend.py:91 instructlab.model.serve_backend.serve_backend event=line locals={}
2026-08-23 05:06:47.345 /testbed/src/instructlab/model/serve_backend.py:93 instructlab.model.serve_backend.serve_backend event=line locals={}
2026-08-23 05:06:47.345 /testbed/src/instructlab/model/serve_backend.py:94 instructlab.model.serve_backend.serve_backend event=line locals={}
2026-08-23 05:06:47.345 /testbed/src/instructlab/model/serve_backend.py:95 instructlab.model.serve_backend.serve_backend event=line locals={}
2026-08-23 05:06:47.345 /testbed/src/instructlab/model/serve_backend.py:96 instructlab.model.serve_backend.serve_backend event=line locals={}
2026-08-23 05:06:47.345 /testbed/src/instructlab/model/serve_backend.py:97 instructlab.model.serve_backend.serve_backend event=line locals={}
2026-08-23 05:06:47.345 /testbed/src/instructlab/model/serve_backend.py:98 instructlab.model.serve_backend.serve_backend event=line locals={}
2026-08-23 05:06:47.345 /testbed/src/instructlab/model/serve_backend.py:99 instructlab.model.serve_backend.serve_backend event=line locals={}
2026-08-23 05:06:47.345 /testbed/src/instructlab/model/serve_backend.py:100 instructlab.model.serve_backend.serve_backend event=line locals={}
2026-08-23 05:06:47.345 /testbed/src/instructlab/model/serve_backend.py:101 instructlab.model.serve_backend.serve_backend event=line locals={}
2026-08-23 05:06:47.345 /testbed/src/instructlab/model/serve_backend.py:102 instructlab.model.serve_backend.serve_backend event=line locals={}
2026-08-23 05:06:47.345 /testbed/src/instructlab/model/serve_backend.py:103 instructlab.model.serve_backend.serve_backend event=line locals={}
2026-08-23 05:06:47.345 /testbed/src/instructlab/model/serve_backend.py:93 instructlab.model.serve_backend.serve_backend event=line locals={}
2026-08-23 05:06:47.345 /testbed/src/instructlab/model/serve_backend.py:160 instructlab.model.serve_backend.serve_backend event=line locals={'backend_instance': '<testcase.TestServeBackendExceptionPaths.test_cli_serve_handles_backend_failures_before_shutdown.<locals>.FakeServer object at 0x7611f3b80190>'}
2026-08-23 05:06:47.345 /testbed/src/instructlab/model/serve_backend.py:161 instructlab.model.serve_backend.serve_backend event=line locals={}
2026-08-23 05:06:47.345 /testbed/src/instructlab/model/serve_backend.py:161 instructlab.model.serve_backend.serve_backend event=exception exc=ServerException: ServerException('backend-cycle-26-717') locals={}
2026-08-23 05:06:47.345 /testbed/src/instructlab/model/serve_backend.py:162 instructlab.model.serve_backend.serve_backend event=line locals={'backend': "'llama-cpp'", 'backend_instance': '<testcase.TestServeBackendExceptionPaths.test_cli_serve_handles_backend_failures_before_shutdown.<locals>.FakeServer object at 0x7611f3b80190>', 'chat_template': "'default-template-alpha'", 'ctx': '<testcase.TestServeBackendExceptionPaths.test_cli_serve_handles_backend_failures_before_shutdown.<locals>.FakeContext object at 0x7611f4126810>', 'gpu_layers': '3', 'gpus': 'None', 'host': "'127.0.0.1'", 'llama_cpp': "<module 'instructlab.model.backends.llama_cpp' from '/testbed/src/instructlab/model/backends/llama_cpp.py'>", 'log_file': "PosixPath('/tmp/serve-backend-4.log')", 'max_ctx_size': '4336', 'model_family': "'family-8-variant'", 'model_path': "PosixPath('/models/generated-9-26')", 'num_threads': '2', 'port': '8330', 'root_logger': '<RootLogger root (WARNING)>', 'vllm': "<module 'instructlab.model.backends.vllm' from '/testbed/src/instructlab/model/backends/vllm.py'>"}
2026-08-23 05:06:47.345 /testbed/src/instructlab/model/serve_backend.py:163 instructlab.model.serve_backend.serve_backend event=line locals={'exc': "ServerException('backend-cycle-26-717')"}
2026-08-23 05:06:47.345 /testbed/src/instructlab/model/serve_backend.py:163 instructlab.model.serve_backend.serve_backend event=exception exc=RuntimeError: RuntimeError('Error creating server: backend-cycle-26-717') locals={}
2026-08-23 05:06:47.346 /testbed/src/instructlab/model/serve_backend.py:167 instructlab.model.serve_backend.serve_backend event=line locals={'backend': "'llama-cpp'", 'backend_instance': '<testcase.TestServeBackendExceptionPaths.test_cli_serve_handles_backend_failures_before_shutdown.<locals>.FakeServer object at 0x7611f3b80190>', 'chat_template': "'default-template-alpha'", 'ctx': '<testcase.TestServeBackendExceptionPaths.test_cli_serve_handles_backend_failures_before_shutdown.<locals>.FakeContext object at 0x7611f4126810>', 'gpu_layers': '3', 'gpus': 'None', 'host': "'127.0.0.1'", 'llama_cpp': "<module 'instructlab.model.backends.llama_cpp' from '/testbed/src/instructlab/model/backends/llama_cpp.py'>", 'log_file': "PosixPath('/tmp/serve-backend-4.log')", 'max_ctx_size': '4336', 'model_family': "'family-8-variant'", 'model_path': "PosixPath('/models/generated-9-26')", 'num_threads': '2', 'port': '8330', 'root_logger': '<RootLogger root (WARNING)>', 'vllm': "<module 'instructlab.model.backends.vllm' from '/testbed/src/instructlab/model/backends/vllm.py'>"}
2026-08-23 05:06:47.346 /testbed/src/instructlab/model/serve_backend.py:168 instructlab.model.serve_backend.serve_backend event=line locals={}
2026-08-23 05:06:47.346 /testbed/src/instructlab/model/serve_backend.py:168 instructlab.model.serve_backend.serve_backend event=exception exc=SystemExit: SystemExit(0) locals={}
2026-08-23 05:06:47.346 /testbed/src/instructlab/model/serve_backend.py:168 instructlab.model.serve_backend.serve_backend event=return retval=None locals={'backend': "'llama-cpp'", 'backend_instance': '<testcase.TestServeBackendExceptionPaths.test_cli_serve_handles_backend_failures_before_shutdown.<locals>.FakeServer object at 0x7611f3b80190>', 'chat_template': "'default-template-alpha'", 'ctx': '<testcase.TestServeBackendExceptionPaths.test_cli_serve_handles_backend_failures_before_shutdown.<locals>.FakeContext object at 0x7611f4126810>', 'gpu_layers': '3', 'gpus': 'None', 'host': "'127.0.0.1'", 'llama_cpp': "<module 'instructlab.model.backends.llama_cpp' from '/testbed/src/instructlab/model/backends/llama_cpp.py'>", 'log_file': "PosixPath('/tmp/serve-backend-4.log')", 'max_ctx_size': '4336', 'model_family': "'family-8-variant'", 'model_path': "PosixPath('/models/generated-9-26')", 'num_threads': '2', 'port': '8330', 'root_logger': '<RootLogger root (WARNING)>', 'vllm': "<module 'instructlab.model.backends.vllm' from '/testbed/src/instructlab/model/backends/vllm.py'>"}
2026-08-23 05:06:47.346 /testbed/src/instructlab/model/serve_backend.py:51 instructlab.model.serve_backend.serve_backend event=call locals={'backend': "'llama-cpp'", 'chat_template': "'template-3-beta'", 'ctx': '<testcase.TestServeBackendExceptionPaths.test_cli_serve_handles_backend_failures_before_shutdown.<locals>.FakeContext object at 0x7611f4126810>', 'gpu_layers': '10', 'gpus': 'None', 'host': "'127.0.0.1'", 'log_file': 'None', 'max_ctx_size': '4384', 'model_family': "'family-0-variant'", 'model_path': "PosixPath('/models/generated-10-27')", 'num_threads': '3', 'port': '8335'}
2026-08-23 05:06:47.346 /testbed/src/instructlab/model/serve_backend.py:67 instructlab.model.serve_backend.serve_backend event=line locals={}
2026-08-23 05:06:47.346 /testbed/src/instructlab/model/serve_backend.py:68 instructlab.model.serve_backend.serve_backend event=line locals={'root_logger': '<RootLogger root (WARNING)>'}
2026-08-23 05:06:47.346 /testbed/src/instructlab/model/serve_backend.py:72 instructlab.model.serve_backend.serve_backend event=line locals={}
2026-08-23 05:06:47.346 /testbed/src/instructlab/model/serve_backend.py:74 instructlab.model.serve_backend.serve_backend event=line locals={'llama_cpp': "<module 'instructlab.model.backends.llama_cpp' from '/testbed/src/instructlab/model/backends/llama_cpp.py'>", 'vllm': "<module 'instructlab.model.backends.vllm' from '/testbed/src/instructlab/model/backends/vllm.py'>"}
2026-08-23 05:06:47.346 /testbed/src/instructlab/model/serve_backend.py:75 instructlab.model.serve_backend.serve_backend event=line locals={}
2026-08-23 05:06:47.346 /testbed/src/instructlab/model/serve_backend.py:79 instructlab.model.serve_backend.serve_backend event=line locals={}
2026-08-23 05:06:47.347 /testbed/src/instructlab/model/serve_backend.py:80 instructlab.model.serve_backend.serve_backend event=line locals={}
2026-08-23 05:06:47.347 /testbed/src/instructlab/model/serve_backend.py:81 instructlab.model.serve_backend.serve_backend event=line locals={}
2026-08-23 05:06:47.347 /testbed/src/instructlab/model/serve_backend.py:82 instructlab.model.serve_backend.serve_backend event=line locals={}
2026-08-23 05:06:47.347 /testbed/src/instructlab/model/serve_backend.py:85 instructlab.model.serve_backend.serve_backend event=line locals={}
2026-08-23 05:06:47.347 /testbed/src/instructlab/model/serve_backend.py:86 instructlab.model.serve_backend.serve_backend event=line locals={}
2026-08-23 05:06:47.347 /testbed/src/instructlab/model/serve_backend.py:85 instructlab.model.serve_backend.serve_backend event=line locals={}
2026-08-23 05:06:47.347 /testbed/src/instructlab/model/serve_backend.py:90 instructlab.model.serve_backend.serve_backend event=line locals={}
2026-08-23 05:06:47.347 /testbed/src/instructlab/model/serve_backend.py:91 instructlab.model.serve_backend.serve_backend event=line locals={}
2026-08-23 05:06:47.347 /testbed/src/instructlab/model/serve_backend.py:93 instructlab.model.serve_backend.serve_backend event=line locals={}
2026-08-23 05:06:47.347 /testbed/src/instructlab/model/serve_backend.py:94 instructlab.model.serve_backend.serve_backend event=line locals={}
2026-08-23 05:06:47.347 /testbed/src/instructlab/model/serve_backend.py:95 instructlab.model.serve_backend.serve_backend event=line locals={}
2026-08-23 05:06:47.347 /testbed/src/instructlab/model/serve_backend.py:96 instructlab.model.serve_backend.serve_backend event=line locals={}
2026-08-23 05:06:47.347 /testbed/src/instructlab/model/serve_backend.py:97 instructlab.model.serve_backend.serve_backend event=line locals={}
2026-08-23 05:06:47.347 /testbed/src/instructlab/model/serve_backend.py:98 instructlab.model.serve_backend.serve_backend event=line locals={}
2026-08-23 05:06:47.347 /testbed/src/instructlab/model/serve_backend.py:99 instructlab.model.serve_backend.serve_backend event=line locals={}
2026-08-23 05:06:47.347 /testbed/src/instructlab/model/serve_backend.py:100 instructlab.model.serve_backend.serve_backend event=line locals={}
2026-08-23 05:06:47.347 /testbed/src/instructlab/model/serve_backend.py:101 instructlab.model.serve_backend.serve_backend event=line locals={}
2026-08-23 05:06:47.347 /testbed/src/instructlab/model/serve_backend.py:102 instructlab.model.serve_backend.serve_backend event=line locals={}
2026-08-23 05:06:47.347 /testbed/src/instructlab/model/serve_backend.py:103 instructlab.model.serve_backend.serve_backend event=line locals={}
2026-08-23 05:06:47.347 /testbed/src/instructlab/model/serve_backend.py:93 instructlab.model.serve_backend.serve_backend event=line locals={}
2026-08-23 05:06:47.347 /testbed/src/instructlab/model/serve_backend.py:160 instructlab.model.serve_backend.serve_backend event=line locals={'backend_instance': '<testcase.TestServeBackendExceptionPaths.test_cli_serve_handles_backend_failures_before_shutdown.<locals>.FakeServer object at 0x7611f3b80c90>'}
2026-08-23 05:06:47.347 /testbed/src/instructlab/model/serve_backend.py:161 instructlab.model.serve_backend.serve_backend event=line locals={}
2026-08-23 05:06:47.347 /testbed/src/instructlab/model/serve_backend.py:161 instructlab.model.serve_backend.serve_backend event=exception exc=KeyboardInterrupt: KeyboardInterrupt('backend-cycle-27-465') locals={}
2026-08-23 05:06:47.347 /testbed/src/instructlab/model/serve_backend.py:162 instructlab.model.serve_backend.serve_backend event=line locals={'backend': "'llama-cpp'", 'backend_instance': '<testcase.TestServeBackendExceptionPaths.test_cli_serve_handles_backend_failures_before_shutdown.<locals>.FakeServer object at 0x7611f3b80c90>', 'chat_template': "'template-3-beta'", 'ctx': '<testcase.TestServeBackendExceptionPaths.test_cli_serve_handles_backend_failures_before_shutdown.<locals>.FakeContext object at 0x7611f4126810>', 'gpu_layers': '10', 'gpus': 'None', 'host': "'127.0.0.1'", 'llama_cpp': "<module 'instructlab.model.backends.llama_cpp' from '/testbed/src/instructlab/model/backends/llama_cpp.py'>", 'log_file': 'None', 'max_ctx_size': '4384', 'model_family': "'family-0-variant'", 'model_path': "PosixPath('/models/generated-10-27')", 'num_threads': '3', 'port': '8335', 'root_logger': '<RootLogger root (WARNING)>', 'vllm': "<module 'instructlab.model.backends.vllm' from '/testbed/src/instructlab/model/backends/vllm.py'>"}
2026-08-23 05:06:47.347 /testbed/src/instructlab/model/serve_backend.py:164 instructlab.model.serve_backend.serve_backend event=line locals={}
2026-08-23 05:06:47.348 /testbed/src/instructlab/model/serve_backend.py:165 instructlab.model.serve_backend.serve_backend event=line locals={}
2026-08-23 05:06:47.348 /testbed/src/instructlab/model/serve_backend.py:167 instructlab.model.serve_backend.serve_backend event=line locals={}
2026-08-23 05:06:47.348 /testbed/src/instructlab/model/serve_backend.py:168 instructlab.model.serve_backend.serve_backend event=line locals={}
2026-08-23 05:06:47.348 /testbed/src/instructlab/model/serve_backend.py:168 instructlab.model.serve_backend.serve_backend event=exception exc=SystemExit: SystemExit(0) locals={}
2026-08-23 05:06:47.348 /testbed/src/instructlab/model/serve_backend.py:168 instructlab.model.serve_backend.serve_backend event=return retval=None locals={'backend': "'llama-cpp'", 'backend_instance': '<testcase.TestServeBackendExceptionPaths.test_cli_serve_handles_backend_failures_before_shutdown.<locals>.FakeServer object at 0x7611f3b80c90>', 'chat_template': "'template-3-beta'", 'ctx': '<testcase.TestServeBackendExceptionPaths.test_cli_serve_handles_backend_failures_before_shutdown.<locals>.FakeContext object at 0x7611f4126810>', 'gpu_layers': '10', 'gpus': 'None', 'host': "'127.0.0.1'", 'llama_cpp': "<module 'instructlab.model.backends.llama_cpp' from '/testbed/src/instructlab/model/backends/llama_cpp.py'>", 'log_file': 'None', 'max_ctx_size': '4384', 'model_family': "'family-0-variant'", 'model_path': "PosixPath('/models/generated-10-27')", 'num_threads': '3', 'port': '8335', 'root_logger': '<RootLogger root (WARNING)>', 'vllm': "<module 'instructlab.model.backends.vllm' from '/testbed/src/instructlab/model/backends/vllm.py'>"}
2026-08-23 05:06:47.348 /testbed/src/instructlab/model/serve_backend.py:51 instructlab.model.serve_backend.serve_backend event=call locals={'backend': "'llama-cpp'", 'chat_template': 'None', 'ctx': '<testcase.TestServeBackendExceptionPaths.test_cli_serve_handles_backend_failures_before_shutdown.<locals>.FakeContext object at 0x7611f41b24d0>', 'gpu_layers': '17', 'gpus': 'None', 'host': "'127.0.0.1'", 'log_file': "PosixPath('/tmp/serve-backend-6.log')", 'max_ctx_size': '4768', 'model_family': "'family-1-variant'", 'model_path': "PosixPath('/models/generated-11-28')", 'num_threads': 'None', 'port': '8340'}
2026-08-23 05:06:47.348 /testbed/src/instructlab/model/serve_backend.py:67 instructlab.model.serve_backend.serve_backend event=line locals={}
2026-08-23 05:06:47.348 /testbed/src/instructlab/model/serve_backend.py:68 instructlab.model.serve_backend.serve_backend event=line locals={'root_logger': '<RootLogger root (WARNING)>'}
2026-08-23 05:06:47.348 /testbed/src/instructlab/model/serve_backend.py:69 instructlab.model.serve_backend.serve_backend event=line locals={}
2026-08-23 05:06:47.349 /testbed/src/instructlab/model/serve_backend.py:72 instructlab.model.serve_backend.serve_backend event=line locals={}
2026-08-23 05:06:47.349 /testbed/src/instructlab/model/serve_backend.py:74 instructlab.model.serve_backend.serve_backend event=line locals={'llama_cpp': "<module 'instructlab.model.backends.llama_cpp' from '/testbed/src/instructlab/model/backends/llama_cpp.py'>", 'vllm': "<module 'instructlab.model.backends.vllm' from '/testbed/src/instructlab/model/backends/vllm.py'>"}
2026-08-23 05:06:47.349 /testbed/src/instructlab/model/serve_backend.py:75 instructlab.model.serve_backend.serve_backend event=line locals={}
2026-08-23 05:06:47.349 /testbed/src/instructlab/model/serve_backend.py:79 instructlab.model.serve_backend.serve_backend event=line locals={}
2026-08-23 05:06:47.349 /testbed/src/instructlab/model/serve_backend.py:80 instructlab.model.serve_backend.serve_backend event=line locals={}
2026-08-23 05:06:47.349 /testbed/src/instructlab/model/serve_backend.py:81 instructlab.model.serve_backend.serve_backend event=line locals={}
2026-08-23 05:06:47.349 /testbed/src/instructlab/model/serve_backend.py:82 instructlab.model.serve_backend.serve_backend event=line locals={}
2026-08-23 05:06:47.349 /testbed/src/instructlab/model/serve_backend.py:83 instructlab.model.serve_backend.serve_backend event=line locals={}
2026-08-23 05:06:47.349 /testbed/src/instructlab/model/serve_backend.py:85 instructlab.model.serve_backend.serve_backend event=line locals={'chat_template': "'default-template-alpha'"}
2026-08-23 05:06:47.349 /testbed/src/instructlab/model/serve_backend.py:86 instructlab.model.serve_backend.serve_backend event=line locals={}
2026-08-23 05:06:47.349 /testbed/src/instructlab/model/serve_backend.py:85 instructlab.model.serve_backend.serve_backend event=line locals={}
2026-08-23 05:06:47.349 /testbed/src/instructlab/model/serve_backend.py:90 instructlab.model.serve_backend.serve_backend event=line locals={}
2026-08-23 05:06:47.349 /testbed/src/instructlab/model/serve_backend.py:91 instructlab.model.serve_backend.serve_backend event=line locals={}
2026-08-23 05:06:47.349 /testbed/src/instructlab/model/serve_backend.py:93 instructlab.model.serve_backend.serve_backend event=line locals={}
2026-08-23 05:06:47.349 /testbed/src/instructlab/model/serve_backend.py:94 instructlab.model.serve_backend.serve_backend event=line locals={}
2026-08-23 05:06:47.349 /testbed/src/instructlab/model/serve_backend.py:95 instructlab.model.serve_backend.serve_backend event=line locals={}
2026-08-23 05:06:47.349 /testbed/src/instructlab/model/serve_backend.py:96 instructlab.model.serve_backend.serve_backend event=line locals={}
2026-08-23 05:06:47.349 /testbed/src/instructlab/model/serve_backend.py:97 instructlab.model.serve_backend.serve_backend event=line locals={}
2026-08-23 05:06:47.349 /testbed/src/instructlab/model/serve_backend.py:98 instructlab.model.serve_backend.serve_backend event=line locals={}
2026-08-23 05:06:47.349 /testbed/src/instructlab/model/serve_backend.py:99 instructlab.model.serve_backend.serve_backend event=line locals={}
2026-08-23 05:06:47.349 /testbed/src/instructlab/model/serve_backend.py:100 instructlab.model.serve_backend.serve_backend event=line locals={}
2026-08-23 05:06:47.349 /testbed/src/instructlab/model/serve_backend.py:101 instructlab.model.serve_backend.serve_backend event=line locals={}
2026-08-23 05:06:47.349 /testbed/src/instructlab/model/serve_backend.py:102 instructlab.model.serve_backend.serve_backend event=line locals={}
2026-08-23 05:06:47.350 /testbed/src/instructlab/model/serve_backend.py:103 instructlab.model.serve_backend.serve_backend event=line locals={}
2026-08-23 05:06:47.350 /testbed/src/instructlab/model/serve_backend.py:93 instructlab.model.serve_backend.serve_backend event=line locals={}
2026-08-23 05:06:47.350 /testbed/src/instructlab/model/serve_backend.py:160 instructlab.model.serve_backend.serve_backend event=line locals={'backend_instance': '<testcase.TestServeBackendExceptionPaths.test_cli_serve_handles_backend_failures_before_shutdown.<locals>.FakeServer object at 0x7611f3b80f50>'}
2026-08-23 05:06:47.350 /testbed/src/instructlab/model/serve_backend.py:161 instructlab.model.serve_backend.serve_backend event=line locals={}
2026-08-23 05:06:47.350 /testbed/src/instructlab/model/serve_backend.py:161 instructlab.model.serve_backend.serve_backend event=exception exc=ServerException: ServerException('backend-cycle-28-717') locals={}
2026-08-23 05:06:47.350 /testbed/src/instructlab/model/serve_backend.py:162 instructlab.model.serve_backend.serve_backend event=line locals={'backend': "'llama-cpp'", 'backend_instance': '<testcase.TestServeBackendExceptionPaths.test_cli_serve_handles_backend_failures_before_shutdown.<locals>.FakeServer object at 0x7611f3b80f50>', 'chat_template': "'default-template-alpha'", 'ctx': '<testcase.TestServeBackendExceptionPaths.test_cli_serve_handles_backend_failures_before_shutdown.<locals>.FakeContext object at 0x7611f41b24d0>', 'gpu_layers': '17', 'gpus': 'None', 'host': "'127.0.0.1'", 'llama_cpp': "<module 'instructlab.model.backends.llama_cpp' from '/testbed/src/instructlab/model/backends/llama_cpp.py'>", 'log_file': "PosixPath('/tmp/serve-backend-6.log')", 'max_ctx_size': '4768', 'model_family': "'family-1-variant'", 'model_path': "PosixPath('/models/generated-11-28')", 'num_threads': 'None', 'port': '8340', 'root_logger': '<RootLogger root (WARNING)>', 'vllm': "<module 'instructlab.model.backends.vllm' from '/testbed/src/instructlab/model/backends/vllm.py'>"}
2026-08-23 05:06:47.350 /testbed/src/instructlab/model/serve_backend.py:163 instructlab.model.serve_backend.serve_backend event=line locals={'exc': "ServerException('backend-cycle-28-717')"}
2026-08-23 05:06:47.350 /testbed/src/instructlab/model/serve_backend.py:163 instructlab.model.serve_backend.serve_backend event=exception exc=RuntimeError: RuntimeError('Error creating server: backend-cycle-28-717') locals={}
2026-08-23 05:06:47.350 /testbed/src/instructlab/model/serve_backend.py:167 instructlab.model.serve_backend.serve_backend event=line locals={'backend': "'llama-cpp'", 'backend_instance': '<testcase.TestServeBackendExceptionPaths.test_cli_serve_handles_backend_failures_before_shutdown.<locals>.FakeServer object at 0x7611f3b80f50>', 'chat_template': "'default-template-alpha'", 'ctx': '<testcase.TestServeBackendExceptionPaths.test_cli_serve_handles_backend_failures_before_shutdown.<locals>.FakeContext object at 0x7611f41b24d0>', 'gpu_layers': '17', 'gpus': 'None', 'host': "'127.0.0.1'", 'llama_cpp': "<module 'instructlab.model.backends.llama_cpp' from '/testbed/src/instructlab/model/backends/llama_cpp.py'>", 'log_file': "PosixPath('/tmp/serve-backend-6.log')", 'max_ctx_size': '4768', 'model_family': "'family-1-variant'", 'model_path': "PosixPath('/models/generated-11-28')", 'num_threads': 'None', 'port': '8340', 'root_logger': '<RootLogger root (WARNING)>', 'vllm': "<module 'instructlab.model.backends.vllm' from '/testbed/src/instructlab/model/backends/vllm.py'>"}
2026-08-23 05:06:47.350 /testbed/src/instructlab/model/serve_backend.py:168 instructlab.model.serve_backend.serve_backend event=line locals={}
2026-08-23 05:06:47.350 /testbed/src/instructlab/model/serve_backend.py:168 instructlab.model.serve_backend.serve_backend event=exception exc=SystemExit: SystemExit(0) locals={}
2026-08-23 05:06:47.350 /testbed/src/instructlab/model/serve_backend.py:168 instructlab.model.serve_backend.serve_backend event=return retval=None locals={'backend': "'llama-cpp'", 'backend_instance': '<testcase.TestServeBackendExceptionPaths.test_cli_serve_handles_backend_failures_before_shutdown.<locals>.FakeServer object at 0x7611f3b80f50>', 'chat_template': "'default-template-alpha'", 'ctx': '<testcase.TestServeBackendExceptionPaths.test_cli_serve_handles_backend_failures_before_shutdown.<locals>.FakeContext object at 0x7611f41b24d0>', 'gpu_layers': '17', 'gpus': 'None', 'host': "'127.0.0.1'", 'llama_cpp': "<module 'instructlab.model.backends.llama_cpp' from '/testbed/src/instructlab/model/backends/llama_cpp.py'>", 'log_file': "PosixPath('/tmp/serve-backend-6.log')", 'max_ctx_size': '4768', 'model_family': "'family-1-variant'", 'model_path': "PosixPath('/models/generated-11-28')", 'num_threads': 'None', 'port': '8340', 'root_logger': '<RootLogger root (WARNING)>', 'vllm': "<module 'instructlab.model.backends.vllm' from '/testbed/src/instructlab/model/backends/vllm.py'>"}
2026-08-23 05:06:47.351 /testbed/src/instructlab/model/serve_backend.py:51 instructlab.model.serve_backend.serve_backend event=call locals={'backend': "'llama-cpp'", 'chat_template': "'template-5-beta'", 'ctx': '<testcase.TestServeBackendExceptionPaths.test_cli_serve_handles_backend_failures_before_shutdown.<locals>.FakeContext object at 0x7611f41b24d0>', 'gpu_layers': '1', 'gpus': 'None', 'host': "'127.0.0.1'", 'log_file': "PosixPath('/tmp/serve-backend-7.log')", 'max_ctx_size': '4816', 'model_family': "'family-2-variant'", 'model_path': "PosixPath('/models/generated-12-29')", 'num_threads': '5', 'port': '8345'}
2026-08-23 05:06:47.351 /testbed/src/instructlab/model/serve_backend.py:67 instructlab.model.serve_backend.serve_backend event=line locals={}
2026-08-23 05:06:47.351 /testbed/src/instructlab/model/serve_backend.py:68 instructlab.model.serve_backend.serve_backend event=line locals={'root_logger': '<RootLogger root (WARNING)>'}
2026-08-23 05:06:47.351 /testbed/src/instructlab/model/serve_backend.py:69 instructlab.model.serve_backend.serve_backend event=line locals={}
2026-08-23 05:06:47.351 /testbed/src/instructlab/model/serve_backend.py:72 instructlab.model.serve_backend.serve_backend event=line locals={}
2026-08-23 05:06:47.351 /testbed/src/instructlab/model/serve_backend.py:74 instructlab.model.serve_backend.serve_backend event=line locals={'llama_cpp': "<module 'instructlab.model.backends.llama_cpp' from '/testbed/src/instructlab/model/backends/llama_cpp.py'>", 'vllm': "<module 'instructlab.model.backends.vllm' from '/testbed/src/instructlab/model/backends/vllm.py'>"}
2026-08-23 05:06:47.351 /testbed/src/instructlab/model/serve_backend.py:75 instructlab.model.serve_backend.serve_backend event=line locals={}
2026-08-23 05:06:47.351 /testbed/src/instructlab/model/serve_backend.py:79 instructlab.model.serve_backend.serve_backend event=line locals={}
2026-08-23 05:06:47.351 /testbed/src/instructlab/model/serve_backend.py:80 instructlab.model.serve_backend.serve_backend event=line locals={}
2026-08-23 05:06:47.351 /testbed/src/instructlab/model/serve_backend.py:81 instructlab.model.serve_backend.serve_backend event=line locals={}
2026-08-23 05:06:47.351 /testbed/src/instructlab/model/serve_backend.py:82 instructlab.model.serve_backend.serve_backend event=line locals={}
2026-08-23 05:06:47.351 /testbed/src/instructlab/model/serve_backend.py:85 instructlab.model.serve_backend.serve_backend event=line locals={}
2026-08-23 05:06:47.352 /testbed/src/instructlab/model/serve_backend.py:86 instructlab.model.serve_backend.serve_backend event=line locals={}
2026-08-23 05:06:47.352 /testbed/src/instructlab/model/serve_backend.py:85 instructlab.model.serve_backend.serve_backend event=line locals={}
2026-08-23 05:06:47.352 /testbed/src/instructlab/model/serve_backend.py:90 instructlab.model.serve_backend.serve_backend event=line locals={}
2026-08-23 05:06:47.352 /testbed/src/instructlab/model/serve_backend.py:91 instructlab.model.serve_backend.serve_backend event=line locals={}
2026-08-23 05:06:47.352 /testbed/src/instructlab/model/serve_backend.py:93 instructlab.model.serve_backend.serve_backend event=line locals={}
2026-08-23 05:06:47.352 /testbed/src/instructlab/model/serve_backend.py:94 instructlab.model.serve_backend.serve_backend event=line locals={}
2026-08-23 05:06:47.352 /testbed/src/instructlab/model/serve_backend.py:95 instructlab.model.serve_backend.serve_backend event=line locals={}
2026-08-23 05:06:47.352 /testbed/src/instructlab/model/serve_backend.py:96 instructlab.model.serve_backend.serve_backend event=line locals={}
2026-08-23 05:06:47.352 /testbed/src/instructlab/model/serve_backend.py:97 instructlab.model.serve_backend.serve_backend event=line locals={}
2026-08-23 05:06:47.352 /testbed/src/instructlab/model/serve_backend.py:98 instructlab.model.serve_backend.serve_backend event=line locals={}
2026-08-23 05:06:47.352 /testbed/src/instructlab/model/serve_backend.py:99 instructlab.model.serve_backend.serve_backend event=line locals={}
2026-08-23 05:06:47.352 /testbed/src/instructlab/model/serve_backend.py:100 instructlab.model.serve_backend.serve_backend event=line locals={}
2026-08-23 05:06:47.352 /testbed/src/instructlab/model/serve_backend.py:101 instructlab.model.serve_backend.serve_backend event=line locals={}
2026-08-23 05:06:47.352 /testbed/src/instructlab/model/serve_backend.py:102 instructlab.model.serve_backend.serve_backend event=line locals={}
2026-08-23 05:06:47.352 /testbed/src/instructlab/model/serve_backend.py:103 instructlab.model.serve_backend.serve_backend event=line locals={}
2026-08-23 05:06:47.352 /testbed/src/instructlab/model/serve_backend.py:93 instructlab.model.serve_backend.serve_backend event=line locals={}
2026-08-23 05:06:47.352 /testbed/src/instructlab/model/serve_backend.py:160 instructlab.model.serve_backend.serve_backend event=line locals={'backend_instance': '<testcase.TestServeBackendExceptionPaths.test_cli_serve_handles_backend_failures_before_shutdown.<locals>.FakeServer object at 0x7611f3b80d10>'}
2026-08-23 05:06:47.352 /testbed/src/instructlab/model/serve_backend.py:161 instructlab.model.serve_backend.serve_backend event=line locals={}
2026-08-23 05:06:47.352 /testbed/src/instructlab/model/serve_backend.py:161 instructlab.model.serve_backend.serve_backend event=exception exc=ServerException: ServerException('backend-cycle-29-717') locals={}
2026-08-23 05:06:47.352 /testbed/src/instructlab/model/serve_backend.py:162 instructlab.model.serve_backend.serve_backend event=line locals={'backend': "'llama-cpp'", 'backend_instance': '<testcase.TestServeBackendExceptionPaths.test_cli_serve_handles_backend_failures_before_shutdown.<locals>.FakeServer object at 0x7611f3b80d10>', 'chat_template': "'template-5-beta'", 'ctx': '<testcase.TestServeBackendExceptionPaths.test_cli_serve_handles_backend_failures_before_shutdown.<locals>.FakeContext object at 0x7611f41b24d0>', 'gpu_layers': '1', 'gpus': 'None', 'host': "'127.0.0.1'", 'llama_cpp': "<module 'instructlab.model.backends.llama_cpp' from '/testbed/src/instructlab/model/backends/llama_cpp.py'>", 'log_file': "PosixPath('/tmp/serve-backend-7.log')", 'max_ctx_size': '4816', 'model_family': "'family-2-variant'", 'model_path': "PosixPath('/models/generated-12-29')", 'num_threads': '5', 'port': '8345', 'root_logger': '<RootLogger root (WARNING)>', 'vllm': "<module 'instructlab.model.backends.vllm' from '/testbed/src/instructlab/model/backends/vllm.py'>"}
2026-08-23 05:06:47.352 /testbed/src/instructlab/model/serve_backend.py:163 instructlab.model.serve_backend.serve_backend event=line locals={'exc': "ServerException('backend-cycle-29-717')"}
2026-08-23 05:06:47.352 /testbed/src/instructlab/model/serve_backend.py:163 instructlab.model.serve_backend.serve_backend event=exception exc=RuntimeError: RuntimeError('Error creating server: backend-cycle-29-717') locals={}
2026-08-23 05:06:47.352 /testbed/src/instructlab/model/serve_backend.py:167 instructlab.model.serve_backend.serve_backend event=line locals={'backend': "'llama-cpp'", 'backend_instance': '<testcase.TestServeBackendExceptionPaths.test_cli_serve_handles_backend_failures_before_shutdown.<locals>.FakeServer object at 0x7611f3b80d10>', 'chat_template': "'template-5-beta'", 'ctx': '<testcase.TestServeBackendExceptionPaths.test_cli_serve_handles_backend_failures_before_shutdown.<locals>.FakeContext object at 0x7611f41b24d0>', 'gpu_layers': '1', 'gpus': 'None', 'host': "'127.0.0.1'", 'llama_cpp': "<module 'instructlab.model.backends.llama_cpp' from '/testbed/src/instructlab/model/backends/llama_cpp.py'>", 'log_file': "PosixPath('/tmp/serve-backend-7.log')", 'max_ctx_size': '4816', 'model_family': "'family-2-variant'", 'model_path': "PosixPath('/models/generated-12-29')", 'num_threads': '5', 'port': '8345', 'root_logger': '<RootLogger root (WARNING)>', 'vllm': "<module 'instructlab.model.backends.vllm' from '/testbed/src/instructlab/model/backends/vllm.py'>"}
2026-08-23 05:06:47.352 /testbed/src/instructlab/model/serve_backend.py:168 instructlab.model.serve_backend.serve_backend event=line locals={}
2026-08-23 05:06:47.352 /testbed/src/instructlab/model/serve_backend.py:168 instructlab.model.serve_backend.serve_backend event=exception exc=SystemExit: SystemExit(0) locals={}
2026-08-23 05:06:47.352 /testbed/src/instructlab/model/serve_backend.py:168 instructlab.model.serve_backend.serve_backend event=return retval=None locals={'backend': "'llama-cpp'", 'backend_instance': '<testcase.TestServeBackendExceptionPaths.test_cli_serve_handles_backend_failures_before_shutdown.<locals>.FakeServer object at 0x7611f3b80d10>', 'chat_template': "'template-5-beta'", 'ctx': '<testcase.TestServeBackendExceptionPaths.test_cli_serve_handles_backend_failures_before_shutdown.<locals>.FakeContext object at 0x7611f41b24d0>', 'gpu_layers': '1', 'gpus': 'None', 'host': "'127.0.0.1'", 'llama_cpp': "<module 'instructlab.model.backends.llama_cpp' from '/testbed/src/instructlab/model/backends/llama_cpp.py'>", 'log_file': "PosixPath('/tmp/serve-backend-7.log')", 'max_ctx_size': '4816', 'model_family': "'family-2-variant'", 'model_path': "PosixPath('/models/generated-12-29')", 'num_threads': '5', 'port': '8345', 'root_logger': '<RootLogger root (WARNING)>', 'vllm': "<module 'instructlab.model.backends.vllm' from '/testbed/src/instructlab/model/backends/vllm.py'>"}
2026-08-23 05:06:47.353 /testbed/src/instructlab/model/serve_backend.py:51 instructlab.model.serve_backend.serve_backend event=call locals={'backend': "'llama-cpp'", 'chat_template': 'None', 'ctx': '<testcase.TestServeBackendExceptionPaths.test_cli_serve_handles_backend_failures_before_shutdown.<locals>.FakeContext object at 0x7611f41b24d0>', 'gpu_layers': '8', 'gpus': 'None', 'host': "'0.0.0.0'", 'log_file': 'None', 'max_ctx_size': '4864', 'model_family': "'family-3-variant'", 'model_path': "PosixPath('/models/generated-13-30')", 'num_threads': '0', 'port': '8350'}
2026-08-23 05:06:47.353 /testbed/src/instructlab/model/serve_backend.py:67 instructlab.model.serve_backend.serve_backend event=line locals={}
2026-08-23 05:06:47.353 /testbed/src/instructlab/model/serve_backend.py:68 instructlab.model.serve_backend.serve_backend event=line locals={'root_logger': '<RootLogger root (WARNING)>'}
2026-08-23 05:06:47.353 /testbed/src/instructlab/model/serve_backend.py:72 instructlab.model.serve_backend.serve_backend event=line locals={}
2026-08-23 05:06:47.353 /testbed/src/instructlab/model/serve_backend.py:74 instructlab.model.serve_backend.serve_backend event=line locals={'llama_cpp': "<module 'instructlab.model.backends.llama_cpp' from '/testbed/src/instructlab/model/backends/llama_cpp.py'>", 'vllm': "<module 'instructlab.model.backends.vllm' from '/testbed/src/instructlab/model/backends/vllm.py'>"}
2026-08-23 05:06:47.353 /testbed/src/instructlab/model/serve_backend.py:75 instructlab.model.serve_backend.serve_backend event=line locals={}
2026-08-23 05:06:47.353 /testbed/src/instructlab/model/serve_backend.py:79 instructlab.model.serve_backend.serve_backend event=line locals={}
2026-08-23 05:06:47.353 /testbed/src/instructlab/model/serve_backend.py:80 instructlab.model.serve_backend.serve_backend event=line locals={}
2026-08-23 05:06:47.353 /testbed/src/instructlab/model/serve_backend.py:81 instructlab.model.serve_backend.serve_backend event=line locals={}
2026-08-23 05:06:47.353 /testbed/src/instructlab/model/serve_backend.py:82 instructlab.model.serve_backend.serve_backend event=line locals={}
2026-08-23 05:06:47.353 /testbed/src/instructlab/model/serve_backend.py:83 instructlab.model.serve_backend.serve_backend event=line locals={}
2026-08-23 05:06:47.354 /testbed/src/instructlab/model/serve_backend.py:85 instructlab.model.serve_backend.serve_backend event=line locals={'chat_template': "'default-template-alpha'"}
2026-08-23 05:06:47.354 /testbed/src/instructlab/model/serve_backend.py:86 instructlab.model.serve_backend.serve_backend event=line locals={}
2026-08-23 05:06:47.354 /testbed/src/instructlab/model/serve_backend.py:85 instructlab.model.serve_backend.serve_backend event=line locals={}
2026-08-23 05:06:47.354 /testbed/src/instructlab/model/serve_backend.py:90 instructlab.model.serve_backend.serve_backend event=line locals={}
2026-08-23 05:06:47.354 /testbed/src/instructlab/model/serve_backend.py:91 instructlab.model.serve_backend.serve_backend event=line locals={}
2026-08-23 05:06:47.354 /testbed/src/instructlab/model/serve_backend.py:93 instructlab.model.serve_backend.serve_backend event=line locals={}
2026-08-23 05:06:47.354 /testbed/src/instructlab/model/serve_backend.py:94 instructlab.model.serve_backend.serve_backend event=line locals={}
2026-08-23 05:06:47.354 /testbed/src/instructlab/model/serve_backend.py:95 instructlab.model.serve_backend.serve_backend event=line locals={}
2026-08-23 05:06:47.354 /testbed/src/instructlab/model/serve_backend.py:96 instructlab.model.serve_backend.serve_backend event=line locals={}
2026-08-23 05:06:47.354 /testbed/src/instructlab/model/serve_backend.py:97 instructlab.model.serve_backend.serve_backend event=line locals={}
2026-08-23 05:06:47.354 /testbed/src/instructlab/model/serve_backend.py:98 instructlab.model.serve_backend.serve_backend event=line locals={}
2026-08-23 05:06:47.354 /testbed/src/instructlab/model/serve_backend.py:99 instructlab.model.serve_backend.serve_backend event=line locals={}
2026-08-23 05:06:47.354 /testbed/src/instructlab/model/serve_backend.py:100 instructlab.model.serve_backend.serve_backend event=line locals={}
2026-08-23 05:06:47.354 /testbed/src/instructlab/model/serve_backend.py:101 instructlab.model.serve_backend.serve_backend event=line locals={}
2026-08-23 05:06:47.354 /testbed/src/instructlab/model/serve_backend.py:102 instructlab.model.serve_backend.serve_backend event=line locals={}
2026-08-23 05:06:47.354 /testbed/src/instructlab/model/serve_backend.py:103 instructlab.model.serve_backend.serve_backend event=line locals={}
2026-08-23 05:06:47.354 /testbed/src/instructlab/model/serve_backend.py:93 instructlab.model.serve_backend.serve_backend event=line locals={}
2026-08-23 05:06:47.354 /testbed/src/instructlab/model/serve_backend.py:160 instructlab.model.serve_backend.serve_backend event=line locals={'backend_instance': '<testcase.TestServeBackendExceptionPaths.test_cli_serve_handles_backend_failures_before_shutdown.<locals>.FakeServer object at 0x7611f3b81110>'}
2026-08-23 05:06:47.354 /testbed/src/instructlab/model/serve_backend.py:161 instructlab.model.serve_backend.serve_backend event=line locals={}
2026-08-23 05:06:47.354 /testbed/src/instructlab/model/serve_backend.py:161 instructlab.model.serve_backend.serve_backend event=exception exc=ServerException: ServerException('backend-cycle-30-717') locals={}
2026-08-23 05:06:47.354 /testbed/src/instructlab/model/serve_backend.py:162 instructlab.model.serve_backend.serve_backend event=line locals={'backend': "'llama-cpp'", 'backend_instance': '<testcase.TestServeBackendExceptionPaths.test_cli_serve_handles_backend_failures_before_shutdown.<locals>.FakeServer object at 0x7611f3b81110>', 'chat_template': "'default-template-alpha'", 'ctx': '<testcase.TestServeBackendExceptionPaths.test_cli_serve_handles_backend_failures_before_shutdown.<locals>.FakeContext object at 0x7611f41b24d0>', 'gpu_layers': '8', 'gpus': 'None', 'host': "'0.0.0.0'", 'llama_cpp': "<module 'instructlab.model.backends.llama_cpp' from '/testbed/src/instructlab/model/backends/llama_cpp.py'>", 'log_file': 'None', 'max_ctx_size': '4864', 'model_family': "'family-3-variant'", 'model_path': "PosixPath('/models/generated-13-30')", 'num_threads': '0', 'port': '8350', 'root_logger': '<RootLogger root (WARNING)>', 'vllm': "<module 'instructlab.model.backends.vllm' from '/testbed/src/instructlab/model/backends/vllm.py'>"}
2026-08-23 05:06:47.354 /testbed/src/instructlab/model/serve_backend.py:163 instructlab.model.serve_backend.serve_backend event=line locals={'exc': "ServerException('backend-cycle-30-717')"}
2026-08-23 05:06:47.354 /testbed/src/instructlab/model/serve_backend.py:163 instructlab.model.serve_backend.serve_backend event=exception exc=RuntimeError: RuntimeError('Error creating server: backend-cycle-30-717') locals={}
2026-08-23 05:06:47.354 /testbed/src/instructlab/model/serve_backend.py:167 instructlab.model.serve_backend.serve_backend event=line locals={'backend': "'llama-cpp'", 'backend_instance': '<testcase.TestServeBackendExceptionPaths.test_cli_serve_handles_backend_failures_before_shutdown.<locals>.FakeServer object at 0x7611f3b81110>', 'chat_template': "'default-template-alpha'", 'ctx': '<testcase.TestServeBackendExceptionPaths.test_cli_serve_handles_backend_failures_before_shutdown.<locals>.FakeContext object at 0x7611f41b24d0>', 'gpu_layers': '8', 'gpus': 'None', 'host': "'0.0.0.0'", 'llama_cpp': "<module 'instructlab.model.backends.llama_cpp' from '/testbed/src/instructlab/model/backends/llama_cpp.py'>", 'log_file': 'None', 'max_ctx_size': '4864', 'model_family': "'family-3-variant'", 'model_path': "PosixPath('/models/generated-13-30')", 'num_threads': '0', 'port': '8350', 'root_logger': '<RootLogger root (WARNING)>', 'vllm': "<module 'instructlab.model.backends.vllm' from '/testbed/src/instructlab/model/backends/vllm.py'>"}
2026-08-23 05:06:47.354 /testbed/src/instructlab/model/serve_backend.py:168 instructlab.model.serve_backend.serve_backend event=line locals={}
2026-08-23 05:06:47.354 /testbed/src/instructlab/model/serve_backend.py:168 instructlab.model.serve_backend.serve_backend event=exception exc=SystemExit: SystemExit(0) locals={}
2026-08-23 05:06:47.354 /testbed/src/instructlab/model/serve_backend.py:168 instructlab.model.serve_backend.serve_backend event=return retval=None locals={'backend': "'llama-cpp'", 'backend_instance': '<testcase.TestServeBackendExceptionPaths.test_cli_serve_handles_backend_failures_before_shutdown.<locals>.FakeServer object at 0x7611f3b81110>', 'chat_template': "'default-template-alpha'", 'ctx': '<testcase.TestServeBackendExceptionPaths.test_cli_serve_handles_backend_failures_before_shutdown.<locals>.FakeContext object at 0x7611f41b24d0>', 'gpu_layers': '8', 'gpus': 'None', 'host': "'0.0.0.0'", 'llama_cpp': "<module 'instructlab.model.backends.llama_cpp' from '/testbed/src/instructlab/model/backends/llama_cpp.py'>", 'log_file': 'None', 'max_ctx_size': '4864', 'model_family': "'family-3-variant'", 'model_path': "PosixPath('/models/generated-13-30')", 'num_threads': '0', 'port': '8350', 'root_logger': '<RootLogger root (WARNING)>', 'vllm': "<module 'instructlab.model.backends.vllm' from '/testbed/src/instructlab/model/backends/vllm.py'>"}
2026-08-23 05:06:47.355 /testbed/src/instructlab/model/serve_backend.py:51 instructlab.model.serve_backend.serve_backend event=call locals={'backend': "'llama-cpp'", 'chat_template': "'template-7-beta'", 'ctx': '<testcase.TestServeBackendExceptionPaths.test_cli_serve_handles_backend_failures_before_shutdown.<locals>.FakeContext object at 0x7611f41b24d0>', 'gpu_layers': '15', 'gpus': 'None', 'host': "'127.0.0.1'", 'log_file': "PosixPath('/tmp/serve-backend-9.log')", 'max_ctx_size': '4912', 'model_family': "'family-4-variant'", 'model_path': "PosixPath('/models/generated-14-31')", 'num_threads': '1', 'port': '8355'}
2026-08-23 05:06:47.355 /testbed/src/instructlab/model/serve_backend.py:67 instructlab.model.serve_backend.serve_backend event=line locals={}
2026-08-23 05:06:47.355 /testbed/src/instructlab/model/serve_backend.py:68 instructlab.model.serve_backend.serve_backend event=line locals={'root_logger': '<RootLogger root (WARNING)>'}
2026-08-23 05:06:47.355 /testbed/src/instructlab/model/serve_backend.py:69 instructlab.model.serve_backend.serve_backend event=line locals={}
2026-08-23 05:06:47.355 /testbed/src/instructlab/model/serve_backend.py:72 instructlab.model.serve_backend.serve_backend event=line locals={}
2026-08-23 05:06:47.355 /testbed/src/instructlab/model/serve_backend.py:74 instructlab.model.serve_backend.serve_backend event=line locals={'llama_cpp': "<module 'instructlab.model.backends.llama_cpp' from '/testbed/src/instructlab/model/backends/llama_cpp.py'>", 'vllm': "<module 'instructlab.model.backends.vllm' from '/testbed/src/instructlab/model/backends/vllm.py'>"}
2026-08-23 05:06:47.355 /testbed/src/instructlab/model/serve_backend.py:75 instructlab.model.serve_backend.serve_backend event=line locals={}
2026-08-23 05:06:47.356 /testbed/src/instructlab/model/serve_backend.py:79 instructlab.model.serve_backend.serve_backend event=line locals={}
2026-08-23 05:06:47.356 /testbed/src/instructlab/model/serve_backend.py:80 instructlab.model.serve_backend.serve_backend event=line locals={}
2026-08-23 05:06:47.356 /testbed/src/instructlab/model/serve_backend.py:81 instructlab.model.serve_backend.serve_backend event=line locals={}
2026-08-23 05:06:47.356 /testbed/src/instructlab/model/serve_backend.py:82 instructlab.model.serve_backend.serve_backend event=line locals={}
2026-08-23 05:06:47.356 /testbed/src/instructlab/model/serve_backend.py:85 instructlab.model.serve_backend.serve_backend event=line locals={}
2026-08-23 05:06:47.356 /testbed/src/instructlab/model/serve_backend.py:86 instructlab.model.serve_backend.serve_backend event=line locals={}
2026-08-23 05:06:47.356 /testbed/src/instructlab/model/serve_backend.py:85 instructlab.model.serve_backend.serve_backend event=line locals={}
2026-08-23 05:06:47.356 /testbed/src/instructlab/model/serve_backend.py:90 instructlab.model.serve_backend.serve_backend event=line locals={}
2026-08-23 05:06:47.356 /testbed/src/instructlab/model/serve_backend.py:91 instructlab.model.serve_backend.serve_backend event=line locals={}
2026-08-23 05:06:47.356 /testbed/src/instructlab/model/serve_backend.py:93 instructlab.model.serve_backend.serve_backend event=line locals={}
2026-08-23 05:06:47.356 /testbed/src/instructlab/model/serve_backend.py:94 instructlab.model.serve_backend.serve_backend event=line locals={}
2026-08-23 05:06:47.356 /testbed/src/instructlab/model/serve_backend.py:95 instructlab.model.serve_backend.serve_backend event=line locals={}
2026-08-23 05:06:47.356 /testbed/src/instructlab/model/serve_backend.py:96 instructlab.model.serve_backend.serve_backend event=line locals={}
2026-08-23 05:06:47.356 /testbed/src/instructlab/model/serve_backend.py:97 instructlab.model.serve_backend.serve_backend event=line locals={}
2026-08-23 05:06:47.356 /testbed/src/instructlab/model/serve_backend.py:98 instructlab.model.serve_backend.serve_backend event=line locals={}
2026-08-23 05:06:47.356 /testbed/src/instructlab/model/serve_backend.py:99 instructlab.model.serve_backend.serve_backend event=line locals={}
2026-08-23 05:06:47.356 /testbed/src/instructlab/model/serve_backend.py:100 instructlab.model.serve_backend.serve_backend event=line locals={}
2026-08-23 05:06:47.356 /testbed/src/instructlab/model/serve_backend.py:101 instructlab.model.serve_backend.serve_backend event=line locals={}
2026-08-23 05:06:47.356 /testbed/src/instructlab/model/serve_backend.py:102 instructlab.model.serve_backend.serve_backend event=line locals={}
2026-08-23 05:06:47.356 /testbed/src/instructlab/model/serve_backend.py:103 instructlab.model.serve_backend.serve_backend event=line locals={}
2026-08-23 05:06:47.356 /testbed/src/instructlab/model/serve_backend.py:93 instructlab.model.serve_backend.serve_backend event=line locals={}
2026-08-23 05:06:47.356 /testbed/src/instructlab/model/serve_backend.py:160 instructlab.model.serve_backend.serve_backend event=line locals={'backend_instance': '<testcase.TestServeBackendExceptionPaths.test_cli_serve_handles_backend_failures_before_shutdown.<locals>.FakeServer object at 0x7611f3b817d0>'}
2026-08-23 05:06:47.356 /testbed/src/instructlab/model/serve_backend.py:161 instructlab.model.serve_backend.serve_backend event=line locals={}
2026-08-23 05:06:47.356 /testbed/src/instructlab/model/serve_backend.py:161 instructlab.model.serve_backend.serve_backend event=exception exc=ServerException: ServerException('backend-cycle-31-717') locals={}
2026-08-23 05:06:47.356 /testbed/src/instructlab/model/serve_backend.py:162 instructlab.model.serve_backend.serve_backend event=line locals={'backend': "'llama-cpp'", 'backend_instance': '<testcase.TestServeBackendExceptionPaths.test_cli_serve_handles_backend_failures_before_shutdown.<locals>.FakeServer object at 0x7611f3b817d0>', 'chat_template': "'template-7-beta'", 'ctx': '<testcase.TestServeBackendExceptionPaths.test_cli_serve_handles_backend_failures_before_shutdown.<locals>.FakeContext object at 0x7611f41b24d0>', 'gpu_layers': '15', 'gpus': 'None', 'host': "'127.0.0.1'", 'llama_cpp': "<module 'instructlab.model.backends.llama_cpp' from '/testbed/src/instructlab/model/backends/llama_cpp.py'>", 'log_file': "PosixPath('/tmp/serve-backend-9.log')", 'max_ctx_size': '4912', 'model_family': "'family-4-variant'", 'model_path': "PosixPath('/models/generated-14-31')", 'num_threads': '1', 'port': '8355', 'root_logger': '<RootLogger root (WARNING)>', 'vllm': "<module 'instructlab.model.backends.vllm' from '/testbed/src/instructlab/model/backends/vllm.py'>"}
2026-08-23 05:06:47.356 /testbed/src/instructlab/model/serve_backend.py:163 instructlab.model.serve_backend.serve_backend event=line locals={'exc': "ServerException('backend-cycle-31-717')"}
2026-08-23 05:06:47.357 /testbed/src/instructlab/model/serve_backend.py:163 instructlab.model.serve_backend.serve_backend event=exception exc=RuntimeError: RuntimeError('Error creating server: backend-cycle-31-717') locals={}
2026-08-23 05:06:47.357 /testbed/src/instructlab/model/serve_backend.py:167 instructlab.model.serve_backend.serve_backend event=line locals={'backend': "'llama-cpp'", 'backend_instance': '<testcase.TestServeBackendExceptionPaths.test_cli_serve_handles_backend_failures_before_shutdown.<locals>.FakeServer object at 0x7611f3b817d0>', 'chat_template': "'template-7-beta'", 'ctx': '<testcase.TestServeBackendExceptionPaths.test_cli_serve_handles_backend_failures_before_shutdown.<locals>.FakeContext object at 0x7611f41b24d0>', 'gpu_layers': '15', 'gpus': 'None', 'host': "'127.0.0.1'", 'llama_cpp': "<module 'instructlab.model.backends.llama_cpp' from '/testbed/src/instructlab/model/backends/llama_cpp.py'>", 'log_file': "PosixPath('/tmp/serve-backend-9.log')", 'max_ctx_size': '4912', 'model_family': "'family-4-variant'", 'model_path': "PosixPath('/models/generated-14-31')", 'num_threads': '1', 'port': '8355', 'root_logger': '<RootLogger root (WARNING)>', 'vllm': "<module 'instructlab.model.backends.vllm' from '/testbed/src/instructlab/model/backends/vllm.py'>"}
2026-08-23 05:06:47.357 /testbed/src/instructlab/model/serve_backend.py:168 instructlab.model.serve_backend.serve_backend event=line locals={}
2026-08-23 05:06:47.357 /testbed/src/instructlab/model/serve_backend.py:168 instructlab.model.serve_backend.serve_backend event=exception exc=SystemExit: SystemExit(0) locals={}
2026-08-23 05:06:47.357 /testbed/src/instructlab/model/serve_backend.py:168 instructlab.model.serve_backend.serve_backend event=return retval=None locals={'backend': "'llama-cpp'", 'backend_instance': '<testcase.TestServeBackendExceptionPaths.test_cli_serve_handles_backend_failures_before_shutdown.<locals>.FakeServer object at 0x7611f3b817d0>', 'chat_template': "'template-7-beta'", 'ctx': '<testcase.TestServeBackendExceptionPaths.test_cli_serve_handles_backend_failures_before_shutdown.<locals>.FakeContext object at 0x7611f41b24d0>', 'gpu_layers': '15', 'gpus': 'None', 'host': "'127.0.0.1'", 'llama_cpp': "<module 'instructlab.model.backends.llama_cpp' from '/testbed/src/instructlab/model/backends/llama_cpp.py'>", 'log_file': "PosixPath('/tmp/serve-backend-9.log')", 'max_ctx_size': '4912', 'model_family': "'family-4-variant'", 'model_path': "PosixPath('/models/generated-14-31')", 'num_threads': '1', 'port': '8355', 'root_logger': '<RootLogger root (WARNING)>', 'vllm': "<module 'instructlab.model.backends.vllm' from '/testbed/src/instructlab/model/backends/vllm.py'>"}
2026-08-23 05:06:47.357 /testbed/src/instructlab/model/serve_backend.py:51 instructlab.model.serve_backend.serve_backend event=call locals={'backend': "'llama-cpp'", 'chat_template': 'None', 'ctx': '<testcase.TestServeBackendExceptionPaths.test_cli_serve_handles_backend_failures_before_shutdown.<locals>.FakeContext object at 0x7611f41b24d0>', 'gpu_layers': '22', 'gpus': 'None', 'host': "'127.0.0.1'", 'log_file': "PosixPath('/tmp/serve-backend-10.log')", 'max_ctx_size': '4960', 'model_family': "'family-5-variant'", 'model_path': "PosixPath('/models/generated-15-32')", 'num_threads': 'None', 'port': '8360'}
2026-08-23 05:06:47.357 /testbed/src/instructlab/model/serve_backend.py:67 instructlab.model.serve_backend.serve_backend event=line locals={}
2026-08-23 05:06:47.357 /testbed/src/instructlab/model/serve_backend.py:68 instructlab.model.serve_backend.serve_backend event=line locals={'root_logger': '<RootLogger root (WARNING)>'}
2026-08-23 05:06:47.357 /testbed/src/instructlab/model/serve_backend.py:69 instructlab.model.serve_backend.serve_backend event=line locals={}
2026-08-23 05:06:47.358 /testbed/src/instructlab/model/serve_backend.py:72 instructlab.model.serve_backend.serve_backend event=line locals={}
2026-08-23 05:06:47.358 /testbed/src/instructlab/model/serve_backend.py:74 instructlab.model.serve_backend.serve_backend event=line locals={'llama_cpp': "<module 'instructlab.model.backends.llama_cpp' from '/testbed/src/instructlab/model/backends/llama_cpp.py'>", 'vllm': "<module 'instructlab.model.backends.vllm' from '/testbed/src/instructlab/model/backends/vllm.py'>"}
2026-08-23 05:06:47.358 /testbed/src/instructlab/model/serve_backend.py:75 instructlab.model.serve_backend.serve_backend event=line locals={}
2026-08-23 05:06:47.358 /testbed/src/instructlab/model/serve_backend.py:79 instructlab.model.serve_backend.serve_backend event=line locals={}
2026-08-23 05:06:47.358 /testbed/src/instructlab/model/serve_backend.py:80 instructlab.model.serve_backend.serve_backend event=line locals={}
2026-08-23 05:06:47.358 /testbed/src/instructlab/model/serve_backend.py:81 instructlab.model.serve_backend.serve_backend event=line locals={}
2026-08-23 05:06:47.358 /testbed/src/instructlab/model/serve_backend.py:82 instructlab.model.serve_backend.serve_backend event=line locals={}
2026-08-23 05:06:47.358 /testbed/src/instructlab/model/serve_backend.py:83 instructlab.model.serve_backend.serve_backend event=line locals={}
2026-08-23 05:06:47.358 /testbed/src/instructlab/model/serve_backend.py:85 instructlab.model.serve_backend.serve_backend event=line locals={'chat_template': "'default-template-alpha'"}
2026-08-23 05:06:47.358 /testbed/src/instructlab/model/serve_backend.py:86 instructlab.model.serve_backend.serve_backend event=line locals={}
2026-08-23 05:06:47.358 /testbed/src/instructlab/model/serve_backend.py:85 instructlab.model.serve_backend.serve_backend event=line locals={}
2026-08-23 05:06:47.358 /testbed/src/instructlab/model/serve_backend.py:90 instructlab.model.serve_backend.serve_backend event=line locals={}
2026-08-23 05:06:47.358 /testbed/src/instructlab/model/serve_backend.py:91 instructlab.model.serve_backend.serve_backend event=line locals={}
2026-08-23 05:06:47.358 /testbed/src/instructlab/model/serve_backend.py:93 instructlab.model.serve_backend.serve_backend event=line locals={}
2026-08-23 05:06:47.358 /testbed/src/instructlab/model/serve_backend.py:94 instructlab.model.serve_backend.serve_backend event=line locals={}
2026-08-23 05:06:47.358 /testbed/src/instructlab/model/serve_backend.py:95 instructlab.model.serve_backend.serve_backend event=line locals={}
2026-08-23 05:06:47.358 /testbed/src/instructlab/model/serve_backend.py:96 instructlab.model.serve_backend.serve_backend event=line locals={}
2026-08-23 05:06:47.358 /testbed/src/instructlab/model/serve_backend.py:97 instructlab.model.serve_backend.serve_backend event=line locals={}
2026-08-23 05:06:47.358 /testbed/src/instructlab/model/serve_backend.py:98 instructlab.model.serve_backend.serve_backend event=line locals={}
2026-08-23 05:06:47.358 /testbed/src/instructlab/model/serve_backend.py:99 instructlab.model.serve_backend.serve_backend event=line locals={}
2026-08-23 05:06:47.358 /testbed/src/instructlab/model/serve_backend.py:100 instructlab.model.serve_backend.serve_backend event=line locals={}
2026-08-23 05:06:47.358 /testbed/src/instructlab/model/serve_backend.py:101 instructlab.model.serve_backend.serve_backend event=line locals={}
2026-08-23 05:06:47.358 /testbed/src/instructlab/model/serve_backend.py:102 instructlab.model.serve_backend.serve_backend event=line locals={}
2026-08-23 05:06:47.358 /testbed/src/instructlab/model/serve_backend.py:103 instructlab.model.serve_backend.serve_backend event=line locals={}
2026-08-23 05:06:47.359 /testbed/src/instructlab/model/serve_backend.py:93 instructlab.model.serve_backend.serve_backend event=line locals={}
2026-08-23 05:06:47.359 /testbed/src/instructlab/model/serve_backend.py:160 instructlab.model.serve_backend.serve_backend event=line locals={'backend_instance': '<testcase.TestServeBackendExceptionPaths.test_cli_serve_handles_backend_failures_before_shutdown.<locals>.FakeServer object at 0x7611f3b81e50>'}
2026-08-23 05:06:47.359 /testbed/src/instructlab/model/serve_backend.py:161 instructlab.model.serve_backend.serve_backend event=line locals={}
2026-08-23 05:06:47.359 /testbed/src/instructlab/model/serve_backend.py:161 instructlab.model.serve_backend.serve_backend event=exception exc=ServerException: ServerException('backend-cycle-32-717') locals={}
2026-08-23 05:06:47.359 /testbed/src/instructlab/model/serve_backend.py:162 instructlab.model.serve_backend.serve_backend event=line locals={'backend': "'llama-cpp'", 'backend_instance': '<testcase.TestServeBackendExceptionPaths.test_cli_serve_handles_backend_failures_before_shutdown.<locals>.FakeServer object at 0x7611f3b81e50>', 'chat_template': "'default-template-alpha'", 'ctx': '<testcase.TestServeBackendExceptionPaths.test_cli_serve_handles_backend_failures_before_shutdown.<locals>.FakeContext object at 0x7611f41b24d0>', 'gpu_layers': '22', 'gpus': 'None', 'host': "'127.0.0.1'", 'llama_cpp': "<module 'instructlab.model.backends.llama_cpp' from '/testbed/src/instructlab/model/backends/llama_cpp.py'>", 'log_file': "PosixPath('/tmp/serve-backend-10.log')", 'max_ctx_size': '4960', 'model_family': "'family-5-variant'", 'model_path': "PosixPath('/models/generated-15-32')", 'num_threads': 'None', 'port': '8360', 'root_logger': '<RootLogger root (WARNING)>', 'vllm': "<module 'instructlab.model.backends.vllm' from '/testbed/src/instructlab/model/backends/vllm.py'>"}
2026-08-23 05:06:47.359 /testbed/src/instructlab/model/serve_backend.py:163 instructlab.model.serve_backend.serve_backend event=line locals={'exc': "ServerException('backend-cycle-32-717')"}
2026-08-23 05:06:47.359 /testbed/src/instructlab/model/serve_backend.py:163 instructlab.model.serve_backend.serve_backend event=exception exc=RuntimeError: RuntimeError('Error creating server: backend-cycle-32-717') locals={}
2026-08-23 05:06:47.359 /testbed/src/instructlab/model/serve_backend.py:167 instructlab.model.serve_backend.serve_backend event=line locals={'backend': "'llama-cpp'", 'backend_instance': '<testcase.TestServeBackendExceptionPaths.test_cli_serve_handles_backend_failures_before_shutdown.<locals>.FakeServer object at 0x7611f3b81e50>', 'chat_template': "'default-template-alpha'", 'ctx': '<testcase.TestServeBackendExceptionPaths.test_cli_serve_handles_backend_failures_before_shutdown.<locals>.FakeContext object at 0x7611f41b24d0>', 'gpu_layers': '22', 'gpus': 'None', 'host': "'127.0.0.1'", 'llama_cpp': "<module 'instructlab.model.backends.llama_cpp' from '/testbed/src/instructlab/model/backends/llama_cpp.py'>", 'log_file': "PosixPath('/tmp/serve-backend-10.log')", 'max_ctx_size': '4960', 'model_family': "'family-5-variant'", 'model_path': "PosixPath('/models/generated-15-32')", 'num_threads': 'None', 'port': '8360', 'root_logger': '<RootLogger root (WARNING)>', 'vllm': "<module 'instructlab.model.backends.vllm' from '/testbed/src/instructlab/model/backends/vllm.py'>"}
2026-08-23 05:06:47.359 /testbed/src/instructlab/model/serve_backend.py:168 instructlab.model.serve_backend.serve_backend event=line locals={}
2026-08-23 05:06:47.359 /testbed/src/instructlab/model/serve_backend.py:168 instructlab.model.serve_backend.serve_backend event=exception exc=SystemExit: SystemExit(0) locals={}
2026-08-23 05:06:47.359 /testbed/src/instructlab/model/serve_backend.py:168 instructlab.model.serve_backend.serve_backend event=return retval=None locals={'backend': "'llama-cpp'", 'backend_instance': '<testcase.TestServeBackendExceptionPaths.test_cli_serve_handles_backend_failures_before_shutdown.<locals>.FakeServer object at 0x7611f3b81e50>', 'chat_template': "'default-template-alpha'", 'ctx': '<testcase.TestServeBackendExceptionPaths.test_cli_serve_handles_backend_failures_before_shutdown.<locals>.FakeContext object at 0x7611f41b24d0>', 'gpu_layers': '22', 'gpus': 'None', 'host': "'127.0.0.1'", 'llama_cpp': "<module 'instructlab.model.backends.llama_cpp' from '/testbed/src/instructlab/model/backends/llama_cpp.py'>", 'log_file': "PosixPath('/tmp/serve-backend-10.log')", 'max_ctx_size': '4960', 'model_family': "'family-5-variant'", 'model_path': "PosixPath('/models/generated-15-32')", 'num_threads': 'None', 'port': '8360', 'root_logger': '<RootLogger root (WARNING)>', 'vllm': "<module 'instructlab.model.backends.vllm' from '/testbed/src/instructlab/model/backends/vllm.py'>"}
2026-08-23 05:06:47.359 /testbed/src/instructlab/model/serve_backend.py:51 instructlab.model.serve_backend.serve_backend event=call locals={'backend': "'llama-cpp'", 'chat_template': "'template-1-beta'", 'ctx': '<testcase.TestServeBackendExceptionPaths.test_cli_serve_handles_backend_failures_before_shutdown.<locals>.FakeContext object at 0x7611f41b24d0>', 'gpu_layers': '6', 'gpus': 'None', 'host': "'127.0.0.1'", 'log_file': 'None', 'max_ctx_size': '4096', 'model_family': "'family-6-variant'", 'model_path': "PosixPath('/models/generated-16-33')", 'num_threads': '3', 'port': '8365'}
2026-08-23 05:06:47.359 /testbed/src/instructlab/model/serve_backend.py:67 instructlab.model.serve_backend.serve_backend event=line locals={}
2026-08-23 05:06:47.359 /testbed/src/instructlab/model/serve_backend.py:68 instructlab.model.serve_backend.serve_backend event=line locals={'root_logger': '<RootLogger root (WARNING)>'}
2026-08-23 05:06:47.359 /testbed/src/instructlab/model/serve_backend.py:72 instructlab.model.serve_backend.serve_backend event=line locals={}
2026-08-23 05:06:47.359 /testbed/src/instructlab/model/serve_backend.py:74 instructlab.model.serve_backend.serve_backend event=line locals={'llama_cpp': "<module 'instructlab.model.backends.llama_cpp' from '/testbed/src/instructlab/model/backends/llama_cpp.py'>", 'vllm': "<module 'instructlab.model.backends.vllm' from '/testbed/src/instructlab/model/backends/vllm.py'>"}
2026-08-23 05:06:47.359 /testbed/src/instructlab/model/serve_backend.py:75 instructlab.model.serve_backend.serve_backend event=line locals={}
2026-08-23 05:06:47.360 /testbed/src/instructlab/model/serve_backend.py:79 instructlab.model.serve_backend.serve_backend event=line locals={}
2026-08-23 05:06:47.360 /testbed/src/instructlab/model/serve_backend.py:80 instructlab.model.serve_backend.serve_backend event=line locals={}
2026-08-23 05:06:47.360 /testbed/src/instructlab/model/serve_backend.py:81 instructlab.model.serve_backend.serve_backend event=line locals={}
2026-08-23 05:06:47.360 /testbed/src/instructlab/model/serve_backend.py:82 instructlab.model.serve_backend.serve_backend event=line locals={}
2026-08-23 05:06:47.360 /testbed/src/instructlab/model/serve_backend.py:85 instructlab.model.serve_backend.serve_backend event=line locals={}
2026-08-23 05:06:47.360 /testbed/src/instructlab/model/serve_backend.py:86 instructlab.model.serve_backend.serve_backend event=line locals={}
2026-08-23 05:06:47.360 /testbed/src/instructlab/model/serve_backend.py:85 instructlab.model.serve_backend.serve_backend event=line locals={}
2026-08-23 05:06:47.360 /testbed/src/instructlab/model/serve_backend.py:90 instructlab.model.serve_backend.serve_backend event=line locals={}
2026-08-23 05:06:47.360 /testbed/src/instructlab/model/serve_backend.py:91 instructlab.model.serve_backend.serve_backend event=line locals={}
2026-08-23 05:06:47.360 /testbed/src/instructlab/model/serve_backend.py:93 instructlab.model.serve_backend.serve_backend event=line locals={}
2026-08-23 05:06:47.360 /testbed/src/instructlab/model/serve_backend.py:94 instructlab.model.serve_backend.serve_backend event=line locals={}
2026-08-23 05:06:47.360 /testbed/src/instructlab/model/serve_backend.py:95 instructlab.model.serve_backend.serve_backend event=line locals={}
2026-08-23 05:06:47.360 /testbed/src/instructlab/model/serve_backend.py:96 instructlab.model.serve_backend.serve_backend event=line locals={}
2026-08-23 05:06:47.360 /testbed/src/instructlab/model/serve_backend.py:97 instructlab.model.serve_backend.serve_backend event=line locals={}
2026-08-23 05:06:47.360 /testbed/src/instructlab/model/serve_backend.py:98 instructlab.model.serve_backend.serve_backend event=line locals={}
2026-08-23 05:06:47.360 /testbed/src/instructlab/model/serve_backend.py:99 instructlab.model.serve_backend.serve_backend event=line locals={}
2026-08-23 05:06:47.360 /testbed/src/instructlab/model/serve_backend.py:100 instructlab.model.serve_backend.serve_backend event=line locals={}
2026-08-23 05:06:47.360 /testbed/src/instructlab/model/serve_backend.py:101 instructlab.model.serve_backend.serve_backend event=line locals={}
2026-08-23 05:06:47.360 /testbed/src/instructlab/model/serve_backend.py:102 instructlab.model.serve_backend.serve_backend event=line locals={}
2026-08-23 05:06:47.360 /testbed/src/instructlab/model/serve_backend.py:103 instructlab.model.serve_backend.serve_backend event=line locals={}
2026-08-23 05:06:47.360 /testbed/src/instructlab/model/serve_backend.py:93 instructlab.model.serve_backend.serve_backend event=line locals={}
2026-08-23 05:06:47.360 /testbed/src/instructlab/model/serve_backend.py:160 instructlab.model.serve_backend.serve_backend event=line locals={'backend_instance': '<testcase.TestServeBackendExceptionPaths.test_cli_serve_handles_backend_failures_before_shutdown.<locals>.FakeServer object at 0x7611f3b81f10>'}
2026-08-23 05:06:47.360 /testbed/src/instructlab/model/serve_backend.py:161 instructlab.model.serve_backend.serve_backend event=line locals={}
2026-08-23 05:06:47.361 /testbed/src/instructlab/model/serve_backend.py:161 instructlab.model.serve_backend.serve_backend event=exception exc=ServerException: ServerException('backend-cycle-33-717') locals={}
2026-08-23 05:06:47.361 /testbed/src/instructlab/model/serve_backend.py:162 instructlab.model.serve_backend.serve_backend event=line locals={'backend': "'llama-cpp'", 'backend_instance': '<testcase.TestServeBackendExceptionPaths.test_cli_serve_handles_backend_failures_before_shutdown.<locals>.FakeServer object at 0x7611f3b81f10>', 'chat_template': "'template-1-beta'", 'ctx': '<testcase.TestServeBackendExceptionPaths.test_cli_serve_handles_backend_failures_before_shutdown.<locals>.FakeContext object at 0x7611f41b24d0>', 'gpu_layers': '6', 'gpus': 'None', 'host': "'127.0.0.1'", 'llama_cpp': "<module 'instructlab.model.backends.llama_cpp' from '/testbed/src/instructlab/model/backends/llama_cpp.py'>", 'log_file': 'None', 'max_ctx_size': '4096', 'model_family': "'family-6-variant'", 'model_path': "PosixPath('/models/generated-16-33')", 'num_threads': '3', 'port': '8365', 'root_logger': '<RootLogger root (WARNING)>', 'vllm': "<module 'instructlab.model.backends.vllm' from '/testbed/src/instructlab/model/backends/vllm.py'>"}
2026-08-23 05:06:47.361 /testbed/src/instructlab/model/serve_backend.py:163 instructlab.model.serve_backend.serve_backend event=line locals={'exc': "ServerException('backend-cycle-33-717')"}
2026-08-23 05:06:47.361 /testbed/src/instructlab/model/serve_backend.py:163 instructlab.model.serve_backend.serve_backend event=exception exc=RuntimeError: RuntimeError('Error creating server: backend-cycle-33-717') locals={}
2026-08-23 05:06:47.361 /testbed/src/instructlab/model/serve_backend.py:167 instructlab.model.serve_backend.serve_backend event=line locals={'backend': "'llama-cpp'", 'backend_instance': '<testcase.TestServeBackendExceptionPaths.test_cli_serve_handles_backend_failures_before_shutdown.<locals>.FakeServer object at 0x7611f3b81f10>', 'chat_template': "'template-1-beta'", 'ctx': '<testcase.TestServeBackendExceptionPaths.test_cli_serve_handles_backend_failures_before_shutdown.<locals>.FakeContext object at 0x7611f41b24d0>', 'gpu_layers': '6', 'gpus': 'None', 'host': "'127.0.0.1'", 'llama_cpp': "<module 'instructlab.model.backends.llama_cpp' from '/testbed/src/instructlab/model/backends/llama_cpp.py'>", 'log_file': 'None', 'max_ctx_size': '4096', 'model_family': "'family-6-variant'", 'model_path': "PosixPath('/models/generated-16-33')", 'num_threads': '3', 'port': '8365', 'root_logger': '<RootLogger root (WARNING)>', 'vllm': "<module 'instructlab.model.backends.vllm' from '/testbed/src/instructlab/model/backends/vllm.py'>"}
2026-08-23 05:06:47.361 /testbed/src/instructlab/model/serve_backend.py:168 instructlab.model.serve_backend.serve_backend event=line locals={}
2026-08-23 05:06:47.361 /testbed/src/instructlab/model/serve_backend.py:168 instructlab.model.serve_backend.serve_backend event=exception exc=SystemExit: SystemExit(0) locals={}
2026-08-23 05:06:47.361 /testbed/src/instructlab/model/serve_backend.py:168 instructlab.model.serve_backend.serve_backend event=return retval=None locals={'backend': "'llama-cpp'", 'backend_instance': '<testcase.TestServeBackendExceptionPaths.test_cli_serve_handles_backend_failures_before_shutdown.<locals>.FakeServer object at 0x7611f3b81f10>', 'chat_template': "'template-1-beta'", 'ctx': '<testcase.TestServeBackendExceptionPaths.test_cli_serve_handles_backend_failures_before_shutdown.<locals>.FakeContext object at 0x7611f41b24d0>', 'gpu_layers': '6', 'gpus': 'None', 'host': "'127.0.0.1'", 'llama_cpp': "<module 'instructlab.model.backends.llama_cpp' from '/testbed/src/instructlab/model/backends/llama_cpp.py'>", 'log_file': 'None', 'max_ctx_size': '4096', 'model_family': "'family-6-variant'", 'model_path': "PosixPath('/models/generated-16-33')", 'num_threads': '3', 'port': '8365', 'root_logger': '<RootLogger root (WARNING)>', 'vllm': "<module 'instructlab.model.backends.vllm' from '/testbed/src/instructlab/model/backends/vllm.py'>"}
2026-08-23 05:06:47.361 /testbed/src/instructlab/model/serve_backend.py:51 instructlab.model.serve_backend.serve_backend event=call locals={'backend': "'llama-cpp'", 'chat_template': 'None', 'ctx': '<testcase.TestServeBackendExceptionPaths.test_cli_serve_handles_backend_failures_before_shutdown.<locals>.FakeContext object at 0x7611f41b24d0>', 'gpu_layers': '13', 'gpus': 'None', 'host': "'127.0.0.1'", 'log_file': "PosixPath('/tmp/serve-backend-1.log')", 'max_ctx_size': '5056', 'model_family': "'family-7-variant'", 'model_path': "PosixPath('/models/generated-0-34')", 'num_threads': '4', 'port': '8370'}
2026-08-23 05:06:47.361 /testbed/src/instructlab/model/serve_backend.py:67 instructlab.model.serve_backend.serve_backend event=line locals={}
2026-08-23 05:06:47.361 /testbed/src/instructlab/model/serve_backend.py:68 instructlab.model.serve_backend.serve_backend event=line locals={'root_logger': '<RootLogger root (WARNING)>'}
2026-08-23 05:06:47.361 /testbed/src/instructlab/model/serve_backend.py:69 instructlab.model.serve_backend.serve_backend event=line locals={}
2026-08-23 05:06:47.362 /testbed/src/instructlab/model/serve_backend.py:72 instructlab.model.serve_backend.serve_backend event=line locals={}
2026-08-23 05:06:47.362 /testbed/src/instructlab/model/serve_backend.py:74 instructlab.model.serve_backend.serve_backend event=line locals={'llama_cpp': "<module 'instructlab.model.backends.llama_cpp' from '/testbed/src/instructlab/model/backends/llama_cpp.py'>", 'vllm': "<module 'instructlab.model.backends.vllm' from '/testbed/src/instructlab/model/backends/vllm.py'>"}
2026-08-23 05:06:47.362 /testbed/src/instructlab/model/serve_backend.py:75 instructlab.model.serve_backend.serve_backend event=line locals={}
2026-08-23 05:06:47.362 /testbed/src/instructlab/model/serve_backend.py:79 instructlab.model.serve_backend.serve_backend event=line locals={}
2026-08-23 05:06:47.362 /testbed/src/instructlab/model/serve_backend.py:80 instructlab.model.serve_backend.serve_backend event=line locals={}
2026-08-23 05:06:47.362 /testbed/src/instructlab/model/serve_backend.py:81 instructlab.model.serve_backend.serve_backend event=line locals={}
2026-08-23 05:06:47.362 /testbed/src/instructlab/model/serve_backend.py:82 instructlab.model.serve_backend.serve_backend event=line locals={}
2026-08-23 05:06:47.362 /testbed/src/instructlab/model/serve_backend.py:83 instructlab.model.serve_backend.serve_backend event=line locals={}
2026-08-23 05:06:47.362 /testbed/src/instructlab/model/serve_backend.py:85 instructlab.model.serve_backend.serve_backend event=line locals={'chat_template': "'default-template-alpha'"}
2026-08-23 05:06:47.362 /testbed/src/instructlab/model/serve_backend.py:86 instructlab.model.serve_backend.serve_backend event=line locals={}
2026-08-23 05:06:47.362 /testbed/src/instructlab/model/serve_backend.py:85 instructlab.model.serve_backend.serve_backend event=line locals={}
2026-08-23 05:06:47.362 /testbed/src/instructlab/model/serve_backend.py:90 instructlab.model.serve_backend.serve_backend event=line locals={}
2026-08-23 05:06:47.362 /testbed/src/instructlab/model/serve_backend.py:91 instructlab.model.serve_backend.serve_backend event=line locals={}
2026-08-23 05:06:47.362 /testbed/src/instructlab/model/serve_backend.py:93 instructlab.model.serve_backend.serve_backend event=line locals={}
2026-08-23 05:06:47.362 /testbed/src/instructlab/model/serve_backend.py:94 instructlab.model.serve_backend.serve_backend event=line locals={}
2026-08-23 05:06:47.362 /testbed/src/instructlab/model/serve_backend.py:95 instructlab.model.serve_backend.serve_backend event=line locals={}
2026-08-23 05:06:47.362 /testbed/src/instructlab/model/serve_backend.py:96 instructlab.model.serve_backend.serve_backend event=line locals={}
2026-08-23 05:06:47.362 /testbed/src/instructlab/model/serve_backend.py:97 instructlab.model.serve_backend.serve_backend event=line locals={}
2026-08-23 05:06:47.362 /testbed/src/instructlab/model/serve_backend.py:98 instructlab.model.serve_backend.serve_backend event=line locals={}
2026-08-23 05:06:47.362 /testbed/src/instructlab/model/serve_backend.py:99 instructlab.model.serve_backend.serve_backend event=line locals={}
2026-08-23 05:06:47.362 /testbed/src/instructlab/model/serve_backend.py:100 instructlab.model.serve_backend.serve_backend event=line locals={}
2026-08-23 05:06:47.362 /testbed/src/instructlab/model/serve_backend.py:101 instructlab.model.serve_backend.serve_backend event=line locals={}
2026-08-23 05:06:47.363 /testbed/src/instructlab/model/serve_backend.py:102 instructlab.model.serve_backend.serve_backend event=line locals={}
2026-08-23 05:06:47.363 /testbed/src/instructlab/model/serve_backend.py:103 instructlab.model.serve_backend.serve_backend event=line locals={}
2026-08-23 05:06:47.363 /testbed/src/instructlab/model/serve_backend.py:93 instructlab.model.serve_backend.serve_backend event=line locals={}
2026-08-23 05:06:47.363 /testbed/src/instructlab/model/serve_backend.py:160 instructlab.model.serve_backend.serve_backend event=line locals={'backend_instance': '<testcase.TestServeBackendExceptionPaths.test_cli_serve_handles_backend_failures_before_shutdown.<locals>.FakeServer object at 0x7611f3b82710>'}
2026-08-23 05:06:47.363 /testbed/src/instructlab/model/serve_backend.py:161 instructlab.model.serve_backend.serve_backend event=line locals={}
2026-08-23 05:06:47.363 /testbed/src/instructlab/model/serve_backend.py:161 instructlab.model.serve_backend.serve_backend event=exception exc=KeyboardInterrupt: KeyboardInterrupt('backend-cycle-34-465') locals={}
2026-08-23 05:06:47.363 /testbed/src/instructlab/model/serve_backend.py:162 instructlab.model.serve_backend.serve_backend event=line locals={'backend': "'llama-cpp'", 'backend_instance': '<testcase.TestServeBackendExceptionPaths.test_cli_serve_handles_backend_failures_before_shutdown.<locals>.FakeServer object at 0x7611f3b82710>', 'chat_template': "'default-template-alpha'", 'ctx': '<testcase.TestServeBackendExceptionPaths.test_cli_serve_handles_backend_failures_before_shutdown.<locals>.FakeContext object at 0x7611f41b24d0>', 'gpu_layers': '13', 'gpus': 'None', 'host': "'127.0.0.1'", 'llama_cpp': "<module 'instructlab.model.backends.llama_cpp' from '/testbed/src/instructlab/model/backends/llama_cpp.py'>", 'log_file': "PosixPath('/tmp/serve-backend-1.log')", 'max_ctx_size': '5056', 'model_family': "'family-7-variant'", 'model_path': "PosixPath('/models/generated-0-34')", 'num_threads': '4', 'port': '8370', 'root_logger': '<RootLogger root (WARNING)>', 'vllm': "<module 'instructlab.model.backends.vllm' from '/testbed/src/instructlab/model/backends/vllm.py'>"}
2026-08-23 05:06:47.363 /testbed/src/instructlab/model/serve_backend.py:164 instructlab.model.serve_backend.serve_backend event=line locals={}
2026-08-23 05:06:47.363 /testbed/src/instructlab/model/serve_backend.py:165 instructlab.model.serve_backend.serve_backend event=line locals={}
2026-08-23 05:06:47.363 /testbed/src/instructlab/model/serve_backend.py:167 instructlab.model.serve_backend.serve_backend event=line locals={}
2026-08-23 05:06:47.363 /testbed/src/instructlab/model/serve_backend.py:168 instructlab.model.serve_backend.serve_backend event=line locals={}
2026-08-23 05:06:47.363 /testbed/src/instructlab/model/serve_backend.py:168 instructlab.model.serve_backend.serve_backend event=exception exc=SystemExit: SystemExit(0) locals={}
2026-08-23 05:06:47.363 /testbed/src/instructlab/model/serve_backend.py:168 instructlab.model.serve_backend.serve_backend event=return retval=None locals={'backend': "'llama-cpp'", 'backend_instance': '<testcase.TestServeBackendExceptionPaths.test_cli_serve_handles_backend_failures_before_shutdown.<locals>.FakeServer object at 0x7611f3b82710>', 'chat_template': "'default-template-alpha'", 'ctx': '<testcase.TestServeBackendExceptionPaths.test_cli_serve_handles_backend_failures_before_shutdown.<locals>.FakeContext object at 0x7611f41b24d0>', 'gpu_layers': '13', 'gpus': 'None', 'host': "'127.0.0.1'", 'llama_cpp': "<module 'instructlab.model.backends.llama_cpp' from '/testbed/src/instructlab/model/backends/llama_cpp.py'>", 'log_file': "PosixPath('/tmp/serve-backend-1.log')", 'max_ctx_size': '5056', 'model_family': "'family-7-variant'", 'model_path': "PosixPath('/models/generated-0-34')", 'num_threads': '4', 'port': '8370', 'root_logger': '<RootLogger root (WARNING)>', 'vllm': "<module 'instructlab.model.backends.vllm' from '/testbed/src/instructlab/model/backends/vllm.py'>"}
2026-08-23 05:06:47.364 /testbed/src/instructlab/model/serve_backend.py:51 instructlab.model.serve_backend.serve_backend event=call locals={'backend': "'llama-cpp'", 'chat_template': "'template-3-beta'", 'ctx': '<testcase.TestServeBackendExceptionPaths.test_cli_serve_handles_backend_failures_before_shutdown.<locals>.FakeContext object at 0x7611f3b6a2d0>', 'gpu_layers': '20', 'gpus': 'None', 'host': "'127.0.0.1'", 'log_file': "PosixPath('/tmp/serve-backend-2.log')", 'max_ctx_size': '5440', 'model_family': "'family-8-variant'", 'model_path': "PosixPath('/models/generated-1-35')", 'num_threads': '5', 'port': '8375'}
2026-08-23 05:06:47.364 /testbed/src/instructlab/model/serve_backend.py:67 instructlab.model.serve_backend.serve_backend event=line locals={}
2026-08-23 05:06:47.364 /testbed/src/instructlab/model/serve_backend.py:68 instructlab.model.serve_backend.serve_backend event=line locals={'root_logger': '<RootLogger root (WARNING)>'}
2026-08-23 05:06:47.364 /testbed/src/instructlab/model/serve_backend.py:69 instructlab.model.serve_backend.serve_backend event=line locals={}
2026-08-23 05:06:47.364 /testbed/src/instructlab/model/serve_backend.py:72 instructlab.model.serve_backend.serve_backend event=line locals={}
2026-08-23 05:06:47.364 /testbed/src/instructlab/model/serve_backend.py:74 instructlab.model.serve_backend.serve_backend event=line locals={'llama_cpp': "<module 'instructlab.model.backends.llama_cpp' from '/testbed/src/instructlab/model/backends/llama_cpp.py'>", 'vllm': "<module 'instructlab.model.backends.vllm' from '/testbed/src/instructlab/model/backends/vllm.py'>"}
2026-08-23 05:06:47.364 /testbed/src/instructlab/model/serve_backend.py:75 instructlab.model.serve_backend.serve_backend event=line locals={}
2026-08-23 05:06:47.364 /testbed/src/instructlab/model/serve_backend.py:79 instructlab.model.serve_backend.serve_backend event=line locals={}
2026-08-23 05:06:47.364 /testbed/src/instructlab/model/serve_backend.py:80 instructlab.model.serve_backend.serve_backend event=line locals={}
2026-08-23 05:06:47.364 /testbed/src/instructlab/model/serve_backend.py:81 instructlab.model.serve_backend.serve_backend event=line locals={}
2026-08-23 05:06:47.364 /testbed/src/instructlab/model/serve_backend.py:82 instructlab.model.serve_backend.serve_backend event=line locals={}
2026-08-23 05:06:47.365 /testbed/src/instructlab/model/serve_backend.py:85 instructlab.model.serve_backend.serve_backend event=line locals={}
2026-08-23 05:06:47.365 /testbed/src/instructlab/model/serve_backend.py:86 instructlab.model.serve_backend.serve_backend event=line locals={}
2026-08-23 05:06:47.365 /testbed/src/instructlab/model/serve_backend.py:85 instructlab.model.serve_backend.serve_backend event=line locals={}
2026-08-23 05:06:47.365 /testbed/src/instructlab/model/serve_backend.py:90 instructlab.model.serve_backend.serve_backend event=line locals={}
2026-08-23 05:06:47.365 /testbed/src/instructlab/model/serve_backend.py:91 instructlab.model.serve_backend.serve_backend event=line locals={}
2026-08-23 05:06:47.365 /testbed/src/instructlab/model/serve_backend.py:93 instructlab.model.serve_backend.serve_backend event=line locals={}
2026-08-23 05:06:47.365 /testbed/src/instructlab/model/serve_backend.py:94 instructlab.model.serve_backend.serve_backend event=line locals={}
2026-08-23 05:06:47.365 /testbed/src/instructlab/model/serve_backend.py:95 instructlab.model.serve_backend.serve_backend event=line locals={}
2026-08-23 05:06:47.365 /testbed/src/instructlab/model/serve_backend.py:96 instructlab.model.serve_backend.serve_backend event=line locals={}
2026-08-23 05:06:47.365 /testbed/src/instructlab/model/serve_backend.py:97 instructlab.model.serve_backend.serve_backend event=line locals={}
2026-08-23 05:06:47.365 /testbed/src/instructlab/model/serve_backend.py:98 instructlab.model.serve_backend.serve_backend event=line locals={}
2026-08-23 05:06:47.365 /testbed/src/instructlab/model/serve_backend.py:99 instructlab.model.serve_backend.serve_backend event=line locals={}
2026-08-23 05:06:47.365 /testbed/src/instructlab/model/serve_backend.py:100 instructlab.model.serve_backend.serve_backend event=line locals={}
2026-08-23 05:06:47.365 /testbed/src/instructlab/model/serve_backend.py:101 instructlab.model.serve_backend.serve_backend event=line locals={}
2026-08-23 05:06:47.365 /testbed/src/instructlab/model/serve_backend.py:102 instructlab.model.serve_backend.serve_backend event=line locals={}
2026-08-23 05:06:47.365 /testbed/src/instructlab/model/serve_backend.py:103 instructlab.model.serve_backend.serve_backend event=line locals={}
2026-08-23 05:06:47.365 /testbed/src/instructlab/model/serve_backend.py:93 instructlab.model.serve_backend.serve_backend event=line locals={}
2026-08-23 05:06:47.365 /testbed/src/instructlab/model/serve_backend.py:160 instructlab.model.serve_backend.serve_backend event=line locals={'backend_instance': '<testcase.TestServeBackendExceptionPaths.test_cli_serve_handles_backend_failures_before_shutdown.<locals>.FakeServer object at 0x7611f3b81d10>'}
2026-08-23 05:06:47.365 /testbed/src/instructlab/model/serve_backend.py:161 instructlab.model.serve_backend.serve_backend event=line locals={}
2026-08-23 05:06:47.365 /testbed/src/instructlab/model/serve_backend.py:161 instructlab.model.serve_backend.serve_backend event=exception exc=ServerException: ServerException('backend-cycle-35-717') locals={}
2026-08-23 05:06:47.365 /testbed/src/instructlab/model/serve_backend.py:162 instructlab.model.serve_backend.serve_backend event=line locals={'backend': "'llama-cpp'", 'backend_instance': '<testcase.TestServeBackendExceptionPaths.test_cli_serve_handles_backend_failures_before_shutdown.<locals>.FakeServer object at 0x7611f3b81d10>', 'chat_template': "'template-3-beta'", 'ctx': '<testcase.TestServeBackendExceptionPaths.test_cli_serve_handles_backend_failures_before_shutdown.<locals>.FakeContext object at 0x7611f3b6a2d0>', 'gpu_layers': '20', 'gpus': 'None', 'host': "'127.0.0.1'", 'llama_cpp': "<module 'instructlab.model.backends.llama_cpp' from '/testbed/src/instructlab/model/backends/llama_cpp.py'>", 'log_file': "PosixPath('/tmp/serve-backend-2.log')", 'max_ctx_size': '5440', 'model_family': "'family-8-variant'", 'model_path': "PosixPath('/models/generated-1-35')", 'num_threads': '5', 'port': '8375', 'root_logger': '<RootLogger root (WARNING)>', 'vllm': "<module 'instructlab.model.backends.vllm' from '/testbed/src/instructlab/model/backends/vllm.py'>"}
2026-08-23 05:06:47.365 /testbed/src/instructlab/model/serve_backend.py:163 instructlab.model.serve_backend.serve_backend event=line locals={'exc': "ServerException('backend-cycle-35-717')"}
2026-08-23 05:06:47.365 /testbed/src/instructlab/model/serve_backend.py:163 instructlab.model.serve_backend.serve_backend event=exception exc=RuntimeError: RuntimeError('Error creating server: backend-cycle-35-717') locals={}
2026-08-23 05:06:47.365 /testbed/src/instructlab/model/serve_backend.py:167 instructlab.model.serve_backend.serve_backend event=line locals={'backend': "'llama-cpp'", 'backend_instance': '<testcase.TestServeBackendExceptionPaths.test_cli_serve_handles_backend_failures_before_shutdown.<locals>.FakeServer object at 0x7611f3b81d10>', 'chat_template': "'template-3-beta'", 'ctx': '<testcase.TestServeBackendExceptionPaths.test_cli_serve_handles_backend_failures_before_shutdown.<locals>.FakeContext object at 0x7611f3b6a2d0>', 'gpu_layers': '20', 'gpus': 'None', 'host': "'127.0.0.1'", 'llama_cpp': "<module 'instructlab.model.backends.llama_cpp' from '/testbed/src/instructlab/model/backends/llama_cpp.py'>", 'log_file': "PosixPath('/tmp/serve-backend-2.log')", 'max_ctx_size': '5440', 'model_family': "'family-8-variant'", 'model_path': "PosixPath('/models/generated-1-35')", 'num_threads': '5', 'port': '8375', 'root_logger': '<RootLogger root (WARNING)>', 'vllm': "<module 'instructlab.model.backends.vllm' from '/testbed/src/instructlab/model/backends/vllm.py'>"}
2026-08-23 05:06:47.365 /testbed/src/instructlab/model/serve_backend.py:168 instructlab.model.serve_backend.serve_backend event=line locals={}
2026-08-23 05:06:47.365 /testbed/src/instructlab/model/serve_backend.py:168 instructlab.model.serve_backend.serve_backend event=exception exc=SystemExit: SystemExit(0) locals={}
2026-08-23 05:06:47.365 /testbed/src/instructlab/model/serve_backend.py:168 instructlab.model.serve_backend.serve_backend event=return retval=None locals={'backend': "'llama-cpp'", 'backend_instance': '<testcase.TestServeBackendExceptionPaths.test_cli_serve_handles_backend_failures_before_shutdown.<locals>.FakeServer object at 0x7611f3b81d10>', 'chat_template': "'template-3-beta'", 'ctx': '<testcase.TestServeBackendExceptionPaths.test_cli_serve_handles_backend_failures_before_shutdown.<locals>.FakeContext object at 0x7611f3b6a2d0>', 'gpu_layers': '20', 'gpus': 'None', 'host': "'127.0.0.1'", 'llama_cpp': "<module 'instructlab.model.backends.llama_cpp' from '/testbed/src/instructlab/model/backends/llama_cpp.py'>", 'log_file': "PosixPath('/tmp/serve-backend-2.log')", 'max_ctx_size': '5440', 'model_family': "'family-8-variant'", 'model_path': "PosixPath('/models/generated-1-35')", 'num_threads': '5', 'port': '8375', 'root_logger': '<RootLogger root (WARNING)>', 'vllm': "<module 'instructlab.model.backends.vllm' from '/testbed/src/instructlab/model/backends/vllm.py'>"}
2026-08-23 05:06:47.366 /testbed/src/instructlab/model/serve_backend.py:51 instructlab.model.serve_backend.serve_backend event=call locals={'backend': "'llama-cpp'", 'chat_template': 'None', 'ctx': '<testcase.TestServeBackendExceptionPaths.test_cli_serve_handles_backend_failures_before_shutdown.<locals>.FakeContext object at 0x7611f3b6a2d0>', 'gpu_layers': '4', 'gpus': 'None', 'host': "'0.0.0.0'", 'log_file': 'None', 'max_ctx_size': '5488', 'model_family': "'family-0-variant'", 'model_path': "PosixPath('/models/generated-2-36')", 'num_threads': 'None', 'port': '8380'}
2026-08-23 05:06:47.366 /testbed/src/instructlab/model/serve_backend.py:67 instructlab.model.serve_backend.serve_backend event=line locals={}
2026-08-23 05:06:47.366 /testbed/src/instructlab/model/serve_backend.py:68 instructlab.model.serve_backend.serve_backend event=line locals={'root_logger': '<RootLogger root (WARNING)>'}
2026-08-23 05:06:47.366 /testbed/src/instructlab/model/serve_backend.py:72 instructlab.model.serve_backend.serve_backend event=line locals={}
2026-08-23 05:06:47.366 /testbed/src/instructlab/model/serve_backend.py:74 instructlab.model.serve_backend.serve_backend event=line locals={'llama_cpp': "<module 'instructlab.model.backends.llama_cpp' from '/testbed/src/instructlab/model/backends/llama_cpp.py'>", 'vllm': "<module 'instructlab.model.backends.vllm' from '/testbed/src/instructlab/model/backends/vllm.py'>"}
2026-08-23 05:06:47.366 /testbed/src/instructlab/model/serve_backend.py:75 instructlab.model.serve_backend.serve_backend event=line locals={}
2026-08-23 05:06:47.366 /testbed/src/instructlab/model/serve_backend.py:79 instructlab.model.serve_backend.serve_backend event=line locals={}
2026-08-23 05:06:47.366 /testbed/src/instructlab/model/serve_backend.py:80 instructlab.model.serve_backend.serve_backend event=line locals={}
2026-08-23 05:06:47.366 /testbed/src/instructlab/model/serve_backend.py:81 instructlab.model.serve_backend.serve_backend event=line locals={}
2026-08-23 05:06:47.366 /testbed/src/instructlab/model/serve_backend.py:82 instructlab.model.serve_backend.serve_backend event=line locals={}
2026-08-23 05:06:47.366 /testbed/src/instructlab/model/serve_backend.py:83 instructlab.model.serve_backend.serve_backend event=line locals={}
2026-08-23 05:06:47.367 /testbed/src/instructlab/model/serve_backend.py:85 instructlab.model.serve_backend.serve_backend event=line locals={'chat_template': "'default-template-alpha'"}
2026-08-23 05:06:47.367 /testbed/src/instructlab/model/serve_backend.py:86 instructlab.model.serve_backend.serve_backend event=line locals={}
2026-08-23 05:06:47.367 /testbed/src/instructlab/model/serve_backend.py:85 instructlab.model.serve_backend.serve_backend event=line locals={}
2026-08-23 05:06:47.367 /testbed/src/instructlab/model/serve_backend.py:90 instructlab.model.serve_backend.serve_backend event=line locals={}
2026-08-23 05:06:47.367 /testbed/src/instructlab/model/serve_backend.py:91 instructlab.model.serve_backend.serve_backend event=line locals={}
2026-08-23 05:06:47.367 /testbed/src/instructlab/model/serve_backend.py:93 instructlab.model.serve_backend.serve_backend event=line locals={}
2026-08-23 05:06:47.367 /testbed/src/instructlab/model/serve_backend.py:94 instructlab.model.serve_backend.serve_backend event=line locals={}
2026-08-23 05:06:47.367 /testbed/src/instructlab/model/serve_backend.py:95 instructlab.model.serve_backend.serve_backend event=line locals={}
2026-08-23 05:06:47.367 /testbed/src/instructlab/model/serve_backend.py:96 instructlab.model.serve_backend.serve_backend event=line locals={}
2026-08-23 05:06:47.367 /testbed/src/instructlab/model/serve_backend.py:97 instructlab.model.serve_backend.serve_backend event=line locals={}
2026-08-23 05:06:47.367 /testbed/src/instructlab/model/serve_backend.py:98 instructlab.model.serve_backend.serve_backend event=line locals={}
2026-08-23 05:06:47.367 /testbed/src/instructlab/model/serve_backend.py:99 instructlab.model.serve_backend.serve_backend event=line locals={}
2026-08-23 05:06:47.367 /testbed/src/instructlab/model/serve_backend.py:100 instructlab.model.serve_backend.serve_backend event=line locals={}
2026-08-23 05:06:47.367 /testbed/src/instructlab/model/serve_backend.py:101 instructlab.model.serve_backend.serve_backend event=line locals={}
2026-08-23 05:06:47.367 /testbed/src/instructlab/model/serve_backend.py:102 instructlab.model.serve_backend.serve_backend event=line locals={}
2026-08-23 05:06:47.367 /testbed/src/instructlab/model/serve_backend.py:103 instructlab.model.serve_backend.serve_backend event=line locals={}
2026-08-23 05:06:47.367 /testbed/src/instructlab/model/serve_backend.py:93 instructlab.model.serve_backend.serve_backend event=line locals={}
2026-08-23 05:06:47.367 /testbed/src/instructlab/model/serve_backend.py:160 instructlab.model.serve_backend.serve_backend event=line locals={'backend_instance': '<testcase.TestServeBackendExceptionPaths.test_cli_serve_handles_backend_failures_before_shutdown.<locals>.FakeServer object at 0x7611f3b82e10>'}
2026-08-23 05:06:47.367 /testbed/src/instructlab/model/serve_backend.py:161 instructlab.model.serve_backend.serve_backend event=line locals={}
2026-08-23 05:06:47.367 /testbed/src/instructlab/model/serve_backend.py:161 instructlab.model.serve_backend.serve_backend event=exception exc=KeyboardInterrupt: KeyboardInterrupt('backend-cycle-36-465') locals={}
2026-08-23 05:06:47.367 /testbed/src/instructlab/model/serve_backend.py:162 instructlab.model.serve_backend.serve_backend event=line locals={'backend': "'llama-cpp'", 'backend_instance': '<testcase.TestServeBackendExceptionPaths.test_cli_serve_handles_backend_failures_before_shutdown.<locals>.FakeServer object at 0x7611f3b82e10>', 'chat_template': "'default-template-alpha'", 'ctx': '<testcase.TestServeBackendExceptionPaths.test_cli_serve_handles_backend_failures_before_shutdown.<locals>.FakeContext object at 0x7611f3b6a2d0>', 'gpu_layers': '4', 'gpus': 'None', 'host': "'0.0.0.0'", 'llama_cpp': "<module 'instructlab.model.backends.llama_cpp' from '/testbed/src/instructlab/model/backends/llama_cpp.py'>", 'log_file': 'None', 'max_ctx_size': '5488', 'model_family': "'family-0-variant'", 'model_path': "PosixPath('/models/generated-2-36')", 'num_threads': 'None', 'port': '8380', 'root_logger': '<RootLogger root (WARNING)>', 'vllm': "<module 'instructlab.model.backends.vllm' from '/testbed/src/instructlab/model/backends/vllm.py'>"}
2026-08-23 05:06:47.367 /testbed/src/instructlab/model/serve_backend.py:164 instructlab.model.serve_backend.serve_backend event=line locals={}
2026-08-23 05:06:47.367 /testbed/src/instructlab/model/serve_backend.py:165 instructlab.model.serve_backend.serve_backend event=line locals={}
2026-08-23 05:06:47.367 /testbed/src/instructlab/model/serve_backend.py:167 instructlab.model.serve_backend.serve_backend event=line locals={}
2026-08-23 05:06:47.367 /testbed/src/instructlab/model/serve_backend.py:168 instructlab.model.serve_backend.serve_backend event=line locals={}
2026-08-23 05:06:47.367 /testbed/src/instructlab/model/serve_backend.py:168 instructlab.model.serve_backend.serve_backend event=exception exc=SystemExit: SystemExit(0) locals={}
2026-08-23 05:06:47.367 /testbed/src/instructlab/model/serve_backend.py:168 instructlab.model.serve_backend.serve_backend event=return retval=None locals={'backend': "'llama-cpp'", 'backend_instance': '<testcase.TestServeBackendExceptionPaths.test_cli_serve_handles_backend_failures_before_shutdown.<locals>.FakeServer object at 0x7611f3b82e10>', 'chat_template': "'default-template-alpha'", 'ctx': '<testcase.TestServeBackendExceptionPaths.test_cli_serve_handles_backend_failures_before_shutdown.<locals>.FakeContext object at 0x7611f3b6a2d0>', 'gpu_layers': '4', 'gpus': 'None', 'host': "'0.0.0.0'", 'llama_cpp': "<module 'instructlab.model.backends.llama_cpp' from '/testbed/src/instructlab/model/backends/llama_cpp.py'>", 'log_file': 'None', 'max_ctx_size': '5488', 'model_family': "'family-0-variant'", 'model_path': "PosixPath('/models/generated-2-36')", 'num_threads': 'None', 'port': '8380', 'root_logger': '<RootLogger root (WARNING)>', 'vllm': "<module 'instructlab.model.backends.vllm' from '/testbed/src/instructlab/model/backends/vllm.py'>"}
2026-08-23 05:06:47.368 /testbed/src/instructlab/model/serve_backend.py:51 instructlab.model.serve_backend.serve_backend event=call locals={'backend': "'llama-cpp'", 'chat_template': "'template-5-beta'", 'ctx': '<testcase.TestServeBackendExceptionPaths.test_cli_serve_handles_backend_failures_before_shutdown.<locals>.FakeContext object at 0x7611f3b6a2d0>', 'gpu_layers': '11', 'gpus': 'None', 'host': "'127.0.0.1'", 'log_file': "PosixPath('/tmp/serve-backend-4.log')", 'max_ctx_size': '5536', 'model_family': "'family-1-variant'", 'model_path': "PosixPath('/models/generated-3-37')", 'num_threads': '1', 'port': '8385'}
2026-08-23 05:06:47.368 /testbed/src/instructlab/model/serve_backend.py:67 instructlab.model.serve_backend.serve_backend event=line locals={}
2026-08-23 05:06:47.368 /testbed/src/instructlab/model/serve_backend.py:68 instructlab.model.serve_backend.serve_backend event=line locals={'root_logger': '<RootLogger root (WARNING)>'}
2026-08-23 05:06:47.368 /testbed/src/instructlab/model/serve_backend.py:69 instructlab.model.serve_backend.serve_backend event=line locals={}
2026-08-23 05:06:47.368 /testbed/src/instructlab/model/serve_backend.py:72 instructlab.model.serve_backend.serve_backend event=line locals={}
2026-08-23 05:06:47.368 /testbed/src/instructlab/model/serve_backend.py:74 instructlab.model.serve_backend.serve_backend event=line locals={'llama_cpp': "<module 'instructlab.model.backends.llama_cpp' from '/testbed/src/instructlab/model/backends/llama_cpp.py'>", 'vllm': "<module 'instructlab.model.backends.vllm' from '/testbed/src/instructlab/model/backends/vllm.py'>"}
2026-08-23 05:06:47.368 /testbed/src/instructlab/model/serve_backend.py:75 instructlab.model.serve_backend.serve_backend event=line locals={}
2026-08-23 05:06:47.368 /testbed/src/instructlab/model/serve_backend.py:79 instructlab.model.serve_backend.serve_backend event=line locals={}
2026-08-23 05:06:47.368 /testbed/src/instructlab/model/serve_backend.py:80 instructlab.model.serve_backend.serve_backend event=line locals={}
2026-08-23 05:06:47.369 /testbed/src/instructlab/model/serve_backend.py:81 instructlab.model.serve_backend.serve_backend event=line locals={}
2026-08-23 05:06:47.369 /testbed/src/instructlab/model/serve_backend.py:82 instructlab.model.serve_backend.serve_backend event=line locals={}
2026-08-23 05:06:47.369 /testbed/src/instructlab/model/serve_backend.py:85 instructlab.model.serve_backend.serve_backend event=line locals={}
2026-08-23 05:06:47.369 /testbed/src/instructlab/model/serve_backend.py:86 instructlab.model.serve_backend.serve_backend event=line locals={}
2026-08-23 05:06:47.369 /testbed/src/instructlab/model/serve_backend.py:85 instructlab.model.serve_backend.serve_backend event=line locals={}
2026-08-23 05:06:47.369 /testbed/src/instructlab/model/serve_backend.py:90 instructlab.model.serve_backend.serve_backend event=line locals={}
2026-08-23 05:06:47.369 /testbed/src/instructlab/model/serve_backend.py:91 instructlab.model.serve_backend.serve_backend event=line locals={}
2026-08-23 05:06:47.369 /testbed/src/instructlab/model/serve_backend.py:93 instructlab.model.serve_backend.serve_backend event=line locals={}
2026-08-23 05:06:47.369 /testbed/src/instructlab/model/serve_backend.py:94 instructlab.model.serve_backend.serve_backend event=line locals={}
2026-08-23 05:06:47.369 /testbed/src/instructlab/model/serve_backend.py:95 instructlab.model.serve_backend.serve_backend event=line locals={}
2026-08-23 05:06:47.369 /testbed/src/instructlab/model/serve_backend.py:96 instructlab.model.serve_backend.serve_backend event=line locals={}
2026-08-23 05:06:47.369 /testbed/src/instructlab/model/serve_backend.py:97 instructlab.model.serve_backend.serve_backend event=line locals={}
2026-08-23 05:06:47.369 /testbed/src/instructlab/model/serve_backend.py:98 instructlab.model.serve_backend.serve_backend event=line locals={}
2026-08-23 05:06:47.369 /testbed/src/instructlab/model/serve_backend.py:99 instructlab.model.serve_backend.serve_backend event=line locals={}
2026-08-23 05:06:47.369 /testbed/src/instructlab/model/serve_backend.py:100 instructlab.model.serve_backend.serve_backend event=line locals={}
2026-08-23 05:06:47.369 /testbed/src/instructlab/model/serve_backend.py:101 instructlab.model.serve_backend.serve_backend event=line locals={}
2026-08-23 05:06:47.369 /testbed/src/instructlab/model/serve_backend.py:102 instructlab.model.serve_backend.serve_backend event=line locals={}
2026-08-23 05:06:47.369 /testbed/src/instructlab/model/serve_backend.py:103 instructlab.model.serve_backend.serve_backend event=line locals={}
2026-08-23 05:06:47.369 /testbed/src/instructlab/model/serve_backend.py:93 instructlab.model.serve_backend.serve_backend event=line locals={}
2026-08-23 05:06:47.369 /testbed/src/instructlab/model/serve_backend.py:160 instructlab.model.serve_backend.serve_backend event=line locals={'backend_instance': '<testcase.TestServeBackendExceptionPaths.test_cli_serve_handles_backend_failures_before_shutdown.<locals>.FakeServer object at 0x7611f3b831d0>'}
2026-08-23 05:06:47.369 /testbed/src/instructlab/model/serve_backend.py:161 instructlab.model.serve_backend.serve_backend event=line locals={}
2026-08-23 05:06:47.369 /testbed/src/instructlab/model/serve_backend.py:161 instructlab.model.serve_backend.serve_backend event=exception exc=ServerException: ServerException('backend-cycle-37-717') locals={}
2026-08-23 05:06:47.369 /testbed/src/instructlab/model/serve_backend.py:162 instructlab.model.serve_backend.serve_backend event=line locals={'backend': "'llama-cpp'", 'backend_instance': '<testcase.TestServeBackendExceptionPaths.test_cli_serve_handles_backend_failures_before_shutdown.<locals>.FakeServer object at 0x7611f3b831d0>', 'chat_template': "'template-5-beta'", 'ctx': '<testcase.TestServeBackendExceptionPaths.test_cli_serve_handles_backend_failures_before_shutdown.<locals>.FakeContext object at 0x7611f3b6a2d0>', 'gpu_layers': '11', 'gpus': 'None', 'host': "'127.0.0.1'", 'llama_cpp': "<module 'instructlab.model.backends.llama_cpp' from '/testbed/src/instructlab/model/backends/llama_cpp.py'>", 'log_file': "PosixPath('/tmp/serve-backend-4.log')", 'max_ctx_size': '5536', 'model_family': "'family-1-variant'", 'model_path': "PosixPath('/models/generated-3-37')", 'num_threads': '1', 'port': '8385', 'root_logger': '<RootLogger root (WARNING)>', 'vllm': "<module 'instructlab.model.backends.vllm' from '/testbed/src/instructlab/model/backends/vllm.py'>"}
2026-08-23 05:06:47.369 /testbed/src/instructlab/model/serve_backend.py:163 instructlab.model.serve_backend.serve_backend event=line locals={'exc': "ServerException('backend-cycle-37-717')"}
2026-08-23 05:06:47.369 /testbed/src/instructlab/model/serve_backend.py:163 instructlab.model.serve_backend.serve_backend event=exception exc=RuntimeError: RuntimeError('Error creating server: backend-cycle-37-717') locals={}
2026-08-23 05:06:47.369 /testbed/src/instructlab/model/serve_backend.py:167 instructlab.model.serve_backend.serve_backend event=line locals={'backend': "'llama-cpp'", 'backend_instance': '<testcase.TestServeBackendExceptionPaths.test_cli_serve_handles_backend_failures_before_shutdown.<locals>.FakeServer object at 0x7611f3b831d0>', 'chat_template': "'template-5-beta'", 'ctx': '<testcase.TestServeBackendExceptionPaths.test_cli_serve_handles_backend_failures_before_shutdown.<locals>.FakeContext object at 0x7611f3b6a2d0>', 'gpu_layers': '11', 'gpus': 'None', 'host': "'127.0.0.1'", 'llama_cpp': "<module 'instructlab.model.backends.llama_cpp' from '/testbed/src/instructlab/model/backends/llama_cpp.py'>", 'log_file': "PosixPath('/tmp/serve-backend-4.log')", 'max_ctx_size': '5536', 'model_family': "'family-1-variant'", 'model_path': "PosixPath('/models/generated-3-37')", 'num_threads': '1', 'port': '8385', 'root_logger': '<RootLogger root (WARNING)>', 'vllm': "<module 'instructlab.model.backends.vllm' from '/testbed/src/instructlab/model/backends/vllm.py'>"}
2026-08-23 05:06:47.370 /testbed/src/instructlab/model/serve_backend.py:168 instructlab.model.serve_backend.serve_backend event=line locals={}
2026-08-23 05:06:47.370 /testbed/src/instructlab/model/serve_backend.py:168 instructlab.model.serve_backend.serve_backend event=exception exc=SystemExit: SystemExit(0) locals={}
2026-08-23 05:06:47.370 /testbed/src/instructlab/model/serve_backend.py:168 instructlab.model.serve_backend.serve_backend event=return retval=None locals={'backend': "'llama-cpp'", 'backend_instance': '<testcase.TestServeBackendExceptionPaths.test_cli_serve_handles_backend_failures_before_shutdown.<locals>.FakeServer object at 0x7611f3b831d0>', 'chat_template': "'template-5-beta'", 'ctx': '<testcase.TestServeBackendExceptionPaths.test_cli_serve_handles_backend_failures_before_shutdown.<locals>.FakeContext object at 0x7611f3b6a2d0>', 'gpu_layers': '11', 'gpus': 'None', 'host': "'127.0.0.1'", 'llama_cpp': "<module 'instructlab.model.backends.llama_cpp' from '/testbed/src/instructlab/model/backends/llama_cpp.py'>", 'log_file': "PosixPath('/tmp/serve-backend-4.log')", 'max_ctx_size': '5536', 'model_family': "'family-1-variant'", 'model_path': "PosixPath('/models/generated-3-37')", 'num_threads': '1', 'port': '8385', 'root_logger': '<RootLogger root (WARNING)>', 'vllm': "<module 'instructlab.model.backends.vllm' from '/testbed/src/instructlab/model/backends/vllm.py'>"}
2026-08-23 05:06:47.370 /testbed/src/instructlab/model/serve_backend.py:51 instructlab.model.serve_backend.serve_backend event=call locals={'backend': "'llama-cpp'", 'chat_template': 'None', 'ctx': '<testcase.TestServeBackendExceptionPaths.test_cli_serve_handles_backend_failures_before_shutdown.<locals>.FakeContext object at 0x7611f3b6a2d0>', 'gpu_layers': '18', 'gpus': 'None', 'host': "'127.0.0.1'", 'log_file': "PosixPath('/tmp/serve-backend-5.log')", 'max_ctx_size': '5584', 'model_family': "'family-2-variant'", 'model_path': "PosixPath('/models/generated-4-38')", 'num_threads': '2', 'port': '8390'}
2026-08-23 05:06:47.370 /testbed/src/instructlab/model/serve_backend.py:67 instructlab.model.serve_backend.serve_backend event=line locals={}
2026-08-23 05:06:47.370 /testbed/src/instructlab/model/serve_backend.py:68 instructlab.model.serve_backend.serve_backend event=line locals={'root_logger': '<RootLogger root (WARNING)>'}
2026-08-23 05:06:47.370 /testbed/src/instructlab/model/serve_backend.py:69 instructlab.model.serve_backend.serve_backend event=line locals={}
2026-08-23 05:06:47.370 /testbed/src/instructlab/model/serve_backend.py:72 instructlab.model.serve_backend.serve_backend event=line locals={}
2026-08-23 05:06:47.370 /testbed/src/instructlab/model/serve_backend.py:74 instructlab.model.serve_backend.serve_backend event=line locals={'llama_cpp': "<module 'instructlab.model.backends.llama_cpp' from '/testbed/src/instructlab/model/backends/llama_cpp.py'>", 'vllm': "<module 'instructlab.model.backends.vllm' from '/testbed/src/instructlab/model/backends/vllm.py'>"}
2026-08-23 05:06:47.370 /testbed/src/instructlab/model/serve_backend.py:75 instructlab.model.serve_backend.serve_backend event=line locals={}
2026-08-23 05:06:47.371 /testbed/src/instructlab/model/serve_backend.py:79 instructlab.model.serve_backend.serve_backend event=line locals={}
2026-08-23 05:06:47.371 /testbed/src/instructlab/model/serve_backend.py:80 instructlab.model.serve_backend.serve_backend event=line locals={}
2026-08-23 05:06:47.371 /testbed/src/instructlab/model/serve_backend.py:81 instructlab.model.serve_backend.serve_backend event=line locals={}
2026-08-23 05:06:47.371 /testbed/src/instructlab/model/serve_backend.py:82 instructlab.model.serve_backend.serve_backend event=line locals={}
2026-08-23 05:06:47.371 /testbed/src/instructlab/model/serve_backend.py:83 instructlab.model.serve_backend.serve_backend event=line locals={}
2026-08-23 05:06:47.371 /testbed/src/instructlab/model/serve_backend.py:85 instructlab.model.serve_backend.serve_backend event=line locals={'chat_template': "'default-template-alpha'"}
2026-08-23 05:06:47.371 /testbed/src/instructlab/model/serve_backend.py:86 instructlab.model.serve_backend.serve_backend event=line locals={}
2026-08-23 05:06:47.371 /testbed/src/instructlab/model/serve_backend.py:85 instructlab.model.serve_backend.serve_backend event=line locals={}
2026-08-23 05:06:47.371 /testbed/src/instructlab/model/serve_backend.py:90 instructlab.model.serve_backend.serve_backend event=line locals={}
2026-08-23 05:06:47.371 /testbed/src/instructlab/model/serve_backend.py:91 instructlab.model.serve_backend.serve_backend event=line locals={}
2026-08-23 05:06:47.371 /testbed/src/instructlab/model/serve_backend.py:93 instructlab.model.serve_backend.serve_backend event=line locals={}
2026-08-23 05:06:47.371 /testbed/src/instructlab/model/serve_backend.py:94 instructlab.model.serve_backend.serve_backend event=line locals={}
2026-08-23 05:06:47.371 /testbed/src/instructlab/model/serve_backend.py:95 instructlab.model.serve_backend.serve_backend event=line locals={}
2026-08-23 05:06:47.371 /testbed/src/instructlab/model/serve_backend.py:96 instructlab.model.serve_backend.serve_backend event=line locals={}
2026-08-23 05:06:47.371 /testbed/src/instructlab/model/serve_backend.py:97 instructlab.model.serve_backend.serve_backend event=line locals={}
2026-08-23 05:06:47.371 /testbed/src/instructlab/model/serve_backend.py:98 instructlab.model.serve_backend.serve_backend event=line locals={}
2026-08-23 05:06:47.371 /testbed/src/instructlab/model/serve_backend.py:99 instructlab.model.serve_backend.serve_backend event=line locals={}
2026-08-23 05:06:47.371 /testbed/src/instructlab/model/serve_backend.py:100 instructlab.model.serve_backend.serve_backend event=line locals={}
2026-08-23 05:06:47.371 /testbed/src/instructlab/model/serve_backend.py:101 instructlab.model.serve_backend.serve_backend event=line locals={}
2026-08-23 05:06:47.371 /testbed/src/instructlab/model/serve_backend.py:102 instructlab.model.serve_backend.serve_backend event=line locals={}
2026-08-23 05:06:47.371 /testbed/src/instructlab/model/serve_backend.py:103 instructlab.model.serve_backend.serve_backend event=line locals={}
2026-08-23 05:06:47.371 /testbed/src/instructlab/model/serve_backend.py:93 instructlab.model.serve_backend.serve_backend event=line locals={}
2026-08-23 05:06:47.371 /testbed/src/instructlab/model/serve_backend.py:160 instructlab.model.serve_backend.serve_backend event=line locals={'backend_instance': '<testcase.TestServeBackendExceptionPaths.test_cli_serve_handles_backend_failures_before_shutdown.<locals>.FakeServer object at 0x7611f410bb50>'}
2026-08-23 05:06:47.371 /testbed/src/instructlab/model/serve_backend.py:161 instructlab.model.serve_backend.serve_backend event=line locals={}
2026-08-23 05:06:47.372 /testbed/src/instructlab/model/serve_backend.py:161 instructlab.model.serve_backend.serve_backend event=exception exc=ServerException: ServerException('backend-cycle-38-717') locals={}
2026-08-23 05:06:47.372 /testbed/src/instructlab/model/serve_backend.py:162 instructlab.model.serve_backend.serve_backend event=line locals={'backend': "'llama-cpp'", 'backend_instance': '<testcase.TestServeBackendExceptionPaths.test_cli_serve_handles_backend_failures_before_shutdown.<locals>.FakeServer object at 0x7611f410bb50>', 'chat_template': "'default-template-alpha'", 'ctx': '<testcase.TestServeBackendExceptionPaths.test_cli_serve_handles_backend_failures_before_shutdown.<locals>.FakeContext object at 0x7611f3b6a2d0>', 'gpu_layers': '18', 'gpus': 'None', 'host': "'127.0.0.1'", 'llama_cpp': "<module 'instructlab.model.backends.llama_cpp' from '/testbed/src/instructlab/model/backends/llama_cpp.py'>", 'log_file': "PosixPath('/tmp/serve-backend-5.log')", 'max_ctx_size': '5584', 'model_family': "'family-2-variant'", 'model_path': "PosixPath('/models/generated-4-38')", 'num_threads': '2', 'port': '8390', 'root_logger': '<RootLogger root (WARNING)>', 'vllm': "<module 'instructlab.model.backends.vllm' from '/testbed/src/instructlab/model/backends/vllm.py'>"}
2026-08-23 05:06:47.372 /testbed/src/instructlab/model/serve_backend.py:163 instructlab.model.serve_backend.serve_backend event=line locals={'exc': "ServerException('backend-cycle-38-717')"}
2026-08-23 05:06:47.372 /testbed/src/instructlab/model/serve_backend.py:163 instructlab.model.serve_backend.serve_backend event=exception exc=RuntimeError: RuntimeError('Error creating server: backend-cycle-38-717') locals={}
2026-08-23 05:06:47.372 /testbed/src/instructlab/model/serve_backend.py:167 instructlab.model.serve_backend.serve_backend event=line locals={'backend': "'llama-cpp'", 'backend_instance': '<testcase.TestServeBackendExceptionPaths.test_cli_serve_handles_backend_failures_before_shutdown.<locals>.FakeServer object at 0x7611f410bb50>', 'chat_template': "'default-template-alpha'", 'ctx': '<testcase.TestServeBackendExceptionPaths.test_cli_serve_handles_backend_failures_before_shutdown.<locals>.FakeContext object at 0x7611f3b6a2d0>', 'gpu_layers': '18', 'gpus': 'None', 'host': "'127.0.0.1'", 'llama_cpp': "<module 'instructlab.model.backends.llama_cpp' from '/testbed/src/instructlab/model/backends/llama_cpp.py'>", 'log_file': "PosixPath('/tmp/serve-backend-5.log')", 'max_ctx_size': '5584', 'model_family': "'family-2-variant'", 'model_path': "PosixPath('/models/generated-4-38')", 'num_threads': '2', 'port': '8390', 'root_logger': '<RootLogger root (WARNING)>', 'vllm': "<module 'instructlab.model.backends.vllm' from '/testbed/src/instructlab/model/backends/vllm.py'>"}
2026-08-23 05:06:47.372 /testbed/src/instructlab/model/serve_backend.py:168 instructlab.model.serve_backend.serve_backend event=line locals={}
2026-08-23 05:06:47.372 /testbed/src/instructlab/model/serve_backend.py:168 instructlab.model.serve_backend.serve_backend event=exception exc=SystemExit: SystemExit(0) locals={}
2026-08-23 05:06:47.372 /testbed/src/instructlab/model/serve_backend.py:168 instructlab.model.serve_backend.serve_backend event=return retval=None locals={'backend': "'llama-cpp'", 'backend_instance': '<testcase.TestServeBackendExceptionPaths.test_cli_serve_handles_backend_failures_before_shutdown.<locals>.FakeServer object at 0x7611f410bb50>', 'chat_template': "'default-template-alpha'", 'ctx': '<testcase.TestServeBackendExceptionPaths.test_cli_serve_handles_backend_failures_before_shutdown.<locals>.FakeContext object at 0x7611f3b6a2d0>', 'gpu_layers': '18', 'gpus': 'None', 'host': "'127.0.0.1'", 'llama_cpp': "<module 'instructlab.model.backends.llama_cpp' from '/testbed/src/instructlab/model/backends/llama_cpp.py'>", 'log_file': "PosixPath('/tmp/serve-backend-5.log')", 'max_ctx_size': '5584', 'model_family': "'family-2-variant'", 'model_path': "PosixPath('/models/generated-4-38')", 'num_threads': '2', 'port': '8390', 'root_logger': '<RootLogger root (WARNING)>', 'vllm': "<module 'instructlab.model.backends.vllm' from '/testbed/src/instructlab/model/backends/vllm.py'>"}
2026-08-23 05:06:47.372 /testbed/src/instructlab/model/serve_backend.py:51 instructlab.model.serve_backend.serve_backend event=call locals={'backend': "'llama-cpp'", 'chat_template': "'template-7-beta'", 'ctx': '<testcase.TestServeBackendExceptionPaths.test_cli_serve_handles_backend_failures_before_shutdown.<locals>.FakeContext object at 0x7611f3b84b10>', 'gpu_layers': '2', 'gpus': 'None', 'host': "'127.0.0.1'", 'log_file': 'None', 'max_ctx_size': '5632', 'model_family': "'family-3-variant'", 'model_path': "PosixPath('/models/generated-5-39')", 'num_threads': '3', 'port': '8395'}
2026-08-23 05:06:47.372 /testbed/src/instructlab/model/serve_backend.py:67 instructlab.model.serve_backend.serve_backend event=line locals={}
2026-08-23 05:06:47.372 /testbed/src/instructlab/model/serve_backend.py:68 instructlab.model.serve_backend.serve_backend event=line locals={'root_logger': '<RootLogger root (WARNING)>'}
2026-08-23 05:06:47.372 /testbed/src/instructlab/model/serve_backend.py:72 instructlab.model.serve_backend.serve_backend event=line locals={}
2026-08-23 05:06:47.373 /testbed/src/instructlab/model/serve_backend.py:74 instructlab.model.serve_backend.serve_backend event=line locals={'llama_cpp': "<module 'instructlab.model.backends.llama_cpp' from '/testbed/src/instructlab/model/backends/llama_cpp.py'>", 'vllm': "<module 'instructlab.model.backends.vllm' from '/testbed/src/instructlab/model/backends/vllm.py'>"}
2026-08-23 05:06:47.373 /testbed/src/instructlab/model/serve_backend.py:75 instructlab.model.serve_backend.serve_backend event=line locals={}
2026-08-23 05:06:47.373 /testbed/src/instructlab/model/serve_backend.py:79 instructlab.model.serve_backend.serve_backend event=line locals={}
2026-08-23 05:06:47.373 /testbed/src/instructlab/model/serve_backend.py:80 instructlab.model.serve_backend.serve_backend event=line locals={}
2026-08-23 05:06:47.373 /testbed/src/instructlab/model/serve_backend.py:81 instructlab.model.serve_backend.serve_backend event=line locals={}
2026-08-23 05:06:47.373 /testbed/src/instructlab/model/serve_backend.py:82 instructlab.model.serve_backend.serve_backend event=line locals={}
2026-08-23 05:06:47.373 /testbed/src/instructlab/model/serve_backend.py:85 instructlab.model.serve_backend.serve_backend event=line locals={}
2026-08-23 05:06:47.373 /testbed/src/instructlab/model/serve_backend.py:86 instructlab.model.serve_backend.serve_backend event=line locals={}
2026-08-23 05:06:47.373 /testbed/src/instructlab/model/serve_backend.py:85 instructlab.model.serve_backend.serve_backend event=line locals={}
2026-08-23 05:06:47.373 /testbed/src/instructlab/model/serve_backend.py:90 instructlab.model.serve_backend.serve_backend event=line locals={}
2026-08-23 05:06:47.373 /testbed/src/instructlab/model/serve_backend.py:91 instructlab.model.serve_backend.serve_backend event=line locals={}
2026-08-23 05:06:47.373 /testbed/src/instructlab/model/serve_backend.py:93 instructlab.model.serve_backend.serve_backend event=line locals={}
2026-08-23 05:06:47.373 /testbed/src/instructlab/model/serve_backend.py:94 instructlab.model.serve_backend.serve_backend event=line locals={}
2026-08-23 05:06:47.373 /testbed/src/instructlab/model/serve_backend.py:95 instructlab.model.serve_backend.serve_backend event=line locals={}
2026-08-23 05:06:47.373 /testbed/src/instructlab/model/serve_backend.py:96 instructlab.model.serve_backend.serve_backend event=line locals={}
2026-08-23 05:06:47.373 /testbed/src/instructlab/model/serve_backend.py:97 instructlab.model.serve_backend.serve_backend event=line locals={}
2026-08-23 05:06:47.373 /testbed/src/instructlab/model/serve_backend.py:98 instructlab.model.serve_backend.serve_backend event=line locals={}
2026-08-23 05:06:47.373 /testbed/src/instructlab/model/serve_backend.py:99 instructlab.model.serve_backend.serve_backend event=line locals={}
2026-08-23 05:06:47.373 /testbed/src/instructlab/model/serve_backend.py:100 instructlab.model.serve_backend.serve_backend event=line locals={}
2026-08-23 05:06:47.373 /testbed/src/instructlab/model/serve_backend.py:101 instructlab.model.serve_backend.serve_backend event=line locals={}
2026-08-23 05:06:47.373 /testbed/src/instructlab/model/serve_backend.py:102 instructlab.model.serve_backend.serve_backend event=line locals={}
2026-08-23 05:06:47.373 /testbed/src/instructlab/model/serve_backend.py:103 instructlab.model.serve_backend.serve_backend event=line locals={}
2026-08-23 05:06:47.373 /testbed/src/instructlab/model/serve_backend.py:93 instructlab.model.serve_backend.serve_backend event=line locals={}
2026-08-23 05:06:47.373 /testbed/src/instructlab/model/serve_backend.py:160 instructlab.model.serve_backend.serve_backend event=line locals={'backend_instance': '<testcase.TestServeBackendExceptionPaths.test_cli_serve_handles_backend_failures_before_shutdown.<locals>.FakeServer object at 0x7611f3b83a90>'}
2026-08-23 05:06:47.373 /testbed/src/instructlab/model/serve_backend.py:161 instructlab.model.serve_backend.serve_backend event=line locals={}
2026-08-23 05:06:47.374 /testbed/src/instructlab/model/serve_backend.py:161 instructlab.model.serve_backend.serve_backend event=exception exc=ServerException: ServerException('backend-cycle-39-717') locals={}
2026-08-23 05:06:47.374 /testbed/src/instructlab/model/serve_backend.py:162 instructlab.model.serve_backend.serve_backend event=line locals={'backend': "'llama-cpp'", 'backend_instance': '<testcase.TestServeBackendExceptionPaths.test_cli_serve_handles_backend_failures_before_shutdown.<locals>.FakeServer object at 0x7611f3b83a90>', 'chat_template': "'template-7-beta'", 'ctx': '<testcase.TestServeBackendExceptionPaths.test_cli_serve_handles_backend_failures_before_shutdown.<locals>.FakeContext object at 0x7611f3b84b10>', 'gpu_layers': '2', 'gpus': 'None', 'host': "'127.0.0.1'", 'llama_cpp': "<module 'instructlab.model.backends.llama_cpp' from '/testbed/src/instructlab/model/backends/llama_cpp.py'>", 'log_file': 'None', 'max_ctx_size': '5632', 'model_family': "'family-3-variant'", 'model_path': "PosixPath('/models/generated-5-39')", 'num_threads': '3', 'port': '8395', 'root_logger': '<RootLogger root (WARNING)>', 'vllm': "<module 'instructlab.model.backends.vllm' from '/testbed/src/instructlab/model/backends/vllm.py'>"}
2026-08-23 05:06:47.374 /testbed/src/instructlab/model/serve_backend.py:163 instructlab.model.serve_backend.serve_backend event=line locals={'exc': "ServerException('backend-cycle-39-717')"}
2026-08-23 05:06:47.374 /testbed/src/instructlab/model/serve_backend.py:163 instructlab.model.serve_backend.serve_backend event=exception exc=RuntimeError: RuntimeError('Error creating server: backend-cycle-39-717') locals={}
2026-08-23 05:06:47.374 /testbed/src/instructlab/model/serve_backend.py:167 instructlab.model.serve_backend.serve_backend event=line locals={'backend': "'llama-cpp'", 'backend_instance': '<testcase.TestServeBackendExceptionPaths.test_cli_serve_handles_backend_failures_before_shutdown.<locals>.FakeServer object at 0x7611f3b83a90>', 'chat_template': "'template-7-beta'", 'ctx': '<testcase.TestServeBackendExceptionPaths.test_cli_serve_handles_backend_failures_before_shutdown.<locals>.FakeContext object at 0x7611f3b84b10>', 'gpu_layers': '2', 'gpus': 'None', 'host': "'127.0.0.1'", 'llama_cpp': "<module 'instructlab.model.backends.llama_cpp' from '/testbed/src/instructlab/model/backends/llama_cpp.py'>", 'log_file': 'None', 'max_ctx_size': '5632', 'model_family': "'family-3-variant'", 'model_path': "PosixPath('/models/generated-5-39')", 'num_threads': '3', 'port': '8395', 'root_logger': '<RootLogger root (WARNING)>', 'vllm': "<module 'instructlab.model.backends.vllm' from '/testbed/src/instructlab/model/backends/vllm.py'>"}
2026-08-23 05:06:47.374 /testbed/src/instructlab/model/serve_backend.py:168 instructlab.model.serve_backend.serve_backend event=line locals={}
2026-08-23 05:06:47.374 /testbed/src/instructlab/model/serve_backend.py:168 instructlab.model.serve_backend.serve_backend event=exception exc=SystemExit: SystemExit(0) locals={}
2026-08-23 05:06:47.374 /testbed/src/instructlab/model/serve_backend.py:168 instructlab.model.serve_backend.serve_backend event=return retval=None locals={'backend': "'llama-cpp'", 'backend_instance': '<testcase.TestServeBackendExceptionPaths.test_cli_serve_handles_backend_failures_before_shutdown.<locals>.FakeServer object at 0x7611f3b83a90>', 'chat_template': "'template-7-beta'", 'ctx': '<testcase.TestServeBackendExceptionPaths.test_cli_serve_handles_backend_failures_before_shutdown.<locals>.FakeContext object at 0x7611f3b84b10>', 'gpu_layers': '2', 'gpus': 'None', 'host': "'127.0.0.1'", 'llama_cpp': "<module 'instructlab.model.backends.llama_cpp' from '/testbed/src/instructlab/model/backends/llama_cpp.py'>", 'log_file': 'None', 'max_ctx_size': '5632', 'model_family': "'family-3-variant'", 'model_path': "PosixPath('/models/generated-5-39')", 'num_threads': '3', 'port': '8395', 'root_logger': '<RootLogger root (WARNING)>', 'vllm': "<module 'instructlab.model.backends.vllm' from '/testbed/src/instructlab/model/backends/vllm.py'>"}
2026-08-23 05:06:47.375 /testbed/src/instructlab/model/serve_backend.py:51 instructlab.model.serve_backend.serve_backend event=call locals={'backend': "'llama-cpp'", 'chat_template': 'None', 'ctx': '<testcase.TestServeBackendExceptionPaths.test_cli_serve_handles_backend_failures_before_shutdown.<locals>.FakeContext object at 0x7611f3b7ef50>', 'gpu_layers': '9', 'gpus': 'None', 'host': "'127.0.0.1'", 'log_file': "PosixPath('/tmp/serve-backend-7.log')", 'max_ctx_size': '5680', 'model_family': "'family-4-variant'", 'model_path': "PosixPath('/models/generated-6-40')", 'num_threads': 'None', 'port': '8400'}
2026-08-23 05:06:47.375 /testbed/src/instructlab/model/serve_backend.py:67 instructlab.model.serve_backend.serve_backend event=line locals={}
2026-08-23 05:06:47.375 /testbed/src/instructlab/model/serve_backend.py:68 instructlab.model.serve_backend.serve_backend event=line locals={'root_logger': '<RootLogger root (WARNING)>'}
2026-08-23 05:06:47.375 /testbed/src/instructlab/model/serve_backend.py:69 instructlab.model.serve_backend.serve_backend event=line locals={}
2026-08-23 05:06:47.375 /testbed/src/instructlab/model/serve_backend.py:72 instructlab.model.serve_backend.serve_backend event=line locals={}
2026-08-23 05:06:47.375 /testbed/src/instructlab/model/serve_backend.py:74 instructlab.model.serve_backend.serve_backend event=line locals={'llama_cpp': "<module 'instructlab.model.backends.llama_cpp' from '/testbed/src/instructlab/model/backends/llama_cpp.py'>", 'vllm': "<module 'instructlab.model.backends.vllm' from '/testbed/src/instructlab/model/backends/vllm.py'>"}
2026-08-23 05:06:47.375 /testbed/src/instructlab/model/serve_backend.py:75 instructlab.model.serve_backend.serve_backend event=line locals={}
2026-08-23 05:06:47.375 /testbed/src/instructlab/model/serve_backend.py:79 instructlab.model.serve_backend.serve_backend event=line locals={}
2026-08-23 05:06:47.375 /testbed/src/instructlab/model/serve_backend.py:80 instructlab.model.serve_backend.serve_backend event=line locals={}
2026-08-23 05:06:47.375 /testbed/src/instructlab/model/serve_backend.py:81 instructlab.model.serve_backend.serve_backend event=line locals={}
2026-08-23 05:06:47.375 /testbed/src/instructlab/model/serve_backend.py:82 instructlab.model.serve_backend.serve_backend event=line locals={}
2026-08-23 05:06:47.375 /testbed/src/instructlab/model/serve_backend.py:83 instructlab.model.serve_backend.serve_backend event=line locals={}
2026-08-23 05:06:47.375 /testbed/src/instructlab/model/serve_backend.py:85 instructlab.model.serve_backend.serve_backend event=line locals={'chat_template': "'default-template-alpha'"}
2026-08-23 05:06:47.375 /testbed/src/instructlab/model/serve_backend.py:86 instructlab.model.serve_backend.serve_backend event=line locals={}
2026-08-23 05:06:47.375 /testbed/src/instructlab/model/serve_backend.py:85 instructlab.model.serve_backend.serve_backend event=line locals={}
2026-08-23 05:06:47.375 /testbed/src/instructlab/model/serve_backend.py:90 instructlab.model.serve_backend.serve_backend event=line locals={}
2026-08-23 05:06:47.376 /testbed/src/instructlab/model/serve_backend.py:91 instructlab.model.serve_backend.serve_backend event=line locals={}
2026-08-23 05:06:47.376 /testbed/src/instructlab/model/serve_backend.py:93 instructlab.model.serve_backend.serve_backend event=line locals={}
2026-08-23 05:06:47.376 /testbed/src/instructlab/model/serve_backend.py:94 instructlab.model.serve_backend.serve_backend event=line locals={}
2026-08-23 05:06:47.376 /testbed/src/instructlab/model/serve_backend.py:95 instructlab.model.serve_backend.serve_backend event=line locals={}
2026-08-23 05:06:47.376 /testbed/src/instructlab/model/serve_backend.py:96 instructlab.model.serve_backend.serve_backend event=line locals={}
2026-08-23 05:06:47.376 /testbed/src/instructlab/model/serve_backend.py:97 instructlab.model.serve_backend.serve_backend event=line locals={}
2026-08-23 05:06:47.376 /testbed/src/instructlab/model/serve_backend.py:98 instructlab.model.serve_backend.serve_backend event=line locals={}
2026-08-23 05:06:47.376 /testbed/src/instructlab/model/serve_backend.py:99 instructlab.model.serve_backend.serve_backend event=line locals={}
2026-08-23 05:06:47.376 /testbed/src/instructlab/model/serve_backend.py:100 instructlab.model.serve_backend.serve_backend event=line locals={}
2026-08-23 05:06:47.376 /testbed/src/instructlab/model/serve_backend.py:101 instructlab.model.serve_backend.serve_backend event=line locals={}
2026-08-23 05:06:47.376 /testbed/src/instructlab/model/serve_backend.py:102 instructlab.model.serve_backend.serve_backend event=line locals={}
2026-08-23 05:06:47.376 /testbed/src/instructlab/model/serve_backend.py:103 instructlab.model.serve_backend.serve_backend event=line locals={}
2026-08-23 05:06:47.376 /testbed/src/instructlab/model/serve_backend.py:93 instructlab.model.serve_backend.serve_backend event=line locals={}
2026-08-23 05:06:47.376 /testbed/src/instructlab/model/serve_backend.py:160 instructlab.model.serve_backend.serve_backend event=line locals={'backend_instance': '<testcase.TestServeBackendExceptionPaths.test_cli_serve_handles_backend_failures_before_shutdown.<locals>.FakeServer object at 0x7611f3b83f50>'}
2026-08-23 05:06:47.376 /testbed/src/instructlab/model/serve_backend.py:161 instructlab.model.serve_backend.serve_backend event=line locals={}
2026-08-23 05:06:47.376 /testbed/src/instructlab/model/serve_backend.py:161 instructlab.model.serve_backend.serve_backend event=exception exc=ServerException: ServerException('backend-cycle-40-717') locals={}
2026-08-23 05:06:47.376 /testbed/src/instructlab/model/serve_backend.py:162 instructlab.model.serve_backend.serve_backend event=line locals={'backend': "'llama-cpp'", 'backend_instance': '<testcase.TestServeBackendExceptionPaths.test_cli_serve_handles_backend_failures_before_shutdown.<locals>.FakeServer object at 0x7611f3b83f50>', 'chat_template': "'default-template-alpha'", 'ctx': '<testcase.TestServeBackendExceptionPaths.test_cli_serve_handles_backend_failures_before_shutdown.<locals>.FakeContext object at 0x7611f3b7ef50>', 'gpu_layers': '9', 'gpus': 'None', 'host': "'127.0.0.1'", 'llama_cpp': "<module 'instructlab.model.backends.llama_cpp' from '/testbed/src/instructlab/model/backends/llama_cpp.py'>", 'log_file': "PosixPath('/tmp/serve-backend-7.log')", 'max_ctx_size': '5680', 'model_family': "'family-4-variant'", 'model_path': "PosixPath('/models/generated-6-40')", 'num_threads': 'None', 'port': '8400', 'root_logger': '<RootLogger root (WARNING)>', 'vllm': "<module 'instructlab.model.backends.vllm' from '/testbed/src/instructlab/model/backends/vllm.py'>"}
2026-08-23 05:06:47.376 /testbed/src/instructlab/model/serve_backend.py:163 instructlab.model.serve_backend.serve_backend event=line locals={'exc': "ServerException('backend-cycle-40-717')"}
2026-08-23 05:06:47.376 /testbed/src/instructlab/model/serve_backend.py:163 instructlab.model.serve_backend.serve_backend event=exception exc=RuntimeError: RuntimeError('Error creating server: backend-cycle-40-717') locals={}
2026-08-23 05:06:47.376 /testbed/src/instructlab/model/serve_backend.py:167 instructlab.model.serve_backend.serve_backend event=line locals={'backend': "'llama-cpp'", 'backend_instance': '<testcase.TestServeBackendExceptionPaths.test_cli_serve_handles_backend_failures_before_shutdown.<locals>.FakeServer object at 0x7611f3b83f50>', 'chat_template': "'default-template-alpha'", 'ctx': '<testcase.TestServeBackendExceptionPaths.test_cli_serve_handles_backend_failures_before_shutdown.<locals>.FakeContext object at 0x7611f3b7ef50>', 'gpu_layers': '9', 'gpus': 'None', 'host': "'127.0.0.1'", 'llama_cpp': "<module 'instructlab.model.backends.llama_cpp' from '/testbed/src/instructlab/model/backends/llama_cpp.py'>", 'log_file': "PosixPath('/tmp/serve-backend-7.log')", 'max_ctx_size': '5680', 'model_family': "'family-4-variant'", 'model_path': "PosixPath('/models/generated-6-40')", 'num_threads': 'None', 'port': '8400', 'root_logger': '<RootLogger root (WARNING)>', 'vllm': "<module 'instructlab.model.backends.vllm' from '/testbed/src/instructlab/model/backends/vllm.py'>"}
2026-08-23 05:06:47.376 /testbed/src/instructlab/model/serve_backend.py:168 instructlab.model.serve_backend.serve_backend event=line locals={}
2026-08-23 05:06:47.376 /testbed/src/instructlab/model/serve_backend.py:168 instructlab.model.serve_backend.serve_backend event=exception exc=SystemExit: SystemExit(0) locals={}
2026-08-23 05:06:47.376 /testbed/src/instructlab/model/serve_backend.py:168 instructlab.model.serve_backend.serve_backend event=return retval=None locals={'backend': "'llama-cpp'", 'backend_instance': '<testcase.TestServeBackendExceptionPaths.test_cli_serve_handles_backend_failures_before_shutdown.<locals>.FakeServer object at 0x7611f3b83f50>', 'chat_template': "'default-template-alpha'", 'ctx': '<testcase.TestServeBackendExceptionPaths.test_cli_serve_handles_backend_failures_before_shutdown.<locals>.FakeContext object at 0x7611f3b7ef50>', 'gpu_layers': '9', 'gpus': 'None', 'host': "'127.0.0.1'", 'llama_cpp': "<module 'instructlab.model.backends.llama_cpp' from '/testbed/src/instructlab/model/backends/llama_cpp.py'>", 'log_file': "PosixPath('/tmp/serve-backend-7.log')", 'max_ctx_size': '5680', 'model_family': "'family-4-variant'", 'model_path': "PosixPath('/models/generated-6-40')", 'num_threads': 'None', 'port': '8400', 'root_logger': '<RootLogger root (WARNING)>', 'vllm': "<module 'instructlab.model.backends.vllm' from '/testbed/src/instructlab/model/backends/vllm.py'>"}
2026-08-23 05:06:47.377 /testbed/src/instructlab/model/serve_backend.py:51 instructlab.model.serve_backend.serve_backend event=call locals={'backend': "'llama-cpp'", 'chat_template': "'template-1-beta'", 'ctx': '<testcase.TestServeBackendExceptionPaths.test_cli_serve_handles_backend_failures_before_shutdown.<locals>.FakeContext object at 0x7611f3b7ef50>', 'gpu_layers': '16', 'gpus': 'None', 'host': "'127.0.0.1'", 'log_file': "PosixPath('/tmp/serve-backend-8.log')", 'max_ctx_size': '5728', 'model_family': "'family-5-variant'", 'model_path': "PosixPath('/models/generated-7-41')", 'num_threads': '5', 'port': '8405'}
2026-08-23 05:06:47.377 /testbed/src/instructlab/model/serve_backend.py:67 instructlab.model.serve_backend.serve_backend event=line locals={}
2026-08-23 05:06:47.377 /testbed/src/instructlab/model/serve_backend.py:68 instructlab.model.serve_backend.serve_backend event=line locals={'root_logger': '<RootLogger root (WARNING)>'}
2026-08-23 05:06:47.377 /testbed/src/instructlab/model/serve_backend.py:69 instructlab.model.serve_backend.serve_backend event=line locals={}
2026-08-23 05:06:47.377 /testbed/src/instructlab/model/serve_backend.py:72 instructlab.model.serve_backend.serve_backend event=line locals={}
2026-08-23 05:06:47.377 /testbed/src/instructlab/model/serve_backend.py:74 instructlab.model.serve_backend.serve_backend event=line locals={'llama_cpp': "<module 'instructlab.model.backends.llama_cpp' from '/testbed/src/instructlab/model/backends/llama_cpp.py'>", 'vllm': "<module 'instructlab.model.backends.vllm' from '/testbed/src/instructlab/model/backends/vllm.py'>"}
2026-08-23 05:06:47.377 /testbed/src/instructlab/model/serve_backend.py:75 instructlab.model.serve_backend.serve_backend event=line locals={}
2026-08-23 05:06:47.377 /testbed/src/instructlab/model/serve_backend.py:79 instructlab.model.serve_backend.serve_backend event=line locals={}
2026-08-23 05:06:47.377 /testbed/src/instructlab/model/serve_backend.py:80 instructlab.model.serve_backend.serve_backend event=line locals={}
2026-08-23 05:06:47.377 /testbed/src/instructlab/model/serve_backend.py:81 instructlab.model.serve_backend.serve_backend event=line locals={}
2026-08-23 05:06:47.378 /testbed/src/instructlab/model/serve_backend.py:82 instructlab.model.serve_backend.serve_backend event=line locals={}
2026-08-23 05:06:47.378 /testbed/src/instructlab/model/serve_backend.py:85 instructlab.model.serve_backend.serve_backend event=line locals={}
2026-08-23 05:06:47.378 /testbed/src/instructlab/model/serve_backend.py:86 instructlab.model.serve_backend.serve_backend event=line locals={}
2026-08-23 05:06:47.378 /testbed/src/instructlab/model/serve_backend.py:85 instructlab.model.serve_backend.serve_backend event=line locals={}
2026-08-23 05:06:47.378 /testbed/src/instructlab/model/serve_backend.py:90 instructlab.model.serve_backend.serve_backend event=line locals={}
2026-08-23 05:06:47.378 /testbed/src/instructlab/model/serve_backend.py:91 instructlab.model.serve_backend.serve_backend event=line locals={}
2026-08-23 05:06:47.378 /testbed/src/instructlab/model/serve_backend.py:93 instructlab.model.serve_backend.serve_backend event=line locals={}
2026-08-23 05:06:47.378 /testbed/src/instructlab/model/serve_backend.py:94 instructlab.model.serve_backend.serve_backend event=line locals={}
2026-08-23 05:06:47.378 /testbed/src/instructlab/model/serve_backend.py:95 instructlab.model.serve_backend.serve_backend event=line locals={}
2026-08-23 05:06:47.378 /testbed/src/instructlab/model/serve_backend.py:96 instructlab.model.serve_backend.serve_backend event=line locals={}
2026-08-23 05:06:47.378 /testbed/src/instructlab/model/serve_backend.py:97 instructlab.model.serve_backend.serve_backend event=line locals={}
2026-08-23 05:06:47.378 /testbed/src/instructlab/model/serve_backend.py:98 instructlab.model.serve_backend.serve_backend event=line locals={}
2026-08-23 05:06:47.378 /testbed/src/instructlab/model/serve_backend.py:99 instructlab.model.serve_backend.serve_backend event=line locals={}
2026-08-23 05:06:47.378 /testbed/src/instructlab/model/serve_backend.py:100 instructlab.model.serve_backend.serve_backend event=line locals={}
2026-08-23 05:06:47.378 /testbed/src/instructlab/model/serve_backend.py:101 instructlab.model.serve_backend.serve_backend event=line locals={}
2026-08-23 05:06:47.378 /testbed/src/instructlab/model/serve_backend.py:102 instructlab.model.serve_backend.serve_backend event=line locals={}
2026-08-23 05:06:47.378 /testbed/src/instructlab/model/serve_backend.py:103 instructlab.model.serve_backend.serve_backend event=line locals={}
2026-08-23 05:06:47.378 /testbed/src/instructlab/model/serve_backend.py:93 instructlab.model.serve_backend.serve_backend event=line locals={}
2026-08-23 05:06:47.378 /testbed/src/instructlab/model/serve_backend.py:160 instructlab.model.serve_backend.serve_backend event=line locals={'backend_instance': '<testcase.TestServeBackendExceptionPaths.test_cli_serve_handles_backend_failures_before_shutdown.<locals>.FakeServer object at 0x7611f3b93fd0>'}
2026-08-23 05:06:47.378 /testbed/src/instructlab/model/serve_backend.py:161 instructlab.model.serve_backend.serve_backend event=line locals={}
2026-08-23 05:06:47.378 /testbed/src/instructlab/model/serve_backend.py:161 instructlab.model.serve_backend.serve_backend event=exception exc=ServerException: ServerException('backend-cycle-41-717') locals={}
2026-08-23 05:06:47.378 /testbed/src/instructlab/model/serve_backend.py:162 instructlab.model.serve_backend.serve_backend event=line locals={'backend': "'llama-cpp'", 'backend_instance': '<testcase.TestServeBackendExceptionPaths.test_cli_serve_handles_backend_failures_before_shutdown.<locals>.FakeServer object at 0x7611f3b93fd0>', 'chat_template': "'template-1-beta'", 'ctx': '<testcase.TestServeBackendExceptionPaths.test_cli_serve_handles_backend_failures_before_shutdown.<locals>.FakeContext object at 0x7611f3b7ef50>', 'gpu_layers': '16', 'gpus': 'None', 'host': "'127.0.0.1'", 'llama_cpp': "<module 'instructlab.model.backends.llama_cpp' from '/testbed/src/instructlab/model/backends/llama_cpp.py'>", 'log_file': "PosixPath('/tmp/serve-backend-8.log')", 'max_ctx_size': '5728', 'model_family': "'family-5-variant'", 'model_path': "PosixPath('/models/generated-7-41')", 'num_threads': '5', 'port': '8405', 'root_logger': '<RootLogger root (WARNING)>', 'vllm': "<module 'instructlab.model.backends.vllm' from '/testbed/src/instructlab/model/backends/vllm.py'>"}
2026-08-23 05:06:47.378 /testbed/src/instructlab/model/serve_backend.py:163 instructlab.model.serve_backend.serve_backend event=line locals={'exc': "ServerException('backend-cycle-41-717')"}
2026-08-23 05:06:47.378 /testbed/src/instructlab/model/serve_backend.py:163 instructlab.model.serve_backend.serve_backend event=exception exc=RuntimeError: RuntimeError('Error creating server: backend-cycle-41-717') locals={}
2026-08-23 05:06:47.378 /testbed/src/instructlab/model/serve_backend.py:167 instructlab.model.serve_backend.serve_backend event=line locals={'backend': "'llama-cpp'", 'backend_instance': '<testcase.TestServeBackendExceptionPaths.test_cli_serve_handles_backend_failures_before_shutdown.<locals>.FakeServer object at 0x7611f3b93fd0>', 'chat_template': "'template-1-beta'", 'ctx': '<testcase.TestServeBackendExceptionPaths.test_cli_serve_handles_backend_failures_before_shutdown.<locals>.FakeContext object at 0x7611f3b7ef50>', 'gpu_layers': '16', 'gpus': 'None', 'host': "'127.0.0.1'", 'llama_cpp': "<module 'instructlab.model.backends.llama_cpp' from '/testbed/src/instructlab/model/backends/llama_cpp.py'>", 'log_file': "PosixPath('/tmp/serve-backend-8.log')", 'max_ctx_size': '5728', 'model_family': "'family-5-variant'", 'model_path': "PosixPath('/models/generated-7-41')", 'num_threads': '5', 'port': '8405', 'root_logger': '<RootLogger root (WARNING)>', 'vllm': "<module 'instructlab.model.backends.vllm' from '/testbed/src/instructlab/model/backends/vllm.py'>"}
2026-08-23 05:06:47.379 /testbed/src/instructlab/model/serve_backend.py:168 instructlab.model.serve_backend.serve_backend event=line locals={}
2026-08-23 05:06:47.379 /testbed/src/instructlab/model/serve_backend.py:168 instructlab.model.serve_backend.serve_backend event=exception exc=SystemExit: SystemExit(0) locals={}
2026-08-23 05:06:47.379 /testbed/src/instructlab/model/serve_backend.py:168 instructlab.model.serve_backend.serve_backend event=return retval=None locals={'backend': "'llama-cpp'", 'backend_instance': '<testcase.TestServeBackendExceptionPaths.test_cli_serve_handles_backend_failures_before_shutdown.<locals>.FakeServer object at 0x7611f3b93fd0>', 'chat_template': "'template-1-beta'", 'ctx': '<testcase.TestServeBackendExceptionPaths.test_cli_serve_handles_backend_failures_before_shutdown.<locals>.FakeContext object at 0x7611f3b7ef50>', 'gpu_layers': '16', 'gpus': 'None', 'host': "'127.0.0.1'", 'llama_cpp': "<module 'instructlab.model.backends.llama_cpp' from '/testbed/src/instructlab/model/backends/llama_cpp.py'>", 'log_file': "PosixPath('/tmp/serve-backend-8.log')", 'max_ctx_size': '5728', 'model_family': "'family-5-variant'", 'model_path': "PosixPath('/models/generated-7-41')", 'num_threads': '5', 'port': '8405', 'root_logger': '<RootLogger root (WARNING)>', 'vllm': "<module 'instructlab.model.backends.vllm' from '/testbed/src/instructlab/model/backends/vllm.py'>"}
2026-08-23 05:06:47.379 /testbed/src/instructlab/model/serve_backend.py:51 instructlab.model.serve_backend.serve_backend event=call locals={'backend': "'llama-cpp'", 'chat_template': 'None', 'ctx': '<testcase.TestServeBackendExceptionPaths.test_cli_serve_handles_backend_failures_before_shutdown.<locals>.FakeContext object at 0x7611f3b82bd0>', 'gpu_layers': '0', 'gpus': 'None', 'host': "'0.0.0.0'", 'log_file': 'None', 'max_ctx_size': '4096', 'model_family': "'family-6-variant'", 'model_path': "PosixPath('/models/generated-8-42')", 'num_threads': '0', 'port': '8410'}
2026-08-23 05:06:47.379 /testbed/src/instructlab/model/serve_backend.py:67 instructlab.model.serve_backend.serve_backend event=line locals={}
2026-08-23 05:06:47.379 /testbed/src/instructlab/model/serve_backend.py:68 instructlab.model.serve_backend.serve_backend event=line locals={'root_logger': '<RootLogger root (WARNING)>'}
2026-08-23 05:06:47.379 /testbed/src/instructlab/model/serve_backend.py:72 instructlab.model.serve_backend.serve_backend event=line locals={}
2026-08-23 05:06:47.379 /testbed/src/instructlab/model/serve_backend.py:74 instructlab.model.serve_backend.serve_backend event=line locals={'llama_cpp': "<module 'instructlab.model.backends.llama_cpp' from '/testbed/src/instructlab/model/backends/llama_cpp.py'>", 'vllm': "<module 'instructlab.model.backends.vllm' from '/testbed/src/instructlab/model/backends/vllm.py'>"}
2026-08-23 05:06:47.379 /testbed/src/instructlab/model/serve_backend.py:75 instructlab.model.serve_backend.serve_backend event=line locals={}
2026-08-23 05:06:47.379 /testbed/src/instructlab/model/serve_backend.py:79 instructlab.model.serve_backend.serve_backend event=line locals={}
2026-08-23 05:06:47.379 /testbed/src/instructlab/model/serve_backend.py:80 instructlab.model.serve_backend.serve_backend event=line locals={}
2026-08-23 05:06:47.379 /testbed/src/instructlab/model/serve_backend.py:81 instructlab.model.serve_backend.serve_backend event=line locals={}
2026-08-23 05:06:47.379 /testbed/src/instructlab/model/serve_backend.py:82 instructlab.model.serve_backend.serve_backend event=line locals={}
2026-08-23 05:06:47.380 /testbed/src/instructlab/model/serve_backend.py:83 instructlab.model.serve_backend.serve_backend event=line locals={}
2026-08-23 05:06:47.380 /testbed/src/instructlab/model/serve_backend.py:85 instructlab.model.serve_backend.serve_backend event=line locals={'chat_template': "'default-template-alpha'"}
2026-08-23 05:06:47.380 /testbed/src/instructlab/model/serve_backend.py:86 instructlab.model.serve_backend.serve_backend event=line locals={}
2026-08-23 05:06:47.380 /testbed/src/instructlab/model/serve_backend.py:85 instructlab.model.serve_backend.serve_backend event=line locals={}
2026-08-23 05:06:47.380 /testbed/src/instructlab/model/serve_backend.py:90 instructlab.model.serve_backend.serve_backend event=line locals={}
2026-08-23 05:06:47.380 /testbed/src/instructlab/model/serve_backend.py:91 instructlab.model.serve_backend.serve_backend event=line locals={}
2026-08-23 05:06:47.380 /testbed/src/instructlab/model/serve_backend.py:93 instructlab.model.serve_backend.serve_backend event=line locals={}
2026-08-23 05:06:47.380 /testbed/src/instructlab/model/serve_backend.py:94 instructlab.model.serve_backend.serve_backend event=line locals={}
2026-08-23 05:06:47.380 /testbed/src/instructlab/model/serve_backend.py:95 instructlab.model.serve_backend.serve_backend event=line locals={}
2026-08-23 05:06:47.380 /testbed/src/instructlab/model/serve_backend.py:96 instructlab.model.serve_backend.serve_backend event=line locals={}
2026-08-23 05:06:47.380 /testbed/src/instructlab/model/serve_backend.py:97 instructlab.model.serve_backend.serve_backend event=line locals={}
2026-08-23 05:06:47.380 /testbed/src/instructlab/model/serve_backend.py:98 instructlab.model.serve_backend.serve_backend event=line locals={}
2026-08-23 05:06:47.380 /testbed/src/instructlab/model/serve_backend.py:99 instructlab.model.serve_backend.serve_backend event=line locals={}
2026-08-23 05:06:47.380 /testbed/src/instructlab/model/serve_backend.py:100 instructlab.model.serve_backend.serve_backend event=line locals={}
2026-08-23 05:06:47.380 /testbed/src/instructlab/model/serve_backend.py:101 instructlab.model.serve_backend.serve_backend event=line locals={}
2026-08-23 05:06:47.380 /testbed/src/instructlab/model/serve_backend.py:102 instructlab.model.serve_backend.serve_backend event=line locals={}
2026-08-23 05:06:47.380 /testbed/src/instructlab/model/serve_backend.py:103 instructlab.model.serve_backend.serve_backend event=line locals={}
2026-08-23 05:06:47.380 /testbed/src/instructlab/model/serve_backend.py:93 instructlab.model.serve_backend.serve_backend event=line locals={}
2026-08-23 05:06:47.380 /testbed/src/instructlab/model/serve_backend.py:160 instructlab.model.serve_backend.serve_backend event=line locals={'backend_instance': '<testcase.TestServeBackendExceptionPaths.test_cli_serve_handles_backend_failures_before_shutdown.<locals>.FakeServer object at 0x7611f3b7c2d0>'}
2026-08-23 05:06:47.380 /testbed/src/instructlab/model/serve_backend.py:161 instructlab.model.serve_backend.serve_backend event=line locals={}
2026-08-23 05:06:47.380 /testbed/src/instructlab/model/serve_backend.py:161 instructlab.model.serve_backend.serve_backend event=exception exc=ServerException: ServerException('backend-cycle-42-717') locals={}
2026-08-23 05:06:47.380 /testbed/src/instructlab/model/serve_backend.py:162 instructlab.model.serve_backend.serve_backend event=line locals={'backend': "'llama-cpp'", 'backend_instance': '<testcase.TestServeBackendExceptionPaths.test_cli_serve_handles_backend_failures_before_shutdown.<locals>.FakeServer object at 0x7611f3b7c2d0>', 'chat_template': "'default-template-alpha'", 'ctx': '<testcase.TestServeBackendExceptionPaths.test_cli_serve_handles_backend_failures_before_shutdown.<locals>.FakeContext object at 0x7611f3b82bd0>', 'gpu_layers': '0', 'gpus': 'None', 'host': "'0.0.0.0'", 'llama_cpp': "<module 'instructlab.model.backends.llama_cpp' from '/testbed/src/instructlab/model/backends/llama_cpp.py'>", 'log_file': 'None', 'max_ctx_size': '4096', 'model_family': "'family-6-variant'", 'model_path': "PosixPath('/models/generated-8-42')", 'num_threads': '0', 'port': '8410', 'root_logger': '<RootLogger root (WARNING)>', 'vllm': "<module 'instructlab.model.backends.vllm' from '/testbed/src/instructlab/model/backends/vllm.py'>"}
2026-08-23 05:06:47.380 /testbed/src/instructlab/model/serve_backend.py:163 instructlab.model.serve_backend.serve_backend event=line locals={'exc': "ServerException('backend-cycle-42-717')"}
2026-08-23 05:06:47.380 /testbed/src/instructlab/model/serve_backend.py:163 instructlab.model.serve_backend.serve_backend event=exception exc=RuntimeError: RuntimeError('Error creating server: backend-cycle-42-717') locals={}
2026-08-23 05:06:47.380 /testbed/src/instructlab/model/serve_backend.py:167 instructlab.model.serve_backend.serve_backend event=line locals={'backend': "'llama-cpp'", 'backend_instance': '<testcase.TestServeBackendExceptionPaths.test_cli_serve_handles_backend_failures_before_shutdown.<locals>.FakeServer object at 0x7611f3b7c2d0>', 'chat_template': "'default-template-alpha'", 'ctx': '<testcase.TestServeBackendExceptionPaths.test_cli_serve_handles_backend_failures_before_shutdown.<locals>.FakeContext object at 0x7611f3b82bd0>', 'gpu_layers': '0', 'gpus': 'None', 'host': "'0.0.0.0'", 'llama_cpp': "<module 'instructlab.model.backends.llama_cpp' from '/testbed/src/instructlab/model/backends/llama_cpp.py'>", 'log_file': 'None', 'max_ctx_size': '4096', 'model_family': "'family-6-variant'", 'model_path': "PosixPath('/models/generated-8-42')", 'num_threads': '0', 'port': '8410', 'root_logger': '<RootLogger root (WARNING)>', 'vllm': "<module 'instructlab.model.backends.vllm' from '/testbed/src/instructlab/model/backends/vllm.py'>"}
2026-08-23 05:06:47.380 /testbed/src/instructlab/model/serve_backend.py:168 instructlab.model.serve_backend.serve_backend event=line locals={}
2026-08-23 05:06:47.380 /testbed/src/instructlab/model/serve_backend.py:168 instructlab.model.serve_backend.serve_backend event=exception exc=SystemExit: SystemExit(0) locals={}
2026-08-23 05:06:47.380 /testbed/src/instructlab/model/serve_backend.py:168 instructlab.model.serve_backend.serve_backend event=return retval=None locals={'backend': "'llama-cpp'", 'backend_instance': '<testcase.TestServeBackendExceptionPaths.test_cli_serve_handles_backend_failures_before_shutdown.<locals>.FakeServer object at 0x7611f3b7c2d0>', 'chat_template': "'default-template-alpha'", 'ctx': '<testcase.TestServeBackendExceptionPaths.test_cli_serve_handles_backend_failures_before_shutdown.<locals>.FakeContext object at 0x7611f3b82bd0>', 'gpu_layers': '0', 'gpus': 'None', 'host': "'0.0.0.0'", 'llama_cpp': "<module 'instructlab.model.backends.llama_cpp' from '/testbed/src/instructlab/model/backends/llama_cpp.py'>", 'log_file': 'None', 'max_ctx_size': '4096', 'model_family': "'family-6-variant'", 'model_path': "PosixPath('/models/generated-8-42')", 'num_threads': '0', 'port': '8410', 'root_logger': '<RootLogger root (WARNING)>', 'vllm': "<module 'instructlab.model.backends.vllm' from '/testbed/src/instructlab/model/backends/vllm.py'>"}
2026-08-23 05:06:47.381 /testbed/src/instructlab/model/serve_backend.py:51 instructlab.model.serve_backend.serve_backend event=call locals={'backend': "'llama-cpp'", 'chat_template': "'template-3-beta'", 'ctx': '<testcase.TestServeBackendExceptionPaths.test_cli_serve_handles_backend_failures_before_shutdown.<locals>.FakeContext object at 0x7611f3b83b90>', 'gpu_layers': '7', 'gpus': 'None', 'host': "'127.0.0.1'", 'log_file': "PosixPath('/tmp/serve-backend-10.log')", 'max_ctx_size': '4144', 'model_family': "'family-7-variant'", 'model_path': "PosixPath('/models/generated-9-43')", 'num_threads': '1', 'port': '8415'}
2026-08-23 05:06:47.381 /testbed/src/instructlab/model/serve_backend.py:67 instructlab.model.serve_backend.serve_backend event=line locals={}
2026-08-23 05:06:47.381 /testbed/src/instructlab/model/serve_backend.py:68 instructlab.model.serve_backend.serve_backend event=line locals={'root_logger': '<RootLogger root (WARNING)>'}
2026-08-23 05:06:47.381 /testbed/src/instructlab/model/serve_backend.py:69 instructlab.model.serve_backend.serve_backend event=line locals={}
2026-08-23 05:06:47.381 /testbed/src/instructlab/model/serve_backend.py:72 instructlab.model.serve_backend.serve_backend event=line locals={}
2026-08-23 05:06:47.381 /testbed/src/instructlab/model/serve_backend.py:74 instructlab.model.serve_backend.serve_backend event=line locals={'llama_cpp': "<module 'instructlab.model.backends.llama_cpp' from '/testbed/src/instructlab/model/backends/llama_cpp.py'>", 'vllm': "<module 'instructlab.model.backends.vllm' from '/testbed/src/instructlab/model/backends/vllm.py'>"}
2026-08-23 05:06:47.381 /testbed/src/instructlab/model/serve_backend.py:75 instructlab.model.serve_backend.serve_backend event=line locals={}
2026-08-23 05:06:47.382 /testbed/src/instructlab/model/serve_backend.py:79 instructlab.model.serve_backend.serve_backend event=line locals={}
2026-08-23 05:06:47.382 /testbed/src/instructlab/model/serve_backend.py:80 instructlab.model.serve_backend.serve_backend event=line locals={}
2026-08-23 05:06:47.382 /testbed/src/instructlab/model/serve_backend.py:81 instructlab.model.serve_backend.serve_backend event=line locals={}
2026-08-23 05:06:47.382 /testbed/src/instructlab/model/serve_backend.py:82 instructlab.model.serve_backend.serve_backend event=line locals={}
2026-08-23 05:06:47.382 /testbed/src/instructlab/model/serve_backend.py:85 instructlab.model.serve_backend.serve_backend event=line locals={}
2026-08-23 05:06:47.382 /testbed/src/instructlab/model/serve_backend.py:86 instructlab.model.serve_backend.serve_backend event=line locals={}
2026-08-23 05:06:47.382 /testbed/src/instructlab/model/serve_backend.py:85 instructlab.model.serve_backend.serve_backend event=line locals={}
2026-08-23 05:06:47.382 /testbed/src/instructlab/model/serve_backend.py:90 instructlab.model.serve_backend.serve_backend event=line locals={}
2026-08-23 05:06:47.382 /testbed/src/instructlab/model/serve_backend.py:91 instructlab.model.serve_backend.serve_backend event=line locals={}
2026-08-23 05:06:47.382 /testbed/src/instructlab/model/serve_backend.py:93 instructlab.model.serve_backend.serve_backend event=line locals={}
2026-08-23 05:06:47.382 /testbed/src/instructlab/model/serve_backend.py:94 instructlab.model.serve_backend.serve_backend event=line locals={}
2026-08-23 05:06:47.382 /testbed/src/instructlab/model/serve_backend.py:95 instructlab.model.serve_backend.serve_backend event=line locals={}
2026-08-23 05:06:47.382 /testbed/src/instructlab/model/serve_backend.py:96 instructlab.model.serve_backend.serve_backend event=line locals={}
2026-08-23 05:06:47.382 /testbed/src/instructlab/model/serve_backend.py:97 instructlab.model.serve_backend.serve_backend event=line locals={}
2026-08-23 05:06:47.382 /testbed/src/instructlab/model/serve_backend.py:98 instructlab.model.serve_backend.serve_backend event=line locals={}
2026-08-23 05:06:47.382 /testbed/src/instructlab/model/serve_backend.py:99 instructlab.model.serve_backend.serve_backend event=line locals={}
2026-08-23 05:06:47.382 /testbed/src/instructlab/model/serve_backend.py:100 instructlab.model.serve_backend.serve_backend event=line locals={}
2026-08-23 05:06:47.382 /testbed/src/instructlab/model/serve_backend.py:101 instructlab.model.serve_backend.serve_backend event=line locals={}
2026-08-23 05:06:47.382 /testbed/src/instructlab/model/serve_backend.py:102 instructlab.model.serve_backend.serve_backend event=line locals={}
2026-08-23 05:06:47.382 /testbed/src/instructlab/model/serve_backend.py:103 instructlab.model.serve_backend.serve_backend event=line locals={}
2026-08-23 05:06:47.382 /testbed/src/instructlab/model/serve_backend.py:93 instructlab.model.serve_backend.serve_backend event=line locals={}
2026-08-23 05:06:47.382 /testbed/src/instructlab/model/serve_backend.py:160 instructlab.model.serve_backend.serve_backend event=line locals={'backend_instance': '<testcase.TestServeBackendExceptionPaths.test_cli_serve_handles_backend_failures_before_shutdown.<locals>.FakeServer object at 0x7611f3b92510>'}
2026-08-23 05:06:47.382 /testbed/src/instructlab/model/serve_backend.py:161 instructlab.model.serve_backend.serve_backend event=line locals={}
2026-08-23 05:06:47.382 /testbed/src/instructlab/model/serve_backend.py:161 instructlab.model.serve_backend.serve_backend event=exception exc=KeyboardInterrupt: KeyboardInterrupt('backend-cycle-43-465') locals={}
2026-08-23 05:06:47.383 /testbed/src/instructlab/model/serve_backend.py:162 instructlab.model.serve_backend.serve_backend event=line locals={'backend': "'llama-cpp'", 'backend_instance': '<testcase.TestServeBackendExceptionPaths.test_cli_serve_handles_backend_failures_before_shutdown.<locals>.FakeServer object at 0x7611f3b92510>', 'chat_template': "'template-3-beta'", 'ctx': '<testcase.TestServeBackendExceptionPaths.test_cli_serve_handles_backend_failures_before_shutdown.<locals>.FakeContext object at 0x7611f3b83b90>', 'gpu_layers': '7', 'gpus': 'None', 'host': "'127.0.0.1'", 'llama_cpp': "<module 'instructlab.model.backends.llama_cpp' from '/testbed/src/instructlab/model/backends/llama_cpp.py'>", 'log_file': "PosixPath('/tmp/serve-backend-10.log')", 'max_ctx_size': '4144', 'model_family': "'family-7-variant'", 'model_path': "PosixPath('/models/generated-9-43')", 'num_threads': '1', 'port': '8415', 'root_logger': '<RootLogger root (WARNING)>', 'vllm': "<module 'instructlab.model.backends.vllm' from '/testbed/src/instructlab/model/backends/vllm.py'>"}
2026-08-23 05:06:47.383 /testbed/src/instructlab/model/serve_backend.py:164 instructlab.model.serve_backend.serve_backend event=line locals={}
2026-08-23 05:06:47.383 /testbed/src/instructlab/model/serve_backend.py:165 instructlab.model.serve_backend.serve_backend event=line locals={}
2026-08-23 05:06:47.383 /testbed/src/instructlab/model/serve_backend.py:167 instructlab.model.serve_backend.serve_backend event=line locals={}
2026-08-23 05:06:47.383 /testbed/src/instructlab/model/serve_backend.py:168 instructlab.model.serve_backend.serve_backend event=line locals={}
2026-08-23 05:06:47.383 /testbed/src/instructlab/model/serve_backend.py:168 instructlab.model.serve_backend.serve_backend event=exception exc=SystemExit: SystemExit(0) locals={}
2026-08-23 05:06:47.383 /testbed/src/instructlab/model/serve_backend.py:168 instructlab.model.serve_backend.serve_backend event=return retval=None locals={'backend': "'llama-cpp'", 'backend_instance': '<testcase.TestServeBackendExceptionPaths.test_cli_serve_handles_backend_failures_before_shutdown.<locals>.FakeServer object at 0x7611f3b92510>', 'chat_template': "'template-3-beta'", 'ctx': '<testcase.TestServeBackendExceptionPaths.test_cli_serve_handles_backend_failures_before_shutdown.<locals>.FakeContext object at 0x7611f3b83b90>', 'gpu_layers': '7', 'gpus': 'None', 'host': "'127.0.0.1'", 'llama_cpp': "<module 'instructlab.model.backends.llama_cpp' from '/testbed/src/instructlab/model/backends/llama_cpp.py'>", 'log_file': "PosixPath('/tmp/serve-backend-10.log')", 'max_ctx_size': '4144', 'model_family': "'family-7-variant'", 'model_path': "PosixPath('/models/generated-9-43')", 'num_threads': '1', 'port': '8415', 'root_logger': '<RootLogger root (WARNING)>', 'vllm': "<module 'instructlab.model.backends.vllm' from '/testbed/src/instructlab/model/backends/vllm.py'>"}
2026-08-23 05:06:47.383 /testbed/src/instructlab/model/serve_backend.py:51 instructlab.model.serve_backend.serve_backend event=call locals={'backend': "'llama-cpp'", 'chat_template': 'None', 'ctx': '<testcase.TestServeBackendExceptionPaths.test_cli_serve_handles_backend_failures_before_shutdown.<locals>.FakeContext object at 0x7611f3b7c810>', 'gpu_layers': '14', 'gpus': 'None', 'host': "'127.0.0.1'", 'log_file': "PosixPath('/tmp/serve-backend-0.log')", 'max_ctx_size': '4096', 'model_family': "'family-8-variant'", 'model_path': "PosixPath('/models/generated-10-44')", 'num_threads': 'None', 'port': '8420'}
2026-08-23 05:06:47.383 /testbed/src/instructlab/model/serve_backend.py:67 instructlab.model.serve_backend.serve_backend event=line locals={}
2026-08-23 05:06:47.383 /testbed/src/instructlab/model/serve_backend.py:68 instructlab.model.serve_backend.serve_backend event=line locals={'root_logger': '<RootLogger root (WARNING)>'}
2026-08-23 05:06:47.383 /testbed/src/instructlab/model/serve_backend.py:69 instructlab.model.serve_backend.serve_backend event=line locals={}
2026-08-23 05:06:47.383 /testbed/src/instructlab/model/serve_backend.py:72 instructlab.model.serve_backend.serve_backend event=line locals={}
2026-08-23 05:06:47.383 /testbed/src/instructlab/model/serve_backend.py:74 instructlab.model.serve_backend.serve_backend event=line locals={'llama_cpp': "<module 'instructlab.model.backends.llama_cpp' from '/testbed/src/instructlab/model/backends/llama_cpp.py'>", 'vllm': "<module 'instructlab.model.backends.vllm' from '/testbed/src/instructlab/model/backends/vllm.py'>"}
2026-08-23 05:06:47.383 /testbed/src/instructlab/model/serve_backend.py:75 instructlab.model.serve_backend.serve_backend event=line locals={}
2026-08-23 05:06:47.384 /testbed/src/instructlab/model/serve_backend.py:79 instructlab.model.serve_backend.serve_backend event=line locals={}
2026-08-23 05:06:47.384 /testbed/src/instructlab/model/serve_backend.py:80 instructlab.model.serve_backend.serve_backend event=line locals={}
2026-08-23 05:06:47.384 /testbed/src/instructlab/model/serve_backend.py:81 instructlab.model.serve_backend.serve_backend event=line locals={}
2026-08-23 05:06:47.384 /testbed/src/instructlab/model/serve_backend.py:82 instructlab.model.serve_backend.serve_backend event=line locals={}
2026-08-23 05:06:47.384 /testbed/src/instructlab/model/serve_backend.py:83 instructlab.model.serve_backend.serve_backend event=line locals={}
2026-08-23 05:06:47.384 /testbed/src/instructlab/model/serve_backend.py:85 instructlab.model.serve_backend.serve_backend event=line locals={'chat_template': "'default-template-alpha'"}
2026-08-23 05:06:47.384 /testbed/src/instructlab/model/serve_backend.py:86 instructlab.model.serve_backend.serve_backend event=line locals={}
2026-08-23 05:06:47.384 /testbed/src/instructlab/model/serve_backend.py:85 instructlab.model.serve_backend.serve_backend event=line locals={}
2026-08-23 05:06:47.384 /testbed/src/instructlab/model/serve_backend.py:90 instructlab.model.serve_backend.serve_backend event=line locals={}
2026-08-23 05:06:47.384 /testbed/src/instructlab/model/serve_backend.py:91 instructlab.model.serve_backend.serve_backend event=line locals={}
2026-08-23 05:06:47.384 /testbed/src/instructlab/model/serve_backend.py:93 instructlab.model.serve_backend.serve_backend event=line locals={}
2026-08-23 05:06:47.384 /testbed/src/instructlab/model/serve_backend.py:94 instructlab.model.serve_backend.serve_backend event=line locals={}
2026-08-23 05:06:47.384 /testbed/src/instructlab/model/serve_backend.py:95 instructlab.model.serve_backend.serve_backend event=line locals={}
2026-08-23 05:06:47.384 /testbed/src/instructlab/model/serve_backend.py:96 instructlab.model.serve_backend.serve_backend event=line locals={}
2026-08-23 05:06:47.384 /testbed/src/instructlab/model/serve_backend.py:97 instructlab.model.serve_backend.serve_backend event=line locals={}
2026-08-23 05:06:47.384 /testbed/src/instructlab/model/serve_backend.py:98 instructlab.model.serve_backend.serve_backend event=line locals={}
2026-08-23 05:06:47.384 /testbed/src/instructlab/model/serve_backend.py:99 instructlab.model.serve_backend.serve_backend event=line locals={}
2026-08-23 05:06:47.384 /testbed/src/instructlab/model/serve_backend.py:100 instructlab.model.serve_backend.serve_backend event=line locals={}
2026-08-23 05:06:47.384 /testbed/src/instructlab/model/serve_backend.py:101 instructlab.model.serve_backend.serve_backend event=line locals={}
2026-08-23 05:06:47.384 /testbed/src/instructlab/model/serve_backend.py:102 instructlab.model.serve_backend.serve_backend event=line locals={}
2026-08-23 05:06:47.384 /testbed/src/instructlab/model/serve_backend.py:103 instructlab.model.serve_backend.serve_backend event=line locals={}
2026-08-23 05:06:47.384 /testbed/src/instructlab/model/serve_backend.py:93 instructlab.model.serve_backend.serve_backend event=line locals={}
2026-08-23 05:06:47.384 /testbed/src/instructlab/model/serve_backend.py:160 instructlab.model.serve_backend.serve_backend event=line locals={'backend_instance': '<testcase.TestServeBackendExceptionPaths.test_cli_serve_handles_backend_failures_before_shutdown.<locals>.FakeServer object at 0x7611f3b7cc10>'}
2026-08-23 05:06:47.384 /testbed/src/instructlab/model/serve_backend.py:161 instructlab.model.serve_backend.serve_backend event=line locals={}
2026-08-23 05:06:47.385 /testbed/src/instructlab/model/serve_backend.py:161 instructlab.model.serve_backend.serve_backend event=exception exc=ServerException: ServerException('backend-cycle-44-717') locals={}
2026-08-23 05:06:47.385 /testbed/src/instructlab/model/serve_backend.py:162 instructlab.model.serve_backend.serve_backend event=line locals={'backend': "'llama-cpp'", 'backend_instance': '<testcase.TestServeBackendExceptionPaths.test_cli_serve_handles_backend_failures_before_shutdown.<locals>.FakeServer object at 0x7611f3b7cc10>', 'chat_template': "'default-template-alpha'", 'ctx': '<testcase.TestServeBackendExceptionPaths.test_cli_serve_handles_backend_failures_before_shutdown.<locals>.FakeContext object at 0x7611f3b7c810>', 'gpu_layers': '14', 'gpus': 'None', 'host': "'127.0.0.1'", 'llama_cpp': "<module 'instructlab.model.backends.llama_cpp' from '/testbed/src/instructlab/model/backends/llama_cpp.py'>", 'log_file': "PosixPath('/tmp/serve-backend-0.log')", 'max_ctx_size': '4096', 'model_family': "'family-8-variant'", 'model_path': "PosixPath('/models/generated-10-44')", 'num_threads': 'None', 'port': '8420', 'root_logger': '<RootLogger root (WARNING)>', 'vllm': "<module 'instructlab.model.backends.vllm' from '/testbed/src/instructlab/model/backends/vllm.py'>"}
2026-08-23 05:06:47.385 /testbed/src/instructlab/model/serve_backend.py:163 instructlab.model.serve_backend.serve_backend event=line locals={'exc': "ServerException('backend-cycle-44-717')"}
2026-08-23 05:06:47.385 /testbed/src/instructlab/model/serve_backend.py:163 instructlab.model.serve_backend.serve_backend event=exception exc=RuntimeError: RuntimeError('Error creating server: backend-cycle-44-717') locals={}
2026-08-23 05:06:47.385 /testbed/src/instructlab/model/serve_backend.py:167 instructlab.model.serve_backend.serve_backend event=line locals={'backend': "'llama-cpp'", 'backend_instance': '<testcase.TestServeBackendExceptionPaths.test_cli_serve_handles_backend_failures_before_shutdown.<locals>.FakeServer object at 0x7611f3b7cc10>', 'chat_template': "'default-template-alpha'", 'ctx': '<testcase.TestServeBackendExceptionPaths.test_cli_serve_handles_backend_failures_before_shutdown.<locals>.FakeContext object at 0x7611f3b7c810>', 'gpu_layers': '14', 'gpus': 'None', 'host': "'127.0.0.1'", 'llama_cpp': "<module 'instructlab.model.backends.llama_cpp' from '/testbed/src/instructlab/model/backends/llama_cpp.py'>", 'log_file': "PosixPath('/tmp/serve-backend-0.log')", 'max_ctx_size': '4096', 'model_family': "'family-8-variant'", 'model_path': "PosixPath('/models/generated-10-44')", 'num_threads': 'None', 'port': '8420', 'root_logger': '<RootLogger root (WARNING)>', 'vllm': "<module 'instructlab.model.backends.vllm' from '/testbed/src/instructlab/model/backends/vllm.py'>"}
2026-08-23 05:06:47.385 /testbed/src/instructlab/model/serve_backend.py:168 instructlab.model.serve_backend.serve_backend event=line locals={}
2026-08-23 05:06:47.385 /testbed/src/instructlab/model/serve_backend.py:168 instructlab.model.serve_backend.serve_backend event=exception exc=SystemExit: SystemExit(0) locals={}
2026-08-23 05:06:47.385 /testbed/src/instructlab/model/serve_backend.py:168 instructlab.model.serve_backend.serve_backend event=return retval=None locals={'backend': "'llama-cpp'", 'backend_instance': '<testcase.TestServeBackendExceptionPaths.test_cli_serve_handles_backend_failures_before_shutdown.<locals>.FakeServer object at 0x7611f3b7cc10>', 'chat_template': "'default-template-alpha'", 'ctx': '<testcase.TestServeBackendExceptionPaths.test_cli_serve_handles_backend_failures_before_shutdown.<locals>.FakeContext object at 0x7611f3b7c810>', 'gpu_layers': '14', 'gpus': 'None', 'host': "'127.0.0.1'", 'llama_cpp': "<module 'instructlab.model.backends.llama_cpp' from '/testbed/src/instructlab/model/backends/llama_cpp.py'>", 'log_file': "PosixPath('/tmp/serve-backend-0.log')", 'max_ctx_size': '4096', 'model_family': "'family-8-variant'", 'model_path': "PosixPath('/models/generated-10-44')", 'num_threads': 'None', 'port': '8420', 'root_logger': '<RootLogger root (WARNING)>', 'vllm': "<module 'instructlab.model.backends.vllm' from '/testbed/src/instructlab/model/backends/vllm.py'>"}
2026-08-23 05:06:47.385 /testbed/src/instructlab/model/serve_backend.py:51 instructlab.model.serve_backend.serve_backend event=call locals={'backend': "'llama-cpp'", 'chat_template': "'template-5-beta'", 'ctx': '<testcase.TestServeBackendExceptionPaths.test_cli_serve_handles_backend_failures_before_shutdown.<locals>.FakeContext object at 0x7611f3b7c810>', 'gpu_layers': '21', 'gpus': 'None', 'host': "'127.0.0.1'", 'log_file': 'None', 'max_ctx_size': '4240', 'model_family': "'family-0-variant'", 'model_path': "PosixPath('/models/generated-11-45')", 'num_threads': '3', 'port': '8425'}
2026-08-23 05:06:47.385 /testbed/src/instructlab/model/serve_backend.py:67 instructlab.model.serve_backend.serve_backend event=line locals={}
2026-08-23 05:06:47.385 /testbed/src/instructlab/model/serve_backend.py:68 instructlab.model.serve_backend.serve_backend event=line locals={'root_logger': '<RootLogger root (WARNING)>'}
2026-08-23 05:06:47.385 /testbed/src/instructlab/model/serve_backend.py:72 instructlab.model.serve_backend.serve_backend event=line locals={}
2026-08-23 05:06:47.385 /testbed/src/instructlab/model/serve_backend.py:74 instructlab.model.serve_backend.serve_backend event=line locals={'llama_cpp': "<module 'instructlab.model.backends.llama_cpp' from '/testbed/src/instructlab/model/backends/llama_cpp.py'>", 'vllm': "<module 'instructlab.model.backends.vllm' from '/testbed/src/instructlab/model/backends/vllm.py'>"}
2026-08-23 05:06:47.385 /testbed/src/instructlab/model/serve_backend.py:75 instructlab.model.serve_backend.serve_backend event=line locals={}
2026-08-23 05:06:47.386 /testbed/src/instructlab/model/serve_backend.py:79 instructlab.model.serve_backend.serve_backend event=line locals={}
2026-08-23 05:06:47.386 /testbed/src/instructlab/model/serve_backend.py:80 instructlab.model.serve_backend.serve_backend event=line locals={}
2026-08-23 05:06:47.386 /testbed/src/instructlab/model/serve_backend.py:81 instructlab.model.serve_backend.serve_backend event=line locals={}
2026-08-23 05:06:47.386 /testbed/src/instructlab/model/serve_backend.py:82 instructlab.model.serve_backend.serve_backend event=line locals={}
2026-08-23 05:06:47.386 /testbed/src/instructlab/model/serve_backend.py:85 instructlab.model.serve_backend.serve_backend event=line locals={}
2026-08-23 05:06:47.386 /testbed/src/instructlab/model/serve_backend.py:86 instructlab.model.serve_backend.serve_backend event=line locals={}
2026-08-23 05:06:47.386 /testbed/src/instructlab/model/serve_backend.py:85 instructlab.model.serve_backend.serve_backend event=line locals={}
2026-08-23 05:06:47.386 /testbed/src/instructlab/model/serve_backend.py:90 instructlab.model.serve_backend.serve_backend event=line locals={}
2026-08-23 05:06:47.386 /testbed/src/instructlab/model/serve_backend.py:91 instructlab.model.serve_backend.serve_backend event=line locals={}
2026-08-23 05:06:47.386 /testbed/src/instructlab/model/serve_backend.py:93 instructlab.model.serve_backend.serve_backend event=line locals={}
2026-08-23 05:06:47.386 /testbed/src/instructlab/model/serve_backend.py:94 instructlab.model.serve_backend.serve_backend event=line locals={}
2026-08-23 05:06:47.386 /testbed/src/instructlab/model/serve_backend.py:95 instructlab.model.serve_backend.serve_backend event=line locals={}
2026-08-23 05:06:47.386 /testbed/src/instructlab/model/serve_backend.py:96 instructlab.model.serve_backend.serve_backend event=line locals={}
2026-08-23 05:06:47.386 /testbed/src/instructlab/model/serve_backend.py:97 instructlab.model.serve_backend.serve_backend event=line locals={}
2026-08-23 05:06:47.386 /testbed/src/instructlab/model/serve_backend.py:98 instructlab.model.serve_backend.serve_backend event=line locals={}
2026-08-23 05:06:47.386 /testbed/src/instructlab/model/serve_backend.py:99 instructlab.model.serve_backend.serve_backend event=line locals={}
2026-08-23 05:06:47.386 /testbed/src/instructlab/model/serve_backend.py:100 instructlab.model.serve_backend.serve_backend event=line locals={}
2026-08-23 05:06:47.386 /testbed/src/instructlab/model/serve_backend.py:101 instructlab.model.serve_backend.serve_backend event=line locals={}
2026-08-23 05:06:47.386 /testbed/src/instructlab/model/serve_backend.py:102 instructlab.model.serve_backend.serve_backend event=line locals={}
2026-08-23 05:06:47.386 /testbed/src/instructlab/model/serve_backend.py:103 instructlab.model.serve_backend.serve_backend event=line locals={}
2026-08-23 05:06:47.386 /testbed/src/instructlab/model/serve_backend.py:93 instructlab.model.serve_backend.serve_backend event=line locals={}
2026-08-23 05:06:47.386 /testbed/src/instructlab/model/serve_backend.py:160 instructlab.model.serve_backend.serve_backend event=line locals={'backend_instance': '<testcase.TestServeBackendExceptionPaths.test_cli_serve_handles_backend_failures_before_shutdown.<locals>.FakeServer object at 0x7611f3b7cf10>'}
2026-08-23 05:06:47.386 /testbed/src/instructlab/model/serve_backend.py:161 instructlab.model.serve_backend.serve_backend event=line locals={}
2026-08-23 05:06:47.387 /testbed/src/instructlab/model/serve_backend.py:161 instructlab.model.serve_backend.serve_backend event=exception exc=ServerException: ServerException('backend-cycle-45-717') locals={}
2026-08-23 05:06:47.387 /testbed/src/instructlab/model/serve_backend.py:162 instructlab.model.serve_backend.serve_backend event=line locals={'backend': "'llama-cpp'", 'backend_instance': '<testcase.TestServeBackendExceptionPaths.test_cli_serve_handles_backend_failures_before_shutdown.<locals>.FakeServer object at 0x7611f3b7cf10>', 'chat_template': "'template-5-beta'", 'ctx': '<testcase.TestServeBackendExceptionPaths.test_cli_serve_handles_backend_failures_before_shutdown.<locals>.FakeContext object at 0x7611f3b7c810>', 'gpu_layers': '21', 'gpus': 'None', 'host': "'127.0.0.1'", 'llama_cpp': "<module 'instructlab.model.backends.llama_cpp' from '/testbed/src/instructlab/model/backends/llama_cpp.py'>", 'log_file': 'None', 'max_ctx_size': '4240', 'model_family': "'family-0-variant'", 'model_path': "PosixPath('/models/generated-11-45')", 'num_threads': '3', 'port': '8425', 'root_logger': '<RootLogger root (WARNING)>', 'vllm': "<module 'instructlab.model.backends.vllm' from '/testbed/src/instructlab/model/backends/vllm.py'>"}
2026-08-23 05:06:47.387 /testbed/src/instructlab/model/serve_backend.py:163 instructlab.model.serve_backend.serve_backend event=line locals={'exc': "ServerException('backend-cycle-45-717')"}
2026-08-23 05:06:47.387 /testbed/src/instructlab/model/serve_backend.py:163 instructlab.model.serve_backend.serve_backend event=exception exc=RuntimeError: RuntimeError('Error creating server: backend-cycle-45-717') locals={}
2026-08-23 05:06:47.387 /testbed/src/instructlab/model/serve_backend.py:167 instructlab.model.serve_backend.serve_backend event=line locals={'backend': "'llama-cpp'", 'backend_instance': '<testcase.TestServeBackendExceptionPaths.test_cli_serve_handles_backend_failures_before_shutdown.<locals>.FakeServer object at 0x7611f3b7cf10>', 'chat_template': "'template-5-beta'", 'ctx': '<testcase.TestServeBackendExceptionPaths.test_cli_serve_handles_backend_failures_before_shutdown.<locals>.FakeContext object at 0x7611f3b7c810>', 'gpu_layers': '21', 'gpus': 'None', 'host': "'127.0.0.1'", 'llama_cpp': "<module 'instructlab.model.backends.llama_cpp' from '/testbed/src/instructlab/model/backends/llama_cpp.py'>", 'log_file': 'None', 'max_ctx_size': '4240', 'model_family': "'family-0-variant'", 'model_path': "PosixPath('/models/generated-11-45')", 'num_threads': '3', 'port': '8425', 'root_logger': '<RootLogger root (WARNING)>', 'vllm': "<module 'instructlab.model.backends.vllm' from '/testbed/src/instructlab/model/backends/vllm.py'>"}
2026-08-23 05:06:47.387 /testbed/src/instructlab/model/serve_backend.py:168 instructlab.model.serve_backend.serve_backend event=line locals={}
2026-08-23 05:06:47.387 /testbed/src/instructlab/model/serve_backend.py:168 instructlab.model.serve_backend.serve_backend event=exception exc=SystemExit: SystemExit(0) locals={}
2026-08-23 05:06:47.387 /testbed/src/instructlab/model/serve_backend.py:168 instructlab.model.serve_backend.serve_backend event=return retval=None locals={'backend': "'llama-cpp'", 'backend_instance': '<testcase.TestServeBackendExceptionPaths.test_cli_serve_handles_backend_failures_before_shutdown.<locals>.FakeServer object at 0x7611f3b7cf10>', 'chat_template': "'template-5-beta'", 'ctx': '<testcase.TestServeBackendExceptionPaths.test_cli_serve_handles_backend_failures_before_shutdown.<locals>.FakeContext object at 0x7611f3b7c810>', 'gpu_layers': '21', 'gpus': 'None', 'host': "'127.0.0.1'", 'llama_cpp': "<module 'instructlab.model.backends.llama_cpp' from '/testbed/src/instructlab/model/backends/llama_cpp.py'>", 'log_file': 'None', 'max_ctx_size': '4240', 'model_family': "'family-0-variant'", 'model_path': "PosixPath('/models/generated-11-45')", 'num_threads': '3', 'port': '8425', 'root_logger': '<RootLogger root (WARNING)>', 'vllm': "<module 'instructlab.model.backends.vllm' from '/testbed/src/instructlab/model/backends/vllm.py'>"}
2026-08-23 05:06:47.387 /testbed/src/instructlab/model/serve_backend.py:51 instructlab.model.serve_backend.serve_backend event=call locals={'backend': "'llama-cpp'", 'chat_template': 'None', 'ctx': '<testcase.TestServeBackendExceptionPaths.test_cli_serve_handles_backend_failures_before_shutdown.<locals>.FakeContext object at 0x7611f3b84890>', 'gpu_layers': '5', 'gpus': 'None', 'host': "'127.0.0.1'", 'log_file': "PosixPath('/tmp/serve-backend-2.log')", 'max_ctx_size': '4288', 'model_family': "'family-1-variant'", 'model_path': "PosixPath('/models/generated-12-46')", 'num_threads': '4', 'port': '8430'}
2026-08-23 05:06:47.387 /testbed/src/instructlab/model/serve_backend.py:67 instructlab.model.serve_backend.serve_backend event=line locals={}
2026-08-23 05:06:47.387 /testbed/src/instructlab/model/serve_backend.py:68 instructlab.model.serve_backend.serve_backend event=line locals={'root_logger': '<RootLogger root (WARNING)>'}
2026-08-23 05:06:47.387 /testbed/src/instructlab/model/serve_backend.py:69 instructlab.model.serve_backend.serve_backend event=line locals={}
2026-08-23 05:06:47.388 /testbed/src/instructlab/model/serve_backend.py:72 instructlab.model.serve_backend.serve_backend event=line locals={}
2026-08-23 05:06:47.388 /testbed/src/instructlab/model/serve_backend.py:74 instructlab.model.serve_backend.serve_backend event=line locals={'llama_cpp': "<module 'instructlab.model.backends.llama_cpp' from '/testbed/src/instructlab/model/backends/llama_cpp.py'>", 'vllm': "<module 'instructlab.model.backends.vllm' from '/testbed/src/instructlab/model/backends/vllm.py'>"}
2026-08-23 05:06:47.388 /testbed/src/instructlab/model/serve_backend.py:75 instructlab.model.serve_backend.serve_backend event=line locals={}
2026-08-23 05:06:47.388 /testbed/src/instructlab/model/serve_backend.py:79 instructlab.model.serve_backend.serve_backend event=line locals={}
2026-08-23 05:06:47.388 /testbed/src/instructlab/model/serve_backend.py:80 instructlab.model.serve_backend.serve_backend event=line locals={}
2026-08-23 05:06:47.388 /testbed/src/instructlab/model/serve_backend.py:81 instructlab.model.serve_backend.serve_backend event=line locals={}
2026-08-23 05:06:47.388 /testbed/src/instructlab/model/serve_backend.py:82 instructlab.model.serve_backend.serve_backend event=line locals={}
2026-08-23 05:06:47.388 /testbed/src/instructlab/model/serve_backend.py:83 instructlab.model.serve_backend.serve_backend event=line locals={}
2026-08-23 05:06:47.388 /testbed/src/instructlab/model/serve_backend.py:85 instructlab.model.serve_backend.serve_backend event=line locals={'chat_template': "'default-template-alpha'"}
2026-08-23 05:06:47.388 /testbed/src/instructlab/model/serve_backend.py:86 instructlab.model.serve_backend.serve_backend event=line locals={}
2026-08-23 05:06:47.388 /testbed/src/instructlab/model/serve_backend.py:85 instructlab.model.serve_backend.serve_backend event=line locals={}
2026-08-23 05:06:47.388 /testbed/src/instructlab/model/serve_backend.py:90 instructlab.model.serve_backend.serve_backend event=line locals={}
2026-08-23 05:06:47.388 /testbed/src/instructlab/model/serve_backend.py:91 instructlab.model.serve_backend.serve_backend event=line locals={}
2026-08-23 05:06:47.388 /testbed/src/instructlab/model/serve_backend.py:93 instructlab.model.serve_backend.serve_backend event=line locals={}
2026-08-23 05:06:47.388 /testbed/src/instructlab/model/serve_backend.py:94 instructlab.model.serve_backend.serve_backend event=line locals={}
2026-08-23 05:06:47.388 /testbed/src/instructlab/model/serve_backend.py:95 instructlab.model.serve_backend.serve_backend event=line locals={}
2026-08-23 05:06:47.388 /testbed/src/instructlab/model/serve_backend.py:96 instructlab.model.serve_backend.serve_backend event=line locals={}
2026-08-23 05:06:47.389 /testbed/src/instructlab/model/serve_backend.py:97 instructlab.model.serve_backend.serve_backend event=line locals={}
2026-08-23 05:06:47.389 /testbed/src/instructlab/model/serve_backend.py:98 instructlab.model.serve_backend.serve_backend event=line locals={}
2026-08-23 05:06:47.389 /testbed/src/instructlab/model/serve_backend.py:99 instructlab.model.serve_backend.serve_backend event=line locals={}
2026-08-23 05:06:47.389 /testbed/src/instructlab/model/serve_backend.py:100 instructlab.model.serve_backend.serve_backend event=line locals={}
2026-08-23 05:06:47.389 /testbed/src/instructlab/model/serve_backend.py:101 instructlab.model.serve_backend.serve_backend event=line locals={}
2026-08-23 05:06:47.389 /testbed/src/instructlab/model/serve_backend.py:102 instructlab.model.serve_backend.serve_backend event=line locals={}
2026-08-23 05:06:47.389 /testbed/src/instructlab/model/serve_backend.py:103 instructlab.model.serve_backend.serve_backend event=line locals={}
2026-08-23 05:06:47.389 /testbed/src/instructlab/model/serve_backend.py:93 instructlab.model.serve_backend.serve_backend event=line locals={}
2026-08-23 05:06:47.389 /testbed/src/instructlab/model/serve_backend.py:160 instructlab.model.serve_backend.serve_backend event=line locals={'backend_instance': '<testcase.TestServeBackendExceptionPaths.test_cli_serve_handles_backend_failures_before_shutdown.<locals>.FakeServer object at 0x7611f3b7d250>'}
2026-08-23 05:06:47.389 /testbed/src/instructlab/model/serve_backend.py:161 instructlab.model.serve_backend.serve_backend event=line locals={}
2026-08-23 05:06:47.389 /testbed/src/instructlab/model/serve_backend.py:161 instructlab.model.serve_backend.serve_backend event=exception exc=ServerException: ServerException('backend-cycle-46-717') locals={}
2026-08-23 05:06:47.389 /testbed/src/instructlab/model/serve_backend.py:162 instructlab.model.serve_backend.serve_backend event=line locals={'backend': "'llama-cpp'", 'backend_instance': '<testcase.TestServeBackendExceptionPaths.test_cli_serve_handles_backend_failures_before_shutdown.<locals>.FakeServer object at 0x7611f3b7d250>', 'chat_template': "'default-template-alpha'", 'ctx': '<testcase.TestServeBackendExceptionPaths.test_cli_serve_handles_backend_failures_before_shutdown.<locals>.FakeContext object at 0x7611f3b84890>', 'gpu_layers': '5', 'gpus': 'None', 'host': "'127.0.0.1'", 'llama_cpp': "<module 'instructlab.model.backends.llama_cpp' from '/testbed/src/instructlab/model/backends/llama_cpp.py'>", 'log_file': "PosixPath('/tmp/serve-backend-2.log')", 'max_ctx_size': '4288', 'model_family': "'family-1-variant'", 'model_path': "PosixPath('/models/generated-12-46')", 'num_threads': '4', 'port': '8430', 'root_logger': '<RootLogger root (WARNING)>', 'vllm': "<module 'instructlab.model.backends.vllm' from '/testbed/src/instructlab/model/backends/vllm.py'>"}
2026-08-23 05:06:47.389 /testbed/src/instructlab/model/serve_backend.py:163 instructlab.model.serve_backend.serve_backend event=line locals={'exc': "ServerException('backend-cycle-46-717')"}
2026-08-23 05:06:47.389 /testbed/src/instructlab/model/serve_backend.py:163 instructlab.model.serve_backend.serve_backend event=exception exc=RuntimeError: RuntimeError('Error creating server: backend-cycle-46-717') locals={}
2026-08-23 05:06:47.389 /testbed/src/instructlab/model/serve_backend.py:167 instructlab.model.serve_backend.serve_backend event=line locals={'backend': "'llama-cpp'", 'backend_instance': '<testcase.TestServeBackendExceptionPaths.test_cli_serve_handles_backend_failures_before_shutdown.<locals>.FakeServer object at 0x7611f3b7d250>', 'chat_template': "'default-template-alpha'", 'ctx': '<testcase.TestServeBackendExceptionPaths.test_cli_serve_handles_backend_failures_before_shutdown.<locals>.FakeContext object at 0x7611f3b84890>', 'gpu_layers': '5', 'gpus': 'None', 'host': "'127.0.0.1'", 'llama_cpp': "<module 'instructlab.model.backends.llama_cpp' from '/testbed/src/instructlab/model/backends/llama_cpp.py'>", 'log_file': "PosixPath('/tmp/serve-backend-2.log')", 'max_ctx_size': '4288', 'model_family': "'family-1-variant'", 'model_path': "PosixPath('/models/generated-12-46')", 'num_threads': '4', 'port': '8430', 'root_logger': '<RootLogger root (WARNING)>', 'vllm': "<module 'instructlab.model.backends.vllm' from '/testbed/src/instructlab/model/backends/vllm.py'>"}
2026-08-23 05:06:47.389 /testbed/src/instructlab/model/serve_backend.py:168 instructlab.model.serve_backend.serve_backend event=line locals={}
2026-08-23 05:06:47.389 /testbed/src/instructlab/model/serve_backend.py:168 instructlab.model.serve_backend.serve_backend event=exception exc=SystemExit: SystemExit(0) locals={}
2026-08-23 05:06:47.389 /testbed/src/instructlab/model/serve_backend.py:168 instructlab.model.serve_backend.serve_backend event=return retval=None locals={'backend': "'llama-cpp'", 'backend_instance': '<testcase.TestServeBackendExceptionPaths.test_cli_serve_handles_backend_failures_before_shutdown.<locals>.FakeServer object at 0x7611f3b7d250>', 'chat_template': "'default-template-alpha'", 'ctx': '<testcase.TestServeBackendExceptionPaths.test_cli_serve_handles_backend_failures_before_shutdown.<locals>.FakeContext object at 0x7611f3b84890>', 'gpu_layers': '5', 'gpus': 'None', 'host': "'127.0.0.1'", 'llama_cpp': "<module 'instructlab.model.backends.llama_cpp' from '/testbed/src/instructlab/model/backends/llama_cpp.py'>", 'log_file': "PosixPath('/tmp/serve-backend-2.log')", 'max_ctx_size': '4288', 'model_family': "'family-1-variant'", 'model_path': "PosixPath('/models/generated-12-46')", 'num_threads': '4', 'port': '8430', 'root_logger': '<RootLogger root (WARNING)>', 'vllm': "<module 'instructlab.model.backends.vllm' from '/testbed/src/instructlab/model/backends/vllm.py'>"}
