2026-08-22 23:51:53.936 [TRACE][START] pid=47 TRACE_OUT='/testbed/logs/flask_qa/app_handle_exception_s6_calls__pert_llm_s0/trace.log' TRACE_FILE='src/flask/app.py' TRACE_FUNCS=['ensure_sync', 'finalize_request', 'handle_exception', 'log_exception', 'make_response', 'process_response'] TRACE_EVENTS=['call', 'exception', 'line', 'return']
2026-08-22 23:51:54.063 /testbed/src/flask/app.py:1065 flask.app.Flask.ensure_sync event=call locals={'func': '<function TestIndirectExceptionCallGraph.test_generated_requests_exercise_error_pipeline.<locals>.generated_failure at 0x71487b39c9a0>', 'self': "<Flask 'runtime_exception_graph'>"}
2026-08-22 23:51:54.063 /testbed/src/flask/app.py:1074 flask.app.Flask.ensure_sync event=line locals={}
2026-08-22 23:51:54.063 /testbed/src/flask/app.py:1077 flask.app.Flask.ensure_sync event=line locals={}
2026-08-22 23:51:54.063 /testbed/src/flask/app.py:1077 flask.app.Flask.ensure_sync event=return retval=<function TestIndirectExceptionCallGraph.test_generated_requests_exercise_error_pipeline.<locals>.generated_failure at 0x71487b39c9a0> locals={'func': '<function TestIndirectExceptionCallGraph.test_generated_requests_exercise_error_pipeline.<locals>.generated_failure at 0x71487b39c9a0>', 'self': "<Flask 'runtime_exception_graph'>"}
2026-08-22 23:51:54.064 /testbed/src/flask/app.py:897 flask.app.Flask.handle_exception event=call locals={'ctx': "<AppContext 124556134638608 of runtime_exception_graph, GET 'http://localhost/generated/10'>", 'e': "RuntimeError('generated failure d04ce')", 'self': "<Flask 'runtime_exception_graph'>"}
2026-08-22 23:51:54.064 /testbed/src/flask/app.py:925 flask.app.Flask.handle_exception event=line locals={}
2026-08-22 23:51:54.064 /testbed/src/flask/app.py:926 flask.app.Flask.handle_exception event=line locals={'exc_info': "(<class 'RuntimeError'>, RuntimeError('generated failure d04ce'), <traceback object at 0x71487b3aba80>)"}
2026-08-22 23:51:54.064 /testbed/src/flask/app.py:927 flask.app.Flask.handle_exception event=line locals={}
2026-08-22 23:51:54.064 /testbed/src/flask/app.py:929 flask.app.Flask.handle_exception event=line locals={'propagate': 'False'}
2026-08-22 23:51:54.064 /testbed/src/flask/app.py:932 flask.app.Flask.handle_exception event=line locals={}
2026-08-22 23:51:54.064 /testbed/src/flask/app.py:940 flask.app.Flask.handle_exception event=line locals={}
2026-08-22 23:51:54.064 /testbed/src/flask/app.py:950 flask.app.Flask.log_exception event=call locals={'ctx': "<AppContext 124556134638608 of runtime_exception_graph, GET 'http://localhost/generated/10'>", 'exc_info': "(<class 'RuntimeError'>, RuntimeError('generated failure d04ce'), <traceback object at 0x71487b3aba80>)", 'self': "<Flask 'runtime_exception_graph'>"}
2026-08-22 23:51:54.064 /testbed/src/flask/app.py:962 flask.app.Flask.log_exception event=line locals={}
2026-08-22 23:51:54.064 /testbed/src/flask/app.py:963 flask.app.Flask.log_exception event=line locals={}
2026-08-22 23:51:54.064 /testbed/src/flask/app.py:962 flask.app.Flask.log_exception event=line locals={}
2026-08-22 23:51:54.064 /testbed/src/flask/app.py:962 flask.app.Flask.log_exception event=return retval=None locals={'ctx': "<AppContext 124556134638608 of runtime_exception_graph, GET 'http://localhost/generated/10'>", 'exc_info': "(<class 'RuntimeError'>, RuntimeError('generated failure d04ce'), <traceback object at 0x71487b3aba80>)", 'self': "<Flask 'runtime_exception_graph'>"}
2026-08-22 23:51:54.064 /testbed/src/flask/app.py:942 flask.app.Flask.handle_exception event=line locals={}
2026-08-22 23:51:54.064 /testbed/src/flask/app.py:943 flask.app.Flask.handle_exception event=line locals={'server_error': "<InternalServerError '500: Internal Server Error'>"}
2026-08-22 23:51:54.064 /testbed/src/flask/app.py:945 flask.app.Flask.handle_exception event=line locals={'handler': '<function TestIndirectExceptionCallGraph.test_generated_requests_exercise_error_pipeline.<locals>.convert_unhandled_error at 0x71487b39c720>'}
2026-08-22 23:51:54.065 /testbed/src/flask/app.py:946 flask.app.Flask.handle_exception event=line locals={}
2026-08-22 23:51:54.065 /testbed/src/flask/app.py:1065 flask.app.Flask.ensure_sync event=call locals={'func': '<function TestIndirectExceptionCallGraph.test_generated_requests_exercise_error_pipeline.<locals>.convert_unhandled_error at 0x71487b39c720>', 'self': "<Flask 'runtime_exception_graph'>"}
2026-08-22 23:51:54.065 /testbed/src/flask/app.py:1074 flask.app.Flask.ensure_sync event=line locals={}
2026-08-22 23:51:54.065 /testbed/src/flask/app.py:1077 flask.app.Flask.ensure_sync event=line locals={}
2026-08-22 23:51:54.065 /testbed/src/flask/app.py:1077 flask.app.Flask.ensure_sync event=return retval=<function TestIndirectExceptionCallGraph.test_generated_requests_exercise_error_pipeline.<locals>.convert_unhandled_error at 0x71487b39c720> locals={'func': '<function TestIndirectExceptionCallGraph.test_generated_requests_exercise_error_pipeline.<locals>.convert_unhandled_error at 0x71487b39c720>', 'self': "<Flask 'runtime_exception_graph'>"}
2026-08-22 23:51:54.065 /testbed/src/flask/app.py:948 flask.app.Flask.handle_exception event=line locals={'server_error': "('failure-a9585', '500 INTERNAL SERVER ERROR')"}
2026-08-22 23:51:54.065 /testbed/src/flask/app.py:1021 flask.app.Flask.finalize_request event=call locals={'ctx': "<AppContext 124556134638608 of runtime_exception_graph, GET 'http://localhost/generated/10'>", 'from_error_handler': 'True', 'rv': "('failure-a9585', '500 INTERNAL SERVER ERROR')", 'self': "<Flask 'runtime_exception_graph'>"}
2026-08-22 23:51:54.065 /testbed/src/flask/app.py:1039 flask.app.Flask.finalize_request event=line locals={}
2026-08-22 23:51:54.065 /testbed/src/flask/app.py:1224 flask.app.Flask.make_response event=call locals={'rv': "('failure-a9585', '500 INTERNAL SERVER ERROR')", 'self': "<Flask 'runtime_exception_graph'>"}
2026-08-22 23:51:54.065 /testbed/src/flask/app.py:1281 flask.app.Flask.make_response event=line locals={}
2026-08-22 23:51:54.065 /testbed/src/flask/app.py:1282 flask.app.Flask.make_response event=line locals={'status': 'None'}
2026-08-22 23:51:54.065 /testbed/src/flask/app.py:1285 flask.app.Flask.make_response event=line locals={'headers': 'None'}
2026-08-22 23:51:54.065 /testbed/src/flask/app.py:1286 flask.app.Flask.make_response event=line locals={}
2026-08-22 23:51:54.065 /testbed/src/flask/app.py:1289 flask.app.Flask.make_response event=line locals={'len_rv': '2'}
2026-08-22 23:51:54.065 /testbed/src/flask/app.py:1292 flask.app.Flask.make_response event=line locals={}
2026-08-22 23:51:54.065 /testbed/src/flask/app.py:1293 flask.app.Flask.make_response event=line locals={}
2026-08-22 23:51:54.065 /testbed/src/flask/app.py:1296 flask.app.Flask.make_response event=line locals={}
2026-08-22 23:51:54.065 /testbed/src/flask/app.py:1306 flask.app.Flask.make_response event=line locals={'rv': "'failure-a9585'", 'status': "'500 INTERNAL SERVER ERROR'"}
2026-08-22 23:51:54.065 /testbed/src/flask/app.py:1314 flask.app.Flask.make_response event=line locals={}
2026-08-22 23:51:54.065 /testbed/src/flask/app.py:1315 flask.app.Flask.make_response event=line locals={}
2026-08-22 23:51:54.065 /testbed/src/flask/app.py:1319 flask.app.Flask.make_response event=line locals={}
2026-08-22 23:51:54.065 /testbed/src/flask/app.py:1320 flask.app.Flask.make_response event=line locals={}
2026-08-22 23:51:54.065 /testbed/src/flask/app.py:1321 flask.app.Flask.make_response event=line locals={}
2026-08-22 23:51:54.065 /testbed/src/flask/app.py:1322 flask.app.Flask.make_response event=line locals={}
2026-08-22 23:51:54.065 /testbed/src/flask/app.py:1319 flask.app.Flask.make_response event=line locals={}
2026-08-22 23:51:54.066 /testbed/src/flask/app.py:1324 flask.app.Flask.make_response event=line locals={'rv': '<Response 13 bytes [500 INTERNAL SERVER ERROR]>'}
2026-08-22 23:51:54.066 /testbed/src/flask/app.py:1352 flask.app.Flask.make_response event=line locals={'status': 'None'}
2026-08-22 23:51:54.066 /testbed/src/flask/app.py:1354 flask.app.Flask.make_response event=line locals={}
2026-08-22 23:51:54.066 /testbed/src/flask/app.py:1361 flask.app.Flask.make_response event=line locals={}
2026-08-22 23:51:54.066 /testbed/src/flask/app.py:1364 flask.app.Flask.make_response event=line locals={}
2026-08-22 23:51:54.066 /testbed/src/flask/app.py:1364 flask.app.Flask.make_response event=return retval=<Response 13 bytes [500 INTERNAL SERVER ERROR]> locals={'headers': 'None', 'len_rv': '2', 'rv': '<Response 13 bytes [500 INTERNAL SERVER ERROR]>', 'self': "<Flask 'runtime_exception_graph'>", 'status': 'None'}
2026-08-22 23:51:54.066 /testbed/src/flask/app.py:1040 flask.app.Flask.finalize_request event=line locals={'response': '<Response 13 bytes [500 INTERNAL SERVER ERROR]>'}
2026-08-22 23:51:54.066 /testbed/src/flask/app.py:1041 flask.app.Flask.finalize_request event=line locals={}
2026-08-22 23:51:54.066 /testbed/src/flask/app.py:1394 flask.app.Flask.process_response event=call locals={'ctx': "<AppContext 124556134638608 of runtime_exception_graph, GET 'http://localhost/generated/10'>", 'response': '<Response 13 bytes [500 INTERNAL SERVER ERROR]>', 'self': "<Flask 'runtime_exception_graph'>"}
2026-08-22 23:51:54.066 /testbed/src/flask/app.py:1407 flask.app.Flask.process_response event=line locals={}
2026-08-22 23:51:54.066 /testbed/src/flask/app.py:1408 flask.app.Flask.process_response event=line locals={'func': '<function TestIndirectExceptionCallGraph.test_generated_requests_exercise_error_pipeline.<locals>.generated_failure.<locals>.local_after at 0x71487b3bd120>'}
2026-08-22 23:51:54.066 /testbed/src/flask/app.py:1065 flask.app.Flask.ensure_sync event=call locals={'func': '<function TestIndirectExceptionCallGraph.test_generated_requests_exercise_error_pipeline.<locals>.generated_failure.<locals>.local_after at 0x71487b3bd120>', 'self': "<Flask 'runtime_exception_graph'>"}
2026-08-22 23:51:54.066 /testbed/src/flask/app.py:1074 flask.app.Flask.ensure_sync event=line locals={}
2026-08-22 23:51:54.066 /testbed/src/flask/app.py:1077 flask.app.Flask.ensure_sync event=line locals={}
2026-08-22 23:51:54.066 /testbed/src/flask/app.py:1077 flask.app.Flask.ensure_sync event=return retval=<function TestIndirectExceptionCallGraph.test_generated_requests_exercise_error_pipeline.<locals>.generated_failure.<locals>.local_after at 0x71487b3bd120> locals={'func': '<function TestIndirectExceptionCallGraph.test_generated_requests_exercise_error_pipeline.<locals>.generated_failure.<locals>.local_after at 0x71487b3bd120>', 'self': "<Flask 'runtime_exception_graph'>"}
2026-08-22 23:51:54.066 /testbed/src/flask/app.py:1407 flask.app.Flask.process_response event=line locals={}
2026-08-22 23:51:54.066 /testbed/src/flask/app.py:1408 flask.app.Flask.process_response event=line locals={'func': '<function TestIndirectExceptionCallGraph.test_generated_requests_exercise_error_pipeline.<locals>.generated_failure.<locals>.local_after at 0x71487b3bd260>'}
2026-08-22 23:51:54.066 /testbed/src/flask/app.py:1065 flask.app.Flask.ensure_sync event=call locals={'func': '<function TestIndirectExceptionCallGraph.test_generated_requests_exercise_error_pipeline.<locals>.generated_failure.<locals>.local_after at 0x71487b3bd260>', 'self': "<Flask 'runtime_exception_graph'>"}
2026-08-22 23:51:54.066 /testbed/src/flask/app.py:1074 flask.app.Flask.ensure_sync event=line locals={}
2026-08-22 23:51:54.066 /testbed/src/flask/app.py:1077 flask.app.Flask.ensure_sync event=line locals={}
2026-08-22 23:51:54.066 /testbed/src/flask/app.py:1077 flask.app.Flask.ensure_sync event=return retval=<function TestIndirectExceptionCallGraph.test_generated_requests_exercise_error_pipeline.<locals>.generated_failure.<locals>.local_after at 0x71487b3bd260> locals={'func': '<function TestIndirectExceptionCallGraph.test_generated_requests_exercise_error_pipeline.<locals>.generated_failure.<locals>.local_after at 0x71487b3bd260>', 'self': "<Flask 'runtime_exception_graph'>"}
2026-08-22 23:51:54.066 /testbed/src/flask/app.py:1407 flask.app.Flask.process_response event=line locals={}
2026-08-22 23:51:54.066 /testbed/src/flask/app.py:1408 flask.app.Flask.process_response event=line locals={'func': '<function TestIndirectExceptionCallGraph.test_generated_requests_exercise_error_pipeline.<locals>.generated_failure.<locals>.local_after at 0x71487b3bd300>'}
2026-08-22 23:51:54.066 /testbed/src/flask/app.py:1065 flask.app.Flask.ensure_sync event=call locals={'func': '<function TestIndirectExceptionCallGraph.test_generated_requests_exercise_error_pipeline.<locals>.generated_failure.<locals>.local_after at 0x71487b3bd300>', 'self': "<Flask 'runtime_exception_graph'>"}
2026-08-22 23:51:54.066 /testbed/src/flask/app.py:1074 flask.app.Flask.ensure_sync event=line locals={}
2026-08-22 23:51:54.066 /testbed/src/flask/app.py:1077 flask.app.Flask.ensure_sync event=line locals={}
2026-08-22 23:51:54.066 /testbed/src/flask/app.py:1077 flask.app.Flask.ensure_sync event=return retval=<function TestIndirectExceptionCallGraph.test_generated_requests_exercise_error_pipeline.<locals>.generated_failure.<locals>.local_after at 0x71487b3bd300> locals={'func': '<function TestIndirectExceptionCallGraph.test_generated_requests_exercise_error_pipeline.<locals>.generated_failure.<locals>.local_after at 0x71487b3bd300>', 'self': "<Flask 'runtime_exception_graph'>"}
2026-08-22 23:51:54.066 /testbed/src/flask/app.py:1407 flask.app.Flask.process_response event=line locals={}
2026-08-22 23:51:54.066 /testbed/src/flask/app.py:1408 flask.app.Flask.process_response event=line locals={'func': '<function TestIndirectExceptionCallGraph.test_generated_requests_exercise_error_pipeline.<locals>.generated_failure.<locals>.local_after at 0x71487b3bd3a0>'}
2026-08-22 23:51:54.066 /testbed/src/flask/app.py:1065 flask.app.Flask.ensure_sync event=call locals={'func': '<function TestIndirectExceptionCallGraph.test_generated_requests_exercise_error_pipeline.<locals>.generated_failure.<locals>.local_after at 0x71487b3bd3a0>', 'self': "<Flask 'runtime_exception_graph'>"}
2026-08-22 23:51:54.066 /testbed/src/flask/app.py:1074 flask.app.Flask.ensure_sync event=line locals={}
2026-08-22 23:51:54.066 /testbed/src/flask/app.py:1077 flask.app.Flask.ensure_sync event=line locals={}
2026-08-22 23:51:54.066 /testbed/src/flask/app.py:1077 flask.app.Flask.ensure_sync event=return retval=<function TestIndirectExceptionCallGraph.test_generated_requests_exercise_error_pipeline.<locals>.generated_failure.<locals>.local_after at 0x71487b3bd3a0> locals={'func': '<function TestIndirectExceptionCallGraph.test_generated_requests_exercise_error_pipeline.<locals>.generated_failure.<locals>.local_after at 0x71487b3bd3a0>', 'self': "<Flask 'runtime_exception_graph'>"}
2026-08-22 23:51:54.066 /testbed/src/flask/app.py:1407 flask.app.Flask.process_response event=line locals={}
2026-08-22 23:51:54.066 /testbed/src/flask/app.py:1408 flask.app.Flask.process_response event=line locals={'func': '<function TestIndirectExceptionCallGraph.test_generated_requests_exercise_error_pipeline.<locals>.generated_failure.<locals>.local_after at 0x71487b3bd440>'}
2026-08-22 23:51:54.066 /testbed/src/flask/app.py:1065 flask.app.Flask.ensure_sync event=call locals={'func': '<function TestIndirectExceptionCallGraph.test_generated_requests_exercise_error_pipeline.<locals>.generated_failure.<locals>.local_after at 0x71487b3bd440>', 'self': "<Flask 'runtime_exception_graph'>"}
2026-08-22 23:51:54.066 /testbed/src/flask/app.py:1074 flask.app.Flask.ensure_sync event=line locals={}
2026-08-22 23:51:54.066 /testbed/src/flask/app.py:1077 flask.app.Flask.ensure_sync event=line locals={}
2026-08-22 23:51:54.066 /testbed/src/flask/app.py:1077 flask.app.Flask.ensure_sync event=return retval=<function TestIndirectExceptionCallGraph.test_generated_requests_exercise_error_pipeline.<locals>.generated_failure.<locals>.local_after at 0x71487b3bd440> locals={'func': '<function TestIndirectExceptionCallGraph.test_generated_requests_exercise_error_pipeline.<locals>.generated_failure.<locals>.local_after at 0x71487b3bd440>', 'self': "<Flask 'runtime_exception_graph'>"}
2026-08-22 23:51:54.066 /testbed/src/flask/app.py:1407 flask.app.Flask.process_response event=line locals={}
2026-08-22 23:51:54.067 /testbed/src/flask/app.py:1408 flask.app.Flask.process_response event=line locals={'func': '<function TestIndirectExceptionCallGraph.test_generated_requests_exercise_error_pipeline.<locals>.generated_failure.<locals>.local_after at 0x71487b3bd4e0>'}
2026-08-22 23:51:54.067 /testbed/src/flask/app.py:1065 flask.app.Flask.ensure_sync event=call locals={'func': '<function TestIndirectExceptionCallGraph.test_generated_requests_exercise_error_pipeline.<locals>.generated_failure.<locals>.local_after at 0x71487b3bd4e0>', 'self': "<Flask 'runtime_exception_graph'>"}
2026-08-22 23:51:54.067 /testbed/src/flask/app.py:1074 flask.app.Flask.ensure_sync event=line locals={}
2026-08-22 23:51:54.067 /testbed/src/flask/app.py:1077 flask.app.Flask.ensure_sync event=line locals={}
2026-08-22 23:51:54.067 /testbed/src/flask/app.py:1077 flask.app.Flask.ensure_sync event=return retval=<function TestIndirectExceptionCallGraph.test_generated_requests_exercise_error_pipeline.<locals>.generated_failure.<locals>.local_after at 0x71487b3bd4e0> locals={'func': '<function TestIndirectExceptionCallGraph.test_generated_requests_exercise_error_pipeline.<locals>.generated_failure.<locals>.local_after at 0x71487b3bd4e0>', 'self': "<Flask 'runtime_exception_graph'>"}
2026-08-22 23:51:54.067 /testbed/src/flask/app.py:1407 flask.app.Flask.process_response event=line locals={}
2026-08-22 23:51:54.067 /testbed/src/flask/app.py:1408 flask.app.Flask.process_response event=line locals={'func': '<function TestIndirectExceptionCallGraph.test_generated_requests_exercise_error_pipeline.<locals>.generated_failure.<locals>.local_after at 0x71487b3bd580>'}
2026-08-22 23:51:54.067 /testbed/src/flask/app.py:1065 flask.app.Flask.ensure_sync event=call locals={'func': '<function TestIndirectExceptionCallGraph.test_generated_requests_exercise_error_pipeline.<locals>.generated_failure.<locals>.local_after at 0x71487b3bd580>', 'self': "<Flask 'runtime_exception_graph'>"}
2026-08-22 23:51:54.067 /testbed/src/flask/app.py:1074 flask.app.Flask.ensure_sync event=line locals={}
2026-08-22 23:51:54.067 /testbed/src/flask/app.py:1077 flask.app.Flask.ensure_sync event=line locals={}
2026-08-22 23:51:54.067 /testbed/src/flask/app.py:1077 flask.app.Flask.ensure_sync event=return retval=<function TestIndirectExceptionCallGraph.test_generated_requests_exercise_error_pipeline.<locals>.generated_failure.<locals>.local_after at 0x71487b3bd580> locals={'func': '<function TestIndirectExceptionCallGraph.test_generated_requests_exercise_error_pipeline.<locals>.generated_failure.<locals>.local_after at 0x71487b3bd580>', 'self': "<Flask 'runtime_exception_graph'>"}
2026-08-22 23:51:54.067 /testbed/src/flask/app.py:1407 flask.app.Flask.process_response event=line locals={}
2026-08-22 23:51:54.067 /testbed/src/flask/app.py:1408 flask.app.Flask.process_response event=line locals={'func': '<function TestIndirectExceptionCallGraph.test_generated_requests_exercise_error_pipeline.<locals>.generated_failure.<locals>.local_after at 0x71487b3bd620>'}
2026-08-22 23:51:54.067 /testbed/src/flask/app.py:1065 flask.app.Flask.ensure_sync event=call locals={'func': '<function TestIndirectExceptionCallGraph.test_generated_requests_exercise_error_pipeline.<locals>.generated_failure.<locals>.local_after at 0x71487b3bd620>', 'self': "<Flask 'runtime_exception_graph'>"}
2026-08-22 23:51:54.067 /testbed/src/flask/app.py:1074 flask.app.Flask.ensure_sync event=line locals={}
2026-08-22 23:51:54.067 /testbed/src/flask/app.py:1077 flask.app.Flask.ensure_sync event=line locals={}
2026-08-22 23:51:54.067 /testbed/src/flask/app.py:1077 flask.app.Flask.ensure_sync event=return retval=<function TestIndirectExceptionCallGraph.test_generated_requests_exercise_error_pipeline.<locals>.generated_failure.<locals>.local_after at 0x71487b3bd620> locals={'func': '<function TestIndirectExceptionCallGraph.test_generated_requests_exercise_error_pipeline.<locals>.generated_failure.<locals>.local_after at 0x71487b3bd620>', 'self': "<Flask 'runtime_exception_graph'>"}
2026-08-22 23:51:54.067 /testbed/src/flask/app.py:1407 flask.app.Flask.process_response event=line locals={}
2026-08-22 23:51:54.067 /testbed/src/flask/app.py:1408 flask.app.Flask.process_response event=line locals={'func': '<function TestIndirectExceptionCallGraph.test_generated_requests_exercise_error_pipeline.<locals>.generated_failure.<locals>.local_after at 0x71487b3bd6c0>'}
2026-08-22 23:51:54.067 /testbed/src/flask/app.py:1065 flask.app.Flask.ensure_sync event=call locals={'func': '<function TestIndirectExceptionCallGraph.test_generated_requests_exercise_error_pipeline.<locals>.generated_failure.<locals>.local_after at 0x71487b3bd6c0>', 'self': "<Flask 'runtime_exception_graph'>"}
2026-08-22 23:51:54.067 /testbed/src/flask/app.py:1074 flask.app.Flask.ensure_sync event=line locals={}
2026-08-22 23:51:54.067 /testbed/src/flask/app.py:1077 flask.app.Flask.ensure_sync event=line locals={}
2026-08-22 23:51:54.067 /testbed/src/flask/app.py:1077 flask.app.Flask.ensure_sync event=return retval=<function TestIndirectExceptionCallGraph.test_generated_requests_exercise_error_pipeline.<locals>.generated_failure.<locals>.local_after at 0x71487b3bd6c0> locals={'func': '<function TestIndirectExceptionCallGraph.test_generated_requests_exercise_error_pipeline.<locals>.generated_failure.<locals>.local_after at 0x71487b3bd6c0>', 'self': "<Flask 'runtime_exception_graph'>"}
2026-08-22 23:51:54.067 /testbed/src/flask/app.py:1407 flask.app.Flask.process_response event=line locals={}
2026-08-22 23:51:54.067 /testbed/src/flask/app.py:1410 flask.app.Flask.process_response event=line locals={}
2026-08-22 23:51:54.067 /testbed/src/flask/app.py:1411 flask.app.Flask.process_response event=line locals={'name': 'None'}
2026-08-22 23:51:54.067 /testbed/src/flask/app.py:1412 flask.app.Flask.process_response event=line locals={}
2026-08-22 23:51:54.067 /testbed/src/flask/app.py:1413 flask.app.Flask.process_response event=line locals={'func': '<function TestIndirectExceptionCallGraph.test_generated_requests_exercise_error_pipeline.<locals>.global_after at 0x71487b39c5e0>'}
2026-08-22 23:51:54.067 /testbed/src/flask/app.py:1065 flask.app.Flask.ensure_sync event=call locals={'func': '<function TestIndirectExceptionCallGraph.test_generated_requests_exercise_error_pipeline.<locals>.global_after at 0x71487b39c5e0>', 'self': "<Flask 'runtime_exception_graph'>"}
2026-08-22 23:51:54.067 /testbed/src/flask/app.py:1074 flask.app.Flask.ensure_sync event=line locals={}
2026-08-22 23:51:54.067 /testbed/src/flask/app.py:1077 flask.app.Flask.ensure_sync event=line locals={}
2026-08-22 23:51:54.067 /testbed/src/flask/app.py:1077 flask.app.Flask.ensure_sync event=return retval=<function TestIndirectExceptionCallGraph.test_generated_requests_exercise_error_pipeline.<locals>.global_after at 0x71487b39c5e0> locals={'func': '<function TestIndirectExceptionCallGraph.test_generated_requests_exercise_error_pipeline.<locals>.global_after at 0x71487b39c5e0>', 'self': "<Flask 'runtime_exception_graph'>"}
2026-08-22 23:51:54.067 /testbed/src/flask/app.py:1412 flask.app.Flask.process_response event=line locals={}
2026-08-22 23:51:54.067 /testbed/src/flask/app.py:1413 flask.app.Flask.process_response event=line locals={'func': '<function TestIndirectExceptionCallGraph.test_generated_requests_exercise_error_pipeline.<locals>.global_after at 0x71487b39c540>'}
2026-08-22 23:51:54.067 /testbed/src/flask/app.py:1065 flask.app.Flask.ensure_sync event=call locals={'func': '<function TestIndirectExceptionCallGraph.test_generated_requests_exercise_error_pipeline.<locals>.global_after at 0x71487b39c540>', 'self': "<Flask 'runtime_exception_graph'>"}
2026-08-22 23:51:54.067 /testbed/src/flask/app.py:1074 flask.app.Flask.ensure_sync event=line locals={}
2026-08-22 23:51:54.067 /testbed/src/flask/app.py:1077 flask.app.Flask.ensure_sync event=line locals={}
2026-08-22 23:51:54.067 /testbed/src/flask/app.py:1077 flask.app.Flask.ensure_sync event=return retval=<function TestIndirectExceptionCallGraph.test_generated_requests_exercise_error_pipeline.<locals>.global_after at 0x71487b39c540> locals={'func': '<function TestIndirectExceptionCallGraph.test_generated_requests_exercise_error_pipeline.<locals>.global_after at 0x71487b39c540>', 'self': "<Flask 'runtime_exception_graph'>"}
2026-08-22 23:51:54.067 /testbed/src/flask/app.py:1412 flask.app.Flask.process_response event=line locals={}
2026-08-22 23:51:54.067 /testbed/src/flask/app.py:1413 flask.app.Flask.process_response event=line locals={'func': '<function TestIndirectExceptionCallGraph.test_generated_requests_exercise_error_pipeline.<locals>.global_after at 0x71487b39c4a0>'}
2026-08-22 23:51:54.067 /testbed/src/flask/app.py:1065 flask.app.Flask.ensure_sync event=call locals={'func': '<function TestIndirectExceptionCallGraph.test_generated_requests_exercise_error_pipeline.<locals>.global_after at 0x71487b39c4a0>', 'self': "<Flask 'runtime_exception_graph'>"}
2026-08-22 23:51:54.067 /testbed/src/flask/app.py:1074 flask.app.Flask.ensure_sync event=line locals={}
2026-08-22 23:51:54.068 /testbed/src/flask/app.py:1077 flask.app.Flask.ensure_sync event=line locals={}
2026-08-22 23:51:54.068 /testbed/src/flask/app.py:1077 flask.app.Flask.ensure_sync event=return retval=<function TestIndirectExceptionCallGraph.test_generated_requests_exercise_error_pipeline.<locals>.global_after at 0x71487b39c4a0> locals={'func': '<function TestIndirectExceptionCallGraph.test_generated_requests_exercise_error_pipeline.<locals>.global_after at 0x71487b39c4a0>', 'self': "<Flask 'runtime_exception_graph'>"}
2026-08-22 23:51:54.068 /testbed/src/flask/app.py:1412 flask.app.Flask.process_response event=line locals={}
2026-08-22 23:51:54.068 /testbed/src/flask/app.py:1413 flask.app.Flask.process_response event=line locals={'func': '<function TestIndirectExceptionCallGraph.test_generated_requests_exercise_error_pipeline.<locals>.global_after at 0x71487b39c400>'}
2026-08-22 23:51:54.068 /testbed/src/flask/app.py:1065 flask.app.Flask.ensure_sync event=call locals={'func': '<function TestIndirectExceptionCallGraph.test_generated_requests_exercise_error_pipeline.<locals>.global_after at 0x71487b39c400>', 'self': "<Flask 'runtime_exception_graph'>"}
2026-08-22 23:51:54.068 /testbed/src/flask/app.py:1074 flask.app.Flask.ensure_sync event=line locals={}
2026-08-22 23:51:54.068 /testbed/src/flask/app.py:1077 flask.app.Flask.ensure_sync event=line locals={}
2026-08-22 23:51:54.068 /testbed/src/flask/app.py:1077 flask.app.Flask.ensure_sync event=return retval=<function TestIndirectExceptionCallGraph.test_generated_requests_exercise_error_pipeline.<locals>.global_after at 0x71487b39c400> locals={'func': '<function TestIndirectExceptionCallGraph.test_generated_requests_exercise_error_pipeline.<locals>.global_after at 0x71487b39c400>', 'self': "<Flask 'runtime_exception_graph'>"}
2026-08-22 23:51:54.068 /testbed/src/flask/app.py:1412 flask.app.Flask.process_response event=line locals={}
2026-08-22 23:51:54.068 /testbed/src/flask/app.py:1413 flask.app.Flask.process_response event=line locals={'func': '<function TestIndirectExceptionCallGraph.test_generated_requests_exercise_error_pipeline.<locals>.global_after at 0x71487b39c360>'}
2026-08-22 23:51:54.068 /testbed/src/flask/app.py:1065 flask.app.Flask.ensure_sync event=call locals={'func': '<function TestIndirectExceptionCallGraph.test_generated_requests_exercise_error_pipeline.<locals>.global_after at 0x71487b39c360>', 'self': "<Flask 'runtime_exception_graph'>"}
2026-08-22 23:51:54.068 /testbed/src/flask/app.py:1074 flask.app.Flask.ensure_sync event=line locals={}
2026-08-22 23:51:54.068 /testbed/src/flask/app.py:1077 flask.app.Flask.ensure_sync event=line locals={}
2026-08-22 23:51:54.068 /testbed/src/flask/app.py:1077 flask.app.Flask.ensure_sync event=return retval=<function TestIndirectExceptionCallGraph.test_generated_requests_exercise_error_pipeline.<locals>.global_after at 0x71487b39c360> locals={'func': '<function TestIndirectExceptionCallGraph.test_generated_requests_exercise_error_pipeline.<locals>.global_after at 0x71487b39c360>', 'self': "<Flask 'runtime_exception_graph'>"}
2026-08-22 23:51:54.068 /testbed/src/flask/app.py:1412 flask.app.Flask.process_response event=line locals={}
2026-08-22 23:51:54.068 /testbed/src/flask/app.py:1413 flask.app.Flask.process_response event=line locals={'func': '<function TestIndirectExceptionCallGraph.test_generated_requests_exercise_error_pipeline.<locals>.global_after at 0x71487b39c2c0>'}
2026-08-22 23:51:54.068 /testbed/src/flask/app.py:1065 flask.app.Flask.ensure_sync event=call locals={'func': '<function TestIndirectExceptionCallGraph.test_generated_requests_exercise_error_pipeline.<locals>.global_after at 0x71487b39c2c0>', 'self': "<Flask 'runtime_exception_graph'>"}
2026-08-22 23:51:54.068 /testbed/src/flask/app.py:1074 flask.app.Flask.ensure_sync event=line locals={}
2026-08-22 23:51:54.068 /testbed/src/flask/app.py:1077 flask.app.Flask.ensure_sync event=line locals={}
2026-08-22 23:51:54.068 /testbed/src/flask/app.py:1077 flask.app.Flask.ensure_sync event=return retval=<function TestIndirectExceptionCallGraph.test_generated_requests_exercise_error_pipeline.<locals>.global_after at 0x71487b39c2c0> locals={'func': '<function TestIndirectExceptionCallGraph.test_generated_requests_exercise_error_pipeline.<locals>.global_after at 0x71487b39c2c0>', 'self': "<Flask 'runtime_exception_graph'>"}
2026-08-22 23:51:54.068 /testbed/src/flask/app.py:1412 flask.app.Flask.process_response event=line locals={}
2026-08-22 23:51:54.068 /testbed/src/flask/app.py:1413 flask.app.Flask.process_response event=line locals={'func': '<function TestIndirectExceptionCallGraph.test_generated_requests_exercise_error_pipeline.<locals>.global_after at 0x71487b39c220>'}
2026-08-22 23:51:54.068 /testbed/src/flask/app.py:1065 flask.app.Flask.ensure_sync event=call locals={'func': '<function TestIndirectExceptionCallGraph.test_generated_requests_exercise_error_pipeline.<locals>.global_after at 0x71487b39c220>', 'self': "<Flask 'runtime_exception_graph'>"}
2026-08-22 23:51:54.068 /testbed/src/flask/app.py:1074 flask.app.Flask.ensure_sync event=line locals={}
2026-08-22 23:51:54.068 /testbed/src/flask/app.py:1077 flask.app.Flask.ensure_sync event=line locals={}
2026-08-22 23:51:54.068 /testbed/src/flask/app.py:1077 flask.app.Flask.ensure_sync event=return retval=<function TestIndirectExceptionCallGraph.test_generated_requests_exercise_error_pipeline.<locals>.global_after at 0x71487b39c220> locals={'func': '<function TestIndirectExceptionCallGraph.test_generated_requests_exercise_error_pipeline.<locals>.global_after at 0x71487b39c220>', 'self': "<Flask 'runtime_exception_graph'>"}
2026-08-22 23:51:54.068 /testbed/src/flask/app.py:1412 flask.app.Flask.process_response event=line locals={}
2026-08-22 23:51:54.068 /testbed/src/flask/app.py:1413 flask.app.Flask.process_response event=line locals={'func': '<function TestIndirectExceptionCallGraph.test_generated_requests_exercise_error_pipeline.<locals>.global_after at 0x71487b39c180>'}
2026-08-22 23:51:54.068 /testbed/src/flask/app.py:1065 flask.app.Flask.ensure_sync event=call locals={'func': '<function TestIndirectExceptionCallGraph.test_generated_requests_exercise_error_pipeline.<locals>.global_after at 0x71487b39c180>', 'self': "<Flask 'runtime_exception_graph'>"}
2026-08-22 23:51:54.068 /testbed/src/flask/app.py:1074 flask.app.Flask.ensure_sync event=line locals={}
2026-08-22 23:51:54.068 /testbed/src/flask/app.py:1077 flask.app.Flask.ensure_sync event=line locals={}
2026-08-22 23:51:54.068 /testbed/src/flask/app.py:1077 flask.app.Flask.ensure_sync event=return retval=<function TestIndirectExceptionCallGraph.test_generated_requests_exercise_error_pipeline.<locals>.global_after at 0x71487b39c180> locals={'func': '<function TestIndirectExceptionCallGraph.test_generated_requests_exercise_error_pipeline.<locals>.global_after at 0x71487b39c180>', 'self': "<Flask 'runtime_exception_graph'>"}
2026-08-22 23:51:54.068 /testbed/src/flask/app.py:1412 flask.app.Flask.process_response event=line locals={}
2026-08-22 23:51:54.068 /testbed/src/flask/app.py:1413 flask.app.Flask.process_response event=line locals={'func': '<function TestIndirectExceptionCallGraph.test_generated_requests_exercise_error_pipeline.<locals>.global_after at 0x71487b39c040>'}
2026-08-22 23:51:54.068 /testbed/src/flask/app.py:1065 flask.app.Flask.ensure_sync event=call locals={'func': '<function TestIndirectExceptionCallGraph.test_generated_requests_exercise_error_pipeline.<locals>.global_after at 0x71487b39c040>', 'self': "<Flask 'runtime_exception_graph'>"}
2026-08-22 23:51:54.068 /testbed/src/flask/app.py:1074 flask.app.Flask.ensure_sync event=line locals={}
2026-08-22 23:51:54.068 /testbed/src/flask/app.py:1077 flask.app.Flask.ensure_sync event=line locals={}
2026-08-22 23:51:54.068 /testbed/src/flask/app.py:1077 flask.app.Flask.ensure_sync event=return retval=<function TestIndirectExceptionCallGraph.test_generated_requests_exercise_error_pipeline.<locals>.global_after at 0x71487b39c040> locals={'func': '<function TestIndirectExceptionCallGraph.test_generated_requests_exercise_error_pipeline.<locals>.global_after at 0x71487b39c040>', 'self': "<Flask 'runtime_exception_graph'>"}
2026-08-22 23:51:54.068 /testbed/src/flask/app.py:1412 flask.app.Flask.process_response event=line locals={}
2026-08-22 23:51:54.068 /testbed/src/flask/app.py:1410 flask.app.Flask.process_response event=line locals={}
2026-08-22 23:51:54.068 /testbed/src/flask/app.py:1415 flask.app.Flask.process_response event=line locals={}
2026-08-22 23:51:54.068 /testbed/src/flask/app.py:1418 flask.app.Flask.process_response event=line locals={}
2026-08-22 23:51:54.069 /testbed/src/flask/app.py:1418 flask.app.Flask.process_response event=return retval=<Response 13 bytes [500 INTERNAL SERVER ERROR]> locals={'ctx': "<AppContext 124556134638608 of runtime_exception_graph, GET 'http://localhost/generated/10'>", 'func': '<function TestIndirectExceptionCallGraph.test_generated_requests_exercise_error_pipeline.<locals>.global_after at 0x71487b39c040>', 'name': 'None', 'response': '<Response 13 bytes [500 INTERNAL SERVER ERROR]>', 'self': "<Flask 'runtime_exception_graph'>"}
2026-08-22 23:51:54.069 /testbed/src/flask/app.py:1042 flask.app.Flask.finalize_request event=line locals={}
2026-08-22 23:51:54.069 /testbed/src/flask/app.py:1043 flask.app.Flask.finalize_request event=line locals={}
2026-08-22 23:51:54.069 /testbed/src/flask/app.py:1042 flask.app.Flask.finalize_request event=line locals={}
2026-08-22 23:51:54.069 /testbed/src/flask/app.py:1051 flask.app.Flask.finalize_request event=line locals={}
2026-08-22 23:51:54.069 /testbed/src/flask/app.py:1051 flask.app.Flask.finalize_request event=return retval=<Response 13 bytes [500 INTERNAL SERVER ERROR]> locals={'ctx': "<AppContext 124556134638608 of runtime_exception_graph, GET 'http://localhost/generated/10'>", 'from_error_handler': 'True', 'response': '<Response 13 bytes [500 INTERNAL SERVER ERROR]>', 'rv': "('failure-a9585', '500 INTERNAL SERVER ERROR')", 'self': "<Flask 'runtime_exception_graph'>"}
2026-08-22 23:51:54.069 /testbed/src/flask/app.py:948 flask.app.Flask.handle_exception event=return retval=<Response 13 bytes [500 INTERNAL SERVER ERROR]> locals={'ctx': "<AppContext 124556134638608 of runtime_exception_graph, GET 'http://localhost/generated/10'>", 'e': "RuntimeError('generated failure d04ce')", 'exc_info': "(<class 'RuntimeError'>, RuntimeError('generated failure d04ce'), <traceback object at 0x71487b3aba80>)", 'handler': '<function TestIndirectExceptionCallGraph.test_generated_requests_exercise_error_pipeline.<locals>.convert_unhandled_error at 0x71487b39c720>', 'propagate': 'False', 'self': "<Flask 'runtime_exception_graph'>", 'server_error': "('failure-a9585', '500 INTERNAL SERVER ERROR')"}
2026-08-22 23:51:54.079 /testbed/src/flask/app.py:1065 flask.app.Flask.ensure_sync event=call locals={'func': '<function TestIndirectExceptionCallGraph.test_generated_requests_exercise_error_pipeline.<locals>.generated_failure at 0x71487b39c9a0>', 'self': "<Flask 'runtime_exception_graph'>"}
2026-08-22 23:51:54.079 /testbed/src/flask/app.py:1074 flask.app.Flask.ensure_sync event=line locals={}
2026-08-22 23:51:54.079 /testbed/src/flask/app.py:1077 flask.app.Flask.ensure_sync event=line locals={}
2026-08-22 23:51:54.079 /testbed/src/flask/app.py:1077 flask.app.Flask.ensure_sync event=return retval=<function TestIndirectExceptionCallGraph.test_generated_requests_exercise_error_pipeline.<locals>.generated_failure at 0x71487b39c9a0> locals={'func': '<function TestIndirectExceptionCallGraph.test_generated_requests_exercise_error_pipeline.<locals>.generated_failure at 0x71487b39c9a0>', 'self': "<Flask 'runtime_exception_graph'>"}
2026-08-22 23:51:54.080 /testbed/src/flask/app.py:897 flask.app.Flask.handle_exception event=call locals={'ctx': "<AppContext 124556119200016 of runtime_exception_graph, GET 'http://localhost/generated/4'>", 'e': "RuntimeError('generated failure 2206e')", 'self': "<Flask 'runtime_exception_graph'>"}
2026-08-22 23:51:54.080 /testbed/src/flask/app.py:925 flask.app.Flask.handle_exception event=line locals={}
2026-08-22 23:51:54.080 /testbed/src/flask/app.py:926 flask.app.Flask.handle_exception event=line locals={'exc_info': "(<class 'RuntimeError'>, RuntimeError('generated failure 2206e'), <traceback object at 0x71487b3d5880>)"}
2026-08-22 23:51:54.080 /testbed/src/flask/app.py:927 flask.app.Flask.handle_exception event=line locals={}
2026-08-22 23:51:54.080 /testbed/src/flask/app.py:929 flask.app.Flask.handle_exception event=line locals={'propagate': 'False'}
2026-08-22 23:51:54.080 /testbed/src/flask/app.py:932 flask.app.Flask.handle_exception event=line locals={}
2026-08-22 23:51:54.080 /testbed/src/flask/app.py:940 flask.app.Flask.handle_exception event=line locals={}
2026-08-22 23:51:54.080 /testbed/src/flask/app.py:950 flask.app.Flask.log_exception event=call locals={'ctx': "<AppContext 124556119200016 of runtime_exception_graph, GET 'http://localhost/generated/4'>", 'exc_info': "(<class 'RuntimeError'>, RuntimeError('generated failure 2206e'), <traceback object at 0x71487b3d5880>)", 'self': "<Flask 'runtime_exception_graph'>"}
2026-08-22 23:51:54.080 /testbed/src/flask/app.py:962 flask.app.Flask.log_exception event=line locals={}
2026-08-22 23:51:54.080 /testbed/src/flask/app.py:963 flask.app.Flask.log_exception event=line locals={}
2026-08-22 23:51:54.080 /testbed/src/flask/app.py:962 flask.app.Flask.log_exception event=line locals={}
2026-08-22 23:51:54.080 /testbed/src/flask/app.py:962 flask.app.Flask.log_exception event=return retval=None locals={'ctx': "<AppContext 124556119200016 of runtime_exception_graph, GET 'http://localhost/generated/4'>", 'exc_info': "(<class 'RuntimeError'>, RuntimeError('generated failure 2206e'), <traceback object at 0x71487b3d5880>)", 'self': "<Flask 'runtime_exception_graph'>"}
2026-08-22 23:51:54.080 /testbed/src/flask/app.py:942 flask.app.Flask.handle_exception event=line locals={}
2026-08-22 23:51:54.081 /testbed/src/flask/app.py:943 flask.app.Flask.handle_exception event=line locals={'server_error': "<InternalServerError '500: Internal Server Error'>"}
2026-08-22 23:51:54.081 /testbed/src/flask/app.py:945 flask.app.Flask.handle_exception event=line locals={'handler': '<function TestIndirectExceptionCallGraph.test_generated_requests_exercise_error_pipeline.<locals>.convert_unhandled_error at 0x71487b39c720>'}
2026-08-22 23:51:54.081 /testbed/src/flask/app.py:946 flask.app.Flask.handle_exception event=line locals={}
2026-08-22 23:51:54.081 /testbed/src/flask/app.py:1065 flask.app.Flask.ensure_sync event=call locals={'func': '<function TestIndirectExceptionCallGraph.test_generated_requests_exercise_error_pipeline.<locals>.convert_unhandled_error at 0x71487b39c720>', 'self': "<Flask 'runtime_exception_graph'>"}
2026-08-22 23:51:54.081 /testbed/src/flask/app.py:1074 flask.app.Flask.ensure_sync event=line locals={}
2026-08-22 23:51:54.081 /testbed/src/flask/app.py:1077 flask.app.Flask.ensure_sync event=line locals={}
2026-08-22 23:51:54.081 /testbed/src/flask/app.py:1077 flask.app.Flask.ensure_sync event=return retval=<function TestIndirectExceptionCallGraph.test_generated_requests_exercise_error_pipeline.<locals>.convert_unhandled_error at 0x71487b39c720> locals={'func': '<function TestIndirectExceptionCallGraph.test_generated_requests_exercise_error_pipeline.<locals>.convert_unhandled_error at 0x71487b39c720>', 'self': "<Flask 'runtime_exception_graph'>"}
2026-08-22 23:51:54.081 /testbed/src/flask/app.py:948 flask.app.Flask.handle_exception event=line locals={'server_error': "('failure-869af', '500 INTERNAL SERVER ERROR')"}
2026-08-22 23:51:54.081 /testbed/src/flask/app.py:1021 flask.app.Flask.finalize_request event=call locals={'ctx': "<AppContext 124556119200016 of runtime_exception_graph, GET 'http://localhost/generated/4'>", 'from_error_handler': 'True', 'rv': "('failure-869af', '500 INTERNAL SERVER ERROR')", 'self': "<Flask 'runtime_exception_graph'>"}
2026-08-22 23:51:54.081 /testbed/src/flask/app.py:1039 flask.app.Flask.finalize_request event=line locals={}
2026-08-22 23:51:54.081 /testbed/src/flask/app.py:1224 flask.app.Flask.make_response event=call locals={'rv': "('failure-869af', '500 INTERNAL SERVER ERROR')", 'self': "<Flask 'runtime_exception_graph'>"}
2026-08-22 23:51:54.081 /testbed/src/flask/app.py:1281 flask.app.Flask.make_response event=line locals={}
2026-08-22 23:51:54.081 /testbed/src/flask/app.py:1282 flask.app.Flask.make_response event=line locals={'status': 'None'}
2026-08-22 23:51:54.081 /testbed/src/flask/app.py:1285 flask.app.Flask.make_response event=line locals={'headers': 'None'}
2026-08-22 23:51:54.081 /testbed/src/flask/app.py:1286 flask.app.Flask.make_response event=line locals={}
2026-08-22 23:51:54.081 /testbed/src/flask/app.py:1289 flask.app.Flask.make_response event=line locals={'len_rv': '2'}
2026-08-22 23:51:54.081 /testbed/src/flask/app.py:1292 flask.app.Flask.make_response event=line locals={}
2026-08-22 23:51:54.081 /testbed/src/flask/app.py:1293 flask.app.Flask.make_response event=line locals={}
2026-08-22 23:51:54.081 /testbed/src/flask/app.py:1296 flask.app.Flask.make_response event=line locals={}
2026-08-22 23:51:54.081 /testbed/src/flask/app.py:1306 flask.app.Flask.make_response event=line locals={'rv': "'failure-869af'", 'status': "'500 INTERNAL SERVER ERROR'"}
2026-08-22 23:51:54.081 /testbed/src/flask/app.py:1314 flask.app.Flask.make_response event=line locals={}
2026-08-22 23:51:54.081 /testbed/src/flask/app.py:1315 flask.app.Flask.make_response event=line locals={}
2026-08-22 23:51:54.081 /testbed/src/flask/app.py:1319 flask.app.Flask.make_response event=line locals={}
2026-08-22 23:51:54.081 /testbed/src/flask/app.py:1320 flask.app.Flask.make_response event=line locals={}
2026-08-22 23:51:54.081 /testbed/src/flask/app.py:1321 flask.app.Flask.make_response event=line locals={}
2026-08-22 23:51:54.081 /testbed/src/flask/app.py:1322 flask.app.Flask.make_response event=line locals={}
2026-08-22 23:51:54.081 /testbed/src/flask/app.py:1319 flask.app.Flask.make_response event=line locals={}
2026-08-22 23:51:54.082 /testbed/src/flask/app.py:1324 flask.app.Flask.make_response event=line locals={'rv': '<Response 13 bytes [500 INTERNAL SERVER ERROR]>'}
2026-08-22 23:51:54.082 /testbed/src/flask/app.py:1352 flask.app.Flask.make_response event=line locals={'status': 'None'}
2026-08-22 23:51:54.082 /testbed/src/flask/app.py:1354 flask.app.Flask.make_response event=line locals={}
2026-08-22 23:51:54.082 /testbed/src/flask/app.py:1361 flask.app.Flask.make_response event=line locals={}
2026-08-22 23:51:54.082 /testbed/src/flask/app.py:1364 flask.app.Flask.make_response event=line locals={}
2026-08-22 23:51:54.082 /testbed/src/flask/app.py:1364 flask.app.Flask.make_response event=return retval=<Response 13 bytes [500 INTERNAL SERVER ERROR]> locals={'headers': 'None', 'len_rv': '2', 'rv': '<Response 13 bytes [500 INTERNAL SERVER ERROR]>', 'self': "<Flask 'runtime_exception_graph'>", 'status': 'None'}
2026-08-22 23:51:54.082 /testbed/src/flask/app.py:1040 flask.app.Flask.finalize_request event=line locals={'response': '<Response 13 bytes [500 INTERNAL SERVER ERROR]>'}
2026-08-22 23:51:54.082 /testbed/src/flask/app.py:1041 flask.app.Flask.finalize_request event=line locals={}
2026-08-22 23:51:54.082 /testbed/src/flask/app.py:1394 flask.app.Flask.process_response event=call locals={'ctx': "<AppContext 124556119200016 of runtime_exception_graph, GET 'http://localhost/generated/4'>", 'response': '<Response 13 bytes [500 INTERNAL SERVER ERROR]>', 'self': "<Flask 'runtime_exception_graph'>"}
2026-08-22 23:51:54.082 /testbed/src/flask/app.py:1407 flask.app.Flask.process_response event=line locals={}
2026-08-22 23:51:54.082 /testbed/src/flask/app.py:1408 flask.app.Flask.process_response event=line locals={'func': '<function TestIndirectExceptionCallGraph.test_generated_requests_exercise_error_pipeline.<locals>.generated_failure.<locals>.local_after at 0x71487b3bd8a0>'}
2026-08-22 23:51:54.082 /testbed/src/flask/app.py:1065 flask.app.Flask.ensure_sync event=call locals={'func': '<function TestIndirectExceptionCallGraph.test_generated_requests_exercise_error_pipeline.<locals>.generated_failure.<locals>.local_after at 0x71487b3bd8a0>', 'self': "<Flask 'runtime_exception_graph'>"}
2026-08-22 23:51:54.082 /testbed/src/flask/app.py:1074 flask.app.Flask.ensure_sync event=line locals={}
2026-08-22 23:51:54.082 /testbed/src/flask/app.py:1077 flask.app.Flask.ensure_sync event=line locals={}
2026-08-22 23:51:54.082 /testbed/src/flask/app.py:1077 flask.app.Flask.ensure_sync event=return retval=<function TestIndirectExceptionCallGraph.test_generated_requests_exercise_error_pipeline.<locals>.generated_failure.<locals>.local_after at 0x71487b3bd8a0> locals={'func': '<function TestIndirectExceptionCallGraph.test_generated_requests_exercise_error_pipeline.<locals>.generated_failure.<locals>.local_after at 0x71487b3bd8a0>', 'self': "<Flask 'runtime_exception_graph'>"}
2026-08-22 23:51:54.082 /testbed/src/flask/app.py:1407 flask.app.Flask.process_response event=line locals={}
2026-08-22 23:51:54.082 /testbed/src/flask/app.py:1408 flask.app.Flask.process_response event=line locals={'func': '<function TestIndirectExceptionCallGraph.test_generated_requests_exercise_error_pipeline.<locals>.generated_failure.<locals>.local_after at 0x71487b3bd940>'}
2026-08-22 23:51:54.082 /testbed/src/flask/app.py:1065 flask.app.Flask.ensure_sync event=call locals={'func': '<function TestIndirectExceptionCallGraph.test_generated_requests_exercise_error_pipeline.<locals>.generated_failure.<locals>.local_after at 0x71487b3bd940>', 'self': "<Flask 'runtime_exception_graph'>"}
2026-08-22 23:51:54.082 /testbed/src/flask/app.py:1074 flask.app.Flask.ensure_sync event=line locals={}
2026-08-22 23:51:54.082 /testbed/src/flask/app.py:1077 flask.app.Flask.ensure_sync event=line locals={}
2026-08-22 23:51:54.082 /testbed/src/flask/app.py:1077 flask.app.Flask.ensure_sync event=return retval=<function TestIndirectExceptionCallGraph.test_generated_requests_exercise_error_pipeline.<locals>.generated_failure.<locals>.local_after at 0x71487b3bd940> locals={'func': '<function TestIndirectExceptionCallGraph.test_generated_requests_exercise_error_pipeline.<locals>.generated_failure.<locals>.local_after at 0x71487b3bd940>', 'self': "<Flask 'runtime_exception_graph'>"}
2026-08-22 23:51:54.082 /testbed/src/flask/app.py:1407 flask.app.Flask.process_response event=line locals={}
2026-08-22 23:51:54.082 /testbed/src/flask/app.py:1408 flask.app.Flask.process_response event=line locals={'func': '<function TestIndirectExceptionCallGraph.test_generated_requests_exercise_error_pipeline.<locals>.generated_failure.<locals>.local_after at 0x71487b3bd9e0>'}
2026-08-22 23:51:54.082 /testbed/src/flask/app.py:1065 flask.app.Flask.ensure_sync event=call locals={'func': '<function TestIndirectExceptionCallGraph.test_generated_requests_exercise_error_pipeline.<locals>.generated_failure.<locals>.local_after at 0x71487b3bd9e0>', 'self': "<Flask 'runtime_exception_graph'>"}
2026-08-22 23:51:54.082 /testbed/src/flask/app.py:1074 flask.app.Flask.ensure_sync event=line locals={}
2026-08-22 23:51:54.082 /testbed/src/flask/app.py:1077 flask.app.Flask.ensure_sync event=line locals={}
2026-08-22 23:51:54.082 /testbed/src/flask/app.py:1077 flask.app.Flask.ensure_sync event=return retval=<function TestIndirectExceptionCallGraph.test_generated_requests_exercise_error_pipeline.<locals>.generated_failure.<locals>.local_after at 0x71487b3bd9e0> locals={'func': '<function TestIndirectExceptionCallGraph.test_generated_requests_exercise_error_pipeline.<locals>.generated_failure.<locals>.local_after at 0x71487b3bd9e0>', 'self': "<Flask 'runtime_exception_graph'>"}
2026-08-22 23:51:54.082 /testbed/src/flask/app.py:1407 flask.app.Flask.process_response event=line locals={}
2026-08-22 23:51:54.082 /testbed/src/flask/app.py:1408 flask.app.Flask.process_response event=line locals={'func': '<function TestIndirectExceptionCallGraph.test_generated_requests_exercise_error_pipeline.<locals>.generated_failure.<locals>.local_after at 0x71487b3bda80>'}
2026-08-22 23:51:54.082 /testbed/src/flask/app.py:1065 flask.app.Flask.ensure_sync event=call locals={'func': '<function TestIndirectExceptionCallGraph.test_generated_requests_exercise_error_pipeline.<locals>.generated_failure.<locals>.local_after at 0x71487b3bda80>', 'self': "<Flask 'runtime_exception_graph'>"}
2026-08-22 23:51:54.082 /testbed/src/flask/app.py:1074 flask.app.Flask.ensure_sync event=line locals={}
2026-08-22 23:51:54.082 /testbed/src/flask/app.py:1077 flask.app.Flask.ensure_sync event=line locals={}
2026-08-22 23:51:54.082 /testbed/src/flask/app.py:1077 flask.app.Flask.ensure_sync event=return retval=<function TestIndirectExceptionCallGraph.test_generated_requests_exercise_error_pipeline.<locals>.generated_failure.<locals>.local_after at 0x71487b3bda80> locals={'func': '<function TestIndirectExceptionCallGraph.test_generated_requests_exercise_error_pipeline.<locals>.generated_failure.<locals>.local_after at 0x71487b3bda80>', 'self': "<Flask 'runtime_exception_graph'>"}
2026-08-22 23:51:54.082 /testbed/src/flask/app.py:1407 flask.app.Flask.process_response event=line locals={}
2026-08-22 23:51:54.082 /testbed/src/flask/app.py:1408 flask.app.Flask.process_response event=line locals={'func': '<function TestIndirectExceptionCallGraph.test_generated_requests_exercise_error_pipeline.<locals>.generated_failure.<locals>.local_after at 0x71487b3bdb20>'}
2026-08-22 23:51:54.082 /testbed/src/flask/app.py:1065 flask.app.Flask.ensure_sync event=call locals={'func': '<function TestIndirectExceptionCallGraph.test_generated_requests_exercise_error_pipeline.<locals>.generated_failure.<locals>.local_after at 0x71487b3bdb20>', 'self': "<Flask 'runtime_exception_graph'>"}
2026-08-22 23:51:54.082 /testbed/src/flask/app.py:1074 flask.app.Flask.ensure_sync event=line locals={}
2026-08-22 23:51:54.082 /testbed/src/flask/app.py:1077 flask.app.Flask.ensure_sync event=line locals={}
2026-08-22 23:51:54.082 /testbed/src/flask/app.py:1077 flask.app.Flask.ensure_sync event=return retval=<function TestIndirectExceptionCallGraph.test_generated_requests_exercise_error_pipeline.<locals>.generated_failure.<locals>.local_after at 0x71487b3bdb20> locals={'func': '<function TestIndirectExceptionCallGraph.test_generated_requests_exercise_error_pipeline.<locals>.generated_failure.<locals>.local_after at 0x71487b3bdb20>', 'self': "<Flask 'runtime_exception_graph'>"}
2026-08-22 23:51:54.083 /testbed/src/flask/app.py:1407 flask.app.Flask.process_response event=line locals={}
2026-08-22 23:51:54.083 /testbed/src/flask/app.py:1408 flask.app.Flask.process_response event=line locals={'func': '<function TestIndirectExceptionCallGraph.test_generated_requests_exercise_error_pipeline.<locals>.generated_failure.<locals>.local_after at 0x71487b3bdbc0>'}
2026-08-22 23:51:54.083 /testbed/src/flask/app.py:1065 flask.app.Flask.ensure_sync event=call locals={'func': '<function TestIndirectExceptionCallGraph.test_generated_requests_exercise_error_pipeline.<locals>.generated_failure.<locals>.local_after at 0x71487b3bdbc0>', 'self': "<Flask 'runtime_exception_graph'>"}
2026-08-22 23:51:54.083 /testbed/src/flask/app.py:1074 flask.app.Flask.ensure_sync event=line locals={}
2026-08-22 23:51:54.083 /testbed/src/flask/app.py:1077 flask.app.Flask.ensure_sync event=line locals={}
2026-08-22 23:51:54.083 /testbed/src/flask/app.py:1077 flask.app.Flask.ensure_sync event=return retval=<function TestIndirectExceptionCallGraph.test_generated_requests_exercise_error_pipeline.<locals>.generated_failure.<locals>.local_after at 0x71487b3bdbc0> locals={'func': '<function TestIndirectExceptionCallGraph.test_generated_requests_exercise_error_pipeline.<locals>.generated_failure.<locals>.local_after at 0x71487b3bdbc0>', 'self': "<Flask 'runtime_exception_graph'>"}
2026-08-22 23:51:54.083 /testbed/src/flask/app.py:1407 flask.app.Flask.process_response event=line locals={}
2026-08-22 23:51:54.083 /testbed/src/flask/app.py:1408 flask.app.Flask.process_response event=line locals={'func': '<function TestIndirectExceptionCallGraph.test_generated_requests_exercise_error_pipeline.<locals>.generated_failure.<locals>.local_after at 0x71487b3bdc60>'}
2026-08-22 23:51:54.083 /testbed/src/flask/app.py:1065 flask.app.Flask.ensure_sync event=call locals={'func': '<function TestIndirectExceptionCallGraph.test_generated_requests_exercise_error_pipeline.<locals>.generated_failure.<locals>.local_after at 0x71487b3bdc60>', 'self': "<Flask 'runtime_exception_graph'>"}
2026-08-22 23:51:54.083 /testbed/src/flask/app.py:1074 flask.app.Flask.ensure_sync event=line locals={}
2026-08-22 23:51:54.083 /testbed/src/flask/app.py:1077 flask.app.Flask.ensure_sync event=line locals={}
2026-08-22 23:51:54.083 /testbed/src/flask/app.py:1077 flask.app.Flask.ensure_sync event=return retval=<function TestIndirectExceptionCallGraph.test_generated_requests_exercise_error_pipeline.<locals>.generated_failure.<locals>.local_after at 0x71487b3bdc60> locals={'func': '<function TestIndirectExceptionCallGraph.test_generated_requests_exercise_error_pipeline.<locals>.generated_failure.<locals>.local_after at 0x71487b3bdc60>', 'self': "<Flask 'runtime_exception_graph'>"}
2026-08-22 23:51:54.083 /testbed/src/flask/app.py:1407 flask.app.Flask.process_response event=line locals={}
2026-08-22 23:51:54.083 /testbed/src/flask/app.py:1410 flask.app.Flask.process_response event=line locals={}
2026-08-22 23:51:54.083 /testbed/src/flask/app.py:1411 flask.app.Flask.process_response event=line locals={'name': 'None'}
2026-08-22 23:51:54.083 /testbed/src/flask/app.py:1412 flask.app.Flask.process_response event=line locals={}
2026-08-22 23:51:54.083 /testbed/src/flask/app.py:1413 flask.app.Flask.process_response event=line locals={'func': '<function TestIndirectExceptionCallGraph.test_generated_requests_exercise_error_pipeline.<locals>.global_after at 0x71487b39c5e0>'}
2026-08-22 23:51:54.083 /testbed/src/flask/app.py:1065 flask.app.Flask.ensure_sync event=call locals={'func': '<function TestIndirectExceptionCallGraph.test_generated_requests_exercise_error_pipeline.<locals>.global_after at 0x71487b39c5e0>', 'self': "<Flask 'runtime_exception_graph'>"}
2026-08-22 23:51:54.083 /testbed/src/flask/app.py:1074 flask.app.Flask.ensure_sync event=line locals={}
2026-08-22 23:51:54.083 /testbed/src/flask/app.py:1077 flask.app.Flask.ensure_sync event=line locals={}
2026-08-22 23:51:54.083 /testbed/src/flask/app.py:1077 flask.app.Flask.ensure_sync event=return retval=<function TestIndirectExceptionCallGraph.test_generated_requests_exercise_error_pipeline.<locals>.global_after at 0x71487b39c5e0> locals={'func': '<function TestIndirectExceptionCallGraph.test_generated_requests_exercise_error_pipeline.<locals>.global_after at 0x71487b39c5e0>', 'self': "<Flask 'runtime_exception_graph'>"}
2026-08-22 23:51:54.083 /testbed/src/flask/app.py:1412 flask.app.Flask.process_response event=line locals={}
2026-08-22 23:51:54.083 /testbed/src/flask/app.py:1413 flask.app.Flask.process_response event=line locals={'func': '<function TestIndirectExceptionCallGraph.test_generated_requests_exercise_error_pipeline.<locals>.global_after at 0x71487b39c540>'}
2026-08-22 23:51:54.083 /testbed/src/flask/app.py:1065 flask.app.Flask.ensure_sync event=call locals={'func': '<function TestIndirectExceptionCallGraph.test_generated_requests_exercise_error_pipeline.<locals>.global_after at 0x71487b39c540>', 'self': "<Flask 'runtime_exception_graph'>"}
2026-08-22 23:51:54.083 /testbed/src/flask/app.py:1074 flask.app.Flask.ensure_sync event=line locals={}
2026-08-22 23:51:54.083 /testbed/src/flask/app.py:1077 flask.app.Flask.ensure_sync event=line locals={}
2026-08-22 23:51:54.083 /testbed/src/flask/app.py:1077 flask.app.Flask.ensure_sync event=return retval=<function TestIndirectExceptionCallGraph.test_generated_requests_exercise_error_pipeline.<locals>.global_after at 0x71487b39c540> locals={'func': '<function TestIndirectExceptionCallGraph.test_generated_requests_exercise_error_pipeline.<locals>.global_after at 0x71487b39c540>', 'self': "<Flask 'runtime_exception_graph'>"}
2026-08-22 23:51:54.083 /testbed/src/flask/app.py:1412 flask.app.Flask.process_response event=line locals={}
2026-08-22 23:51:54.083 /testbed/src/flask/app.py:1413 flask.app.Flask.process_response event=line locals={'func': '<function TestIndirectExceptionCallGraph.test_generated_requests_exercise_error_pipeline.<locals>.global_after at 0x71487b39c4a0>'}
2026-08-22 23:51:54.083 /testbed/src/flask/app.py:1065 flask.app.Flask.ensure_sync event=call locals={'func': '<function TestIndirectExceptionCallGraph.test_generated_requests_exercise_error_pipeline.<locals>.global_after at 0x71487b39c4a0>', 'self': "<Flask 'runtime_exception_graph'>"}
2026-08-22 23:51:54.083 /testbed/src/flask/app.py:1074 flask.app.Flask.ensure_sync event=line locals={}
2026-08-22 23:51:54.083 /testbed/src/flask/app.py:1077 flask.app.Flask.ensure_sync event=line locals={}
2026-08-22 23:51:54.083 /testbed/src/flask/app.py:1077 flask.app.Flask.ensure_sync event=return retval=<function TestIndirectExceptionCallGraph.test_generated_requests_exercise_error_pipeline.<locals>.global_after at 0x71487b39c4a0> locals={'func': '<function TestIndirectExceptionCallGraph.test_generated_requests_exercise_error_pipeline.<locals>.global_after at 0x71487b39c4a0>', 'self': "<Flask 'runtime_exception_graph'>"}
2026-08-22 23:51:54.083 /testbed/src/flask/app.py:1412 flask.app.Flask.process_response event=line locals={}
2026-08-22 23:51:54.083 /testbed/src/flask/app.py:1413 flask.app.Flask.process_response event=line locals={'func': '<function TestIndirectExceptionCallGraph.test_generated_requests_exercise_error_pipeline.<locals>.global_after at 0x71487b39c400>'}
2026-08-22 23:51:54.083 /testbed/src/flask/app.py:1065 flask.app.Flask.ensure_sync event=call locals={'func': '<function TestIndirectExceptionCallGraph.test_generated_requests_exercise_error_pipeline.<locals>.global_after at 0x71487b39c400>', 'self': "<Flask 'runtime_exception_graph'>"}
2026-08-22 23:51:54.083 /testbed/src/flask/app.py:1074 flask.app.Flask.ensure_sync event=line locals={}
2026-08-22 23:51:54.083 /testbed/src/flask/app.py:1077 flask.app.Flask.ensure_sync event=line locals={}
2026-08-22 23:51:54.083 /testbed/src/flask/app.py:1077 flask.app.Flask.ensure_sync event=return retval=<function TestIndirectExceptionCallGraph.test_generated_requests_exercise_error_pipeline.<locals>.global_after at 0x71487b39c400> locals={'func': '<function TestIndirectExceptionCallGraph.test_generated_requests_exercise_error_pipeline.<locals>.global_after at 0x71487b39c400>', 'self': "<Flask 'runtime_exception_graph'>"}
2026-08-22 23:51:54.083 /testbed/src/flask/app.py:1412 flask.app.Flask.process_response event=line locals={}
2026-08-22 23:51:54.083 /testbed/src/flask/app.py:1413 flask.app.Flask.process_response event=line locals={'func': '<function TestIndirectExceptionCallGraph.test_generated_requests_exercise_error_pipeline.<locals>.global_after at 0x71487b39c360>'}
2026-08-22 23:51:54.083 /testbed/src/flask/app.py:1065 flask.app.Flask.ensure_sync event=call locals={'func': '<function TestIndirectExceptionCallGraph.test_generated_requests_exercise_error_pipeline.<locals>.global_after at 0x71487b39c360>', 'self': "<Flask 'runtime_exception_graph'>"}
2026-08-22 23:51:54.084 /testbed/src/flask/app.py:1074 flask.app.Flask.ensure_sync event=line locals={}
2026-08-22 23:51:54.084 /testbed/src/flask/app.py:1077 flask.app.Flask.ensure_sync event=line locals={}
2026-08-22 23:51:54.084 /testbed/src/flask/app.py:1077 flask.app.Flask.ensure_sync event=return retval=<function TestIndirectExceptionCallGraph.test_generated_requests_exercise_error_pipeline.<locals>.global_after at 0x71487b39c360> locals={'func': '<function TestIndirectExceptionCallGraph.test_generated_requests_exercise_error_pipeline.<locals>.global_after at 0x71487b39c360>', 'self': "<Flask 'runtime_exception_graph'>"}
2026-08-22 23:51:54.084 /testbed/src/flask/app.py:1412 flask.app.Flask.process_response event=line locals={}
2026-08-22 23:51:54.084 /testbed/src/flask/app.py:1413 flask.app.Flask.process_response event=line locals={'func': '<function TestIndirectExceptionCallGraph.test_generated_requests_exercise_error_pipeline.<locals>.global_after at 0x71487b39c2c0>'}
2026-08-22 23:51:54.084 /testbed/src/flask/app.py:1065 flask.app.Flask.ensure_sync event=call locals={'func': '<function TestIndirectExceptionCallGraph.test_generated_requests_exercise_error_pipeline.<locals>.global_after at 0x71487b39c2c0>', 'self': "<Flask 'runtime_exception_graph'>"}
2026-08-22 23:51:54.084 /testbed/src/flask/app.py:1074 flask.app.Flask.ensure_sync event=line locals={}
2026-08-22 23:51:54.084 /testbed/src/flask/app.py:1077 flask.app.Flask.ensure_sync event=line locals={}
2026-08-22 23:51:54.084 /testbed/src/flask/app.py:1077 flask.app.Flask.ensure_sync event=return retval=<function TestIndirectExceptionCallGraph.test_generated_requests_exercise_error_pipeline.<locals>.global_after at 0x71487b39c2c0> locals={'func': '<function TestIndirectExceptionCallGraph.test_generated_requests_exercise_error_pipeline.<locals>.global_after at 0x71487b39c2c0>', 'self': "<Flask 'runtime_exception_graph'>"}
2026-08-22 23:51:54.084 /testbed/src/flask/app.py:1412 flask.app.Flask.process_response event=line locals={}
2026-08-22 23:51:54.084 /testbed/src/flask/app.py:1413 flask.app.Flask.process_response event=line locals={'func': '<function TestIndirectExceptionCallGraph.test_generated_requests_exercise_error_pipeline.<locals>.global_after at 0x71487b39c220>'}
2026-08-22 23:51:54.084 /testbed/src/flask/app.py:1065 flask.app.Flask.ensure_sync event=call locals={'func': '<function TestIndirectExceptionCallGraph.test_generated_requests_exercise_error_pipeline.<locals>.global_after at 0x71487b39c220>', 'self': "<Flask 'runtime_exception_graph'>"}
2026-08-22 23:51:54.084 /testbed/src/flask/app.py:1074 flask.app.Flask.ensure_sync event=line locals={}
2026-08-22 23:51:54.084 /testbed/src/flask/app.py:1077 flask.app.Flask.ensure_sync event=line locals={}
2026-08-22 23:51:54.084 /testbed/src/flask/app.py:1077 flask.app.Flask.ensure_sync event=return retval=<function TestIndirectExceptionCallGraph.test_generated_requests_exercise_error_pipeline.<locals>.global_after at 0x71487b39c220> locals={'func': '<function TestIndirectExceptionCallGraph.test_generated_requests_exercise_error_pipeline.<locals>.global_after at 0x71487b39c220>', 'self': "<Flask 'runtime_exception_graph'>"}
2026-08-22 23:51:54.084 /testbed/src/flask/app.py:1412 flask.app.Flask.process_response event=line locals={}
2026-08-22 23:51:54.084 /testbed/src/flask/app.py:1413 flask.app.Flask.process_response event=line locals={'func': '<function TestIndirectExceptionCallGraph.test_generated_requests_exercise_error_pipeline.<locals>.global_after at 0x71487b39c180>'}
2026-08-22 23:51:54.084 /testbed/src/flask/app.py:1065 flask.app.Flask.ensure_sync event=call locals={'func': '<function TestIndirectExceptionCallGraph.test_generated_requests_exercise_error_pipeline.<locals>.global_after at 0x71487b39c180>', 'self': "<Flask 'runtime_exception_graph'>"}
2026-08-22 23:51:54.084 /testbed/src/flask/app.py:1074 flask.app.Flask.ensure_sync event=line locals={}
2026-08-22 23:51:54.084 /testbed/src/flask/app.py:1077 flask.app.Flask.ensure_sync event=line locals={}
2026-08-22 23:51:54.084 /testbed/src/flask/app.py:1077 flask.app.Flask.ensure_sync event=return retval=<function TestIndirectExceptionCallGraph.test_generated_requests_exercise_error_pipeline.<locals>.global_after at 0x71487b39c180> locals={'func': '<function TestIndirectExceptionCallGraph.test_generated_requests_exercise_error_pipeline.<locals>.global_after at 0x71487b39c180>', 'self': "<Flask 'runtime_exception_graph'>"}
2026-08-22 23:51:54.084 /testbed/src/flask/app.py:1412 flask.app.Flask.process_response event=line locals={}
2026-08-22 23:51:54.084 /testbed/src/flask/app.py:1413 flask.app.Flask.process_response event=line locals={'func': '<function TestIndirectExceptionCallGraph.test_generated_requests_exercise_error_pipeline.<locals>.global_after at 0x71487b39c040>'}
2026-08-22 23:51:54.084 /testbed/src/flask/app.py:1065 flask.app.Flask.ensure_sync event=call locals={'func': '<function TestIndirectExceptionCallGraph.test_generated_requests_exercise_error_pipeline.<locals>.global_after at 0x71487b39c040>', 'self': "<Flask 'runtime_exception_graph'>"}
2026-08-22 23:51:54.084 /testbed/src/flask/app.py:1074 flask.app.Flask.ensure_sync event=line locals={}
2026-08-22 23:51:54.084 /testbed/src/flask/app.py:1077 flask.app.Flask.ensure_sync event=line locals={}
2026-08-22 23:51:54.084 /testbed/src/flask/app.py:1077 flask.app.Flask.ensure_sync event=return retval=<function TestIndirectExceptionCallGraph.test_generated_requests_exercise_error_pipeline.<locals>.global_after at 0x71487b39c040> locals={'func': '<function TestIndirectExceptionCallGraph.test_generated_requests_exercise_error_pipeline.<locals>.global_after at 0x71487b39c040>', 'self': "<Flask 'runtime_exception_graph'>"}
2026-08-22 23:51:54.084 /testbed/src/flask/app.py:1412 flask.app.Flask.process_response event=line locals={}
2026-08-22 23:51:54.084 /testbed/src/flask/app.py:1410 flask.app.Flask.process_response event=line locals={}
2026-08-22 23:51:54.084 /testbed/src/flask/app.py:1415 flask.app.Flask.process_response event=line locals={}
2026-08-22 23:51:54.084 /testbed/src/flask/app.py:1418 flask.app.Flask.process_response event=line locals={}
2026-08-22 23:51:54.084 /testbed/src/flask/app.py:1418 flask.app.Flask.process_response event=return retval=<Response 13 bytes [500 INTERNAL SERVER ERROR]> locals={'ctx': "<AppContext 124556119200016 of runtime_exception_graph, GET 'http://localhost/generated/4'>", 'func': '<function TestIndirectExceptionCallGraph.test_generated_requests_exercise_error_pipeline.<locals>.global_after at 0x71487b39c040>', 'name': 'None', 'response': '<Response 13 bytes [500 INTERNAL SERVER ERROR]>', 'self': "<Flask 'runtime_exception_graph'>"}
2026-08-22 23:51:54.084 /testbed/src/flask/app.py:1042 flask.app.Flask.finalize_request event=line locals={}
2026-08-22 23:51:54.084 /testbed/src/flask/app.py:1043 flask.app.Flask.finalize_request event=line locals={}
2026-08-22 23:51:54.084 /testbed/src/flask/app.py:1042 flask.app.Flask.finalize_request event=line locals={}
2026-08-22 23:51:54.085 /testbed/src/flask/app.py:1051 flask.app.Flask.finalize_request event=line locals={}
2026-08-22 23:51:54.085 /testbed/src/flask/app.py:1051 flask.app.Flask.finalize_request event=return retval=<Response 13 bytes [500 INTERNAL SERVER ERROR]> locals={'ctx': "<AppContext 124556119200016 of runtime_exception_graph, GET 'http://localhost/generated/4'>", 'from_error_handler': 'True', 'response': '<Response 13 bytes [500 INTERNAL SERVER ERROR]>', 'rv': "('failure-869af', '500 INTERNAL SERVER ERROR')", 'self': "<Flask 'runtime_exception_graph'>"}
2026-08-22 23:51:54.085 /testbed/src/flask/app.py:948 flask.app.Flask.handle_exception event=return retval=<Response 13 bytes [500 INTERNAL SERVER ERROR]> locals={'ctx': "<AppContext 124556119200016 of runtime_exception_graph, GET 'http://localhost/generated/4'>", 'e': "RuntimeError('generated failure 2206e')", 'exc_info': "(<class 'RuntimeError'>, RuntimeError('generated failure 2206e'), <traceback object at 0x71487b3d5880>)", 'handler': '<function TestIndirectExceptionCallGraph.test_generated_requests_exercise_error_pipeline.<locals>.convert_unhandled_error at 0x71487b39c720>', 'propagate': 'False', 'self': "<Flask 'runtime_exception_graph'>", 'server_error': "('failure-869af', '500 INTERNAL SERVER ERROR')"}
2026-08-22 23:51:54.093 /testbed/src/flask/app.py:1065 flask.app.Flask.ensure_sync event=call locals={'func': '<function TestIndirectExceptionCallGraph.test_generated_requests_exercise_error_pipeline.<locals>.generated_failure at 0x71487b39c9a0>', 'self': "<Flask 'runtime_exception_graph'>"}
2026-08-22 23:51:54.093 /testbed/src/flask/app.py:1074 flask.app.Flask.ensure_sync event=line locals={}
2026-08-22 23:51:54.093 /testbed/src/flask/app.py:1077 flask.app.Flask.ensure_sync event=line locals={}
2026-08-22 23:51:54.093 /testbed/src/flask/app.py:1077 flask.app.Flask.ensure_sync event=return retval=<function TestIndirectExceptionCallGraph.test_generated_requests_exercise_error_pipeline.<locals>.generated_failure at 0x71487b39c9a0> locals={'func': '<function TestIndirectExceptionCallGraph.test_generated_requests_exercise_error_pipeline.<locals>.generated_failure at 0x71487b39c9a0>', 'self': "<Flask 'runtime_exception_graph'>"}
2026-08-22 23:51:54.094 /testbed/src/flask/app.py:897 flask.app.Flask.handle_exception event=call locals={'ctx': "<AppContext 124556119208208 of runtime_exception_graph, GET 'http://localhost/generated/12'>", 'e': "RuntimeError('generated failure 5e3d4')", 'self': "<Flask 'runtime_exception_graph'>"}
2026-08-22 23:51:54.094 /testbed/src/flask/app.py:925 flask.app.Flask.handle_exception event=line locals={}
2026-08-22 23:51:54.094 /testbed/src/flask/app.py:926 flask.app.Flask.handle_exception event=line locals={'exc_info': "(<class 'RuntimeError'>, RuntimeError('generated failure 5e3d4'), <traceback object at 0x71487b3d7cc0>)"}
2026-08-22 23:51:54.095 /testbed/src/flask/app.py:927 flask.app.Flask.handle_exception event=line locals={}
2026-08-22 23:51:54.095 /testbed/src/flask/app.py:929 flask.app.Flask.handle_exception event=line locals={'propagate': 'False'}
2026-08-22 23:51:54.095 /testbed/src/flask/app.py:932 flask.app.Flask.handle_exception event=line locals={}
2026-08-22 23:51:54.095 /testbed/src/flask/app.py:940 flask.app.Flask.handle_exception event=line locals={}
2026-08-22 23:51:54.095 /testbed/src/flask/app.py:950 flask.app.Flask.log_exception event=call locals={'ctx': "<AppContext 124556119208208 of runtime_exception_graph, GET 'http://localhost/generated/12'>", 'exc_info': "(<class 'RuntimeError'>, RuntimeError('generated failure 5e3d4'), <traceback object at 0x71487b3d7cc0>)", 'self': "<Flask 'runtime_exception_graph'>"}
2026-08-22 23:51:54.095 /testbed/src/flask/app.py:962 flask.app.Flask.log_exception event=line locals={}
2026-08-22 23:51:54.095 /testbed/src/flask/app.py:963 flask.app.Flask.log_exception event=line locals={}
2026-08-22 23:51:54.095 /testbed/src/flask/app.py:962 flask.app.Flask.log_exception event=line locals={}
2026-08-22 23:51:54.095 /testbed/src/flask/app.py:962 flask.app.Flask.log_exception event=return retval=None locals={'ctx': "<AppContext 124556119208208 of runtime_exception_graph, GET 'http://localhost/generated/12'>", 'exc_info': "(<class 'RuntimeError'>, RuntimeError('generated failure 5e3d4'), <traceback object at 0x71487b3d7cc0>)", 'self': "<Flask 'runtime_exception_graph'>"}
2026-08-22 23:51:54.095 /testbed/src/flask/app.py:942 flask.app.Flask.handle_exception event=line locals={}
2026-08-22 23:51:54.095 /testbed/src/flask/app.py:943 flask.app.Flask.handle_exception event=line locals={'server_error': "<InternalServerError '500: Internal Server Error'>"}
2026-08-22 23:51:54.095 /testbed/src/flask/app.py:945 flask.app.Flask.handle_exception event=line locals={'handler': '<function TestIndirectExceptionCallGraph.test_generated_requests_exercise_error_pipeline.<locals>.convert_unhandled_error at 0x71487b39c720>'}
2026-08-22 23:51:54.095 /testbed/src/flask/app.py:946 flask.app.Flask.handle_exception event=line locals={}
2026-08-22 23:51:54.095 /testbed/src/flask/app.py:1065 flask.app.Flask.ensure_sync event=call locals={'func': '<function TestIndirectExceptionCallGraph.test_generated_requests_exercise_error_pipeline.<locals>.convert_unhandled_error at 0x71487b39c720>', 'self': "<Flask 'runtime_exception_graph'>"}
2026-08-22 23:51:54.095 /testbed/src/flask/app.py:1074 flask.app.Flask.ensure_sync event=line locals={}
2026-08-22 23:51:54.095 /testbed/src/flask/app.py:1077 flask.app.Flask.ensure_sync event=line locals={}
2026-08-22 23:51:54.095 /testbed/src/flask/app.py:1077 flask.app.Flask.ensure_sync event=return retval=<function TestIndirectExceptionCallGraph.test_generated_requests_exercise_error_pipeline.<locals>.convert_unhandled_error at 0x71487b39c720> locals={'func': '<function TestIndirectExceptionCallGraph.test_generated_requests_exercise_error_pipeline.<locals>.convert_unhandled_error at 0x71487b39c720>', 'self': "<Flask 'runtime_exception_graph'>"}
2026-08-22 23:51:54.096 /testbed/src/flask/app.py:948 flask.app.Flask.handle_exception event=line locals={'server_error': "({'checksum': 540635, 'mode': 0}, 500)"}
2026-08-22 23:51:54.096 /testbed/src/flask/app.py:1021 flask.app.Flask.finalize_request event=call locals={'ctx': "<AppContext 124556119208208 of runtime_exception_graph, GET 'http://localhost/generated/12'>", 'from_error_handler': 'True', 'rv': "({'checksum': 540635, 'mode': 0}, 500)", 'self': "<Flask 'runtime_exception_graph'>"}
2026-08-22 23:51:54.096 /testbed/src/flask/app.py:1039 flask.app.Flask.finalize_request event=line locals={}
2026-08-22 23:51:54.096 /testbed/src/flask/app.py:1224 flask.app.Flask.make_response event=call locals={'rv': "({'checksum': 540635, 'mode': 0}, 500)", 'self': "<Flask 'runtime_exception_graph'>"}
2026-08-22 23:51:54.096 /testbed/src/flask/app.py:1281 flask.app.Flask.make_response event=line locals={}
2026-08-22 23:51:54.096 /testbed/src/flask/app.py:1282 flask.app.Flask.make_response event=line locals={'status': 'None'}
2026-08-22 23:51:54.096 /testbed/src/flask/app.py:1285 flask.app.Flask.make_response event=line locals={'headers': 'None'}
2026-08-22 23:51:54.096 /testbed/src/flask/app.py:1286 flask.app.Flask.make_response event=line locals={}
2026-08-22 23:51:54.096 /testbed/src/flask/app.py:1289 flask.app.Flask.make_response event=line locals={'len_rv': '2'}
2026-08-22 23:51:54.096 /testbed/src/flask/app.py:1292 flask.app.Flask.make_response event=line locals={}
2026-08-22 23:51:54.096 /testbed/src/flask/app.py:1293 flask.app.Flask.make_response event=line locals={}
2026-08-22 23:51:54.096 /testbed/src/flask/app.py:1296 flask.app.Flask.make_response event=line locals={}
2026-08-22 23:51:54.096 /testbed/src/flask/app.py:1306 flask.app.Flask.make_response event=line locals={'rv': "{'checksum': 540635, 'mode': 0}", 'status': '500'}
2026-08-22 23:51:54.096 /testbed/src/flask/app.py:1314 flask.app.Flask.make_response event=line locals={}
2026-08-22 23:51:54.096 /testbed/src/flask/app.py:1315 flask.app.Flask.make_response event=line locals={}
2026-08-22 23:51:54.096 /testbed/src/flask/app.py:1325 flask.app.Flask.make_response event=line locals={}
2026-08-22 23:51:54.096 /testbed/src/flask/app.py:1326 flask.app.Flask.make_response event=line locals={}
2026-08-22 23:51:54.096 /testbed/src/flask/app.py:1352 flask.app.Flask.make_response event=line locals={'rv': '<Response 29 bytes [200 OK]>'}
2026-08-22 23:51:54.096 /testbed/src/flask/app.py:1354 flask.app.Flask.make_response event=line locals={}
2026-08-22 23:51:54.096 /testbed/src/flask/app.py:1355 flask.app.Flask.make_response event=line locals={}
2026-08-22 23:51:54.096 /testbed/src/flask/app.py:1358 flask.app.Flask.make_response event=line locals={}
2026-08-22 23:51:54.096 /testbed/src/flask/app.py:1361 flask.app.Flask.make_response event=line locals={'rv': '<Response 29 bytes [500 INTERNAL SERVER ERROR]>'}
2026-08-22 23:51:54.096 /testbed/src/flask/app.py:1364 flask.app.Flask.make_response event=line locals={}
2026-08-22 23:51:54.097 /testbed/src/flask/app.py:1364 flask.app.Flask.make_response event=return retval=<Response 29 bytes [500 INTERNAL SERVER ERROR]> locals={'headers': 'None', 'len_rv': '2', 'rv': '<Response 29 bytes [500 INTERNAL SERVER ERROR]>', 'self': "<Flask 'runtime_exception_graph'>", 'status': '500'}
2026-08-22 23:51:54.097 /testbed/src/flask/app.py:1040 flask.app.Flask.finalize_request event=line locals={'response': '<Response 29 bytes [500 INTERNAL SERVER ERROR]>'}
2026-08-22 23:51:54.097 /testbed/src/flask/app.py:1041 flask.app.Flask.finalize_request event=line locals={}
2026-08-22 23:51:54.097 /testbed/src/flask/app.py:1394 flask.app.Flask.process_response event=call locals={'ctx': "<AppContext 124556119208208 of runtime_exception_graph, GET 'http://localhost/generated/12'>", 'response': '<Response 29 bytes [500 INTERNAL SERVER ERROR]>', 'self': "<Flask 'runtime_exception_graph'>"}
2026-08-22 23:51:54.097 /testbed/src/flask/app.py:1407 flask.app.Flask.process_response event=line locals={}
2026-08-22 23:51:54.097 /testbed/src/flask/app.py:1408 flask.app.Flask.process_response event=line locals={'func': '<function TestIndirectExceptionCallGraph.test_generated_requests_exercise_error_pipeline.<locals>.generated_failure.<locals>.local_after at 0x71487b3bde40>'}
2026-08-22 23:51:54.097 /testbed/src/flask/app.py:1065 flask.app.Flask.ensure_sync event=call locals={'func': '<function TestIndirectExceptionCallGraph.test_generated_requests_exercise_error_pipeline.<locals>.generated_failure.<locals>.local_after at 0x71487b3bde40>', 'self': "<Flask 'runtime_exception_graph'>"}
2026-08-22 23:51:54.097 /testbed/src/flask/app.py:1074 flask.app.Flask.ensure_sync event=line locals={}
2026-08-22 23:51:54.097 /testbed/src/flask/app.py:1077 flask.app.Flask.ensure_sync event=line locals={}
2026-08-22 23:51:54.097 /testbed/src/flask/app.py:1077 flask.app.Flask.ensure_sync event=return retval=<function TestIndirectExceptionCallGraph.test_generated_requests_exercise_error_pipeline.<locals>.generated_failure.<locals>.local_after at 0x71487b3bde40> locals={'func': '<function TestIndirectExceptionCallGraph.test_generated_requests_exercise_error_pipeline.<locals>.generated_failure.<locals>.local_after at 0x71487b3bde40>', 'self': "<Flask 'runtime_exception_graph'>"}
2026-08-22 23:51:54.097 /testbed/src/flask/app.py:1407 flask.app.Flask.process_response event=line locals={}
2026-08-22 23:51:54.097 /testbed/src/flask/app.py:1408 flask.app.Flask.process_response event=line locals={'func': '<function TestIndirectExceptionCallGraph.test_generated_requests_exercise_error_pipeline.<locals>.generated_failure.<locals>.local_after at 0x71487b3bdee0>'}
2026-08-22 23:51:54.097 /testbed/src/flask/app.py:1065 flask.app.Flask.ensure_sync event=call locals={'func': '<function TestIndirectExceptionCallGraph.test_generated_requests_exercise_error_pipeline.<locals>.generated_failure.<locals>.local_after at 0x71487b3bdee0>', 'self': "<Flask 'runtime_exception_graph'>"}
2026-08-22 23:51:54.097 /testbed/src/flask/app.py:1074 flask.app.Flask.ensure_sync event=line locals={}
2026-08-22 23:51:54.097 /testbed/src/flask/app.py:1077 flask.app.Flask.ensure_sync event=line locals={}
2026-08-22 23:51:54.097 /testbed/src/flask/app.py:1077 flask.app.Flask.ensure_sync event=return retval=<function TestIndirectExceptionCallGraph.test_generated_requests_exercise_error_pipeline.<locals>.generated_failure.<locals>.local_after at 0x71487b3bdee0> locals={'func': '<function TestIndirectExceptionCallGraph.test_generated_requests_exercise_error_pipeline.<locals>.generated_failure.<locals>.local_after at 0x71487b3bdee0>', 'self': "<Flask 'runtime_exception_graph'>"}
2026-08-22 23:51:54.097 /testbed/src/flask/app.py:1407 flask.app.Flask.process_response event=line locals={}
2026-08-22 23:51:54.097 /testbed/src/flask/app.py:1408 flask.app.Flask.process_response event=line locals={'func': '<function TestIndirectExceptionCallGraph.test_generated_requests_exercise_error_pipeline.<locals>.generated_failure.<locals>.local_after at 0x71487b3bdf80>'}
2026-08-22 23:51:54.097 /testbed/src/flask/app.py:1065 flask.app.Flask.ensure_sync event=call locals={'func': '<function TestIndirectExceptionCallGraph.test_generated_requests_exercise_error_pipeline.<locals>.generated_failure.<locals>.local_after at 0x71487b3bdf80>', 'self': "<Flask 'runtime_exception_graph'>"}
2026-08-22 23:51:54.097 /testbed/src/flask/app.py:1074 flask.app.Flask.ensure_sync event=line locals={}
2026-08-22 23:51:54.097 /testbed/src/flask/app.py:1077 flask.app.Flask.ensure_sync event=line locals={}
2026-08-22 23:51:54.097 /testbed/src/flask/app.py:1077 flask.app.Flask.ensure_sync event=return retval=<function TestIndirectExceptionCallGraph.test_generated_requests_exercise_error_pipeline.<locals>.generated_failure.<locals>.local_after at 0x71487b3bdf80> locals={'func': '<function TestIndirectExceptionCallGraph.test_generated_requests_exercise_error_pipeline.<locals>.generated_failure.<locals>.local_after at 0x71487b3bdf80>', 'self': "<Flask 'runtime_exception_graph'>"}
2026-08-22 23:51:54.097 /testbed/src/flask/app.py:1407 flask.app.Flask.process_response event=line locals={}
2026-08-22 23:51:54.097 /testbed/src/flask/app.py:1408 flask.app.Flask.process_response event=line locals={'func': '<function TestIndirectExceptionCallGraph.test_generated_requests_exercise_error_pipeline.<locals>.generated_failure.<locals>.local_after at 0x71487b3be020>'}
2026-08-22 23:51:54.097 /testbed/src/flask/app.py:1065 flask.app.Flask.ensure_sync event=call locals={'func': '<function TestIndirectExceptionCallGraph.test_generated_requests_exercise_error_pipeline.<locals>.generated_failure.<locals>.local_after at 0x71487b3be020>', 'self': "<Flask 'runtime_exception_graph'>"}
2026-08-22 23:51:54.097 /testbed/src/flask/app.py:1074 flask.app.Flask.ensure_sync event=line locals={}
2026-08-22 23:51:54.097 /testbed/src/flask/app.py:1077 flask.app.Flask.ensure_sync event=line locals={}
2026-08-22 23:51:54.097 /testbed/src/flask/app.py:1077 flask.app.Flask.ensure_sync event=return retval=<function TestIndirectExceptionCallGraph.test_generated_requests_exercise_error_pipeline.<locals>.generated_failure.<locals>.local_after at 0x71487b3be020> locals={'func': '<function TestIndirectExceptionCallGraph.test_generated_requests_exercise_error_pipeline.<locals>.generated_failure.<locals>.local_after at 0x71487b3be020>', 'self': "<Flask 'runtime_exception_graph'>"}
2026-08-22 23:51:54.097 /testbed/src/flask/app.py:1407 flask.app.Flask.process_response event=line locals={}
2026-08-22 23:51:54.097 /testbed/src/flask/app.py:1408 flask.app.Flask.process_response event=line locals={'func': '<function TestIndirectExceptionCallGraph.test_generated_requests_exercise_error_pipeline.<locals>.generated_failure.<locals>.local_after at 0x71487b3be0c0>'}
2026-08-22 23:51:54.097 /testbed/src/flask/app.py:1065 flask.app.Flask.ensure_sync event=call locals={'func': '<function TestIndirectExceptionCallGraph.test_generated_requests_exercise_error_pipeline.<locals>.generated_failure.<locals>.local_after at 0x71487b3be0c0>', 'self': "<Flask 'runtime_exception_graph'>"}
2026-08-22 23:51:54.097 /testbed/src/flask/app.py:1074 flask.app.Flask.ensure_sync event=line locals={}
2026-08-22 23:51:54.097 /testbed/src/flask/app.py:1077 flask.app.Flask.ensure_sync event=line locals={}
2026-08-22 23:51:54.097 /testbed/src/flask/app.py:1077 flask.app.Flask.ensure_sync event=return retval=<function TestIndirectExceptionCallGraph.test_generated_requests_exercise_error_pipeline.<locals>.generated_failure.<locals>.local_after at 0x71487b3be0c0> locals={'func': '<function TestIndirectExceptionCallGraph.test_generated_requests_exercise_error_pipeline.<locals>.generated_failure.<locals>.local_after at 0x71487b3be0c0>', 'self': "<Flask 'runtime_exception_graph'>"}
2026-08-22 23:51:54.097 /testbed/src/flask/app.py:1407 flask.app.Flask.process_response event=line locals={}
2026-08-22 23:51:54.097 /testbed/src/flask/app.py:1408 flask.app.Flask.process_response event=line locals={'func': '<function TestIndirectExceptionCallGraph.test_generated_requests_exercise_error_pipeline.<locals>.generated_failure.<locals>.local_after at 0x71487b3be160>'}
2026-08-22 23:51:54.097 /testbed/src/flask/app.py:1065 flask.app.Flask.ensure_sync event=call locals={'func': '<function TestIndirectExceptionCallGraph.test_generated_requests_exercise_error_pipeline.<locals>.generated_failure.<locals>.local_after at 0x71487b3be160>', 'self': "<Flask 'runtime_exception_graph'>"}
2026-08-22 23:51:54.097 /testbed/src/flask/app.py:1074 flask.app.Flask.ensure_sync event=line locals={}
2026-08-22 23:51:54.097 /testbed/src/flask/app.py:1077 flask.app.Flask.ensure_sync event=line locals={}
2026-08-22 23:51:54.097 /testbed/src/flask/app.py:1077 flask.app.Flask.ensure_sync event=return retval=<function TestIndirectExceptionCallGraph.test_generated_requests_exercise_error_pipeline.<locals>.generated_failure.<locals>.local_after at 0x71487b3be160> locals={'func': '<function TestIndirectExceptionCallGraph.test_generated_requests_exercise_error_pipeline.<locals>.generated_failure.<locals>.local_after at 0x71487b3be160>', 'self': "<Flask 'runtime_exception_graph'>"}
2026-08-22 23:51:54.097 /testbed/src/flask/app.py:1407 flask.app.Flask.process_response event=line locals={}
2026-08-22 23:51:54.097 /testbed/src/flask/app.py:1408 flask.app.Flask.process_response event=line locals={'func': '<function TestIndirectExceptionCallGraph.test_generated_requests_exercise_error_pipeline.<locals>.generated_failure.<locals>.local_after at 0x71487b3be200>'}
2026-08-22 23:51:54.097 /testbed/src/flask/app.py:1065 flask.app.Flask.ensure_sync event=call locals={'func': '<function TestIndirectExceptionCallGraph.test_generated_requests_exercise_error_pipeline.<locals>.generated_failure.<locals>.local_after at 0x71487b3be200>', 'self': "<Flask 'runtime_exception_graph'>"}
2026-08-22 23:51:54.097 /testbed/src/flask/app.py:1074 flask.app.Flask.ensure_sync event=line locals={}
2026-08-22 23:51:54.098 /testbed/src/flask/app.py:1077 flask.app.Flask.ensure_sync event=line locals={}
2026-08-22 23:51:54.098 /testbed/src/flask/app.py:1077 flask.app.Flask.ensure_sync event=return retval=<function TestIndirectExceptionCallGraph.test_generated_requests_exercise_error_pipeline.<locals>.generated_failure.<locals>.local_after at 0x71487b3be200> locals={'func': '<function TestIndirectExceptionCallGraph.test_generated_requests_exercise_error_pipeline.<locals>.generated_failure.<locals>.local_after at 0x71487b3be200>', 'self': "<Flask 'runtime_exception_graph'>"}
2026-08-22 23:51:54.098 /testbed/src/flask/app.py:1407 flask.app.Flask.process_response event=line locals={}
2026-08-22 23:51:54.098 /testbed/src/flask/app.py:1410 flask.app.Flask.process_response event=line locals={}
2026-08-22 23:51:54.098 /testbed/src/flask/app.py:1411 flask.app.Flask.process_response event=line locals={'name': 'None'}
2026-08-22 23:51:54.098 /testbed/src/flask/app.py:1412 flask.app.Flask.process_response event=line locals={}
2026-08-22 23:51:54.098 /testbed/src/flask/app.py:1413 flask.app.Flask.process_response event=line locals={'func': '<function TestIndirectExceptionCallGraph.test_generated_requests_exercise_error_pipeline.<locals>.global_after at 0x71487b39c5e0>'}
2026-08-22 23:51:54.098 /testbed/src/flask/app.py:1065 flask.app.Flask.ensure_sync event=call locals={'func': '<function TestIndirectExceptionCallGraph.test_generated_requests_exercise_error_pipeline.<locals>.global_after at 0x71487b39c5e0>', 'self': "<Flask 'runtime_exception_graph'>"}
2026-08-22 23:51:54.098 /testbed/src/flask/app.py:1074 flask.app.Flask.ensure_sync event=line locals={}
2026-08-22 23:51:54.098 /testbed/src/flask/app.py:1077 flask.app.Flask.ensure_sync event=line locals={}
2026-08-22 23:51:54.098 /testbed/src/flask/app.py:1077 flask.app.Flask.ensure_sync event=return retval=<function TestIndirectExceptionCallGraph.test_generated_requests_exercise_error_pipeline.<locals>.global_after at 0x71487b39c5e0> locals={'func': '<function TestIndirectExceptionCallGraph.test_generated_requests_exercise_error_pipeline.<locals>.global_after at 0x71487b39c5e0>', 'self': "<Flask 'runtime_exception_graph'>"}
2026-08-22 23:51:54.098 /testbed/src/flask/app.py:1412 flask.app.Flask.process_response event=line locals={}
2026-08-22 23:51:54.098 /testbed/src/flask/app.py:1413 flask.app.Flask.process_response event=line locals={'func': '<function TestIndirectExceptionCallGraph.test_generated_requests_exercise_error_pipeline.<locals>.global_after at 0x71487b39c540>'}
2026-08-22 23:51:54.098 /testbed/src/flask/app.py:1065 flask.app.Flask.ensure_sync event=call locals={'func': '<function TestIndirectExceptionCallGraph.test_generated_requests_exercise_error_pipeline.<locals>.global_after at 0x71487b39c540>', 'self': "<Flask 'runtime_exception_graph'>"}
2026-08-22 23:51:54.098 /testbed/src/flask/app.py:1074 flask.app.Flask.ensure_sync event=line locals={}
2026-08-22 23:51:54.098 /testbed/src/flask/app.py:1077 flask.app.Flask.ensure_sync event=line locals={}
2026-08-22 23:51:54.098 /testbed/src/flask/app.py:1077 flask.app.Flask.ensure_sync event=return retval=<function TestIndirectExceptionCallGraph.test_generated_requests_exercise_error_pipeline.<locals>.global_after at 0x71487b39c540> locals={'func': '<function TestIndirectExceptionCallGraph.test_generated_requests_exercise_error_pipeline.<locals>.global_after at 0x71487b39c540>', 'self': "<Flask 'runtime_exception_graph'>"}
2026-08-22 23:51:54.098 /testbed/src/flask/app.py:1412 flask.app.Flask.process_response event=line locals={}
2026-08-22 23:51:54.098 /testbed/src/flask/app.py:1413 flask.app.Flask.process_response event=line locals={'func': '<function TestIndirectExceptionCallGraph.test_generated_requests_exercise_error_pipeline.<locals>.global_after at 0x71487b39c4a0>'}
2026-08-22 23:51:54.098 /testbed/src/flask/app.py:1065 flask.app.Flask.ensure_sync event=call locals={'func': '<function TestIndirectExceptionCallGraph.test_generated_requests_exercise_error_pipeline.<locals>.global_after at 0x71487b39c4a0>', 'self': "<Flask 'runtime_exception_graph'>"}
2026-08-22 23:51:54.098 /testbed/src/flask/app.py:1074 flask.app.Flask.ensure_sync event=line locals={}
2026-08-22 23:51:54.098 /testbed/src/flask/app.py:1077 flask.app.Flask.ensure_sync event=line locals={}
2026-08-22 23:51:54.098 /testbed/src/flask/app.py:1077 flask.app.Flask.ensure_sync event=return retval=<function TestIndirectExceptionCallGraph.test_generated_requests_exercise_error_pipeline.<locals>.global_after at 0x71487b39c4a0> locals={'func': '<function TestIndirectExceptionCallGraph.test_generated_requests_exercise_error_pipeline.<locals>.global_after at 0x71487b39c4a0>', 'self': "<Flask 'runtime_exception_graph'>"}
2026-08-22 23:51:54.098 /testbed/src/flask/app.py:1412 flask.app.Flask.process_response event=line locals={}
2026-08-22 23:51:54.098 /testbed/src/flask/app.py:1413 flask.app.Flask.process_response event=line locals={'func': '<function TestIndirectExceptionCallGraph.test_generated_requests_exercise_error_pipeline.<locals>.global_after at 0x71487b39c400>'}
2026-08-22 23:51:54.098 /testbed/src/flask/app.py:1065 flask.app.Flask.ensure_sync event=call locals={'func': '<function TestIndirectExceptionCallGraph.test_generated_requests_exercise_error_pipeline.<locals>.global_after at 0x71487b39c400>', 'self': "<Flask 'runtime_exception_graph'>"}
2026-08-22 23:51:54.098 /testbed/src/flask/app.py:1074 flask.app.Flask.ensure_sync event=line locals={}
2026-08-22 23:51:54.098 /testbed/src/flask/app.py:1077 flask.app.Flask.ensure_sync event=line locals={}
2026-08-22 23:51:54.098 /testbed/src/flask/app.py:1077 flask.app.Flask.ensure_sync event=return retval=<function TestIndirectExceptionCallGraph.test_generated_requests_exercise_error_pipeline.<locals>.global_after at 0x71487b39c400> locals={'func': '<function TestIndirectExceptionCallGraph.test_generated_requests_exercise_error_pipeline.<locals>.global_after at 0x71487b39c400>', 'self': "<Flask 'runtime_exception_graph'>"}
2026-08-22 23:51:54.098 /testbed/src/flask/app.py:1412 flask.app.Flask.process_response event=line locals={}
2026-08-22 23:51:54.098 /testbed/src/flask/app.py:1413 flask.app.Flask.process_response event=line locals={'func': '<function TestIndirectExceptionCallGraph.test_generated_requests_exercise_error_pipeline.<locals>.global_after at 0x71487b39c360>'}
2026-08-22 23:51:54.098 /testbed/src/flask/app.py:1065 flask.app.Flask.ensure_sync event=call locals={'func': '<function TestIndirectExceptionCallGraph.test_generated_requests_exercise_error_pipeline.<locals>.global_after at 0x71487b39c360>', 'self': "<Flask 'runtime_exception_graph'>"}
2026-08-22 23:51:54.098 /testbed/src/flask/app.py:1074 flask.app.Flask.ensure_sync event=line locals={}
2026-08-22 23:51:54.098 /testbed/src/flask/app.py:1077 flask.app.Flask.ensure_sync event=line locals={}
2026-08-22 23:51:54.098 /testbed/src/flask/app.py:1077 flask.app.Flask.ensure_sync event=return retval=<function TestIndirectExceptionCallGraph.test_generated_requests_exercise_error_pipeline.<locals>.global_after at 0x71487b39c360> locals={'func': '<function TestIndirectExceptionCallGraph.test_generated_requests_exercise_error_pipeline.<locals>.global_after at 0x71487b39c360>', 'self': "<Flask 'runtime_exception_graph'>"}
2026-08-22 23:51:54.098 /testbed/src/flask/app.py:1412 flask.app.Flask.process_response event=line locals={}
2026-08-22 23:51:54.098 /testbed/src/flask/app.py:1413 flask.app.Flask.process_response event=line locals={'func': '<function TestIndirectExceptionCallGraph.test_generated_requests_exercise_error_pipeline.<locals>.global_after at 0x71487b39c2c0>'}
2026-08-22 23:51:54.098 /testbed/src/flask/app.py:1065 flask.app.Flask.ensure_sync event=call locals={'func': '<function TestIndirectExceptionCallGraph.test_generated_requests_exercise_error_pipeline.<locals>.global_after at 0x71487b39c2c0>', 'self': "<Flask 'runtime_exception_graph'>"}
2026-08-22 23:51:54.098 /testbed/src/flask/app.py:1074 flask.app.Flask.ensure_sync event=line locals={}
2026-08-22 23:51:54.098 /testbed/src/flask/app.py:1077 flask.app.Flask.ensure_sync event=line locals={}
2026-08-22 23:51:54.098 /testbed/src/flask/app.py:1077 flask.app.Flask.ensure_sync event=return retval=<function TestIndirectExceptionCallGraph.test_generated_requests_exercise_error_pipeline.<locals>.global_after at 0x71487b39c2c0> locals={'func': '<function TestIndirectExceptionCallGraph.test_generated_requests_exercise_error_pipeline.<locals>.global_after at 0x71487b39c2c0>', 'self': "<Flask 'runtime_exception_graph'>"}
2026-08-22 23:51:54.099 /testbed/src/flask/app.py:1412 flask.app.Flask.process_response event=line locals={}
2026-08-22 23:51:54.099 /testbed/src/flask/app.py:1413 flask.app.Flask.process_response event=line locals={'func': '<function TestIndirectExceptionCallGraph.test_generated_requests_exercise_error_pipeline.<locals>.global_after at 0x71487b39c220>'}
2026-08-22 23:51:54.099 /testbed/src/flask/app.py:1065 flask.app.Flask.ensure_sync event=call locals={'func': '<function TestIndirectExceptionCallGraph.test_generated_requests_exercise_error_pipeline.<locals>.global_after at 0x71487b39c220>', 'self': "<Flask 'runtime_exception_graph'>"}
2026-08-22 23:51:54.099 /testbed/src/flask/app.py:1074 flask.app.Flask.ensure_sync event=line locals={}
2026-08-22 23:51:54.099 /testbed/src/flask/app.py:1077 flask.app.Flask.ensure_sync event=line locals={}
2026-08-22 23:51:54.099 /testbed/src/flask/app.py:1077 flask.app.Flask.ensure_sync event=return retval=<function TestIndirectExceptionCallGraph.test_generated_requests_exercise_error_pipeline.<locals>.global_after at 0x71487b39c220> locals={'func': '<function TestIndirectExceptionCallGraph.test_generated_requests_exercise_error_pipeline.<locals>.global_after at 0x71487b39c220>', 'self': "<Flask 'runtime_exception_graph'>"}
2026-08-22 23:51:54.099 /testbed/src/flask/app.py:1412 flask.app.Flask.process_response event=line locals={}
2026-08-22 23:51:54.099 /testbed/src/flask/app.py:1413 flask.app.Flask.process_response event=line locals={'func': '<function TestIndirectExceptionCallGraph.test_generated_requests_exercise_error_pipeline.<locals>.global_after at 0x71487b39c180>'}
2026-08-22 23:51:54.099 /testbed/src/flask/app.py:1065 flask.app.Flask.ensure_sync event=call locals={'func': '<function TestIndirectExceptionCallGraph.test_generated_requests_exercise_error_pipeline.<locals>.global_after at 0x71487b39c180>', 'self': "<Flask 'runtime_exception_graph'>"}
2026-08-22 23:51:54.099 /testbed/src/flask/app.py:1074 flask.app.Flask.ensure_sync event=line locals={}
2026-08-22 23:51:54.099 /testbed/src/flask/app.py:1077 flask.app.Flask.ensure_sync event=line locals={}
2026-08-22 23:51:54.099 /testbed/src/flask/app.py:1077 flask.app.Flask.ensure_sync event=return retval=<function TestIndirectExceptionCallGraph.test_generated_requests_exercise_error_pipeline.<locals>.global_after at 0x71487b39c180> locals={'func': '<function TestIndirectExceptionCallGraph.test_generated_requests_exercise_error_pipeline.<locals>.global_after at 0x71487b39c180>', 'self': "<Flask 'runtime_exception_graph'>"}
2026-08-22 23:51:54.099 /testbed/src/flask/app.py:1412 flask.app.Flask.process_response event=line locals={}
2026-08-22 23:51:54.099 /testbed/src/flask/app.py:1413 flask.app.Flask.process_response event=line locals={'func': '<function TestIndirectExceptionCallGraph.test_generated_requests_exercise_error_pipeline.<locals>.global_after at 0x71487b39c040>'}
2026-08-22 23:51:54.099 /testbed/src/flask/app.py:1065 flask.app.Flask.ensure_sync event=call locals={'func': '<function TestIndirectExceptionCallGraph.test_generated_requests_exercise_error_pipeline.<locals>.global_after at 0x71487b39c040>', 'self': "<Flask 'runtime_exception_graph'>"}
2026-08-22 23:51:54.099 /testbed/src/flask/app.py:1074 flask.app.Flask.ensure_sync event=line locals={}
2026-08-22 23:51:54.099 /testbed/src/flask/app.py:1077 flask.app.Flask.ensure_sync event=line locals={}
2026-08-22 23:51:54.099 /testbed/src/flask/app.py:1077 flask.app.Flask.ensure_sync event=return retval=<function TestIndirectExceptionCallGraph.test_generated_requests_exercise_error_pipeline.<locals>.global_after at 0x71487b39c040> locals={'func': '<function TestIndirectExceptionCallGraph.test_generated_requests_exercise_error_pipeline.<locals>.global_after at 0x71487b39c040>', 'self': "<Flask 'runtime_exception_graph'>"}
2026-08-22 23:51:54.099 /testbed/src/flask/app.py:1412 flask.app.Flask.process_response event=line locals={}
2026-08-22 23:51:54.099 /testbed/src/flask/app.py:1410 flask.app.Flask.process_response event=line locals={}
2026-08-22 23:51:54.099 /testbed/src/flask/app.py:1415 flask.app.Flask.process_response event=line locals={}
2026-08-22 23:51:54.099 /testbed/src/flask/app.py:1418 flask.app.Flask.process_response event=line locals={}
2026-08-22 23:51:54.099 /testbed/src/flask/app.py:1418 flask.app.Flask.process_response event=return retval=<Response 29 bytes [500 INTERNAL SERVER ERROR]> locals={'ctx': "<AppContext 124556119208208 of runtime_exception_graph, GET 'http://localhost/generated/12'>", 'func': '<function TestIndirectExceptionCallGraph.test_generated_requests_exercise_error_pipeline.<locals>.global_after at 0x71487b39c040>', 'name': 'None', 'response': '<Response 29 bytes [500 INTERNAL SERVER ERROR]>', 'self': "<Flask 'runtime_exception_graph'>"}
2026-08-22 23:51:54.099 /testbed/src/flask/app.py:1042 flask.app.Flask.finalize_request event=line locals={}
2026-08-22 23:51:54.099 /testbed/src/flask/app.py:1043 flask.app.Flask.finalize_request event=line locals={}
2026-08-22 23:51:54.099 /testbed/src/flask/app.py:1042 flask.app.Flask.finalize_request event=line locals={}
2026-08-22 23:51:54.099 /testbed/src/flask/app.py:1051 flask.app.Flask.finalize_request event=line locals={}
2026-08-22 23:51:54.100 /testbed/src/flask/app.py:1051 flask.app.Flask.finalize_request event=return retval=<Response 29 bytes [500 INTERNAL SERVER ERROR]> locals={'ctx': "<AppContext 124556119208208 of runtime_exception_graph, GET 'http://localhost/generated/12'>", 'from_error_handler': 'True', 'response': '<Response 29 bytes [500 INTERNAL SERVER ERROR]>', 'rv': "({'checksum': 540635, 'mode': 0}, 500)", 'self': "<Flask 'runtime_exception_graph'>"}
2026-08-22 23:51:54.100 /testbed/src/flask/app.py:948 flask.app.Flask.handle_exception event=return retval=<Response 29 bytes [500 INTERNAL SERVER ERROR]> locals={'ctx': "<AppContext 124556119208208 of runtime_exception_graph, GET 'http://localhost/generated/12'>", 'e': "RuntimeError('generated failure 5e3d4')", 'exc_info': "(<class 'RuntimeError'>, RuntimeError('generated failure 5e3d4'), <traceback object at 0x71487b3d7cc0>)", 'handler': '<function TestIndirectExceptionCallGraph.test_generated_requests_exercise_error_pipeline.<locals>.convert_unhandled_error at 0x71487b39c720>', 'propagate': 'False', 'self': "<Flask 'runtime_exception_graph'>", 'server_error': "({'checksum': 540635, 'mode': 0}, 500)"}
2026-08-22 23:51:54.108 /testbed/src/flask/app.py:1065 flask.app.Flask.ensure_sync event=call locals={'func': '<function TestIndirectExceptionCallGraph.test_generated_requests_exercise_error_pipeline.<locals>.generated_failure at 0x71487b39c9a0>', 'self': "<Flask 'runtime_exception_graph'>"}
2026-08-22 23:51:54.108 /testbed/src/flask/app.py:1074 flask.app.Flask.ensure_sync event=line locals={}
2026-08-22 23:51:54.108 /testbed/src/flask/app.py:1077 flask.app.Flask.ensure_sync event=line locals={}
2026-08-22 23:51:54.108 /testbed/src/flask/app.py:1077 flask.app.Flask.ensure_sync event=return retval=<function TestIndirectExceptionCallGraph.test_generated_requests_exercise_error_pipeline.<locals>.generated_failure at 0x71487b39c9a0> locals={'func': '<function TestIndirectExceptionCallGraph.test_generated_requests_exercise_error_pipeline.<locals>.generated_failure at 0x71487b39c9a0>', 'self': "<Flask 'runtime_exception_graph'>"}
2026-08-22 23:51:54.109 /testbed/src/flask/app.py:897 flask.app.Flask.handle_exception event=call locals={'ctx': "<AppContext 124556119267536 of runtime_exception_graph, GET 'http://localhost/generated/0'>", 'e': "RuntimeError('generated failure 51289')", 'self': "<Flask 'runtime_exception_graph'>"}
2026-08-22 23:51:54.109 /testbed/src/flask/app.py:925 flask.app.Flask.handle_exception event=line locals={}
2026-08-22 23:51:54.109 /testbed/src/flask/app.py:926 flask.app.Flask.handle_exception event=line locals={'exc_info': "(<class 'RuntimeError'>, RuntimeError('generated failure 51289'), <traceback object at 0x71487b3e6400>)"}
2026-08-22 23:51:54.110 /testbed/src/flask/app.py:927 flask.app.Flask.handle_exception event=line locals={}
2026-08-22 23:51:54.110 /testbed/src/flask/app.py:929 flask.app.Flask.handle_exception event=line locals={'propagate': 'False'}
2026-08-22 23:51:54.110 /testbed/src/flask/app.py:932 flask.app.Flask.handle_exception event=line locals={}
2026-08-22 23:51:54.110 /testbed/src/flask/app.py:940 flask.app.Flask.handle_exception event=line locals={}
2026-08-22 23:51:54.110 /testbed/src/flask/app.py:950 flask.app.Flask.log_exception event=call locals={'ctx': "<AppContext 124556119267536 of runtime_exception_graph, GET 'http://localhost/generated/0'>", 'exc_info': "(<class 'RuntimeError'>, RuntimeError('generated failure 51289'), <traceback object at 0x71487b3e6400>)", 'self': "<Flask 'runtime_exception_graph'>"}
2026-08-22 23:51:54.110 /testbed/src/flask/app.py:962 flask.app.Flask.log_exception event=line locals={}
2026-08-22 23:51:54.110 /testbed/src/flask/app.py:963 flask.app.Flask.log_exception event=line locals={}
2026-08-22 23:51:54.110 /testbed/src/flask/app.py:962 flask.app.Flask.log_exception event=line locals={}
2026-08-22 23:51:54.110 /testbed/src/flask/app.py:962 flask.app.Flask.log_exception event=return retval=None locals={'ctx': "<AppContext 124556119267536 of runtime_exception_graph, GET 'http://localhost/generated/0'>", 'exc_info': "(<class 'RuntimeError'>, RuntimeError('generated failure 51289'), <traceback object at 0x71487b3e6400>)", 'self': "<Flask 'runtime_exception_graph'>"}
2026-08-22 23:51:54.110 /testbed/src/flask/app.py:942 flask.app.Flask.handle_exception event=line locals={}
2026-08-22 23:51:54.110 /testbed/src/flask/app.py:943 flask.app.Flask.handle_exception event=line locals={'server_error': "<InternalServerError '500: Internal Server Error'>"}
2026-08-22 23:51:54.110 /testbed/src/flask/app.py:945 flask.app.Flask.handle_exception event=line locals={'handler': '<function TestIndirectExceptionCallGraph.test_generated_requests_exercise_error_pipeline.<locals>.convert_unhandled_error at 0x71487b39c720>'}
2026-08-22 23:51:54.110 /testbed/src/flask/app.py:946 flask.app.Flask.handle_exception event=line locals={}
2026-08-22 23:51:54.110 /testbed/src/flask/app.py:1065 flask.app.Flask.ensure_sync event=call locals={'func': '<function TestIndirectExceptionCallGraph.test_generated_requests_exercise_error_pipeline.<locals>.convert_unhandled_error at 0x71487b39c720>', 'self': "<Flask 'runtime_exception_graph'>"}
2026-08-22 23:51:54.110 /testbed/src/flask/app.py:1074 flask.app.Flask.ensure_sync event=line locals={}
2026-08-22 23:51:54.110 /testbed/src/flask/app.py:1077 flask.app.Flask.ensure_sync event=line locals={}
2026-08-22 23:51:54.110 /testbed/src/flask/app.py:1077 flask.app.Flask.ensure_sync event=return retval=<function TestIndirectExceptionCallGraph.test_generated_requests_exercise_error_pipeline.<locals>.convert_unhandled_error at 0x71487b39c720> locals={'func': '<function TestIndirectExceptionCallGraph.test_generated_requests_exercise_error_pipeline.<locals>.convert_unhandled_error at 0x71487b39c720>', 'self': "<Flask 'runtime_exception_graph'>"}
2026-08-22 23:51:54.110 /testbed/src/flask/app.py:948 flask.app.Flask.handle_exception event=line locals={'server_error': "([694392, 1, 18], 500, {'X-QA-Mode': '1'})"}
2026-08-22 23:51:54.110 /testbed/src/flask/app.py:1021 flask.app.Flask.finalize_request event=call locals={'ctx': "<AppContext 124556119267536 of runtime_exception_graph, GET 'http://localhost/generated/0'>", 'from_error_handler': 'True', 'rv': "([694392, 1, 18], 500, {'X-QA-Mode': '1'})", 'self': "<Flask 'runtime_exception_graph'>"}
2026-08-22 23:51:54.110 /testbed/src/flask/app.py:1039 flask.app.Flask.finalize_request event=line locals={}
2026-08-22 23:51:54.110 /testbed/src/flask/app.py:1224 flask.app.Flask.make_response event=call locals={'rv': "([694392, 1, 18], 500, {'X-QA-Mode': '1'})", 'self': "<Flask 'runtime_exception_graph'>"}
2026-08-22 23:51:54.110 /testbed/src/flask/app.py:1281 flask.app.Flask.make_response event=line locals={}
2026-08-22 23:51:54.110 /testbed/src/flask/app.py:1282 flask.app.Flask.make_response event=line locals={'status': 'None'}
2026-08-22 23:51:54.110 /testbed/src/flask/app.py:1285 flask.app.Flask.make_response event=line locals={'headers': 'None'}
2026-08-22 23:51:54.110 /testbed/src/flask/app.py:1286 flask.app.Flask.make_response event=line locals={}
2026-08-22 23:51:54.111 /testbed/src/flask/app.py:1289 flask.app.Flask.make_response event=line locals={'len_rv': '3'}
2026-08-22 23:51:54.111 /testbed/src/flask/app.py:1290 flask.app.Flask.make_response event=line locals={}
2026-08-22 23:51:54.111 /testbed/src/flask/app.py:1306 flask.app.Flask.make_response event=line locals={'headers': "{'X-QA-Mode': '1'}", 'rv': '[694392, 1, 18]', 'status': '500'}
2026-08-22 23:51:54.111 /testbed/src/flask/app.py:1314 flask.app.Flask.make_response event=line locals={}
2026-08-22 23:51:54.111 /testbed/src/flask/app.py:1315 flask.app.Flask.make_response event=line locals={}
2026-08-22 23:51:54.111 /testbed/src/flask/app.py:1325 flask.app.Flask.make_response event=line locals={}
2026-08-22 23:51:54.111 /testbed/src/flask/app.py:1326 flask.app.Flask.make_response event=line locals={}
2026-08-22 23:51:54.111 /testbed/src/flask/app.py:1352 flask.app.Flask.make_response event=line locals={'rv': '<Response 14 bytes [200 OK]>'}
2026-08-22 23:51:54.111 /testbed/src/flask/app.py:1354 flask.app.Flask.make_response event=line locals={}
2026-08-22 23:51:54.111 /testbed/src/flask/app.py:1355 flask.app.Flask.make_response event=line locals={}
2026-08-22 23:51:54.111 /testbed/src/flask/app.py:1358 flask.app.Flask.make_response event=line locals={}
2026-08-22 23:51:54.111 /testbed/src/flask/app.py:1361 flask.app.Flask.make_response event=line locals={'rv': '<Response 14 bytes [500 INTERNAL SERVER ERROR]>'}
2026-08-22 23:51:54.111 /testbed/src/flask/app.py:1362 flask.app.Flask.make_response event=line locals={}
2026-08-22 23:51:54.111 /testbed/src/flask/app.py:1364 flask.app.Flask.make_response event=line locals={}
2026-08-22 23:51:54.111 /testbed/src/flask/app.py:1364 flask.app.Flask.make_response event=return retval=<Response 14 bytes [500 INTERNAL SERVER ERROR]> locals={'headers': "{'X-QA-Mode': '1'}", 'len_rv': '3', 'rv': '<Response 14 bytes [500 INTERNAL SERVER ERROR]>', 'self': "<Flask 'runtime_exception_graph'>", 'status': '500'}
2026-08-22 23:51:54.112 /testbed/src/flask/app.py:1040 flask.app.Flask.finalize_request event=line locals={'response': '<Response 14 bytes [500 INTERNAL SERVER ERROR]>'}
2026-08-22 23:51:54.112 /testbed/src/flask/app.py:1041 flask.app.Flask.finalize_request event=line locals={}
2026-08-22 23:51:54.112 /testbed/src/flask/app.py:1394 flask.app.Flask.process_response event=call locals={'ctx': "<AppContext 124556119267536 of runtime_exception_graph, GET 'http://localhost/generated/0'>", 'response': '<Response 14 bytes [500 INTERNAL SERVER ERROR]>', 'self': "<Flask 'runtime_exception_graph'>"}
2026-08-22 23:51:54.112 /testbed/src/flask/app.py:1407 flask.app.Flask.process_response event=line locals={}
2026-08-22 23:51:54.112 /testbed/src/flask/app.py:1408 flask.app.Flask.process_response event=line locals={'func': '<function TestIndirectExceptionCallGraph.test_generated_requests_exercise_error_pipeline.<locals>.generated_failure.<locals>.local_after at 0x71487b3be520>'}
2026-08-22 23:51:54.112 /testbed/src/flask/app.py:1065 flask.app.Flask.ensure_sync event=call locals={'func': '<function TestIndirectExceptionCallGraph.test_generated_requests_exercise_error_pipeline.<locals>.generated_failure.<locals>.local_after at 0x71487b3be520>', 'self': "<Flask 'runtime_exception_graph'>"}
2026-08-22 23:51:54.112 /testbed/src/flask/app.py:1074 flask.app.Flask.ensure_sync event=line locals={}
2026-08-22 23:51:54.112 /testbed/src/flask/app.py:1077 flask.app.Flask.ensure_sync event=line locals={}
2026-08-22 23:51:54.112 /testbed/src/flask/app.py:1077 flask.app.Flask.ensure_sync event=return retval=<function TestIndirectExceptionCallGraph.test_generated_requests_exercise_error_pipeline.<locals>.generated_failure.<locals>.local_after at 0x71487b3be520> locals={'func': '<function TestIndirectExceptionCallGraph.test_generated_requests_exercise_error_pipeline.<locals>.generated_failure.<locals>.local_after at 0x71487b3be520>', 'self': "<Flask 'runtime_exception_graph'>"}
2026-08-22 23:51:54.112 /testbed/src/flask/app.py:1407 flask.app.Flask.process_response event=line locals={}
2026-08-22 23:51:54.112 /testbed/src/flask/app.py:1408 flask.app.Flask.process_response event=line locals={'func': '<function TestIndirectExceptionCallGraph.test_generated_requests_exercise_error_pipeline.<locals>.generated_failure.<locals>.local_after at 0x71487b3be5c0>'}
2026-08-22 23:51:54.112 /testbed/src/flask/app.py:1065 flask.app.Flask.ensure_sync event=call locals={'func': '<function TestIndirectExceptionCallGraph.test_generated_requests_exercise_error_pipeline.<locals>.generated_failure.<locals>.local_after at 0x71487b3be5c0>', 'self': "<Flask 'runtime_exception_graph'>"}
2026-08-22 23:51:54.112 /testbed/src/flask/app.py:1074 flask.app.Flask.ensure_sync event=line locals={}
2026-08-22 23:51:54.112 /testbed/src/flask/app.py:1077 flask.app.Flask.ensure_sync event=line locals={}
2026-08-22 23:51:54.112 /testbed/src/flask/app.py:1077 flask.app.Flask.ensure_sync event=return retval=<function TestIndirectExceptionCallGraph.test_generated_requests_exercise_error_pipeline.<locals>.generated_failure.<locals>.local_after at 0x71487b3be5c0> locals={'func': '<function TestIndirectExceptionCallGraph.test_generated_requests_exercise_error_pipeline.<locals>.generated_failure.<locals>.local_after at 0x71487b3be5c0>', 'self': "<Flask 'runtime_exception_graph'>"}
2026-08-22 23:51:54.112 /testbed/src/flask/app.py:1407 flask.app.Flask.process_response event=line locals={}
2026-08-22 23:51:54.112 /testbed/src/flask/app.py:1408 flask.app.Flask.process_response event=line locals={'func': '<function TestIndirectExceptionCallGraph.test_generated_requests_exercise_error_pipeline.<locals>.generated_failure.<locals>.local_after at 0x71487b3be660>'}
2026-08-22 23:51:54.112 /testbed/src/flask/app.py:1065 flask.app.Flask.ensure_sync event=call locals={'func': '<function TestIndirectExceptionCallGraph.test_generated_requests_exercise_error_pipeline.<locals>.generated_failure.<locals>.local_after at 0x71487b3be660>', 'self': "<Flask 'runtime_exception_graph'>"}
2026-08-22 23:51:54.112 /testbed/src/flask/app.py:1074 flask.app.Flask.ensure_sync event=line locals={}
2026-08-22 23:51:54.112 /testbed/src/flask/app.py:1077 flask.app.Flask.ensure_sync event=line locals={}
2026-08-22 23:51:54.112 /testbed/src/flask/app.py:1077 flask.app.Flask.ensure_sync event=return retval=<function TestIndirectExceptionCallGraph.test_generated_requests_exercise_error_pipeline.<locals>.generated_failure.<locals>.local_after at 0x71487b3be660> locals={'func': '<function TestIndirectExceptionCallGraph.test_generated_requests_exercise_error_pipeline.<locals>.generated_failure.<locals>.local_after at 0x71487b3be660>', 'self': "<Flask 'runtime_exception_graph'>"}
2026-08-22 23:51:54.112 /testbed/src/flask/app.py:1407 flask.app.Flask.process_response event=line locals={}
2026-08-22 23:51:54.112 /testbed/src/flask/app.py:1408 flask.app.Flask.process_response event=line locals={'func': '<function TestIndirectExceptionCallGraph.test_generated_requests_exercise_error_pipeline.<locals>.generated_failure.<locals>.local_after at 0x71487b3be700>'}
2026-08-22 23:51:54.112 /testbed/src/flask/app.py:1065 flask.app.Flask.ensure_sync event=call locals={'func': '<function TestIndirectExceptionCallGraph.test_generated_requests_exercise_error_pipeline.<locals>.generated_failure.<locals>.local_after at 0x71487b3be700>', 'self': "<Flask 'runtime_exception_graph'>"}
2026-08-22 23:51:54.112 /testbed/src/flask/app.py:1074 flask.app.Flask.ensure_sync event=line locals={}
2026-08-22 23:51:54.112 /testbed/src/flask/app.py:1077 flask.app.Flask.ensure_sync event=line locals={}
2026-08-22 23:51:54.112 /testbed/src/flask/app.py:1077 flask.app.Flask.ensure_sync event=return retval=<function TestIndirectExceptionCallGraph.test_generated_requests_exercise_error_pipeline.<locals>.generated_failure.<locals>.local_after at 0x71487b3be700> locals={'func': '<function TestIndirectExceptionCallGraph.test_generated_requests_exercise_error_pipeline.<locals>.generated_failure.<locals>.local_after at 0x71487b3be700>', 'self': "<Flask 'runtime_exception_graph'>"}
2026-08-22 23:51:54.112 /testbed/src/flask/app.py:1407 flask.app.Flask.process_response event=line locals={}
2026-08-22 23:51:54.112 /testbed/src/flask/app.py:1408 flask.app.Flask.process_response event=line locals={'func': '<function TestIndirectExceptionCallGraph.test_generated_requests_exercise_error_pipeline.<locals>.generated_failure.<locals>.local_after at 0x71487b3be7a0>'}
2026-08-22 23:51:54.112 /testbed/src/flask/app.py:1065 flask.app.Flask.ensure_sync event=call locals={'func': '<function TestIndirectExceptionCallGraph.test_generated_requests_exercise_error_pipeline.<locals>.generated_failure.<locals>.local_after at 0x71487b3be7a0>', 'self': "<Flask 'runtime_exception_graph'>"}
2026-08-22 23:51:54.112 /testbed/src/flask/app.py:1074 flask.app.Flask.ensure_sync event=line locals={}
2026-08-22 23:51:54.112 /testbed/src/flask/app.py:1077 flask.app.Flask.ensure_sync event=line locals={}
2026-08-22 23:51:54.112 /testbed/src/flask/app.py:1077 flask.app.Flask.ensure_sync event=return retval=<function TestIndirectExceptionCallGraph.test_generated_requests_exercise_error_pipeline.<locals>.generated_failure.<locals>.local_after at 0x71487b3be7a0> locals={'func': '<function TestIndirectExceptionCallGraph.test_generated_requests_exercise_error_pipeline.<locals>.generated_failure.<locals>.local_after at 0x71487b3be7a0>', 'self': "<Flask 'runtime_exception_graph'>"}
2026-08-22 23:51:54.112 /testbed/src/flask/app.py:1407 flask.app.Flask.process_response event=line locals={}
2026-08-22 23:51:54.112 /testbed/src/flask/app.py:1408 flask.app.Flask.process_response event=line locals={'func': '<function TestIndirectExceptionCallGraph.test_generated_requests_exercise_error_pipeline.<locals>.generated_failure.<locals>.local_after at 0x71487b3be840>'}
2026-08-22 23:51:54.112 /testbed/src/flask/app.py:1065 flask.app.Flask.ensure_sync event=call locals={'func': '<function TestIndirectExceptionCallGraph.test_generated_requests_exercise_error_pipeline.<locals>.generated_failure.<locals>.local_after at 0x71487b3be840>', 'self': "<Flask 'runtime_exception_graph'>"}
2026-08-22 23:51:54.112 /testbed/src/flask/app.py:1074 flask.app.Flask.ensure_sync event=line locals={}
2026-08-22 23:51:54.112 /testbed/src/flask/app.py:1077 flask.app.Flask.ensure_sync event=line locals={}
2026-08-22 23:51:54.112 /testbed/src/flask/app.py:1077 flask.app.Flask.ensure_sync event=return retval=<function TestIndirectExceptionCallGraph.test_generated_requests_exercise_error_pipeline.<locals>.generated_failure.<locals>.local_after at 0x71487b3be840> locals={'func': '<function TestIndirectExceptionCallGraph.test_generated_requests_exercise_error_pipeline.<locals>.generated_failure.<locals>.local_after at 0x71487b3be840>', 'self': "<Flask 'runtime_exception_graph'>"}
2026-08-22 23:51:54.112 /testbed/src/flask/app.py:1407 flask.app.Flask.process_response event=line locals={}
2026-08-22 23:51:54.112 /testbed/src/flask/app.py:1408 flask.app.Flask.process_response event=line locals={'func': '<function TestIndirectExceptionCallGraph.test_generated_requests_exercise_error_pipeline.<locals>.generated_failure.<locals>.local_after at 0x71487b3be8e0>'}
2026-08-22 23:51:54.112 /testbed/src/flask/app.py:1065 flask.app.Flask.ensure_sync event=call locals={'func': '<function TestIndirectExceptionCallGraph.test_generated_requests_exercise_error_pipeline.<locals>.generated_failure.<locals>.local_after at 0x71487b3be8e0>', 'self': "<Flask 'runtime_exception_graph'>"}
2026-08-22 23:51:54.112 /testbed/src/flask/app.py:1074 flask.app.Flask.ensure_sync event=line locals={}
2026-08-22 23:51:54.112 /testbed/src/flask/app.py:1077 flask.app.Flask.ensure_sync event=line locals={}
2026-08-22 23:51:54.113 /testbed/src/flask/app.py:1077 flask.app.Flask.ensure_sync event=return retval=<function TestIndirectExceptionCallGraph.test_generated_requests_exercise_error_pipeline.<locals>.generated_failure.<locals>.local_after at 0x71487b3be8e0> locals={'func': '<function TestIndirectExceptionCallGraph.test_generated_requests_exercise_error_pipeline.<locals>.generated_failure.<locals>.local_after at 0x71487b3be8e0>', 'self': "<Flask 'runtime_exception_graph'>"}
2026-08-22 23:51:54.113 /testbed/src/flask/app.py:1407 flask.app.Flask.process_response event=line locals={}
2026-08-22 23:51:54.113 /testbed/src/flask/app.py:1408 flask.app.Flask.process_response event=line locals={'func': '<function TestIndirectExceptionCallGraph.test_generated_requests_exercise_error_pipeline.<locals>.generated_failure.<locals>.local_after at 0x71487b3be980>'}
2026-08-22 23:51:54.113 /testbed/src/flask/app.py:1065 flask.app.Flask.ensure_sync event=call locals={'func': '<function TestIndirectExceptionCallGraph.test_generated_requests_exercise_error_pipeline.<locals>.generated_failure.<locals>.local_after at 0x71487b3be980>', 'self': "<Flask 'runtime_exception_graph'>"}
2026-08-22 23:51:54.113 /testbed/src/flask/app.py:1074 flask.app.Flask.ensure_sync event=line locals={}
2026-08-22 23:51:54.113 /testbed/src/flask/app.py:1077 flask.app.Flask.ensure_sync event=line locals={}
2026-08-22 23:51:54.113 /testbed/src/flask/app.py:1077 flask.app.Flask.ensure_sync event=return retval=<function TestIndirectExceptionCallGraph.test_generated_requests_exercise_error_pipeline.<locals>.generated_failure.<locals>.local_after at 0x71487b3be980> locals={'func': '<function TestIndirectExceptionCallGraph.test_generated_requests_exercise_error_pipeline.<locals>.generated_failure.<locals>.local_after at 0x71487b3be980>', 'self': "<Flask 'runtime_exception_graph'>"}
2026-08-22 23:51:54.113 /testbed/src/flask/app.py:1407 flask.app.Flask.process_response event=line locals={}
2026-08-22 23:51:54.113 /testbed/src/flask/app.py:1408 flask.app.Flask.process_response event=line locals={'func': '<function TestIndirectExceptionCallGraph.test_generated_requests_exercise_error_pipeline.<locals>.generated_failure.<locals>.local_after at 0x71487b3bea20>'}
2026-08-22 23:51:54.113 /testbed/src/flask/app.py:1065 flask.app.Flask.ensure_sync event=call locals={'func': '<function TestIndirectExceptionCallGraph.test_generated_requests_exercise_error_pipeline.<locals>.generated_failure.<locals>.local_after at 0x71487b3bea20>', 'self': "<Flask 'runtime_exception_graph'>"}
2026-08-22 23:51:54.113 /testbed/src/flask/app.py:1074 flask.app.Flask.ensure_sync event=line locals={}
2026-08-22 23:51:54.113 /testbed/src/flask/app.py:1077 flask.app.Flask.ensure_sync event=line locals={}
2026-08-22 23:51:54.113 /testbed/src/flask/app.py:1077 flask.app.Flask.ensure_sync event=return retval=<function TestIndirectExceptionCallGraph.test_generated_requests_exercise_error_pipeline.<locals>.generated_failure.<locals>.local_after at 0x71487b3bea20> locals={'func': '<function TestIndirectExceptionCallGraph.test_generated_requests_exercise_error_pipeline.<locals>.generated_failure.<locals>.local_after at 0x71487b3bea20>', 'self': "<Flask 'runtime_exception_graph'>"}
2026-08-22 23:51:54.113 /testbed/src/flask/app.py:1407 flask.app.Flask.process_response event=line locals={}
2026-08-22 23:51:54.113 /testbed/src/flask/app.py:1408 flask.app.Flask.process_response event=line locals={'func': '<function TestIndirectExceptionCallGraph.test_generated_requests_exercise_error_pipeline.<locals>.generated_failure.<locals>.local_after at 0x71487b3beac0>'}
2026-08-22 23:51:54.113 /testbed/src/flask/app.py:1065 flask.app.Flask.ensure_sync event=call locals={'func': '<function TestIndirectExceptionCallGraph.test_generated_requests_exercise_error_pipeline.<locals>.generated_failure.<locals>.local_after at 0x71487b3beac0>', 'self': "<Flask 'runtime_exception_graph'>"}
2026-08-22 23:51:54.113 /testbed/src/flask/app.py:1074 flask.app.Flask.ensure_sync event=line locals={}
2026-08-22 23:51:54.113 /testbed/src/flask/app.py:1077 flask.app.Flask.ensure_sync event=line locals={}
2026-08-22 23:51:54.113 /testbed/src/flask/app.py:1077 flask.app.Flask.ensure_sync event=return retval=<function TestIndirectExceptionCallGraph.test_generated_requests_exercise_error_pipeline.<locals>.generated_failure.<locals>.local_after at 0x71487b3beac0> locals={'func': '<function TestIndirectExceptionCallGraph.test_generated_requests_exercise_error_pipeline.<locals>.generated_failure.<locals>.local_after at 0x71487b3beac0>', 'self': "<Flask 'runtime_exception_graph'>"}
2026-08-22 23:51:54.113 /testbed/src/flask/app.py:1407 flask.app.Flask.process_response event=line locals={}
2026-08-22 23:51:54.113 /testbed/src/flask/app.py:1410 flask.app.Flask.process_response event=line locals={}
2026-08-22 23:51:54.113 /testbed/src/flask/app.py:1411 flask.app.Flask.process_response event=line locals={'name': 'None'}
2026-08-22 23:51:54.113 /testbed/src/flask/app.py:1412 flask.app.Flask.process_response event=line locals={}
2026-08-22 23:51:54.113 /testbed/src/flask/app.py:1413 flask.app.Flask.process_response event=line locals={'func': '<function TestIndirectExceptionCallGraph.test_generated_requests_exercise_error_pipeline.<locals>.global_after at 0x71487b39c5e0>'}
2026-08-22 23:51:54.113 /testbed/src/flask/app.py:1065 flask.app.Flask.ensure_sync event=call locals={'func': '<function TestIndirectExceptionCallGraph.test_generated_requests_exercise_error_pipeline.<locals>.global_after at 0x71487b39c5e0>', 'self': "<Flask 'runtime_exception_graph'>"}
2026-08-22 23:51:54.113 /testbed/src/flask/app.py:1074 flask.app.Flask.ensure_sync event=line locals={}
2026-08-22 23:51:54.113 /testbed/src/flask/app.py:1077 flask.app.Flask.ensure_sync event=line locals={}
2026-08-22 23:51:54.113 /testbed/src/flask/app.py:1077 flask.app.Flask.ensure_sync event=return retval=<function TestIndirectExceptionCallGraph.test_generated_requests_exercise_error_pipeline.<locals>.global_after at 0x71487b39c5e0> locals={'func': '<function TestIndirectExceptionCallGraph.test_generated_requests_exercise_error_pipeline.<locals>.global_after at 0x71487b39c5e0>', 'self': "<Flask 'runtime_exception_graph'>"}
2026-08-22 23:51:54.113 /testbed/src/flask/app.py:1412 flask.app.Flask.process_response event=line locals={}
2026-08-22 23:51:54.113 /testbed/src/flask/app.py:1413 flask.app.Flask.process_response event=line locals={'func': '<function TestIndirectExceptionCallGraph.test_generated_requests_exercise_error_pipeline.<locals>.global_after at 0x71487b39c540>'}
2026-08-22 23:51:54.113 /testbed/src/flask/app.py:1065 flask.app.Flask.ensure_sync event=call locals={'func': '<function TestIndirectExceptionCallGraph.test_generated_requests_exercise_error_pipeline.<locals>.global_after at 0x71487b39c540>', 'self': "<Flask 'runtime_exception_graph'>"}
2026-08-22 23:51:54.113 /testbed/src/flask/app.py:1074 flask.app.Flask.ensure_sync event=line locals={}
2026-08-22 23:51:54.113 /testbed/src/flask/app.py:1077 flask.app.Flask.ensure_sync event=line locals={}
2026-08-22 23:51:54.113 /testbed/src/flask/app.py:1077 flask.app.Flask.ensure_sync event=return retval=<function TestIndirectExceptionCallGraph.test_generated_requests_exercise_error_pipeline.<locals>.global_after at 0x71487b39c540> locals={'func': '<function TestIndirectExceptionCallGraph.test_generated_requests_exercise_error_pipeline.<locals>.global_after at 0x71487b39c540>', 'self': "<Flask 'runtime_exception_graph'>"}
2026-08-22 23:51:54.113 /testbed/src/flask/app.py:1412 flask.app.Flask.process_response event=line locals={}
2026-08-22 23:51:54.113 /testbed/src/flask/app.py:1413 flask.app.Flask.process_response event=line locals={'func': '<function TestIndirectExceptionCallGraph.test_generated_requests_exercise_error_pipeline.<locals>.global_after at 0x71487b39c4a0>'}
2026-08-22 23:51:54.113 /testbed/src/flask/app.py:1065 flask.app.Flask.ensure_sync event=call locals={'func': '<function TestIndirectExceptionCallGraph.test_generated_requests_exercise_error_pipeline.<locals>.global_after at 0x71487b39c4a0>', 'self': "<Flask 'runtime_exception_graph'>"}
2026-08-22 23:51:54.113 /testbed/src/flask/app.py:1074 flask.app.Flask.ensure_sync event=line locals={}
2026-08-22 23:51:54.113 /testbed/src/flask/app.py:1077 flask.app.Flask.ensure_sync event=line locals={}
2026-08-22 23:51:54.113 /testbed/src/flask/app.py:1077 flask.app.Flask.ensure_sync event=return retval=<function TestIndirectExceptionCallGraph.test_generated_requests_exercise_error_pipeline.<locals>.global_after at 0x71487b39c4a0> locals={'func': '<function TestIndirectExceptionCallGraph.test_generated_requests_exercise_error_pipeline.<locals>.global_after at 0x71487b39c4a0>', 'self': "<Flask 'runtime_exception_graph'>"}
2026-08-22 23:51:54.114 /testbed/src/flask/app.py:1412 flask.app.Flask.process_response event=line locals={}
2026-08-22 23:51:54.114 /testbed/src/flask/app.py:1413 flask.app.Flask.process_response event=line locals={'func': '<function TestIndirectExceptionCallGraph.test_generated_requests_exercise_error_pipeline.<locals>.global_after at 0x71487b39c400>'}
2026-08-22 23:51:54.114 /testbed/src/flask/app.py:1065 flask.app.Flask.ensure_sync event=call locals={'func': '<function TestIndirectExceptionCallGraph.test_generated_requests_exercise_error_pipeline.<locals>.global_after at 0x71487b39c400>', 'self': "<Flask 'runtime_exception_graph'>"}
2026-08-22 23:51:54.114 /testbed/src/flask/app.py:1074 flask.app.Flask.ensure_sync event=line locals={}
2026-08-22 23:51:54.114 /testbed/src/flask/app.py:1077 flask.app.Flask.ensure_sync event=line locals={}
2026-08-22 23:51:54.114 /testbed/src/flask/app.py:1077 flask.app.Flask.ensure_sync event=return retval=<function TestIndirectExceptionCallGraph.test_generated_requests_exercise_error_pipeline.<locals>.global_after at 0x71487b39c400> locals={'func': '<function TestIndirectExceptionCallGraph.test_generated_requests_exercise_error_pipeline.<locals>.global_after at 0x71487b39c400>', 'self': "<Flask 'runtime_exception_graph'>"}
2026-08-22 23:51:54.114 /testbed/src/flask/app.py:1412 flask.app.Flask.process_response event=line locals={}
2026-08-22 23:51:54.114 /testbed/src/flask/app.py:1413 flask.app.Flask.process_response event=line locals={'func': '<function TestIndirectExceptionCallGraph.test_generated_requests_exercise_error_pipeline.<locals>.global_after at 0x71487b39c360>'}
2026-08-22 23:51:54.114 /testbed/src/flask/app.py:1065 flask.app.Flask.ensure_sync event=call locals={'func': '<function TestIndirectExceptionCallGraph.test_generated_requests_exercise_error_pipeline.<locals>.global_after at 0x71487b39c360>', 'self': "<Flask 'runtime_exception_graph'>"}
2026-08-22 23:51:54.114 /testbed/src/flask/app.py:1074 flask.app.Flask.ensure_sync event=line locals={}
2026-08-22 23:51:54.114 /testbed/src/flask/app.py:1077 flask.app.Flask.ensure_sync event=line locals={}
2026-08-22 23:51:54.114 /testbed/src/flask/app.py:1077 flask.app.Flask.ensure_sync event=return retval=<function TestIndirectExceptionCallGraph.test_generated_requests_exercise_error_pipeline.<locals>.global_after at 0x71487b39c360> locals={'func': '<function TestIndirectExceptionCallGraph.test_generated_requests_exercise_error_pipeline.<locals>.global_after at 0x71487b39c360>', 'self': "<Flask 'runtime_exception_graph'>"}
2026-08-22 23:51:54.114 /testbed/src/flask/app.py:1412 flask.app.Flask.process_response event=line locals={}
2026-08-22 23:51:54.114 /testbed/src/flask/app.py:1413 flask.app.Flask.process_response event=line locals={'func': '<function TestIndirectExceptionCallGraph.test_generated_requests_exercise_error_pipeline.<locals>.global_after at 0x71487b39c2c0>'}
2026-08-22 23:51:54.114 /testbed/src/flask/app.py:1065 flask.app.Flask.ensure_sync event=call locals={'func': '<function TestIndirectExceptionCallGraph.test_generated_requests_exercise_error_pipeline.<locals>.global_after at 0x71487b39c2c0>', 'self': "<Flask 'runtime_exception_graph'>"}
2026-08-22 23:51:54.114 /testbed/src/flask/app.py:1074 flask.app.Flask.ensure_sync event=line locals={}
2026-08-22 23:51:54.114 /testbed/src/flask/app.py:1077 flask.app.Flask.ensure_sync event=line locals={}
2026-08-22 23:51:54.114 /testbed/src/flask/app.py:1077 flask.app.Flask.ensure_sync event=return retval=<function TestIndirectExceptionCallGraph.test_generated_requests_exercise_error_pipeline.<locals>.global_after at 0x71487b39c2c0> locals={'func': '<function TestIndirectExceptionCallGraph.test_generated_requests_exercise_error_pipeline.<locals>.global_after at 0x71487b39c2c0>', 'self': "<Flask 'runtime_exception_graph'>"}
2026-08-22 23:51:54.114 /testbed/src/flask/app.py:1412 flask.app.Flask.process_response event=line locals={}
2026-08-22 23:51:54.114 /testbed/src/flask/app.py:1413 flask.app.Flask.process_response event=line locals={'func': '<function TestIndirectExceptionCallGraph.test_generated_requests_exercise_error_pipeline.<locals>.global_after at 0x71487b39c220>'}
2026-08-22 23:51:54.114 /testbed/src/flask/app.py:1065 flask.app.Flask.ensure_sync event=call locals={'func': '<function TestIndirectExceptionCallGraph.test_generated_requests_exercise_error_pipeline.<locals>.global_after at 0x71487b39c220>', 'self': "<Flask 'runtime_exception_graph'>"}
2026-08-22 23:51:54.114 /testbed/src/flask/app.py:1074 flask.app.Flask.ensure_sync event=line locals={}
2026-08-22 23:51:54.114 /testbed/src/flask/app.py:1077 flask.app.Flask.ensure_sync event=line locals={}
2026-08-22 23:51:54.114 /testbed/src/flask/app.py:1077 flask.app.Flask.ensure_sync event=return retval=<function TestIndirectExceptionCallGraph.test_generated_requests_exercise_error_pipeline.<locals>.global_after at 0x71487b39c220> locals={'func': '<function TestIndirectExceptionCallGraph.test_generated_requests_exercise_error_pipeline.<locals>.global_after at 0x71487b39c220>', 'self': "<Flask 'runtime_exception_graph'>"}
2026-08-22 23:51:54.114 /testbed/src/flask/app.py:1412 flask.app.Flask.process_response event=line locals={}
2026-08-22 23:51:54.114 /testbed/src/flask/app.py:1413 flask.app.Flask.process_response event=line locals={'func': '<function TestIndirectExceptionCallGraph.test_generated_requests_exercise_error_pipeline.<locals>.global_after at 0x71487b39c180>'}
2026-08-22 23:51:54.114 /testbed/src/flask/app.py:1065 flask.app.Flask.ensure_sync event=call locals={'func': '<function TestIndirectExceptionCallGraph.test_generated_requests_exercise_error_pipeline.<locals>.global_after at 0x71487b39c180>', 'self': "<Flask 'runtime_exception_graph'>"}
2026-08-22 23:51:54.114 /testbed/src/flask/app.py:1074 flask.app.Flask.ensure_sync event=line locals={}
2026-08-22 23:51:54.114 /testbed/src/flask/app.py:1077 flask.app.Flask.ensure_sync event=line locals={}
2026-08-22 23:51:54.114 /testbed/src/flask/app.py:1077 flask.app.Flask.ensure_sync event=return retval=<function TestIndirectExceptionCallGraph.test_generated_requests_exercise_error_pipeline.<locals>.global_after at 0x71487b39c180> locals={'func': '<function TestIndirectExceptionCallGraph.test_generated_requests_exercise_error_pipeline.<locals>.global_after at 0x71487b39c180>', 'self': "<Flask 'runtime_exception_graph'>"}
2026-08-22 23:51:54.114 /testbed/src/flask/app.py:1412 flask.app.Flask.process_response event=line locals={}
2026-08-22 23:51:54.114 /testbed/src/flask/app.py:1413 flask.app.Flask.process_response event=line locals={'func': '<function TestIndirectExceptionCallGraph.test_generated_requests_exercise_error_pipeline.<locals>.global_after at 0x71487b39c040>'}
2026-08-22 23:51:54.114 /testbed/src/flask/app.py:1065 flask.app.Flask.ensure_sync event=call locals={'func': '<function TestIndirectExceptionCallGraph.test_generated_requests_exercise_error_pipeline.<locals>.global_after at 0x71487b39c040>', 'self': "<Flask 'runtime_exception_graph'>"}
2026-08-22 23:51:54.114 /testbed/src/flask/app.py:1074 flask.app.Flask.ensure_sync event=line locals={}
2026-08-22 23:51:54.114 /testbed/src/flask/app.py:1077 flask.app.Flask.ensure_sync event=line locals={}
2026-08-22 23:51:54.114 /testbed/src/flask/app.py:1077 flask.app.Flask.ensure_sync event=return retval=<function TestIndirectExceptionCallGraph.test_generated_requests_exercise_error_pipeline.<locals>.global_after at 0x71487b39c040> locals={'func': '<function TestIndirectExceptionCallGraph.test_generated_requests_exercise_error_pipeline.<locals>.global_after at 0x71487b39c040>', 'self': "<Flask 'runtime_exception_graph'>"}
2026-08-22 23:51:54.114 /testbed/src/flask/app.py:1412 flask.app.Flask.process_response event=line locals={}
2026-08-22 23:51:54.114 /testbed/src/flask/app.py:1410 flask.app.Flask.process_response event=line locals={}
2026-08-22 23:51:54.114 /testbed/src/flask/app.py:1415 flask.app.Flask.process_response event=line locals={}
2026-08-22 23:51:54.114 /testbed/src/flask/app.py:1418 flask.app.Flask.process_response event=line locals={}
2026-08-22 23:51:54.114 /testbed/src/flask/app.py:1418 flask.app.Flask.process_response event=return retval=<Response 14 bytes [500 INTERNAL SERVER ERROR]> locals={'ctx': "<AppContext 124556119267536 of runtime_exception_graph, GET 'http://localhost/generated/0'>", 'func': '<function TestIndirectExceptionCallGraph.test_generated_requests_exercise_error_pipeline.<locals>.global_after at 0x71487b39c040>', 'name': 'None', 'response': '<Response 14 bytes [500 INTERNAL SERVER ERROR]>', 'self': "<Flask 'runtime_exception_graph'>"}
2026-08-22 23:51:54.114 /testbed/src/flask/app.py:1042 flask.app.Flask.finalize_request event=line locals={}
2026-08-22 23:51:54.114 /testbed/src/flask/app.py:1043 flask.app.Flask.finalize_request event=line locals={}
2026-08-22 23:51:54.114 /testbed/src/flask/app.py:1042 flask.app.Flask.finalize_request event=line locals={}
2026-08-22 23:51:54.115 /testbed/src/flask/app.py:1051 flask.app.Flask.finalize_request event=line locals={}
2026-08-22 23:51:54.115 /testbed/src/flask/app.py:1051 flask.app.Flask.finalize_request event=return retval=<Response 14 bytes [500 INTERNAL SERVER ERROR]> locals={'ctx': "<AppContext 124556119267536 of runtime_exception_graph, GET 'http://localhost/generated/0'>", 'from_error_handler': 'True', 'response': '<Response 14 bytes [500 INTERNAL SERVER ERROR]>', 'rv': "([694392, 1, 18], 500, {'X-QA-Mode': '1'})", 'self': "<Flask 'runtime_exception_graph'>"}
2026-08-22 23:51:54.115 /testbed/src/flask/app.py:948 flask.app.Flask.handle_exception event=return retval=<Response 14 bytes [500 INTERNAL SERVER ERROR]> locals={'ctx': "<AppContext 124556119267536 of runtime_exception_graph, GET 'http://localhost/generated/0'>", 'e': "RuntimeError('generated failure 51289')", 'exc_info': "(<class 'RuntimeError'>, RuntimeError('generated failure 51289'), <traceback object at 0x71487b3e6400>)", 'handler': '<function TestIndirectExceptionCallGraph.test_generated_requests_exercise_error_pipeline.<locals>.convert_unhandled_error at 0x71487b39c720>', 'propagate': 'False', 'self': "<Flask 'runtime_exception_graph'>", 'server_error': "([694392, 1, 18], 500, {'X-QA-Mode': '1'})"}
2026-08-22 23:51:54.124 /testbed/src/flask/app.py:1065 flask.app.Flask.ensure_sync event=call locals={'func': '<function TestIndirectExceptionCallGraph.test_generated_requests_exercise_error_pipeline.<locals>.generated_failure at 0x71487b39c9a0>', 'self': "<Flask 'runtime_exception_graph'>"}
2026-08-22 23:51:54.124 /testbed/src/flask/app.py:1074 flask.app.Flask.ensure_sync event=line locals={}
2026-08-22 23:51:54.124 /testbed/src/flask/app.py:1077 flask.app.Flask.ensure_sync event=line locals={}
2026-08-22 23:51:54.124 /testbed/src/flask/app.py:1077 flask.app.Flask.ensure_sync event=return retval=<function TestIndirectExceptionCallGraph.test_generated_requests_exercise_error_pipeline.<locals>.generated_failure at 0x71487b39c9a0> locals={'func': '<function TestIndirectExceptionCallGraph.test_generated_requests_exercise_error_pipeline.<locals>.generated_failure at 0x71487b39c9a0>', 'self': "<Flask 'runtime_exception_graph'>"}
2026-08-22 23:51:54.125 /testbed/src/flask/app.py:897 flask.app.Flask.handle_exception event=call locals={'ctx': "<AppContext 124556119278672 of runtime_exception_graph, GET 'http://localhost/generated/16'>", 'e': "RuntimeError('generated failure 438e')", 'self': "<Flask 'runtime_exception_graph'>"}
2026-08-22 23:51:54.125 /testbed/src/flask/app.py:925 flask.app.Flask.handle_exception event=line locals={}
2026-08-22 23:51:54.125 /testbed/src/flask/app.py:926 flask.app.Flask.handle_exception event=line locals={'exc_info': "(<class 'RuntimeError'>, RuntimeError('generated failure 438e'), <traceback object at 0x71487b3e91c0>)"}
2026-08-22 23:51:54.125 /testbed/src/flask/app.py:927 flask.app.Flask.handle_exception event=line locals={}
2026-08-22 23:51:54.125 /testbed/src/flask/app.py:929 flask.app.Flask.handle_exception event=line locals={'propagate': 'False'}
2026-08-22 23:51:54.125 /testbed/src/flask/app.py:932 flask.app.Flask.handle_exception event=line locals={}
2026-08-22 23:51:54.125 /testbed/src/flask/app.py:940 flask.app.Flask.handle_exception event=line locals={}
2026-08-22 23:51:54.125 /testbed/src/flask/app.py:950 flask.app.Flask.log_exception event=call locals={'ctx': "<AppContext 124556119278672 of runtime_exception_graph, GET 'http://localhost/generated/16'>", 'exc_info': "(<class 'RuntimeError'>, RuntimeError('generated failure 438e'), <traceback object at 0x71487b3e91c0>)", 'self': "<Flask 'runtime_exception_graph'>"}
2026-08-22 23:51:54.125 /testbed/src/flask/app.py:962 flask.app.Flask.log_exception event=line locals={}
2026-08-22 23:51:54.125 /testbed/src/flask/app.py:963 flask.app.Flask.log_exception event=line locals={}
2026-08-22 23:51:54.125 /testbed/src/flask/app.py:962 flask.app.Flask.log_exception event=line locals={}
2026-08-22 23:51:54.125 /testbed/src/flask/app.py:962 flask.app.Flask.log_exception event=return retval=None locals={'ctx': "<AppContext 124556119278672 of runtime_exception_graph, GET 'http://localhost/generated/16'>", 'exc_info': "(<class 'RuntimeError'>, RuntimeError('generated failure 438e'), <traceback object at 0x71487b3e91c0>)", 'self': "<Flask 'runtime_exception_graph'>"}
2026-08-22 23:51:54.126 /testbed/src/flask/app.py:942 flask.app.Flask.handle_exception event=line locals={}
2026-08-22 23:51:54.126 /testbed/src/flask/app.py:943 flask.app.Flask.handle_exception event=line locals={'server_error': "<InternalServerError '500: Internal Server Error'>"}
2026-08-22 23:51:54.126 /testbed/src/flask/app.py:945 flask.app.Flask.handle_exception event=line locals={'handler': '<function TestIndirectExceptionCallGraph.test_generated_requests_exercise_error_pipeline.<locals>.convert_unhandled_error at 0x71487b39c720>'}
2026-08-22 23:51:54.126 /testbed/src/flask/app.py:946 flask.app.Flask.handle_exception event=line locals={}
2026-08-22 23:51:54.126 /testbed/src/flask/app.py:1065 flask.app.Flask.ensure_sync event=call locals={'func': '<function TestIndirectExceptionCallGraph.test_generated_requests_exercise_error_pipeline.<locals>.convert_unhandled_error at 0x71487b39c720>', 'self': "<Flask 'runtime_exception_graph'>"}
2026-08-22 23:51:54.126 /testbed/src/flask/app.py:1074 flask.app.Flask.ensure_sync event=line locals={}
2026-08-22 23:51:54.126 /testbed/src/flask/app.py:1077 flask.app.Flask.ensure_sync event=line locals={}
2026-08-22 23:51:54.126 /testbed/src/flask/app.py:1077 flask.app.Flask.ensure_sync event=return retval=<function TestIndirectExceptionCallGraph.test_generated_requests_exercise_error_pipeline.<locals>.convert_unhandled_error at 0x71487b39c720> locals={'func': '<function TestIndirectExceptionCallGraph.test_generated_requests_exercise_error_pipeline.<locals>.convert_unhandled_error at 0x71487b39c720>', 'self': "<Flask 'runtime_exception_graph'>"}
2026-08-22 23:51:54.126 /testbed/src/flask/app.py:948 flask.app.Flask.handle_exception event=line locals={'server_error': "('failure-8c58f', '500 INTERNAL SERVER ERROR')"}
2026-08-22 23:51:54.126 /testbed/src/flask/app.py:1021 flask.app.Flask.finalize_request event=call locals={'ctx': "<AppContext 124556119278672 of runtime_exception_graph, GET 'http://localhost/generated/16'>", 'from_error_handler': 'True', 'rv': "('failure-8c58f', '500 INTERNAL SERVER ERROR')", 'self': "<Flask 'runtime_exception_graph'>"}
2026-08-22 23:51:54.126 /testbed/src/flask/app.py:1039 flask.app.Flask.finalize_request event=line locals={}
2026-08-22 23:51:54.126 /testbed/src/flask/app.py:1224 flask.app.Flask.make_response event=call locals={'rv': "('failure-8c58f', '500 INTERNAL SERVER ERROR')", 'self': "<Flask 'runtime_exception_graph'>"}
2026-08-22 23:51:54.126 /testbed/src/flask/app.py:1281 flask.app.Flask.make_response event=line locals={}
2026-08-22 23:51:54.126 /testbed/src/flask/app.py:1282 flask.app.Flask.make_response event=line locals={'status': 'None'}
2026-08-22 23:51:54.126 /testbed/src/flask/app.py:1285 flask.app.Flask.make_response event=line locals={'headers': 'None'}
2026-08-22 23:51:54.126 /testbed/src/flask/app.py:1286 flask.app.Flask.make_response event=line locals={}
2026-08-22 23:51:54.126 /testbed/src/flask/app.py:1289 flask.app.Flask.make_response event=line locals={'len_rv': '2'}
2026-08-22 23:51:54.126 /testbed/src/flask/app.py:1292 flask.app.Flask.make_response event=line locals={}
2026-08-22 23:51:54.126 /testbed/src/flask/app.py:1293 flask.app.Flask.make_response event=line locals={}
2026-08-22 23:51:54.126 /testbed/src/flask/app.py:1296 flask.app.Flask.make_response event=line locals={}
2026-08-22 23:51:54.126 /testbed/src/flask/app.py:1306 flask.app.Flask.make_response event=line locals={'rv': "'failure-8c58f'", 'status': "'500 INTERNAL SERVER ERROR'"}
2026-08-22 23:51:54.126 /testbed/src/flask/app.py:1314 flask.app.Flask.make_response event=line locals={}
2026-08-22 23:51:54.126 /testbed/src/flask/app.py:1315 flask.app.Flask.make_response event=line locals={}
2026-08-22 23:51:54.126 /testbed/src/flask/app.py:1319 flask.app.Flask.make_response event=line locals={}
2026-08-22 23:51:54.126 /testbed/src/flask/app.py:1320 flask.app.Flask.make_response event=line locals={}
2026-08-22 23:51:54.126 /testbed/src/flask/app.py:1321 flask.app.Flask.make_response event=line locals={}
2026-08-22 23:51:54.126 /testbed/src/flask/app.py:1322 flask.app.Flask.make_response event=line locals={}
2026-08-22 23:51:54.126 /testbed/src/flask/app.py:1319 flask.app.Flask.make_response event=line locals={}
2026-08-22 23:51:54.127 /testbed/src/flask/app.py:1324 flask.app.Flask.make_response event=line locals={'rv': '<Response 13 bytes [500 INTERNAL SERVER ERROR]>'}
2026-08-22 23:51:54.127 /testbed/src/flask/app.py:1352 flask.app.Flask.make_response event=line locals={'status': 'None'}
2026-08-22 23:51:54.127 /testbed/src/flask/app.py:1354 flask.app.Flask.make_response event=line locals={}
2026-08-22 23:51:54.127 /testbed/src/flask/app.py:1361 flask.app.Flask.make_response event=line locals={}
2026-08-22 23:51:54.127 /testbed/src/flask/app.py:1364 flask.app.Flask.make_response event=line locals={}
2026-08-22 23:51:54.127 /testbed/src/flask/app.py:1364 flask.app.Flask.make_response event=return retval=<Response 13 bytes [500 INTERNAL SERVER ERROR]> locals={'headers': 'None', 'len_rv': '2', 'rv': '<Response 13 bytes [500 INTERNAL SERVER ERROR]>', 'self': "<Flask 'runtime_exception_graph'>", 'status': 'None'}
2026-08-22 23:51:54.128 /testbed/src/flask/app.py:1040 flask.app.Flask.finalize_request event=line locals={'response': '<Response 13 bytes [500 INTERNAL SERVER ERROR]>'}
2026-08-22 23:51:54.128 /testbed/src/flask/app.py:1041 flask.app.Flask.finalize_request event=line locals={}
2026-08-22 23:51:54.128 /testbed/src/flask/app.py:1394 flask.app.Flask.process_response event=call locals={'ctx': "<AppContext 124556119278672 of runtime_exception_graph, GET 'http://localhost/generated/16'>", 'response': '<Response 13 bytes [500 INTERNAL SERVER ERROR]>', 'self': "<Flask 'runtime_exception_graph'>"}
2026-08-22 23:51:54.128 /testbed/src/flask/app.py:1407 flask.app.Flask.process_response event=line locals={}
2026-08-22 23:51:54.128 /testbed/src/flask/app.py:1408 flask.app.Flask.process_response event=line locals={'func': '<function TestIndirectExceptionCallGraph.test_generated_requests_exercise_error_pipeline.<locals>.generated_failure.<locals>.local_after at 0x71487b3bed40>'}
2026-08-22 23:51:54.128 /testbed/src/flask/app.py:1065 flask.app.Flask.ensure_sync event=call locals={'func': '<function TestIndirectExceptionCallGraph.test_generated_requests_exercise_error_pipeline.<locals>.generated_failure.<locals>.local_after at 0x71487b3bed40>', 'self': "<Flask 'runtime_exception_graph'>"}
2026-08-22 23:51:54.128 /testbed/src/flask/app.py:1074 flask.app.Flask.ensure_sync event=line locals={}
2026-08-22 23:51:54.128 /testbed/src/flask/app.py:1077 flask.app.Flask.ensure_sync event=line locals={}
2026-08-22 23:51:54.128 /testbed/src/flask/app.py:1077 flask.app.Flask.ensure_sync event=return retval=<function TestIndirectExceptionCallGraph.test_generated_requests_exercise_error_pipeline.<locals>.generated_failure.<locals>.local_after at 0x71487b3bed40> locals={'func': '<function TestIndirectExceptionCallGraph.test_generated_requests_exercise_error_pipeline.<locals>.generated_failure.<locals>.local_after at 0x71487b3bed40>', 'self': "<Flask 'runtime_exception_graph'>"}
2026-08-22 23:51:54.128 /testbed/src/flask/app.py:1407 flask.app.Flask.process_response event=line locals={}
2026-08-22 23:51:54.128 /testbed/src/flask/app.py:1408 flask.app.Flask.process_response event=line locals={'func': '<function TestIndirectExceptionCallGraph.test_generated_requests_exercise_error_pipeline.<locals>.generated_failure.<locals>.local_after at 0x71487b3bede0>'}
2026-08-22 23:51:54.128 /testbed/src/flask/app.py:1065 flask.app.Flask.ensure_sync event=call locals={'func': '<function TestIndirectExceptionCallGraph.test_generated_requests_exercise_error_pipeline.<locals>.generated_failure.<locals>.local_after at 0x71487b3bede0>', 'self': "<Flask 'runtime_exception_graph'>"}
2026-08-22 23:51:54.128 /testbed/src/flask/app.py:1074 flask.app.Flask.ensure_sync event=line locals={}
2026-08-22 23:51:54.128 /testbed/src/flask/app.py:1077 flask.app.Flask.ensure_sync event=line locals={}
2026-08-22 23:51:54.128 /testbed/src/flask/app.py:1077 flask.app.Flask.ensure_sync event=return retval=<function TestIndirectExceptionCallGraph.test_generated_requests_exercise_error_pipeline.<locals>.generated_failure.<locals>.local_after at 0x71487b3bede0> locals={'func': '<function TestIndirectExceptionCallGraph.test_generated_requests_exercise_error_pipeline.<locals>.generated_failure.<locals>.local_after at 0x71487b3bede0>', 'self': "<Flask 'runtime_exception_graph'>"}
2026-08-22 23:51:54.128 /testbed/src/flask/app.py:1407 flask.app.Flask.process_response event=line locals={}
2026-08-22 23:51:54.128 /testbed/src/flask/app.py:1408 flask.app.Flask.process_response event=line locals={'func': '<function TestIndirectExceptionCallGraph.test_generated_requests_exercise_error_pipeline.<locals>.generated_failure.<locals>.local_after at 0x71487b3bee80>'}
2026-08-22 23:51:54.128 /testbed/src/flask/app.py:1065 flask.app.Flask.ensure_sync event=call locals={'func': '<function TestIndirectExceptionCallGraph.test_generated_requests_exercise_error_pipeline.<locals>.generated_failure.<locals>.local_after at 0x71487b3bee80>', 'self': "<Flask 'runtime_exception_graph'>"}
2026-08-22 23:51:54.129 /testbed/src/flask/app.py:1074 flask.app.Flask.ensure_sync event=line locals={}
2026-08-22 23:51:54.129 /testbed/src/flask/app.py:1077 flask.app.Flask.ensure_sync event=line locals={}
2026-08-22 23:51:54.129 /testbed/src/flask/app.py:1077 flask.app.Flask.ensure_sync event=return retval=<function TestIndirectExceptionCallGraph.test_generated_requests_exercise_error_pipeline.<locals>.generated_failure.<locals>.local_after at 0x71487b3bee80> locals={'func': '<function TestIndirectExceptionCallGraph.test_generated_requests_exercise_error_pipeline.<locals>.generated_failure.<locals>.local_after at 0x71487b3bee80>', 'self': "<Flask 'runtime_exception_graph'>"}
2026-08-22 23:51:54.129 /testbed/src/flask/app.py:1407 flask.app.Flask.process_response event=line locals={}
2026-08-22 23:51:54.129 /testbed/src/flask/app.py:1408 flask.app.Flask.process_response event=line locals={'func': '<function TestIndirectExceptionCallGraph.test_generated_requests_exercise_error_pipeline.<locals>.generated_failure.<locals>.local_after at 0x71487b3bef20>'}
2026-08-22 23:51:54.129 /testbed/src/flask/app.py:1065 flask.app.Flask.ensure_sync event=call locals={'func': '<function TestIndirectExceptionCallGraph.test_generated_requests_exercise_error_pipeline.<locals>.generated_failure.<locals>.local_after at 0x71487b3bef20>', 'self': "<Flask 'runtime_exception_graph'>"}
2026-08-22 23:51:54.129 /testbed/src/flask/app.py:1074 flask.app.Flask.ensure_sync event=line locals={}
2026-08-22 23:51:54.129 /testbed/src/flask/app.py:1077 flask.app.Flask.ensure_sync event=line locals={}
2026-08-22 23:51:54.129 /testbed/src/flask/app.py:1077 flask.app.Flask.ensure_sync event=return retval=<function TestIndirectExceptionCallGraph.test_generated_requests_exercise_error_pipeline.<locals>.generated_failure.<locals>.local_after at 0x71487b3bef20> locals={'func': '<function TestIndirectExceptionCallGraph.test_generated_requests_exercise_error_pipeline.<locals>.generated_failure.<locals>.local_after at 0x71487b3bef20>', 'self': "<Flask 'runtime_exception_graph'>"}
2026-08-22 23:51:54.129 /testbed/src/flask/app.py:1407 flask.app.Flask.process_response event=line locals={}
2026-08-22 23:51:54.129 /testbed/src/flask/app.py:1408 flask.app.Flask.process_response event=line locals={'func': '<function TestIndirectExceptionCallGraph.test_generated_requests_exercise_error_pipeline.<locals>.generated_failure.<locals>.local_after at 0x71487b3befc0>'}
2026-08-22 23:51:54.129 /testbed/src/flask/app.py:1065 flask.app.Flask.ensure_sync event=call locals={'func': '<function TestIndirectExceptionCallGraph.test_generated_requests_exercise_error_pipeline.<locals>.generated_failure.<locals>.local_after at 0x71487b3befc0>', 'self': "<Flask 'runtime_exception_graph'>"}
2026-08-22 23:51:54.129 /testbed/src/flask/app.py:1074 flask.app.Flask.ensure_sync event=line locals={}
2026-08-22 23:51:54.129 /testbed/src/flask/app.py:1077 flask.app.Flask.ensure_sync event=line locals={}
2026-08-22 23:51:54.129 /testbed/src/flask/app.py:1077 flask.app.Flask.ensure_sync event=return retval=<function TestIndirectExceptionCallGraph.test_generated_requests_exercise_error_pipeline.<locals>.generated_failure.<locals>.local_after at 0x71487b3befc0> locals={'func': '<function TestIndirectExceptionCallGraph.test_generated_requests_exercise_error_pipeline.<locals>.generated_failure.<locals>.local_after at 0x71487b3befc0>', 'self': "<Flask 'runtime_exception_graph'>"}
2026-08-22 23:51:54.130 /testbed/src/flask/app.py:1407 flask.app.Flask.process_response event=line locals={}
2026-08-22 23:51:54.130 /testbed/src/flask/app.py:1408 flask.app.Flask.process_response event=line locals={'func': '<function TestIndirectExceptionCallGraph.test_generated_requests_exercise_error_pipeline.<locals>.generated_failure.<locals>.local_after at 0x71487b3bf060>'}
2026-08-22 23:51:54.130 /testbed/src/flask/app.py:1065 flask.app.Flask.ensure_sync event=call locals={'func': '<function TestIndirectExceptionCallGraph.test_generated_requests_exercise_error_pipeline.<locals>.generated_failure.<locals>.local_after at 0x71487b3bf060>', 'self': "<Flask 'runtime_exception_graph'>"}
2026-08-22 23:51:54.130 /testbed/src/flask/app.py:1074 flask.app.Flask.ensure_sync event=line locals={}
2026-08-22 23:51:54.130 /testbed/src/flask/app.py:1077 flask.app.Flask.ensure_sync event=line locals={}
2026-08-22 23:51:54.130 /testbed/src/flask/app.py:1077 flask.app.Flask.ensure_sync event=return retval=<function TestIndirectExceptionCallGraph.test_generated_requests_exercise_error_pipeline.<locals>.generated_failure.<locals>.local_after at 0x71487b3bf060> locals={'func': '<function TestIndirectExceptionCallGraph.test_generated_requests_exercise_error_pipeline.<locals>.generated_failure.<locals>.local_after at 0x71487b3bf060>', 'self': "<Flask 'runtime_exception_graph'>"}
2026-08-22 23:51:54.130 /testbed/src/flask/app.py:1407 flask.app.Flask.process_response event=line locals={}
2026-08-22 23:51:54.130 /testbed/src/flask/app.py:1408 flask.app.Flask.process_response event=line locals={'func': '<function TestIndirectExceptionCallGraph.test_generated_requests_exercise_error_pipeline.<locals>.generated_failure.<locals>.local_after at 0x71487b3bf100>'}
2026-08-22 23:51:54.130 /testbed/src/flask/app.py:1065 flask.app.Flask.ensure_sync event=call locals={'func': '<function TestIndirectExceptionCallGraph.test_generated_requests_exercise_error_pipeline.<locals>.generated_failure.<locals>.local_after at 0x71487b3bf100>', 'self': "<Flask 'runtime_exception_graph'>"}
2026-08-22 23:51:54.130 /testbed/src/flask/app.py:1074 flask.app.Flask.ensure_sync event=line locals={}
2026-08-22 23:51:54.130 /testbed/src/flask/app.py:1077 flask.app.Flask.ensure_sync event=line locals={}
2026-08-22 23:51:54.130 /testbed/src/flask/app.py:1077 flask.app.Flask.ensure_sync event=return retval=<function TestIndirectExceptionCallGraph.test_generated_requests_exercise_error_pipeline.<locals>.generated_failure.<locals>.local_after at 0x71487b3bf100> locals={'func': '<function TestIndirectExceptionCallGraph.test_generated_requests_exercise_error_pipeline.<locals>.generated_failure.<locals>.local_after at 0x71487b3bf100>', 'self': "<Flask 'runtime_exception_graph'>"}
2026-08-22 23:51:54.130 /testbed/src/flask/app.py:1407 flask.app.Flask.process_response event=line locals={}
2026-08-22 23:51:54.130 /testbed/src/flask/app.py:1408 flask.app.Flask.process_response event=line locals={'func': '<function TestIndirectExceptionCallGraph.test_generated_requests_exercise_error_pipeline.<locals>.generated_failure.<locals>.local_after at 0x71487b3bf1a0>'}
2026-08-22 23:51:54.130 /testbed/src/flask/app.py:1065 flask.app.Flask.ensure_sync event=call locals={'func': '<function TestIndirectExceptionCallGraph.test_generated_requests_exercise_error_pipeline.<locals>.generated_failure.<locals>.local_after at 0x71487b3bf1a0>', 'self': "<Flask 'runtime_exception_graph'>"}
2026-08-22 23:51:54.130 /testbed/src/flask/app.py:1074 flask.app.Flask.ensure_sync event=line locals={}
2026-08-22 23:51:54.131 /testbed/src/flask/app.py:1077 flask.app.Flask.ensure_sync event=line locals={}
2026-08-22 23:51:54.131 /testbed/src/flask/app.py:1077 flask.app.Flask.ensure_sync event=return retval=<function TestIndirectExceptionCallGraph.test_generated_requests_exercise_error_pipeline.<locals>.generated_failure.<locals>.local_after at 0x71487b3bf1a0> locals={'func': '<function TestIndirectExceptionCallGraph.test_generated_requests_exercise_error_pipeline.<locals>.generated_failure.<locals>.local_after at 0x71487b3bf1a0>', 'self': "<Flask 'runtime_exception_graph'>"}
2026-08-22 23:51:54.131 /testbed/src/flask/app.py:1407 flask.app.Flask.process_response event=line locals={}
2026-08-22 23:51:54.131 /testbed/src/flask/app.py:1408 flask.app.Flask.process_response event=line locals={'func': '<function TestIndirectExceptionCallGraph.test_generated_requests_exercise_error_pipeline.<locals>.generated_failure.<locals>.local_after at 0x71487b3bf240>'}
2026-08-22 23:51:54.131 /testbed/src/flask/app.py:1065 flask.app.Flask.ensure_sync event=call locals={'func': '<function TestIndirectExceptionCallGraph.test_generated_requests_exercise_error_pipeline.<locals>.generated_failure.<locals>.local_after at 0x71487b3bf240>', 'self': "<Flask 'runtime_exception_graph'>"}
2026-08-22 23:51:54.131 /testbed/src/flask/app.py:1074 flask.app.Flask.ensure_sync event=line locals={}
2026-08-22 23:51:54.131 /testbed/src/flask/app.py:1077 flask.app.Flask.ensure_sync event=line locals={}
2026-08-22 23:51:54.131 /testbed/src/flask/app.py:1077 flask.app.Flask.ensure_sync event=return retval=<function TestIndirectExceptionCallGraph.test_generated_requests_exercise_error_pipeline.<locals>.generated_failure.<locals>.local_after at 0x71487b3bf240> locals={'func': '<function TestIndirectExceptionCallGraph.test_generated_requests_exercise_error_pipeline.<locals>.generated_failure.<locals>.local_after at 0x71487b3bf240>', 'self': "<Flask 'runtime_exception_graph'>"}
2026-08-22 23:51:54.131 /testbed/src/flask/app.py:1407 flask.app.Flask.process_response event=line locals={}
2026-08-22 23:51:54.131 /testbed/src/flask/app.py:1408 flask.app.Flask.process_response event=line locals={'func': '<function TestIndirectExceptionCallGraph.test_generated_requests_exercise_error_pipeline.<locals>.generated_failure.<locals>.local_after at 0x71487b3bf2e0>'}
2026-08-22 23:51:54.131 /testbed/src/flask/app.py:1065 flask.app.Flask.ensure_sync event=call locals={'func': '<function TestIndirectExceptionCallGraph.test_generated_requests_exercise_error_pipeline.<locals>.generated_failure.<locals>.local_after at 0x71487b3bf2e0>', 'self': "<Flask 'runtime_exception_graph'>"}
2026-08-22 23:51:54.131 /testbed/src/flask/app.py:1074 flask.app.Flask.ensure_sync event=line locals={}
2026-08-22 23:51:54.131 /testbed/src/flask/app.py:1077 flask.app.Flask.ensure_sync event=line locals={}
2026-08-22 23:51:54.131 /testbed/src/flask/app.py:1077 flask.app.Flask.ensure_sync event=return retval=<function TestIndirectExceptionCallGraph.test_generated_requests_exercise_error_pipeline.<locals>.generated_failure.<locals>.local_after at 0x71487b3bf2e0> locals={'func': '<function TestIndirectExceptionCallGraph.test_generated_requests_exercise_error_pipeline.<locals>.generated_failure.<locals>.local_after at 0x71487b3bf2e0>', 'self': "<Flask 'runtime_exception_graph'>"}
2026-08-22 23:51:54.131 /testbed/src/flask/app.py:1407 flask.app.Flask.process_response event=line locals={}
2026-08-22 23:51:54.131 /testbed/src/flask/app.py:1410 flask.app.Flask.process_response event=line locals={}
2026-08-22 23:51:54.132 /testbed/src/flask/app.py:1411 flask.app.Flask.process_response event=line locals={'name': 'None'}
2026-08-22 23:51:54.132 /testbed/src/flask/app.py:1412 flask.app.Flask.process_response event=line locals={}
2026-08-22 23:51:54.132 /testbed/src/flask/app.py:1413 flask.app.Flask.process_response event=line locals={'func': '<function TestIndirectExceptionCallGraph.test_generated_requests_exercise_error_pipeline.<locals>.global_after at 0x71487b39c5e0>'}
2026-08-22 23:51:54.132 /testbed/src/flask/app.py:1065 flask.app.Flask.ensure_sync event=call locals={'func': '<function TestIndirectExceptionCallGraph.test_generated_requests_exercise_error_pipeline.<locals>.global_after at 0x71487b39c5e0>', 'self': "<Flask 'runtime_exception_graph'>"}
2026-08-22 23:51:54.132 /testbed/src/flask/app.py:1074 flask.app.Flask.ensure_sync event=line locals={}
2026-08-22 23:51:54.132 /testbed/src/flask/app.py:1077 flask.app.Flask.ensure_sync event=line locals={}
2026-08-22 23:51:54.132 /testbed/src/flask/app.py:1077 flask.app.Flask.ensure_sync event=return retval=<function TestIndirectExceptionCallGraph.test_generated_requests_exercise_error_pipeline.<locals>.global_after at 0x71487b39c5e0> locals={'func': '<function TestIndirectExceptionCallGraph.test_generated_requests_exercise_error_pipeline.<locals>.global_after at 0x71487b39c5e0>', 'self': "<Flask 'runtime_exception_graph'>"}
2026-08-22 23:51:54.132 /testbed/src/flask/app.py:1412 flask.app.Flask.process_response event=line locals={}
2026-08-22 23:51:54.132 /testbed/src/flask/app.py:1413 flask.app.Flask.process_response event=line locals={'func': '<function TestIndirectExceptionCallGraph.test_generated_requests_exercise_error_pipeline.<locals>.global_after at 0x71487b39c540>'}
2026-08-22 23:51:54.132 /testbed/src/flask/app.py:1065 flask.app.Flask.ensure_sync event=call locals={'func': '<function TestIndirectExceptionCallGraph.test_generated_requests_exercise_error_pipeline.<locals>.global_after at 0x71487b39c540>', 'self': "<Flask 'runtime_exception_graph'>"}
2026-08-22 23:51:54.132 /testbed/src/flask/app.py:1074 flask.app.Flask.ensure_sync event=line locals={}
2026-08-22 23:51:54.132 /testbed/src/flask/app.py:1077 flask.app.Flask.ensure_sync event=line locals={}
2026-08-22 23:51:54.132 /testbed/src/flask/app.py:1077 flask.app.Flask.ensure_sync event=return retval=<function TestIndirectExceptionCallGraph.test_generated_requests_exercise_error_pipeline.<locals>.global_after at 0x71487b39c540> locals={'func': '<function TestIndirectExceptionCallGraph.test_generated_requests_exercise_error_pipeline.<locals>.global_after at 0x71487b39c540>', 'self': "<Flask 'runtime_exception_graph'>"}
2026-08-22 23:51:54.132 /testbed/src/flask/app.py:1412 flask.app.Flask.process_response event=line locals={}
2026-08-22 23:51:54.132 /testbed/src/flask/app.py:1413 flask.app.Flask.process_response event=line locals={'func': '<function TestIndirectExceptionCallGraph.test_generated_requests_exercise_error_pipeline.<locals>.global_after at 0x71487b39c4a0>'}
2026-08-22 23:51:54.132 /testbed/src/flask/app.py:1065 flask.app.Flask.ensure_sync event=call locals={'func': '<function TestIndirectExceptionCallGraph.test_generated_requests_exercise_error_pipeline.<locals>.global_after at 0x71487b39c4a0>', 'self': "<Flask 'runtime_exception_graph'>"}
2026-08-22 23:51:54.132 /testbed/src/flask/app.py:1074 flask.app.Flask.ensure_sync event=line locals={}
2026-08-22 23:51:54.133 /testbed/src/flask/app.py:1077 flask.app.Flask.ensure_sync event=line locals={}
2026-08-22 23:51:54.133 /testbed/src/flask/app.py:1077 flask.app.Flask.ensure_sync event=return retval=<function TestIndirectExceptionCallGraph.test_generated_requests_exercise_error_pipeline.<locals>.global_after at 0x71487b39c4a0> locals={'func': '<function TestIndirectExceptionCallGraph.test_generated_requests_exercise_error_pipeline.<locals>.global_after at 0x71487b39c4a0>', 'self': "<Flask 'runtime_exception_graph'>"}
2026-08-22 23:51:54.133 /testbed/src/flask/app.py:1412 flask.app.Flask.process_response event=line locals={}
2026-08-22 23:51:54.133 /testbed/src/flask/app.py:1413 flask.app.Flask.process_response event=line locals={'func': '<function TestIndirectExceptionCallGraph.test_generated_requests_exercise_error_pipeline.<locals>.global_after at 0x71487b39c400>'}
2026-08-22 23:51:54.133 /testbed/src/flask/app.py:1065 flask.app.Flask.ensure_sync event=call locals={'func': '<function TestIndirectExceptionCallGraph.test_generated_requests_exercise_error_pipeline.<locals>.global_after at 0x71487b39c400>', 'self': "<Flask 'runtime_exception_graph'>"}
2026-08-22 23:51:54.133 /testbed/src/flask/app.py:1074 flask.app.Flask.ensure_sync event=line locals={}
2026-08-22 23:51:54.133 /testbed/src/flask/app.py:1077 flask.app.Flask.ensure_sync event=line locals={}
2026-08-22 23:51:54.133 /testbed/src/flask/app.py:1077 flask.app.Flask.ensure_sync event=return retval=<function TestIndirectExceptionCallGraph.test_generated_requests_exercise_error_pipeline.<locals>.global_after at 0x71487b39c400> locals={'func': '<function TestIndirectExceptionCallGraph.test_generated_requests_exercise_error_pipeline.<locals>.global_after at 0x71487b39c400>', 'self': "<Flask 'runtime_exception_graph'>"}
2026-08-22 23:51:54.133 /testbed/src/flask/app.py:1412 flask.app.Flask.process_response event=line locals={}
2026-08-22 23:51:54.133 /testbed/src/flask/app.py:1413 flask.app.Flask.process_response event=line locals={'func': '<function TestIndirectExceptionCallGraph.test_generated_requests_exercise_error_pipeline.<locals>.global_after at 0x71487b39c360>'}
2026-08-22 23:51:54.133 /testbed/src/flask/app.py:1065 flask.app.Flask.ensure_sync event=call locals={'func': '<function TestIndirectExceptionCallGraph.test_generated_requests_exercise_error_pipeline.<locals>.global_after at 0x71487b39c360>', 'self': "<Flask 'runtime_exception_graph'>"}
2026-08-22 23:51:54.133 /testbed/src/flask/app.py:1074 flask.app.Flask.ensure_sync event=line locals={}
2026-08-22 23:51:54.133 /testbed/src/flask/app.py:1077 flask.app.Flask.ensure_sync event=line locals={}
2026-08-22 23:51:54.133 /testbed/src/flask/app.py:1077 flask.app.Flask.ensure_sync event=return retval=<function TestIndirectExceptionCallGraph.test_generated_requests_exercise_error_pipeline.<locals>.global_after at 0x71487b39c360> locals={'func': '<function TestIndirectExceptionCallGraph.test_generated_requests_exercise_error_pipeline.<locals>.global_after at 0x71487b39c360>', 'self': "<Flask 'runtime_exception_graph'>"}
2026-08-22 23:51:54.134 /testbed/src/flask/app.py:1412 flask.app.Flask.process_response event=line locals={}
2026-08-22 23:51:54.134 /testbed/src/flask/app.py:1413 flask.app.Flask.process_response event=line locals={'func': '<function TestIndirectExceptionCallGraph.test_generated_requests_exercise_error_pipeline.<locals>.global_after at 0x71487b39c2c0>'}
2026-08-22 23:51:54.134 /testbed/src/flask/app.py:1065 flask.app.Flask.ensure_sync event=call locals={'func': '<function TestIndirectExceptionCallGraph.test_generated_requests_exercise_error_pipeline.<locals>.global_after at 0x71487b39c2c0>', 'self': "<Flask 'runtime_exception_graph'>"}
2026-08-22 23:51:54.134 /testbed/src/flask/app.py:1074 flask.app.Flask.ensure_sync event=line locals={}
2026-08-22 23:51:54.134 /testbed/src/flask/app.py:1077 flask.app.Flask.ensure_sync event=line locals={}
2026-08-22 23:51:54.134 /testbed/src/flask/app.py:1077 flask.app.Flask.ensure_sync event=return retval=<function TestIndirectExceptionCallGraph.test_generated_requests_exercise_error_pipeline.<locals>.global_after at 0x71487b39c2c0> locals={'func': '<function TestIndirectExceptionCallGraph.test_generated_requests_exercise_error_pipeline.<locals>.global_after at 0x71487b39c2c0>', 'self': "<Flask 'runtime_exception_graph'>"}
2026-08-22 23:51:54.134 /testbed/src/flask/app.py:1412 flask.app.Flask.process_response event=line locals={}
2026-08-22 23:51:54.134 /testbed/src/flask/app.py:1413 flask.app.Flask.process_response event=line locals={'func': '<function TestIndirectExceptionCallGraph.test_generated_requests_exercise_error_pipeline.<locals>.global_after at 0x71487b39c220>'}
2026-08-22 23:51:54.134 /testbed/src/flask/app.py:1065 flask.app.Flask.ensure_sync event=call locals={'func': '<function TestIndirectExceptionCallGraph.test_generated_requests_exercise_error_pipeline.<locals>.global_after at 0x71487b39c220>', 'self': "<Flask 'runtime_exception_graph'>"}
2026-08-22 23:51:54.134 /testbed/src/flask/app.py:1074 flask.app.Flask.ensure_sync event=line locals={}
2026-08-22 23:51:54.134 /testbed/src/flask/app.py:1077 flask.app.Flask.ensure_sync event=line locals={}
2026-08-22 23:51:54.134 /testbed/src/flask/app.py:1077 flask.app.Flask.ensure_sync event=return retval=<function TestIndirectExceptionCallGraph.test_generated_requests_exercise_error_pipeline.<locals>.global_after at 0x71487b39c220> locals={'func': '<function TestIndirectExceptionCallGraph.test_generated_requests_exercise_error_pipeline.<locals>.global_after at 0x71487b39c220>', 'self': "<Flask 'runtime_exception_graph'>"}
2026-08-22 23:51:54.134 /testbed/src/flask/app.py:1412 flask.app.Flask.process_response event=line locals={}
2026-08-22 23:51:54.134 /testbed/src/flask/app.py:1413 flask.app.Flask.process_response event=line locals={'func': '<function TestIndirectExceptionCallGraph.test_generated_requests_exercise_error_pipeline.<locals>.global_after at 0x71487b39c180>'}
2026-08-22 23:51:54.134 /testbed/src/flask/app.py:1065 flask.app.Flask.ensure_sync event=call locals={'func': '<function TestIndirectExceptionCallGraph.test_generated_requests_exercise_error_pipeline.<locals>.global_after at 0x71487b39c180>', 'self': "<Flask 'runtime_exception_graph'>"}
2026-08-22 23:51:54.134 /testbed/src/flask/app.py:1074 flask.app.Flask.ensure_sync event=line locals={}
2026-08-22 23:51:54.135 /testbed/src/flask/app.py:1077 flask.app.Flask.ensure_sync event=line locals={}
2026-08-22 23:51:54.135 /testbed/src/flask/app.py:1077 flask.app.Flask.ensure_sync event=return retval=<function TestIndirectExceptionCallGraph.test_generated_requests_exercise_error_pipeline.<locals>.global_after at 0x71487b39c180> locals={'func': '<function TestIndirectExceptionCallGraph.test_generated_requests_exercise_error_pipeline.<locals>.global_after at 0x71487b39c180>', 'self': "<Flask 'runtime_exception_graph'>"}
2026-08-22 23:51:54.135 /testbed/src/flask/app.py:1412 flask.app.Flask.process_response event=line locals={}
2026-08-22 23:51:54.135 /testbed/src/flask/app.py:1413 flask.app.Flask.process_response event=line locals={'func': '<function TestIndirectExceptionCallGraph.test_generated_requests_exercise_error_pipeline.<locals>.global_after at 0x71487b39c040>'}
2026-08-22 23:51:54.135 /testbed/src/flask/app.py:1065 flask.app.Flask.ensure_sync event=call locals={'func': '<function TestIndirectExceptionCallGraph.test_generated_requests_exercise_error_pipeline.<locals>.global_after at 0x71487b39c040>', 'self': "<Flask 'runtime_exception_graph'>"}
2026-08-22 23:51:54.135 /testbed/src/flask/app.py:1074 flask.app.Flask.ensure_sync event=line locals={}
2026-08-22 23:51:54.135 /testbed/src/flask/app.py:1077 flask.app.Flask.ensure_sync event=line locals={}
2026-08-22 23:51:54.135 /testbed/src/flask/app.py:1077 flask.app.Flask.ensure_sync event=return retval=<function TestIndirectExceptionCallGraph.test_generated_requests_exercise_error_pipeline.<locals>.global_after at 0x71487b39c040> locals={'func': '<function TestIndirectExceptionCallGraph.test_generated_requests_exercise_error_pipeline.<locals>.global_after at 0x71487b39c040>', 'self': "<Flask 'runtime_exception_graph'>"}
2026-08-22 23:51:54.135 /testbed/src/flask/app.py:1412 flask.app.Flask.process_response event=line locals={}
2026-08-22 23:51:54.135 /testbed/src/flask/app.py:1410 flask.app.Flask.process_response event=line locals={}
2026-08-22 23:51:54.135 /testbed/src/flask/app.py:1415 flask.app.Flask.process_response event=line locals={}
2026-08-22 23:51:54.135 /testbed/src/flask/app.py:1418 flask.app.Flask.process_response event=line locals={}
2026-08-22 23:51:54.135 /testbed/src/flask/app.py:1418 flask.app.Flask.process_response event=return retval=<Response 13 bytes [500 INTERNAL SERVER ERROR]> locals={'ctx': "<AppContext 124556119278672 of runtime_exception_graph, GET 'http://localhost/generated/16'>", 'func': '<function TestIndirectExceptionCallGraph.test_generated_requests_exercise_error_pipeline.<locals>.global_after at 0x71487b39c040>', 'name': 'None', 'response': '<Response 13 bytes [500 INTERNAL SERVER ERROR]>', 'self': "<Flask 'runtime_exception_graph'>"}
2026-08-22 23:51:54.135 /testbed/src/flask/app.py:1042 flask.app.Flask.finalize_request event=line locals={}
2026-08-22 23:51:54.135 /testbed/src/flask/app.py:1043 flask.app.Flask.finalize_request event=line locals={}
2026-08-22 23:51:54.135 /testbed/src/flask/app.py:1042 flask.app.Flask.finalize_request event=line locals={}
2026-08-22 23:51:54.136 /testbed/src/flask/app.py:1051 flask.app.Flask.finalize_request event=line locals={}
2026-08-22 23:51:54.136 /testbed/src/flask/app.py:1051 flask.app.Flask.finalize_request event=return retval=<Response 13 bytes [500 INTERNAL SERVER ERROR]> locals={'ctx': "<AppContext 124556119278672 of runtime_exception_graph, GET 'http://localhost/generated/16'>", 'from_error_handler': 'True', 'response': '<Response 13 bytes [500 INTERNAL SERVER ERROR]>', 'rv': "('failure-8c58f', '500 INTERNAL SERVER ERROR')", 'self': "<Flask 'runtime_exception_graph'>"}
2026-08-22 23:51:54.136 /testbed/src/flask/app.py:948 flask.app.Flask.handle_exception event=return retval=<Response 13 bytes [500 INTERNAL SERVER ERROR]> locals={'ctx': "<AppContext 124556119278672 of runtime_exception_graph, GET 'http://localhost/generated/16'>", 'e': "RuntimeError('generated failure 438e')", 'exc_info': "(<class 'RuntimeError'>, RuntimeError('generated failure 438e'), <traceback object at 0x71487b3e91c0>)", 'handler': '<function TestIndirectExceptionCallGraph.test_generated_requests_exercise_error_pipeline.<locals>.convert_unhandled_error at 0x71487b39c720>', 'propagate': 'False', 'self': "<Flask 'runtime_exception_graph'>", 'server_error': "('failure-8c58f', '500 INTERNAL SERVER ERROR')"}
2026-08-22 23:51:54.154 /testbed/src/flask/app.py:1065 flask.app.Flask.ensure_sync event=call locals={'func': '<function TestIndirectExceptionCallGraph.test_generated_requests_exercise_error_pipeline.<locals>.generated_failure at 0x71487b39c9a0>', 'self': "<Flask 'runtime_exception_graph'>"}
2026-08-22 23:51:54.154 /testbed/src/flask/app.py:1074 flask.app.Flask.ensure_sync event=line locals={}
2026-08-22 23:51:54.154 /testbed/src/flask/app.py:1077 flask.app.Flask.ensure_sync event=line locals={}
2026-08-22 23:51:54.154 /testbed/src/flask/app.py:1077 flask.app.Flask.ensure_sync event=return retval=<function TestIndirectExceptionCallGraph.test_generated_requests_exercise_error_pipeline.<locals>.generated_failure at 0x71487b39c9a0> locals={'func': '<function TestIndirectExceptionCallGraph.test_generated_requests_exercise_error_pipeline.<locals>.generated_failure at 0x71487b39c9a0>', 'self': "<Flask 'runtime_exception_graph'>"}
2026-08-22 23:51:54.155 /testbed/src/flask/app.py:897 flask.app.Flask.handle_exception event=call locals={'ctx': "<AppContext 124556119269264 of runtime_exception_graph, GET 'http://localhost/generated/21'>", 'e': "RuntimeError('generated failure de076')", 'self': "<Flask 'runtime_exception_graph'>"}
2026-08-22 23:51:54.155 /testbed/src/flask/app.py:925 flask.app.Flask.handle_exception event=line locals={}
2026-08-22 23:51:54.155 /testbed/src/flask/app.py:926 flask.app.Flask.handle_exception event=line locals={'exc_info': "(<class 'RuntimeError'>, RuntimeError('generated failure de076'), <traceback object at 0x71487b3d5780>)"}
2026-08-22 23:51:54.155 /testbed/src/flask/app.py:927 flask.app.Flask.handle_exception event=line locals={}
2026-08-22 23:51:54.155 /testbed/src/flask/app.py:929 flask.app.Flask.handle_exception event=line locals={'propagate': 'False'}
2026-08-22 23:51:54.155 /testbed/src/flask/app.py:932 flask.app.Flask.handle_exception event=line locals={}
2026-08-22 23:51:54.155 /testbed/src/flask/app.py:940 flask.app.Flask.handle_exception event=line locals={}
2026-08-22 23:51:54.155 /testbed/src/flask/app.py:950 flask.app.Flask.log_exception event=call locals={'ctx': "<AppContext 124556119269264 of runtime_exception_graph, GET 'http://localhost/generated/21'>", 'exc_info': "(<class 'RuntimeError'>, RuntimeError('generated failure de076'), <traceback object at 0x71487b3d5780>)", 'self': "<Flask 'runtime_exception_graph'>"}
2026-08-22 23:51:54.155 /testbed/src/flask/app.py:962 flask.app.Flask.log_exception event=line locals={}
2026-08-22 23:51:54.155 /testbed/src/flask/app.py:963 flask.app.Flask.log_exception event=line locals={}
2026-08-22 23:51:54.155 /testbed/src/flask/app.py:962 flask.app.Flask.log_exception event=line locals={}
2026-08-22 23:51:54.156 /testbed/src/flask/app.py:962 flask.app.Flask.log_exception event=return retval=None locals={'ctx': "<AppContext 124556119269264 of runtime_exception_graph, GET 'http://localhost/generated/21'>", 'exc_info': "(<class 'RuntimeError'>, RuntimeError('generated failure de076'), <traceback object at 0x71487b3d5780>)", 'self': "<Flask 'runtime_exception_graph'>"}
2026-08-22 23:51:54.156 /testbed/src/flask/app.py:942 flask.app.Flask.handle_exception event=line locals={}
2026-08-22 23:51:54.156 /testbed/src/flask/app.py:943 flask.app.Flask.handle_exception event=line locals={'server_error': "<InternalServerError '500: Internal Server Error'>"}
2026-08-22 23:51:54.156 /testbed/src/flask/app.py:945 flask.app.Flask.handle_exception event=line locals={'handler': '<function TestIndirectExceptionCallGraph.test_generated_requests_exercise_error_pipeline.<locals>.convert_unhandled_error at 0x71487b39c720>'}
2026-08-22 23:51:54.156 /testbed/src/flask/app.py:946 flask.app.Flask.handle_exception event=line locals={}
2026-08-22 23:51:54.156 /testbed/src/flask/app.py:1065 flask.app.Flask.ensure_sync event=call locals={'func': '<function TestIndirectExceptionCallGraph.test_generated_requests_exercise_error_pipeline.<locals>.convert_unhandled_error at 0x71487b39c720>', 'self': "<Flask 'runtime_exception_graph'>"}
2026-08-22 23:51:54.156 /testbed/src/flask/app.py:1074 flask.app.Flask.ensure_sync event=line locals={}
2026-08-22 23:51:54.156 /testbed/src/flask/app.py:1077 flask.app.Flask.ensure_sync event=line locals={}
2026-08-22 23:51:54.156 /testbed/src/flask/app.py:1077 flask.app.Flask.ensure_sync event=return retval=<function TestIndirectExceptionCallGraph.test_generated_requests_exercise_error_pipeline.<locals>.convert_unhandled_error at 0x71487b39c720> locals={'func': '<function TestIndirectExceptionCallGraph.test_generated_requests_exercise_error_pipeline.<locals>.convert_unhandled_error at 0x71487b39c720>', 'self': "<Flask 'runtime_exception_graph'>"}
2026-08-22 23:51:54.156 /testbed/src/flask/app.py:948 flask.app.Flask.handle_exception event=line locals={'server_error': "('failure-c9392', '500 INTERNAL SERVER ERROR')"}
2026-08-22 23:51:54.156 /testbed/src/flask/app.py:1021 flask.app.Flask.finalize_request event=call locals={'ctx': "<AppContext 124556119269264 of runtime_exception_graph, GET 'http://localhost/generated/21'>", 'from_error_handler': 'True', 'rv': "('failure-c9392', '500 INTERNAL SERVER ERROR')", 'self': "<Flask 'runtime_exception_graph'>"}
2026-08-22 23:51:54.156 /testbed/src/flask/app.py:1039 flask.app.Flask.finalize_request event=line locals={}
2026-08-22 23:51:54.156 /testbed/src/flask/app.py:1224 flask.app.Flask.make_response event=call locals={'rv': "('failure-c9392', '500 INTERNAL SERVER ERROR')", 'self': "<Flask 'runtime_exception_graph'>"}
2026-08-22 23:51:54.156 /testbed/src/flask/app.py:1281 flask.app.Flask.make_response event=line locals={}
2026-08-22 23:51:54.156 /testbed/src/flask/app.py:1282 flask.app.Flask.make_response event=line locals={'status': 'None'}
2026-08-22 23:51:54.156 /testbed/src/flask/app.py:1285 flask.app.Flask.make_response event=line locals={'headers': 'None'}
2026-08-22 23:51:54.156 /testbed/src/flask/app.py:1286 flask.app.Flask.make_response event=line locals={}
2026-08-22 23:51:54.156 /testbed/src/flask/app.py:1289 flask.app.Flask.make_response event=line locals={'len_rv': '2'}
2026-08-22 23:51:54.156 /testbed/src/flask/app.py:1292 flask.app.Flask.make_response event=line locals={}
2026-08-22 23:51:54.156 /testbed/src/flask/app.py:1293 flask.app.Flask.make_response event=line locals={}
2026-08-22 23:51:54.156 /testbed/src/flask/app.py:1296 flask.app.Flask.make_response event=line locals={}
2026-08-22 23:51:54.156 /testbed/src/flask/app.py:1306 flask.app.Flask.make_response event=line locals={'rv': "'failure-c9392'", 'status': "'500 INTERNAL SERVER ERROR'"}
2026-08-22 23:51:54.156 /testbed/src/flask/app.py:1314 flask.app.Flask.make_response event=line locals={}
2026-08-22 23:51:54.156 /testbed/src/flask/app.py:1315 flask.app.Flask.make_response event=line locals={}
2026-08-22 23:51:54.156 /testbed/src/flask/app.py:1319 flask.app.Flask.make_response event=line locals={}
2026-08-22 23:51:54.156 /testbed/src/flask/app.py:1320 flask.app.Flask.make_response event=line locals={}
2026-08-22 23:51:54.156 /testbed/src/flask/app.py:1321 flask.app.Flask.make_response event=line locals={}
2026-08-22 23:51:54.156 /testbed/src/flask/app.py:1322 flask.app.Flask.make_response event=line locals={}
2026-08-22 23:51:54.157 /testbed/src/flask/app.py:1319 flask.app.Flask.make_response event=line locals={}
2026-08-22 23:51:54.157 /testbed/src/flask/app.py:1324 flask.app.Flask.make_response event=line locals={'rv': '<Response 13 bytes [500 INTERNAL SERVER ERROR]>'}
2026-08-22 23:51:54.157 /testbed/src/flask/app.py:1352 flask.app.Flask.make_response event=line locals={'status': 'None'}
2026-08-22 23:51:54.157 /testbed/src/flask/app.py:1354 flask.app.Flask.make_response event=line locals={}
2026-08-22 23:51:54.157 /testbed/src/flask/app.py:1361 flask.app.Flask.make_response event=line locals={}
2026-08-22 23:51:54.157 /testbed/src/flask/app.py:1364 flask.app.Flask.make_response event=line locals={}
2026-08-22 23:51:54.157 /testbed/src/flask/app.py:1364 flask.app.Flask.make_response event=return retval=<Response 13 bytes [500 INTERNAL SERVER ERROR]> locals={'headers': 'None', 'len_rv': '2', 'rv': '<Response 13 bytes [500 INTERNAL SERVER ERROR]>', 'self': "<Flask 'runtime_exception_graph'>", 'status': 'None'}
2026-08-22 23:51:54.157 /testbed/src/flask/app.py:1040 flask.app.Flask.finalize_request event=line locals={'response': '<Response 13 bytes [500 INTERNAL SERVER ERROR]>'}
2026-08-22 23:51:54.157 /testbed/src/flask/app.py:1041 flask.app.Flask.finalize_request event=line locals={}
2026-08-22 23:51:54.157 /testbed/src/flask/app.py:1394 flask.app.Flask.process_response event=call locals={'ctx': "<AppContext 124556119269264 of runtime_exception_graph, GET 'http://localhost/generated/21'>", 'response': '<Response 13 bytes [500 INTERNAL SERVER ERROR]>', 'self': "<Flask 'runtime_exception_graph'>"}
2026-08-22 23:51:54.157 /testbed/src/flask/app.py:1407 flask.app.Flask.process_response event=line locals={}
2026-08-22 23:51:54.157 /testbed/src/flask/app.py:1408 flask.app.Flask.process_response event=line locals={'func': '<function TestIndirectExceptionCallGraph.test_generated_requests_exercise_error_pipeline.<locals>.generated_failure.<locals>.local_after at 0x71487b3be2a0>'}
2026-08-22 23:51:54.157 /testbed/src/flask/app.py:1065 flask.app.Flask.ensure_sync event=call locals={'func': '<function TestIndirectExceptionCallGraph.test_generated_requests_exercise_error_pipeline.<locals>.generated_failure.<locals>.local_after at 0x71487b3be2a0>', 'self': "<Flask 'runtime_exception_graph'>"}
2026-08-22 23:51:54.157 /testbed/src/flask/app.py:1074 flask.app.Flask.ensure_sync event=line locals={}
2026-08-22 23:51:54.157 /testbed/src/flask/app.py:1077 flask.app.Flask.ensure_sync event=line locals={}
2026-08-22 23:51:54.157 /testbed/src/flask/app.py:1077 flask.app.Flask.ensure_sync event=return retval=<function TestIndirectExceptionCallGraph.test_generated_requests_exercise_error_pipeline.<locals>.generated_failure.<locals>.local_after at 0x71487b3be2a0> locals={'func': '<function TestIndirectExceptionCallGraph.test_generated_requests_exercise_error_pipeline.<locals>.generated_failure.<locals>.local_after at 0x71487b3be2a0>', 'self': "<Flask 'runtime_exception_graph'>"}
2026-08-22 23:51:54.157 /testbed/src/flask/app.py:1407 flask.app.Flask.process_response event=line locals={}
2026-08-22 23:51:54.157 /testbed/src/flask/app.py:1408 flask.app.Flask.process_response event=line locals={'func': '<function TestIndirectExceptionCallGraph.test_generated_requests_exercise_error_pipeline.<locals>.generated_failure.<locals>.local_after at 0x71487b3beac0>'}
2026-08-22 23:51:54.157 /testbed/src/flask/app.py:1065 flask.app.Flask.ensure_sync event=call locals={'func': '<function TestIndirectExceptionCallGraph.test_generated_requests_exercise_error_pipeline.<locals>.generated_failure.<locals>.local_after at 0x71487b3beac0>', 'self': "<Flask 'runtime_exception_graph'>"}
2026-08-22 23:51:54.157 /testbed/src/flask/app.py:1074 flask.app.Flask.ensure_sync event=line locals={}
2026-08-22 23:51:54.157 /testbed/src/flask/app.py:1077 flask.app.Flask.ensure_sync event=line locals={}
2026-08-22 23:51:54.157 /testbed/src/flask/app.py:1077 flask.app.Flask.ensure_sync event=return retval=<function TestIndirectExceptionCallGraph.test_generated_requests_exercise_error_pipeline.<locals>.generated_failure.<locals>.local_after at 0x71487b3beac0> locals={'func': '<function TestIndirectExceptionCallGraph.test_generated_requests_exercise_error_pipeline.<locals>.generated_failure.<locals>.local_after at 0x71487b3beac0>', 'self': "<Flask 'runtime_exception_graph'>"}
2026-08-22 23:51:54.157 /testbed/src/flask/app.py:1407 flask.app.Flask.process_response event=line locals={}
2026-08-22 23:51:54.157 /testbed/src/flask/app.py:1408 flask.app.Flask.process_response event=line locals={'func': '<function TestIndirectExceptionCallGraph.test_generated_requests_exercise_error_pipeline.<locals>.generated_failure.<locals>.local_after at 0x71487b3be480>'}
2026-08-22 23:51:54.157 /testbed/src/flask/app.py:1065 flask.app.Flask.ensure_sync event=call locals={'func': '<function TestIndirectExceptionCallGraph.test_generated_requests_exercise_error_pipeline.<locals>.generated_failure.<locals>.local_after at 0x71487b3be480>', 'self': "<Flask 'runtime_exception_graph'>"}
2026-08-22 23:51:54.157 /testbed/src/flask/app.py:1074 flask.app.Flask.ensure_sync event=line locals={}
2026-08-22 23:51:54.157 /testbed/src/flask/app.py:1077 flask.app.Flask.ensure_sync event=line locals={}
2026-08-22 23:51:54.158 /testbed/src/flask/app.py:1077 flask.app.Flask.ensure_sync event=return retval=<function TestIndirectExceptionCallGraph.test_generated_requests_exercise_error_pipeline.<locals>.generated_failure.<locals>.local_after at 0x71487b3be480> locals={'func': '<function TestIndirectExceptionCallGraph.test_generated_requests_exercise_error_pipeline.<locals>.generated_failure.<locals>.local_after at 0x71487b3be480>', 'self': "<Flask 'runtime_exception_graph'>"}
2026-08-22 23:51:54.158 /testbed/src/flask/app.py:1407 flask.app.Flask.process_response event=line locals={}
2026-08-22 23:51:54.158 /testbed/src/flask/app.py:1408 flask.app.Flask.process_response event=line locals={'func': '<function TestIndirectExceptionCallGraph.test_generated_requests_exercise_error_pipeline.<locals>.generated_failure.<locals>.local_after at 0x71487b3be520>'}
2026-08-22 23:51:54.158 /testbed/src/flask/app.py:1065 flask.app.Flask.ensure_sync event=call locals={'func': '<function TestIndirectExceptionCallGraph.test_generated_requests_exercise_error_pipeline.<locals>.generated_failure.<locals>.local_after at 0x71487b3be520>', 'self': "<Flask 'runtime_exception_graph'>"}
2026-08-22 23:51:54.158 /testbed/src/flask/app.py:1074 flask.app.Flask.ensure_sync event=line locals={}
2026-08-22 23:51:54.158 /testbed/src/flask/app.py:1077 flask.app.Flask.ensure_sync event=line locals={}
2026-08-22 23:51:54.158 /testbed/src/flask/app.py:1077 flask.app.Flask.ensure_sync event=return retval=<function TestIndirectExceptionCallGraph.test_generated_requests_exercise_error_pipeline.<locals>.generated_failure.<locals>.local_after at 0x71487b3be520> locals={'func': '<function TestIndirectExceptionCallGraph.test_generated_requests_exercise_error_pipeline.<locals>.generated_failure.<locals>.local_after at 0x71487b3be520>', 'self': "<Flask 'runtime_exception_graph'>"}
2026-08-22 23:51:54.158 /testbed/src/flask/app.py:1407 flask.app.Flask.process_response event=line locals={}
2026-08-22 23:51:54.158 /testbed/src/flask/app.py:1408 flask.app.Flask.process_response event=line locals={'func': '<function TestIndirectExceptionCallGraph.test_generated_requests_exercise_error_pipeline.<locals>.generated_failure.<locals>.local_after at 0x71487b3be5c0>'}
2026-08-22 23:51:54.158 /testbed/src/flask/app.py:1065 flask.app.Flask.ensure_sync event=call locals={'func': '<function TestIndirectExceptionCallGraph.test_generated_requests_exercise_error_pipeline.<locals>.generated_failure.<locals>.local_after at 0x71487b3be5c0>', 'self': "<Flask 'runtime_exception_graph'>"}
2026-08-22 23:51:54.158 /testbed/src/flask/app.py:1074 flask.app.Flask.ensure_sync event=line locals={}
2026-08-22 23:51:54.158 /testbed/src/flask/app.py:1077 flask.app.Flask.ensure_sync event=line locals={}
2026-08-22 23:51:54.158 /testbed/src/flask/app.py:1077 flask.app.Flask.ensure_sync event=return retval=<function TestIndirectExceptionCallGraph.test_generated_requests_exercise_error_pipeline.<locals>.generated_failure.<locals>.local_after at 0x71487b3be5c0> locals={'func': '<function TestIndirectExceptionCallGraph.test_generated_requests_exercise_error_pipeline.<locals>.generated_failure.<locals>.local_after at 0x71487b3be5c0>', 'self': "<Flask 'runtime_exception_graph'>"}
2026-08-22 23:51:54.158 /testbed/src/flask/app.py:1407 flask.app.Flask.process_response event=line locals={}
2026-08-22 23:51:54.158 /testbed/src/flask/app.py:1408 flask.app.Flask.process_response event=line locals={'func': '<function TestIndirectExceptionCallGraph.test_generated_requests_exercise_error_pipeline.<locals>.generated_failure.<locals>.local_after at 0x71487b3be660>'}
2026-08-22 23:51:54.158 /testbed/src/flask/app.py:1065 flask.app.Flask.ensure_sync event=call locals={'func': '<function TestIndirectExceptionCallGraph.test_generated_requests_exercise_error_pipeline.<locals>.generated_failure.<locals>.local_after at 0x71487b3be660>', 'self': "<Flask 'runtime_exception_graph'>"}
2026-08-22 23:51:54.158 /testbed/src/flask/app.py:1074 flask.app.Flask.ensure_sync event=line locals={}
2026-08-22 23:51:54.158 /testbed/src/flask/app.py:1077 flask.app.Flask.ensure_sync event=line locals={}
2026-08-22 23:51:54.158 /testbed/src/flask/app.py:1077 flask.app.Flask.ensure_sync event=return retval=<function TestIndirectExceptionCallGraph.test_generated_requests_exercise_error_pipeline.<locals>.generated_failure.<locals>.local_after at 0x71487b3be660> locals={'func': '<function TestIndirectExceptionCallGraph.test_generated_requests_exercise_error_pipeline.<locals>.generated_failure.<locals>.local_after at 0x71487b3be660>', 'self': "<Flask 'runtime_exception_graph'>"}
2026-08-22 23:51:54.158 /testbed/src/flask/app.py:1407 flask.app.Flask.process_response event=line locals={}
2026-08-22 23:51:54.158 /testbed/src/flask/app.py:1408 flask.app.Flask.process_response event=line locals={'func': '<function TestIndirectExceptionCallGraph.test_generated_requests_exercise_error_pipeline.<locals>.generated_failure.<locals>.local_after at 0x71487b3be700>'}
2026-08-22 23:51:54.158 /testbed/src/flask/app.py:1065 flask.app.Flask.ensure_sync event=call locals={'func': '<function TestIndirectExceptionCallGraph.test_generated_requests_exercise_error_pipeline.<locals>.generated_failure.<locals>.local_after at 0x71487b3be700>', 'self': "<Flask 'runtime_exception_graph'>"}
2026-08-22 23:51:54.158 /testbed/src/flask/app.py:1074 flask.app.Flask.ensure_sync event=line locals={}
2026-08-22 23:51:54.158 /testbed/src/flask/app.py:1077 flask.app.Flask.ensure_sync event=line locals={}
2026-08-22 23:51:54.158 /testbed/src/flask/app.py:1077 flask.app.Flask.ensure_sync event=return retval=<function TestIndirectExceptionCallGraph.test_generated_requests_exercise_error_pipeline.<locals>.generated_failure.<locals>.local_after at 0x71487b3be700> locals={'func': '<function TestIndirectExceptionCallGraph.test_generated_requests_exercise_error_pipeline.<locals>.generated_failure.<locals>.local_after at 0x71487b3be700>', 'self': "<Flask 'runtime_exception_graph'>"}
2026-08-22 23:51:54.158 /testbed/src/flask/app.py:1407 flask.app.Flask.process_response event=line locals={}
2026-08-22 23:51:54.158 /testbed/src/flask/app.py:1408 flask.app.Flask.process_response event=line locals={'func': '<function TestIndirectExceptionCallGraph.test_generated_requests_exercise_error_pipeline.<locals>.generated_failure.<locals>.local_after at 0x71487b3be7a0>'}
2026-08-22 23:51:54.158 /testbed/src/flask/app.py:1065 flask.app.Flask.ensure_sync event=call locals={'func': '<function TestIndirectExceptionCallGraph.test_generated_requests_exercise_error_pipeline.<locals>.generated_failure.<locals>.local_after at 0x71487b3be7a0>', 'self': "<Flask 'runtime_exception_graph'>"}
2026-08-22 23:51:54.158 /testbed/src/flask/app.py:1074 flask.app.Flask.ensure_sync event=line locals={}
2026-08-22 23:51:54.158 /testbed/src/flask/app.py:1077 flask.app.Flask.ensure_sync event=line locals={}
2026-08-22 23:51:54.158 /testbed/src/flask/app.py:1077 flask.app.Flask.ensure_sync event=return retval=<function TestIndirectExceptionCallGraph.test_generated_requests_exercise_error_pipeline.<locals>.generated_failure.<locals>.local_after at 0x71487b3be7a0> locals={'func': '<function TestIndirectExceptionCallGraph.test_generated_requests_exercise_error_pipeline.<locals>.generated_failure.<locals>.local_after at 0x71487b3be7a0>', 'self': "<Flask 'runtime_exception_graph'>"}
2026-08-22 23:51:54.158 /testbed/src/flask/app.py:1407 flask.app.Flask.process_response event=line locals={}
2026-08-22 23:51:54.158 /testbed/src/flask/app.py:1408 flask.app.Flask.process_response event=line locals={'func': '<function TestIndirectExceptionCallGraph.test_generated_requests_exercise_error_pipeline.<locals>.generated_failure.<locals>.local_after at 0x71487b3be840>'}
2026-08-22 23:51:54.158 /testbed/src/flask/app.py:1065 flask.app.Flask.ensure_sync event=call locals={'func': '<function TestIndirectExceptionCallGraph.test_generated_requests_exercise_error_pipeline.<locals>.generated_failure.<locals>.local_after at 0x71487b3be840>', 'self': "<Flask 'runtime_exception_graph'>"}
2026-08-22 23:51:54.158 /testbed/src/flask/app.py:1074 flask.app.Flask.ensure_sync event=line locals={}
2026-08-22 23:51:54.158 /testbed/src/flask/app.py:1077 flask.app.Flask.ensure_sync event=line locals={}
2026-08-22 23:51:54.158 /testbed/src/flask/app.py:1077 flask.app.Flask.ensure_sync event=return retval=<function TestIndirectExceptionCallGraph.test_generated_requests_exercise_error_pipeline.<locals>.generated_failure.<locals>.local_after at 0x71487b3be840> locals={'func': '<function TestIndirectExceptionCallGraph.test_generated_requests_exercise_error_pipeline.<locals>.generated_failure.<locals>.local_after at 0x71487b3be840>', 'self': "<Flask 'runtime_exception_graph'>"}
2026-08-22 23:51:54.158 /testbed/src/flask/app.py:1407 flask.app.Flask.process_response event=line locals={}
2026-08-22 23:51:54.158 /testbed/src/flask/app.py:1408 flask.app.Flask.process_response event=line locals={'func': '<function TestIndirectExceptionCallGraph.test_generated_requests_exercise_error_pipeline.<locals>.generated_failure.<locals>.local_after at 0x71487b3be8e0>'}
2026-08-22 23:51:54.158 /testbed/src/flask/app.py:1065 flask.app.Flask.ensure_sync event=call locals={'func': '<function TestIndirectExceptionCallGraph.test_generated_requests_exercise_error_pipeline.<locals>.generated_failure.<locals>.local_after at 0x71487b3be8e0>', 'self': "<Flask 'runtime_exception_graph'>"}
2026-08-22 23:51:54.158 /testbed/src/flask/app.py:1074 flask.app.Flask.ensure_sync event=line locals={}
2026-08-22 23:51:54.159 /testbed/src/flask/app.py:1077 flask.app.Flask.ensure_sync event=line locals={}
2026-08-22 23:51:54.159 /testbed/src/flask/app.py:1077 flask.app.Flask.ensure_sync event=return retval=<function TestIndirectExceptionCallGraph.test_generated_requests_exercise_error_pipeline.<locals>.generated_failure.<locals>.local_after at 0x71487b3be8e0> locals={'func': '<function TestIndirectExceptionCallGraph.test_generated_requests_exercise_error_pipeline.<locals>.generated_failure.<locals>.local_after at 0x71487b3be8e0>', 'self': "<Flask 'runtime_exception_graph'>"}
2026-08-22 23:51:54.159 /testbed/src/flask/app.py:1407 flask.app.Flask.process_response event=line locals={}
2026-08-22 23:51:54.159 /testbed/src/flask/app.py:1408 flask.app.Flask.process_response event=line locals={'func': '<function TestIndirectExceptionCallGraph.test_generated_requests_exercise_error_pipeline.<locals>.generated_failure.<locals>.local_after at 0x71487b3be980>'}
2026-08-22 23:51:54.159 /testbed/src/flask/app.py:1065 flask.app.Flask.ensure_sync event=call locals={'func': '<function TestIndirectExceptionCallGraph.test_generated_requests_exercise_error_pipeline.<locals>.generated_failure.<locals>.local_after at 0x71487b3be980>', 'self': "<Flask 'runtime_exception_graph'>"}
2026-08-22 23:51:54.159 /testbed/src/flask/app.py:1074 flask.app.Flask.ensure_sync event=line locals={}
2026-08-22 23:51:54.159 /testbed/src/flask/app.py:1077 flask.app.Flask.ensure_sync event=line locals={}
2026-08-22 23:51:54.159 /testbed/src/flask/app.py:1077 flask.app.Flask.ensure_sync event=return retval=<function TestIndirectExceptionCallGraph.test_generated_requests_exercise_error_pipeline.<locals>.generated_failure.<locals>.local_after at 0x71487b3be980> locals={'func': '<function TestIndirectExceptionCallGraph.test_generated_requests_exercise_error_pipeline.<locals>.generated_failure.<locals>.local_after at 0x71487b3be980>', 'self': "<Flask 'runtime_exception_graph'>"}
2026-08-22 23:51:54.159 /testbed/src/flask/app.py:1407 flask.app.Flask.process_response event=line locals={}
2026-08-22 23:51:54.159 /testbed/src/flask/app.py:1408 flask.app.Flask.process_response event=line locals={'func': '<function TestIndirectExceptionCallGraph.test_generated_requests_exercise_error_pipeline.<locals>.generated_failure.<locals>.local_after at 0x71487b3bea20>'}
2026-08-22 23:51:54.159 /testbed/src/flask/app.py:1065 flask.app.Flask.ensure_sync event=call locals={'func': '<function TestIndirectExceptionCallGraph.test_generated_requests_exercise_error_pipeline.<locals>.generated_failure.<locals>.local_after at 0x71487b3bea20>', 'self': "<Flask 'runtime_exception_graph'>"}
2026-08-22 23:51:54.159 /testbed/src/flask/app.py:1074 flask.app.Flask.ensure_sync event=line locals={}
2026-08-22 23:51:54.159 /testbed/src/flask/app.py:1077 flask.app.Flask.ensure_sync event=line locals={}
2026-08-22 23:51:54.159 /testbed/src/flask/app.py:1077 flask.app.Flask.ensure_sync event=return retval=<function TestIndirectExceptionCallGraph.test_generated_requests_exercise_error_pipeline.<locals>.generated_failure.<locals>.local_after at 0x71487b3bea20> locals={'func': '<function TestIndirectExceptionCallGraph.test_generated_requests_exercise_error_pipeline.<locals>.generated_failure.<locals>.local_after at 0x71487b3bea20>', 'self': "<Flask 'runtime_exception_graph'>"}
2026-08-22 23:51:54.159 /testbed/src/flask/app.py:1407 flask.app.Flask.process_response event=line locals={}
2026-08-22 23:51:54.159 /testbed/src/flask/app.py:1408 flask.app.Flask.process_response event=line locals={'func': '<function TestIndirectExceptionCallGraph.test_generated_requests_exercise_error_pipeline.<locals>.generated_failure.<locals>.local_after at 0x71487b3be3e0>'}
2026-08-22 23:51:54.159 /testbed/src/flask/app.py:1065 flask.app.Flask.ensure_sync event=call locals={'func': '<function TestIndirectExceptionCallGraph.test_generated_requests_exercise_error_pipeline.<locals>.generated_failure.<locals>.local_after at 0x71487b3be3e0>', 'self': "<Flask 'runtime_exception_graph'>"}
2026-08-22 23:51:54.159 /testbed/src/flask/app.py:1074 flask.app.Flask.ensure_sync event=line locals={}
2026-08-22 23:51:54.159 /testbed/src/flask/app.py:1077 flask.app.Flask.ensure_sync event=line locals={}
2026-08-22 23:51:54.159 /testbed/src/flask/app.py:1077 flask.app.Flask.ensure_sync event=return retval=<function TestIndirectExceptionCallGraph.test_generated_requests_exercise_error_pipeline.<locals>.generated_failure.<locals>.local_after at 0x71487b3be3e0> locals={'func': '<function TestIndirectExceptionCallGraph.test_generated_requests_exercise_error_pipeline.<locals>.generated_failure.<locals>.local_after at 0x71487b3be3e0>', 'self': "<Flask 'runtime_exception_graph'>"}
2026-08-22 23:51:54.159 /testbed/src/flask/app.py:1407 flask.app.Flask.process_response event=line locals={}
2026-08-22 23:51:54.159 /testbed/src/flask/app.py:1408 flask.app.Flask.process_response event=line locals={'func': '<function TestIndirectExceptionCallGraph.test_generated_requests_exercise_error_pipeline.<locals>.generated_failure.<locals>.local_after at 0x71487b3be200>'}
2026-08-22 23:51:54.159 /testbed/src/flask/app.py:1065 flask.app.Flask.ensure_sync event=call locals={'func': '<function TestIndirectExceptionCallGraph.test_generated_requests_exercise_error_pipeline.<locals>.generated_failure.<locals>.local_after at 0x71487b3be200>', 'self': "<Flask 'runtime_exception_graph'>"}
2026-08-22 23:51:54.159 /testbed/src/flask/app.py:1074 flask.app.Flask.ensure_sync event=line locals={}
2026-08-22 23:51:54.159 /testbed/src/flask/app.py:1077 flask.app.Flask.ensure_sync event=line locals={}
2026-08-22 23:51:54.159 /testbed/src/flask/app.py:1077 flask.app.Flask.ensure_sync event=return retval=<function TestIndirectExceptionCallGraph.test_generated_requests_exercise_error_pipeline.<locals>.generated_failure.<locals>.local_after at 0x71487b3be200> locals={'func': '<function TestIndirectExceptionCallGraph.test_generated_requests_exercise_error_pipeline.<locals>.generated_failure.<locals>.local_after at 0x71487b3be200>', 'self': "<Flask 'runtime_exception_graph'>"}
2026-08-22 23:51:54.159 /testbed/src/flask/app.py:1407 flask.app.Flask.process_response event=line locals={}
2026-08-22 23:51:54.159 /testbed/src/flask/app.py:1408 flask.app.Flask.process_response event=line locals={'func': '<function TestIndirectExceptionCallGraph.test_generated_requests_exercise_error_pipeline.<locals>.generated_failure.<locals>.local_after at 0x71487b3bdda0>'}
2026-08-22 23:51:54.159 /testbed/src/flask/app.py:1065 flask.app.Flask.ensure_sync event=call locals={'func': '<function TestIndirectExceptionCallGraph.test_generated_requests_exercise_error_pipeline.<locals>.generated_failure.<locals>.local_after at 0x71487b3bdda0>', 'self': "<Flask 'runtime_exception_graph'>"}
2026-08-22 23:51:54.159 /testbed/src/flask/app.py:1074 flask.app.Flask.ensure_sync event=line locals={}
2026-08-22 23:51:54.159 /testbed/src/flask/app.py:1077 flask.app.Flask.ensure_sync event=line locals={}
2026-08-22 23:51:54.159 /testbed/src/flask/app.py:1077 flask.app.Flask.ensure_sync event=return retval=<function TestIndirectExceptionCallGraph.test_generated_requests_exercise_error_pipeline.<locals>.generated_failure.<locals>.local_after at 0x71487b3bdda0> locals={'func': '<function TestIndirectExceptionCallGraph.test_generated_requests_exercise_error_pipeline.<locals>.generated_failure.<locals>.local_after at 0x71487b3bdda0>', 'self': "<Flask 'runtime_exception_graph'>"}
2026-08-22 23:51:54.159 /testbed/src/flask/app.py:1407 flask.app.Flask.process_response event=line locals={}
2026-08-22 23:51:54.159 /testbed/src/flask/app.py:1410 flask.app.Flask.process_response event=line locals={}
2026-08-22 23:51:54.159 /testbed/src/flask/app.py:1411 flask.app.Flask.process_response event=line locals={'name': 'None'}
2026-08-22 23:51:54.159 /testbed/src/flask/app.py:1412 flask.app.Flask.process_response event=line locals={}
2026-08-22 23:51:54.159 /testbed/src/flask/app.py:1413 flask.app.Flask.process_response event=line locals={'func': '<function TestIndirectExceptionCallGraph.test_generated_requests_exercise_error_pipeline.<locals>.global_after at 0x71487b39c5e0>'}
2026-08-22 23:51:54.159 /testbed/src/flask/app.py:1065 flask.app.Flask.ensure_sync event=call locals={'func': '<function TestIndirectExceptionCallGraph.test_generated_requests_exercise_error_pipeline.<locals>.global_after at 0x71487b39c5e0>', 'self': "<Flask 'runtime_exception_graph'>"}
2026-08-22 23:51:54.159 /testbed/src/flask/app.py:1074 flask.app.Flask.ensure_sync event=line locals={}
2026-08-22 23:51:54.160 /testbed/src/flask/app.py:1077 flask.app.Flask.ensure_sync event=line locals={}
2026-08-22 23:51:54.160 /testbed/src/flask/app.py:1077 flask.app.Flask.ensure_sync event=return retval=<function TestIndirectExceptionCallGraph.test_generated_requests_exercise_error_pipeline.<locals>.global_after at 0x71487b39c5e0> locals={'func': '<function TestIndirectExceptionCallGraph.test_generated_requests_exercise_error_pipeline.<locals>.global_after at 0x71487b39c5e0>', 'self': "<Flask 'runtime_exception_graph'>"}
2026-08-22 23:51:54.160 /testbed/src/flask/app.py:1412 flask.app.Flask.process_response event=line locals={}
2026-08-22 23:51:54.160 /testbed/src/flask/app.py:1413 flask.app.Flask.process_response event=line locals={'func': '<function TestIndirectExceptionCallGraph.test_generated_requests_exercise_error_pipeline.<locals>.global_after at 0x71487b39c540>'}
2026-08-22 23:51:54.160 /testbed/src/flask/app.py:1065 flask.app.Flask.ensure_sync event=call locals={'func': '<function TestIndirectExceptionCallGraph.test_generated_requests_exercise_error_pipeline.<locals>.global_after at 0x71487b39c540>', 'self': "<Flask 'runtime_exception_graph'>"}
2026-08-22 23:51:54.160 /testbed/src/flask/app.py:1074 flask.app.Flask.ensure_sync event=line locals={}
2026-08-22 23:51:54.160 /testbed/src/flask/app.py:1077 flask.app.Flask.ensure_sync event=line locals={}
2026-08-22 23:51:54.160 /testbed/src/flask/app.py:1077 flask.app.Flask.ensure_sync event=return retval=<function TestIndirectExceptionCallGraph.test_generated_requests_exercise_error_pipeline.<locals>.global_after at 0x71487b39c540> locals={'func': '<function TestIndirectExceptionCallGraph.test_generated_requests_exercise_error_pipeline.<locals>.global_after at 0x71487b39c540>', 'self': "<Flask 'runtime_exception_graph'>"}
2026-08-22 23:51:54.160 /testbed/src/flask/app.py:1412 flask.app.Flask.process_response event=line locals={}
2026-08-22 23:51:54.160 /testbed/src/flask/app.py:1413 flask.app.Flask.process_response event=line locals={'func': '<function TestIndirectExceptionCallGraph.test_generated_requests_exercise_error_pipeline.<locals>.global_after at 0x71487b39c4a0>'}
2026-08-22 23:51:54.160 /testbed/src/flask/app.py:1065 flask.app.Flask.ensure_sync event=call locals={'func': '<function TestIndirectExceptionCallGraph.test_generated_requests_exercise_error_pipeline.<locals>.global_after at 0x71487b39c4a0>', 'self': "<Flask 'runtime_exception_graph'>"}
2026-08-22 23:51:54.160 /testbed/src/flask/app.py:1074 flask.app.Flask.ensure_sync event=line locals={}
2026-08-22 23:51:54.160 /testbed/src/flask/app.py:1077 flask.app.Flask.ensure_sync event=line locals={}
2026-08-22 23:51:54.160 /testbed/src/flask/app.py:1077 flask.app.Flask.ensure_sync event=return retval=<function TestIndirectExceptionCallGraph.test_generated_requests_exercise_error_pipeline.<locals>.global_after at 0x71487b39c4a0> locals={'func': '<function TestIndirectExceptionCallGraph.test_generated_requests_exercise_error_pipeline.<locals>.global_after at 0x71487b39c4a0>', 'self': "<Flask 'runtime_exception_graph'>"}
2026-08-22 23:51:54.160 /testbed/src/flask/app.py:1412 flask.app.Flask.process_response event=line locals={}
2026-08-22 23:51:54.160 /testbed/src/flask/app.py:1413 flask.app.Flask.process_response event=line locals={'func': '<function TestIndirectExceptionCallGraph.test_generated_requests_exercise_error_pipeline.<locals>.global_after at 0x71487b39c400>'}
2026-08-22 23:51:54.160 /testbed/src/flask/app.py:1065 flask.app.Flask.ensure_sync event=call locals={'func': '<function TestIndirectExceptionCallGraph.test_generated_requests_exercise_error_pipeline.<locals>.global_after at 0x71487b39c400>', 'self': "<Flask 'runtime_exception_graph'>"}
2026-08-22 23:51:54.160 /testbed/src/flask/app.py:1074 flask.app.Flask.ensure_sync event=line locals={}
2026-08-22 23:51:54.160 /testbed/src/flask/app.py:1077 flask.app.Flask.ensure_sync event=line locals={}
2026-08-22 23:51:54.160 /testbed/src/flask/app.py:1077 flask.app.Flask.ensure_sync event=return retval=<function TestIndirectExceptionCallGraph.test_generated_requests_exercise_error_pipeline.<locals>.global_after at 0x71487b39c400> locals={'func': '<function TestIndirectExceptionCallGraph.test_generated_requests_exercise_error_pipeline.<locals>.global_after at 0x71487b39c400>', 'self': "<Flask 'runtime_exception_graph'>"}
2026-08-22 23:51:54.160 /testbed/src/flask/app.py:1412 flask.app.Flask.process_response event=line locals={}
2026-08-22 23:51:54.160 /testbed/src/flask/app.py:1413 flask.app.Flask.process_response event=line locals={'func': '<function TestIndirectExceptionCallGraph.test_generated_requests_exercise_error_pipeline.<locals>.global_after at 0x71487b39c360>'}
2026-08-22 23:51:54.160 /testbed/src/flask/app.py:1065 flask.app.Flask.ensure_sync event=call locals={'func': '<function TestIndirectExceptionCallGraph.test_generated_requests_exercise_error_pipeline.<locals>.global_after at 0x71487b39c360>', 'self': "<Flask 'runtime_exception_graph'>"}
2026-08-22 23:51:54.160 /testbed/src/flask/app.py:1074 flask.app.Flask.ensure_sync event=line locals={}
2026-08-22 23:51:54.160 /testbed/src/flask/app.py:1077 flask.app.Flask.ensure_sync event=line locals={}
2026-08-22 23:51:54.160 /testbed/src/flask/app.py:1077 flask.app.Flask.ensure_sync event=return retval=<function TestIndirectExceptionCallGraph.test_generated_requests_exercise_error_pipeline.<locals>.global_after at 0x71487b39c360> locals={'func': '<function TestIndirectExceptionCallGraph.test_generated_requests_exercise_error_pipeline.<locals>.global_after at 0x71487b39c360>', 'self': "<Flask 'runtime_exception_graph'>"}
2026-08-22 23:51:54.160 /testbed/src/flask/app.py:1412 flask.app.Flask.process_response event=line locals={}
2026-08-22 23:51:54.160 /testbed/src/flask/app.py:1413 flask.app.Flask.process_response event=line locals={'func': '<function TestIndirectExceptionCallGraph.test_generated_requests_exercise_error_pipeline.<locals>.global_after at 0x71487b39c2c0>'}
2026-08-22 23:51:54.160 /testbed/src/flask/app.py:1065 flask.app.Flask.ensure_sync event=call locals={'func': '<function TestIndirectExceptionCallGraph.test_generated_requests_exercise_error_pipeline.<locals>.global_after at 0x71487b39c2c0>', 'self': "<Flask 'runtime_exception_graph'>"}
2026-08-22 23:51:54.160 /testbed/src/flask/app.py:1074 flask.app.Flask.ensure_sync event=line locals={}
2026-08-22 23:51:54.160 /testbed/src/flask/app.py:1077 flask.app.Flask.ensure_sync event=line locals={}
2026-08-22 23:51:54.160 /testbed/src/flask/app.py:1077 flask.app.Flask.ensure_sync event=return retval=<function TestIndirectExceptionCallGraph.test_generated_requests_exercise_error_pipeline.<locals>.global_after at 0x71487b39c2c0> locals={'func': '<function TestIndirectExceptionCallGraph.test_generated_requests_exercise_error_pipeline.<locals>.global_after at 0x71487b39c2c0>', 'self': "<Flask 'runtime_exception_graph'>"}
2026-08-22 23:51:54.160 /testbed/src/flask/app.py:1412 flask.app.Flask.process_response event=line locals={}
2026-08-22 23:51:54.160 /testbed/src/flask/app.py:1413 flask.app.Flask.process_response event=line locals={'func': '<function TestIndirectExceptionCallGraph.test_generated_requests_exercise_error_pipeline.<locals>.global_after at 0x71487b39c220>'}
2026-08-22 23:51:54.160 /testbed/src/flask/app.py:1065 flask.app.Flask.ensure_sync event=call locals={'func': '<function TestIndirectExceptionCallGraph.test_generated_requests_exercise_error_pipeline.<locals>.global_after at 0x71487b39c220>', 'self': "<Flask 'runtime_exception_graph'>"}
2026-08-22 23:51:54.160 /testbed/src/flask/app.py:1074 flask.app.Flask.ensure_sync event=line locals={}
2026-08-22 23:51:54.160 /testbed/src/flask/app.py:1077 flask.app.Flask.ensure_sync event=line locals={}
2026-08-22 23:51:54.160 /testbed/src/flask/app.py:1077 flask.app.Flask.ensure_sync event=return retval=<function TestIndirectExceptionCallGraph.test_generated_requests_exercise_error_pipeline.<locals>.global_after at 0x71487b39c220> locals={'func': '<function TestIndirectExceptionCallGraph.test_generated_requests_exercise_error_pipeline.<locals>.global_after at 0x71487b39c220>', 'self': "<Flask 'runtime_exception_graph'>"}
2026-08-22 23:51:54.161 /testbed/src/flask/app.py:1412 flask.app.Flask.process_response event=line locals={}
2026-08-22 23:51:54.161 /testbed/src/flask/app.py:1413 flask.app.Flask.process_response event=line locals={'func': '<function TestIndirectExceptionCallGraph.test_generated_requests_exercise_error_pipeline.<locals>.global_after at 0x71487b39c180>'}
2026-08-22 23:51:54.161 /testbed/src/flask/app.py:1065 flask.app.Flask.ensure_sync event=call locals={'func': '<function TestIndirectExceptionCallGraph.test_generated_requests_exercise_error_pipeline.<locals>.global_after at 0x71487b39c180>', 'self': "<Flask 'runtime_exception_graph'>"}
2026-08-22 23:51:54.161 /testbed/src/flask/app.py:1074 flask.app.Flask.ensure_sync event=line locals={}
2026-08-22 23:51:54.161 /testbed/src/flask/app.py:1077 flask.app.Flask.ensure_sync event=line locals={}
2026-08-22 23:51:54.161 /testbed/src/flask/app.py:1077 flask.app.Flask.ensure_sync event=return retval=<function TestIndirectExceptionCallGraph.test_generated_requests_exercise_error_pipeline.<locals>.global_after at 0x71487b39c180> locals={'func': '<function TestIndirectExceptionCallGraph.test_generated_requests_exercise_error_pipeline.<locals>.global_after at 0x71487b39c180>', 'self': "<Flask 'runtime_exception_graph'>"}
2026-08-22 23:51:54.161 /testbed/src/flask/app.py:1412 flask.app.Flask.process_response event=line locals={}
2026-08-22 23:51:54.161 /testbed/src/flask/app.py:1413 flask.app.Flask.process_response event=line locals={'func': '<function TestIndirectExceptionCallGraph.test_generated_requests_exercise_error_pipeline.<locals>.global_after at 0x71487b39c040>'}
2026-08-22 23:51:54.161 /testbed/src/flask/app.py:1065 flask.app.Flask.ensure_sync event=call locals={'func': '<function TestIndirectExceptionCallGraph.test_generated_requests_exercise_error_pipeline.<locals>.global_after at 0x71487b39c040>', 'self': "<Flask 'runtime_exception_graph'>"}
2026-08-22 23:51:54.161 /testbed/src/flask/app.py:1074 flask.app.Flask.ensure_sync event=line locals={}
2026-08-22 23:51:54.161 /testbed/src/flask/app.py:1077 flask.app.Flask.ensure_sync event=line locals={}
2026-08-22 23:51:54.161 /testbed/src/flask/app.py:1077 flask.app.Flask.ensure_sync event=return retval=<function TestIndirectExceptionCallGraph.test_generated_requests_exercise_error_pipeline.<locals>.global_after at 0x71487b39c040> locals={'func': '<function TestIndirectExceptionCallGraph.test_generated_requests_exercise_error_pipeline.<locals>.global_after at 0x71487b39c040>', 'self': "<Flask 'runtime_exception_graph'>"}
2026-08-22 23:51:54.161 /testbed/src/flask/app.py:1412 flask.app.Flask.process_response event=line locals={}
2026-08-22 23:51:54.161 /testbed/src/flask/app.py:1410 flask.app.Flask.process_response event=line locals={}
2026-08-22 23:51:54.161 /testbed/src/flask/app.py:1415 flask.app.Flask.process_response event=line locals={}
2026-08-22 23:51:54.161 /testbed/src/flask/app.py:1418 flask.app.Flask.process_response event=line locals={}
2026-08-22 23:51:54.161 /testbed/src/flask/app.py:1418 flask.app.Flask.process_response event=return retval=<Response 13 bytes [500 INTERNAL SERVER ERROR]> locals={'ctx': "<AppContext 124556119269264 of runtime_exception_graph, GET 'http://localhost/generated/21'>", 'func': '<function TestIndirectExceptionCallGraph.test_generated_requests_exercise_error_pipeline.<locals>.global_after at 0x71487b39c040>', 'name': 'None', 'response': '<Response 13 bytes [500 INTERNAL SERVER ERROR]>', 'self': "<Flask 'runtime_exception_graph'>"}
2026-08-22 23:51:54.161 /testbed/src/flask/app.py:1042 flask.app.Flask.finalize_request event=line locals={}
2026-08-22 23:51:54.161 /testbed/src/flask/app.py:1043 flask.app.Flask.finalize_request event=line locals={}
2026-08-22 23:51:54.161 /testbed/src/flask/app.py:1042 flask.app.Flask.finalize_request event=line locals={}
2026-08-22 23:51:54.161 /testbed/src/flask/app.py:1051 flask.app.Flask.finalize_request event=line locals={}
2026-08-22 23:51:54.161 /testbed/src/flask/app.py:1051 flask.app.Flask.finalize_request event=return retval=<Response 13 bytes [500 INTERNAL SERVER ERROR]> locals={'ctx': "<AppContext 124556119269264 of runtime_exception_graph, GET 'http://localhost/generated/21'>", 'from_error_handler': 'True', 'response': '<Response 13 bytes [500 INTERNAL SERVER ERROR]>', 'rv': "('failure-c9392', '500 INTERNAL SERVER ERROR')", 'self': "<Flask 'runtime_exception_graph'>"}
2026-08-22 23:51:54.161 /testbed/src/flask/app.py:948 flask.app.Flask.handle_exception event=return retval=<Response 13 bytes [500 INTERNAL SERVER ERROR]> locals={'ctx': "<AppContext 124556119269264 of runtime_exception_graph, GET 'http://localhost/generated/21'>", 'e': "RuntimeError('generated failure de076')", 'exc_info': "(<class 'RuntimeError'>, RuntimeError('generated failure de076'), <traceback object at 0x71487b3d5780>)", 'handler': '<function TestIndirectExceptionCallGraph.test_generated_requests_exercise_error_pipeline.<locals>.convert_unhandled_error at 0x71487b39c720>', 'propagate': 'False', 'self': "<Flask 'runtime_exception_graph'>", 'server_error': "('failure-c9392', '500 INTERNAL SERVER ERROR')"}
2026-08-22 23:51:54.171 /testbed/src/flask/app.py:1065 flask.app.Flask.ensure_sync event=call locals={'func': '<function TestIndirectExceptionCallGraph.test_generated_requests_exercise_error_pipeline.<locals>.generated_failure at 0x71487b39c9a0>', 'self': "<Flask 'runtime_exception_graph'>"}
2026-08-22 23:51:54.171 /testbed/src/flask/app.py:1074 flask.app.Flask.ensure_sync event=line locals={}
2026-08-22 23:51:54.171 /testbed/src/flask/app.py:1077 flask.app.Flask.ensure_sync event=line locals={}
2026-08-22 23:51:54.171 /testbed/src/flask/app.py:1077 flask.app.Flask.ensure_sync event=return retval=<function TestIndirectExceptionCallGraph.test_generated_requests_exercise_error_pipeline.<locals>.generated_failure at 0x71487b39c9a0> locals={'func': '<function TestIndirectExceptionCallGraph.test_generated_requests_exercise_error_pipeline.<locals>.generated_failure at 0x71487b39c9a0>', 'self': "<Flask 'runtime_exception_graph'>"}
2026-08-22 23:51:54.172 /testbed/src/flask/app.py:897 flask.app.Flask.handle_exception event=call locals={'ctx': "<AppContext 124556119289104 of runtime_exception_graph, GET 'http://localhost/generated/18'>", 'e': "RuntimeError('generated failure c66c9')", 'self': "<Flask 'runtime_exception_graph'>"}
2026-08-22 23:51:54.172 /testbed/src/flask/app.py:925 flask.app.Flask.handle_exception event=line locals={}
2026-08-22 23:51:54.172 /testbed/src/flask/app.py:926 flask.app.Flask.handle_exception event=line locals={'exc_info': "(<class 'RuntimeError'>, RuntimeError('generated failure c66c9'), <traceback object at 0x71487b3eb9c0>)"}
2026-08-22 23:51:54.172 /testbed/src/flask/app.py:927 flask.app.Flask.handle_exception event=line locals={}
2026-08-22 23:51:54.172 /testbed/src/flask/app.py:929 flask.app.Flask.handle_exception event=line locals={'propagate': 'False'}
2026-08-22 23:51:54.172 /testbed/src/flask/app.py:932 flask.app.Flask.handle_exception event=line locals={}
2026-08-22 23:51:54.172 /testbed/src/flask/app.py:940 flask.app.Flask.handle_exception event=line locals={}
2026-08-22 23:51:54.172 /testbed/src/flask/app.py:950 flask.app.Flask.log_exception event=call locals={'ctx': "<AppContext 124556119289104 of runtime_exception_graph, GET 'http://localhost/generated/18'>", 'exc_info': "(<class 'RuntimeError'>, RuntimeError('generated failure c66c9'), <traceback object at 0x71487b3eb9c0>)", 'self': "<Flask 'runtime_exception_graph'>"}
2026-08-22 23:51:54.172 /testbed/src/flask/app.py:962 flask.app.Flask.log_exception event=line locals={}
2026-08-22 23:51:54.172 /testbed/src/flask/app.py:963 flask.app.Flask.log_exception event=line locals={}
2026-08-22 23:51:54.172 /testbed/src/flask/app.py:962 flask.app.Flask.log_exception event=line locals={}
2026-08-22 23:51:54.173 /testbed/src/flask/app.py:962 flask.app.Flask.log_exception event=return retval=None locals={'ctx': "<AppContext 124556119289104 of runtime_exception_graph, GET 'http://localhost/generated/18'>", 'exc_info': "(<class 'RuntimeError'>, RuntimeError('generated failure c66c9'), <traceback object at 0x71487b3eb9c0>)", 'self': "<Flask 'runtime_exception_graph'>"}
2026-08-22 23:51:54.173 /testbed/src/flask/app.py:942 flask.app.Flask.handle_exception event=line locals={}
2026-08-22 23:51:54.173 /testbed/src/flask/app.py:943 flask.app.Flask.handle_exception event=line locals={'server_error': "<InternalServerError '500: Internal Server Error'>"}
2026-08-22 23:51:54.173 /testbed/src/flask/app.py:945 flask.app.Flask.handle_exception event=line locals={'handler': '<function TestIndirectExceptionCallGraph.test_generated_requests_exercise_error_pipeline.<locals>.convert_unhandled_error at 0x71487b39c720>'}
2026-08-22 23:51:54.173 /testbed/src/flask/app.py:946 flask.app.Flask.handle_exception event=line locals={}
2026-08-22 23:51:54.173 /testbed/src/flask/app.py:1065 flask.app.Flask.ensure_sync event=call locals={'func': '<function TestIndirectExceptionCallGraph.test_generated_requests_exercise_error_pipeline.<locals>.convert_unhandled_error at 0x71487b39c720>', 'self': "<Flask 'runtime_exception_graph'>"}
2026-08-22 23:51:54.173 /testbed/src/flask/app.py:1074 flask.app.Flask.ensure_sync event=line locals={}
2026-08-22 23:51:54.173 /testbed/src/flask/app.py:1077 flask.app.Flask.ensure_sync event=line locals={}
2026-08-22 23:51:54.173 /testbed/src/flask/app.py:1077 flask.app.Flask.ensure_sync event=return retval=<function TestIndirectExceptionCallGraph.test_generated_requests_exercise_error_pipeline.<locals>.convert_unhandled_error at 0x71487b39c720> locals={'func': '<function TestIndirectExceptionCallGraph.test_generated_requests_exercise_error_pipeline.<locals>.convert_unhandled_error at 0x71487b39c720>', 'self': "<Flask 'runtime_exception_graph'>"}
2026-08-22 23:51:54.173 /testbed/src/flask/app.py:948 flask.app.Flask.handle_exception event=line locals={'server_error': "([759797, 1, 18], 500, {'X-QA-Mode': '1'})"}
2026-08-22 23:51:54.173 /testbed/src/flask/app.py:1021 flask.app.Flask.finalize_request event=call locals={'ctx': "<AppContext 124556119289104 of runtime_exception_graph, GET 'http://localhost/generated/18'>", 'from_error_handler': 'True', 'rv': "([759797, 1, 18], 500, {'X-QA-Mode': '1'})", 'self': "<Flask 'runtime_exception_graph'>"}
2026-08-22 23:51:54.173 /testbed/src/flask/app.py:1039 flask.app.Flask.finalize_request event=line locals={}
2026-08-22 23:51:54.173 /testbed/src/flask/app.py:1224 flask.app.Flask.make_response event=call locals={'rv': "([759797, 1, 18], 500, {'X-QA-Mode': '1'})", 'self': "<Flask 'runtime_exception_graph'>"}
2026-08-22 23:51:54.173 /testbed/src/flask/app.py:1281 flask.app.Flask.make_response event=line locals={}
2026-08-22 23:51:54.173 /testbed/src/flask/app.py:1282 flask.app.Flask.make_response event=line locals={'status': 'None'}
2026-08-22 23:51:54.173 /testbed/src/flask/app.py:1285 flask.app.Flask.make_response event=line locals={'headers': 'None'}
2026-08-22 23:51:54.173 /testbed/src/flask/app.py:1286 flask.app.Flask.make_response event=line locals={}
2026-08-22 23:51:54.173 /testbed/src/flask/app.py:1289 flask.app.Flask.make_response event=line locals={'len_rv': '3'}
2026-08-22 23:51:54.173 /testbed/src/flask/app.py:1290 flask.app.Flask.make_response event=line locals={}
2026-08-22 23:51:54.173 /testbed/src/flask/app.py:1306 flask.app.Flask.make_response event=line locals={'headers': "{'X-QA-Mode': '1'}", 'rv': '[759797, 1, 18]', 'status': '500'}
2026-08-22 23:51:54.173 /testbed/src/flask/app.py:1314 flask.app.Flask.make_response event=line locals={}
2026-08-22 23:51:54.173 /testbed/src/flask/app.py:1315 flask.app.Flask.make_response event=line locals={}
2026-08-22 23:51:54.173 /testbed/src/flask/app.py:1325 flask.app.Flask.make_response event=line locals={}
2026-08-22 23:51:54.173 /testbed/src/flask/app.py:1326 flask.app.Flask.make_response event=line locals={}
2026-08-22 23:51:54.174 /testbed/src/flask/app.py:1352 flask.app.Flask.make_response event=line locals={'rv': '<Response 14 bytes [200 OK]>'}
2026-08-22 23:51:54.174 /testbed/src/flask/app.py:1354 flask.app.Flask.make_response event=line locals={}
2026-08-22 23:51:54.174 /testbed/src/flask/app.py:1355 flask.app.Flask.make_response event=line locals={}
2026-08-22 23:51:54.174 /testbed/src/flask/app.py:1358 flask.app.Flask.make_response event=line locals={}
2026-08-22 23:51:54.174 /testbed/src/flask/app.py:1361 flask.app.Flask.make_response event=line locals={'rv': '<Response 14 bytes [500 INTERNAL SERVER ERROR]>'}
2026-08-22 23:51:54.174 /testbed/src/flask/app.py:1362 flask.app.Flask.make_response event=line locals={}
2026-08-22 23:51:54.174 /testbed/src/flask/app.py:1364 flask.app.Flask.make_response event=line locals={}
2026-08-22 23:51:54.174 /testbed/src/flask/app.py:1364 flask.app.Flask.make_response event=return retval=<Response 14 bytes [500 INTERNAL SERVER ERROR]> locals={'headers': "{'X-QA-Mode': '1'}", 'len_rv': '3', 'rv': '<Response 14 bytes [500 INTERNAL SERVER ERROR]>', 'self': "<Flask 'runtime_exception_graph'>", 'status': '500'}
2026-08-22 23:51:54.174 /testbed/src/flask/app.py:1040 flask.app.Flask.finalize_request event=line locals={'response': '<Response 14 bytes [500 INTERNAL SERVER ERROR]>'}
2026-08-22 23:51:54.174 /testbed/src/flask/app.py:1041 flask.app.Flask.finalize_request event=line locals={}
2026-08-22 23:51:54.174 /testbed/src/flask/app.py:1394 flask.app.Flask.process_response event=call locals={'ctx': "<AppContext 124556119289104 of runtime_exception_graph, GET 'http://localhost/generated/18'>", 'response': '<Response 14 bytes [500 INTERNAL SERVER ERROR]>', 'self': "<Flask 'runtime_exception_graph'>"}
2026-08-22 23:51:54.174 /testbed/src/flask/app.py:1407 flask.app.Flask.process_response event=line locals={}
2026-08-22 23:51:54.174 /testbed/src/flask/app.py:1408 flask.app.Flask.process_response event=line locals={'func': '<function TestIndirectExceptionCallGraph.test_generated_requests_exercise_error_pipeline.<locals>.generated_failure.<locals>.local_after at 0x71487b3be160>'}
2026-08-22 23:51:54.174 /testbed/src/flask/app.py:1065 flask.app.Flask.ensure_sync event=call locals={'func': '<function TestIndirectExceptionCallGraph.test_generated_requests_exercise_error_pipeline.<locals>.generated_failure.<locals>.local_after at 0x71487b3be160>', 'self': "<Flask 'runtime_exception_graph'>"}
2026-08-22 23:51:54.174 /testbed/src/flask/app.py:1074 flask.app.Flask.ensure_sync event=line locals={}
2026-08-22 23:51:54.174 /testbed/src/flask/app.py:1077 flask.app.Flask.ensure_sync event=line locals={}
2026-08-22 23:51:54.174 /testbed/src/flask/app.py:1077 flask.app.Flask.ensure_sync event=return retval=<function TestIndirectExceptionCallGraph.test_generated_requests_exercise_error_pipeline.<locals>.generated_failure.<locals>.local_after at 0x71487b3be160> locals={'func': '<function TestIndirectExceptionCallGraph.test_generated_requests_exercise_error_pipeline.<locals>.generated_failure.<locals>.local_after at 0x71487b3be160>', 'self': "<Flask 'runtime_exception_graph'>"}
2026-08-22 23:51:54.174 /testbed/src/flask/app.py:1407 flask.app.Flask.process_response event=line locals={}
2026-08-22 23:51:54.174 /testbed/src/flask/app.py:1408 flask.app.Flask.process_response event=line locals={'func': '<function TestIndirectExceptionCallGraph.test_generated_requests_exercise_error_pipeline.<locals>.generated_failure.<locals>.local_after at 0x71487b3bdd00>'}
2026-08-22 23:51:54.174 /testbed/src/flask/app.py:1065 flask.app.Flask.ensure_sync event=call locals={'func': '<function TestIndirectExceptionCallGraph.test_generated_requests_exercise_error_pipeline.<locals>.generated_failure.<locals>.local_after at 0x71487b3bdd00>', 'self': "<Flask 'runtime_exception_graph'>"}
2026-08-22 23:51:54.174 /testbed/src/flask/app.py:1074 flask.app.Flask.ensure_sync event=line locals={}
2026-08-22 23:51:54.174 /testbed/src/flask/app.py:1077 flask.app.Flask.ensure_sync event=line locals={}
2026-08-22 23:51:54.174 /testbed/src/flask/app.py:1077 flask.app.Flask.ensure_sync event=return retval=<function TestIndirectExceptionCallGraph.test_generated_requests_exercise_error_pipeline.<locals>.generated_failure.<locals>.local_after at 0x71487b3bdd00> locals={'func': '<function TestIndirectExceptionCallGraph.test_generated_requests_exercise_error_pipeline.<locals>.generated_failure.<locals>.local_after at 0x71487b3bdd00>', 'self': "<Flask 'runtime_exception_graph'>"}
2026-08-22 23:51:54.174 /testbed/src/flask/app.py:1407 flask.app.Flask.process_response event=line locals={}
2026-08-22 23:51:54.174 /testbed/src/flask/app.py:1408 flask.app.Flask.process_response event=line locals={'func': '<function TestIndirectExceptionCallGraph.test_generated_requests_exercise_error_pipeline.<locals>.generated_failure.<locals>.local_after at 0x71487b3bcfe0>'}
2026-08-22 23:51:54.175 /testbed/src/flask/app.py:1065 flask.app.Flask.ensure_sync event=call locals={'func': '<function TestIndirectExceptionCallGraph.test_generated_requests_exercise_error_pipeline.<locals>.generated_failure.<locals>.local_after at 0x71487b3bcfe0>', 'self': "<Flask 'runtime_exception_graph'>"}
2026-08-22 23:51:54.175 /testbed/src/flask/app.py:1074 flask.app.Flask.ensure_sync event=line locals={}
2026-08-22 23:51:54.175 /testbed/src/flask/app.py:1077 flask.app.Flask.ensure_sync event=line locals={}
2026-08-22 23:51:54.175 /testbed/src/flask/app.py:1077 flask.app.Flask.ensure_sync event=return retval=<function TestIndirectExceptionCallGraph.test_generated_requests_exercise_error_pipeline.<locals>.generated_failure.<locals>.local_after at 0x71487b3bcfe0> locals={'func': '<function TestIndirectExceptionCallGraph.test_generated_requests_exercise_error_pipeline.<locals>.generated_failure.<locals>.local_after at 0x71487b3bcfe0>', 'self': "<Flask 'runtime_exception_graph'>"}
2026-08-22 23:51:54.175 /testbed/src/flask/app.py:1407 flask.app.Flask.process_response event=line locals={}
2026-08-22 23:51:54.175 /testbed/src/flask/app.py:1408 flask.app.Flask.process_response event=line locals={'func': '<function TestIndirectExceptionCallGraph.test_generated_requests_exercise_error_pipeline.<locals>.generated_failure.<locals>.local_after at 0x71487b3bdc60>'}
2026-08-22 23:51:54.175 /testbed/src/flask/app.py:1065 flask.app.Flask.ensure_sync event=call locals={'func': '<function TestIndirectExceptionCallGraph.test_generated_requests_exercise_error_pipeline.<locals>.generated_failure.<locals>.local_after at 0x71487b3bdc60>', 'self': "<Flask 'runtime_exception_graph'>"}
2026-08-22 23:51:54.175 /testbed/src/flask/app.py:1074 flask.app.Flask.ensure_sync event=line locals={}
2026-08-22 23:51:54.175 /testbed/src/flask/app.py:1077 flask.app.Flask.ensure_sync event=line locals={}
2026-08-22 23:51:54.175 /testbed/src/flask/app.py:1077 flask.app.Flask.ensure_sync event=return retval=<function TestIndirectExceptionCallGraph.test_generated_requests_exercise_error_pipeline.<locals>.generated_failure.<locals>.local_after at 0x71487b3bdc60> locals={'func': '<function TestIndirectExceptionCallGraph.test_generated_requests_exercise_error_pipeline.<locals>.generated_failure.<locals>.local_after at 0x71487b3bdc60>', 'self': "<Flask 'runtime_exception_graph'>"}
2026-08-22 23:51:54.175 /testbed/src/flask/app.py:1407 flask.app.Flask.process_response event=line locals={}
2026-08-22 23:51:54.175 /testbed/src/flask/app.py:1408 flask.app.Flask.process_response event=line locals={'func': '<function TestIndirectExceptionCallGraph.test_generated_requests_exercise_error_pipeline.<locals>.generated_failure.<locals>.local_after at 0x71487b3bd800>'}
2026-08-22 23:51:54.175 /testbed/src/flask/app.py:1065 flask.app.Flask.ensure_sync event=call locals={'func': '<function TestIndirectExceptionCallGraph.test_generated_requests_exercise_error_pipeline.<locals>.generated_failure.<locals>.local_after at 0x71487b3bd800>', 'self': "<Flask 'runtime_exception_graph'>"}
2026-08-22 23:51:54.175 /testbed/src/flask/app.py:1074 flask.app.Flask.ensure_sync event=line locals={}
2026-08-22 23:51:54.175 /testbed/src/flask/app.py:1077 flask.app.Flask.ensure_sync event=line locals={}
2026-08-22 23:51:54.175 /testbed/src/flask/app.py:1077 flask.app.Flask.ensure_sync event=return retval=<function TestIndirectExceptionCallGraph.test_generated_requests_exercise_error_pipeline.<locals>.generated_failure.<locals>.local_after at 0x71487b3bd800> locals={'func': '<function TestIndirectExceptionCallGraph.test_generated_requests_exercise_error_pipeline.<locals>.generated_failure.<locals>.local_after at 0x71487b3bd800>', 'self': "<Flask 'runtime_exception_graph'>"}
2026-08-22 23:51:54.175 /testbed/src/flask/app.py:1407 flask.app.Flask.process_response event=line locals={}
2026-08-22 23:51:54.175 /testbed/src/flask/app.py:1408 flask.app.Flask.process_response event=line locals={'func': '<function TestIndirectExceptionCallGraph.test_generated_requests_exercise_error_pipeline.<locals>.generated_failure.<locals>.local_after at 0x71487b3bd8a0>'}
2026-08-22 23:51:54.175 /testbed/src/flask/app.py:1065 flask.app.Flask.ensure_sync event=call locals={'func': '<function TestIndirectExceptionCallGraph.test_generated_requests_exercise_error_pipeline.<locals>.generated_failure.<locals>.local_after at 0x71487b3bd8a0>', 'self': "<Flask 'runtime_exception_graph'>"}
2026-08-22 23:51:54.175 /testbed/src/flask/app.py:1074 flask.app.Flask.ensure_sync event=line locals={}
2026-08-22 23:51:54.175 /testbed/src/flask/app.py:1077 flask.app.Flask.ensure_sync event=line locals={}
2026-08-22 23:51:54.175 /testbed/src/flask/app.py:1077 flask.app.Flask.ensure_sync event=return retval=<function TestIndirectExceptionCallGraph.test_generated_requests_exercise_error_pipeline.<locals>.generated_failure.<locals>.local_after at 0x71487b3bd8a0> locals={'func': '<function TestIndirectExceptionCallGraph.test_generated_requests_exercise_error_pipeline.<locals>.generated_failure.<locals>.local_after at 0x71487b3bd8a0>', 'self': "<Flask 'runtime_exception_graph'>"}
2026-08-22 23:51:54.175 /testbed/src/flask/app.py:1407 flask.app.Flask.process_response event=line locals={}
2026-08-22 23:51:54.175 /testbed/src/flask/app.py:1408 flask.app.Flask.process_response event=line locals={'func': '<function TestIndirectExceptionCallGraph.test_generated_requests_exercise_error_pipeline.<locals>.generated_failure.<locals>.local_after at 0x71487b3bd940>'}
2026-08-22 23:51:54.175 /testbed/src/flask/app.py:1065 flask.app.Flask.ensure_sync event=call locals={'func': '<function TestIndirectExceptionCallGraph.test_generated_requests_exercise_error_pipeline.<locals>.generated_failure.<locals>.local_after at 0x71487b3bd940>', 'self': "<Flask 'runtime_exception_graph'>"}
2026-08-22 23:51:54.175 /testbed/src/flask/app.py:1074 flask.app.Flask.ensure_sync event=line locals={}
2026-08-22 23:51:54.175 /testbed/src/flask/app.py:1077 flask.app.Flask.ensure_sync event=line locals={}
2026-08-22 23:51:54.175 /testbed/src/flask/app.py:1077 flask.app.Flask.ensure_sync event=return retval=<function TestIndirectExceptionCallGraph.test_generated_requests_exercise_error_pipeline.<locals>.generated_failure.<locals>.local_after at 0x71487b3bd940> locals={'func': '<function TestIndirectExceptionCallGraph.test_generated_requests_exercise_error_pipeline.<locals>.generated_failure.<locals>.local_after at 0x71487b3bd940>', 'self': "<Flask 'runtime_exception_graph'>"}
2026-08-22 23:51:54.175 /testbed/src/flask/app.py:1407 flask.app.Flask.process_response event=line locals={}
2026-08-22 23:51:54.175 /testbed/src/flask/app.py:1408 flask.app.Flask.process_response event=line locals={'func': '<function TestIndirectExceptionCallGraph.test_generated_requests_exercise_error_pipeline.<locals>.generated_failure.<locals>.local_after at 0x71487b3bd9e0>'}
2026-08-22 23:51:54.175 /testbed/src/flask/app.py:1065 flask.app.Flask.ensure_sync event=call locals={'func': '<function TestIndirectExceptionCallGraph.test_generated_requests_exercise_error_pipeline.<locals>.generated_failure.<locals>.local_after at 0x71487b3bd9e0>', 'self': "<Flask 'runtime_exception_graph'>"}
2026-08-22 23:51:54.175 /testbed/src/flask/app.py:1074 flask.app.Flask.ensure_sync event=line locals={}
2026-08-22 23:51:54.175 /testbed/src/flask/app.py:1077 flask.app.Flask.ensure_sync event=line locals={}
2026-08-22 23:51:54.175 /testbed/src/flask/app.py:1077 flask.app.Flask.ensure_sync event=return retval=<function TestIndirectExceptionCallGraph.test_generated_requests_exercise_error_pipeline.<locals>.generated_failure.<locals>.local_after at 0x71487b3bd9e0> locals={'func': '<function TestIndirectExceptionCallGraph.test_generated_requests_exercise_error_pipeline.<locals>.generated_failure.<locals>.local_after at 0x71487b3bd9e0>', 'self': "<Flask 'runtime_exception_graph'>"}
2026-08-22 23:51:54.175 /testbed/src/flask/app.py:1407 flask.app.Flask.process_response event=line locals={}
2026-08-22 23:51:54.175 /testbed/src/flask/app.py:1408 flask.app.Flask.process_response event=line locals={'func': '<function TestIndirectExceptionCallGraph.test_generated_requests_exercise_error_pipeline.<locals>.generated_failure.<locals>.local_after at 0x71487b3bda80>'}
2026-08-22 23:51:54.175 /testbed/src/flask/app.py:1065 flask.app.Flask.ensure_sync event=call locals={'func': '<function TestIndirectExceptionCallGraph.test_generated_requests_exercise_error_pipeline.<locals>.generated_failure.<locals>.local_after at 0x71487b3bda80>', 'self': "<Flask 'runtime_exception_graph'>"}
2026-08-22 23:51:54.175 /testbed/src/flask/app.py:1074 flask.app.Flask.ensure_sync event=line locals={}
2026-08-22 23:51:54.175 /testbed/src/flask/app.py:1077 flask.app.Flask.ensure_sync event=line locals={}
2026-08-22 23:51:54.175 /testbed/src/flask/app.py:1077 flask.app.Flask.ensure_sync event=return retval=<function TestIndirectExceptionCallGraph.test_generated_requests_exercise_error_pipeline.<locals>.generated_failure.<locals>.local_after at 0x71487b3bda80> locals={'func': '<function TestIndirectExceptionCallGraph.test_generated_requests_exercise_error_pipeline.<locals>.generated_failure.<locals>.local_after at 0x71487b3bda80>', 'self': "<Flask 'runtime_exception_graph'>"}
2026-08-22 23:51:54.175 /testbed/src/flask/app.py:1407 flask.app.Flask.process_response event=line locals={}
2026-08-22 23:51:54.176 /testbed/src/flask/app.py:1408 flask.app.Flask.process_response event=line locals={'func': '<function TestIndirectExceptionCallGraph.test_generated_requests_exercise_error_pipeline.<locals>.generated_failure.<locals>.local_after at 0x71487b3bdb20>'}
2026-08-22 23:51:54.176 /testbed/src/flask/app.py:1065 flask.app.Flask.ensure_sync event=call locals={'func': '<function TestIndirectExceptionCallGraph.test_generated_requests_exercise_error_pipeline.<locals>.generated_failure.<locals>.local_after at 0x71487b3bdb20>', 'self': "<Flask 'runtime_exception_graph'>"}
2026-08-22 23:51:54.176 /testbed/src/flask/app.py:1074 flask.app.Flask.ensure_sync event=line locals={}
2026-08-22 23:51:54.176 /testbed/src/flask/app.py:1077 flask.app.Flask.ensure_sync event=line locals={}
2026-08-22 23:51:54.176 /testbed/src/flask/app.py:1077 flask.app.Flask.ensure_sync event=return retval=<function TestIndirectExceptionCallGraph.test_generated_requests_exercise_error_pipeline.<locals>.generated_failure.<locals>.local_after at 0x71487b3bdb20> locals={'func': '<function TestIndirectExceptionCallGraph.test_generated_requests_exercise_error_pipeline.<locals>.generated_failure.<locals>.local_after at 0x71487b3bdb20>', 'self': "<Flask 'runtime_exception_graph'>"}
2026-08-22 23:51:54.176 /testbed/src/flask/app.py:1407 flask.app.Flask.process_response event=line locals={}
2026-08-22 23:51:54.176 /testbed/src/flask/app.py:1408 flask.app.Flask.process_response event=line locals={'func': '<function TestIndirectExceptionCallGraph.test_generated_requests_exercise_error_pipeline.<locals>.generated_failure.<locals>.local_after at 0x71487b3bdbc0>'}
2026-08-22 23:51:54.176 /testbed/src/flask/app.py:1065 flask.app.Flask.ensure_sync event=call locals={'func': '<function TestIndirectExceptionCallGraph.test_generated_requests_exercise_error_pipeline.<locals>.generated_failure.<locals>.local_after at 0x71487b3bdbc0>', 'self': "<Flask 'runtime_exception_graph'>"}
2026-08-22 23:51:54.176 /testbed/src/flask/app.py:1074 flask.app.Flask.ensure_sync event=line locals={}
2026-08-22 23:51:54.176 /testbed/src/flask/app.py:1077 flask.app.Flask.ensure_sync event=line locals={}
2026-08-22 23:51:54.176 /testbed/src/flask/app.py:1077 flask.app.Flask.ensure_sync event=return retval=<function TestIndirectExceptionCallGraph.test_generated_requests_exercise_error_pipeline.<locals>.generated_failure.<locals>.local_after at 0x71487b3bdbc0> locals={'func': '<function TestIndirectExceptionCallGraph.test_generated_requests_exercise_error_pipeline.<locals>.generated_failure.<locals>.local_after at 0x71487b3bdbc0>', 'self': "<Flask 'runtime_exception_graph'>"}
2026-08-22 23:51:54.176 /testbed/src/flask/app.py:1407 flask.app.Flask.process_response event=line locals={}
2026-08-22 23:51:54.176 /testbed/src/flask/app.py:1410 flask.app.Flask.process_response event=line locals={}
2026-08-22 23:51:54.176 /testbed/src/flask/app.py:1411 flask.app.Flask.process_response event=line locals={'name': 'None'}
2026-08-22 23:51:54.176 /testbed/src/flask/app.py:1412 flask.app.Flask.process_response event=line locals={}
2026-08-22 23:51:54.176 /testbed/src/flask/app.py:1413 flask.app.Flask.process_response event=line locals={'func': '<function TestIndirectExceptionCallGraph.test_generated_requests_exercise_error_pipeline.<locals>.global_after at 0x71487b39c5e0>'}
2026-08-22 23:51:54.176 /testbed/src/flask/app.py:1065 flask.app.Flask.ensure_sync event=call locals={'func': '<function TestIndirectExceptionCallGraph.test_generated_requests_exercise_error_pipeline.<locals>.global_after at 0x71487b39c5e0>', 'self': "<Flask 'runtime_exception_graph'>"}
2026-08-22 23:51:54.176 /testbed/src/flask/app.py:1074 flask.app.Flask.ensure_sync event=line locals={}
2026-08-22 23:51:54.176 /testbed/src/flask/app.py:1077 flask.app.Flask.ensure_sync event=line locals={}
2026-08-22 23:51:54.176 /testbed/src/flask/app.py:1077 flask.app.Flask.ensure_sync event=return retval=<function TestIndirectExceptionCallGraph.test_generated_requests_exercise_error_pipeline.<locals>.global_after at 0x71487b39c5e0> locals={'func': '<function TestIndirectExceptionCallGraph.test_generated_requests_exercise_error_pipeline.<locals>.global_after at 0x71487b39c5e0>', 'self': "<Flask 'runtime_exception_graph'>"}
2026-08-22 23:51:54.176 /testbed/src/flask/app.py:1412 flask.app.Flask.process_response event=line locals={}
2026-08-22 23:51:54.176 /testbed/src/flask/app.py:1413 flask.app.Flask.process_response event=line locals={'func': '<function TestIndirectExceptionCallGraph.test_generated_requests_exercise_error_pipeline.<locals>.global_after at 0x71487b39c540>'}
2026-08-22 23:51:54.176 /testbed/src/flask/app.py:1065 flask.app.Flask.ensure_sync event=call locals={'func': '<function TestIndirectExceptionCallGraph.test_generated_requests_exercise_error_pipeline.<locals>.global_after at 0x71487b39c540>', 'self': "<Flask 'runtime_exception_graph'>"}
2026-08-22 23:51:54.176 /testbed/src/flask/app.py:1074 flask.app.Flask.ensure_sync event=line locals={}
2026-08-22 23:51:54.176 /testbed/src/flask/app.py:1077 flask.app.Flask.ensure_sync event=line locals={}
2026-08-22 23:51:54.176 /testbed/src/flask/app.py:1077 flask.app.Flask.ensure_sync event=return retval=<function TestIndirectExceptionCallGraph.test_generated_requests_exercise_error_pipeline.<locals>.global_after at 0x71487b39c540> locals={'func': '<function TestIndirectExceptionCallGraph.test_generated_requests_exercise_error_pipeline.<locals>.global_after at 0x71487b39c540>', 'self': "<Flask 'runtime_exception_graph'>"}
2026-08-22 23:51:54.176 /testbed/src/flask/app.py:1412 flask.app.Flask.process_response event=line locals={}
2026-08-22 23:51:54.176 /testbed/src/flask/app.py:1413 flask.app.Flask.process_response event=line locals={'func': '<function TestIndirectExceptionCallGraph.test_generated_requests_exercise_error_pipeline.<locals>.global_after at 0x71487b39c4a0>'}
2026-08-22 23:51:54.176 /testbed/src/flask/app.py:1065 flask.app.Flask.ensure_sync event=call locals={'func': '<function TestIndirectExceptionCallGraph.test_generated_requests_exercise_error_pipeline.<locals>.global_after at 0x71487b39c4a0>', 'self': "<Flask 'runtime_exception_graph'>"}
2026-08-22 23:51:54.176 /testbed/src/flask/app.py:1074 flask.app.Flask.ensure_sync event=line locals={}
2026-08-22 23:51:54.176 /testbed/src/flask/app.py:1077 flask.app.Flask.ensure_sync event=line locals={}
2026-08-22 23:51:54.176 /testbed/src/flask/app.py:1077 flask.app.Flask.ensure_sync event=return retval=<function TestIndirectExceptionCallGraph.test_generated_requests_exercise_error_pipeline.<locals>.global_after at 0x71487b39c4a0> locals={'func': '<function TestIndirectExceptionCallGraph.test_generated_requests_exercise_error_pipeline.<locals>.global_after at 0x71487b39c4a0>', 'self': "<Flask 'runtime_exception_graph'>"}
2026-08-22 23:51:54.176 /testbed/src/flask/app.py:1412 flask.app.Flask.process_response event=line locals={}
2026-08-22 23:51:54.176 /testbed/src/flask/app.py:1413 flask.app.Flask.process_response event=line locals={'func': '<function TestIndirectExceptionCallGraph.test_generated_requests_exercise_error_pipeline.<locals>.global_after at 0x71487b39c400>'}
2026-08-22 23:51:54.176 /testbed/src/flask/app.py:1065 flask.app.Flask.ensure_sync event=call locals={'func': '<function TestIndirectExceptionCallGraph.test_generated_requests_exercise_error_pipeline.<locals>.global_after at 0x71487b39c400>', 'self': "<Flask 'runtime_exception_graph'>"}
2026-08-22 23:51:54.176 /testbed/src/flask/app.py:1074 flask.app.Flask.ensure_sync event=line locals={}
2026-08-22 23:51:54.176 /testbed/src/flask/app.py:1077 flask.app.Flask.ensure_sync event=line locals={}
2026-08-22 23:51:54.176 /testbed/src/flask/app.py:1077 flask.app.Flask.ensure_sync event=return retval=<function TestIndirectExceptionCallGraph.test_generated_requests_exercise_error_pipeline.<locals>.global_after at 0x71487b39c400> locals={'func': '<function TestIndirectExceptionCallGraph.test_generated_requests_exercise_error_pipeline.<locals>.global_after at 0x71487b39c400>', 'self': "<Flask 'runtime_exception_graph'>"}
2026-08-22 23:51:54.176 /testbed/src/flask/app.py:1412 flask.app.Flask.process_response event=line locals={}
2026-08-22 23:51:54.176 /testbed/src/flask/app.py:1413 flask.app.Flask.process_response event=line locals={'func': '<function TestIndirectExceptionCallGraph.test_generated_requests_exercise_error_pipeline.<locals>.global_after at 0x71487b39c360>'}
2026-08-22 23:51:54.176 /testbed/src/flask/app.py:1065 flask.app.Flask.ensure_sync event=call locals={'func': '<function TestIndirectExceptionCallGraph.test_generated_requests_exercise_error_pipeline.<locals>.global_after at 0x71487b39c360>', 'self': "<Flask 'runtime_exception_graph'>"}
2026-08-22 23:51:54.176 /testbed/src/flask/app.py:1074 flask.app.Flask.ensure_sync event=line locals={}
2026-08-22 23:51:54.177 /testbed/src/flask/app.py:1077 flask.app.Flask.ensure_sync event=line locals={}
2026-08-22 23:51:54.177 /testbed/src/flask/app.py:1077 flask.app.Flask.ensure_sync event=return retval=<function TestIndirectExceptionCallGraph.test_generated_requests_exercise_error_pipeline.<locals>.global_after at 0x71487b39c360> locals={'func': '<function TestIndirectExceptionCallGraph.test_generated_requests_exercise_error_pipeline.<locals>.global_after at 0x71487b39c360>', 'self': "<Flask 'runtime_exception_graph'>"}
2026-08-22 23:51:54.177 /testbed/src/flask/app.py:1412 flask.app.Flask.process_response event=line locals={}
2026-08-22 23:51:54.177 /testbed/src/flask/app.py:1413 flask.app.Flask.process_response event=line locals={'func': '<function TestIndirectExceptionCallGraph.test_generated_requests_exercise_error_pipeline.<locals>.global_after at 0x71487b39c2c0>'}
2026-08-22 23:51:54.177 /testbed/src/flask/app.py:1065 flask.app.Flask.ensure_sync event=call locals={'func': '<function TestIndirectExceptionCallGraph.test_generated_requests_exercise_error_pipeline.<locals>.global_after at 0x71487b39c2c0>', 'self': "<Flask 'runtime_exception_graph'>"}
2026-08-22 23:51:54.177 /testbed/src/flask/app.py:1074 flask.app.Flask.ensure_sync event=line locals={}
2026-08-22 23:51:54.177 /testbed/src/flask/app.py:1077 flask.app.Flask.ensure_sync event=line locals={}
2026-08-22 23:51:54.177 /testbed/src/flask/app.py:1077 flask.app.Flask.ensure_sync event=return retval=<function TestIndirectExceptionCallGraph.test_generated_requests_exercise_error_pipeline.<locals>.global_after at 0x71487b39c2c0> locals={'func': '<function TestIndirectExceptionCallGraph.test_generated_requests_exercise_error_pipeline.<locals>.global_after at 0x71487b39c2c0>', 'self': "<Flask 'runtime_exception_graph'>"}
2026-08-22 23:51:54.177 /testbed/src/flask/app.py:1412 flask.app.Flask.process_response event=line locals={}
2026-08-22 23:51:54.177 /testbed/src/flask/app.py:1413 flask.app.Flask.process_response event=line locals={'func': '<function TestIndirectExceptionCallGraph.test_generated_requests_exercise_error_pipeline.<locals>.global_after at 0x71487b39c220>'}
2026-08-22 23:51:54.177 /testbed/src/flask/app.py:1065 flask.app.Flask.ensure_sync event=call locals={'func': '<function TestIndirectExceptionCallGraph.test_generated_requests_exercise_error_pipeline.<locals>.global_after at 0x71487b39c220>', 'self': "<Flask 'runtime_exception_graph'>"}
2026-08-22 23:51:54.177 /testbed/src/flask/app.py:1074 flask.app.Flask.ensure_sync event=line locals={}
2026-08-22 23:51:54.177 /testbed/src/flask/app.py:1077 flask.app.Flask.ensure_sync event=line locals={}
2026-08-22 23:51:54.177 /testbed/src/flask/app.py:1077 flask.app.Flask.ensure_sync event=return retval=<function TestIndirectExceptionCallGraph.test_generated_requests_exercise_error_pipeline.<locals>.global_after at 0x71487b39c220> locals={'func': '<function TestIndirectExceptionCallGraph.test_generated_requests_exercise_error_pipeline.<locals>.global_after at 0x71487b39c220>', 'self': "<Flask 'runtime_exception_graph'>"}
2026-08-22 23:51:54.177 /testbed/src/flask/app.py:1412 flask.app.Flask.process_response event=line locals={}
2026-08-22 23:51:54.177 /testbed/src/flask/app.py:1413 flask.app.Flask.process_response event=line locals={'func': '<function TestIndirectExceptionCallGraph.test_generated_requests_exercise_error_pipeline.<locals>.global_after at 0x71487b39c180>'}
2026-08-22 23:51:54.177 /testbed/src/flask/app.py:1065 flask.app.Flask.ensure_sync event=call locals={'func': '<function TestIndirectExceptionCallGraph.test_generated_requests_exercise_error_pipeline.<locals>.global_after at 0x71487b39c180>', 'self': "<Flask 'runtime_exception_graph'>"}
2026-08-22 23:51:54.177 /testbed/src/flask/app.py:1074 flask.app.Flask.ensure_sync event=line locals={}
2026-08-22 23:51:54.177 /testbed/src/flask/app.py:1077 flask.app.Flask.ensure_sync event=line locals={}
2026-08-22 23:51:54.177 /testbed/src/flask/app.py:1077 flask.app.Flask.ensure_sync event=return retval=<function TestIndirectExceptionCallGraph.test_generated_requests_exercise_error_pipeline.<locals>.global_after at 0x71487b39c180> locals={'func': '<function TestIndirectExceptionCallGraph.test_generated_requests_exercise_error_pipeline.<locals>.global_after at 0x71487b39c180>', 'self': "<Flask 'runtime_exception_graph'>"}
2026-08-22 23:51:54.177 /testbed/src/flask/app.py:1412 flask.app.Flask.process_response event=line locals={}
2026-08-22 23:51:54.177 /testbed/src/flask/app.py:1413 flask.app.Flask.process_response event=line locals={'func': '<function TestIndirectExceptionCallGraph.test_generated_requests_exercise_error_pipeline.<locals>.global_after at 0x71487b39c040>'}
2026-08-22 23:51:54.177 /testbed/src/flask/app.py:1065 flask.app.Flask.ensure_sync event=call locals={'func': '<function TestIndirectExceptionCallGraph.test_generated_requests_exercise_error_pipeline.<locals>.global_after at 0x71487b39c040>', 'self': "<Flask 'runtime_exception_graph'>"}
2026-08-22 23:51:54.177 /testbed/src/flask/app.py:1074 flask.app.Flask.ensure_sync event=line locals={}
2026-08-22 23:51:54.177 /testbed/src/flask/app.py:1077 flask.app.Flask.ensure_sync event=line locals={}
2026-08-22 23:51:54.177 /testbed/src/flask/app.py:1077 flask.app.Flask.ensure_sync event=return retval=<function TestIndirectExceptionCallGraph.test_generated_requests_exercise_error_pipeline.<locals>.global_after at 0x71487b39c040> locals={'func': '<function TestIndirectExceptionCallGraph.test_generated_requests_exercise_error_pipeline.<locals>.global_after at 0x71487b39c040>', 'self': "<Flask 'runtime_exception_graph'>"}
2026-08-22 23:51:54.177 /testbed/src/flask/app.py:1412 flask.app.Flask.process_response event=line locals={}
2026-08-22 23:51:54.177 /testbed/src/flask/app.py:1410 flask.app.Flask.process_response event=line locals={}
2026-08-22 23:51:54.177 /testbed/src/flask/app.py:1415 flask.app.Flask.process_response event=line locals={}
2026-08-22 23:51:54.177 /testbed/src/flask/app.py:1418 flask.app.Flask.process_response event=line locals={}
2026-08-22 23:51:54.177 /testbed/src/flask/app.py:1418 flask.app.Flask.process_response event=return retval=<Response 14 bytes [500 INTERNAL SERVER ERROR]> locals={'ctx': "<AppContext 124556119289104 of runtime_exception_graph, GET 'http://localhost/generated/18'>", 'func': '<function TestIndirectExceptionCallGraph.test_generated_requests_exercise_error_pipeline.<locals>.global_after at 0x71487b39c040>', 'name': 'None', 'response': '<Response 14 bytes [500 INTERNAL SERVER ERROR]>', 'self': "<Flask 'runtime_exception_graph'>"}
2026-08-22 23:51:54.177 /testbed/src/flask/app.py:1042 flask.app.Flask.finalize_request event=line locals={}
2026-08-22 23:51:54.177 /testbed/src/flask/app.py:1043 flask.app.Flask.finalize_request event=line locals={}
2026-08-22 23:51:54.177 /testbed/src/flask/app.py:1042 flask.app.Flask.finalize_request event=line locals={}
2026-08-22 23:51:54.178 /testbed/src/flask/app.py:1051 flask.app.Flask.finalize_request event=line locals={}
2026-08-22 23:51:54.178 /testbed/src/flask/app.py:1051 flask.app.Flask.finalize_request event=return retval=<Response 14 bytes [500 INTERNAL SERVER ERROR]> locals={'ctx': "<AppContext 124556119289104 of runtime_exception_graph, GET 'http://localhost/generated/18'>", 'from_error_handler': 'True', 'response': '<Response 14 bytes [500 INTERNAL SERVER ERROR]>', 'rv': "([759797, 1, 18], 500, {'X-QA-Mode': '1'})", 'self': "<Flask 'runtime_exception_graph'>"}
2026-08-22 23:51:54.178 /testbed/src/flask/app.py:948 flask.app.Flask.handle_exception event=return retval=<Response 14 bytes [500 INTERNAL SERVER ERROR]> locals={'ctx': "<AppContext 124556119289104 of runtime_exception_graph, GET 'http://localhost/generated/18'>", 'e': "RuntimeError('generated failure c66c9')", 'exc_info': "(<class 'RuntimeError'>, RuntimeError('generated failure c66c9'), <traceback object at 0x71487b3eb9c0>)", 'handler': '<function TestIndirectExceptionCallGraph.test_generated_requests_exercise_error_pipeline.<locals>.convert_unhandled_error at 0x71487b39c720>', 'propagate': 'False', 'self': "<Flask 'runtime_exception_graph'>", 'server_error': "([759797, 1, 18], 500, {'X-QA-Mode': '1'})"}
2026-08-22 23:51:54.187 /testbed/src/flask/app.py:1065 flask.app.Flask.ensure_sync event=call locals={'func': '<function TestIndirectExceptionCallGraph.test_generated_requests_exercise_error_pipeline.<locals>.generated_failure at 0x71487b39c9a0>', 'self': "<Flask 'runtime_exception_graph'>"}
2026-08-22 23:51:54.187 /testbed/src/flask/app.py:1074 flask.app.Flask.ensure_sync event=line locals={}
2026-08-22 23:51:54.187 /testbed/src/flask/app.py:1077 flask.app.Flask.ensure_sync event=line locals={}
2026-08-22 23:51:54.187 /testbed/src/flask/app.py:1077 flask.app.Flask.ensure_sync event=return retval=<function TestIndirectExceptionCallGraph.test_generated_requests_exercise_error_pipeline.<locals>.generated_failure at 0x71487b39c9a0> locals={'func': '<function TestIndirectExceptionCallGraph.test_generated_requests_exercise_error_pipeline.<locals>.generated_failure at 0x71487b39c9a0>', 'self': "<Flask 'runtime_exception_graph'>"}
2026-08-22 23:51:54.188 /testbed/src/flask/app.py:897 flask.app.Flask.handle_exception event=call locals={'ctx': "<AppContext 124556119332816 of runtime_exception_graph, GET 'http://localhost/generated/6'>", 'e': "RuntimeError('generated failure b014d')", 'self': "<Flask 'runtime_exception_graph'>"}
2026-08-22 23:51:54.188 /testbed/src/flask/app.py:925 flask.app.Flask.handle_exception event=line locals={}
2026-08-22 23:51:54.188 /testbed/src/flask/app.py:926 flask.app.Flask.handle_exception event=line locals={'exc_info': "(<class 'RuntimeError'>, RuntimeError('generated failure b014d'), <traceback object at 0x71487b3f6580>)"}
2026-08-22 23:51:54.188 /testbed/src/flask/app.py:927 flask.app.Flask.handle_exception event=line locals={}
2026-08-22 23:51:54.188 /testbed/src/flask/app.py:929 flask.app.Flask.handle_exception event=line locals={'propagate': 'False'}
2026-08-22 23:51:54.188 /testbed/src/flask/app.py:932 flask.app.Flask.handle_exception event=line locals={}
2026-08-22 23:51:54.188 /testbed/src/flask/app.py:940 flask.app.Flask.handle_exception event=line locals={}
2026-08-22 23:51:54.188 /testbed/src/flask/app.py:950 flask.app.Flask.log_exception event=call locals={'ctx': "<AppContext 124556119332816 of runtime_exception_graph, GET 'http://localhost/generated/6'>", 'exc_info': "(<class 'RuntimeError'>, RuntimeError('generated failure b014d'), <traceback object at 0x71487b3f6580>)", 'self': "<Flask 'runtime_exception_graph'>"}
2026-08-22 23:51:54.188 /testbed/src/flask/app.py:962 flask.app.Flask.log_exception event=line locals={}
2026-08-22 23:51:54.188 /testbed/src/flask/app.py:963 flask.app.Flask.log_exception event=line locals={}
2026-08-22 23:51:54.188 /testbed/src/flask/app.py:962 flask.app.Flask.log_exception event=line locals={}
2026-08-22 23:51:54.188 /testbed/src/flask/app.py:962 flask.app.Flask.log_exception event=return retval=None locals={'ctx': "<AppContext 124556119332816 of runtime_exception_graph, GET 'http://localhost/generated/6'>", 'exc_info': "(<class 'RuntimeError'>, RuntimeError('generated failure b014d'), <traceback object at 0x71487b3f6580>)", 'self': "<Flask 'runtime_exception_graph'>"}
2026-08-22 23:51:54.188 /testbed/src/flask/app.py:942 flask.app.Flask.handle_exception event=line locals={}
2026-08-22 23:51:54.188 /testbed/src/flask/app.py:943 flask.app.Flask.handle_exception event=line locals={'server_error': "<InternalServerError '500: Internal Server Error'>"}
2026-08-22 23:51:54.189 /testbed/src/flask/app.py:945 flask.app.Flask.handle_exception event=line locals={'handler': '<function TestIndirectExceptionCallGraph.test_generated_requests_exercise_error_pipeline.<locals>.convert_unhandled_error at 0x71487b39c720>'}
2026-08-22 23:51:54.189 /testbed/src/flask/app.py:946 flask.app.Flask.handle_exception event=line locals={}
2026-08-22 23:51:54.189 /testbed/src/flask/app.py:1065 flask.app.Flask.ensure_sync event=call locals={'func': '<function TestIndirectExceptionCallGraph.test_generated_requests_exercise_error_pipeline.<locals>.convert_unhandled_error at 0x71487b39c720>', 'self': "<Flask 'runtime_exception_graph'>"}
2026-08-22 23:51:54.189 /testbed/src/flask/app.py:1074 flask.app.Flask.ensure_sync event=line locals={}
2026-08-22 23:51:54.189 /testbed/src/flask/app.py:1077 flask.app.Flask.ensure_sync event=line locals={}
2026-08-22 23:51:54.189 /testbed/src/flask/app.py:1077 flask.app.Flask.ensure_sync event=return retval=<function TestIndirectExceptionCallGraph.test_generated_requests_exercise_error_pipeline.<locals>.convert_unhandled_error at 0x71487b39c720> locals={'func': '<function TestIndirectExceptionCallGraph.test_generated_requests_exercise_error_pipeline.<locals>.convert_unhandled_error at 0x71487b39c720>', 'self': "<Flask 'runtime_exception_graph'>"}
2026-08-22 23:51:54.189 /testbed/src/flask/app.py:948 flask.app.Flask.handle_exception event=line locals={'server_error': "({'checksum': 597953, 'mode': 0}, 500)"}
2026-08-22 23:51:54.189 /testbed/src/flask/app.py:1021 flask.app.Flask.finalize_request event=call locals={'ctx': "<AppContext 124556119332816 of runtime_exception_graph, GET 'http://localhost/generated/6'>", 'from_error_handler': 'True', 'rv': "({'checksum': 597953, 'mode': 0}, 500)", 'self': "<Flask 'runtime_exception_graph'>"}
2026-08-22 23:51:54.189 /testbed/src/flask/app.py:1039 flask.app.Flask.finalize_request event=line locals={}
2026-08-22 23:51:54.189 /testbed/src/flask/app.py:1224 flask.app.Flask.make_response event=call locals={'rv': "({'checksum': 597953, 'mode': 0}, 500)", 'self': "<Flask 'runtime_exception_graph'>"}
2026-08-22 23:51:54.189 /testbed/src/flask/app.py:1281 flask.app.Flask.make_response event=line locals={}
2026-08-22 23:51:54.189 /testbed/src/flask/app.py:1282 flask.app.Flask.make_response event=line locals={'status': 'None'}
2026-08-22 23:51:54.189 /testbed/src/flask/app.py:1285 flask.app.Flask.make_response event=line locals={'headers': 'None'}
2026-08-22 23:51:54.189 /testbed/src/flask/app.py:1286 flask.app.Flask.make_response event=line locals={}
2026-08-22 23:51:54.189 /testbed/src/flask/app.py:1289 flask.app.Flask.make_response event=line locals={'len_rv': '2'}
2026-08-22 23:51:54.189 /testbed/src/flask/app.py:1292 flask.app.Flask.make_response event=line locals={}
2026-08-22 23:51:54.189 /testbed/src/flask/app.py:1293 flask.app.Flask.make_response event=line locals={}
2026-08-22 23:51:54.189 /testbed/src/flask/app.py:1296 flask.app.Flask.make_response event=line locals={}
2026-08-22 23:51:54.189 /testbed/src/flask/app.py:1306 flask.app.Flask.make_response event=line locals={'rv': "{'checksum': 597953, 'mode': 0}", 'status': '500'}
2026-08-22 23:51:54.189 /testbed/src/flask/app.py:1314 flask.app.Flask.make_response event=line locals={}
2026-08-22 23:51:54.189 /testbed/src/flask/app.py:1315 flask.app.Flask.make_response event=line locals={}
2026-08-22 23:51:54.189 /testbed/src/flask/app.py:1325 flask.app.Flask.make_response event=line locals={}
2026-08-22 23:51:54.189 /testbed/src/flask/app.py:1326 flask.app.Flask.make_response event=line locals={}
2026-08-22 23:51:54.190 /testbed/src/flask/app.py:1352 flask.app.Flask.make_response event=line locals={'rv': '<Response 29 bytes [200 OK]>'}
2026-08-22 23:51:54.190 /testbed/src/flask/app.py:1354 flask.app.Flask.make_response event=line locals={}
2026-08-22 23:51:54.190 /testbed/src/flask/app.py:1355 flask.app.Flask.make_response event=line locals={}
2026-08-22 23:51:54.190 /testbed/src/flask/app.py:1358 flask.app.Flask.make_response event=line locals={}
2026-08-22 23:51:54.190 /testbed/src/flask/app.py:1361 flask.app.Flask.make_response event=line locals={'rv': '<Response 29 bytes [500 INTERNAL SERVER ERROR]>'}
2026-08-22 23:51:54.190 /testbed/src/flask/app.py:1364 flask.app.Flask.make_response event=line locals={}
2026-08-22 23:51:54.190 /testbed/src/flask/app.py:1364 flask.app.Flask.make_response event=return retval=<Response 29 bytes [500 INTERNAL SERVER ERROR]> locals={'headers': 'None', 'len_rv': '2', 'rv': '<Response 29 bytes [500 INTERNAL SERVER ERROR]>', 'self': "<Flask 'runtime_exception_graph'>", 'status': '500'}
2026-08-22 23:51:54.190 /testbed/src/flask/app.py:1040 flask.app.Flask.finalize_request event=line locals={'response': '<Response 29 bytes [500 INTERNAL SERVER ERROR]>'}
2026-08-22 23:51:54.190 /testbed/src/flask/app.py:1041 flask.app.Flask.finalize_request event=line locals={}
2026-08-22 23:51:54.190 /testbed/src/flask/app.py:1394 flask.app.Flask.process_response event=call locals={'ctx': "<AppContext 124556119332816 of runtime_exception_graph, GET 'http://localhost/generated/6'>", 'response': '<Response 29 bytes [500 INTERNAL SERVER ERROR]>', 'self': "<Flask 'runtime_exception_graph'>"}
2026-08-22 23:51:54.190 /testbed/src/flask/app.py:1407 flask.app.Flask.process_response event=line locals={}
2026-08-22 23:51:54.190 /testbed/src/flask/app.py:1408 flask.app.Flask.process_response event=line locals={'func': '<function TestIndirectExceptionCallGraph.test_generated_requests_exercise_error_pipeline.<locals>.generated_failure.<locals>.local_after at 0x71487b3bd260>'}
2026-08-22 23:51:54.190 /testbed/src/flask/app.py:1065 flask.app.Flask.ensure_sync event=call locals={'func': '<function TestIndirectExceptionCallGraph.test_generated_requests_exercise_error_pipeline.<locals>.generated_failure.<locals>.local_after at 0x71487b3bd260>', 'self': "<Flask 'runtime_exception_graph'>"}
2026-08-22 23:51:54.190 /testbed/src/flask/app.py:1074 flask.app.Flask.ensure_sync event=line locals={}
2026-08-22 23:51:54.190 /testbed/src/flask/app.py:1077 flask.app.Flask.ensure_sync event=line locals={}
2026-08-22 23:51:54.190 /testbed/src/flask/app.py:1077 flask.app.Flask.ensure_sync event=return retval=<function TestIndirectExceptionCallGraph.test_generated_requests_exercise_error_pipeline.<locals>.generated_failure.<locals>.local_after at 0x71487b3bd260> locals={'func': '<function TestIndirectExceptionCallGraph.test_generated_requests_exercise_error_pipeline.<locals>.generated_failure.<locals>.local_after at 0x71487b3bd260>', 'self': "<Flask 'runtime_exception_graph'>"}
2026-08-22 23:51:54.190 /testbed/src/flask/app.py:1407 flask.app.Flask.process_response event=line locals={}
2026-08-22 23:51:54.190 /testbed/src/flask/app.py:1408 flask.app.Flask.process_response event=line locals={'func': '<function TestIndirectExceptionCallGraph.test_generated_requests_exercise_error_pipeline.<locals>.generated_failure.<locals>.local_after at 0x71487b3bd300>'}
2026-08-22 23:51:54.190 /testbed/src/flask/app.py:1065 flask.app.Flask.ensure_sync event=call locals={'func': '<function TestIndirectExceptionCallGraph.test_generated_requests_exercise_error_pipeline.<locals>.generated_failure.<locals>.local_after at 0x71487b3bd300>', 'self': "<Flask 'runtime_exception_graph'>"}
2026-08-22 23:51:54.190 /testbed/src/flask/app.py:1074 flask.app.Flask.ensure_sync event=line locals={}
2026-08-22 23:51:54.190 /testbed/src/flask/app.py:1077 flask.app.Flask.ensure_sync event=line locals={}
2026-08-22 23:51:54.190 /testbed/src/flask/app.py:1077 flask.app.Flask.ensure_sync event=return retval=<function TestIndirectExceptionCallGraph.test_generated_requests_exercise_error_pipeline.<locals>.generated_failure.<locals>.local_after at 0x71487b3bd300> locals={'func': '<function TestIndirectExceptionCallGraph.test_generated_requests_exercise_error_pipeline.<locals>.generated_failure.<locals>.local_after at 0x71487b3bd300>', 'self': "<Flask 'runtime_exception_graph'>"}
2026-08-22 23:51:54.190 /testbed/src/flask/app.py:1407 flask.app.Flask.process_response event=line locals={}
2026-08-22 23:51:54.190 /testbed/src/flask/app.py:1408 flask.app.Flask.process_response event=line locals={'func': '<function TestIndirectExceptionCallGraph.test_generated_requests_exercise_error_pipeline.<locals>.generated_failure.<locals>.local_after at 0x71487b3bd3a0>'}
2026-08-22 23:51:54.190 /testbed/src/flask/app.py:1065 flask.app.Flask.ensure_sync event=call locals={'func': '<function TestIndirectExceptionCallGraph.test_generated_requests_exercise_error_pipeline.<locals>.generated_failure.<locals>.local_after at 0x71487b3bd3a0>', 'self': "<Flask 'runtime_exception_graph'>"}
2026-08-22 23:51:54.190 /testbed/src/flask/app.py:1074 flask.app.Flask.ensure_sync event=line locals={}
2026-08-22 23:51:54.190 /testbed/src/flask/app.py:1077 flask.app.Flask.ensure_sync event=line locals={}
2026-08-22 23:51:54.190 /testbed/src/flask/app.py:1077 flask.app.Flask.ensure_sync event=return retval=<function TestIndirectExceptionCallGraph.test_generated_requests_exercise_error_pipeline.<locals>.generated_failure.<locals>.local_after at 0x71487b3bd3a0> locals={'func': '<function TestIndirectExceptionCallGraph.test_generated_requests_exercise_error_pipeline.<locals>.generated_failure.<locals>.local_after at 0x71487b3bd3a0>', 'self': "<Flask 'runtime_exception_graph'>"}
2026-08-22 23:51:54.190 /testbed/src/flask/app.py:1407 flask.app.Flask.process_response event=line locals={}
2026-08-22 23:51:54.190 /testbed/src/flask/app.py:1408 flask.app.Flask.process_response event=line locals={'func': '<function TestIndirectExceptionCallGraph.test_generated_requests_exercise_error_pipeline.<locals>.generated_failure.<locals>.local_after at 0x71487b3bd440>'}
2026-08-22 23:51:54.190 /testbed/src/flask/app.py:1065 flask.app.Flask.ensure_sync event=call locals={'func': '<function TestIndirectExceptionCallGraph.test_generated_requests_exercise_error_pipeline.<locals>.generated_failure.<locals>.local_after at 0x71487b3bd440>', 'self': "<Flask 'runtime_exception_graph'>"}
2026-08-22 23:51:54.190 /testbed/src/flask/app.py:1074 flask.app.Flask.ensure_sync event=line locals={}
2026-08-22 23:51:54.190 /testbed/src/flask/app.py:1077 flask.app.Flask.ensure_sync event=line locals={}
2026-08-22 23:51:54.190 /testbed/src/flask/app.py:1077 flask.app.Flask.ensure_sync event=return retval=<function TestIndirectExceptionCallGraph.test_generated_requests_exercise_error_pipeline.<locals>.generated_failure.<locals>.local_after at 0x71487b3bd440> locals={'func': '<function TestIndirectExceptionCallGraph.test_generated_requests_exercise_error_pipeline.<locals>.generated_failure.<locals>.local_after at 0x71487b3bd440>', 'self': "<Flask 'runtime_exception_graph'>"}
2026-08-22 23:51:54.191 /testbed/src/flask/app.py:1407 flask.app.Flask.process_response event=line locals={}
2026-08-22 23:51:54.191 /testbed/src/flask/app.py:1408 flask.app.Flask.process_response event=line locals={'func': '<function TestIndirectExceptionCallGraph.test_generated_requests_exercise_error_pipeline.<locals>.generated_failure.<locals>.local_after at 0x71487b3bd4e0>'}
2026-08-22 23:51:54.191 /testbed/src/flask/app.py:1065 flask.app.Flask.ensure_sync event=call locals={'func': '<function TestIndirectExceptionCallGraph.test_generated_requests_exercise_error_pipeline.<locals>.generated_failure.<locals>.local_after at 0x71487b3bd4e0>', 'self': "<Flask 'runtime_exception_graph'>"}
2026-08-22 23:51:54.191 /testbed/src/flask/app.py:1074 flask.app.Flask.ensure_sync event=line locals={}
2026-08-22 23:51:54.191 /testbed/src/flask/app.py:1077 flask.app.Flask.ensure_sync event=line locals={}
2026-08-22 23:51:54.191 /testbed/src/flask/app.py:1077 flask.app.Flask.ensure_sync event=return retval=<function TestIndirectExceptionCallGraph.test_generated_requests_exercise_error_pipeline.<locals>.generated_failure.<locals>.local_after at 0x71487b3bd4e0> locals={'func': '<function TestIndirectExceptionCallGraph.test_generated_requests_exercise_error_pipeline.<locals>.generated_failure.<locals>.local_after at 0x71487b3bd4e0>', 'self': "<Flask 'runtime_exception_graph'>"}
2026-08-22 23:51:54.191 /testbed/src/flask/app.py:1407 flask.app.Flask.process_response event=line locals={}
2026-08-22 23:51:54.191 /testbed/src/flask/app.py:1408 flask.app.Flask.process_response event=line locals={'func': '<function TestIndirectExceptionCallGraph.test_generated_requests_exercise_error_pipeline.<locals>.generated_failure.<locals>.local_after at 0x71487b3bd580>'}
2026-08-22 23:51:54.191 /testbed/src/flask/app.py:1065 flask.app.Flask.ensure_sync event=call locals={'func': '<function TestIndirectExceptionCallGraph.test_generated_requests_exercise_error_pipeline.<locals>.generated_failure.<locals>.local_after at 0x71487b3bd580>', 'self': "<Flask 'runtime_exception_graph'>"}
2026-08-22 23:51:54.191 /testbed/src/flask/app.py:1074 flask.app.Flask.ensure_sync event=line locals={}
2026-08-22 23:51:54.191 /testbed/src/flask/app.py:1077 flask.app.Flask.ensure_sync event=line locals={}
2026-08-22 23:51:54.191 /testbed/src/flask/app.py:1077 flask.app.Flask.ensure_sync event=return retval=<function TestIndirectExceptionCallGraph.test_generated_requests_exercise_error_pipeline.<locals>.generated_failure.<locals>.local_after at 0x71487b3bd580> locals={'func': '<function TestIndirectExceptionCallGraph.test_generated_requests_exercise_error_pipeline.<locals>.generated_failure.<locals>.local_after at 0x71487b3bd580>', 'self': "<Flask 'runtime_exception_graph'>"}
2026-08-22 23:51:54.191 /testbed/src/flask/app.py:1407 flask.app.Flask.process_response event=line locals={}
2026-08-22 23:51:54.191 /testbed/src/flask/app.py:1408 flask.app.Flask.process_response event=line locals={'func': '<function TestIndirectExceptionCallGraph.test_generated_requests_exercise_error_pipeline.<locals>.generated_failure.<locals>.local_after at 0x71487b3bd620>'}
2026-08-22 23:51:54.191 /testbed/src/flask/app.py:1065 flask.app.Flask.ensure_sync event=call locals={'func': '<function TestIndirectExceptionCallGraph.test_generated_requests_exercise_error_pipeline.<locals>.generated_failure.<locals>.local_after at 0x71487b3bd620>', 'self': "<Flask 'runtime_exception_graph'>"}
2026-08-22 23:51:54.191 /testbed/src/flask/app.py:1074 flask.app.Flask.ensure_sync event=line locals={}
2026-08-22 23:51:54.191 /testbed/src/flask/app.py:1077 flask.app.Flask.ensure_sync event=line locals={}
2026-08-22 23:51:54.191 /testbed/src/flask/app.py:1077 flask.app.Flask.ensure_sync event=return retval=<function TestIndirectExceptionCallGraph.test_generated_requests_exercise_error_pipeline.<locals>.generated_failure.<locals>.local_after at 0x71487b3bd620> locals={'func': '<function TestIndirectExceptionCallGraph.test_generated_requests_exercise_error_pipeline.<locals>.generated_failure.<locals>.local_after at 0x71487b3bd620>', 'self': "<Flask 'runtime_exception_graph'>"}
2026-08-22 23:51:54.191 /testbed/src/flask/app.py:1407 flask.app.Flask.process_response event=line locals={}
2026-08-22 23:51:54.191 /testbed/src/flask/app.py:1408 flask.app.Flask.process_response event=line locals={'func': '<function TestIndirectExceptionCallGraph.test_generated_requests_exercise_error_pipeline.<locals>.generated_failure.<locals>.local_after at 0x71487b3bce00>'}
2026-08-22 23:51:54.191 /testbed/src/flask/app.py:1065 flask.app.Flask.ensure_sync event=call locals={'func': '<function TestIndirectExceptionCallGraph.test_generated_requests_exercise_error_pipeline.<locals>.generated_failure.<locals>.local_after at 0x71487b3bce00>', 'self': "<Flask 'runtime_exception_graph'>"}
2026-08-22 23:51:54.191 /testbed/src/flask/app.py:1074 flask.app.Flask.ensure_sync event=line locals={}
2026-08-22 23:51:54.191 /testbed/src/flask/app.py:1077 flask.app.Flask.ensure_sync event=line locals={}
2026-08-22 23:51:54.191 /testbed/src/flask/app.py:1077 flask.app.Flask.ensure_sync event=return retval=<function TestIndirectExceptionCallGraph.test_generated_requests_exercise_error_pipeline.<locals>.generated_failure.<locals>.local_after at 0x71487b3bce00> locals={'func': '<function TestIndirectExceptionCallGraph.test_generated_requests_exercise_error_pipeline.<locals>.generated_failure.<locals>.local_after at 0x71487b3bce00>', 'self': "<Flask 'runtime_exception_graph'>"}
2026-08-22 23:51:54.191 /testbed/src/flask/app.py:1407 flask.app.Flask.process_response event=line locals={}
2026-08-22 23:51:54.191 /testbed/src/flask/app.py:1408 flask.app.Flask.process_response event=line locals={'func': '<function TestIndirectExceptionCallGraph.test_generated_requests_exercise_error_pipeline.<locals>.generated_failure.<locals>.local_after at 0x71487b3bf420>'}
2026-08-22 23:51:54.191 /testbed/src/flask/app.py:1065 flask.app.Flask.ensure_sync event=call locals={'func': '<function TestIndirectExceptionCallGraph.test_generated_requests_exercise_error_pipeline.<locals>.generated_failure.<locals>.local_after at 0x71487b3bf420>', 'self': "<Flask 'runtime_exception_graph'>"}
2026-08-22 23:51:54.191 /testbed/src/flask/app.py:1074 flask.app.Flask.ensure_sync event=line locals={}
2026-08-22 23:51:54.191 /testbed/src/flask/app.py:1077 flask.app.Flask.ensure_sync event=line locals={}
2026-08-22 23:51:54.191 /testbed/src/flask/app.py:1077 flask.app.Flask.ensure_sync event=return retval=<function TestIndirectExceptionCallGraph.test_generated_requests_exercise_error_pipeline.<locals>.generated_failure.<locals>.local_after at 0x71487b3bf420> locals={'func': '<function TestIndirectExceptionCallGraph.test_generated_requests_exercise_error_pipeline.<locals>.generated_failure.<locals>.local_after at 0x71487b3bf420>', 'self': "<Flask 'runtime_exception_graph'>"}
2026-08-22 23:51:54.191 /testbed/src/flask/app.py:1407 flask.app.Flask.process_response event=line locals={}
2026-08-22 23:51:54.191 /testbed/src/flask/app.py:1408 flask.app.Flask.process_response event=line locals={'func': '<function TestIndirectExceptionCallGraph.test_generated_requests_exercise_error_pipeline.<locals>.generated_failure.<locals>.local_after at 0x71487b3bf4c0>'}
2026-08-22 23:51:54.191 /testbed/src/flask/app.py:1065 flask.app.Flask.ensure_sync event=call locals={'func': '<function TestIndirectExceptionCallGraph.test_generated_requests_exercise_error_pipeline.<locals>.generated_failure.<locals>.local_after at 0x71487b3bf4c0>', 'self': "<Flask 'runtime_exception_graph'>"}
2026-08-22 23:51:54.191 /testbed/src/flask/app.py:1074 flask.app.Flask.ensure_sync event=line locals={}
2026-08-22 23:51:54.191 /testbed/src/flask/app.py:1077 flask.app.Flask.ensure_sync event=line locals={}
2026-08-22 23:51:54.191 /testbed/src/flask/app.py:1077 flask.app.Flask.ensure_sync event=return retval=<function TestIndirectExceptionCallGraph.test_generated_requests_exercise_error_pipeline.<locals>.generated_failure.<locals>.local_after at 0x71487b3bf4c0> locals={'func': '<function TestIndirectExceptionCallGraph.test_generated_requests_exercise_error_pipeline.<locals>.generated_failure.<locals>.local_after at 0x71487b3bf4c0>', 'self': "<Flask 'runtime_exception_graph'>"}
2026-08-22 23:51:54.191 /testbed/src/flask/app.py:1407 flask.app.Flask.process_response event=line locals={}
2026-08-22 23:51:54.191 /testbed/src/flask/app.py:1410 flask.app.Flask.process_response event=line locals={}
2026-08-22 23:51:54.191 /testbed/src/flask/app.py:1411 flask.app.Flask.process_response event=line locals={'name': 'None'}
2026-08-22 23:51:54.191 /testbed/src/flask/app.py:1412 flask.app.Flask.process_response event=line locals={}
2026-08-22 23:51:54.191 /testbed/src/flask/app.py:1413 flask.app.Flask.process_response event=line locals={'func': '<function TestIndirectExceptionCallGraph.test_generated_requests_exercise_error_pipeline.<locals>.global_after at 0x71487b39c5e0>'}
2026-08-22 23:51:54.192 /testbed/src/flask/app.py:1065 flask.app.Flask.ensure_sync event=call locals={'func': '<function TestIndirectExceptionCallGraph.test_generated_requests_exercise_error_pipeline.<locals>.global_after at 0x71487b39c5e0>', 'self': "<Flask 'runtime_exception_graph'>"}
2026-08-22 23:51:54.192 /testbed/src/flask/app.py:1074 flask.app.Flask.ensure_sync event=line locals={}
2026-08-22 23:51:54.192 /testbed/src/flask/app.py:1077 flask.app.Flask.ensure_sync event=line locals={}
2026-08-22 23:51:54.192 /testbed/src/flask/app.py:1077 flask.app.Flask.ensure_sync event=return retval=<function TestIndirectExceptionCallGraph.test_generated_requests_exercise_error_pipeline.<locals>.global_after at 0x71487b39c5e0> locals={'func': '<function TestIndirectExceptionCallGraph.test_generated_requests_exercise_error_pipeline.<locals>.global_after at 0x71487b39c5e0>', 'self': "<Flask 'runtime_exception_graph'>"}
2026-08-22 23:51:54.192 /testbed/src/flask/app.py:1412 flask.app.Flask.process_response event=line locals={}
2026-08-22 23:51:54.192 /testbed/src/flask/app.py:1413 flask.app.Flask.process_response event=line locals={'func': '<function TestIndirectExceptionCallGraph.test_generated_requests_exercise_error_pipeline.<locals>.global_after at 0x71487b39c540>'}
2026-08-22 23:51:54.192 /testbed/src/flask/app.py:1065 flask.app.Flask.ensure_sync event=call locals={'func': '<function TestIndirectExceptionCallGraph.test_generated_requests_exercise_error_pipeline.<locals>.global_after at 0x71487b39c540>', 'self': "<Flask 'runtime_exception_graph'>"}
2026-08-22 23:51:54.192 /testbed/src/flask/app.py:1074 flask.app.Flask.ensure_sync event=line locals={}
2026-08-22 23:51:54.192 /testbed/src/flask/app.py:1077 flask.app.Flask.ensure_sync event=line locals={}
2026-08-22 23:51:54.192 /testbed/src/flask/app.py:1077 flask.app.Flask.ensure_sync event=return retval=<function TestIndirectExceptionCallGraph.test_generated_requests_exercise_error_pipeline.<locals>.global_after at 0x71487b39c540> locals={'func': '<function TestIndirectExceptionCallGraph.test_generated_requests_exercise_error_pipeline.<locals>.global_after at 0x71487b39c540>', 'self': "<Flask 'runtime_exception_graph'>"}
2026-08-22 23:51:54.192 /testbed/src/flask/app.py:1412 flask.app.Flask.process_response event=line locals={}
2026-08-22 23:51:54.192 /testbed/src/flask/app.py:1413 flask.app.Flask.process_response event=line locals={'func': '<function TestIndirectExceptionCallGraph.test_generated_requests_exercise_error_pipeline.<locals>.global_after at 0x71487b39c4a0>'}
2026-08-22 23:51:54.192 /testbed/src/flask/app.py:1065 flask.app.Flask.ensure_sync event=call locals={'func': '<function TestIndirectExceptionCallGraph.test_generated_requests_exercise_error_pipeline.<locals>.global_after at 0x71487b39c4a0>', 'self': "<Flask 'runtime_exception_graph'>"}
2026-08-22 23:51:54.192 /testbed/src/flask/app.py:1074 flask.app.Flask.ensure_sync event=line locals={}
2026-08-22 23:51:54.192 /testbed/src/flask/app.py:1077 flask.app.Flask.ensure_sync event=line locals={}
2026-08-22 23:51:54.192 /testbed/src/flask/app.py:1077 flask.app.Flask.ensure_sync event=return retval=<function TestIndirectExceptionCallGraph.test_generated_requests_exercise_error_pipeline.<locals>.global_after at 0x71487b39c4a0> locals={'func': '<function TestIndirectExceptionCallGraph.test_generated_requests_exercise_error_pipeline.<locals>.global_after at 0x71487b39c4a0>', 'self': "<Flask 'runtime_exception_graph'>"}
2026-08-22 23:51:54.192 /testbed/src/flask/app.py:1412 flask.app.Flask.process_response event=line locals={}
2026-08-22 23:51:54.192 /testbed/src/flask/app.py:1413 flask.app.Flask.process_response event=line locals={'func': '<function TestIndirectExceptionCallGraph.test_generated_requests_exercise_error_pipeline.<locals>.global_after at 0x71487b39c400>'}
2026-08-22 23:51:54.192 /testbed/src/flask/app.py:1065 flask.app.Flask.ensure_sync event=call locals={'func': '<function TestIndirectExceptionCallGraph.test_generated_requests_exercise_error_pipeline.<locals>.global_after at 0x71487b39c400>', 'self': "<Flask 'runtime_exception_graph'>"}
2026-08-22 23:51:54.192 /testbed/src/flask/app.py:1074 flask.app.Flask.ensure_sync event=line locals={}
2026-08-22 23:51:54.192 /testbed/src/flask/app.py:1077 flask.app.Flask.ensure_sync event=line locals={}
2026-08-22 23:51:54.192 /testbed/src/flask/app.py:1077 flask.app.Flask.ensure_sync event=return retval=<function TestIndirectExceptionCallGraph.test_generated_requests_exercise_error_pipeline.<locals>.global_after at 0x71487b39c400> locals={'func': '<function TestIndirectExceptionCallGraph.test_generated_requests_exercise_error_pipeline.<locals>.global_after at 0x71487b39c400>', 'self': "<Flask 'runtime_exception_graph'>"}
2026-08-22 23:51:54.192 /testbed/src/flask/app.py:1412 flask.app.Flask.process_response event=line locals={}
2026-08-22 23:51:54.192 /testbed/src/flask/app.py:1413 flask.app.Flask.process_response event=line locals={'func': '<function TestIndirectExceptionCallGraph.test_generated_requests_exercise_error_pipeline.<locals>.global_after at 0x71487b39c360>'}
2026-08-22 23:51:54.192 /testbed/src/flask/app.py:1065 flask.app.Flask.ensure_sync event=call locals={'func': '<function TestIndirectExceptionCallGraph.test_generated_requests_exercise_error_pipeline.<locals>.global_after at 0x71487b39c360>', 'self': "<Flask 'runtime_exception_graph'>"}
2026-08-22 23:51:54.192 /testbed/src/flask/app.py:1074 flask.app.Flask.ensure_sync event=line locals={}
2026-08-22 23:51:54.192 /testbed/src/flask/app.py:1077 flask.app.Flask.ensure_sync event=line locals={}
2026-08-22 23:51:54.192 /testbed/src/flask/app.py:1077 flask.app.Flask.ensure_sync event=return retval=<function TestIndirectExceptionCallGraph.test_generated_requests_exercise_error_pipeline.<locals>.global_after at 0x71487b39c360> locals={'func': '<function TestIndirectExceptionCallGraph.test_generated_requests_exercise_error_pipeline.<locals>.global_after at 0x71487b39c360>', 'self': "<Flask 'runtime_exception_graph'>"}
2026-08-22 23:51:54.192 /testbed/src/flask/app.py:1412 flask.app.Flask.process_response event=line locals={}
2026-08-22 23:51:54.192 /testbed/src/flask/app.py:1413 flask.app.Flask.process_response event=line locals={'func': '<function TestIndirectExceptionCallGraph.test_generated_requests_exercise_error_pipeline.<locals>.global_after at 0x71487b39c2c0>'}
2026-08-22 23:51:54.192 /testbed/src/flask/app.py:1065 flask.app.Flask.ensure_sync event=call locals={'func': '<function TestIndirectExceptionCallGraph.test_generated_requests_exercise_error_pipeline.<locals>.global_after at 0x71487b39c2c0>', 'self': "<Flask 'runtime_exception_graph'>"}
2026-08-22 23:51:54.192 /testbed/src/flask/app.py:1074 flask.app.Flask.ensure_sync event=line locals={}
2026-08-22 23:51:54.192 /testbed/src/flask/app.py:1077 flask.app.Flask.ensure_sync event=line locals={}
2026-08-22 23:51:54.192 /testbed/src/flask/app.py:1077 flask.app.Flask.ensure_sync event=return retval=<function TestIndirectExceptionCallGraph.test_generated_requests_exercise_error_pipeline.<locals>.global_after at 0x71487b39c2c0> locals={'func': '<function TestIndirectExceptionCallGraph.test_generated_requests_exercise_error_pipeline.<locals>.global_after at 0x71487b39c2c0>', 'self': "<Flask 'runtime_exception_graph'>"}
2026-08-22 23:51:54.192 /testbed/src/flask/app.py:1412 flask.app.Flask.process_response event=line locals={}
2026-08-22 23:51:54.192 /testbed/src/flask/app.py:1413 flask.app.Flask.process_response event=line locals={'func': '<function TestIndirectExceptionCallGraph.test_generated_requests_exercise_error_pipeline.<locals>.global_after at 0x71487b39c220>'}
2026-08-22 23:51:54.192 /testbed/src/flask/app.py:1065 flask.app.Flask.ensure_sync event=call locals={'func': '<function TestIndirectExceptionCallGraph.test_generated_requests_exercise_error_pipeline.<locals>.global_after at 0x71487b39c220>', 'self': "<Flask 'runtime_exception_graph'>"}
2026-08-22 23:51:54.192 /testbed/src/flask/app.py:1074 flask.app.Flask.ensure_sync event=line locals={}
2026-08-22 23:51:54.192 /testbed/src/flask/app.py:1077 flask.app.Flask.ensure_sync event=line locals={}
2026-08-22 23:51:54.192 /testbed/src/flask/app.py:1077 flask.app.Flask.ensure_sync event=return retval=<function TestIndirectExceptionCallGraph.test_generated_requests_exercise_error_pipeline.<locals>.global_after at 0x71487b39c220> locals={'func': '<function TestIndirectExceptionCallGraph.test_generated_requests_exercise_error_pipeline.<locals>.global_after at 0x71487b39c220>', 'self': "<Flask 'runtime_exception_graph'>"}
2026-08-22 23:51:54.192 /testbed/src/flask/app.py:1412 flask.app.Flask.process_response event=line locals={}
2026-08-22 23:51:54.192 /testbed/src/flask/app.py:1413 flask.app.Flask.process_response event=line locals={'func': '<function TestIndirectExceptionCallGraph.test_generated_requests_exercise_error_pipeline.<locals>.global_after at 0x71487b39c180>'}
2026-08-22 23:51:54.193 /testbed/src/flask/app.py:1065 flask.app.Flask.ensure_sync event=call locals={'func': '<function TestIndirectExceptionCallGraph.test_generated_requests_exercise_error_pipeline.<locals>.global_after at 0x71487b39c180>', 'self': "<Flask 'runtime_exception_graph'>"}
2026-08-22 23:51:54.193 /testbed/src/flask/app.py:1074 flask.app.Flask.ensure_sync event=line locals={}
2026-08-22 23:51:54.193 /testbed/src/flask/app.py:1077 flask.app.Flask.ensure_sync event=line locals={}
2026-08-22 23:51:54.193 /testbed/src/flask/app.py:1077 flask.app.Flask.ensure_sync event=return retval=<function TestIndirectExceptionCallGraph.test_generated_requests_exercise_error_pipeline.<locals>.global_after at 0x71487b39c180> locals={'func': '<function TestIndirectExceptionCallGraph.test_generated_requests_exercise_error_pipeline.<locals>.global_after at 0x71487b39c180>', 'self': "<Flask 'runtime_exception_graph'>"}
2026-08-22 23:51:54.193 /testbed/src/flask/app.py:1412 flask.app.Flask.process_response event=line locals={}
2026-08-22 23:51:54.193 /testbed/src/flask/app.py:1413 flask.app.Flask.process_response event=line locals={'func': '<function TestIndirectExceptionCallGraph.test_generated_requests_exercise_error_pipeline.<locals>.global_after at 0x71487b39c040>'}
2026-08-22 23:51:54.193 /testbed/src/flask/app.py:1065 flask.app.Flask.ensure_sync event=call locals={'func': '<function TestIndirectExceptionCallGraph.test_generated_requests_exercise_error_pipeline.<locals>.global_after at 0x71487b39c040>', 'self': "<Flask 'runtime_exception_graph'>"}
2026-08-22 23:51:54.193 /testbed/src/flask/app.py:1074 flask.app.Flask.ensure_sync event=line locals={}
2026-08-22 23:51:54.193 /testbed/src/flask/app.py:1077 flask.app.Flask.ensure_sync event=line locals={}
2026-08-22 23:51:54.193 /testbed/src/flask/app.py:1077 flask.app.Flask.ensure_sync event=return retval=<function TestIndirectExceptionCallGraph.test_generated_requests_exercise_error_pipeline.<locals>.global_after at 0x71487b39c040> locals={'func': '<function TestIndirectExceptionCallGraph.test_generated_requests_exercise_error_pipeline.<locals>.global_after at 0x71487b39c040>', 'self': "<Flask 'runtime_exception_graph'>"}
2026-08-22 23:51:54.193 /testbed/src/flask/app.py:1412 flask.app.Flask.process_response event=line locals={}
2026-08-22 23:51:54.193 /testbed/src/flask/app.py:1410 flask.app.Flask.process_response event=line locals={}
2026-08-22 23:51:54.193 /testbed/src/flask/app.py:1415 flask.app.Flask.process_response event=line locals={}
2026-08-22 23:51:54.193 /testbed/src/flask/app.py:1418 flask.app.Flask.process_response event=line locals={}
2026-08-22 23:51:54.193 /testbed/src/flask/app.py:1418 flask.app.Flask.process_response event=return retval=<Response 29 bytes [500 INTERNAL SERVER ERROR]> locals={'ctx': "<AppContext 124556119332816 of runtime_exception_graph, GET 'http://localhost/generated/6'>", 'func': '<function TestIndirectExceptionCallGraph.test_generated_requests_exercise_error_pipeline.<locals>.global_after at 0x71487b39c040>', 'name': 'None', 'response': '<Response 29 bytes [500 INTERNAL SERVER ERROR]>', 'self': "<Flask 'runtime_exception_graph'>"}
2026-08-22 23:51:54.193 /testbed/src/flask/app.py:1042 flask.app.Flask.finalize_request event=line locals={}
2026-08-22 23:51:54.193 /testbed/src/flask/app.py:1043 flask.app.Flask.finalize_request event=line locals={}
2026-08-22 23:51:54.193 /testbed/src/flask/app.py:1042 flask.app.Flask.finalize_request event=line locals={}
2026-08-22 23:51:54.193 /testbed/src/flask/app.py:1051 flask.app.Flask.finalize_request event=line locals={}
2026-08-22 23:51:54.193 /testbed/src/flask/app.py:1051 flask.app.Flask.finalize_request event=return retval=<Response 29 bytes [500 INTERNAL SERVER ERROR]> locals={'ctx': "<AppContext 124556119332816 of runtime_exception_graph, GET 'http://localhost/generated/6'>", 'from_error_handler': 'True', 'response': '<Response 29 bytes [500 INTERNAL SERVER ERROR]>', 'rv': "({'checksum': 597953, 'mode': 0}, 500)", 'self': "<Flask 'runtime_exception_graph'>"}
2026-08-22 23:51:54.193 /testbed/src/flask/app.py:948 flask.app.Flask.handle_exception event=return retval=<Response 29 bytes [500 INTERNAL SERVER ERROR]> locals={'ctx': "<AppContext 124556119332816 of runtime_exception_graph, GET 'http://localhost/generated/6'>", 'e': "RuntimeError('generated failure b014d')", 'exc_info': "(<class 'RuntimeError'>, RuntimeError('generated failure b014d'), <traceback object at 0x71487b3f6580>)", 'handler': '<function TestIndirectExceptionCallGraph.test_generated_requests_exercise_error_pipeline.<locals>.convert_unhandled_error at 0x71487b39c720>', 'propagate': 'False', 'self': "<Flask 'runtime_exception_graph'>", 'server_error': "({'checksum': 597953, 'mode': 0}, 500)"}
2026-08-22 23:51:54.202 /testbed/src/flask/app.py:1065 flask.app.Flask.ensure_sync event=call locals={'func': '<function TestIndirectExceptionCallGraph.test_generated_requests_exercise_error_pipeline.<locals>.generated_failure at 0x71487b39c9a0>', 'self': "<Flask 'runtime_exception_graph'>"}
2026-08-22 23:51:54.202 /testbed/src/flask/app.py:1074 flask.app.Flask.ensure_sync event=line locals={}
2026-08-22 23:51:54.202 /testbed/src/flask/app.py:1077 flask.app.Flask.ensure_sync event=line locals={}
2026-08-22 23:51:54.202 /testbed/src/flask/app.py:1077 flask.app.Flask.ensure_sync event=return retval=<function TestIndirectExceptionCallGraph.test_generated_requests_exercise_error_pipeline.<locals>.generated_failure at 0x71487b39c9a0> locals={'func': '<function TestIndirectExceptionCallGraph.test_generated_requests_exercise_error_pipeline.<locals>.generated_failure at 0x71487b39c9a0>', 'self': "<Flask 'runtime_exception_graph'>"}
2026-08-22 23:51:54.203 /testbed/src/flask/app.py:897 flask.app.Flask.handle_exception event=call locals={'ctx': "<AppContext 124556119343888 of runtime_exception_graph, GET 'http://localhost/generated/11'>", 'e': "RuntimeError('generated failure b1cc8')", 'self': "<Flask 'runtime_exception_graph'>"}
2026-08-22 23:51:54.203 /testbed/src/flask/app.py:925 flask.app.Flask.handle_exception event=line locals={}
2026-08-22 23:51:54.203 /testbed/src/flask/app.py:926 flask.app.Flask.handle_exception event=line locals={'exc_info': "(<class 'RuntimeError'>, RuntimeError('generated failure b1cc8'), <traceback object at 0x71487b3f8f80>)"}
2026-08-22 23:51:54.203 /testbed/src/flask/app.py:927 flask.app.Flask.handle_exception event=line locals={}
2026-08-22 23:51:54.203 /testbed/src/flask/app.py:929 flask.app.Flask.handle_exception event=line locals={'propagate': 'False'}
2026-08-22 23:51:54.203 /testbed/src/flask/app.py:932 flask.app.Flask.handle_exception event=line locals={}
2026-08-22 23:51:54.203 /testbed/src/flask/app.py:940 flask.app.Flask.handle_exception event=line locals={}
2026-08-22 23:51:54.203 /testbed/src/flask/app.py:950 flask.app.Flask.log_exception event=call locals={'ctx': "<AppContext 124556119343888 of runtime_exception_graph, GET 'http://localhost/generated/11'>", 'exc_info': "(<class 'RuntimeError'>, RuntimeError('generated failure b1cc8'), <traceback object at 0x71487b3f8f80>)", 'self': "<Flask 'runtime_exception_graph'>"}
2026-08-22 23:51:54.203 /testbed/src/flask/app.py:962 flask.app.Flask.log_exception event=line locals={}
2026-08-22 23:51:54.204 /testbed/src/flask/app.py:963 flask.app.Flask.log_exception event=line locals={}
2026-08-22 23:51:54.204 /testbed/src/flask/app.py:962 flask.app.Flask.log_exception event=line locals={}
2026-08-22 23:51:54.204 /testbed/src/flask/app.py:962 flask.app.Flask.log_exception event=return retval=None locals={'ctx': "<AppContext 124556119343888 of runtime_exception_graph, GET 'http://localhost/generated/11'>", 'exc_info': "(<class 'RuntimeError'>, RuntimeError('generated failure b1cc8'), <traceback object at 0x71487b3f8f80>)", 'self': "<Flask 'runtime_exception_graph'>"}
2026-08-22 23:51:54.204 /testbed/src/flask/app.py:942 flask.app.Flask.handle_exception event=line locals={}
2026-08-22 23:51:54.204 /testbed/src/flask/app.py:943 flask.app.Flask.handle_exception event=line locals={'server_error': "<InternalServerError '500: Internal Server Error'>"}
2026-08-22 23:51:54.204 /testbed/src/flask/app.py:945 flask.app.Flask.handle_exception event=line locals={'handler': '<function TestIndirectExceptionCallGraph.test_generated_requests_exercise_error_pipeline.<locals>.convert_unhandled_error at 0x71487b39c720>'}
2026-08-22 23:51:54.204 /testbed/src/flask/app.py:946 flask.app.Flask.handle_exception event=line locals={}
2026-08-22 23:51:54.204 /testbed/src/flask/app.py:1065 flask.app.Flask.ensure_sync event=call locals={'func': '<function TestIndirectExceptionCallGraph.test_generated_requests_exercise_error_pipeline.<locals>.convert_unhandled_error at 0x71487b39c720>', 'self': "<Flask 'runtime_exception_graph'>"}
2026-08-22 23:51:54.204 /testbed/src/flask/app.py:1074 flask.app.Flask.ensure_sync event=line locals={}
2026-08-22 23:51:54.204 /testbed/src/flask/app.py:1077 flask.app.Flask.ensure_sync event=line locals={}
2026-08-22 23:51:54.204 /testbed/src/flask/app.py:1077 flask.app.Flask.ensure_sync event=return retval=<function TestIndirectExceptionCallGraph.test_generated_requests_exercise_error_pipeline.<locals>.convert_unhandled_error at 0x71487b39c720> locals={'func': '<function TestIndirectExceptionCallGraph.test_generated_requests_exercise_error_pipeline.<locals>.convert_unhandled_error at 0x71487b39c720>', 'self': "<Flask 'runtime_exception_graph'>"}
2026-08-22 23:51:54.204 /testbed/src/flask/app.py:948 flask.app.Flask.handle_exception event=line locals={'server_error': "({'checksum': 402273, 'mode': 0}, 500)"}
2026-08-22 23:51:54.204 /testbed/src/flask/app.py:1021 flask.app.Flask.finalize_request event=call locals={'ctx': "<AppContext 124556119343888 of runtime_exception_graph, GET 'http://localhost/generated/11'>", 'from_error_handler': 'True', 'rv': "({'checksum': 402273, 'mode': 0}, 500)", 'self': "<Flask 'runtime_exception_graph'>"}
2026-08-22 23:51:54.204 /testbed/src/flask/app.py:1039 flask.app.Flask.finalize_request event=line locals={}
2026-08-22 23:51:54.204 /testbed/src/flask/app.py:1224 flask.app.Flask.make_response event=call locals={'rv': "({'checksum': 402273, 'mode': 0}, 500)", 'self': "<Flask 'runtime_exception_graph'>"}
2026-08-22 23:51:54.204 /testbed/src/flask/app.py:1281 flask.app.Flask.make_response event=line locals={}
2026-08-22 23:51:54.204 /testbed/src/flask/app.py:1282 flask.app.Flask.make_response event=line locals={'status': 'None'}
2026-08-22 23:51:54.204 /testbed/src/flask/app.py:1285 flask.app.Flask.make_response event=line locals={'headers': 'None'}
2026-08-22 23:51:54.204 /testbed/src/flask/app.py:1286 flask.app.Flask.make_response event=line locals={}
2026-08-22 23:51:54.204 /testbed/src/flask/app.py:1289 flask.app.Flask.make_response event=line locals={'len_rv': '2'}
2026-08-22 23:51:54.204 /testbed/src/flask/app.py:1292 flask.app.Flask.make_response event=line locals={}
2026-08-22 23:51:54.204 /testbed/src/flask/app.py:1293 flask.app.Flask.make_response event=line locals={}
2026-08-22 23:51:54.204 /testbed/src/flask/app.py:1296 flask.app.Flask.make_response event=line locals={}
2026-08-22 23:51:54.204 /testbed/src/flask/app.py:1306 flask.app.Flask.make_response event=line locals={'rv': "{'checksum': 402273, 'mode': 0}", 'status': '500'}
2026-08-22 23:51:54.204 /testbed/src/flask/app.py:1314 flask.app.Flask.make_response event=line locals={}
2026-08-22 23:51:54.204 /testbed/src/flask/app.py:1315 flask.app.Flask.make_response event=line locals={}
2026-08-22 23:51:54.204 /testbed/src/flask/app.py:1325 flask.app.Flask.make_response event=line locals={}
2026-08-22 23:51:54.204 /testbed/src/flask/app.py:1326 flask.app.Flask.make_response event=line locals={}
2026-08-22 23:51:54.205 /testbed/src/flask/app.py:1352 flask.app.Flask.make_response event=line locals={'rv': '<Response 29 bytes [200 OK]>'}
2026-08-22 23:51:54.205 /testbed/src/flask/app.py:1354 flask.app.Flask.make_response event=line locals={}
2026-08-22 23:51:54.205 /testbed/src/flask/app.py:1355 flask.app.Flask.make_response event=line locals={}
2026-08-22 23:51:54.205 /testbed/src/flask/app.py:1358 flask.app.Flask.make_response event=line locals={}
2026-08-22 23:51:54.205 /testbed/src/flask/app.py:1361 flask.app.Flask.make_response event=line locals={'rv': '<Response 29 bytes [500 INTERNAL SERVER ERROR]>'}
2026-08-22 23:51:54.205 /testbed/src/flask/app.py:1364 flask.app.Flask.make_response event=line locals={}
2026-08-22 23:51:54.205 /testbed/src/flask/app.py:1364 flask.app.Flask.make_response event=return retval=<Response 29 bytes [500 INTERNAL SERVER ERROR]> locals={'headers': 'None', 'len_rv': '2', 'rv': '<Response 29 bytes [500 INTERNAL SERVER ERROR]>', 'self': "<Flask 'runtime_exception_graph'>", 'status': '500'}
2026-08-22 23:51:54.205 /testbed/src/flask/app.py:1040 flask.app.Flask.finalize_request event=line locals={'response': '<Response 29 bytes [500 INTERNAL SERVER ERROR]>'}
2026-08-22 23:51:54.205 /testbed/src/flask/app.py:1041 flask.app.Flask.finalize_request event=line locals={}
2026-08-22 23:51:54.205 /testbed/src/flask/app.py:1394 flask.app.Flask.process_response event=call locals={'ctx': "<AppContext 124556119343888 of runtime_exception_graph, GET 'http://localhost/generated/11'>", 'response': '<Response 29 bytes [500 INTERNAL SERVER ERROR]>', 'self': "<Flask 'runtime_exception_graph'>"}
2026-08-22 23:51:54.205 /testbed/src/flask/app.py:1407 flask.app.Flask.process_response event=line locals={}
2026-08-22 23:51:54.205 /testbed/src/flask/app.py:1408 flask.app.Flask.process_response event=line locals={'func': '<function TestIndirectExceptionCallGraph.test_generated_requests_exercise_error_pipeline.<locals>.generated_failure.<locals>.local_after at 0x71487b3bf740>'}
2026-08-22 23:51:54.205 /testbed/src/flask/app.py:1065 flask.app.Flask.ensure_sync event=call locals={'func': '<function TestIndirectExceptionCallGraph.test_generated_requests_exercise_error_pipeline.<locals>.generated_failure.<locals>.local_after at 0x71487b3bf740>', 'self': "<Flask 'runtime_exception_graph'>"}
2026-08-22 23:51:54.205 /testbed/src/flask/app.py:1074 flask.app.Flask.ensure_sync event=line locals={}
2026-08-22 23:51:54.205 /testbed/src/flask/app.py:1077 flask.app.Flask.ensure_sync event=line locals={}
2026-08-22 23:51:54.205 /testbed/src/flask/app.py:1077 flask.app.Flask.ensure_sync event=return retval=<function TestIndirectExceptionCallGraph.test_generated_requests_exercise_error_pipeline.<locals>.generated_failure.<locals>.local_after at 0x71487b3bf740> locals={'func': '<function TestIndirectExceptionCallGraph.test_generated_requests_exercise_error_pipeline.<locals>.generated_failure.<locals>.local_after at 0x71487b3bf740>', 'self': "<Flask 'runtime_exception_graph'>"}
2026-08-22 23:51:54.205 /testbed/src/flask/app.py:1407 flask.app.Flask.process_response event=line locals={}
2026-08-22 23:51:54.205 /testbed/src/flask/app.py:1408 flask.app.Flask.process_response event=line locals={'func': '<function TestIndirectExceptionCallGraph.test_generated_requests_exercise_error_pipeline.<locals>.generated_failure.<locals>.local_after at 0x71487b3bf7e0>'}
2026-08-22 23:51:54.205 /testbed/src/flask/app.py:1065 flask.app.Flask.ensure_sync event=call locals={'func': '<function TestIndirectExceptionCallGraph.test_generated_requests_exercise_error_pipeline.<locals>.generated_failure.<locals>.local_after at 0x71487b3bf7e0>', 'self': "<Flask 'runtime_exception_graph'>"}
2026-08-22 23:51:54.205 /testbed/src/flask/app.py:1074 flask.app.Flask.ensure_sync event=line locals={}
2026-08-22 23:51:54.205 /testbed/src/flask/app.py:1077 flask.app.Flask.ensure_sync event=line locals={}
2026-08-22 23:51:54.205 /testbed/src/flask/app.py:1077 flask.app.Flask.ensure_sync event=return retval=<function TestIndirectExceptionCallGraph.test_generated_requests_exercise_error_pipeline.<locals>.generated_failure.<locals>.local_after at 0x71487b3bf7e0> locals={'func': '<function TestIndirectExceptionCallGraph.test_generated_requests_exercise_error_pipeline.<locals>.generated_failure.<locals>.local_after at 0x71487b3bf7e0>', 'self': "<Flask 'runtime_exception_graph'>"}
2026-08-22 23:51:54.205 /testbed/src/flask/app.py:1407 flask.app.Flask.process_response event=line locals={}
2026-08-22 23:51:54.205 /testbed/src/flask/app.py:1408 flask.app.Flask.process_response event=line locals={'func': '<function TestIndirectExceptionCallGraph.test_generated_requests_exercise_error_pipeline.<locals>.generated_failure.<locals>.local_after at 0x71487b3bf880>'}
2026-08-22 23:51:54.205 /testbed/src/flask/app.py:1065 flask.app.Flask.ensure_sync event=call locals={'func': '<function TestIndirectExceptionCallGraph.test_generated_requests_exercise_error_pipeline.<locals>.generated_failure.<locals>.local_after at 0x71487b3bf880>', 'self': "<Flask 'runtime_exception_graph'>"}
2026-08-22 23:51:54.205 /testbed/src/flask/app.py:1074 flask.app.Flask.ensure_sync event=line locals={}
2026-08-22 23:51:54.206 /testbed/src/flask/app.py:1077 flask.app.Flask.ensure_sync event=line locals={}
2026-08-22 23:51:54.206 /testbed/src/flask/app.py:1077 flask.app.Flask.ensure_sync event=return retval=<function TestIndirectExceptionCallGraph.test_generated_requests_exercise_error_pipeline.<locals>.generated_failure.<locals>.local_after at 0x71487b3bf880> locals={'func': '<function TestIndirectExceptionCallGraph.test_generated_requests_exercise_error_pipeline.<locals>.generated_failure.<locals>.local_after at 0x71487b3bf880>', 'self': "<Flask 'runtime_exception_graph'>"}
2026-08-22 23:51:54.206 /testbed/src/flask/app.py:1407 flask.app.Flask.process_response event=line locals={}
2026-08-22 23:51:54.206 /testbed/src/flask/app.py:1408 flask.app.Flask.process_response event=line locals={'func': '<function TestIndirectExceptionCallGraph.test_generated_requests_exercise_error_pipeline.<locals>.generated_failure.<locals>.local_after at 0x71487b3bf920>'}
2026-08-22 23:51:54.206 /testbed/src/flask/app.py:1065 flask.app.Flask.ensure_sync event=call locals={'func': '<function TestIndirectExceptionCallGraph.test_generated_requests_exercise_error_pipeline.<locals>.generated_failure.<locals>.local_after at 0x71487b3bf920>', 'self': "<Flask 'runtime_exception_graph'>"}
2026-08-22 23:51:54.206 /testbed/src/flask/app.py:1074 flask.app.Flask.ensure_sync event=line locals={}
2026-08-22 23:51:54.206 /testbed/src/flask/app.py:1077 flask.app.Flask.ensure_sync event=line locals={}
2026-08-22 23:51:54.206 /testbed/src/flask/app.py:1077 flask.app.Flask.ensure_sync event=return retval=<function TestIndirectExceptionCallGraph.test_generated_requests_exercise_error_pipeline.<locals>.generated_failure.<locals>.local_after at 0x71487b3bf920> locals={'func': '<function TestIndirectExceptionCallGraph.test_generated_requests_exercise_error_pipeline.<locals>.generated_failure.<locals>.local_after at 0x71487b3bf920>', 'self': "<Flask 'runtime_exception_graph'>"}
2026-08-22 23:51:54.206 /testbed/src/flask/app.py:1407 flask.app.Flask.process_response event=line locals={}
2026-08-22 23:51:54.206 /testbed/src/flask/app.py:1410 flask.app.Flask.process_response event=line locals={}
2026-08-22 23:51:54.206 /testbed/src/flask/app.py:1411 flask.app.Flask.process_response event=line locals={'name': 'None'}
2026-08-22 23:51:54.206 /testbed/src/flask/app.py:1412 flask.app.Flask.process_response event=line locals={}
2026-08-22 23:51:54.206 /testbed/src/flask/app.py:1413 flask.app.Flask.process_response event=line locals={'func': '<function TestIndirectExceptionCallGraph.test_generated_requests_exercise_error_pipeline.<locals>.global_after at 0x71487b39c5e0>'}
2026-08-22 23:51:54.206 /testbed/src/flask/app.py:1065 flask.app.Flask.ensure_sync event=call locals={'func': '<function TestIndirectExceptionCallGraph.test_generated_requests_exercise_error_pipeline.<locals>.global_after at 0x71487b39c5e0>', 'self': "<Flask 'runtime_exception_graph'>"}
2026-08-22 23:51:54.206 /testbed/src/flask/app.py:1074 flask.app.Flask.ensure_sync event=line locals={}
2026-08-22 23:51:54.206 /testbed/src/flask/app.py:1077 flask.app.Flask.ensure_sync event=line locals={}
2026-08-22 23:51:54.206 /testbed/src/flask/app.py:1077 flask.app.Flask.ensure_sync event=return retval=<function TestIndirectExceptionCallGraph.test_generated_requests_exercise_error_pipeline.<locals>.global_after at 0x71487b39c5e0> locals={'func': '<function TestIndirectExceptionCallGraph.test_generated_requests_exercise_error_pipeline.<locals>.global_after at 0x71487b39c5e0>', 'self': "<Flask 'runtime_exception_graph'>"}
2026-08-22 23:51:54.206 /testbed/src/flask/app.py:1412 flask.app.Flask.process_response event=line locals={}
2026-08-22 23:51:54.206 /testbed/src/flask/app.py:1413 flask.app.Flask.process_response event=line locals={'func': '<function TestIndirectExceptionCallGraph.test_generated_requests_exercise_error_pipeline.<locals>.global_after at 0x71487b39c540>'}
2026-08-22 23:51:54.206 /testbed/src/flask/app.py:1065 flask.app.Flask.ensure_sync event=call locals={'func': '<function TestIndirectExceptionCallGraph.test_generated_requests_exercise_error_pipeline.<locals>.global_after at 0x71487b39c540>', 'self': "<Flask 'runtime_exception_graph'>"}
2026-08-22 23:51:54.206 /testbed/src/flask/app.py:1074 flask.app.Flask.ensure_sync event=line locals={}
2026-08-22 23:51:54.206 /testbed/src/flask/app.py:1077 flask.app.Flask.ensure_sync event=line locals={}
2026-08-22 23:51:54.206 /testbed/src/flask/app.py:1077 flask.app.Flask.ensure_sync event=return retval=<function TestIndirectExceptionCallGraph.test_generated_requests_exercise_error_pipeline.<locals>.global_after at 0x71487b39c540> locals={'func': '<function TestIndirectExceptionCallGraph.test_generated_requests_exercise_error_pipeline.<locals>.global_after at 0x71487b39c540>', 'self': "<Flask 'runtime_exception_graph'>"}
2026-08-22 23:51:54.206 /testbed/src/flask/app.py:1412 flask.app.Flask.process_response event=line locals={}
2026-08-22 23:51:54.206 /testbed/src/flask/app.py:1413 flask.app.Flask.process_response event=line locals={'func': '<function TestIndirectExceptionCallGraph.test_generated_requests_exercise_error_pipeline.<locals>.global_after at 0x71487b39c4a0>'}
2026-08-22 23:51:54.206 /testbed/src/flask/app.py:1065 flask.app.Flask.ensure_sync event=call locals={'func': '<function TestIndirectExceptionCallGraph.test_generated_requests_exercise_error_pipeline.<locals>.global_after at 0x71487b39c4a0>', 'self': "<Flask 'runtime_exception_graph'>"}
2026-08-22 23:51:54.206 /testbed/src/flask/app.py:1074 flask.app.Flask.ensure_sync event=line locals={}
2026-08-22 23:51:54.206 /testbed/src/flask/app.py:1077 flask.app.Flask.ensure_sync event=line locals={}
2026-08-22 23:51:54.206 /testbed/src/flask/app.py:1077 flask.app.Flask.ensure_sync event=return retval=<function TestIndirectExceptionCallGraph.test_generated_requests_exercise_error_pipeline.<locals>.global_after at 0x71487b39c4a0> locals={'func': '<function TestIndirectExceptionCallGraph.test_generated_requests_exercise_error_pipeline.<locals>.global_after at 0x71487b39c4a0>', 'self': "<Flask 'runtime_exception_graph'>"}
2026-08-22 23:51:54.206 /testbed/src/flask/app.py:1412 flask.app.Flask.process_response event=line locals={}
2026-08-22 23:51:54.206 /testbed/src/flask/app.py:1413 flask.app.Flask.process_response event=line locals={'func': '<function TestIndirectExceptionCallGraph.test_generated_requests_exercise_error_pipeline.<locals>.global_after at 0x71487b39c400>'}
2026-08-22 23:51:54.206 /testbed/src/flask/app.py:1065 flask.app.Flask.ensure_sync event=call locals={'func': '<function TestIndirectExceptionCallGraph.test_generated_requests_exercise_error_pipeline.<locals>.global_after at 0x71487b39c400>', 'self': "<Flask 'runtime_exception_graph'>"}
2026-08-22 23:51:54.206 /testbed/src/flask/app.py:1074 flask.app.Flask.ensure_sync event=line locals={}
2026-08-22 23:51:54.206 /testbed/src/flask/app.py:1077 flask.app.Flask.ensure_sync event=line locals={}
2026-08-22 23:51:54.206 /testbed/src/flask/app.py:1077 flask.app.Flask.ensure_sync event=return retval=<function TestIndirectExceptionCallGraph.test_generated_requests_exercise_error_pipeline.<locals>.global_after at 0x71487b39c400> locals={'func': '<function TestIndirectExceptionCallGraph.test_generated_requests_exercise_error_pipeline.<locals>.global_after at 0x71487b39c400>', 'self': "<Flask 'runtime_exception_graph'>"}
2026-08-22 23:51:54.206 /testbed/src/flask/app.py:1412 flask.app.Flask.process_response event=line locals={}
2026-08-22 23:51:54.206 /testbed/src/flask/app.py:1413 flask.app.Flask.process_response event=line locals={'func': '<function TestIndirectExceptionCallGraph.test_generated_requests_exercise_error_pipeline.<locals>.global_after at 0x71487b39c360>'}
2026-08-22 23:51:54.206 /testbed/src/flask/app.py:1065 flask.app.Flask.ensure_sync event=call locals={'func': '<function TestIndirectExceptionCallGraph.test_generated_requests_exercise_error_pipeline.<locals>.global_after at 0x71487b39c360>', 'self': "<Flask 'runtime_exception_graph'>"}
2026-08-22 23:51:54.206 /testbed/src/flask/app.py:1074 flask.app.Flask.ensure_sync event=line locals={}
2026-08-22 23:51:54.206 /testbed/src/flask/app.py:1077 flask.app.Flask.ensure_sync event=line locals={}
2026-08-22 23:51:54.206 /testbed/src/flask/app.py:1077 flask.app.Flask.ensure_sync event=return retval=<function TestIndirectExceptionCallGraph.test_generated_requests_exercise_error_pipeline.<locals>.global_after at 0x71487b39c360> locals={'func': '<function TestIndirectExceptionCallGraph.test_generated_requests_exercise_error_pipeline.<locals>.global_after at 0x71487b39c360>', 'self': "<Flask 'runtime_exception_graph'>"}
2026-08-22 23:51:54.207 /testbed/src/flask/app.py:1412 flask.app.Flask.process_response event=line locals={}
2026-08-22 23:51:54.207 /testbed/src/flask/app.py:1413 flask.app.Flask.process_response event=line locals={'func': '<function TestIndirectExceptionCallGraph.test_generated_requests_exercise_error_pipeline.<locals>.global_after at 0x71487b39c2c0>'}
2026-08-22 23:51:54.207 /testbed/src/flask/app.py:1065 flask.app.Flask.ensure_sync event=call locals={'func': '<function TestIndirectExceptionCallGraph.test_generated_requests_exercise_error_pipeline.<locals>.global_after at 0x71487b39c2c0>', 'self': "<Flask 'runtime_exception_graph'>"}
2026-08-22 23:51:54.207 /testbed/src/flask/app.py:1074 flask.app.Flask.ensure_sync event=line locals={}
2026-08-22 23:51:54.207 /testbed/src/flask/app.py:1077 flask.app.Flask.ensure_sync event=line locals={}
2026-08-22 23:51:54.207 /testbed/src/flask/app.py:1077 flask.app.Flask.ensure_sync event=return retval=<function TestIndirectExceptionCallGraph.test_generated_requests_exercise_error_pipeline.<locals>.global_after at 0x71487b39c2c0> locals={'func': '<function TestIndirectExceptionCallGraph.test_generated_requests_exercise_error_pipeline.<locals>.global_after at 0x71487b39c2c0>', 'self': "<Flask 'runtime_exception_graph'>"}
2026-08-22 23:51:54.207 /testbed/src/flask/app.py:1412 flask.app.Flask.process_response event=line locals={}
2026-08-22 23:51:54.207 /testbed/src/flask/app.py:1413 flask.app.Flask.process_response event=line locals={'func': '<function TestIndirectExceptionCallGraph.test_generated_requests_exercise_error_pipeline.<locals>.global_after at 0x71487b39c220>'}
2026-08-22 23:51:54.207 /testbed/src/flask/app.py:1065 flask.app.Flask.ensure_sync event=call locals={'func': '<function TestIndirectExceptionCallGraph.test_generated_requests_exercise_error_pipeline.<locals>.global_after at 0x71487b39c220>', 'self': "<Flask 'runtime_exception_graph'>"}
2026-08-22 23:51:54.207 /testbed/src/flask/app.py:1074 flask.app.Flask.ensure_sync event=line locals={}
2026-08-22 23:51:54.207 /testbed/src/flask/app.py:1077 flask.app.Flask.ensure_sync event=line locals={}
2026-08-22 23:51:54.207 /testbed/src/flask/app.py:1077 flask.app.Flask.ensure_sync event=return retval=<function TestIndirectExceptionCallGraph.test_generated_requests_exercise_error_pipeline.<locals>.global_after at 0x71487b39c220> locals={'func': '<function TestIndirectExceptionCallGraph.test_generated_requests_exercise_error_pipeline.<locals>.global_after at 0x71487b39c220>', 'self': "<Flask 'runtime_exception_graph'>"}
2026-08-22 23:51:54.207 /testbed/src/flask/app.py:1412 flask.app.Flask.process_response event=line locals={}
2026-08-22 23:51:54.207 /testbed/src/flask/app.py:1413 flask.app.Flask.process_response event=line locals={'func': '<function TestIndirectExceptionCallGraph.test_generated_requests_exercise_error_pipeline.<locals>.global_after at 0x71487b39c180>'}
2026-08-22 23:51:54.207 /testbed/src/flask/app.py:1065 flask.app.Flask.ensure_sync event=call locals={'func': '<function TestIndirectExceptionCallGraph.test_generated_requests_exercise_error_pipeline.<locals>.global_after at 0x71487b39c180>', 'self': "<Flask 'runtime_exception_graph'>"}
2026-08-22 23:51:54.207 /testbed/src/flask/app.py:1074 flask.app.Flask.ensure_sync event=line locals={}
2026-08-22 23:51:54.207 /testbed/src/flask/app.py:1077 flask.app.Flask.ensure_sync event=line locals={}
2026-08-22 23:51:54.207 /testbed/src/flask/app.py:1077 flask.app.Flask.ensure_sync event=return retval=<function TestIndirectExceptionCallGraph.test_generated_requests_exercise_error_pipeline.<locals>.global_after at 0x71487b39c180> locals={'func': '<function TestIndirectExceptionCallGraph.test_generated_requests_exercise_error_pipeline.<locals>.global_after at 0x71487b39c180>', 'self': "<Flask 'runtime_exception_graph'>"}
2026-08-22 23:51:54.207 /testbed/src/flask/app.py:1412 flask.app.Flask.process_response event=line locals={}
2026-08-22 23:51:54.207 /testbed/src/flask/app.py:1413 flask.app.Flask.process_response event=line locals={'func': '<function TestIndirectExceptionCallGraph.test_generated_requests_exercise_error_pipeline.<locals>.global_after at 0x71487b39c040>'}
2026-08-22 23:51:54.207 /testbed/src/flask/app.py:1065 flask.app.Flask.ensure_sync event=call locals={'func': '<function TestIndirectExceptionCallGraph.test_generated_requests_exercise_error_pipeline.<locals>.global_after at 0x71487b39c040>', 'self': "<Flask 'runtime_exception_graph'>"}
2026-08-22 23:51:54.207 /testbed/src/flask/app.py:1074 flask.app.Flask.ensure_sync event=line locals={}
2026-08-22 23:51:54.207 /testbed/src/flask/app.py:1077 flask.app.Flask.ensure_sync event=line locals={}
2026-08-22 23:51:54.207 /testbed/src/flask/app.py:1077 flask.app.Flask.ensure_sync event=return retval=<function TestIndirectExceptionCallGraph.test_generated_requests_exercise_error_pipeline.<locals>.global_after at 0x71487b39c040> locals={'func': '<function TestIndirectExceptionCallGraph.test_generated_requests_exercise_error_pipeline.<locals>.global_after at 0x71487b39c040>', 'self': "<Flask 'runtime_exception_graph'>"}
2026-08-22 23:51:54.207 /testbed/src/flask/app.py:1412 flask.app.Flask.process_response event=line locals={}
2026-08-22 23:51:54.207 /testbed/src/flask/app.py:1410 flask.app.Flask.process_response event=line locals={}
2026-08-22 23:51:54.207 /testbed/src/flask/app.py:1415 flask.app.Flask.process_response event=line locals={}
2026-08-22 23:51:54.207 /testbed/src/flask/app.py:1418 flask.app.Flask.process_response event=line locals={}
2026-08-22 23:51:54.207 /testbed/src/flask/app.py:1418 flask.app.Flask.process_response event=return retval=<Response 29 bytes [500 INTERNAL SERVER ERROR]> locals={'ctx': "<AppContext 124556119343888 of runtime_exception_graph, GET 'http://localhost/generated/11'>", 'func': '<function TestIndirectExceptionCallGraph.test_generated_requests_exercise_error_pipeline.<locals>.global_after at 0x71487b39c040>', 'name': 'None', 'response': '<Response 29 bytes [500 INTERNAL SERVER ERROR]>', 'self': "<Flask 'runtime_exception_graph'>"}
2026-08-22 23:51:54.207 /testbed/src/flask/app.py:1042 flask.app.Flask.finalize_request event=line locals={}
2026-08-22 23:51:54.207 /testbed/src/flask/app.py:1043 flask.app.Flask.finalize_request event=line locals={}
2026-08-22 23:51:54.207 /testbed/src/flask/app.py:1042 flask.app.Flask.finalize_request event=line locals={}
2026-08-22 23:51:54.208 /testbed/src/flask/app.py:1051 flask.app.Flask.finalize_request event=line locals={}
2026-08-22 23:51:54.208 /testbed/src/flask/app.py:1051 flask.app.Flask.finalize_request event=return retval=<Response 29 bytes [500 INTERNAL SERVER ERROR]> locals={'ctx': "<AppContext 124556119343888 of runtime_exception_graph, GET 'http://localhost/generated/11'>", 'from_error_handler': 'True', 'response': '<Response 29 bytes [500 INTERNAL SERVER ERROR]>', 'rv': "({'checksum': 402273, 'mode': 0}, 500)", 'self': "<Flask 'runtime_exception_graph'>"}
2026-08-22 23:51:54.208 /testbed/src/flask/app.py:948 flask.app.Flask.handle_exception event=return retval=<Response 29 bytes [500 INTERNAL SERVER ERROR]> locals={'ctx': "<AppContext 124556119343888 of runtime_exception_graph, GET 'http://localhost/generated/11'>", 'e': "RuntimeError('generated failure b1cc8')", 'exc_info': "(<class 'RuntimeError'>, RuntimeError('generated failure b1cc8'), <traceback object at 0x71487b3f8f80>)", 'handler': '<function TestIndirectExceptionCallGraph.test_generated_requests_exercise_error_pipeline.<locals>.convert_unhandled_error at 0x71487b39c720>', 'propagate': 'False', 'self': "<Flask 'runtime_exception_graph'>", 'server_error': "({'checksum': 402273, 'mode': 0}, 500)"}
2026-08-22 23:51:54.216 /testbed/src/flask/app.py:1065 flask.app.Flask.ensure_sync event=call locals={'func': '<function TestIndirectExceptionCallGraph.test_generated_requests_exercise_error_pipeline.<locals>.generated_failure at 0x71487b39c9a0>', 'self': "<Flask 'runtime_exception_graph'>"}
2026-08-22 23:51:54.216 /testbed/src/flask/app.py:1074 flask.app.Flask.ensure_sync event=line locals={}
2026-08-22 23:51:54.216 /testbed/src/flask/app.py:1077 flask.app.Flask.ensure_sync event=line locals={}
2026-08-22 23:51:54.216 /testbed/src/flask/app.py:1077 flask.app.Flask.ensure_sync event=return retval=<function TestIndirectExceptionCallGraph.test_generated_requests_exercise_error_pipeline.<locals>.generated_failure at 0x71487b39c9a0> locals={'func': '<function TestIndirectExceptionCallGraph.test_generated_requests_exercise_error_pipeline.<locals>.generated_failure at 0x71487b39c9a0>', 'self': "<Flask 'runtime_exception_graph'>"}
2026-08-22 23:51:54.217 /testbed/src/flask/app.py:897 flask.app.Flask.handle_exception event=call locals={'ctx': "<AppContext 124556119353424 of runtime_exception_graph, GET 'http://localhost/generated/5'>", 'e': "RuntimeError('generated failure b29cb')", 'self': "<Flask 'runtime_exception_graph'>"}
2026-08-22 23:51:54.217 /testbed/src/flask/app.py:925 flask.app.Flask.handle_exception event=line locals={}
2026-08-22 23:51:54.217 /testbed/src/flask/app.py:926 flask.app.Flask.handle_exception event=line locals={'exc_info': "(<class 'RuntimeError'>, RuntimeError('generated failure b29cb'), <traceback object at 0x71487b3f6580>)"}
2026-08-22 23:51:54.218 /testbed/src/flask/app.py:927 flask.app.Flask.handle_exception event=line locals={}
2026-08-22 23:51:54.218 /testbed/src/flask/app.py:929 flask.app.Flask.handle_exception event=line locals={'propagate': 'False'}
2026-08-22 23:51:54.218 /testbed/src/flask/app.py:932 flask.app.Flask.handle_exception event=line locals={}
2026-08-22 23:51:54.218 /testbed/src/flask/app.py:940 flask.app.Flask.handle_exception event=line locals={}
2026-08-22 23:51:54.218 /testbed/src/flask/app.py:950 flask.app.Flask.log_exception event=call locals={'ctx': "<AppContext 124556119353424 of runtime_exception_graph, GET 'http://localhost/generated/5'>", 'exc_info': "(<class 'RuntimeError'>, RuntimeError('generated failure b29cb'), <traceback object at 0x71487b3f6580>)", 'self': "<Flask 'runtime_exception_graph'>"}
2026-08-22 23:51:54.218 /testbed/src/flask/app.py:962 flask.app.Flask.log_exception event=line locals={}
2026-08-22 23:51:54.218 /testbed/src/flask/app.py:963 flask.app.Flask.log_exception event=line locals={}
2026-08-22 23:51:54.218 /testbed/src/flask/app.py:962 flask.app.Flask.log_exception event=line locals={}
2026-08-22 23:51:54.218 /testbed/src/flask/app.py:962 flask.app.Flask.log_exception event=return retval=None locals={'ctx': "<AppContext 124556119353424 of runtime_exception_graph, GET 'http://localhost/generated/5'>", 'exc_info': "(<class 'RuntimeError'>, RuntimeError('generated failure b29cb'), <traceback object at 0x71487b3f6580>)", 'self': "<Flask 'runtime_exception_graph'>"}
2026-08-22 23:51:54.218 /testbed/src/flask/app.py:942 flask.app.Flask.handle_exception event=line locals={}
2026-08-22 23:51:54.218 /testbed/src/flask/app.py:943 flask.app.Flask.handle_exception event=line locals={'server_error': "<InternalServerError '500: Internal Server Error'>"}
2026-08-22 23:51:54.218 /testbed/src/flask/app.py:945 flask.app.Flask.handle_exception event=line locals={'handler': '<function TestIndirectExceptionCallGraph.test_generated_requests_exercise_error_pipeline.<locals>.convert_unhandled_error at 0x71487b39c720>'}
2026-08-22 23:51:54.218 /testbed/src/flask/app.py:946 flask.app.Flask.handle_exception event=line locals={}
2026-08-22 23:51:54.218 /testbed/src/flask/app.py:1065 flask.app.Flask.ensure_sync event=call locals={'func': '<function TestIndirectExceptionCallGraph.test_generated_requests_exercise_error_pipeline.<locals>.convert_unhandled_error at 0x71487b39c720>', 'self': "<Flask 'runtime_exception_graph'>"}
2026-08-22 23:51:54.218 /testbed/src/flask/app.py:1074 flask.app.Flask.ensure_sync event=line locals={}
2026-08-22 23:51:54.218 /testbed/src/flask/app.py:1077 flask.app.Flask.ensure_sync event=line locals={}
2026-08-22 23:51:54.218 /testbed/src/flask/app.py:1077 flask.app.Flask.ensure_sync event=return retval=<function TestIndirectExceptionCallGraph.test_generated_requests_exercise_error_pipeline.<locals>.convert_unhandled_error at 0x71487b39c720> locals={'func': '<function TestIndirectExceptionCallGraph.test_generated_requests_exercise_error_pipeline.<locals>.convert_unhandled_error at 0x71487b39c720>', 'self': "<Flask 'runtime_exception_graph'>"}
2026-08-22 23:51:54.219 /testbed/src/flask/app.py:948 flask.app.Flask.handle_exception event=line locals={'server_error': "([903185, 1, 18], 500, {'X-QA-Mode': '1'})"}
2026-08-22 23:51:54.219 /testbed/src/flask/app.py:1021 flask.app.Flask.finalize_request event=call locals={'ctx': "<AppContext 124556119353424 of runtime_exception_graph, GET 'http://localhost/generated/5'>", 'from_error_handler': 'True', 'rv': "([903185, 1, 18], 500, {'X-QA-Mode': '1'})", 'self': "<Flask 'runtime_exception_graph'>"}
2026-08-22 23:51:54.219 /testbed/src/flask/app.py:1039 flask.app.Flask.finalize_request event=line locals={}
2026-08-22 23:51:54.219 /testbed/src/flask/app.py:1224 flask.app.Flask.make_response event=call locals={'rv': "([903185, 1, 18], 500, {'X-QA-Mode': '1'})", 'self': "<Flask 'runtime_exception_graph'>"}
2026-08-22 23:51:54.219 /testbed/src/flask/app.py:1281 flask.app.Flask.make_response event=line locals={}
2026-08-22 23:51:54.219 /testbed/src/flask/app.py:1282 flask.app.Flask.make_response event=line locals={'status': 'None'}
2026-08-22 23:51:54.219 /testbed/src/flask/app.py:1285 flask.app.Flask.make_response event=line locals={'headers': 'None'}
2026-08-22 23:51:54.219 /testbed/src/flask/app.py:1286 flask.app.Flask.make_response event=line locals={}
2026-08-22 23:51:54.219 /testbed/src/flask/app.py:1289 flask.app.Flask.make_response event=line locals={'len_rv': '3'}
2026-08-22 23:51:54.219 /testbed/src/flask/app.py:1290 flask.app.Flask.make_response event=line locals={}
2026-08-22 23:51:54.219 /testbed/src/flask/app.py:1306 flask.app.Flask.make_response event=line locals={'headers': "{'X-QA-Mode': '1'}", 'rv': '[903185, 1, 18]', 'status': '500'}
2026-08-22 23:51:54.219 /testbed/src/flask/app.py:1314 flask.app.Flask.make_response event=line locals={}
2026-08-22 23:51:54.219 /testbed/src/flask/app.py:1315 flask.app.Flask.make_response event=line locals={}
2026-08-22 23:51:54.219 /testbed/src/flask/app.py:1325 flask.app.Flask.make_response event=line locals={}
2026-08-22 23:51:54.219 /testbed/src/flask/app.py:1326 flask.app.Flask.make_response event=line locals={}
2026-08-22 23:51:54.219 /testbed/src/flask/app.py:1352 flask.app.Flask.make_response event=line locals={'rv': '<Response 14 bytes [200 OK]>'}
2026-08-22 23:51:54.219 /testbed/src/flask/app.py:1354 flask.app.Flask.make_response event=line locals={}
2026-08-22 23:51:54.219 /testbed/src/flask/app.py:1355 flask.app.Flask.make_response event=line locals={}
2026-08-22 23:51:54.219 /testbed/src/flask/app.py:1358 flask.app.Flask.make_response event=line locals={}
2026-08-22 23:51:54.219 /testbed/src/flask/app.py:1361 flask.app.Flask.make_response event=line locals={'rv': '<Response 14 bytes [500 INTERNAL SERVER ERROR]>'}
2026-08-22 23:51:54.219 /testbed/src/flask/app.py:1362 flask.app.Flask.make_response event=line locals={}
2026-08-22 23:51:54.219 /testbed/src/flask/app.py:1364 flask.app.Flask.make_response event=line locals={}
2026-08-22 23:51:54.219 /testbed/src/flask/app.py:1364 flask.app.Flask.make_response event=return retval=<Response 14 bytes [500 INTERNAL SERVER ERROR]> locals={'headers': "{'X-QA-Mode': '1'}", 'len_rv': '3', 'rv': '<Response 14 bytes [500 INTERNAL SERVER ERROR]>', 'self': "<Flask 'runtime_exception_graph'>", 'status': '500'}
2026-08-22 23:51:54.219 /testbed/src/flask/app.py:1040 flask.app.Flask.finalize_request event=line locals={'response': '<Response 14 bytes [500 INTERNAL SERVER ERROR]>'}
2026-08-22 23:51:54.219 /testbed/src/flask/app.py:1041 flask.app.Flask.finalize_request event=line locals={}
2026-08-22 23:51:54.219 /testbed/src/flask/app.py:1394 flask.app.Flask.process_response event=call locals={'ctx': "<AppContext 124556119353424 of runtime_exception_graph, GET 'http://localhost/generated/5'>", 'response': '<Response 14 bytes [500 INTERNAL SERVER ERROR]>', 'self': "<Flask 'runtime_exception_graph'>"}
2026-08-22 23:51:54.219 /testbed/src/flask/app.py:1407 flask.app.Flask.process_response event=line locals={}
2026-08-22 23:51:54.219 /testbed/src/flask/app.py:1408 flask.app.Flask.process_response event=line locals={'func': '<function TestIndirectExceptionCallGraph.test_generated_requests_exercise_error_pipeline.<locals>.generated_failure.<locals>.local_after at 0x71487b3bfba0>'}
2026-08-22 23:51:54.219 /testbed/src/flask/app.py:1065 flask.app.Flask.ensure_sync event=call locals={'func': '<function TestIndirectExceptionCallGraph.test_generated_requests_exercise_error_pipeline.<locals>.generated_failure.<locals>.local_after at 0x71487b3bfba0>', 'self': "<Flask 'runtime_exception_graph'>"}
2026-08-22 23:51:54.220 /testbed/src/flask/app.py:1074 flask.app.Flask.ensure_sync event=line locals={}
2026-08-22 23:51:54.220 /testbed/src/flask/app.py:1077 flask.app.Flask.ensure_sync event=line locals={}
2026-08-22 23:51:54.220 /testbed/src/flask/app.py:1077 flask.app.Flask.ensure_sync event=return retval=<function TestIndirectExceptionCallGraph.test_generated_requests_exercise_error_pipeline.<locals>.generated_failure.<locals>.local_after at 0x71487b3bfba0> locals={'func': '<function TestIndirectExceptionCallGraph.test_generated_requests_exercise_error_pipeline.<locals>.generated_failure.<locals>.local_after at 0x71487b3bfba0>', 'self': "<Flask 'runtime_exception_graph'>"}
2026-08-22 23:51:54.220 /testbed/src/flask/app.py:1407 flask.app.Flask.process_response event=line locals={}
2026-08-22 23:51:54.220 /testbed/src/flask/app.py:1408 flask.app.Flask.process_response event=line locals={'func': '<function TestIndirectExceptionCallGraph.test_generated_requests_exercise_error_pipeline.<locals>.generated_failure.<locals>.local_after at 0x71487b3bfc40>'}
2026-08-22 23:51:54.220 /testbed/src/flask/app.py:1065 flask.app.Flask.ensure_sync event=call locals={'func': '<function TestIndirectExceptionCallGraph.test_generated_requests_exercise_error_pipeline.<locals>.generated_failure.<locals>.local_after at 0x71487b3bfc40>', 'self': "<Flask 'runtime_exception_graph'>"}
2026-08-22 23:51:54.220 /testbed/src/flask/app.py:1074 flask.app.Flask.ensure_sync event=line locals={}
2026-08-22 23:51:54.220 /testbed/src/flask/app.py:1077 flask.app.Flask.ensure_sync event=line locals={}
2026-08-22 23:51:54.220 /testbed/src/flask/app.py:1077 flask.app.Flask.ensure_sync event=return retval=<function TestIndirectExceptionCallGraph.test_generated_requests_exercise_error_pipeline.<locals>.generated_failure.<locals>.local_after at 0x71487b3bfc40> locals={'func': '<function TestIndirectExceptionCallGraph.test_generated_requests_exercise_error_pipeline.<locals>.generated_failure.<locals>.local_after at 0x71487b3bfc40>', 'self': "<Flask 'runtime_exception_graph'>"}
2026-08-22 23:51:54.220 /testbed/src/flask/app.py:1407 flask.app.Flask.process_response event=line locals={}
2026-08-22 23:51:54.220 /testbed/src/flask/app.py:1408 flask.app.Flask.process_response event=line locals={'func': '<function TestIndirectExceptionCallGraph.test_generated_requests_exercise_error_pipeline.<locals>.generated_failure.<locals>.local_after at 0x71487b3bfce0>'}
2026-08-22 23:51:54.220 /testbed/src/flask/app.py:1065 flask.app.Flask.ensure_sync event=call locals={'func': '<function TestIndirectExceptionCallGraph.test_generated_requests_exercise_error_pipeline.<locals>.generated_failure.<locals>.local_after at 0x71487b3bfce0>', 'self': "<Flask 'runtime_exception_graph'>"}
2026-08-22 23:51:54.220 /testbed/src/flask/app.py:1074 flask.app.Flask.ensure_sync event=line locals={}
2026-08-22 23:51:54.220 /testbed/src/flask/app.py:1077 flask.app.Flask.ensure_sync event=line locals={}
2026-08-22 23:51:54.220 /testbed/src/flask/app.py:1077 flask.app.Flask.ensure_sync event=return retval=<function TestIndirectExceptionCallGraph.test_generated_requests_exercise_error_pipeline.<locals>.generated_failure.<locals>.local_after at 0x71487b3bfce0> locals={'func': '<function TestIndirectExceptionCallGraph.test_generated_requests_exercise_error_pipeline.<locals>.generated_failure.<locals>.local_after at 0x71487b3bfce0>', 'self': "<Flask 'runtime_exception_graph'>"}
2026-08-22 23:51:54.220 /testbed/src/flask/app.py:1407 flask.app.Flask.process_response event=line locals={}
2026-08-22 23:51:54.220 /testbed/src/flask/app.py:1408 flask.app.Flask.process_response event=line locals={'func': '<function TestIndirectExceptionCallGraph.test_generated_requests_exercise_error_pipeline.<locals>.generated_failure.<locals>.local_after at 0x71487b3bfd80>'}
2026-08-22 23:51:54.220 /testbed/src/flask/app.py:1065 flask.app.Flask.ensure_sync event=call locals={'func': '<function TestIndirectExceptionCallGraph.test_generated_requests_exercise_error_pipeline.<locals>.generated_failure.<locals>.local_after at 0x71487b3bfd80>', 'self': "<Flask 'runtime_exception_graph'>"}
2026-08-22 23:51:54.220 /testbed/src/flask/app.py:1074 flask.app.Flask.ensure_sync event=line locals={}
2026-08-22 23:51:54.220 /testbed/src/flask/app.py:1077 flask.app.Flask.ensure_sync event=line locals={}
2026-08-22 23:51:54.220 /testbed/src/flask/app.py:1077 flask.app.Flask.ensure_sync event=return retval=<function TestIndirectExceptionCallGraph.test_generated_requests_exercise_error_pipeline.<locals>.generated_failure.<locals>.local_after at 0x71487b3bfd80> locals={'func': '<function TestIndirectExceptionCallGraph.test_generated_requests_exercise_error_pipeline.<locals>.generated_failure.<locals>.local_after at 0x71487b3bfd80>', 'self': "<Flask 'runtime_exception_graph'>"}
2026-08-22 23:51:54.220 /testbed/src/flask/app.py:1407 flask.app.Flask.process_response event=line locals={}
2026-08-22 23:51:54.220 /testbed/src/flask/app.py:1408 flask.app.Flask.process_response event=line locals={'func': '<function TestIndirectExceptionCallGraph.test_generated_requests_exercise_error_pipeline.<locals>.generated_failure.<locals>.local_after at 0x71487b3bfe20>'}
2026-08-22 23:51:54.220 /testbed/src/flask/app.py:1065 flask.app.Flask.ensure_sync event=call locals={'func': '<function TestIndirectExceptionCallGraph.test_generated_requests_exercise_error_pipeline.<locals>.generated_failure.<locals>.local_after at 0x71487b3bfe20>', 'self': "<Flask 'runtime_exception_graph'>"}
2026-08-22 23:51:54.220 /testbed/src/flask/app.py:1074 flask.app.Flask.ensure_sync event=line locals={}
2026-08-22 23:51:54.220 /testbed/src/flask/app.py:1077 flask.app.Flask.ensure_sync event=line locals={}
2026-08-22 23:51:54.220 /testbed/src/flask/app.py:1077 flask.app.Flask.ensure_sync event=return retval=<function TestIndirectExceptionCallGraph.test_generated_requests_exercise_error_pipeline.<locals>.generated_failure.<locals>.local_after at 0x71487b3bfe20> locals={'func': '<function TestIndirectExceptionCallGraph.test_generated_requests_exercise_error_pipeline.<locals>.generated_failure.<locals>.local_after at 0x71487b3bfe20>', 'self': "<Flask 'runtime_exception_graph'>"}
2026-08-22 23:51:54.220 /testbed/src/flask/app.py:1407 flask.app.Flask.process_response event=line locals={}
2026-08-22 23:51:54.220 /testbed/src/flask/app.py:1408 flask.app.Flask.process_response event=line locals={'func': '<function TestIndirectExceptionCallGraph.test_generated_requests_exercise_error_pipeline.<locals>.generated_failure.<locals>.local_after at 0x71487b3bfec0>'}
2026-08-22 23:51:54.220 /testbed/src/flask/app.py:1065 flask.app.Flask.ensure_sync event=call locals={'func': '<function TestIndirectExceptionCallGraph.test_generated_requests_exercise_error_pipeline.<locals>.generated_failure.<locals>.local_after at 0x71487b3bfec0>', 'self': "<Flask 'runtime_exception_graph'>"}
2026-08-22 23:51:54.220 /testbed/src/flask/app.py:1074 flask.app.Flask.ensure_sync event=line locals={}
2026-08-22 23:51:54.220 /testbed/src/flask/app.py:1077 flask.app.Flask.ensure_sync event=line locals={}
2026-08-22 23:51:54.220 /testbed/src/flask/app.py:1077 flask.app.Flask.ensure_sync event=return retval=<function TestIndirectExceptionCallGraph.test_generated_requests_exercise_error_pipeline.<locals>.generated_failure.<locals>.local_after at 0x71487b3bfec0> locals={'func': '<function TestIndirectExceptionCallGraph.test_generated_requests_exercise_error_pipeline.<locals>.generated_failure.<locals>.local_after at 0x71487b3bfec0>', 'self': "<Flask 'runtime_exception_graph'>"}
2026-08-22 23:51:54.220 /testbed/src/flask/app.py:1407 flask.app.Flask.process_response event=line locals={}
2026-08-22 23:51:54.220 /testbed/src/flask/app.py:1408 flask.app.Flask.process_response event=line locals={'func': '<function TestIndirectExceptionCallGraph.test_generated_requests_exercise_error_pipeline.<locals>.generated_failure.<locals>.local_after at 0x71487b3bff60>'}
2026-08-22 23:51:54.220 /testbed/src/flask/app.py:1065 flask.app.Flask.ensure_sync event=call locals={'func': '<function TestIndirectExceptionCallGraph.test_generated_requests_exercise_error_pipeline.<locals>.generated_failure.<locals>.local_after at 0x71487b3bff60>', 'self': "<Flask 'runtime_exception_graph'>"}
2026-08-22 23:51:54.220 /testbed/src/flask/app.py:1074 flask.app.Flask.ensure_sync event=line locals={}
2026-08-22 23:51:54.220 /testbed/src/flask/app.py:1077 flask.app.Flask.ensure_sync event=line locals={}
2026-08-22 23:51:54.220 /testbed/src/flask/app.py:1077 flask.app.Flask.ensure_sync event=return retval=<function TestIndirectExceptionCallGraph.test_generated_requests_exercise_error_pipeline.<locals>.generated_failure.<locals>.local_after at 0x71487b3bff60> locals={'func': '<function TestIndirectExceptionCallGraph.test_generated_requests_exercise_error_pipeline.<locals>.generated_failure.<locals>.local_after at 0x71487b3bff60>', 'self': "<Flask 'runtime_exception_graph'>"}
2026-08-22 23:51:54.221 /testbed/src/flask/app.py:1407 flask.app.Flask.process_response event=line locals={}
2026-08-22 23:51:54.221 /testbed/src/flask/app.py:1408 flask.app.Flask.process_response event=line locals={'func': '<function TestIndirectExceptionCallGraph.test_generated_requests_exercise_error_pipeline.<locals>.generated_failure.<locals>.local_after at 0x71487b400040>'}
2026-08-22 23:51:54.221 /testbed/src/flask/app.py:1065 flask.app.Flask.ensure_sync event=call locals={'func': '<function TestIndirectExceptionCallGraph.test_generated_requests_exercise_error_pipeline.<locals>.generated_failure.<locals>.local_after at 0x71487b400040>', 'self': "<Flask 'runtime_exception_graph'>"}
2026-08-22 23:51:54.221 /testbed/src/flask/app.py:1074 flask.app.Flask.ensure_sync event=line locals={}
2026-08-22 23:51:54.221 /testbed/src/flask/app.py:1077 flask.app.Flask.ensure_sync event=line locals={}
2026-08-22 23:51:54.221 /testbed/src/flask/app.py:1077 flask.app.Flask.ensure_sync event=return retval=<function TestIndirectExceptionCallGraph.test_generated_requests_exercise_error_pipeline.<locals>.generated_failure.<locals>.local_after at 0x71487b400040> locals={'func': '<function TestIndirectExceptionCallGraph.test_generated_requests_exercise_error_pipeline.<locals>.generated_failure.<locals>.local_after at 0x71487b400040>', 'self': "<Flask 'runtime_exception_graph'>"}
2026-08-22 23:51:54.221 /testbed/src/flask/app.py:1407 flask.app.Flask.process_response event=line locals={}
2026-08-22 23:51:54.221 /testbed/src/flask/app.py:1408 flask.app.Flask.process_response event=line locals={'func': '<function TestIndirectExceptionCallGraph.test_generated_requests_exercise_error_pipeline.<locals>.generated_failure.<locals>.local_after at 0x71487b4000e0>'}
2026-08-22 23:51:54.221 /testbed/src/flask/app.py:1065 flask.app.Flask.ensure_sync event=call locals={'func': '<function TestIndirectExceptionCallGraph.test_generated_requests_exercise_error_pipeline.<locals>.generated_failure.<locals>.local_after at 0x71487b4000e0>', 'self': "<Flask 'runtime_exception_graph'>"}
2026-08-22 23:51:54.221 /testbed/src/flask/app.py:1074 flask.app.Flask.ensure_sync event=line locals={}
2026-08-22 23:51:54.221 /testbed/src/flask/app.py:1077 flask.app.Flask.ensure_sync event=line locals={}
2026-08-22 23:51:54.221 /testbed/src/flask/app.py:1077 flask.app.Flask.ensure_sync event=return retval=<function TestIndirectExceptionCallGraph.test_generated_requests_exercise_error_pipeline.<locals>.generated_failure.<locals>.local_after at 0x71487b4000e0> locals={'func': '<function TestIndirectExceptionCallGraph.test_generated_requests_exercise_error_pipeline.<locals>.generated_failure.<locals>.local_after at 0x71487b4000e0>', 'self': "<Flask 'runtime_exception_graph'>"}
2026-08-22 23:51:54.221 /testbed/src/flask/app.py:1407 flask.app.Flask.process_response event=line locals={}
2026-08-22 23:51:54.221 /testbed/src/flask/app.py:1408 flask.app.Flask.process_response event=line locals={'func': '<function TestIndirectExceptionCallGraph.test_generated_requests_exercise_error_pipeline.<locals>.generated_failure.<locals>.local_after at 0x71487b400180>'}
2026-08-22 23:51:54.221 /testbed/src/flask/app.py:1065 flask.app.Flask.ensure_sync event=call locals={'func': '<function TestIndirectExceptionCallGraph.test_generated_requests_exercise_error_pipeline.<locals>.generated_failure.<locals>.local_after at 0x71487b400180>', 'self': "<Flask 'runtime_exception_graph'>"}
2026-08-22 23:51:54.221 /testbed/src/flask/app.py:1074 flask.app.Flask.ensure_sync event=line locals={}
2026-08-22 23:51:54.221 /testbed/src/flask/app.py:1077 flask.app.Flask.ensure_sync event=line locals={}
2026-08-22 23:51:54.221 /testbed/src/flask/app.py:1077 flask.app.Flask.ensure_sync event=return retval=<function TestIndirectExceptionCallGraph.test_generated_requests_exercise_error_pipeline.<locals>.generated_failure.<locals>.local_after at 0x71487b400180> locals={'func': '<function TestIndirectExceptionCallGraph.test_generated_requests_exercise_error_pipeline.<locals>.generated_failure.<locals>.local_after at 0x71487b400180>', 'self': "<Flask 'runtime_exception_graph'>"}
2026-08-22 23:51:54.221 /testbed/src/flask/app.py:1407 flask.app.Flask.process_response event=line locals={}
2026-08-22 23:51:54.221 /testbed/src/flask/app.py:1408 flask.app.Flask.process_response event=line locals={'func': '<function TestIndirectExceptionCallGraph.test_generated_requests_exercise_error_pipeline.<locals>.generated_failure.<locals>.local_after at 0x71487b400220>'}
2026-08-22 23:51:54.221 /testbed/src/flask/app.py:1065 flask.app.Flask.ensure_sync event=call locals={'func': '<function TestIndirectExceptionCallGraph.test_generated_requests_exercise_error_pipeline.<locals>.generated_failure.<locals>.local_after at 0x71487b400220>', 'self': "<Flask 'runtime_exception_graph'>"}
2026-08-22 23:51:54.221 /testbed/src/flask/app.py:1074 flask.app.Flask.ensure_sync event=line locals={}
2026-08-22 23:51:54.221 /testbed/src/flask/app.py:1077 flask.app.Flask.ensure_sync event=line locals={}
2026-08-22 23:51:54.221 /testbed/src/flask/app.py:1077 flask.app.Flask.ensure_sync event=return retval=<function TestIndirectExceptionCallGraph.test_generated_requests_exercise_error_pipeline.<locals>.generated_failure.<locals>.local_after at 0x71487b400220> locals={'func': '<function TestIndirectExceptionCallGraph.test_generated_requests_exercise_error_pipeline.<locals>.generated_failure.<locals>.local_after at 0x71487b400220>', 'self': "<Flask 'runtime_exception_graph'>"}
2026-08-22 23:51:54.221 /testbed/src/flask/app.py:1407 flask.app.Flask.process_response event=line locals={}
2026-08-22 23:51:54.221 /testbed/src/flask/app.py:1408 flask.app.Flask.process_response event=line locals={'func': '<function TestIndirectExceptionCallGraph.test_generated_requests_exercise_error_pipeline.<locals>.generated_failure.<locals>.local_after at 0x71487b4002c0>'}
2026-08-22 23:51:54.221 /testbed/src/flask/app.py:1065 flask.app.Flask.ensure_sync event=call locals={'func': '<function TestIndirectExceptionCallGraph.test_generated_requests_exercise_error_pipeline.<locals>.generated_failure.<locals>.local_after at 0x71487b4002c0>', 'self': "<Flask 'runtime_exception_graph'>"}
2026-08-22 23:51:54.221 /testbed/src/flask/app.py:1074 flask.app.Flask.ensure_sync event=line locals={}
2026-08-22 23:51:54.221 /testbed/src/flask/app.py:1077 flask.app.Flask.ensure_sync event=line locals={}
2026-08-22 23:51:54.221 /testbed/src/flask/app.py:1077 flask.app.Flask.ensure_sync event=return retval=<function TestIndirectExceptionCallGraph.test_generated_requests_exercise_error_pipeline.<locals>.generated_failure.<locals>.local_after at 0x71487b4002c0> locals={'func': '<function TestIndirectExceptionCallGraph.test_generated_requests_exercise_error_pipeline.<locals>.generated_failure.<locals>.local_after at 0x71487b4002c0>', 'self': "<Flask 'runtime_exception_graph'>"}
2026-08-22 23:51:54.221 /testbed/src/flask/app.py:1407 flask.app.Flask.process_response event=line locals={}
2026-08-22 23:51:54.221 /testbed/src/flask/app.py:1410 flask.app.Flask.process_response event=line locals={}
2026-08-22 23:51:54.221 /testbed/src/flask/app.py:1411 flask.app.Flask.process_response event=line locals={'name': 'None'}
2026-08-22 23:51:54.221 /testbed/src/flask/app.py:1412 flask.app.Flask.process_response event=line locals={}
2026-08-22 23:51:54.221 /testbed/src/flask/app.py:1413 flask.app.Flask.process_response event=line locals={'func': '<function TestIndirectExceptionCallGraph.test_generated_requests_exercise_error_pipeline.<locals>.global_after at 0x71487b39c5e0>'}
2026-08-22 23:51:54.221 /testbed/src/flask/app.py:1065 flask.app.Flask.ensure_sync event=call locals={'func': '<function TestIndirectExceptionCallGraph.test_generated_requests_exercise_error_pipeline.<locals>.global_after at 0x71487b39c5e0>', 'self': "<Flask 'runtime_exception_graph'>"}
2026-08-22 23:51:54.221 /testbed/src/flask/app.py:1074 flask.app.Flask.ensure_sync event=line locals={}
2026-08-22 23:51:54.221 /testbed/src/flask/app.py:1077 flask.app.Flask.ensure_sync event=line locals={}
2026-08-22 23:51:54.221 /testbed/src/flask/app.py:1077 flask.app.Flask.ensure_sync event=return retval=<function TestIndirectExceptionCallGraph.test_generated_requests_exercise_error_pipeline.<locals>.global_after at 0x71487b39c5e0> locals={'func': '<function TestIndirectExceptionCallGraph.test_generated_requests_exercise_error_pipeline.<locals>.global_after at 0x71487b39c5e0>', 'self': "<Flask 'runtime_exception_graph'>"}
2026-08-22 23:51:54.221 /testbed/src/flask/app.py:1412 flask.app.Flask.process_response event=line locals={}
2026-08-22 23:51:54.221 /testbed/src/flask/app.py:1413 flask.app.Flask.process_response event=line locals={'func': '<function TestIndirectExceptionCallGraph.test_generated_requests_exercise_error_pipeline.<locals>.global_after at 0x71487b39c540>'}
2026-08-22 23:51:54.222 /testbed/src/flask/app.py:1065 flask.app.Flask.ensure_sync event=call locals={'func': '<function TestIndirectExceptionCallGraph.test_generated_requests_exercise_error_pipeline.<locals>.global_after at 0x71487b39c540>', 'self': "<Flask 'runtime_exception_graph'>"}
2026-08-22 23:51:54.222 /testbed/src/flask/app.py:1074 flask.app.Flask.ensure_sync event=line locals={}
2026-08-22 23:51:54.222 /testbed/src/flask/app.py:1077 flask.app.Flask.ensure_sync event=line locals={}
2026-08-22 23:51:54.222 /testbed/src/flask/app.py:1077 flask.app.Flask.ensure_sync event=return retval=<function TestIndirectExceptionCallGraph.test_generated_requests_exercise_error_pipeline.<locals>.global_after at 0x71487b39c540> locals={'func': '<function TestIndirectExceptionCallGraph.test_generated_requests_exercise_error_pipeline.<locals>.global_after at 0x71487b39c540>', 'self': "<Flask 'runtime_exception_graph'>"}
2026-08-22 23:51:54.222 /testbed/src/flask/app.py:1412 flask.app.Flask.process_response event=line locals={}
2026-08-22 23:51:54.222 /testbed/src/flask/app.py:1413 flask.app.Flask.process_response event=line locals={'func': '<function TestIndirectExceptionCallGraph.test_generated_requests_exercise_error_pipeline.<locals>.global_after at 0x71487b39c4a0>'}
2026-08-22 23:51:54.222 /testbed/src/flask/app.py:1065 flask.app.Flask.ensure_sync event=call locals={'func': '<function TestIndirectExceptionCallGraph.test_generated_requests_exercise_error_pipeline.<locals>.global_after at 0x71487b39c4a0>', 'self': "<Flask 'runtime_exception_graph'>"}
2026-08-22 23:51:54.222 /testbed/src/flask/app.py:1074 flask.app.Flask.ensure_sync event=line locals={}
2026-08-22 23:51:54.222 /testbed/src/flask/app.py:1077 flask.app.Flask.ensure_sync event=line locals={}
2026-08-22 23:51:54.222 /testbed/src/flask/app.py:1077 flask.app.Flask.ensure_sync event=return retval=<function TestIndirectExceptionCallGraph.test_generated_requests_exercise_error_pipeline.<locals>.global_after at 0x71487b39c4a0> locals={'func': '<function TestIndirectExceptionCallGraph.test_generated_requests_exercise_error_pipeline.<locals>.global_after at 0x71487b39c4a0>', 'self': "<Flask 'runtime_exception_graph'>"}
2026-08-22 23:51:54.222 /testbed/src/flask/app.py:1412 flask.app.Flask.process_response event=line locals={}
2026-08-22 23:51:54.222 /testbed/src/flask/app.py:1413 flask.app.Flask.process_response event=line locals={'func': '<function TestIndirectExceptionCallGraph.test_generated_requests_exercise_error_pipeline.<locals>.global_after at 0x71487b39c400>'}
2026-08-22 23:51:54.222 /testbed/src/flask/app.py:1065 flask.app.Flask.ensure_sync event=call locals={'func': '<function TestIndirectExceptionCallGraph.test_generated_requests_exercise_error_pipeline.<locals>.global_after at 0x71487b39c400>', 'self': "<Flask 'runtime_exception_graph'>"}
2026-08-22 23:51:54.222 /testbed/src/flask/app.py:1074 flask.app.Flask.ensure_sync event=line locals={}
2026-08-22 23:51:54.222 /testbed/src/flask/app.py:1077 flask.app.Flask.ensure_sync event=line locals={}
2026-08-22 23:51:54.222 /testbed/src/flask/app.py:1077 flask.app.Flask.ensure_sync event=return retval=<function TestIndirectExceptionCallGraph.test_generated_requests_exercise_error_pipeline.<locals>.global_after at 0x71487b39c400> locals={'func': '<function TestIndirectExceptionCallGraph.test_generated_requests_exercise_error_pipeline.<locals>.global_after at 0x71487b39c400>', 'self': "<Flask 'runtime_exception_graph'>"}
2026-08-22 23:51:54.222 /testbed/src/flask/app.py:1412 flask.app.Flask.process_response event=line locals={}
2026-08-22 23:51:54.222 /testbed/src/flask/app.py:1413 flask.app.Flask.process_response event=line locals={'func': '<function TestIndirectExceptionCallGraph.test_generated_requests_exercise_error_pipeline.<locals>.global_after at 0x71487b39c360>'}
2026-08-22 23:51:54.222 /testbed/src/flask/app.py:1065 flask.app.Flask.ensure_sync event=call locals={'func': '<function TestIndirectExceptionCallGraph.test_generated_requests_exercise_error_pipeline.<locals>.global_after at 0x71487b39c360>', 'self': "<Flask 'runtime_exception_graph'>"}
2026-08-22 23:51:54.222 /testbed/src/flask/app.py:1074 flask.app.Flask.ensure_sync event=line locals={}
2026-08-22 23:51:54.222 /testbed/src/flask/app.py:1077 flask.app.Flask.ensure_sync event=line locals={}
2026-08-22 23:51:54.222 /testbed/src/flask/app.py:1077 flask.app.Flask.ensure_sync event=return retval=<function TestIndirectExceptionCallGraph.test_generated_requests_exercise_error_pipeline.<locals>.global_after at 0x71487b39c360> locals={'func': '<function TestIndirectExceptionCallGraph.test_generated_requests_exercise_error_pipeline.<locals>.global_after at 0x71487b39c360>', 'self': "<Flask 'runtime_exception_graph'>"}
2026-08-22 23:51:54.222 /testbed/src/flask/app.py:1412 flask.app.Flask.process_response event=line locals={}
2026-08-22 23:51:54.222 /testbed/src/flask/app.py:1413 flask.app.Flask.process_response event=line locals={'func': '<function TestIndirectExceptionCallGraph.test_generated_requests_exercise_error_pipeline.<locals>.global_after at 0x71487b39c2c0>'}
2026-08-22 23:51:54.222 /testbed/src/flask/app.py:1065 flask.app.Flask.ensure_sync event=call locals={'func': '<function TestIndirectExceptionCallGraph.test_generated_requests_exercise_error_pipeline.<locals>.global_after at 0x71487b39c2c0>', 'self': "<Flask 'runtime_exception_graph'>"}
2026-08-22 23:51:54.222 /testbed/src/flask/app.py:1074 flask.app.Flask.ensure_sync event=line locals={}
2026-08-22 23:51:54.222 /testbed/src/flask/app.py:1077 flask.app.Flask.ensure_sync event=line locals={}
2026-08-22 23:51:54.222 /testbed/src/flask/app.py:1077 flask.app.Flask.ensure_sync event=return retval=<function TestIndirectExceptionCallGraph.test_generated_requests_exercise_error_pipeline.<locals>.global_after at 0x71487b39c2c0> locals={'func': '<function TestIndirectExceptionCallGraph.test_generated_requests_exercise_error_pipeline.<locals>.global_after at 0x71487b39c2c0>', 'self': "<Flask 'runtime_exception_graph'>"}
2026-08-22 23:51:54.222 /testbed/src/flask/app.py:1412 flask.app.Flask.process_response event=line locals={}
2026-08-22 23:51:54.222 /testbed/src/flask/app.py:1413 flask.app.Flask.process_response event=line locals={'func': '<function TestIndirectExceptionCallGraph.test_generated_requests_exercise_error_pipeline.<locals>.global_after at 0x71487b39c220>'}
2026-08-22 23:51:54.222 /testbed/src/flask/app.py:1065 flask.app.Flask.ensure_sync event=call locals={'func': '<function TestIndirectExceptionCallGraph.test_generated_requests_exercise_error_pipeline.<locals>.global_after at 0x71487b39c220>', 'self': "<Flask 'runtime_exception_graph'>"}
2026-08-22 23:51:54.222 /testbed/src/flask/app.py:1074 flask.app.Flask.ensure_sync event=line locals={}
2026-08-22 23:51:54.222 /testbed/src/flask/app.py:1077 flask.app.Flask.ensure_sync event=line locals={}
2026-08-22 23:51:54.222 /testbed/src/flask/app.py:1077 flask.app.Flask.ensure_sync event=return retval=<function TestIndirectExceptionCallGraph.test_generated_requests_exercise_error_pipeline.<locals>.global_after at 0x71487b39c220> locals={'func': '<function TestIndirectExceptionCallGraph.test_generated_requests_exercise_error_pipeline.<locals>.global_after at 0x71487b39c220>', 'self': "<Flask 'runtime_exception_graph'>"}
2026-08-22 23:51:54.222 /testbed/src/flask/app.py:1412 flask.app.Flask.process_response event=line locals={}
2026-08-22 23:51:54.222 /testbed/src/flask/app.py:1413 flask.app.Flask.process_response event=line locals={'func': '<function TestIndirectExceptionCallGraph.test_generated_requests_exercise_error_pipeline.<locals>.global_after at 0x71487b39c180>'}
2026-08-22 23:51:54.222 /testbed/src/flask/app.py:1065 flask.app.Flask.ensure_sync event=call locals={'func': '<function TestIndirectExceptionCallGraph.test_generated_requests_exercise_error_pipeline.<locals>.global_after at 0x71487b39c180>', 'self': "<Flask 'runtime_exception_graph'>"}
2026-08-22 23:51:54.222 /testbed/src/flask/app.py:1074 flask.app.Flask.ensure_sync event=line locals={}
2026-08-22 23:51:54.223 /testbed/src/flask/app.py:1077 flask.app.Flask.ensure_sync event=line locals={}
2026-08-22 23:51:54.223 /testbed/src/flask/app.py:1077 flask.app.Flask.ensure_sync event=return retval=<function TestIndirectExceptionCallGraph.test_generated_requests_exercise_error_pipeline.<locals>.global_after at 0x71487b39c180> locals={'func': '<function TestIndirectExceptionCallGraph.test_generated_requests_exercise_error_pipeline.<locals>.global_after at 0x71487b39c180>', 'self': "<Flask 'runtime_exception_graph'>"}
2026-08-22 23:51:54.223 /testbed/src/flask/app.py:1412 flask.app.Flask.process_response event=line locals={}
2026-08-22 23:51:54.223 /testbed/src/flask/app.py:1413 flask.app.Flask.process_response event=line locals={'func': '<function TestIndirectExceptionCallGraph.test_generated_requests_exercise_error_pipeline.<locals>.global_after at 0x71487b39c040>'}
2026-08-22 23:51:54.223 /testbed/src/flask/app.py:1065 flask.app.Flask.ensure_sync event=call locals={'func': '<function TestIndirectExceptionCallGraph.test_generated_requests_exercise_error_pipeline.<locals>.global_after at 0x71487b39c040>', 'self': "<Flask 'runtime_exception_graph'>"}
2026-08-22 23:51:54.223 /testbed/src/flask/app.py:1074 flask.app.Flask.ensure_sync event=line locals={}
2026-08-22 23:51:54.223 /testbed/src/flask/app.py:1077 flask.app.Flask.ensure_sync event=line locals={}
2026-08-22 23:51:54.223 /testbed/src/flask/app.py:1077 flask.app.Flask.ensure_sync event=return retval=<function TestIndirectExceptionCallGraph.test_generated_requests_exercise_error_pipeline.<locals>.global_after at 0x71487b39c040> locals={'func': '<function TestIndirectExceptionCallGraph.test_generated_requests_exercise_error_pipeline.<locals>.global_after at 0x71487b39c040>', 'self': "<Flask 'runtime_exception_graph'>"}
2026-08-22 23:51:54.223 /testbed/src/flask/app.py:1412 flask.app.Flask.process_response event=line locals={}
2026-08-22 23:51:54.223 /testbed/src/flask/app.py:1410 flask.app.Flask.process_response event=line locals={}
2026-08-22 23:51:54.223 /testbed/src/flask/app.py:1415 flask.app.Flask.process_response event=line locals={}
2026-08-22 23:51:54.223 /testbed/src/flask/app.py:1418 flask.app.Flask.process_response event=line locals={}
2026-08-22 23:51:54.223 /testbed/src/flask/app.py:1418 flask.app.Flask.process_response event=return retval=<Response 14 bytes [500 INTERNAL SERVER ERROR]> locals={'ctx': "<AppContext 124556119353424 of runtime_exception_graph, GET 'http://localhost/generated/5'>", 'func': '<function TestIndirectExceptionCallGraph.test_generated_requests_exercise_error_pipeline.<locals>.global_after at 0x71487b39c040>', 'name': 'None', 'response': '<Response 14 bytes [500 INTERNAL SERVER ERROR]>', 'self': "<Flask 'runtime_exception_graph'>"}
2026-08-22 23:51:54.223 /testbed/src/flask/app.py:1042 flask.app.Flask.finalize_request event=line locals={}
2026-08-22 23:51:54.223 /testbed/src/flask/app.py:1043 flask.app.Flask.finalize_request event=line locals={}
2026-08-22 23:51:54.223 /testbed/src/flask/app.py:1042 flask.app.Flask.finalize_request event=line locals={}
2026-08-22 23:51:54.223 /testbed/src/flask/app.py:1051 flask.app.Flask.finalize_request event=line locals={}
2026-08-22 23:51:54.223 /testbed/src/flask/app.py:1051 flask.app.Flask.finalize_request event=return retval=<Response 14 bytes [500 INTERNAL SERVER ERROR]> locals={'ctx': "<AppContext 124556119353424 of runtime_exception_graph, GET 'http://localhost/generated/5'>", 'from_error_handler': 'True', 'response': '<Response 14 bytes [500 INTERNAL SERVER ERROR]>', 'rv': "([903185, 1, 18], 500, {'X-QA-Mode': '1'})", 'self': "<Flask 'runtime_exception_graph'>"}
2026-08-22 23:51:54.223 /testbed/src/flask/app.py:948 flask.app.Flask.handle_exception event=return retval=<Response 14 bytes [500 INTERNAL SERVER ERROR]> locals={'ctx': "<AppContext 124556119353424 of runtime_exception_graph, GET 'http://localhost/generated/5'>", 'e': "RuntimeError('generated failure b29cb')", 'exc_info': "(<class 'RuntimeError'>, RuntimeError('generated failure b29cb'), <traceback object at 0x71487b3f6580>)", 'handler': '<function TestIndirectExceptionCallGraph.test_generated_requests_exercise_error_pipeline.<locals>.convert_unhandled_error at 0x71487b39c720>', 'propagate': 'False', 'self': "<Flask 'runtime_exception_graph'>", 'server_error': "([903185, 1, 18], 500, {'X-QA-Mode': '1'})"}
2026-08-22 23:51:54.233 /testbed/src/flask/app.py:1065 flask.app.Flask.ensure_sync event=call locals={'func': '<function TestIndirectExceptionCallGraph.test_generated_requests_exercise_error_pipeline.<locals>.generated_failure at 0x71487b39c9a0>', 'self': "<Flask 'runtime_exception_graph'>"}
2026-08-22 23:51:54.233 /testbed/src/flask/app.py:1074 flask.app.Flask.ensure_sync event=line locals={}
2026-08-22 23:51:54.233 /testbed/src/flask/app.py:1077 flask.app.Flask.ensure_sync event=line locals={}
2026-08-22 23:51:54.233 /testbed/src/flask/app.py:1077 flask.app.Flask.ensure_sync event=return retval=<function TestIndirectExceptionCallGraph.test_generated_requests_exercise_error_pipeline.<locals>.generated_failure at 0x71487b39c9a0> locals={'func': '<function TestIndirectExceptionCallGraph.test_generated_requests_exercise_error_pipeline.<locals>.generated_failure at 0x71487b39c9a0>', 'self': "<Flask 'runtime_exception_graph'>"}
2026-08-22 23:51:54.234 /testbed/src/flask/app.py:897 flask.app.Flask.handle_exception event=call locals={'ctx': "<AppContext 124556119352272 of runtime_exception_graph, GET 'http://localhost/generated/1'>", 'e': "RuntimeError('generated failure 4fe7b')", 'self': "<Flask 'runtime_exception_graph'>"}
2026-08-22 23:51:54.234 /testbed/src/flask/app.py:925 flask.app.Flask.handle_exception event=line locals={}
2026-08-22 23:51:54.234 /testbed/src/flask/app.py:926 flask.app.Flask.handle_exception event=line locals={'exc_info': "(<class 'RuntimeError'>, RuntimeError('generated failure 4fe7b'), <traceback object at 0x71487b3fb940>)"}
2026-08-22 23:51:54.234 /testbed/src/flask/app.py:927 flask.app.Flask.handle_exception event=line locals={}
2026-08-22 23:51:54.234 /testbed/src/flask/app.py:929 flask.app.Flask.handle_exception event=line locals={'propagate': 'False'}
2026-08-22 23:51:54.234 /testbed/src/flask/app.py:932 flask.app.Flask.handle_exception event=line locals={}
2026-08-22 23:51:54.234 /testbed/src/flask/app.py:940 flask.app.Flask.handle_exception event=line locals={}
2026-08-22 23:51:54.234 /testbed/src/flask/app.py:950 flask.app.Flask.log_exception event=call locals={'ctx': "<AppContext 124556119352272 of runtime_exception_graph, GET 'http://localhost/generated/1'>", 'exc_info': "(<class 'RuntimeError'>, RuntimeError('generated failure 4fe7b'), <traceback object at 0x71487b3fb940>)", 'self': "<Flask 'runtime_exception_graph'>"}
2026-08-22 23:51:54.234 /testbed/src/flask/app.py:962 flask.app.Flask.log_exception event=line locals={}
2026-08-22 23:51:54.234 /testbed/src/flask/app.py:963 flask.app.Flask.log_exception event=line locals={}
2026-08-22 23:51:54.234 /testbed/src/flask/app.py:962 flask.app.Flask.log_exception event=line locals={}
2026-08-22 23:51:54.234 /testbed/src/flask/app.py:962 flask.app.Flask.log_exception event=return retval=None locals={'ctx': "<AppContext 124556119352272 of runtime_exception_graph, GET 'http://localhost/generated/1'>", 'exc_info': "(<class 'RuntimeError'>, RuntimeError('generated failure 4fe7b'), <traceback object at 0x71487b3fb940>)", 'self': "<Flask 'runtime_exception_graph'>"}
2026-08-22 23:51:54.234 /testbed/src/flask/app.py:942 flask.app.Flask.handle_exception event=line locals={}
2026-08-22 23:51:54.234 /testbed/src/flask/app.py:943 flask.app.Flask.handle_exception event=line locals={'server_error': "<InternalServerError '500: Internal Server Error'>"}
2026-08-22 23:51:54.234 /testbed/src/flask/app.py:945 flask.app.Flask.handle_exception event=line locals={'handler': '<function TestIndirectExceptionCallGraph.test_generated_requests_exercise_error_pipeline.<locals>.convert_unhandled_error at 0x71487b39c720>'}
2026-08-22 23:51:54.234 /testbed/src/flask/app.py:946 flask.app.Flask.handle_exception event=line locals={}
2026-08-22 23:51:54.234 /testbed/src/flask/app.py:1065 flask.app.Flask.ensure_sync event=call locals={'func': '<function TestIndirectExceptionCallGraph.test_generated_requests_exercise_error_pipeline.<locals>.convert_unhandled_error at 0x71487b39c720>', 'self': "<Flask 'runtime_exception_graph'>"}
2026-08-22 23:51:54.234 /testbed/src/flask/app.py:1074 flask.app.Flask.ensure_sync event=line locals={}
2026-08-22 23:51:54.235 /testbed/src/flask/app.py:1077 flask.app.Flask.ensure_sync event=line locals={}
2026-08-22 23:51:54.235 /testbed/src/flask/app.py:1077 flask.app.Flask.ensure_sync event=return retval=<function TestIndirectExceptionCallGraph.test_generated_requests_exercise_error_pipeline.<locals>.convert_unhandled_error at 0x71487b39c720> locals={'func': '<function TestIndirectExceptionCallGraph.test_generated_requests_exercise_error_pipeline.<locals>.convert_unhandled_error at 0x71487b39c720>', 'self': "<Flask 'runtime_exception_graph'>"}
2026-08-22 23:51:54.235 /testbed/src/flask/app.py:948 flask.app.Flask.handle_exception event=line locals={'server_error': "('failure-920b9', '500 INTERNAL SERVER ERROR')"}
2026-08-22 23:51:54.235 /testbed/src/flask/app.py:1021 flask.app.Flask.finalize_request event=call locals={'ctx': "<AppContext 124556119352272 of runtime_exception_graph, GET 'http://localhost/generated/1'>", 'from_error_handler': 'True', 'rv': "('failure-920b9', '500 INTERNAL SERVER ERROR')", 'self': "<Flask 'runtime_exception_graph'>"}
2026-08-22 23:51:54.235 /testbed/src/flask/app.py:1039 flask.app.Flask.finalize_request event=line locals={}
2026-08-22 23:51:54.235 /testbed/src/flask/app.py:1224 flask.app.Flask.make_response event=call locals={'rv': "('failure-920b9', '500 INTERNAL SERVER ERROR')", 'self': "<Flask 'runtime_exception_graph'>"}
2026-08-22 23:51:54.235 /testbed/src/flask/app.py:1281 flask.app.Flask.make_response event=line locals={}
2026-08-22 23:51:54.235 /testbed/src/flask/app.py:1282 flask.app.Flask.make_response event=line locals={'status': 'None'}
2026-08-22 23:51:54.235 /testbed/src/flask/app.py:1285 flask.app.Flask.make_response event=line locals={'headers': 'None'}
2026-08-22 23:51:54.235 /testbed/src/flask/app.py:1286 flask.app.Flask.make_response event=line locals={}
2026-08-22 23:51:54.235 /testbed/src/flask/app.py:1289 flask.app.Flask.make_response event=line locals={'len_rv': '2'}
2026-08-22 23:51:54.235 /testbed/src/flask/app.py:1292 flask.app.Flask.make_response event=line locals={}
2026-08-22 23:51:54.235 /testbed/src/flask/app.py:1293 flask.app.Flask.make_response event=line locals={}
2026-08-22 23:51:54.235 /testbed/src/flask/app.py:1296 flask.app.Flask.make_response event=line locals={}
2026-08-22 23:51:54.235 /testbed/src/flask/app.py:1306 flask.app.Flask.make_response event=line locals={'rv': "'failure-920b9'", 'status': "'500 INTERNAL SERVER ERROR'"}
2026-08-22 23:51:54.235 /testbed/src/flask/app.py:1314 flask.app.Flask.make_response event=line locals={}
2026-08-22 23:51:54.235 /testbed/src/flask/app.py:1315 flask.app.Flask.make_response event=line locals={}
2026-08-22 23:51:54.235 /testbed/src/flask/app.py:1319 flask.app.Flask.make_response event=line locals={}
2026-08-22 23:51:54.235 /testbed/src/flask/app.py:1320 flask.app.Flask.make_response event=line locals={}
2026-08-22 23:51:54.235 /testbed/src/flask/app.py:1321 flask.app.Flask.make_response event=line locals={}
2026-08-22 23:51:54.235 /testbed/src/flask/app.py:1322 flask.app.Flask.make_response event=line locals={}
2026-08-22 23:51:54.235 /testbed/src/flask/app.py:1319 flask.app.Flask.make_response event=line locals={}
2026-08-22 23:51:54.235 /testbed/src/flask/app.py:1324 flask.app.Flask.make_response event=line locals={'rv': '<Response 13 bytes [500 INTERNAL SERVER ERROR]>'}
2026-08-22 23:51:54.235 /testbed/src/flask/app.py:1352 flask.app.Flask.make_response event=line locals={'status': 'None'}
2026-08-22 23:51:54.235 /testbed/src/flask/app.py:1354 flask.app.Flask.make_response event=line locals={}
2026-08-22 23:51:54.236 /testbed/src/flask/app.py:1361 flask.app.Flask.make_response event=line locals={}
2026-08-22 23:51:54.236 /testbed/src/flask/app.py:1364 flask.app.Flask.make_response event=line locals={}
2026-08-22 23:51:54.236 /testbed/src/flask/app.py:1364 flask.app.Flask.make_response event=return retval=<Response 13 bytes [500 INTERNAL SERVER ERROR]> locals={'headers': 'None', 'len_rv': '2', 'rv': '<Response 13 bytes [500 INTERNAL SERVER ERROR]>', 'self': "<Flask 'runtime_exception_graph'>", 'status': 'None'}
2026-08-22 23:51:54.236 /testbed/src/flask/app.py:1040 flask.app.Flask.finalize_request event=line locals={'response': '<Response 13 bytes [500 INTERNAL SERVER ERROR]>'}
2026-08-22 23:51:54.236 /testbed/src/flask/app.py:1041 flask.app.Flask.finalize_request event=line locals={}
2026-08-22 23:51:54.236 /testbed/src/flask/app.py:1394 flask.app.Flask.process_response event=call locals={'ctx': "<AppContext 124556119352272 of runtime_exception_graph, GET 'http://localhost/generated/1'>", 'response': '<Response 13 bytes [500 INTERNAL SERVER ERROR]>', 'self': "<Flask 'runtime_exception_graph'>"}
2026-08-22 23:51:54.236 /testbed/src/flask/app.py:1407 flask.app.Flask.process_response event=line locals={}
2026-08-22 23:51:54.236 /testbed/src/flask/app.py:1408 flask.app.Flask.process_response event=line locals={'func': '<function TestIndirectExceptionCallGraph.test_generated_requests_exercise_error_pipeline.<locals>.generated_failure.<locals>.local_after at 0x71487b3bf920>'}
2026-08-22 23:51:54.236 /testbed/src/flask/app.py:1065 flask.app.Flask.ensure_sync event=call locals={'func': '<function TestIndirectExceptionCallGraph.test_generated_requests_exercise_error_pipeline.<locals>.generated_failure.<locals>.local_after at 0x71487b3bf920>', 'self': "<Flask 'runtime_exception_graph'>"}
2026-08-22 23:51:54.236 /testbed/src/flask/app.py:1074 flask.app.Flask.ensure_sync event=line locals={}
2026-08-22 23:51:54.236 /testbed/src/flask/app.py:1077 flask.app.Flask.ensure_sync event=line locals={}
2026-08-22 23:51:54.236 /testbed/src/flask/app.py:1077 flask.app.Flask.ensure_sync event=return retval=<function TestIndirectExceptionCallGraph.test_generated_requests_exercise_error_pipeline.<locals>.generated_failure.<locals>.local_after at 0x71487b3bf920> locals={'func': '<function TestIndirectExceptionCallGraph.test_generated_requests_exercise_error_pipeline.<locals>.generated_failure.<locals>.local_after at 0x71487b3bf920>', 'self': "<Flask 'runtime_exception_graph'>"}
2026-08-22 23:51:54.236 /testbed/src/flask/app.py:1407 flask.app.Flask.process_response event=line locals={}
2026-08-22 23:51:54.236 /testbed/src/flask/app.py:1408 flask.app.Flask.process_response event=line locals={'func': '<function TestIndirectExceptionCallGraph.test_generated_requests_exercise_error_pipeline.<locals>.generated_failure.<locals>.local_after at 0x71487b3bf600>'}
2026-08-22 23:51:54.236 /testbed/src/flask/app.py:1065 flask.app.Flask.ensure_sync event=call locals={'func': '<function TestIndirectExceptionCallGraph.test_generated_requests_exercise_error_pipeline.<locals>.generated_failure.<locals>.local_after at 0x71487b3bf600>', 'self': "<Flask 'runtime_exception_graph'>"}
2026-08-22 23:51:54.236 /testbed/src/flask/app.py:1074 flask.app.Flask.ensure_sync event=line locals={}
2026-08-22 23:51:54.236 /testbed/src/flask/app.py:1077 flask.app.Flask.ensure_sync event=line locals={}
2026-08-22 23:51:54.236 /testbed/src/flask/app.py:1077 flask.app.Flask.ensure_sync event=return retval=<function TestIndirectExceptionCallGraph.test_generated_requests_exercise_error_pipeline.<locals>.generated_failure.<locals>.local_after at 0x71487b3bf600> locals={'func': '<function TestIndirectExceptionCallGraph.test_generated_requests_exercise_error_pipeline.<locals>.generated_failure.<locals>.local_after at 0x71487b3bf600>', 'self': "<Flask 'runtime_exception_graph'>"}
2026-08-22 23:51:54.236 /testbed/src/flask/app.py:1407 flask.app.Flask.process_response event=line locals={}
2026-08-22 23:51:54.236 /testbed/src/flask/app.py:1408 flask.app.Flask.process_response event=line locals={'func': '<function TestIndirectExceptionCallGraph.test_generated_requests_exercise_error_pipeline.<locals>.generated_failure.<locals>.local_after at 0x71487b3bf740>'}
2026-08-22 23:51:54.236 /testbed/src/flask/app.py:1065 flask.app.Flask.ensure_sync event=call locals={'func': '<function TestIndirectExceptionCallGraph.test_generated_requests_exercise_error_pipeline.<locals>.generated_failure.<locals>.local_after at 0x71487b3bf740>', 'self': "<Flask 'runtime_exception_graph'>"}
2026-08-22 23:51:54.236 /testbed/src/flask/app.py:1074 flask.app.Flask.ensure_sync event=line locals={}
2026-08-22 23:51:54.236 /testbed/src/flask/app.py:1077 flask.app.Flask.ensure_sync event=line locals={}
2026-08-22 23:51:54.236 /testbed/src/flask/app.py:1077 flask.app.Flask.ensure_sync event=return retval=<function TestIndirectExceptionCallGraph.test_generated_requests_exercise_error_pipeline.<locals>.generated_failure.<locals>.local_after at 0x71487b3bf740> locals={'func': '<function TestIndirectExceptionCallGraph.test_generated_requests_exercise_error_pipeline.<locals>.generated_failure.<locals>.local_after at 0x71487b3bf740>', 'self': "<Flask 'runtime_exception_graph'>"}
2026-08-22 23:51:54.236 /testbed/src/flask/app.py:1407 flask.app.Flask.process_response event=line locals={}
2026-08-22 23:51:54.236 /testbed/src/flask/app.py:1408 flask.app.Flask.process_response event=line locals={'func': '<function TestIndirectExceptionCallGraph.test_generated_requests_exercise_error_pipeline.<locals>.generated_failure.<locals>.local_after at 0x71487b3bf7e0>'}
2026-08-22 23:51:54.236 /testbed/src/flask/app.py:1065 flask.app.Flask.ensure_sync event=call locals={'func': '<function TestIndirectExceptionCallGraph.test_generated_requests_exercise_error_pipeline.<locals>.generated_failure.<locals>.local_after at 0x71487b3bf7e0>', 'self': "<Flask 'runtime_exception_graph'>"}
2026-08-22 23:51:54.236 /testbed/src/flask/app.py:1074 flask.app.Flask.ensure_sync event=line locals={}
2026-08-22 23:51:54.236 /testbed/src/flask/app.py:1077 flask.app.Flask.ensure_sync event=line locals={}
2026-08-22 23:51:54.236 /testbed/src/flask/app.py:1077 flask.app.Flask.ensure_sync event=return retval=<function TestIndirectExceptionCallGraph.test_generated_requests_exercise_error_pipeline.<locals>.generated_failure.<locals>.local_after at 0x71487b3bf7e0> locals={'func': '<function TestIndirectExceptionCallGraph.test_generated_requests_exercise_error_pipeline.<locals>.generated_failure.<locals>.local_after at 0x71487b3bf7e0>', 'self': "<Flask 'runtime_exception_graph'>"}
2026-08-22 23:51:54.236 /testbed/src/flask/app.py:1407 flask.app.Flask.process_response event=line locals={}
2026-08-22 23:51:54.236 /testbed/src/flask/app.py:1408 flask.app.Flask.process_response event=line locals={'func': '<function TestIndirectExceptionCallGraph.test_generated_requests_exercise_error_pipeline.<locals>.generated_failure.<locals>.local_after at 0x71487b3bf880>'}
2026-08-22 23:51:54.236 /testbed/src/flask/app.py:1065 flask.app.Flask.ensure_sync event=call locals={'func': '<function TestIndirectExceptionCallGraph.test_generated_requests_exercise_error_pipeline.<locals>.generated_failure.<locals>.local_after at 0x71487b3bf880>', 'self': "<Flask 'runtime_exception_graph'>"}
2026-08-22 23:51:54.236 /testbed/src/flask/app.py:1074 flask.app.Flask.ensure_sync event=line locals={}
2026-08-22 23:51:54.236 /testbed/src/flask/app.py:1077 flask.app.Flask.ensure_sync event=line locals={}
2026-08-22 23:51:54.236 /testbed/src/flask/app.py:1077 flask.app.Flask.ensure_sync event=return retval=<function TestIndirectExceptionCallGraph.test_generated_requests_exercise_error_pipeline.<locals>.generated_failure.<locals>.local_after at 0x71487b3bf880> locals={'func': '<function TestIndirectExceptionCallGraph.test_generated_requests_exercise_error_pipeline.<locals>.generated_failure.<locals>.local_after at 0x71487b3bf880>', 'self': "<Flask 'runtime_exception_graph'>"}
2026-08-22 23:51:54.236 /testbed/src/flask/app.py:1407 flask.app.Flask.process_response event=line locals={}
2026-08-22 23:51:54.236 /testbed/src/flask/app.py:1408 flask.app.Flask.process_response event=line locals={'func': '<function TestIndirectExceptionCallGraph.test_generated_requests_exercise_error_pipeline.<locals>.generated_failure.<locals>.local_after at 0x71487b3bf6a0>'}
2026-08-22 23:51:54.236 /testbed/src/flask/app.py:1065 flask.app.Flask.ensure_sync event=call locals={'func': '<function TestIndirectExceptionCallGraph.test_generated_requests_exercise_error_pipeline.<locals>.generated_failure.<locals>.local_after at 0x71487b3bf6a0>', 'self': "<Flask 'runtime_exception_graph'>"}
2026-08-22 23:51:54.236 /testbed/src/flask/app.py:1074 flask.app.Flask.ensure_sync event=line locals={}
2026-08-22 23:51:54.236 /testbed/src/flask/app.py:1077 flask.app.Flask.ensure_sync event=line locals={}
2026-08-22 23:51:54.236 /testbed/src/flask/app.py:1077 flask.app.Flask.ensure_sync event=return retval=<function TestIndirectExceptionCallGraph.test_generated_requests_exercise_error_pipeline.<locals>.generated_failure.<locals>.local_after at 0x71487b3bf6a0> locals={'func': '<function TestIndirectExceptionCallGraph.test_generated_requests_exercise_error_pipeline.<locals>.generated_failure.<locals>.local_after at 0x71487b3bf6a0>', 'self': "<Flask 'runtime_exception_graph'>"}
2026-08-22 23:51:54.236 /testbed/src/flask/app.py:1407 flask.app.Flask.process_response event=line locals={}
2026-08-22 23:51:54.236 /testbed/src/flask/app.py:1408 flask.app.Flask.process_response event=line locals={'func': '<function TestIndirectExceptionCallGraph.test_generated_requests_exercise_error_pipeline.<locals>.generated_failure.<locals>.local_after at 0x71487b3bd760>'}
2026-08-22 23:51:54.236 /testbed/src/flask/app.py:1065 flask.app.Flask.ensure_sync event=call locals={'func': '<function TestIndirectExceptionCallGraph.test_generated_requests_exercise_error_pipeline.<locals>.generated_failure.<locals>.local_after at 0x71487b3bd760>', 'self': "<Flask 'runtime_exception_graph'>"}
2026-08-22 23:51:54.236 /testbed/src/flask/app.py:1074 flask.app.Flask.ensure_sync event=line locals={}
2026-08-22 23:51:54.237 /testbed/src/flask/app.py:1077 flask.app.Flask.ensure_sync event=line locals={}
2026-08-22 23:51:54.237 /testbed/src/flask/app.py:1077 flask.app.Flask.ensure_sync event=return retval=<function TestIndirectExceptionCallGraph.test_generated_requests_exercise_error_pipeline.<locals>.generated_failure.<locals>.local_after at 0x71487b3bd760> locals={'func': '<function TestIndirectExceptionCallGraph.test_generated_requests_exercise_error_pipeline.<locals>.generated_failure.<locals>.local_after at 0x71487b3bd760>', 'self': "<Flask 'runtime_exception_graph'>"}
2026-08-22 23:51:54.237 /testbed/src/flask/app.py:1407 flask.app.Flask.process_response event=line locals={}
2026-08-22 23:51:54.237 /testbed/src/flask/app.py:1408 flask.app.Flask.process_response event=line locals={'func': '<function TestIndirectExceptionCallGraph.test_generated_requests_exercise_error_pipeline.<locals>.generated_failure.<locals>.local_after at 0x71487b3bf4c0>'}
2026-08-22 23:51:54.237 /testbed/src/flask/app.py:1065 flask.app.Flask.ensure_sync event=call locals={'func': '<function TestIndirectExceptionCallGraph.test_generated_requests_exercise_error_pipeline.<locals>.generated_failure.<locals>.local_after at 0x71487b3bf4c0>', 'self': "<Flask 'runtime_exception_graph'>"}
2026-08-22 23:51:54.237 /testbed/src/flask/app.py:1074 flask.app.Flask.ensure_sync event=line locals={}
2026-08-22 23:51:54.237 /testbed/src/flask/app.py:1077 flask.app.Flask.ensure_sync event=line locals={}
2026-08-22 23:51:54.237 /testbed/src/flask/app.py:1077 flask.app.Flask.ensure_sync event=return retval=<function TestIndirectExceptionCallGraph.test_generated_requests_exercise_error_pipeline.<locals>.generated_failure.<locals>.local_after at 0x71487b3bf4c0> locals={'func': '<function TestIndirectExceptionCallGraph.test_generated_requests_exercise_error_pipeline.<locals>.generated_failure.<locals>.local_after at 0x71487b3bf4c0>', 'self': "<Flask 'runtime_exception_graph'>"}
2026-08-22 23:51:54.237 /testbed/src/flask/app.py:1407 flask.app.Flask.process_response event=line locals={}
2026-08-22 23:51:54.237 /testbed/src/flask/app.py:1408 flask.app.Flask.process_response event=line locals={'func': '<function TestIndirectExceptionCallGraph.test_generated_requests_exercise_error_pipeline.<locals>.generated_failure.<locals>.local_after at 0x71487b3bd120>'}
2026-08-22 23:51:54.237 /testbed/src/flask/app.py:1065 flask.app.Flask.ensure_sync event=call locals={'func': '<function TestIndirectExceptionCallGraph.test_generated_requests_exercise_error_pipeline.<locals>.generated_failure.<locals>.local_after at 0x71487b3bd120>', 'self': "<Flask 'runtime_exception_graph'>"}
2026-08-22 23:51:54.237 /testbed/src/flask/app.py:1074 flask.app.Flask.ensure_sync event=line locals={}
2026-08-22 23:51:54.237 /testbed/src/flask/app.py:1077 flask.app.Flask.ensure_sync event=line locals={}
2026-08-22 23:51:54.237 /testbed/src/flask/app.py:1077 flask.app.Flask.ensure_sync event=return retval=<function TestIndirectExceptionCallGraph.test_generated_requests_exercise_error_pipeline.<locals>.generated_failure.<locals>.local_after at 0x71487b3bd120> locals={'func': '<function TestIndirectExceptionCallGraph.test_generated_requests_exercise_error_pipeline.<locals>.generated_failure.<locals>.local_after at 0x71487b3bd120>', 'self': "<Flask 'runtime_exception_graph'>"}
2026-08-22 23:51:54.237 /testbed/src/flask/app.py:1407 flask.app.Flask.process_response event=line locals={}
2026-08-22 23:51:54.237 /testbed/src/flask/app.py:1410 flask.app.Flask.process_response event=line locals={}
2026-08-22 23:51:54.237 /testbed/src/flask/app.py:1411 flask.app.Flask.process_response event=line locals={'name': 'None'}
2026-08-22 23:51:54.237 /testbed/src/flask/app.py:1412 flask.app.Flask.process_response event=line locals={}
2026-08-22 23:51:54.237 /testbed/src/flask/app.py:1413 flask.app.Flask.process_response event=line locals={'func': '<function TestIndirectExceptionCallGraph.test_generated_requests_exercise_error_pipeline.<locals>.global_after at 0x71487b39c5e0>'}
2026-08-22 23:51:54.237 /testbed/src/flask/app.py:1065 flask.app.Flask.ensure_sync event=call locals={'func': '<function TestIndirectExceptionCallGraph.test_generated_requests_exercise_error_pipeline.<locals>.global_after at 0x71487b39c5e0>', 'self': "<Flask 'runtime_exception_graph'>"}
2026-08-22 23:51:54.237 /testbed/src/flask/app.py:1074 flask.app.Flask.ensure_sync event=line locals={}
2026-08-22 23:51:54.237 /testbed/src/flask/app.py:1077 flask.app.Flask.ensure_sync event=line locals={}
2026-08-22 23:51:54.237 /testbed/src/flask/app.py:1077 flask.app.Flask.ensure_sync event=return retval=<function TestIndirectExceptionCallGraph.test_generated_requests_exercise_error_pipeline.<locals>.global_after at 0x71487b39c5e0> locals={'func': '<function TestIndirectExceptionCallGraph.test_generated_requests_exercise_error_pipeline.<locals>.global_after at 0x71487b39c5e0>', 'self': "<Flask 'runtime_exception_graph'>"}
2026-08-22 23:51:54.237 /testbed/src/flask/app.py:1412 flask.app.Flask.process_response event=line locals={}
2026-08-22 23:51:54.237 /testbed/src/flask/app.py:1413 flask.app.Flask.process_response event=line locals={'func': '<function TestIndirectExceptionCallGraph.test_generated_requests_exercise_error_pipeline.<locals>.global_after at 0x71487b39c540>'}
2026-08-22 23:51:54.237 /testbed/src/flask/app.py:1065 flask.app.Flask.ensure_sync event=call locals={'func': '<function TestIndirectExceptionCallGraph.test_generated_requests_exercise_error_pipeline.<locals>.global_after at 0x71487b39c540>', 'self': "<Flask 'runtime_exception_graph'>"}
2026-08-22 23:51:54.237 /testbed/src/flask/app.py:1074 flask.app.Flask.ensure_sync event=line locals={}
2026-08-22 23:51:54.237 /testbed/src/flask/app.py:1077 flask.app.Flask.ensure_sync event=line locals={}
2026-08-22 23:51:54.237 /testbed/src/flask/app.py:1077 flask.app.Flask.ensure_sync event=return retval=<function TestIndirectExceptionCallGraph.test_generated_requests_exercise_error_pipeline.<locals>.global_after at 0x71487b39c540> locals={'func': '<function TestIndirectExceptionCallGraph.test_generated_requests_exercise_error_pipeline.<locals>.global_after at 0x71487b39c540>', 'self': "<Flask 'runtime_exception_graph'>"}
2026-08-22 23:51:54.237 /testbed/src/flask/app.py:1412 flask.app.Flask.process_response event=line locals={}
2026-08-22 23:51:54.237 /testbed/src/flask/app.py:1413 flask.app.Flask.process_response event=line locals={'func': '<function TestIndirectExceptionCallGraph.test_generated_requests_exercise_error_pipeline.<locals>.global_after at 0x71487b39c4a0>'}
2026-08-22 23:51:54.237 /testbed/src/flask/app.py:1065 flask.app.Flask.ensure_sync event=call locals={'func': '<function TestIndirectExceptionCallGraph.test_generated_requests_exercise_error_pipeline.<locals>.global_after at 0x71487b39c4a0>', 'self': "<Flask 'runtime_exception_graph'>"}
2026-08-22 23:51:54.237 /testbed/src/flask/app.py:1074 flask.app.Flask.ensure_sync event=line locals={}
2026-08-22 23:51:54.237 /testbed/src/flask/app.py:1077 flask.app.Flask.ensure_sync event=line locals={}
2026-08-22 23:51:54.237 /testbed/src/flask/app.py:1077 flask.app.Flask.ensure_sync event=return retval=<function TestIndirectExceptionCallGraph.test_generated_requests_exercise_error_pipeline.<locals>.global_after at 0x71487b39c4a0> locals={'func': '<function TestIndirectExceptionCallGraph.test_generated_requests_exercise_error_pipeline.<locals>.global_after at 0x71487b39c4a0>', 'self': "<Flask 'runtime_exception_graph'>"}
2026-08-22 23:51:54.237 /testbed/src/flask/app.py:1412 flask.app.Flask.process_response event=line locals={}
2026-08-22 23:51:54.237 /testbed/src/flask/app.py:1413 flask.app.Flask.process_response event=line locals={'func': '<function TestIndirectExceptionCallGraph.test_generated_requests_exercise_error_pipeline.<locals>.global_after at 0x71487b39c400>'}
2026-08-22 23:51:54.237 /testbed/src/flask/app.py:1065 flask.app.Flask.ensure_sync event=call locals={'func': '<function TestIndirectExceptionCallGraph.test_generated_requests_exercise_error_pipeline.<locals>.global_after at 0x71487b39c400>', 'self': "<Flask 'runtime_exception_graph'>"}
2026-08-22 23:51:54.237 /testbed/src/flask/app.py:1074 flask.app.Flask.ensure_sync event=line locals={}
2026-08-22 23:51:54.238 /testbed/src/flask/app.py:1077 flask.app.Flask.ensure_sync event=line locals={}
2026-08-22 23:51:54.238 /testbed/src/flask/app.py:1077 flask.app.Flask.ensure_sync event=return retval=<function TestIndirectExceptionCallGraph.test_generated_requests_exercise_error_pipeline.<locals>.global_after at 0x71487b39c400> locals={'func': '<function TestIndirectExceptionCallGraph.test_generated_requests_exercise_error_pipeline.<locals>.global_after at 0x71487b39c400>', 'self': "<Flask 'runtime_exception_graph'>"}
2026-08-22 23:51:54.238 /testbed/src/flask/app.py:1412 flask.app.Flask.process_response event=line locals={}
2026-08-22 23:51:54.238 /testbed/src/flask/app.py:1413 flask.app.Flask.process_response event=line locals={'func': '<function TestIndirectExceptionCallGraph.test_generated_requests_exercise_error_pipeline.<locals>.global_after at 0x71487b39c360>'}
2026-08-22 23:51:54.238 /testbed/src/flask/app.py:1065 flask.app.Flask.ensure_sync event=call locals={'func': '<function TestIndirectExceptionCallGraph.test_generated_requests_exercise_error_pipeline.<locals>.global_after at 0x71487b39c360>', 'self': "<Flask 'runtime_exception_graph'>"}
2026-08-22 23:51:54.238 /testbed/src/flask/app.py:1074 flask.app.Flask.ensure_sync event=line locals={}
2026-08-22 23:51:54.238 /testbed/src/flask/app.py:1077 flask.app.Flask.ensure_sync event=line locals={}
2026-08-22 23:51:54.238 /testbed/src/flask/app.py:1077 flask.app.Flask.ensure_sync event=return retval=<function TestIndirectExceptionCallGraph.test_generated_requests_exercise_error_pipeline.<locals>.global_after at 0x71487b39c360> locals={'func': '<function TestIndirectExceptionCallGraph.test_generated_requests_exercise_error_pipeline.<locals>.global_after at 0x71487b39c360>', 'self': "<Flask 'runtime_exception_graph'>"}
2026-08-22 23:51:54.238 /testbed/src/flask/app.py:1412 flask.app.Flask.process_response event=line locals={}
2026-08-22 23:51:54.238 /testbed/src/flask/app.py:1413 flask.app.Flask.process_response event=line locals={'func': '<function TestIndirectExceptionCallGraph.test_generated_requests_exercise_error_pipeline.<locals>.global_after at 0x71487b39c2c0>'}
2026-08-22 23:51:54.238 /testbed/src/flask/app.py:1065 flask.app.Flask.ensure_sync event=call locals={'func': '<function TestIndirectExceptionCallGraph.test_generated_requests_exercise_error_pipeline.<locals>.global_after at 0x71487b39c2c0>', 'self': "<Flask 'runtime_exception_graph'>"}
2026-08-22 23:51:54.238 /testbed/src/flask/app.py:1074 flask.app.Flask.ensure_sync event=line locals={}
2026-08-22 23:51:54.238 /testbed/src/flask/app.py:1077 flask.app.Flask.ensure_sync event=line locals={}
2026-08-22 23:51:54.238 /testbed/src/flask/app.py:1077 flask.app.Flask.ensure_sync event=return retval=<function TestIndirectExceptionCallGraph.test_generated_requests_exercise_error_pipeline.<locals>.global_after at 0x71487b39c2c0> locals={'func': '<function TestIndirectExceptionCallGraph.test_generated_requests_exercise_error_pipeline.<locals>.global_after at 0x71487b39c2c0>', 'self': "<Flask 'runtime_exception_graph'>"}
2026-08-22 23:51:54.238 /testbed/src/flask/app.py:1412 flask.app.Flask.process_response event=line locals={}
2026-08-22 23:51:54.238 /testbed/src/flask/app.py:1413 flask.app.Flask.process_response event=line locals={'func': '<function TestIndirectExceptionCallGraph.test_generated_requests_exercise_error_pipeline.<locals>.global_after at 0x71487b39c220>'}
2026-08-22 23:51:54.238 /testbed/src/flask/app.py:1065 flask.app.Flask.ensure_sync event=call locals={'func': '<function TestIndirectExceptionCallGraph.test_generated_requests_exercise_error_pipeline.<locals>.global_after at 0x71487b39c220>', 'self': "<Flask 'runtime_exception_graph'>"}
2026-08-22 23:51:54.238 /testbed/src/flask/app.py:1074 flask.app.Flask.ensure_sync event=line locals={}
2026-08-22 23:51:54.238 /testbed/src/flask/app.py:1077 flask.app.Flask.ensure_sync event=line locals={}
2026-08-22 23:51:54.238 /testbed/src/flask/app.py:1077 flask.app.Flask.ensure_sync event=return retval=<function TestIndirectExceptionCallGraph.test_generated_requests_exercise_error_pipeline.<locals>.global_after at 0x71487b39c220> locals={'func': '<function TestIndirectExceptionCallGraph.test_generated_requests_exercise_error_pipeline.<locals>.global_after at 0x71487b39c220>', 'self': "<Flask 'runtime_exception_graph'>"}
2026-08-22 23:51:54.238 /testbed/src/flask/app.py:1412 flask.app.Flask.process_response event=line locals={}
2026-08-22 23:51:54.238 /testbed/src/flask/app.py:1413 flask.app.Flask.process_response event=line locals={'func': '<function TestIndirectExceptionCallGraph.test_generated_requests_exercise_error_pipeline.<locals>.global_after at 0x71487b39c180>'}
2026-08-22 23:51:54.238 /testbed/src/flask/app.py:1065 flask.app.Flask.ensure_sync event=call locals={'func': '<function TestIndirectExceptionCallGraph.test_generated_requests_exercise_error_pipeline.<locals>.global_after at 0x71487b39c180>', 'self': "<Flask 'runtime_exception_graph'>"}
2026-08-22 23:51:54.238 /testbed/src/flask/app.py:1074 flask.app.Flask.ensure_sync event=line locals={}
2026-08-22 23:51:54.238 /testbed/src/flask/app.py:1077 flask.app.Flask.ensure_sync event=line locals={}
2026-08-22 23:51:54.238 /testbed/src/flask/app.py:1077 flask.app.Flask.ensure_sync event=return retval=<function TestIndirectExceptionCallGraph.test_generated_requests_exercise_error_pipeline.<locals>.global_after at 0x71487b39c180> locals={'func': '<function TestIndirectExceptionCallGraph.test_generated_requests_exercise_error_pipeline.<locals>.global_after at 0x71487b39c180>', 'self': "<Flask 'runtime_exception_graph'>"}
2026-08-22 23:51:54.238 /testbed/src/flask/app.py:1412 flask.app.Flask.process_response event=line locals={}
2026-08-22 23:51:54.238 /testbed/src/flask/app.py:1413 flask.app.Flask.process_response event=line locals={'func': '<function TestIndirectExceptionCallGraph.test_generated_requests_exercise_error_pipeline.<locals>.global_after at 0x71487b39c040>'}
2026-08-22 23:51:54.238 /testbed/src/flask/app.py:1065 flask.app.Flask.ensure_sync event=call locals={'func': '<function TestIndirectExceptionCallGraph.test_generated_requests_exercise_error_pipeline.<locals>.global_after at 0x71487b39c040>', 'self': "<Flask 'runtime_exception_graph'>"}
2026-08-22 23:51:54.238 /testbed/src/flask/app.py:1074 flask.app.Flask.ensure_sync event=line locals={}
2026-08-22 23:51:54.238 /testbed/src/flask/app.py:1077 flask.app.Flask.ensure_sync event=line locals={}
2026-08-22 23:51:54.238 /testbed/src/flask/app.py:1077 flask.app.Flask.ensure_sync event=return retval=<function TestIndirectExceptionCallGraph.test_generated_requests_exercise_error_pipeline.<locals>.global_after at 0x71487b39c040> locals={'func': '<function TestIndirectExceptionCallGraph.test_generated_requests_exercise_error_pipeline.<locals>.global_after at 0x71487b39c040>', 'self': "<Flask 'runtime_exception_graph'>"}
2026-08-22 23:51:54.238 /testbed/src/flask/app.py:1412 flask.app.Flask.process_response event=line locals={}
2026-08-22 23:51:54.238 /testbed/src/flask/app.py:1410 flask.app.Flask.process_response event=line locals={}
2026-08-22 23:51:54.238 /testbed/src/flask/app.py:1415 flask.app.Flask.process_response event=line locals={}
2026-08-22 23:51:54.238 /testbed/src/flask/app.py:1418 flask.app.Flask.process_response event=line locals={}
2026-08-22 23:51:54.238 /testbed/src/flask/app.py:1418 flask.app.Flask.process_response event=return retval=<Response 13 bytes [500 INTERNAL SERVER ERROR]> locals={'ctx': "<AppContext 124556119352272 of runtime_exception_graph, GET 'http://localhost/generated/1'>", 'func': '<function TestIndirectExceptionCallGraph.test_generated_requests_exercise_error_pipeline.<locals>.global_after at 0x71487b39c040>', 'name': 'None', 'response': '<Response 13 bytes [500 INTERNAL SERVER ERROR]>', 'self': "<Flask 'runtime_exception_graph'>"}
2026-08-22 23:51:54.238 /testbed/src/flask/app.py:1042 flask.app.Flask.finalize_request event=line locals={}
2026-08-22 23:51:54.238 /testbed/src/flask/app.py:1043 flask.app.Flask.finalize_request event=line locals={}
2026-08-22 23:51:54.238 /testbed/src/flask/app.py:1042 flask.app.Flask.finalize_request event=line locals={}
2026-08-22 23:51:54.239 /testbed/src/flask/app.py:1051 flask.app.Flask.finalize_request event=line locals={}
2026-08-22 23:51:54.239 /testbed/src/flask/app.py:1051 flask.app.Flask.finalize_request event=return retval=<Response 13 bytes [500 INTERNAL SERVER ERROR]> locals={'ctx': "<AppContext 124556119352272 of runtime_exception_graph, GET 'http://localhost/generated/1'>", 'from_error_handler': 'True', 'response': '<Response 13 bytes [500 INTERNAL SERVER ERROR]>', 'rv': "('failure-920b9', '500 INTERNAL SERVER ERROR')", 'self': "<Flask 'runtime_exception_graph'>"}
2026-08-22 23:51:54.239 /testbed/src/flask/app.py:948 flask.app.Flask.handle_exception event=return retval=<Response 13 bytes [500 INTERNAL SERVER ERROR]> locals={'ctx': "<AppContext 124556119352272 of runtime_exception_graph, GET 'http://localhost/generated/1'>", 'e': "RuntimeError('generated failure 4fe7b')", 'exc_info': "(<class 'RuntimeError'>, RuntimeError('generated failure 4fe7b'), <traceback object at 0x71487b3fb940>)", 'handler': '<function TestIndirectExceptionCallGraph.test_generated_requests_exercise_error_pipeline.<locals>.convert_unhandled_error at 0x71487b39c720>', 'propagate': 'False', 'self': "<Flask 'runtime_exception_graph'>", 'server_error': "('failure-920b9', '500 INTERNAL SERVER ERROR')"}
2026-08-22 23:51:54.248 /testbed/src/flask/app.py:1065 flask.app.Flask.ensure_sync event=call locals={'func': '<function TestIndirectExceptionCallGraph.test_generated_requests_exercise_error_pipeline.<locals>.generated_failure at 0x71487b39c9a0>', 'self': "<Flask 'runtime_exception_graph'>"}
2026-08-22 23:51:54.248 /testbed/src/flask/app.py:1074 flask.app.Flask.ensure_sync event=line locals={}
2026-08-22 23:51:54.248 /testbed/src/flask/app.py:1077 flask.app.Flask.ensure_sync event=line locals={}
2026-08-22 23:51:54.248 /testbed/src/flask/app.py:1077 flask.app.Flask.ensure_sync event=return retval=<function TestIndirectExceptionCallGraph.test_generated_requests_exercise_error_pipeline.<locals>.generated_failure at 0x71487b39c9a0> locals={'func': '<function TestIndirectExceptionCallGraph.test_generated_requests_exercise_error_pipeline.<locals>.generated_failure at 0x71487b39c9a0>', 'self': "<Flask 'runtime_exception_graph'>"}
2026-08-22 23:51:54.249 /testbed/src/flask/app.py:897 flask.app.Flask.handle_exception event=call locals={'ctx': "<AppContext 124556119394384 of runtime_exception_graph, GET 'http://localhost/generated/19'>", 'e': "RuntimeError('generated failure cbf38')", 'self': "<Flask 'runtime_exception_graph'>"}
2026-08-22 23:51:54.249 /testbed/src/flask/app.py:925 flask.app.Flask.handle_exception event=line locals={}
2026-08-22 23:51:54.249 /testbed/src/flask/app.py:926 flask.app.Flask.handle_exception event=line locals={'exc_info': "(<class 'RuntimeError'>, RuntimeError('generated failure cbf38'), <traceback object at 0x71487b405500>)"}
2026-08-22 23:51:54.249 /testbed/src/flask/app.py:927 flask.app.Flask.handle_exception event=line locals={}
2026-08-22 23:51:54.249 /testbed/src/flask/app.py:929 flask.app.Flask.handle_exception event=line locals={'propagate': 'False'}
2026-08-22 23:51:54.249 /testbed/src/flask/app.py:932 flask.app.Flask.handle_exception event=line locals={}
2026-08-22 23:51:54.249 /testbed/src/flask/app.py:940 flask.app.Flask.handle_exception event=line locals={}
2026-08-22 23:51:54.249 /testbed/src/flask/app.py:950 flask.app.Flask.log_exception event=call locals={'ctx': "<AppContext 124556119394384 of runtime_exception_graph, GET 'http://localhost/generated/19'>", 'exc_info': "(<class 'RuntimeError'>, RuntimeError('generated failure cbf38'), <traceback object at 0x71487b405500>)", 'self': "<Flask 'runtime_exception_graph'>"}
2026-08-22 23:51:54.249 /testbed/src/flask/app.py:962 flask.app.Flask.log_exception event=line locals={}
2026-08-22 23:51:54.249 /testbed/src/flask/app.py:963 flask.app.Flask.log_exception event=line locals={}
2026-08-22 23:51:54.249 /testbed/src/flask/app.py:962 flask.app.Flask.log_exception event=line locals={}
2026-08-22 23:51:54.250 /testbed/src/flask/app.py:962 flask.app.Flask.log_exception event=return retval=None locals={'ctx': "<AppContext 124556119394384 of runtime_exception_graph, GET 'http://localhost/generated/19'>", 'exc_info': "(<class 'RuntimeError'>, RuntimeError('generated failure cbf38'), <traceback object at 0x71487b405500>)", 'self': "<Flask 'runtime_exception_graph'>"}
2026-08-22 23:51:54.250 /testbed/src/flask/app.py:942 flask.app.Flask.handle_exception event=line locals={}
2026-08-22 23:51:54.250 /testbed/src/flask/app.py:943 flask.app.Flask.handle_exception event=line locals={'server_error': "<InternalServerError '500: Internal Server Error'>"}
2026-08-22 23:51:54.250 /testbed/src/flask/app.py:945 flask.app.Flask.handle_exception event=line locals={'handler': '<function TestIndirectExceptionCallGraph.test_generated_requests_exercise_error_pipeline.<locals>.convert_unhandled_error at 0x71487b39c720>'}
2026-08-22 23:51:54.250 /testbed/src/flask/app.py:946 flask.app.Flask.handle_exception event=line locals={}
2026-08-22 23:51:54.250 /testbed/src/flask/app.py:1065 flask.app.Flask.ensure_sync event=call locals={'func': '<function TestIndirectExceptionCallGraph.test_generated_requests_exercise_error_pipeline.<locals>.convert_unhandled_error at 0x71487b39c720>', 'self': "<Flask 'runtime_exception_graph'>"}
2026-08-22 23:51:54.250 /testbed/src/flask/app.py:1074 flask.app.Flask.ensure_sync event=line locals={}
2026-08-22 23:51:54.250 /testbed/src/flask/app.py:1077 flask.app.Flask.ensure_sync event=line locals={}
2026-08-22 23:51:54.250 /testbed/src/flask/app.py:1077 flask.app.Flask.ensure_sync event=return retval=<function TestIndirectExceptionCallGraph.test_generated_requests_exercise_error_pipeline.<locals>.convert_unhandled_error at 0x71487b39c720> locals={'func': '<function TestIndirectExceptionCallGraph.test_generated_requests_exercise_error_pipeline.<locals>.convert_unhandled_error at 0x71487b39c720>', 'self': "<Flask 'runtime_exception_graph'>"}
2026-08-22 23:51:54.250 /testbed/src/flask/app.py:948 flask.app.Flask.handle_exception event=line locals={'server_error': "({'checksum': 747064, 'mode': 0}, 500)"}
2026-08-22 23:51:54.250 /testbed/src/flask/app.py:1021 flask.app.Flask.finalize_request event=call locals={'ctx': "<AppContext 124556119394384 of runtime_exception_graph, GET 'http://localhost/generated/19'>", 'from_error_handler': 'True', 'rv': "({'checksum': 747064, 'mode': 0}, 500)", 'self': "<Flask 'runtime_exception_graph'>"}
2026-08-22 23:51:54.250 /testbed/src/flask/app.py:1039 flask.app.Flask.finalize_request event=line locals={}
2026-08-22 23:51:54.250 /testbed/src/flask/app.py:1224 flask.app.Flask.make_response event=call locals={'rv': "({'checksum': 747064, 'mode': 0}, 500)", 'self': "<Flask 'runtime_exception_graph'>"}
2026-08-22 23:51:54.250 /testbed/src/flask/app.py:1281 flask.app.Flask.make_response event=line locals={}
2026-08-22 23:51:54.250 /testbed/src/flask/app.py:1282 flask.app.Flask.make_response event=line locals={'status': 'None'}
2026-08-22 23:51:54.250 /testbed/src/flask/app.py:1285 flask.app.Flask.make_response event=line locals={'headers': 'None'}
2026-08-22 23:51:54.250 /testbed/src/flask/app.py:1286 flask.app.Flask.make_response event=line locals={}
2026-08-22 23:51:54.250 /testbed/src/flask/app.py:1289 flask.app.Flask.make_response event=line locals={'len_rv': '2'}
2026-08-22 23:51:54.250 /testbed/src/flask/app.py:1292 flask.app.Flask.make_response event=line locals={}
2026-08-22 23:51:54.250 /testbed/src/flask/app.py:1293 flask.app.Flask.make_response event=line locals={}
2026-08-22 23:51:54.250 /testbed/src/flask/app.py:1296 flask.app.Flask.make_response event=line locals={}
2026-08-22 23:51:54.250 /testbed/src/flask/app.py:1306 flask.app.Flask.make_response event=line locals={'rv': "{'checksum': 747064, 'mode': 0}", 'status': '500'}
2026-08-22 23:51:54.250 /testbed/src/flask/app.py:1314 flask.app.Flask.make_response event=line locals={}
2026-08-22 23:51:54.250 /testbed/src/flask/app.py:1315 flask.app.Flask.make_response event=line locals={}
2026-08-22 23:51:54.250 /testbed/src/flask/app.py:1325 flask.app.Flask.make_response event=line locals={}
2026-08-22 23:51:54.250 /testbed/src/flask/app.py:1326 flask.app.Flask.make_response event=line locals={}
2026-08-22 23:51:54.251 /testbed/src/flask/app.py:1352 flask.app.Flask.make_response event=line locals={'rv': '<Response 29 bytes [200 OK]>'}
2026-08-22 23:51:54.251 /testbed/src/flask/app.py:1354 flask.app.Flask.make_response event=line locals={}
2026-08-22 23:51:54.251 /testbed/src/flask/app.py:1355 flask.app.Flask.make_response event=line locals={}
2026-08-22 23:51:54.251 /testbed/src/flask/app.py:1358 flask.app.Flask.make_response event=line locals={}
2026-08-22 23:51:54.251 /testbed/src/flask/app.py:1361 flask.app.Flask.make_response event=line locals={'rv': '<Response 29 bytes [500 INTERNAL SERVER ERROR]>'}
2026-08-22 23:51:54.251 /testbed/src/flask/app.py:1364 flask.app.Flask.make_response event=line locals={}
2026-08-22 23:51:54.251 /testbed/src/flask/app.py:1364 flask.app.Flask.make_response event=return retval=<Response 29 bytes [500 INTERNAL SERVER ERROR]> locals={'headers': 'None', 'len_rv': '2', 'rv': '<Response 29 bytes [500 INTERNAL SERVER ERROR]>', 'self': "<Flask 'runtime_exception_graph'>", 'status': '500'}
2026-08-22 23:51:54.251 /testbed/src/flask/app.py:1040 flask.app.Flask.finalize_request event=line locals={'response': '<Response 29 bytes [500 INTERNAL SERVER ERROR]>'}
2026-08-22 23:51:54.251 /testbed/src/flask/app.py:1041 flask.app.Flask.finalize_request event=line locals={}
2026-08-22 23:51:54.251 /testbed/src/flask/app.py:1394 flask.app.Flask.process_response event=call locals={'ctx': "<AppContext 124556119394384 of runtime_exception_graph, GET 'http://localhost/generated/19'>", 'response': '<Response 29 bytes [500 INTERNAL SERVER ERROR]>', 'self': "<Flask 'runtime_exception_graph'>"}
2026-08-22 23:51:54.251 /testbed/src/flask/app.py:1407 flask.app.Flask.process_response event=line locals={}
2026-08-22 23:51:54.251 /testbed/src/flask/app.py:1408 flask.app.Flask.process_response event=line locals={'func': '<function TestIndirectExceptionCallGraph.test_generated_requests_exercise_error_pipeline.<locals>.generated_failure.<locals>.local_after at 0x71487b3bd4e0>'}
2026-08-22 23:51:54.251 /testbed/src/flask/app.py:1065 flask.app.Flask.ensure_sync event=call locals={'func': '<function TestIndirectExceptionCallGraph.test_generated_requests_exercise_error_pipeline.<locals>.generated_failure.<locals>.local_after at 0x71487b3bd4e0>', 'self': "<Flask 'runtime_exception_graph'>"}
2026-08-22 23:51:54.251 /testbed/src/flask/app.py:1074 flask.app.Flask.ensure_sync event=line locals={}
2026-08-22 23:51:54.251 /testbed/src/flask/app.py:1077 flask.app.Flask.ensure_sync event=line locals={}
2026-08-22 23:51:54.251 /testbed/src/flask/app.py:1077 flask.app.Flask.ensure_sync event=return retval=<function TestIndirectExceptionCallGraph.test_generated_requests_exercise_error_pipeline.<locals>.generated_failure.<locals>.local_after at 0x71487b3bd4e0> locals={'func': '<function TestIndirectExceptionCallGraph.test_generated_requests_exercise_error_pipeline.<locals>.generated_failure.<locals>.local_after at 0x71487b3bd4e0>', 'self': "<Flask 'runtime_exception_graph'>"}
2026-08-22 23:51:54.251 /testbed/src/flask/app.py:1407 flask.app.Flask.process_response event=line locals={}
2026-08-22 23:51:54.251 /testbed/src/flask/app.py:1408 flask.app.Flask.process_response event=line locals={'func': '<function TestIndirectExceptionCallGraph.test_generated_requests_exercise_error_pipeline.<locals>.generated_failure.<locals>.local_after at 0x71487b3bd580>'}
2026-08-22 23:51:54.251 /testbed/src/flask/app.py:1065 flask.app.Flask.ensure_sync event=call locals={'func': '<function TestIndirectExceptionCallGraph.test_generated_requests_exercise_error_pipeline.<locals>.generated_failure.<locals>.local_after at 0x71487b3bd580>', 'self': "<Flask 'runtime_exception_graph'>"}
2026-08-22 23:51:54.251 /testbed/src/flask/app.py:1074 flask.app.Flask.ensure_sync event=line locals={}
2026-08-22 23:51:54.251 /testbed/src/flask/app.py:1077 flask.app.Flask.ensure_sync event=line locals={}
2026-08-22 23:51:54.251 /testbed/src/flask/app.py:1077 flask.app.Flask.ensure_sync event=return retval=<function TestIndirectExceptionCallGraph.test_generated_requests_exercise_error_pipeline.<locals>.generated_failure.<locals>.local_after at 0x71487b3bd580> locals={'func': '<function TestIndirectExceptionCallGraph.test_generated_requests_exercise_error_pipeline.<locals>.generated_failure.<locals>.local_after at 0x71487b3bd580>', 'self': "<Flask 'runtime_exception_graph'>"}
2026-08-22 23:51:54.251 /testbed/src/flask/app.py:1407 flask.app.Flask.process_response event=line locals={}
2026-08-22 23:51:54.251 /testbed/src/flask/app.py:1408 flask.app.Flask.process_response event=line locals={'func': '<function TestIndirectExceptionCallGraph.test_generated_requests_exercise_error_pipeline.<locals>.generated_failure.<locals>.local_after at 0x71487b3bd620>'}
2026-08-22 23:51:54.251 /testbed/src/flask/app.py:1065 flask.app.Flask.ensure_sync event=call locals={'func': '<function TestIndirectExceptionCallGraph.test_generated_requests_exercise_error_pipeline.<locals>.generated_failure.<locals>.local_after at 0x71487b3bd620>', 'self': "<Flask 'runtime_exception_graph'>"}
2026-08-22 23:51:54.251 /testbed/src/flask/app.py:1074 flask.app.Flask.ensure_sync event=line locals={}
2026-08-22 23:51:54.251 /testbed/src/flask/app.py:1077 flask.app.Flask.ensure_sync event=line locals={}
2026-08-22 23:51:54.251 /testbed/src/flask/app.py:1077 flask.app.Flask.ensure_sync event=return retval=<function TestIndirectExceptionCallGraph.test_generated_requests_exercise_error_pipeline.<locals>.generated_failure.<locals>.local_after at 0x71487b3bd620> locals={'func': '<function TestIndirectExceptionCallGraph.test_generated_requests_exercise_error_pipeline.<locals>.generated_failure.<locals>.local_after at 0x71487b3bd620>', 'self': "<Flask 'runtime_exception_graph'>"}
2026-08-22 23:51:54.252 /testbed/src/flask/app.py:1407 flask.app.Flask.process_response event=line locals={}
2026-08-22 23:51:54.252 /testbed/src/flask/app.py:1408 flask.app.Flask.process_response event=line locals={'func': '<function TestIndirectExceptionCallGraph.test_generated_requests_exercise_error_pipeline.<locals>.generated_failure.<locals>.local_after at 0x71487b3bce00>'}
2026-08-22 23:51:54.252 /testbed/src/flask/app.py:1065 flask.app.Flask.ensure_sync event=call locals={'func': '<function TestIndirectExceptionCallGraph.test_generated_requests_exercise_error_pipeline.<locals>.generated_failure.<locals>.local_after at 0x71487b3bce00>', 'self': "<Flask 'runtime_exception_graph'>"}
2026-08-22 23:51:54.252 /testbed/src/flask/app.py:1074 flask.app.Flask.ensure_sync event=line locals={}
2026-08-22 23:51:54.252 /testbed/src/flask/app.py:1077 flask.app.Flask.ensure_sync event=line locals={}
2026-08-22 23:51:54.252 /testbed/src/flask/app.py:1077 flask.app.Flask.ensure_sync event=return retval=<function TestIndirectExceptionCallGraph.test_generated_requests_exercise_error_pipeline.<locals>.generated_failure.<locals>.local_after at 0x71487b3bce00> locals={'func': '<function TestIndirectExceptionCallGraph.test_generated_requests_exercise_error_pipeline.<locals>.generated_failure.<locals>.local_after at 0x71487b3bce00>', 'self': "<Flask 'runtime_exception_graph'>"}
2026-08-22 23:51:54.252 /testbed/src/flask/app.py:1407 flask.app.Flask.process_response event=line locals={}
2026-08-22 23:51:54.252 /testbed/src/flask/app.py:1408 flask.app.Flask.process_response event=line locals={'func': '<function TestIndirectExceptionCallGraph.test_generated_requests_exercise_error_pipeline.<locals>.generated_failure.<locals>.local_after at 0x71487b3bf420>'}
2026-08-22 23:51:54.252 /testbed/src/flask/app.py:1065 flask.app.Flask.ensure_sync event=call locals={'func': '<function TestIndirectExceptionCallGraph.test_generated_requests_exercise_error_pipeline.<locals>.generated_failure.<locals>.local_after at 0x71487b3bf420>', 'self': "<Flask 'runtime_exception_graph'>"}
2026-08-22 23:51:54.252 /testbed/src/flask/app.py:1074 flask.app.Flask.ensure_sync event=line locals={}
2026-08-22 23:51:54.252 /testbed/src/flask/app.py:1077 flask.app.Flask.ensure_sync event=line locals={}
2026-08-22 23:51:54.252 /testbed/src/flask/app.py:1077 flask.app.Flask.ensure_sync event=return retval=<function TestIndirectExceptionCallGraph.test_generated_requests_exercise_error_pipeline.<locals>.generated_failure.<locals>.local_after at 0x71487b3bf420> locals={'func': '<function TestIndirectExceptionCallGraph.test_generated_requests_exercise_error_pipeline.<locals>.generated_failure.<locals>.local_after at 0x71487b3bf420>', 'self': "<Flask 'runtime_exception_graph'>"}
2026-08-22 23:51:54.252 /testbed/src/flask/app.py:1407 flask.app.Flask.process_response event=line locals={}
2026-08-22 23:51:54.252 /testbed/src/flask/app.py:1408 flask.app.Flask.process_response event=line locals={'func': '<function TestIndirectExceptionCallGraph.test_generated_requests_exercise_error_pipeline.<locals>.generated_failure.<locals>.local_after at 0x71487b3bd6c0>'}
2026-08-22 23:51:54.252 /testbed/src/flask/app.py:1065 flask.app.Flask.ensure_sync event=call locals={'func': '<function TestIndirectExceptionCallGraph.test_generated_requests_exercise_error_pipeline.<locals>.generated_failure.<locals>.local_after at 0x71487b3bd6c0>', 'self': "<Flask 'runtime_exception_graph'>"}
2026-08-22 23:51:54.252 /testbed/src/flask/app.py:1074 flask.app.Flask.ensure_sync event=line locals={}
2026-08-22 23:51:54.252 /testbed/src/flask/app.py:1077 flask.app.Flask.ensure_sync event=line locals={}
2026-08-22 23:51:54.252 /testbed/src/flask/app.py:1077 flask.app.Flask.ensure_sync event=return retval=<function TestIndirectExceptionCallGraph.test_generated_requests_exercise_error_pipeline.<locals>.generated_failure.<locals>.local_after at 0x71487b3bd6c0> locals={'func': '<function TestIndirectExceptionCallGraph.test_generated_requests_exercise_error_pipeline.<locals>.generated_failure.<locals>.local_after at 0x71487b3bd6c0>', 'self': "<Flask 'runtime_exception_graph'>"}
2026-08-22 23:51:54.252 /testbed/src/flask/app.py:1407 flask.app.Flask.process_response event=line locals={}
2026-08-22 23:51:54.252 /testbed/src/flask/app.py:1408 flask.app.Flask.process_response event=line locals={'func': '<function TestIndirectExceptionCallGraph.test_generated_requests_exercise_error_pipeline.<locals>.generated_failure.<locals>.local_after at 0x71487b3bdee0>'}
2026-08-22 23:51:54.252 /testbed/src/flask/app.py:1065 flask.app.Flask.ensure_sync event=call locals={'func': '<function TestIndirectExceptionCallGraph.test_generated_requests_exercise_error_pipeline.<locals>.generated_failure.<locals>.local_after at 0x71487b3bdee0>', 'self': "<Flask 'runtime_exception_graph'>"}
2026-08-22 23:51:54.252 /testbed/src/flask/app.py:1074 flask.app.Flask.ensure_sync event=line locals={}
2026-08-22 23:51:54.252 /testbed/src/flask/app.py:1077 flask.app.Flask.ensure_sync event=line locals={}
2026-08-22 23:51:54.252 /testbed/src/flask/app.py:1077 flask.app.Flask.ensure_sync event=return retval=<function TestIndirectExceptionCallGraph.test_generated_requests_exercise_error_pipeline.<locals>.generated_failure.<locals>.local_after at 0x71487b3bdee0> locals={'func': '<function TestIndirectExceptionCallGraph.test_generated_requests_exercise_error_pipeline.<locals>.generated_failure.<locals>.local_after at 0x71487b3bdee0>', 'self': "<Flask 'runtime_exception_graph'>"}
2026-08-22 23:51:54.252 /testbed/src/flask/app.py:1407 flask.app.Flask.process_response event=line locals={}
2026-08-22 23:51:54.252 /testbed/src/flask/app.py:1408 flask.app.Flask.process_response event=line locals={'func': '<function TestIndirectExceptionCallGraph.test_generated_requests_exercise_error_pipeline.<locals>.generated_failure.<locals>.local_after at 0x71487b3bdbc0>'}
2026-08-22 23:51:54.252 /testbed/src/flask/app.py:1065 flask.app.Flask.ensure_sync event=call locals={'func': '<function TestIndirectExceptionCallGraph.test_generated_requests_exercise_error_pipeline.<locals>.generated_failure.<locals>.local_after at 0x71487b3bdbc0>', 'self': "<Flask 'runtime_exception_graph'>"}
2026-08-22 23:51:54.252 /testbed/src/flask/app.py:1074 flask.app.Flask.ensure_sync event=line locals={}
2026-08-22 23:51:54.252 /testbed/src/flask/app.py:1077 flask.app.Flask.ensure_sync event=line locals={}
2026-08-22 23:51:54.252 /testbed/src/flask/app.py:1077 flask.app.Flask.ensure_sync event=return retval=<function TestIndirectExceptionCallGraph.test_generated_requests_exercise_error_pipeline.<locals>.generated_failure.<locals>.local_after at 0x71487b3bdbc0> locals={'func': '<function TestIndirectExceptionCallGraph.test_generated_requests_exercise_error_pipeline.<locals>.generated_failure.<locals>.local_after at 0x71487b3bdbc0>', 'self': "<Flask 'runtime_exception_graph'>"}
2026-08-22 23:51:54.252 /testbed/src/flask/app.py:1407 flask.app.Flask.process_response event=line locals={}
2026-08-22 23:51:54.252 /testbed/src/flask/app.py:1408 flask.app.Flask.process_response event=line locals={'func': '<function TestIndirectExceptionCallGraph.test_generated_requests_exercise_error_pipeline.<locals>.generated_failure.<locals>.local_after at 0x71487b3be0c0>'}
2026-08-22 23:51:54.252 /testbed/src/flask/app.py:1065 flask.app.Flask.ensure_sync event=call locals={'func': '<function TestIndirectExceptionCallGraph.test_generated_requests_exercise_error_pipeline.<locals>.generated_failure.<locals>.local_after at 0x71487b3be0c0>', 'self': "<Flask 'runtime_exception_graph'>"}
2026-08-22 23:51:54.252 /testbed/src/flask/app.py:1074 flask.app.Flask.ensure_sync event=line locals={}
2026-08-22 23:51:54.252 /testbed/src/flask/app.py:1077 flask.app.Flask.ensure_sync event=line locals={}
2026-08-22 23:51:54.252 /testbed/src/flask/app.py:1077 flask.app.Flask.ensure_sync event=return retval=<function TestIndirectExceptionCallGraph.test_generated_requests_exercise_error_pipeline.<locals>.generated_failure.<locals>.local_after at 0x71487b3be0c0> locals={'func': '<function TestIndirectExceptionCallGraph.test_generated_requests_exercise_error_pipeline.<locals>.generated_failure.<locals>.local_after at 0x71487b3be0c0>', 'self': "<Flask 'runtime_exception_graph'>"}
2026-08-22 23:51:54.252 /testbed/src/flask/app.py:1407 flask.app.Flask.process_response event=line locals={}
2026-08-22 23:51:54.252 /testbed/src/flask/app.py:1408 flask.app.Flask.process_response event=line locals={'func': '<function TestIndirectExceptionCallGraph.test_generated_requests_exercise_error_pipeline.<locals>.generated_failure.<locals>.local_after at 0x71487b3be160>'}
2026-08-22 23:51:54.252 /testbed/src/flask/app.py:1065 flask.app.Flask.ensure_sync event=call locals={'func': '<function TestIndirectExceptionCallGraph.test_generated_requests_exercise_error_pipeline.<locals>.generated_failure.<locals>.local_after at 0x71487b3be160>', 'self': "<Flask 'runtime_exception_graph'>"}
2026-08-22 23:51:54.252 /testbed/src/flask/app.py:1074 flask.app.Flask.ensure_sync event=line locals={}
2026-08-22 23:51:54.252 /testbed/src/flask/app.py:1077 flask.app.Flask.ensure_sync event=line locals={}
2026-08-22 23:51:54.252 /testbed/src/flask/app.py:1077 flask.app.Flask.ensure_sync event=return retval=<function TestIndirectExceptionCallGraph.test_generated_requests_exercise_error_pipeline.<locals>.generated_failure.<locals>.local_after at 0x71487b3be160> locals={'func': '<function TestIndirectExceptionCallGraph.test_generated_requests_exercise_error_pipeline.<locals>.generated_failure.<locals>.local_after at 0x71487b3be160>', 'self': "<Flask 'runtime_exception_graph'>"}
2026-08-22 23:51:54.253 /testbed/src/flask/app.py:1407 flask.app.Flask.process_response event=line locals={}
2026-08-22 23:51:54.253 /testbed/src/flask/app.py:1410 flask.app.Flask.process_response event=line locals={}
2026-08-22 23:51:54.253 /testbed/src/flask/app.py:1411 flask.app.Flask.process_response event=line locals={'name': 'None'}
2026-08-22 23:51:54.253 /testbed/src/flask/app.py:1412 flask.app.Flask.process_response event=line locals={}
2026-08-22 23:51:54.253 /testbed/src/flask/app.py:1413 flask.app.Flask.process_response event=line locals={'func': '<function TestIndirectExceptionCallGraph.test_generated_requests_exercise_error_pipeline.<locals>.global_after at 0x71487b39c5e0>'}
2026-08-22 23:51:54.253 /testbed/src/flask/app.py:1065 flask.app.Flask.ensure_sync event=call locals={'func': '<function TestIndirectExceptionCallGraph.test_generated_requests_exercise_error_pipeline.<locals>.global_after at 0x71487b39c5e0>', 'self': "<Flask 'runtime_exception_graph'>"}
2026-08-22 23:51:54.253 /testbed/src/flask/app.py:1074 flask.app.Flask.ensure_sync event=line locals={}
2026-08-22 23:51:54.253 /testbed/src/flask/app.py:1077 flask.app.Flask.ensure_sync event=line locals={}
2026-08-22 23:51:54.253 /testbed/src/flask/app.py:1077 flask.app.Flask.ensure_sync event=return retval=<function TestIndirectExceptionCallGraph.test_generated_requests_exercise_error_pipeline.<locals>.global_after at 0x71487b39c5e0> locals={'func': '<function TestIndirectExceptionCallGraph.test_generated_requests_exercise_error_pipeline.<locals>.global_after at 0x71487b39c5e0>', 'self': "<Flask 'runtime_exception_graph'>"}
2026-08-22 23:51:54.253 /testbed/src/flask/app.py:1412 flask.app.Flask.process_response event=line locals={}
2026-08-22 23:51:54.253 /testbed/src/flask/app.py:1413 flask.app.Flask.process_response event=line locals={'func': '<function TestIndirectExceptionCallGraph.test_generated_requests_exercise_error_pipeline.<locals>.global_after at 0x71487b39c540>'}
2026-08-22 23:51:54.253 /testbed/src/flask/app.py:1065 flask.app.Flask.ensure_sync event=call locals={'func': '<function TestIndirectExceptionCallGraph.test_generated_requests_exercise_error_pipeline.<locals>.global_after at 0x71487b39c540>', 'self': "<Flask 'runtime_exception_graph'>"}
2026-08-22 23:51:54.253 /testbed/src/flask/app.py:1074 flask.app.Flask.ensure_sync event=line locals={}
2026-08-22 23:51:54.253 /testbed/src/flask/app.py:1077 flask.app.Flask.ensure_sync event=line locals={}
2026-08-22 23:51:54.253 /testbed/src/flask/app.py:1077 flask.app.Flask.ensure_sync event=return retval=<function TestIndirectExceptionCallGraph.test_generated_requests_exercise_error_pipeline.<locals>.global_after at 0x71487b39c540> locals={'func': '<function TestIndirectExceptionCallGraph.test_generated_requests_exercise_error_pipeline.<locals>.global_after at 0x71487b39c540>', 'self': "<Flask 'runtime_exception_graph'>"}
2026-08-22 23:51:54.253 /testbed/src/flask/app.py:1412 flask.app.Flask.process_response event=line locals={}
2026-08-22 23:51:54.253 /testbed/src/flask/app.py:1413 flask.app.Flask.process_response event=line locals={'func': '<function TestIndirectExceptionCallGraph.test_generated_requests_exercise_error_pipeline.<locals>.global_after at 0x71487b39c4a0>'}
2026-08-22 23:51:54.253 /testbed/src/flask/app.py:1065 flask.app.Flask.ensure_sync event=call locals={'func': '<function TestIndirectExceptionCallGraph.test_generated_requests_exercise_error_pipeline.<locals>.global_after at 0x71487b39c4a0>', 'self': "<Flask 'runtime_exception_graph'>"}
2026-08-22 23:51:54.253 /testbed/src/flask/app.py:1074 flask.app.Flask.ensure_sync event=line locals={}
2026-08-22 23:51:54.253 /testbed/src/flask/app.py:1077 flask.app.Flask.ensure_sync event=line locals={}
2026-08-22 23:51:54.253 /testbed/src/flask/app.py:1077 flask.app.Flask.ensure_sync event=return retval=<function TestIndirectExceptionCallGraph.test_generated_requests_exercise_error_pipeline.<locals>.global_after at 0x71487b39c4a0> locals={'func': '<function TestIndirectExceptionCallGraph.test_generated_requests_exercise_error_pipeline.<locals>.global_after at 0x71487b39c4a0>', 'self': "<Flask 'runtime_exception_graph'>"}
2026-08-22 23:51:54.253 /testbed/src/flask/app.py:1412 flask.app.Flask.process_response event=line locals={}
2026-08-22 23:51:54.253 /testbed/src/flask/app.py:1413 flask.app.Flask.process_response event=line locals={'func': '<function TestIndirectExceptionCallGraph.test_generated_requests_exercise_error_pipeline.<locals>.global_after at 0x71487b39c400>'}
2026-08-22 23:51:54.253 /testbed/src/flask/app.py:1065 flask.app.Flask.ensure_sync event=call locals={'func': '<function TestIndirectExceptionCallGraph.test_generated_requests_exercise_error_pipeline.<locals>.global_after at 0x71487b39c400>', 'self': "<Flask 'runtime_exception_graph'>"}
2026-08-22 23:51:54.253 /testbed/src/flask/app.py:1074 flask.app.Flask.ensure_sync event=line locals={}
2026-08-22 23:51:54.253 /testbed/src/flask/app.py:1077 flask.app.Flask.ensure_sync event=line locals={}
2026-08-22 23:51:54.253 /testbed/src/flask/app.py:1077 flask.app.Flask.ensure_sync event=return retval=<function TestIndirectExceptionCallGraph.test_generated_requests_exercise_error_pipeline.<locals>.global_after at 0x71487b39c400> locals={'func': '<function TestIndirectExceptionCallGraph.test_generated_requests_exercise_error_pipeline.<locals>.global_after at 0x71487b39c400>', 'self': "<Flask 'runtime_exception_graph'>"}
2026-08-22 23:51:54.253 /testbed/src/flask/app.py:1412 flask.app.Flask.process_response event=line locals={}
2026-08-22 23:51:54.253 /testbed/src/flask/app.py:1413 flask.app.Flask.process_response event=line locals={'func': '<function TestIndirectExceptionCallGraph.test_generated_requests_exercise_error_pipeline.<locals>.global_after at 0x71487b39c360>'}
2026-08-22 23:51:54.253 /testbed/src/flask/app.py:1065 flask.app.Flask.ensure_sync event=call locals={'func': '<function TestIndirectExceptionCallGraph.test_generated_requests_exercise_error_pipeline.<locals>.global_after at 0x71487b39c360>', 'self': "<Flask 'runtime_exception_graph'>"}
2026-08-22 23:51:54.253 /testbed/src/flask/app.py:1074 flask.app.Flask.ensure_sync event=line locals={}
2026-08-22 23:51:54.253 /testbed/src/flask/app.py:1077 flask.app.Flask.ensure_sync event=line locals={}
2026-08-22 23:51:54.253 /testbed/src/flask/app.py:1077 flask.app.Flask.ensure_sync event=return retval=<function TestIndirectExceptionCallGraph.test_generated_requests_exercise_error_pipeline.<locals>.global_after at 0x71487b39c360> locals={'func': '<function TestIndirectExceptionCallGraph.test_generated_requests_exercise_error_pipeline.<locals>.global_after at 0x71487b39c360>', 'self': "<Flask 'runtime_exception_graph'>"}
2026-08-22 23:51:54.253 /testbed/src/flask/app.py:1412 flask.app.Flask.process_response event=line locals={}
2026-08-22 23:51:54.253 /testbed/src/flask/app.py:1413 flask.app.Flask.process_response event=line locals={'func': '<function TestIndirectExceptionCallGraph.test_generated_requests_exercise_error_pipeline.<locals>.global_after at 0x71487b39c2c0>'}
2026-08-22 23:51:54.253 /testbed/src/flask/app.py:1065 flask.app.Flask.ensure_sync event=call locals={'func': '<function TestIndirectExceptionCallGraph.test_generated_requests_exercise_error_pipeline.<locals>.global_after at 0x71487b39c2c0>', 'self': "<Flask 'runtime_exception_graph'>"}
2026-08-22 23:51:54.253 /testbed/src/flask/app.py:1074 flask.app.Flask.ensure_sync event=line locals={}
2026-08-22 23:51:54.253 /testbed/src/flask/app.py:1077 flask.app.Flask.ensure_sync event=line locals={}
2026-08-22 23:51:54.253 /testbed/src/flask/app.py:1077 flask.app.Flask.ensure_sync event=return retval=<function TestIndirectExceptionCallGraph.test_generated_requests_exercise_error_pipeline.<locals>.global_after at 0x71487b39c2c0> locals={'func': '<function TestIndirectExceptionCallGraph.test_generated_requests_exercise_error_pipeline.<locals>.global_after at 0x71487b39c2c0>', 'self': "<Flask 'runtime_exception_graph'>"}
2026-08-22 23:51:54.253 /testbed/src/flask/app.py:1412 flask.app.Flask.process_response event=line locals={}
2026-08-22 23:51:54.253 /testbed/src/flask/app.py:1413 flask.app.Flask.process_response event=line locals={'func': '<function TestIndirectExceptionCallGraph.test_generated_requests_exercise_error_pipeline.<locals>.global_after at 0x71487b39c220>'}
2026-08-22 23:51:54.253 /testbed/src/flask/app.py:1065 flask.app.Flask.ensure_sync event=call locals={'func': '<function TestIndirectExceptionCallGraph.test_generated_requests_exercise_error_pipeline.<locals>.global_after at 0x71487b39c220>', 'self': "<Flask 'runtime_exception_graph'>"}
2026-08-22 23:51:54.253 /testbed/src/flask/app.py:1074 flask.app.Flask.ensure_sync event=line locals={}
2026-08-22 23:51:54.254 /testbed/src/flask/app.py:1077 flask.app.Flask.ensure_sync event=line locals={}
2026-08-22 23:51:54.254 /testbed/src/flask/app.py:1077 flask.app.Flask.ensure_sync event=return retval=<function TestIndirectExceptionCallGraph.test_generated_requests_exercise_error_pipeline.<locals>.global_after at 0x71487b39c220> locals={'func': '<function TestIndirectExceptionCallGraph.test_generated_requests_exercise_error_pipeline.<locals>.global_after at 0x71487b39c220>', 'self': "<Flask 'runtime_exception_graph'>"}
2026-08-22 23:51:54.254 /testbed/src/flask/app.py:1412 flask.app.Flask.process_response event=line locals={}
2026-08-22 23:51:54.254 /testbed/src/flask/app.py:1413 flask.app.Flask.process_response event=line locals={'func': '<function TestIndirectExceptionCallGraph.test_generated_requests_exercise_error_pipeline.<locals>.global_after at 0x71487b39c180>'}
2026-08-22 23:51:54.254 /testbed/src/flask/app.py:1065 flask.app.Flask.ensure_sync event=call locals={'func': '<function TestIndirectExceptionCallGraph.test_generated_requests_exercise_error_pipeline.<locals>.global_after at 0x71487b39c180>', 'self': "<Flask 'runtime_exception_graph'>"}
2026-08-22 23:51:54.254 /testbed/src/flask/app.py:1074 flask.app.Flask.ensure_sync event=line locals={}
2026-08-22 23:51:54.254 /testbed/src/flask/app.py:1077 flask.app.Flask.ensure_sync event=line locals={}
2026-08-22 23:51:54.254 /testbed/src/flask/app.py:1077 flask.app.Flask.ensure_sync event=return retval=<function TestIndirectExceptionCallGraph.test_generated_requests_exercise_error_pipeline.<locals>.global_after at 0x71487b39c180> locals={'func': '<function TestIndirectExceptionCallGraph.test_generated_requests_exercise_error_pipeline.<locals>.global_after at 0x71487b39c180>', 'self': "<Flask 'runtime_exception_graph'>"}
2026-08-22 23:51:54.254 /testbed/src/flask/app.py:1412 flask.app.Flask.process_response event=line locals={}
2026-08-22 23:51:54.254 /testbed/src/flask/app.py:1413 flask.app.Flask.process_response event=line locals={'func': '<function TestIndirectExceptionCallGraph.test_generated_requests_exercise_error_pipeline.<locals>.global_after at 0x71487b39c040>'}
2026-08-22 23:51:54.254 /testbed/src/flask/app.py:1065 flask.app.Flask.ensure_sync event=call locals={'func': '<function TestIndirectExceptionCallGraph.test_generated_requests_exercise_error_pipeline.<locals>.global_after at 0x71487b39c040>', 'self': "<Flask 'runtime_exception_graph'>"}
2026-08-22 23:51:54.254 /testbed/src/flask/app.py:1074 flask.app.Flask.ensure_sync event=line locals={}
2026-08-22 23:51:54.254 /testbed/src/flask/app.py:1077 flask.app.Flask.ensure_sync event=line locals={}
2026-08-22 23:51:54.254 /testbed/src/flask/app.py:1077 flask.app.Flask.ensure_sync event=return retval=<function TestIndirectExceptionCallGraph.test_generated_requests_exercise_error_pipeline.<locals>.global_after at 0x71487b39c040> locals={'func': '<function TestIndirectExceptionCallGraph.test_generated_requests_exercise_error_pipeline.<locals>.global_after at 0x71487b39c040>', 'self': "<Flask 'runtime_exception_graph'>"}
2026-08-22 23:51:54.254 /testbed/src/flask/app.py:1412 flask.app.Flask.process_response event=line locals={}
2026-08-22 23:51:54.254 /testbed/src/flask/app.py:1410 flask.app.Flask.process_response event=line locals={}
2026-08-22 23:51:54.254 /testbed/src/flask/app.py:1415 flask.app.Flask.process_response event=line locals={}
2026-08-22 23:51:54.254 /testbed/src/flask/app.py:1418 flask.app.Flask.process_response event=line locals={}
2026-08-22 23:51:54.254 /testbed/src/flask/app.py:1418 flask.app.Flask.process_response event=return retval=<Response 29 bytes [500 INTERNAL SERVER ERROR]> locals={'ctx': "<AppContext 124556119394384 of runtime_exception_graph, GET 'http://localhost/generated/19'>", 'func': '<function TestIndirectExceptionCallGraph.test_generated_requests_exercise_error_pipeline.<locals>.global_after at 0x71487b39c040>', 'name': 'None', 'response': '<Response 29 bytes [500 INTERNAL SERVER ERROR]>', 'self': "<Flask 'runtime_exception_graph'>"}
2026-08-22 23:51:54.254 /testbed/src/flask/app.py:1042 flask.app.Flask.finalize_request event=line locals={}
2026-08-22 23:51:54.254 /testbed/src/flask/app.py:1043 flask.app.Flask.finalize_request event=line locals={}
2026-08-22 23:51:54.254 /testbed/src/flask/app.py:1042 flask.app.Flask.finalize_request event=line locals={}
2026-08-22 23:51:54.254 /testbed/src/flask/app.py:1051 flask.app.Flask.finalize_request event=line locals={}
2026-08-22 23:51:54.254 /testbed/src/flask/app.py:1051 flask.app.Flask.finalize_request event=return retval=<Response 29 bytes [500 INTERNAL SERVER ERROR]> locals={'ctx': "<AppContext 124556119394384 of runtime_exception_graph, GET 'http://localhost/generated/19'>", 'from_error_handler': 'True', 'response': '<Response 29 bytes [500 INTERNAL SERVER ERROR]>', 'rv': "({'checksum': 747064, 'mode': 0}, 500)", 'self': "<Flask 'runtime_exception_graph'>"}
2026-08-22 23:51:54.254 /testbed/src/flask/app.py:948 flask.app.Flask.handle_exception event=return retval=<Response 29 bytes [500 INTERNAL SERVER ERROR]> locals={'ctx': "<AppContext 124556119394384 of runtime_exception_graph, GET 'http://localhost/generated/19'>", 'e': "RuntimeError('generated failure cbf38')", 'exc_info': "(<class 'RuntimeError'>, RuntimeError('generated failure cbf38'), <traceback object at 0x71487b405500>)", 'handler': '<function TestIndirectExceptionCallGraph.test_generated_requests_exercise_error_pipeline.<locals>.convert_unhandled_error at 0x71487b39c720>', 'propagate': 'False', 'self': "<Flask 'runtime_exception_graph'>", 'server_error': "({'checksum': 747064, 'mode': 0}, 500)"}
2026-08-22 23:51:54.263 /testbed/src/flask/app.py:1065 flask.app.Flask.ensure_sync event=call locals={'func': '<function TestIndirectExceptionCallGraph.test_generated_requests_exercise_error_pipeline.<locals>.generated_failure at 0x71487b39c9a0>', 'self': "<Flask 'runtime_exception_graph'>"}
2026-08-22 23:51:54.263 /testbed/src/flask/app.py:1074 flask.app.Flask.ensure_sync event=line locals={}
2026-08-22 23:51:54.263 /testbed/src/flask/app.py:1077 flask.app.Flask.ensure_sync event=line locals={}
2026-08-22 23:51:54.263 /testbed/src/flask/app.py:1077 flask.app.Flask.ensure_sync event=return retval=<function TestIndirectExceptionCallGraph.test_generated_requests_exercise_error_pipeline.<locals>.generated_failure at 0x71487b39c9a0> locals={'func': '<function TestIndirectExceptionCallGraph.test_generated_requests_exercise_error_pipeline.<locals>.generated_failure at 0x71487b39c9a0>', 'self': "<Flask 'runtime_exception_graph'>"}
2026-08-22 23:51:54.264 /testbed/src/flask/app.py:897 flask.app.Flask.handle_exception event=call locals={'ctx': "<AppContext 124556119404880 of runtime_exception_graph, GET 'http://localhost/generated/17'>", 'e': "RuntimeError('generated failure c780f')", 'self': "<Flask 'runtime_exception_graph'>"}
2026-08-22 23:51:54.264 /testbed/src/flask/app.py:925 flask.app.Flask.handle_exception event=line locals={}
2026-08-22 23:51:54.264 /testbed/src/flask/app.py:926 flask.app.Flask.handle_exception event=line locals={'exc_info': "(<class 'RuntimeError'>, RuntimeError('generated failure c780f'), <traceback object at 0x71487b407f00>)"}
2026-08-22 23:51:54.265 /testbed/src/flask/app.py:927 flask.app.Flask.handle_exception event=line locals={}
2026-08-22 23:51:54.265 /testbed/src/flask/app.py:929 flask.app.Flask.handle_exception event=line locals={'propagate': 'False'}
2026-08-22 23:51:54.265 /testbed/src/flask/app.py:932 flask.app.Flask.handle_exception event=line locals={}
2026-08-22 23:51:54.265 /testbed/src/flask/app.py:940 flask.app.Flask.handle_exception event=line locals={}
2026-08-22 23:51:54.265 /testbed/src/flask/app.py:950 flask.app.Flask.log_exception event=call locals={'ctx': "<AppContext 124556119404880 of runtime_exception_graph, GET 'http://localhost/generated/17'>", 'exc_info': "(<class 'RuntimeError'>, RuntimeError('generated failure c780f'), <traceback object at 0x71487b407f00>)", 'self': "<Flask 'runtime_exception_graph'>"}
2026-08-22 23:51:54.265 /testbed/src/flask/app.py:962 flask.app.Flask.log_exception event=line locals={}
2026-08-22 23:51:54.265 /testbed/src/flask/app.py:963 flask.app.Flask.log_exception event=line locals={}
2026-08-22 23:51:54.265 /testbed/src/flask/app.py:962 flask.app.Flask.log_exception event=line locals={}
2026-08-22 23:51:54.265 /testbed/src/flask/app.py:962 flask.app.Flask.log_exception event=return retval=None locals={'ctx': "<AppContext 124556119404880 of runtime_exception_graph, GET 'http://localhost/generated/17'>", 'exc_info': "(<class 'RuntimeError'>, RuntimeError('generated failure c780f'), <traceback object at 0x71487b407f00>)", 'self': "<Flask 'runtime_exception_graph'>"}
2026-08-22 23:51:54.265 /testbed/src/flask/app.py:942 flask.app.Flask.handle_exception event=line locals={}
2026-08-22 23:51:54.265 /testbed/src/flask/app.py:943 flask.app.Flask.handle_exception event=line locals={'server_error': "<InternalServerError '500: Internal Server Error'>"}
2026-08-22 23:51:54.265 /testbed/src/flask/app.py:945 flask.app.Flask.handle_exception event=line locals={'handler': '<function TestIndirectExceptionCallGraph.test_generated_requests_exercise_error_pipeline.<locals>.convert_unhandled_error at 0x71487b39c720>'}
2026-08-22 23:51:54.265 /testbed/src/flask/app.py:946 flask.app.Flask.handle_exception event=line locals={}
2026-08-22 23:51:54.265 /testbed/src/flask/app.py:1065 flask.app.Flask.ensure_sync event=call locals={'func': '<function TestIndirectExceptionCallGraph.test_generated_requests_exercise_error_pipeline.<locals>.convert_unhandled_error at 0x71487b39c720>', 'self': "<Flask 'runtime_exception_graph'>"}
2026-08-22 23:51:54.265 /testbed/src/flask/app.py:1074 flask.app.Flask.ensure_sync event=line locals={}
2026-08-22 23:51:54.265 /testbed/src/flask/app.py:1077 flask.app.Flask.ensure_sync event=line locals={}
2026-08-22 23:51:54.265 /testbed/src/flask/app.py:1077 flask.app.Flask.ensure_sync event=return retval=<function TestIndirectExceptionCallGraph.test_generated_requests_exercise_error_pipeline.<locals>.convert_unhandled_error at 0x71487b39c720> locals={'func': '<function TestIndirectExceptionCallGraph.test_generated_requests_exercise_error_pipeline.<locals>.convert_unhandled_error at 0x71487b39c720>', 'self': "<Flask 'runtime_exception_graph'>"}
2026-08-22 23:51:54.265 /testbed/src/flask/app.py:948 flask.app.Flask.handle_exception event=line locals={'server_error': "({'checksum': 617792, 'mode': 0}, 500)"}
2026-08-22 23:51:54.266 /testbed/src/flask/app.py:1021 flask.app.Flask.finalize_request event=call locals={'ctx': "<AppContext 124556119404880 of runtime_exception_graph, GET 'http://localhost/generated/17'>", 'from_error_handler': 'True', 'rv': "({'checksum': 617792, 'mode': 0}, 500)", 'self': "<Flask 'runtime_exception_graph'>"}
2026-08-22 23:51:54.266 /testbed/src/flask/app.py:1039 flask.app.Flask.finalize_request event=line locals={}
2026-08-22 23:51:54.266 /testbed/src/flask/app.py:1224 flask.app.Flask.make_response event=call locals={'rv': "({'checksum': 617792, 'mode': 0}, 500)", 'self': "<Flask 'runtime_exception_graph'>"}
2026-08-22 23:51:54.266 /testbed/src/flask/app.py:1281 flask.app.Flask.make_response event=line locals={}
2026-08-22 23:51:54.266 /testbed/src/flask/app.py:1282 flask.app.Flask.make_response event=line locals={'status': 'None'}
2026-08-22 23:51:54.266 /testbed/src/flask/app.py:1285 flask.app.Flask.make_response event=line locals={'headers': 'None'}
2026-08-22 23:51:54.266 /testbed/src/flask/app.py:1286 flask.app.Flask.make_response event=line locals={}
2026-08-22 23:51:54.266 /testbed/src/flask/app.py:1289 flask.app.Flask.make_response event=line locals={'len_rv': '2'}
2026-08-22 23:51:54.266 /testbed/src/flask/app.py:1292 flask.app.Flask.make_response event=line locals={}
2026-08-22 23:51:54.266 /testbed/src/flask/app.py:1293 flask.app.Flask.make_response event=line locals={}
2026-08-22 23:51:54.266 /testbed/src/flask/app.py:1296 flask.app.Flask.make_response event=line locals={}
2026-08-22 23:51:54.266 /testbed/src/flask/app.py:1306 flask.app.Flask.make_response event=line locals={'rv': "{'checksum': 617792, 'mode': 0}", 'status': '500'}
2026-08-22 23:51:54.266 /testbed/src/flask/app.py:1314 flask.app.Flask.make_response event=line locals={}
2026-08-22 23:51:54.266 /testbed/src/flask/app.py:1315 flask.app.Flask.make_response event=line locals={}
2026-08-22 23:51:54.266 /testbed/src/flask/app.py:1325 flask.app.Flask.make_response event=line locals={}
2026-08-22 23:51:54.266 /testbed/src/flask/app.py:1326 flask.app.Flask.make_response event=line locals={}
2026-08-22 23:51:54.266 /testbed/src/flask/app.py:1352 flask.app.Flask.make_response event=line locals={'rv': '<Response 29 bytes [200 OK]>'}
2026-08-22 23:51:54.266 /testbed/src/flask/app.py:1354 flask.app.Flask.make_response event=line locals={}
2026-08-22 23:51:54.266 /testbed/src/flask/app.py:1355 flask.app.Flask.make_response event=line locals={}
2026-08-22 23:51:54.266 /testbed/src/flask/app.py:1358 flask.app.Flask.make_response event=line locals={}
2026-08-22 23:51:54.266 /testbed/src/flask/app.py:1361 flask.app.Flask.make_response event=line locals={'rv': '<Response 29 bytes [500 INTERNAL SERVER ERROR]>'}
2026-08-22 23:51:54.266 /testbed/src/flask/app.py:1364 flask.app.Flask.make_response event=line locals={}
2026-08-22 23:51:54.266 /testbed/src/flask/app.py:1364 flask.app.Flask.make_response event=return retval=<Response 29 bytes [500 INTERNAL SERVER ERROR]> locals={'headers': 'None', 'len_rv': '2', 'rv': '<Response 29 bytes [500 INTERNAL SERVER ERROR]>', 'self': "<Flask 'runtime_exception_graph'>", 'status': '500'}
2026-08-22 23:51:54.266 /testbed/src/flask/app.py:1040 flask.app.Flask.finalize_request event=line locals={'response': '<Response 29 bytes [500 INTERNAL SERVER ERROR]>'}
2026-08-22 23:51:54.266 /testbed/src/flask/app.py:1041 flask.app.Flask.finalize_request event=line locals={}
2026-08-22 23:51:54.266 /testbed/src/flask/app.py:1394 flask.app.Flask.process_response event=call locals={'ctx': "<AppContext 124556119404880 of runtime_exception_graph, GET 'http://localhost/generated/17'>", 'response': '<Response 29 bytes [500 INTERNAL SERVER ERROR]>', 'self': "<Flask 'runtime_exception_graph'>"}
2026-08-22 23:51:54.266 /testbed/src/flask/app.py:1407 flask.app.Flask.process_response event=line locals={}
2026-08-22 23:51:54.266 /testbed/src/flask/app.py:1408 flask.app.Flask.process_response event=line locals={'func': '<function TestIndirectExceptionCallGraph.test_generated_requests_exercise_error_pipeline.<locals>.generated_failure.<locals>.local_after at 0x71487b3be020>'}
2026-08-22 23:51:54.266 /testbed/src/flask/app.py:1065 flask.app.Flask.ensure_sync event=call locals={'func': '<function TestIndirectExceptionCallGraph.test_generated_requests_exercise_error_pipeline.<locals>.generated_failure.<locals>.local_after at 0x71487b3be020>', 'self': "<Flask 'runtime_exception_graph'>"}
2026-08-22 23:51:54.266 /testbed/src/flask/app.py:1074 flask.app.Flask.ensure_sync event=line locals={}
2026-08-22 23:51:54.266 /testbed/src/flask/app.py:1077 flask.app.Flask.ensure_sync event=line locals={}
2026-08-22 23:51:54.266 /testbed/src/flask/app.py:1077 flask.app.Flask.ensure_sync event=return retval=<function TestIndirectExceptionCallGraph.test_generated_requests_exercise_error_pipeline.<locals>.generated_failure.<locals>.local_after at 0x71487b3be020> locals={'func': '<function TestIndirectExceptionCallGraph.test_generated_requests_exercise_error_pipeline.<locals>.generated_failure.<locals>.local_after at 0x71487b3be020>', 'self': "<Flask 'runtime_exception_graph'>"}
2026-08-22 23:51:54.266 /testbed/src/flask/app.py:1407 flask.app.Flask.process_response event=line locals={}
2026-08-22 23:51:54.266 /testbed/src/flask/app.py:1408 flask.app.Flask.process_response event=line locals={'func': '<function TestIndirectExceptionCallGraph.test_generated_requests_exercise_error_pipeline.<locals>.generated_failure.<locals>.local_after at 0x71487b3bdf80>'}
2026-08-22 23:51:54.267 /testbed/src/flask/app.py:1065 flask.app.Flask.ensure_sync event=call locals={'func': '<function TestIndirectExceptionCallGraph.test_generated_requests_exercise_error_pipeline.<locals>.generated_failure.<locals>.local_after at 0x71487b3bdf80>', 'self': "<Flask 'runtime_exception_graph'>"}
2026-08-22 23:51:54.267 /testbed/src/flask/app.py:1074 flask.app.Flask.ensure_sync event=line locals={}
2026-08-22 23:51:54.267 /testbed/src/flask/app.py:1077 flask.app.Flask.ensure_sync event=line locals={}
2026-08-22 23:51:54.267 /testbed/src/flask/app.py:1077 flask.app.Flask.ensure_sync event=return retval=<function TestIndirectExceptionCallGraph.test_generated_requests_exercise_error_pipeline.<locals>.generated_failure.<locals>.local_after at 0x71487b3bdf80> locals={'func': '<function TestIndirectExceptionCallGraph.test_generated_requests_exercise_error_pipeline.<locals>.generated_failure.<locals>.local_after at 0x71487b3bdf80>', 'self': "<Flask 'runtime_exception_graph'>"}
2026-08-22 23:51:54.267 /testbed/src/flask/app.py:1407 flask.app.Flask.process_response event=line locals={}
2026-08-22 23:51:54.267 /testbed/src/flask/app.py:1408 flask.app.Flask.process_response event=line locals={'func': '<function TestIndirectExceptionCallGraph.test_generated_requests_exercise_error_pipeline.<locals>.generated_failure.<locals>.local_after at 0x71487b3bdda0>'}
2026-08-22 23:51:54.267 /testbed/src/flask/app.py:1065 flask.app.Flask.ensure_sync event=call locals={'func': '<function TestIndirectExceptionCallGraph.test_generated_requests_exercise_error_pipeline.<locals>.generated_failure.<locals>.local_after at 0x71487b3bdda0>', 'self': "<Flask 'runtime_exception_graph'>"}
2026-08-22 23:51:54.267 /testbed/src/flask/app.py:1074 flask.app.Flask.ensure_sync event=line locals={}
2026-08-22 23:51:54.267 /testbed/src/flask/app.py:1077 flask.app.Flask.ensure_sync event=line locals={}
2026-08-22 23:51:54.267 /testbed/src/flask/app.py:1077 flask.app.Flask.ensure_sync event=return retval=<function TestIndirectExceptionCallGraph.test_generated_requests_exercise_error_pipeline.<locals>.generated_failure.<locals>.local_after at 0x71487b3bdda0> locals={'func': '<function TestIndirectExceptionCallGraph.test_generated_requests_exercise_error_pipeline.<locals>.generated_failure.<locals>.local_after at 0x71487b3bdda0>', 'self': "<Flask 'runtime_exception_graph'>"}
2026-08-22 23:51:54.267 /testbed/src/flask/app.py:1407 flask.app.Flask.process_response event=line locals={}
2026-08-22 23:51:54.267 /testbed/src/flask/app.py:1408 flask.app.Flask.process_response event=line locals={'func': '<function TestIndirectExceptionCallGraph.test_generated_requests_exercise_error_pipeline.<locals>.generated_failure.<locals>.local_after at 0x71487b3beca0>'}
2026-08-22 23:51:54.267 /testbed/src/flask/app.py:1065 flask.app.Flask.ensure_sync event=call locals={'func': '<function TestIndirectExceptionCallGraph.test_generated_requests_exercise_error_pipeline.<locals>.generated_failure.<locals>.local_after at 0x71487b3beca0>', 'self': "<Flask 'runtime_exception_graph'>"}
2026-08-22 23:51:54.267 /testbed/src/flask/app.py:1074 flask.app.Flask.ensure_sync event=line locals={}
2026-08-22 23:51:54.267 /testbed/src/flask/app.py:1077 flask.app.Flask.ensure_sync event=line locals={}
2026-08-22 23:51:54.267 /testbed/src/flask/app.py:1077 flask.app.Flask.ensure_sync event=return retval=<function TestIndirectExceptionCallGraph.test_generated_requests_exercise_error_pipeline.<locals>.generated_failure.<locals>.local_after at 0x71487b3beca0> locals={'func': '<function TestIndirectExceptionCallGraph.test_generated_requests_exercise_error_pipeline.<locals>.generated_failure.<locals>.local_after at 0x71487b3beca0>', 'self': "<Flask 'runtime_exception_graph'>"}
2026-08-22 23:51:54.267 /testbed/src/flask/app.py:1407 flask.app.Flask.process_response event=line locals={}
2026-08-22 23:51:54.267 /testbed/src/flask/app.py:1408 flask.app.Flask.process_response event=line locals={'func': '<function TestIndirectExceptionCallGraph.test_generated_requests_exercise_error_pipeline.<locals>.generated_failure.<locals>.local_after at 0x71487b3be2a0>'}
2026-08-22 23:51:54.267 /testbed/src/flask/app.py:1065 flask.app.Flask.ensure_sync event=call locals={'func': '<function TestIndirectExceptionCallGraph.test_generated_requests_exercise_error_pipeline.<locals>.generated_failure.<locals>.local_after at 0x71487b3be2a0>', 'self': "<Flask 'runtime_exception_graph'>"}
2026-08-22 23:51:54.267 /testbed/src/flask/app.py:1074 flask.app.Flask.ensure_sync event=line locals={}
2026-08-22 23:51:54.267 /testbed/src/flask/app.py:1077 flask.app.Flask.ensure_sync event=line locals={}
2026-08-22 23:51:54.267 /testbed/src/flask/app.py:1077 flask.app.Flask.ensure_sync event=return retval=<function TestIndirectExceptionCallGraph.test_generated_requests_exercise_error_pipeline.<locals>.generated_failure.<locals>.local_after at 0x71487b3be2a0> locals={'func': '<function TestIndirectExceptionCallGraph.test_generated_requests_exercise_error_pipeline.<locals>.generated_failure.<locals>.local_after at 0x71487b3be2a0>', 'self': "<Flask 'runtime_exception_graph'>"}
2026-08-22 23:51:54.267 /testbed/src/flask/app.py:1407 flask.app.Flask.process_response event=line locals={}
2026-08-22 23:51:54.267 /testbed/src/flask/app.py:1408 flask.app.Flask.process_response event=line locals={'func': '<function TestIndirectExceptionCallGraph.test_generated_requests_exercise_error_pipeline.<locals>.generated_failure.<locals>.local_after at 0x71487b3beac0>'}
2026-08-22 23:51:54.267 /testbed/src/flask/app.py:1065 flask.app.Flask.ensure_sync event=call locals={'func': '<function TestIndirectExceptionCallGraph.test_generated_requests_exercise_error_pipeline.<locals>.generated_failure.<locals>.local_after at 0x71487b3beac0>', 'self': "<Flask 'runtime_exception_graph'>"}
2026-08-22 23:51:54.267 /testbed/src/flask/app.py:1074 flask.app.Flask.ensure_sync event=line locals={}
2026-08-22 23:51:54.267 /testbed/src/flask/app.py:1077 flask.app.Flask.ensure_sync event=line locals={}
2026-08-22 23:51:54.267 /testbed/src/flask/app.py:1077 flask.app.Flask.ensure_sync event=return retval=<function TestIndirectExceptionCallGraph.test_generated_requests_exercise_error_pipeline.<locals>.generated_failure.<locals>.local_after at 0x71487b3beac0> locals={'func': '<function TestIndirectExceptionCallGraph.test_generated_requests_exercise_error_pipeline.<locals>.generated_failure.<locals>.local_after at 0x71487b3beac0>', 'self': "<Flask 'runtime_exception_graph'>"}
2026-08-22 23:51:54.267 /testbed/src/flask/app.py:1407 flask.app.Flask.process_response event=line locals={}
2026-08-22 23:51:54.267 /testbed/src/flask/app.py:1408 flask.app.Flask.process_response event=line locals={'func': '<function TestIndirectExceptionCallGraph.test_generated_requests_exercise_error_pipeline.<locals>.generated_failure.<locals>.local_after at 0x71487b3be480>'}
2026-08-22 23:51:54.267 /testbed/src/flask/app.py:1065 flask.app.Flask.ensure_sync event=call locals={'func': '<function TestIndirectExceptionCallGraph.test_generated_requests_exercise_error_pipeline.<locals>.generated_failure.<locals>.local_after at 0x71487b3be480>', 'self': "<Flask 'runtime_exception_graph'>"}
2026-08-22 23:51:54.267 /testbed/src/flask/app.py:1074 flask.app.Flask.ensure_sync event=line locals={}
2026-08-22 23:51:54.267 /testbed/src/flask/app.py:1077 flask.app.Flask.ensure_sync event=line locals={}
2026-08-22 23:51:54.267 /testbed/src/flask/app.py:1077 flask.app.Flask.ensure_sync event=return retval=<function TestIndirectExceptionCallGraph.test_generated_requests_exercise_error_pipeline.<locals>.generated_failure.<locals>.local_after at 0x71487b3be480> locals={'func': '<function TestIndirectExceptionCallGraph.test_generated_requests_exercise_error_pipeline.<locals>.generated_failure.<locals>.local_after at 0x71487b3be480>', 'self': "<Flask 'runtime_exception_graph'>"}
2026-08-22 23:51:54.267 /testbed/src/flask/app.py:1407 flask.app.Flask.process_response event=line locals={}
2026-08-22 23:51:54.267 /testbed/src/flask/app.py:1408 flask.app.Flask.process_response event=line locals={'func': '<function TestIndirectExceptionCallGraph.test_generated_requests_exercise_error_pipeline.<locals>.generated_failure.<locals>.local_after at 0x71487b3be520>'}
2026-08-22 23:51:54.267 /testbed/src/flask/app.py:1065 flask.app.Flask.ensure_sync event=call locals={'func': '<function TestIndirectExceptionCallGraph.test_generated_requests_exercise_error_pipeline.<locals>.generated_failure.<locals>.local_after at 0x71487b3be520>', 'self': "<Flask 'runtime_exception_graph'>"}
2026-08-22 23:51:54.267 /testbed/src/flask/app.py:1074 flask.app.Flask.ensure_sync event=line locals={}
2026-08-22 23:51:54.267 /testbed/src/flask/app.py:1077 flask.app.Flask.ensure_sync event=line locals={}
2026-08-22 23:51:54.267 /testbed/src/flask/app.py:1077 flask.app.Flask.ensure_sync event=return retval=<function TestIndirectExceptionCallGraph.test_generated_requests_exercise_error_pipeline.<locals>.generated_failure.<locals>.local_after at 0x71487b3be520> locals={'func': '<function TestIndirectExceptionCallGraph.test_generated_requests_exercise_error_pipeline.<locals>.generated_failure.<locals>.local_after at 0x71487b3be520>', 'self': "<Flask 'runtime_exception_graph'>"}
2026-08-22 23:51:54.267 /testbed/src/flask/app.py:1407 flask.app.Flask.process_response event=line locals={}
2026-08-22 23:51:54.267 /testbed/src/flask/app.py:1410 flask.app.Flask.process_response event=line locals={}
2026-08-22 23:51:54.268 /testbed/src/flask/app.py:1411 flask.app.Flask.process_response event=line locals={'name': 'None'}
2026-08-22 23:51:54.268 /testbed/src/flask/app.py:1412 flask.app.Flask.process_response event=line locals={}
2026-08-22 23:51:54.268 /testbed/src/flask/app.py:1413 flask.app.Flask.process_response event=line locals={'func': '<function TestIndirectExceptionCallGraph.test_generated_requests_exercise_error_pipeline.<locals>.global_after at 0x71487b39c5e0>'}
2026-08-22 23:51:54.268 /testbed/src/flask/app.py:1065 flask.app.Flask.ensure_sync event=call locals={'func': '<function TestIndirectExceptionCallGraph.test_generated_requests_exercise_error_pipeline.<locals>.global_after at 0x71487b39c5e0>', 'self': "<Flask 'runtime_exception_graph'>"}
2026-08-22 23:51:54.268 /testbed/src/flask/app.py:1074 flask.app.Flask.ensure_sync event=line locals={}
2026-08-22 23:51:54.268 /testbed/src/flask/app.py:1077 flask.app.Flask.ensure_sync event=line locals={}
2026-08-22 23:51:54.268 /testbed/src/flask/app.py:1077 flask.app.Flask.ensure_sync event=return retval=<function TestIndirectExceptionCallGraph.test_generated_requests_exercise_error_pipeline.<locals>.global_after at 0x71487b39c5e0> locals={'func': '<function TestIndirectExceptionCallGraph.test_generated_requests_exercise_error_pipeline.<locals>.global_after at 0x71487b39c5e0>', 'self': "<Flask 'runtime_exception_graph'>"}
2026-08-22 23:51:54.268 /testbed/src/flask/app.py:1412 flask.app.Flask.process_response event=line locals={}
2026-08-22 23:51:54.268 /testbed/src/flask/app.py:1413 flask.app.Flask.process_response event=line locals={'func': '<function TestIndirectExceptionCallGraph.test_generated_requests_exercise_error_pipeline.<locals>.global_after at 0x71487b39c540>'}
2026-08-22 23:51:54.268 /testbed/src/flask/app.py:1065 flask.app.Flask.ensure_sync event=call locals={'func': '<function TestIndirectExceptionCallGraph.test_generated_requests_exercise_error_pipeline.<locals>.global_after at 0x71487b39c540>', 'self': "<Flask 'runtime_exception_graph'>"}
2026-08-22 23:51:54.268 /testbed/src/flask/app.py:1074 flask.app.Flask.ensure_sync event=line locals={}
2026-08-22 23:51:54.268 /testbed/src/flask/app.py:1077 flask.app.Flask.ensure_sync event=line locals={}
2026-08-22 23:51:54.268 /testbed/src/flask/app.py:1077 flask.app.Flask.ensure_sync event=return retval=<function TestIndirectExceptionCallGraph.test_generated_requests_exercise_error_pipeline.<locals>.global_after at 0x71487b39c540> locals={'func': '<function TestIndirectExceptionCallGraph.test_generated_requests_exercise_error_pipeline.<locals>.global_after at 0x71487b39c540>', 'self': "<Flask 'runtime_exception_graph'>"}
2026-08-22 23:51:54.268 /testbed/src/flask/app.py:1412 flask.app.Flask.process_response event=line locals={}
2026-08-22 23:51:54.268 /testbed/src/flask/app.py:1413 flask.app.Flask.process_response event=line locals={'func': '<function TestIndirectExceptionCallGraph.test_generated_requests_exercise_error_pipeline.<locals>.global_after at 0x71487b39c4a0>'}
2026-08-22 23:51:54.268 /testbed/src/flask/app.py:1065 flask.app.Flask.ensure_sync event=call locals={'func': '<function TestIndirectExceptionCallGraph.test_generated_requests_exercise_error_pipeline.<locals>.global_after at 0x71487b39c4a0>', 'self': "<Flask 'runtime_exception_graph'>"}
2026-08-22 23:51:54.268 /testbed/src/flask/app.py:1074 flask.app.Flask.ensure_sync event=line locals={}
2026-08-22 23:51:54.268 /testbed/src/flask/app.py:1077 flask.app.Flask.ensure_sync event=line locals={}
2026-08-22 23:51:54.268 /testbed/src/flask/app.py:1077 flask.app.Flask.ensure_sync event=return retval=<function TestIndirectExceptionCallGraph.test_generated_requests_exercise_error_pipeline.<locals>.global_after at 0x71487b39c4a0> locals={'func': '<function TestIndirectExceptionCallGraph.test_generated_requests_exercise_error_pipeline.<locals>.global_after at 0x71487b39c4a0>', 'self': "<Flask 'runtime_exception_graph'>"}
2026-08-22 23:51:54.268 /testbed/src/flask/app.py:1412 flask.app.Flask.process_response event=line locals={}
2026-08-22 23:51:54.268 /testbed/src/flask/app.py:1413 flask.app.Flask.process_response event=line locals={'func': '<function TestIndirectExceptionCallGraph.test_generated_requests_exercise_error_pipeline.<locals>.global_after at 0x71487b39c400>'}
2026-08-22 23:51:54.268 /testbed/src/flask/app.py:1065 flask.app.Flask.ensure_sync event=call locals={'func': '<function TestIndirectExceptionCallGraph.test_generated_requests_exercise_error_pipeline.<locals>.global_after at 0x71487b39c400>', 'self': "<Flask 'runtime_exception_graph'>"}
2026-08-22 23:51:54.268 /testbed/src/flask/app.py:1074 flask.app.Flask.ensure_sync event=line locals={}
2026-08-22 23:51:54.268 /testbed/src/flask/app.py:1077 flask.app.Flask.ensure_sync event=line locals={}
2026-08-22 23:51:54.268 /testbed/src/flask/app.py:1077 flask.app.Flask.ensure_sync event=return retval=<function TestIndirectExceptionCallGraph.test_generated_requests_exercise_error_pipeline.<locals>.global_after at 0x71487b39c400> locals={'func': '<function TestIndirectExceptionCallGraph.test_generated_requests_exercise_error_pipeline.<locals>.global_after at 0x71487b39c400>', 'self': "<Flask 'runtime_exception_graph'>"}
2026-08-22 23:51:54.268 /testbed/src/flask/app.py:1412 flask.app.Flask.process_response event=line locals={}
2026-08-22 23:51:54.268 /testbed/src/flask/app.py:1413 flask.app.Flask.process_response event=line locals={'func': '<function TestIndirectExceptionCallGraph.test_generated_requests_exercise_error_pipeline.<locals>.global_after at 0x71487b39c360>'}
2026-08-22 23:51:54.268 /testbed/src/flask/app.py:1065 flask.app.Flask.ensure_sync event=call locals={'func': '<function TestIndirectExceptionCallGraph.test_generated_requests_exercise_error_pipeline.<locals>.global_after at 0x71487b39c360>', 'self': "<Flask 'runtime_exception_graph'>"}
2026-08-22 23:51:54.268 /testbed/src/flask/app.py:1074 flask.app.Flask.ensure_sync event=line locals={}
2026-08-22 23:51:54.268 /testbed/src/flask/app.py:1077 flask.app.Flask.ensure_sync event=line locals={}
2026-08-22 23:51:54.268 /testbed/src/flask/app.py:1077 flask.app.Flask.ensure_sync event=return retval=<function TestIndirectExceptionCallGraph.test_generated_requests_exercise_error_pipeline.<locals>.global_after at 0x71487b39c360> locals={'func': '<function TestIndirectExceptionCallGraph.test_generated_requests_exercise_error_pipeline.<locals>.global_after at 0x71487b39c360>', 'self': "<Flask 'runtime_exception_graph'>"}
2026-08-22 23:51:54.268 /testbed/src/flask/app.py:1412 flask.app.Flask.process_response event=line locals={}
2026-08-22 23:51:54.268 /testbed/src/flask/app.py:1413 flask.app.Flask.process_response event=line locals={'func': '<function TestIndirectExceptionCallGraph.test_generated_requests_exercise_error_pipeline.<locals>.global_after at 0x71487b39c2c0>'}
2026-08-22 23:51:54.268 /testbed/src/flask/app.py:1065 flask.app.Flask.ensure_sync event=call locals={'func': '<function TestIndirectExceptionCallGraph.test_generated_requests_exercise_error_pipeline.<locals>.global_after at 0x71487b39c2c0>', 'self': "<Flask 'runtime_exception_graph'>"}
2026-08-22 23:51:54.268 /testbed/src/flask/app.py:1074 flask.app.Flask.ensure_sync event=line locals={}
2026-08-22 23:51:54.268 /testbed/src/flask/app.py:1077 flask.app.Flask.ensure_sync event=line locals={}
2026-08-22 23:51:54.268 /testbed/src/flask/app.py:1077 flask.app.Flask.ensure_sync event=return retval=<function TestIndirectExceptionCallGraph.test_generated_requests_exercise_error_pipeline.<locals>.global_after at 0x71487b39c2c0> locals={'func': '<function TestIndirectExceptionCallGraph.test_generated_requests_exercise_error_pipeline.<locals>.global_after at 0x71487b39c2c0>', 'self': "<Flask 'runtime_exception_graph'>"}
2026-08-22 23:51:54.268 /testbed/src/flask/app.py:1412 flask.app.Flask.process_response event=line locals={}
2026-08-22 23:51:54.268 /testbed/src/flask/app.py:1413 flask.app.Flask.process_response event=line locals={'func': '<function TestIndirectExceptionCallGraph.test_generated_requests_exercise_error_pipeline.<locals>.global_after at 0x71487b39c220>'}
2026-08-22 23:51:54.268 /testbed/src/flask/app.py:1065 flask.app.Flask.ensure_sync event=call locals={'func': '<function TestIndirectExceptionCallGraph.test_generated_requests_exercise_error_pipeline.<locals>.global_after at 0x71487b39c220>', 'self': "<Flask 'runtime_exception_graph'>"}
2026-08-22 23:51:54.268 /testbed/src/flask/app.py:1074 flask.app.Flask.ensure_sync event=line locals={}
2026-08-22 23:51:54.269 /testbed/src/flask/app.py:1077 flask.app.Flask.ensure_sync event=line locals={}
2026-08-22 23:51:54.269 /testbed/src/flask/app.py:1077 flask.app.Flask.ensure_sync event=return retval=<function TestIndirectExceptionCallGraph.test_generated_requests_exercise_error_pipeline.<locals>.global_after at 0x71487b39c220> locals={'func': '<function TestIndirectExceptionCallGraph.test_generated_requests_exercise_error_pipeline.<locals>.global_after at 0x71487b39c220>', 'self': "<Flask 'runtime_exception_graph'>"}
2026-08-22 23:51:54.269 /testbed/src/flask/app.py:1412 flask.app.Flask.process_response event=line locals={}
2026-08-22 23:51:54.269 /testbed/src/flask/app.py:1413 flask.app.Flask.process_response event=line locals={'func': '<function TestIndirectExceptionCallGraph.test_generated_requests_exercise_error_pipeline.<locals>.global_after at 0x71487b39c180>'}
2026-08-22 23:51:54.269 /testbed/src/flask/app.py:1065 flask.app.Flask.ensure_sync event=call locals={'func': '<function TestIndirectExceptionCallGraph.test_generated_requests_exercise_error_pipeline.<locals>.global_after at 0x71487b39c180>', 'self': "<Flask 'runtime_exception_graph'>"}
2026-08-22 23:51:54.269 /testbed/src/flask/app.py:1074 flask.app.Flask.ensure_sync event=line locals={}
2026-08-22 23:51:54.269 /testbed/src/flask/app.py:1077 flask.app.Flask.ensure_sync event=line locals={}
2026-08-22 23:51:54.269 /testbed/src/flask/app.py:1077 flask.app.Flask.ensure_sync event=return retval=<function TestIndirectExceptionCallGraph.test_generated_requests_exercise_error_pipeline.<locals>.global_after at 0x71487b39c180> locals={'func': '<function TestIndirectExceptionCallGraph.test_generated_requests_exercise_error_pipeline.<locals>.global_after at 0x71487b39c180>', 'self': "<Flask 'runtime_exception_graph'>"}
2026-08-22 23:51:54.269 /testbed/src/flask/app.py:1412 flask.app.Flask.process_response event=line locals={}
2026-08-22 23:51:54.269 /testbed/src/flask/app.py:1413 flask.app.Flask.process_response event=line locals={'func': '<function TestIndirectExceptionCallGraph.test_generated_requests_exercise_error_pipeline.<locals>.global_after at 0x71487b39c040>'}
2026-08-22 23:51:54.269 /testbed/src/flask/app.py:1065 flask.app.Flask.ensure_sync event=call locals={'func': '<function TestIndirectExceptionCallGraph.test_generated_requests_exercise_error_pipeline.<locals>.global_after at 0x71487b39c040>', 'self': "<Flask 'runtime_exception_graph'>"}
2026-08-22 23:51:54.269 /testbed/src/flask/app.py:1074 flask.app.Flask.ensure_sync event=line locals={}
2026-08-22 23:51:54.269 /testbed/src/flask/app.py:1077 flask.app.Flask.ensure_sync event=line locals={}
2026-08-22 23:51:54.269 /testbed/src/flask/app.py:1077 flask.app.Flask.ensure_sync event=return retval=<function TestIndirectExceptionCallGraph.test_generated_requests_exercise_error_pipeline.<locals>.global_after at 0x71487b39c040> locals={'func': '<function TestIndirectExceptionCallGraph.test_generated_requests_exercise_error_pipeline.<locals>.global_after at 0x71487b39c040>', 'self': "<Flask 'runtime_exception_graph'>"}
2026-08-22 23:51:54.269 /testbed/src/flask/app.py:1412 flask.app.Flask.process_response event=line locals={}
2026-08-22 23:51:54.269 /testbed/src/flask/app.py:1410 flask.app.Flask.process_response event=line locals={}
2026-08-22 23:51:54.269 /testbed/src/flask/app.py:1415 flask.app.Flask.process_response event=line locals={}
2026-08-22 23:51:54.269 /testbed/src/flask/app.py:1418 flask.app.Flask.process_response event=line locals={}
2026-08-22 23:51:54.269 /testbed/src/flask/app.py:1418 flask.app.Flask.process_response event=return retval=<Response 29 bytes [500 INTERNAL SERVER ERROR]> locals={'ctx': "<AppContext 124556119404880 of runtime_exception_graph, GET 'http://localhost/generated/17'>", 'func': '<function TestIndirectExceptionCallGraph.test_generated_requests_exercise_error_pipeline.<locals>.global_after at 0x71487b39c040>', 'name': 'None', 'response': '<Response 29 bytes [500 INTERNAL SERVER ERROR]>', 'self': "<Flask 'runtime_exception_graph'>"}
2026-08-22 23:51:54.269 /testbed/src/flask/app.py:1042 flask.app.Flask.finalize_request event=line locals={}
2026-08-22 23:51:54.269 /testbed/src/flask/app.py:1043 flask.app.Flask.finalize_request event=line locals={}
2026-08-22 23:51:54.269 /testbed/src/flask/app.py:1042 flask.app.Flask.finalize_request event=line locals={}
2026-08-22 23:51:54.269 /testbed/src/flask/app.py:1051 flask.app.Flask.finalize_request event=line locals={}
2026-08-22 23:51:54.269 /testbed/src/flask/app.py:1051 flask.app.Flask.finalize_request event=return retval=<Response 29 bytes [500 INTERNAL SERVER ERROR]> locals={'ctx': "<AppContext 124556119404880 of runtime_exception_graph, GET 'http://localhost/generated/17'>", 'from_error_handler': 'True', 'response': '<Response 29 bytes [500 INTERNAL SERVER ERROR]>', 'rv': "({'checksum': 617792, 'mode': 0}, 500)", 'self': "<Flask 'runtime_exception_graph'>"}
2026-08-22 23:51:54.269 /testbed/src/flask/app.py:948 flask.app.Flask.handle_exception event=return retval=<Response 29 bytes [500 INTERNAL SERVER ERROR]> locals={'ctx': "<AppContext 124556119404880 of runtime_exception_graph, GET 'http://localhost/generated/17'>", 'e': "RuntimeError('generated failure c780f')", 'exc_info': "(<class 'RuntimeError'>, RuntimeError('generated failure c780f'), <traceback object at 0x71487b407f00>)", 'handler': '<function TestIndirectExceptionCallGraph.test_generated_requests_exercise_error_pipeline.<locals>.convert_unhandled_error at 0x71487b39c720>', 'propagate': 'False', 'self': "<Flask 'runtime_exception_graph'>", 'server_error': "({'checksum': 617792, 'mode': 0}, 500)"}
2026-08-22 23:51:54.278 /testbed/src/flask/app.py:1065 flask.app.Flask.ensure_sync event=call locals={'func': '<function TestIndirectExceptionCallGraph.test_generated_requests_exercise_error_pipeline.<locals>.generated_failure at 0x71487b39c9a0>', 'self': "<Flask 'runtime_exception_graph'>"}
2026-08-22 23:51:54.278 /testbed/src/flask/app.py:1074 flask.app.Flask.ensure_sync event=line locals={}
2026-08-22 23:51:54.278 /testbed/src/flask/app.py:1077 flask.app.Flask.ensure_sync event=line locals={}
2026-08-22 23:51:54.278 /testbed/src/flask/app.py:1077 flask.app.Flask.ensure_sync event=return retval=<function TestIndirectExceptionCallGraph.test_generated_requests_exercise_error_pipeline.<locals>.generated_failure at 0x71487b39c9a0> locals={'func': '<function TestIndirectExceptionCallGraph.test_generated_requests_exercise_error_pipeline.<locals>.generated_failure at 0x71487b39c9a0>', 'self': "<Flask 'runtime_exception_graph'>"}
2026-08-22 23:51:54.279 /testbed/src/flask/app.py:897 flask.app.Flask.handle_exception event=call locals={'ctx': "<AppContext 124556119415760 of runtime_exception_graph, GET 'http://localhost/generated/20'>", 'e': "RuntimeError('generated failure 8ca73')", 'self': "<Flask 'runtime_exception_graph'>"}
2026-08-22 23:51:54.279 /testbed/src/flask/app.py:925 flask.app.Flask.handle_exception event=line locals={}
2026-08-22 23:51:54.279 /testbed/src/flask/app.py:926 flask.app.Flask.handle_exception event=line locals={'exc_info': "(<class 'RuntimeError'>, RuntimeError('generated failure 8ca73'), <traceback object at 0x71487b40aac0>)"}
2026-08-22 23:51:54.280 /testbed/src/flask/app.py:927 flask.app.Flask.handle_exception event=line locals={}
2026-08-22 23:51:54.280 /testbed/src/flask/app.py:929 flask.app.Flask.handle_exception event=line locals={'propagate': 'False'}
2026-08-22 23:51:54.280 /testbed/src/flask/app.py:932 flask.app.Flask.handle_exception event=line locals={}
2026-08-22 23:51:54.280 /testbed/src/flask/app.py:940 flask.app.Flask.handle_exception event=line locals={}
2026-08-22 23:51:54.280 /testbed/src/flask/app.py:950 flask.app.Flask.log_exception event=call locals={'ctx': "<AppContext 124556119415760 of runtime_exception_graph, GET 'http://localhost/generated/20'>", 'exc_info': "(<class 'RuntimeError'>, RuntimeError('generated failure 8ca73'), <traceback object at 0x71487b40aac0>)", 'self': "<Flask 'runtime_exception_graph'>"}
2026-08-22 23:51:54.280 /testbed/src/flask/app.py:962 flask.app.Flask.log_exception event=line locals={}
2026-08-22 23:51:54.280 /testbed/src/flask/app.py:963 flask.app.Flask.log_exception event=line locals={}
2026-08-22 23:51:54.280 /testbed/src/flask/app.py:962 flask.app.Flask.log_exception event=line locals={}
2026-08-22 23:51:54.280 /testbed/src/flask/app.py:962 flask.app.Flask.log_exception event=return retval=None locals={'ctx': "<AppContext 124556119415760 of runtime_exception_graph, GET 'http://localhost/generated/20'>", 'exc_info': "(<class 'RuntimeError'>, RuntimeError('generated failure 8ca73'), <traceback object at 0x71487b40aac0>)", 'self': "<Flask 'runtime_exception_graph'>"}
2026-08-22 23:51:54.280 /testbed/src/flask/app.py:942 flask.app.Flask.handle_exception event=line locals={}
2026-08-22 23:51:54.280 /testbed/src/flask/app.py:943 flask.app.Flask.handle_exception event=line locals={'server_error': "<InternalServerError '500: Internal Server Error'>"}
2026-08-22 23:51:54.280 /testbed/src/flask/app.py:945 flask.app.Flask.handle_exception event=line locals={'handler': '<function TestIndirectExceptionCallGraph.test_generated_requests_exercise_error_pipeline.<locals>.convert_unhandled_error at 0x71487b39c720>'}
2026-08-22 23:51:54.280 /testbed/src/flask/app.py:946 flask.app.Flask.handle_exception event=line locals={}
2026-08-22 23:51:54.280 /testbed/src/flask/app.py:1065 flask.app.Flask.ensure_sync event=call locals={'func': '<function TestIndirectExceptionCallGraph.test_generated_requests_exercise_error_pipeline.<locals>.convert_unhandled_error at 0x71487b39c720>', 'self': "<Flask 'runtime_exception_graph'>"}
2026-08-22 23:51:54.280 /testbed/src/flask/app.py:1074 flask.app.Flask.ensure_sync event=line locals={}
2026-08-22 23:51:54.280 /testbed/src/flask/app.py:1077 flask.app.Flask.ensure_sync event=line locals={}
2026-08-22 23:51:54.280 /testbed/src/flask/app.py:1077 flask.app.Flask.ensure_sync event=return retval=<function TestIndirectExceptionCallGraph.test_generated_requests_exercise_error_pipeline.<locals>.convert_unhandled_error at 0x71487b39c720> locals={'func': '<function TestIndirectExceptionCallGraph.test_generated_requests_exercise_error_pipeline.<locals>.convert_unhandled_error at 0x71487b39c720>', 'self': "<Flask 'runtime_exception_graph'>"}
2026-08-22 23:51:54.281 /testbed/src/flask/app.py:948 flask.app.Flask.handle_exception event=line locals={'server_error': "({'checksum': 837227, 'mode': 0}, 500)"}
2026-08-22 23:51:54.281 /testbed/src/flask/app.py:1021 flask.app.Flask.finalize_request event=call locals={'ctx': "<AppContext 124556119415760 of runtime_exception_graph, GET 'http://localhost/generated/20'>", 'from_error_handler': 'True', 'rv': "({'checksum': 837227, 'mode': 0}, 500)", 'self': "<Flask 'runtime_exception_graph'>"}
2026-08-22 23:51:54.281 /testbed/src/flask/app.py:1039 flask.app.Flask.finalize_request event=line locals={}
2026-08-22 23:51:54.281 /testbed/src/flask/app.py:1224 flask.app.Flask.make_response event=call locals={'rv': "({'checksum': 837227, 'mode': 0}, 500)", 'self': "<Flask 'runtime_exception_graph'>"}
2026-08-22 23:51:54.281 /testbed/src/flask/app.py:1281 flask.app.Flask.make_response event=line locals={}
2026-08-22 23:51:54.281 /testbed/src/flask/app.py:1282 flask.app.Flask.make_response event=line locals={'status': 'None'}
2026-08-22 23:51:54.281 /testbed/src/flask/app.py:1285 flask.app.Flask.make_response event=line locals={'headers': 'None'}
2026-08-22 23:51:54.281 /testbed/src/flask/app.py:1286 flask.app.Flask.make_response event=line locals={}
2026-08-22 23:51:54.281 /testbed/src/flask/app.py:1289 flask.app.Flask.make_response event=line locals={'len_rv': '2'}
2026-08-22 23:51:54.281 /testbed/src/flask/app.py:1292 flask.app.Flask.make_response event=line locals={}
2026-08-22 23:51:54.281 /testbed/src/flask/app.py:1293 flask.app.Flask.make_response event=line locals={}
2026-08-22 23:51:54.281 /testbed/src/flask/app.py:1296 flask.app.Flask.make_response event=line locals={}
2026-08-22 23:51:54.281 /testbed/src/flask/app.py:1306 flask.app.Flask.make_response event=line locals={'rv': "{'checksum': 837227, 'mode': 0}", 'status': '500'}
2026-08-22 23:51:54.281 /testbed/src/flask/app.py:1314 flask.app.Flask.make_response event=line locals={}
2026-08-22 23:51:54.281 /testbed/src/flask/app.py:1315 flask.app.Flask.make_response event=line locals={}
2026-08-22 23:51:54.281 /testbed/src/flask/app.py:1325 flask.app.Flask.make_response event=line locals={}
2026-08-22 23:51:54.281 /testbed/src/flask/app.py:1326 flask.app.Flask.make_response event=line locals={}
2026-08-22 23:51:54.281 /testbed/src/flask/app.py:1352 flask.app.Flask.make_response event=line locals={'rv': '<Response 29 bytes [200 OK]>'}
2026-08-22 23:51:54.281 /testbed/src/flask/app.py:1354 flask.app.Flask.make_response event=line locals={}
2026-08-22 23:51:54.281 /testbed/src/flask/app.py:1355 flask.app.Flask.make_response event=line locals={}
2026-08-22 23:51:54.281 /testbed/src/flask/app.py:1358 flask.app.Flask.make_response event=line locals={}
2026-08-22 23:51:54.281 /testbed/src/flask/app.py:1361 flask.app.Flask.make_response event=line locals={'rv': '<Response 29 bytes [500 INTERNAL SERVER ERROR]>'}
2026-08-22 23:51:54.281 /testbed/src/flask/app.py:1364 flask.app.Flask.make_response event=line locals={}
2026-08-22 23:51:54.281 /testbed/src/flask/app.py:1364 flask.app.Flask.make_response event=return retval=<Response 29 bytes [500 INTERNAL SERVER ERROR]> locals={'headers': 'None', 'len_rv': '2', 'rv': '<Response 29 bytes [500 INTERNAL SERVER ERROR]>', 'self': "<Flask 'runtime_exception_graph'>", 'status': '500'}
2026-08-22 23:51:54.281 /testbed/src/flask/app.py:1040 flask.app.Flask.finalize_request event=line locals={'response': '<Response 29 bytes [500 INTERNAL SERVER ERROR]>'}
2026-08-22 23:51:54.281 /testbed/src/flask/app.py:1041 flask.app.Flask.finalize_request event=line locals={}
2026-08-22 23:51:54.282 /testbed/src/flask/app.py:1394 flask.app.Flask.process_response event=call locals={'ctx': "<AppContext 124556119415760 of runtime_exception_graph, GET 'http://localhost/generated/20'>", 'response': '<Response 29 bytes [500 INTERNAL SERVER ERROR]>', 'self': "<Flask 'runtime_exception_graph'>"}
2026-08-22 23:51:54.282 /testbed/src/flask/app.py:1407 flask.app.Flask.process_response event=line locals={}
2026-08-22 23:51:54.282 /testbed/src/flask/app.py:1408 flask.app.Flask.process_response event=line locals={'func': '<function TestIndirectExceptionCallGraph.test_generated_requests_exercise_error_pipeline.<locals>.generated_failure.<locals>.local_after at 0x71487b3bf380>'}
2026-08-22 23:51:54.282 /testbed/src/flask/app.py:1065 flask.app.Flask.ensure_sync event=call locals={'func': '<function TestIndirectExceptionCallGraph.test_generated_requests_exercise_error_pipeline.<locals>.generated_failure.<locals>.local_after at 0x71487b3bf380>', 'self': "<Flask 'runtime_exception_graph'>"}
2026-08-22 23:51:54.282 /testbed/src/flask/app.py:1074 flask.app.Flask.ensure_sync event=line locals={}
2026-08-22 23:51:54.282 /testbed/src/flask/app.py:1077 flask.app.Flask.ensure_sync event=line locals={}
2026-08-22 23:51:54.282 /testbed/src/flask/app.py:1077 flask.app.Flask.ensure_sync event=return retval=<function TestIndirectExceptionCallGraph.test_generated_requests_exercise_error_pipeline.<locals>.generated_failure.<locals>.local_after at 0x71487b3bf380> locals={'func': '<function TestIndirectExceptionCallGraph.test_generated_requests_exercise_error_pipeline.<locals>.generated_failure.<locals>.local_after at 0x71487b3bf380>', 'self': "<Flask 'runtime_exception_graph'>"}
2026-08-22 23:51:54.282 /testbed/src/flask/app.py:1407 flask.app.Flask.process_response event=line locals={}
2026-08-22 23:51:54.282 /testbed/src/flask/app.py:1408 flask.app.Flask.process_response event=line locals={'func': '<function TestIndirectExceptionCallGraph.test_generated_requests_exercise_error_pipeline.<locals>.generated_failure.<locals>.local_after at 0x71487b400360>'}
2026-08-22 23:51:54.282 /testbed/src/flask/app.py:1065 flask.app.Flask.ensure_sync event=call locals={'func': '<function TestIndirectExceptionCallGraph.test_generated_requests_exercise_error_pipeline.<locals>.generated_failure.<locals>.local_after at 0x71487b400360>', 'self': "<Flask 'runtime_exception_graph'>"}
2026-08-22 23:51:54.282 /testbed/src/flask/app.py:1074 flask.app.Flask.ensure_sync event=line locals={}
2026-08-22 23:51:54.282 /testbed/src/flask/app.py:1077 flask.app.Flask.ensure_sync event=line locals={}
2026-08-22 23:51:54.282 /testbed/src/flask/app.py:1077 flask.app.Flask.ensure_sync event=return retval=<function TestIndirectExceptionCallGraph.test_generated_requests_exercise_error_pipeline.<locals>.generated_failure.<locals>.local_after at 0x71487b400360> locals={'func': '<function TestIndirectExceptionCallGraph.test_generated_requests_exercise_error_pipeline.<locals>.generated_failure.<locals>.local_after at 0x71487b400360>', 'self': "<Flask 'runtime_exception_graph'>"}
2026-08-22 23:51:54.282 /testbed/src/flask/app.py:1407 flask.app.Flask.process_response event=line locals={}
2026-08-22 23:51:54.282 /testbed/src/flask/app.py:1408 flask.app.Flask.process_response event=line locals={'func': '<function TestIndirectExceptionCallGraph.test_generated_requests_exercise_error_pipeline.<locals>.generated_failure.<locals>.local_after at 0x71487b400400>'}
2026-08-22 23:51:54.282 /testbed/src/flask/app.py:1065 flask.app.Flask.ensure_sync event=call locals={'func': '<function TestIndirectExceptionCallGraph.test_generated_requests_exercise_error_pipeline.<locals>.generated_failure.<locals>.local_after at 0x71487b400400>', 'self': "<Flask 'runtime_exception_graph'>"}
2026-08-22 23:51:54.282 /testbed/src/flask/app.py:1074 flask.app.Flask.ensure_sync event=line locals={}
2026-08-22 23:51:54.282 /testbed/src/flask/app.py:1077 flask.app.Flask.ensure_sync event=line locals={}
2026-08-22 23:51:54.282 /testbed/src/flask/app.py:1077 flask.app.Flask.ensure_sync event=return retval=<function TestIndirectExceptionCallGraph.test_generated_requests_exercise_error_pipeline.<locals>.generated_failure.<locals>.local_after at 0x71487b400400> locals={'func': '<function TestIndirectExceptionCallGraph.test_generated_requests_exercise_error_pipeline.<locals>.generated_failure.<locals>.local_after at 0x71487b400400>', 'self': "<Flask 'runtime_exception_graph'>"}
2026-08-22 23:51:54.282 /testbed/src/flask/app.py:1407 flask.app.Flask.process_response event=line locals={}
2026-08-22 23:51:54.282 /testbed/src/flask/app.py:1408 flask.app.Flask.process_response event=line locals={'func': '<function TestIndirectExceptionCallGraph.test_generated_requests_exercise_error_pipeline.<locals>.generated_failure.<locals>.local_after at 0x71487b4004a0>'}
2026-08-22 23:51:54.282 /testbed/src/flask/app.py:1065 flask.app.Flask.ensure_sync event=call locals={'func': '<function TestIndirectExceptionCallGraph.test_generated_requests_exercise_error_pipeline.<locals>.generated_failure.<locals>.local_after at 0x71487b4004a0>', 'self': "<Flask 'runtime_exception_graph'>"}
2026-08-22 23:51:54.282 /testbed/src/flask/app.py:1074 flask.app.Flask.ensure_sync event=line locals={}
2026-08-22 23:51:54.282 /testbed/src/flask/app.py:1077 flask.app.Flask.ensure_sync event=line locals={}
2026-08-22 23:51:54.282 /testbed/src/flask/app.py:1077 flask.app.Flask.ensure_sync event=return retval=<function TestIndirectExceptionCallGraph.test_generated_requests_exercise_error_pipeline.<locals>.generated_failure.<locals>.local_after at 0x71487b4004a0> locals={'func': '<function TestIndirectExceptionCallGraph.test_generated_requests_exercise_error_pipeline.<locals>.generated_failure.<locals>.local_after at 0x71487b4004a0>', 'self': "<Flask 'runtime_exception_graph'>"}
2026-08-22 23:51:54.282 /testbed/src/flask/app.py:1407 flask.app.Flask.process_response event=line locals={}
2026-08-22 23:51:54.282 /testbed/src/flask/app.py:1408 flask.app.Flask.process_response event=line locals={'func': '<function TestIndirectExceptionCallGraph.test_generated_requests_exercise_error_pipeline.<locals>.generated_failure.<locals>.local_after at 0x71487b400540>'}
2026-08-22 23:51:54.282 /testbed/src/flask/app.py:1065 flask.app.Flask.ensure_sync event=call locals={'func': '<function TestIndirectExceptionCallGraph.test_generated_requests_exercise_error_pipeline.<locals>.generated_failure.<locals>.local_after at 0x71487b400540>', 'self': "<Flask 'runtime_exception_graph'>"}
2026-08-22 23:51:54.282 /testbed/src/flask/app.py:1074 flask.app.Flask.ensure_sync event=line locals={}
2026-08-22 23:51:54.282 /testbed/src/flask/app.py:1077 flask.app.Flask.ensure_sync event=line locals={}
2026-08-22 23:51:54.282 /testbed/src/flask/app.py:1077 flask.app.Flask.ensure_sync event=return retval=<function TestIndirectExceptionCallGraph.test_generated_requests_exercise_error_pipeline.<locals>.generated_failure.<locals>.local_after at 0x71487b400540> locals={'func': '<function TestIndirectExceptionCallGraph.test_generated_requests_exercise_error_pipeline.<locals>.generated_failure.<locals>.local_after at 0x71487b400540>', 'self': "<Flask 'runtime_exception_graph'>"}
2026-08-22 23:51:54.282 /testbed/src/flask/app.py:1407 flask.app.Flask.process_response event=line locals={}
2026-08-22 23:51:54.282 /testbed/src/flask/app.py:1408 flask.app.Flask.process_response event=line locals={'func': '<function TestIndirectExceptionCallGraph.test_generated_requests_exercise_error_pipeline.<locals>.generated_failure.<locals>.local_after at 0x71487b4005e0>'}
2026-08-22 23:51:54.282 /testbed/src/flask/app.py:1065 flask.app.Flask.ensure_sync event=call locals={'func': '<function TestIndirectExceptionCallGraph.test_generated_requests_exercise_error_pipeline.<locals>.generated_failure.<locals>.local_after at 0x71487b4005e0>', 'self': "<Flask 'runtime_exception_graph'>"}
2026-08-22 23:51:54.282 /testbed/src/flask/app.py:1074 flask.app.Flask.ensure_sync event=line locals={}
2026-08-22 23:51:54.282 /testbed/src/flask/app.py:1077 flask.app.Flask.ensure_sync event=line locals={}
2026-08-22 23:51:54.282 /testbed/src/flask/app.py:1077 flask.app.Flask.ensure_sync event=return retval=<function TestIndirectExceptionCallGraph.test_generated_requests_exercise_error_pipeline.<locals>.generated_failure.<locals>.local_after at 0x71487b4005e0> locals={'func': '<function TestIndirectExceptionCallGraph.test_generated_requests_exercise_error_pipeline.<locals>.generated_failure.<locals>.local_after at 0x71487b4005e0>', 'self': "<Flask 'runtime_exception_graph'>"}
2026-08-22 23:51:54.282 /testbed/src/flask/app.py:1407 flask.app.Flask.process_response event=line locals={}
2026-08-22 23:51:54.282 /testbed/src/flask/app.py:1408 flask.app.Flask.process_response event=line locals={'func': '<function TestIndirectExceptionCallGraph.test_generated_requests_exercise_error_pipeline.<locals>.generated_failure.<locals>.local_after at 0x71487b400680>'}
2026-08-22 23:51:54.282 /testbed/src/flask/app.py:1065 flask.app.Flask.ensure_sync event=call locals={'func': '<function TestIndirectExceptionCallGraph.test_generated_requests_exercise_error_pipeline.<locals>.generated_failure.<locals>.local_after at 0x71487b400680>', 'self': "<Flask 'runtime_exception_graph'>"}
2026-08-22 23:51:54.282 /testbed/src/flask/app.py:1074 flask.app.Flask.ensure_sync event=line locals={}
2026-08-22 23:51:54.282 /testbed/src/flask/app.py:1077 flask.app.Flask.ensure_sync event=line locals={}
2026-08-22 23:51:54.282 /testbed/src/flask/app.py:1077 flask.app.Flask.ensure_sync event=return retval=<function TestIndirectExceptionCallGraph.test_generated_requests_exercise_error_pipeline.<locals>.generated_failure.<locals>.local_after at 0x71487b400680> locals={'func': '<function TestIndirectExceptionCallGraph.test_generated_requests_exercise_error_pipeline.<locals>.generated_failure.<locals>.local_after at 0x71487b400680>', 'self': "<Flask 'runtime_exception_graph'>"}
2026-08-22 23:51:54.283 /testbed/src/flask/app.py:1407 flask.app.Flask.process_response event=line locals={}
2026-08-22 23:51:54.283 /testbed/src/flask/app.py:1408 flask.app.Flask.process_response event=line locals={'func': '<function TestIndirectExceptionCallGraph.test_generated_requests_exercise_error_pipeline.<locals>.generated_failure.<locals>.local_after at 0x71487b400720>'}
2026-08-22 23:51:54.283 /testbed/src/flask/app.py:1065 flask.app.Flask.ensure_sync event=call locals={'func': '<function TestIndirectExceptionCallGraph.test_generated_requests_exercise_error_pipeline.<locals>.generated_failure.<locals>.local_after at 0x71487b400720>', 'self': "<Flask 'runtime_exception_graph'>"}
2026-08-22 23:51:54.283 /testbed/src/flask/app.py:1074 flask.app.Flask.ensure_sync event=line locals={}
2026-08-22 23:51:54.283 /testbed/src/flask/app.py:1077 flask.app.Flask.ensure_sync event=line locals={}
2026-08-22 23:51:54.283 /testbed/src/flask/app.py:1077 flask.app.Flask.ensure_sync event=return retval=<function TestIndirectExceptionCallGraph.test_generated_requests_exercise_error_pipeline.<locals>.generated_failure.<locals>.local_after at 0x71487b400720> locals={'func': '<function TestIndirectExceptionCallGraph.test_generated_requests_exercise_error_pipeline.<locals>.generated_failure.<locals>.local_after at 0x71487b400720>', 'self': "<Flask 'runtime_exception_graph'>"}
2026-08-22 23:51:54.283 /testbed/src/flask/app.py:1407 flask.app.Flask.process_response event=line locals={}
2026-08-22 23:51:54.283 /testbed/src/flask/app.py:1408 flask.app.Flask.process_response event=line locals={'func': '<function TestIndirectExceptionCallGraph.test_generated_requests_exercise_error_pipeline.<locals>.generated_failure.<locals>.local_after at 0x71487b4007c0>'}
2026-08-22 23:51:54.283 /testbed/src/flask/app.py:1065 flask.app.Flask.ensure_sync event=call locals={'func': '<function TestIndirectExceptionCallGraph.test_generated_requests_exercise_error_pipeline.<locals>.generated_failure.<locals>.local_after at 0x71487b4007c0>', 'self': "<Flask 'runtime_exception_graph'>"}
2026-08-22 23:51:54.283 /testbed/src/flask/app.py:1074 flask.app.Flask.ensure_sync event=line locals={}
2026-08-22 23:51:54.283 /testbed/src/flask/app.py:1077 flask.app.Flask.ensure_sync event=line locals={}
2026-08-22 23:51:54.283 /testbed/src/flask/app.py:1077 flask.app.Flask.ensure_sync event=return retval=<function TestIndirectExceptionCallGraph.test_generated_requests_exercise_error_pipeline.<locals>.generated_failure.<locals>.local_after at 0x71487b4007c0> locals={'func': '<function TestIndirectExceptionCallGraph.test_generated_requests_exercise_error_pipeline.<locals>.generated_failure.<locals>.local_after at 0x71487b4007c0>', 'self': "<Flask 'runtime_exception_graph'>"}
2026-08-22 23:51:54.283 /testbed/src/flask/app.py:1407 flask.app.Flask.process_response event=line locals={}
2026-08-22 23:51:54.283 /testbed/src/flask/app.py:1408 flask.app.Flask.process_response event=line locals={'func': '<function TestIndirectExceptionCallGraph.test_generated_requests_exercise_error_pipeline.<locals>.generated_failure.<locals>.local_after at 0x71487b400860>'}
2026-08-22 23:51:54.283 /testbed/src/flask/app.py:1065 flask.app.Flask.ensure_sync event=call locals={'func': '<function TestIndirectExceptionCallGraph.test_generated_requests_exercise_error_pipeline.<locals>.generated_failure.<locals>.local_after at 0x71487b400860>', 'self': "<Flask 'runtime_exception_graph'>"}
2026-08-22 23:51:54.283 /testbed/src/flask/app.py:1074 flask.app.Flask.ensure_sync event=line locals={}
2026-08-22 23:51:54.283 /testbed/src/flask/app.py:1077 flask.app.Flask.ensure_sync event=line locals={}
2026-08-22 23:51:54.283 /testbed/src/flask/app.py:1077 flask.app.Flask.ensure_sync event=return retval=<function TestIndirectExceptionCallGraph.test_generated_requests_exercise_error_pipeline.<locals>.generated_failure.<locals>.local_after at 0x71487b400860> locals={'func': '<function TestIndirectExceptionCallGraph.test_generated_requests_exercise_error_pipeline.<locals>.generated_failure.<locals>.local_after at 0x71487b400860>', 'self': "<Flask 'runtime_exception_graph'>"}
2026-08-22 23:51:54.283 /testbed/src/flask/app.py:1407 flask.app.Flask.process_response event=line locals={}
2026-08-22 23:51:54.283 /testbed/src/flask/app.py:1408 flask.app.Flask.process_response event=line locals={'func': '<function TestIndirectExceptionCallGraph.test_generated_requests_exercise_error_pipeline.<locals>.generated_failure.<locals>.local_after at 0x71487b400900>'}
2026-08-22 23:51:54.283 /testbed/src/flask/app.py:1065 flask.app.Flask.ensure_sync event=call locals={'func': '<function TestIndirectExceptionCallGraph.test_generated_requests_exercise_error_pipeline.<locals>.generated_failure.<locals>.local_after at 0x71487b400900>', 'self': "<Flask 'runtime_exception_graph'>"}
2026-08-22 23:51:54.283 /testbed/src/flask/app.py:1074 flask.app.Flask.ensure_sync event=line locals={}
2026-08-22 23:51:54.283 /testbed/src/flask/app.py:1077 flask.app.Flask.ensure_sync event=line locals={}
2026-08-22 23:51:54.283 /testbed/src/flask/app.py:1077 flask.app.Flask.ensure_sync event=return retval=<function TestIndirectExceptionCallGraph.test_generated_requests_exercise_error_pipeline.<locals>.generated_failure.<locals>.local_after at 0x71487b400900> locals={'func': '<function TestIndirectExceptionCallGraph.test_generated_requests_exercise_error_pipeline.<locals>.generated_failure.<locals>.local_after at 0x71487b400900>', 'self': "<Flask 'runtime_exception_graph'>"}
2026-08-22 23:51:54.283 /testbed/src/flask/app.py:1407 flask.app.Flask.process_response event=line locals={}
2026-08-22 23:51:54.283 /testbed/src/flask/app.py:1408 flask.app.Flask.process_response event=line locals={'func': '<function TestIndirectExceptionCallGraph.test_generated_requests_exercise_error_pipeline.<locals>.generated_failure.<locals>.local_after at 0x71487b4009a0>'}
2026-08-22 23:51:54.283 /testbed/src/flask/app.py:1065 flask.app.Flask.ensure_sync event=call locals={'func': '<function TestIndirectExceptionCallGraph.test_generated_requests_exercise_error_pipeline.<locals>.generated_failure.<locals>.local_after at 0x71487b4009a0>', 'self': "<Flask 'runtime_exception_graph'>"}
2026-08-22 23:51:54.283 /testbed/src/flask/app.py:1074 flask.app.Flask.ensure_sync event=line locals={}
2026-08-22 23:51:54.283 /testbed/src/flask/app.py:1077 flask.app.Flask.ensure_sync event=line locals={}
2026-08-22 23:51:54.283 /testbed/src/flask/app.py:1077 flask.app.Flask.ensure_sync event=return retval=<function TestIndirectExceptionCallGraph.test_generated_requests_exercise_error_pipeline.<locals>.generated_failure.<locals>.local_after at 0x71487b4009a0> locals={'func': '<function TestIndirectExceptionCallGraph.test_generated_requests_exercise_error_pipeline.<locals>.generated_failure.<locals>.local_after at 0x71487b4009a0>', 'self': "<Flask 'runtime_exception_graph'>"}
2026-08-22 23:51:54.283 /testbed/src/flask/app.py:1407 flask.app.Flask.process_response event=line locals={}
2026-08-22 23:51:54.283 /testbed/src/flask/app.py:1408 flask.app.Flask.process_response event=line locals={'func': '<function TestIndirectExceptionCallGraph.test_generated_requests_exercise_error_pipeline.<locals>.generated_failure.<locals>.local_after at 0x71487b400a40>'}
2026-08-22 23:51:54.283 /testbed/src/flask/app.py:1065 flask.app.Flask.ensure_sync event=call locals={'func': '<function TestIndirectExceptionCallGraph.test_generated_requests_exercise_error_pipeline.<locals>.generated_failure.<locals>.local_after at 0x71487b400a40>', 'self': "<Flask 'runtime_exception_graph'>"}
2026-08-22 23:51:54.283 /testbed/src/flask/app.py:1074 flask.app.Flask.ensure_sync event=line locals={}
2026-08-22 23:51:54.283 /testbed/src/flask/app.py:1077 flask.app.Flask.ensure_sync event=line locals={}
2026-08-22 23:51:54.283 /testbed/src/flask/app.py:1077 flask.app.Flask.ensure_sync event=return retval=<function TestIndirectExceptionCallGraph.test_generated_requests_exercise_error_pipeline.<locals>.generated_failure.<locals>.local_after at 0x71487b400a40> locals={'func': '<function TestIndirectExceptionCallGraph.test_generated_requests_exercise_error_pipeline.<locals>.generated_failure.<locals>.local_after at 0x71487b400a40>', 'self': "<Flask 'runtime_exception_graph'>"}
2026-08-22 23:51:54.283 /testbed/src/flask/app.py:1407 flask.app.Flask.process_response event=line locals={}
2026-08-22 23:51:54.283 /testbed/src/flask/app.py:1408 flask.app.Flask.process_response event=line locals={'func': '<function TestIndirectExceptionCallGraph.test_generated_requests_exercise_error_pipeline.<locals>.generated_failure.<locals>.local_after at 0x71487b400ae0>'}
2026-08-22 23:51:54.283 /testbed/src/flask/app.py:1065 flask.app.Flask.ensure_sync event=call locals={'func': '<function TestIndirectExceptionCallGraph.test_generated_requests_exercise_error_pipeline.<locals>.generated_failure.<locals>.local_after at 0x71487b400ae0>', 'self': "<Flask 'runtime_exception_graph'>"}
2026-08-22 23:51:54.283 /testbed/src/flask/app.py:1074 flask.app.Flask.ensure_sync event=line locals={}
2026-08-22 23:51:54.283 /testbed/src/flask/app.py:1077 flask.app.Flask.ensure_sync event=line locals={}
2026-08-22 23:51:54.283 /testbed/src/flask/app.py:1077 flask.app.Flask.ensure_sync event=return retval=<function TestIndirectExceptionCallGraph.test_generated_requests_exercise_error_pipeline.<locals>.generated_failure.<locals>.local_after at 0x71487b400ae0> locals={'func': '<function TestIndirectExceptionCallGraph.test_generated_requests_exercise_error_pipeline.<locals>.generated_failure.<locals>.local_after at 0x71487b400ae0>', 'self': "<Flask 'runtime_exception_graph'>"}
2026-08-22 23:51:54.284 /testbed/src/flask/app.py:1407 flask.app.Flask.process_response event=line locals={}
2026-08-22 23:51:54.284 /testbed/src/flask/app.py:1410 flask.app.Flask.process_response event=line locals={}
2026-08-22 23:51:54.284 /testbed/src/flask/app.py:1411 flask.app.Flask.process_response event=line locals={'name': 'None'}
2026-08-22 23:51:54.284 /testbed/src/flask/app.py:1412 flask.app.Flask.process_response event=line locals={}
2026-08-22 23:51:54.284 /testbed/src/flask/app.py:1413 flask.app.Flask.process_response event=line locals={'func': '<function TestIndirectExceptionCallGraph.test_generated_requests_exercise_error_pipeline.<locals>.global_after at 0x71487b39c5e0>'}
2026-08-22 23:51:54.284 /testbed/src/flask/app.py:1065 flask.app.Flask.ensure_sync event=call locals={'func': '<function TestIndirectExceptionCallGraph.test_generated_requests_exercise_error_pipeline.<locals>.global_after at 0x71487b39c5e0>', 'self': "<Flask 'runtime_exception_graph'>"}
2026-08-22 23:51:54.284 /testbed/src/flask/app.py:1074 flask.app.Flask.ensure_sync event=line locals={}
2026-08-22 23:51:54.284 /testbed/src/flask/app.py:1077 flask.app.Flask.ensure_sync event=line locals={}
2026-08-22 23:51:54.284 /testbed/src/flask/app.py:1077 flask.app.Flask.ensure_sync event=return retval=<function TestIndirectExceptionCallGraph.test_generated_requests_exercise_error_pipeline.<locals>.global_after at 0x71487b39c5e0> locals={'func': '<function TestIndirectExceptionCallGraph.test_generated_requests_exercise_error_pipeline.<locals>.global_after at 0x71487b39c5e0>', 'self': "<Flask 'runtime_exception_graph'>"}
2026-08-22 23:51:54.284 /testbed/src/flask/app.py:1412 flask.app.Flask.process_response event=line locals={}
2026-08-22 23:51:54.284 /testbed/src/flask/app.py:1413 flask.app.Flask.process_response event=line locals={'func': '<function TestIndirectExceptionCallGraph.test_generated_requests_exercise_error_pipeline.<locals>.global_after at 0x71487b39c540>'}
2026-08-22 23:51:54.284 /testbed/src/flask/app.py:1065 flask.app.Flask.ensure_sync event=call locals={'func': '<function TestIndirectExceptionCallGraph.test_generated_requests_exercise_error_pipeline.<locals>.global_after at 0x71487b39c540>', 'self': "<Flask 'runtime_exception_graph'>"}
2026-08-22 23:51:54.284 /testbed/src/flask/app.py:1074 flask.app.Flask.ensure_sync event=line locals={}
2026-08-22 23:51:54.284 /testbed/src/flask/app.py:1077 flask.app.Flask.ensure_sync event=line locals={}
2026-08-22 23:51:54.284 /testbed/src/flask/app.py:1077 flask.app.Flask.ensure_sync event=return retval=<function TestIndirectExceptionCallGraph.test_generated_requests_exercise_error_pipeline.<locals>.global_after at 0x71487b39c540> locals={'func': '<function TestIndirectExceptionCallGraph.test_generated_requests_exercise_error_pipeline.<locals>.global_after at 0x71487b39c540>', 'self': "<Flask 'runtime_exception_graph'>"}
2026-08-22 23:51:54.284 /testbed/src/flask/app.py:1412 flask.app.Flask.process_response event=line locals={}
2026-08-22 23:51:54.284 /testbed/src/flask/app.py:1413 flask.app.Flask.process_response event=line locals={'func': '<function TestIndirectExceptionCallGraph.test_generated_requests_exercise_error_pipeline.<locals>.global_after at 0x71487b39c4a0>'}
2026-08-22 23:51:54.284 /testbed/src/flask/app.py:1065 flask.app.Flask.ensure_sync event=call locals={'func': '<function TestIndirectExceptionCallGraph.test_generated_requests_exercise_error_pipeline.<locals>.global_after at 0x71487b39c4a0>', 'self': "<Flask 'runtime_exception_graph'>"}
2026-08-22 23:51:54.284 /testbed/src/flask/app.py:1074 flask.app.Flask.ensure_sync event=line locals={}
2026-08-22 23:51:54.284 /testbed/src/flask/app.py:1077 flask.app.Flask.ensure_sync event=line locals={}
2026-08-22 23:51:54.284 /testbed/src/flask/app.py:1077 flask.app.Flask.ensure_sync event=return retval=<function TestIndirectExceptionCallGraph.test_generated_requests_exercise_error_pipeline.<locals>.global_after at 0x71487b39c4a0> locals={'func': '<function TestIndirectExceptionCallGraph.test_generated_requests_exercise_error_pipeline.<locals>.global_after at 0x71487b39c4a0>', 'self': "<Flask 'runtime_exception_graph'>"}
2026-08-22 23:51:54.284 /testbed/src/flask/app.py:1412 flask.app.Flask.process_response event=line locals={}
2026-08-22 23:51:54.284 /testbed/src/flask/app.py:1413 flask.app.Flask.process_response event=line locals={'func': '<function TestIndirectExceptionCallGraph.test_generated_requests_exercise_error_pipeline.<locals>.global_after at 0x71487b39c400>'}
2026-08-22 23:51:54.284 /testbed/src/flask/app.py:1065 flask.app.Flask.ensure_sync event=call locals={'func': '<function TestIndirectExceptionCallGraph.test_generated_requests_exercise_error_pipeline.<locals>.global_after at 0x71487b39c400>', 'self': "<Flask 'runtime_exception_graph'>"}
2026-08-22 23:51:54.284 /testbed/src/flask/app.py:1074 flask.app.Flask.ensure_sync event=line locals={}
2026-08-22 23:51:54.284 /testbed/src/flask/app.py:1077 flask.app.Flask.ensure_sync event=line locals={}
2026-08-22 23:51:54.284 /testbed/src/flask/app.py:1077 flask.app.Flask.ensure_sync event=return retval=<function TestIndirectExceptionCallGraph.test_generated_requests_exercise_error_pipeline.<locals>.global_after at 0x71487b39c400> locals={'func': '<function TestIndirectExceptionCallGraph.test_generated_requests_exercise_error_pipeline.<locals>.global_after at 0x71487b39c400>', 'self': "<Flask 'runtime_exception_graph'>"}
2026-08-22 23:51:54.284 /testbed/src/flask/app.py:1412 flask.app.Flask.process_response event=line locals={}
2026-08-22 23:51:54.284 /testbed/src/flask/app.py:1413 flask.app.Flask.process_response event=line locals={'func': '<function TestIndirectExceptionCallGraph.test_generated_requests_exercise_error_pipeline.<locals>.global_after at 0x71487b39c360>'}
2026-08-22 23:51:54.284 /testbed/src/flask/app.py:1065 flask.app.Flask.ensure_sync event=call locals={'func': '<function TestIndirectExceptionCallGraph.test_generated_requests_exercise_error_pipeline.<locals>.global_after at 0x71487b39c360>', 'self': "<Flask 'runtime_exception_graph'>"}
2026-08-22 23:51:54.284 /testbed/src/flask/app.py:1074 flask.app.Flask.ensure_sync event=line locals={}
2026-08-22 23:51:54.284 /testbed/src/flask/app.py:1077 flask.app.Flask.ensure_sync event=line locals={}
2026-08-22 23:51:54.284 /testbed/src/flask/app.py:1077 flask.app.Flask.ensure_sync event=return retval=<function TestIndirectExceptionCallGraph.test_generated_requests_exercise_error_pipeline.<locals>.global_after at 0x71487b39c360> locals={'func': '<function TestIndirectExceptionCallGraph.test_generated_requests_exercise_error_pipeline.<locals>.global_after at 0x71487b39c360>', 'self': "<Flask 'runtime_exception_graph'>"}
2026-08-22 23:51:54.284 /testbed/src/flask/app.py:1412 flask.app.Flask.process_response event=line locals={}
2026-08-22 23:51:54.284 /testbed/src/flask/app.py:1413 flask.app.Flask.process_response event=line locals={'func': '<function TestIndirectExceptionCallGraph.test_generated_requests_exercise_error_pipeline.<locals>.global_after at 0x71487b39c2c0>'}
2026-08-22 23:51:54.284 /testbed/src/flask/app.py:1065 flask.app.Flask.ensure_sync event=call locals={'func': '<function TestIndirectExceptionCallGraph.test_generated_requests_exercise_error_pipeline.<locals>.global_after at 0x71487b39c2c0>', 'self': "<Flask 'runtime_exception_graph'>"}
2026-08-22 23:51:54.284 /testbed/src/flask/app.py:1074 flask.app.Flask.ensure_sync event=line locals={}
2026-08-22 23:51:54.284 /testbed/src/flask/app.py:1077 flask.app.Flask.ensure_sync event=line locals={}
2026-08-22 23:51:54.284 /testbed/src/flask/app.py:1077 flask.app.Flask.ensure_sync event=return retval=<function TestIndirectExceptionCallGraph.test_generated_requests_exercise_error_pipeline.<locals>.global_after at 0x71487b39c2c0> locals={'func': '<function TestIndirectExceptionCallGraph.test_generated_requests_exercise_error_pipeline.<locals>.global_after at 0x71487b39c2c0>', 'self': "<Flask 'runtime_exception_graph'>"}
2026-08-22 23:51:54.284 /testbed/src/flask/app.py:1412 flask.app.Flask.process_response event=line locals={}
2026-08-22 23:51:54.284 /testbed/src/flask/app.py:1413 flask.app.Flask.process_response event=line locals={'func': '<function TestIndirectExceptionCallGraph.test_generated_requests_exercise_error_pipeline.<locals>.global_after at 0x71487b39c220>'}
2026-08-22 23:51:54.285 /testbed/src/flask/app.py:1065 flask.app.Flask.ensure_sync event=call locals={'func': '<function TestIndirectExceptionCallGraph.test_generated_requests_exercise_error_pipeline.<locals>.global_after at 0x71487b39c220>', 'self': "<Flask 'runtime_exception_graph'>"}
2026-08-22 23:51:54.285 /testbed/src/flask/app.py:1074 flask.app.Flask.ensure_sync event=line locals={}
2026-08-22 23:51:54.285 /testbed/src/flask/app.py:1077 flask.app.Flask.ensure_sync event=line locals={}
2026-08-22 23:51:54.285 /testbed/src/flask/app.py:1077 flask.app.Flask.ensure_sync event=return retval=<function TestIndirectExceptionCallGraph.test_generated_requests_exercise_error_pipeline.<locals>.global_after at 0x71487b39c220> locals={'func': '<function TestIndirectExceptionCallGraph.test_generated_requests_exercise_error_pipeline.<locals>.global_after at 0x71487b39c220>', 'self': "<Flask 'runtime_exception_graph'>"}
2026-08-22 23:51:54.285 /testbed/src/flask/app.py:1412 flask.app.Flask.process_response event=line locals={}
2026-08-22 23:51:54.285 /testbed/src/flask/app.py:1413 flask.app.Flask.process_response event=line locals={'func': '<function TestIndirectExceptionCallGraph.test_generated_requests_exercise_error_pipeline.<locals>.global_after at 0x71487b39c180>'}
2026-08-22 23:51:54.285 /testbed/src/flask/app.py:1065 flask.app.Flask.ensure_sync event=call locals={'func': '<function TestIndirectExceptionCallGraph.test_generated_requests_exercise_error_pipeline.<locals>.global_after at 0x71487b39c180>', 'self': "<Flask 'runtime_exception_graph'>"}
2026-08-22 23:51:54.285 /testbed/src/flask/app.py:1074 flask.app.Flask.ensure_sync event=line locals={}
2026-08-22 23:51:54.285 /testbed/src/flask/app.py:1077 flask.app.Flask.ensure_sync event=line locals={}
2026-08-22 23:51:54.285 /testbed/src/flask/app.py:1077 flask.app.Flask.ensure_sync event=return retval=<function TestIndirectExceptionCallGraph.test_generated_requests_exercise_error_pipeline.<locals>.global_after at 0x71487b39c180> locals={'func': '<function TestIndirectExceptionCallGraph.test_generated_requests_exercise_error_pipeline.<locals>.global_after at 0x71487b39c180>', 'self': "<Flask 'runtime_exception_graph'>"}
2026-08-22 23:51:54.285 /testbed/src/flask/app.py:1412 flask.app.Flask.process_response event=line locals={}
2026-08-22 23:51:54.285 /testbed/src/flask/app.py:1413 flask.app.Flask.process_response event=line locals={'func': '<function TestIndirectExceptionCallGraph.test_generated_requests_exercise_error_pipeline.<locals>.global_after at 0x71487b39c040>'}
2026-08-22 23:51:54.285 /testbed/src/flask/app.py:1065 flask.app.Flask.ensure_sync event=call locals={'func': '<function TestIndirectExceptionCallGraph.test_generated_requests_exercise_error_pipeline.<locals>.global_after at 0x71487b39c040>', 'self': "<Flask 'runtime_exception_graph'>"}
2026-08-22 23:51:54.285 /testbed/src/flask/app.py:1074 flask.app.Flask.ensure_sync event=line locals={}
2026-08-22 23:51:54.285 /testbed/src/flask/app.py:1077 flask.app.Flask.ensure_sync event=line locals={}
2026-08-22 23:51:54.285 /testbed/src/flask/app.py:1077 flask.app.Flask.ensure_sync event=return retval=<function TestIndirectExceptionCallGraph.test_generated_requests_exercise_error_pipeline.<locals>.global_after at 0x71487b39c040> locals={'func': '<function TestIndirectExceptionCallGraph.test_generated_requests_exercise_error_pipeline.<locals>.global_after at 0x71487b39c040>', 'self': "<Flask 'runtime_exception_graph'>"}
2026-08-22 23:51:54.285 /testbed/src/flask/app.py:1412 flask.app.Flask.process_response event=line locals={}
2026-08-22 23:51:54.285 /testbed/src/flask/app.py:1410 flask.app.Flask.process_response event=line locals={}
2026-08-22 23:51:54.285 /testbed/src/flask/app.py:1415 flask.app.Flask.process_response event=line locals={}
2026-08-22 23:51:54.285 /testbed/src/flask/app.py:1418 flask.app.Flask.process_response event=line locals={}
2026-08-22 23:51:54.285 /testbed/src/flask/app.py:1418 flask.app.Flask.process_response event=return retval=<Response 29 bytes [500 INTERNAL SERVER ERROR]> locals={'ctx': "<AppContext 124556119415760 of runtime_exception_graph, GET 'http://localhost/generated/20'>", 'func': '<function TestIndirectExceptionCallGraph.test_generated_requests_exercise_error_pipeline.<locals>.global_after at 0x71487b39c040>', 'name': 'None', 'response': '<Response 29 bytes [500 INTERNAL SERVER ERROR]>', 'self': "<Flask 'runtime_exception_graph'>"}
2026-08-22 23:51:54.285 /testbed/src/flask/app.py:1042 flask.app.Flask.finalize_request event=line locals={}
2026-08-22 23:51:54.285 /testbed/src/flask/app.py:1043 flask.app.Flask.finalize_request event=line locals={}
2026-08-22 23:51:54.285 /testbed/src/flask/app.py:1042 flask.app.Flask.finalize_request event=line locals={}
2026-08-22 23:51:54.285 /testbed/src/flask/app.py:1051 flask.app.Flask.finalize_request event=line locals={}
2026-08-22 23:51:54.285 /testbed/src/flask/app.py:1051 flask.app.Flask.finalize_request event=return retval=<Response 29 bytes [500 INTERNAL SERVER ERROR]> locals={'ctx': "<AppContext 124556119415760 of runtime_exception_graph, GET 'http://localhost/generated/20'>", 'from_error_handler': 'True', 'response': '<Response 29 bytes [500 INTERNAL SERVER ERROR]>', 'rv': "({'checksum': 837227, 'mode': 0}, 500)", 'self': "<Flask 'runtime_exception_graph'>"}
2026-08-22 23:51:54.286 /testbed/src/flask/app.py:948 flask.app.Flask.handle_exception event=return retval=<Response 29 bytes [500 INTERNAL SERVER ERROR]> locals={'ctx': "<AppContext 124556119415760 of runtime_exception_graph, GET 'http://localhost/generated/20'>", 'e': "RuntimeError('generated failure 8ca73')", 'exc_info': "(<class 'RuntimeError'>, RuntimeError('generated failure 8ca73'), <traceback object at 0x71487b40aac0>)", 'handler': '<function TestIndirectExceptionCallGraph.test_generated_requests_exercise_error_pipeline.<locals>.convert_unhandled_error at 0x71487b39c720>', 'propagate': 'False', 'self': "<Flask 'runtime_exception_graph'>", 'server_error': "({'checksum': 837227, 'mode': 0}, 500)"}
2026-08-22 23:51:54.295 /testbed/src/flask/app.py:1065 flask.app.Flask.ensure_sync event=call locals={'func': '<function TestIndirectExceptionCallGraph.test_generated_requests_exercise_error_pipeline.<locals>.generated_failure at 0x71487b39c9a0>', 'self': "<Flask 'runtime_exception_graph'>"}
2026-08-22 23:51:54.295 /testbed/src/flask/app.py:1074 flask.app.Flask.ensure_sync event=line locals={}
2026-08-22 23:51:54.295 /testbed/src/flask/app.py:1077 flask.app.Flask.ensure_sync event=line locals={}
2026-08-22 23:51:54.295 /testbed/src/flask/app.py:1077 flask.app.Flask.ensure_sync event=return retval=<function TestIndirectExceptionCallGraph.test_generated_requests_exercise_error_pipeline.<locals>.generated_failure at 0x71487b39c9a0> locals={'func': '<function TestIndirectExceptionCallGraph.test_generated_requests_exercise_error_pipeline.<locals>.generated_failure at 0x71487b39c9a0>', 'self': "<Flask 'runtime_exception_graph'>"}
2026-08-22 23:51:54.296 /testbed/src/flask/app.py:897 flask.app.Flask.handle_exception event=call locals={'ctx': "<AppContext 124556119428496 of runtime_exception_graph, GET 'http://localhost/generated/23'>", 'e': "RuntimeError('generated failure 9fa0f')", 'self': "<Flask 'runtime_exception_graph'>"}
2026-08-22 23:51:54.296 /testbed/src/flask/app.py:925 flask.app.Flask.handle_exception event=line locals={}
2026-08-22 23:51:54.296 /testbed/src/flask/app.py:926 flask.app.Flask.handle_exception event=line locals={'exc_info': "(<class 'RuntimeError'>, RuntimeError('generated failure 9fa0f'), <traceback object at 0x71487b40a200>)"}
2026-08-22 23:51:54.296 /testbed/src/flask/app.py:927 flask.app.Flask.handle_exception event=line locals={}
2026-08-22 23:51:54.296 /testbed/src/flask/app.py:929 flask.app.Flask.handle_exception event=line locals={'propagate': 'False'}
2026-08-22 23:51:54.296 /testbed/src/flask/app.py:932 flask.app.Flask.handle_exception event=line locals={}
2026-08-22 23:51:54.296 /testbed/src/flask/app.py:940 flask.app.Flask.handle_exception event=line locals={}
2026-08-22 23:51:54.296 /testbed/src/flask/app.py:950 flask.app.Flask.log_exception event=call locals={'ctx': "<AppContext 124556119428496 of runtime_exception_graph, GET 'http://localhost/generated/23'>", 'exc_info': "(<class 'RuntimeError'>, RuntimeError('generated failure 9fa0f'), <traceback object at 0x71487b40a200>)", 'self': "<Flask 'runtime_exception_graph'>"}
2026-08-22 23:51:54.296 /testbed/src/flask/app.py:962 flask.app.Flask.log_exception event=line locals={}
2026-08-22 23:51:54.297 /testbed/src/flask/app.py:963 flask.app.Flask.log_exception event=line locals={}
2026-08-22 23:51:54.297 /testbed/src/flask/app.py:962 flask.app.Flask.log_exception event=line locals={}
2026-08-22 23:51:54.297 /testbed/src/flask/app.py:962 flask.app.Flask.log_exception event=return retval=None locals={'ctx': "<AppContext 124556119428496 of runtime_exception_graph, GET 'http://localhost/generated/23'>", 'exc_info': "(<class 'RuntimeError'>, RuntimeError('generated failure 9fa0f'), <traceback object at 0x71487b40a200>)", 'self': "<Flask 'runtime_exception_graph'>"}
2026-08-22 23:51:54.297 /testbed/src/flask/app.py:942 flask.app.Flask.handle_exception event=line locals={}
2026-08-22 23:51:54.297 /testbed/src/flask/app.py:943 flask.app.Flask.handle_exception event=line locals={'server_error': "<InternalServerError '500: Internal Server Error'>"}
2026-08-22 23:51:54.297 /testbed/src/flask/app.py:945 flask.app.Flask.handle_exception event=line locals={'handler': '<function TestIndirectExceptionCallGraph.test_generated_requests_exercise_error_pipeline.<locals>.convert_unhandled_error at 0x71487b39c720>'}
2026-08-22 23:51:54.297 /testbed/src/flask/app.py:946 flask.app.Flask.handle_exception event=line locals={}
2026-08-22 23:51:54.297 /testbed/src/flask/app.py:1065 flask.app.Flask.ensure_sync event=call locals={'func': '<function TestIndirectExceptionCallGraph.test_generated_requests_exercise_error_pipeline.<locals>.convert_unhandled_error at 0x71487b39c720>', 'self': "<Flask 'runtime_exception_graph'>"}
2026-08-22 23:51:54.297 /testbed/src/flask/app.py:1074 flask.app.Flask.ensure_sync event=line locals={}
2026-08-22 23:51:54.297 /testbed/src/flask/app.py:1077 flask.app.Flask.ensure_sync event=line locals={}
2026-08-22 23:51:54.297 /testbed/src/flask/app.py:1077 flask.app.Flask.ensure_sync event=return retval=<function TestIndirectExceptionCallGraph.test_generated_requests_exercise_error_pipeline.<locals>.convert_unhandled_error at 0x71487b39c720> locals={'func': '<function TestIndirectExceptionCallGraph.test_generated_requests_exercise_error_pipeline.<locals>.convert_unhandled_error at 0x71487b39c720>', 'self': "<Flask 'runtime_exception_graph'>"}
2026-08-22 23:51:54.297 /testbed/src/flask/app.py:948 flask.app.Flask.handle_exception event=line locals={'server_error': "([866563, 1, 18], 500, {'X-QA-Mode': '1'})"}
2026-08-22 23:51:54.297 /testbed/src/flask/app.py:1021 flask.app.Flask.finalize_request event=call locals={'ctx': "<AppContext 124556119428496 of runtime_exception_graph, GET 'http://localhost/generated/23'>", 'from_error_handler': 'True', 'rv': "([866563, 1, 18], 500, {'X-QA-Mode': '1'})", 'self': "<Flask 'runtime_exception_graph'>"}
2026-08-22 23:51:54.297 /testbed/src/flask/app.py:1039 flask.app.Flask.finalize_request event=line locals={}
2026-08-22 23:51:54.297 /testbed/src/flask/app.py:1224 flask.app.Flask.make_response event=call locals={'rv': "([866563, 1, 18], 500, {'X-QA-Mode': '1'})", 'self': "<Flask 'runtime_exception_graph'>"}
2026-08-22 23:51:54.297 /testbed/src/flask/app.py:1281 flask.app.Flask.make_response event=line locals={}
2026-08-22 23:51:54.297 /testbed/src/flask/app.py:1282 flask.app.Flask.make_response event=line locals={'status': 'None'}
2026-08-22 23:51:54.297 /testbed/src/flask/app.py:1285 flask.app.Flask.make_response event=line locals={'headers': 'None'}
2026-08-22 23:51:54.297 /testbed/src/flask/app.py:1286 flask.app.Flask.make_response event=line locals={}
2026-08-22 23:51:54.297 /testbed/src/flask/app.py:1289 flask.app.Flask.make_response event=line locals={'len_rv': '3'}
2026-08-22 23:51:54.297 /testbed/src/flask/app.py:1290 flask.app.Flask.make_response event=line locals={}
2026-08-22 23:51:54.297 /testbed/src/flask/app.py:1306 flask.app.Flask.make_response event=line locals={'headers': "{'X-QA-Mode': '1'}", 'rv': '[866563, 1, 18]', 'status': '500'}
2026-08-22 23:51:54.297 /testbed/src/flask/app.py:1314 flask.app.Flask.make_response event=line locals={}
2026-08-22 23:51:54.297 /testbed/src/flask/app.py:1315 flask.app.Flask.make_response event=line locals={}
2026-08-22 23:51:54.297 /testbed/src/flask/app.py:1325 flask.app.Flask.make_response event=line locals={}
2026-08-22 23:51:54.297 /testbed/src/flask/app.py:1326 flask.app.Flask.make_response event=line locals={}
2026-08-22 23:51:54.298 /testbed/src/flask/app.py:1352 flask.app.Flask.make_response event=line locals={'rv': '<Response 14 bytes [200 OK]>'}
2026-08-22 23:51:54.298 /testbed/src/flask/app.py:1354 flask.app.Flask.make_response event=line locals={}
2026-08-22 23:51:54.298 /testbed/src/flask/app.py:1355 flask.app.Flask.make_response event=line locals={}
2026-08-22 23:51:54.298 /testbed/src/flask/app.py:1358 flask.app.Flask.make_response event=line locals={}
2026-08-22 23:51:54.298 /testbed/src/flask/app.py:1361 flask.app.Flask.make_response event=line locals={'rv': '<Response 14 bytes [500 INTERNAL SERVER ERROR]>'}
2026-08-22 23:51:54.298 /testbed/src/flask/app.py:1362 flask.app.Flask.make_response event=line locals={}
2026-08-22 23:51:54.298 /testbed/src/flask/app.py:1364 flask.app.Flask.make_response event=line locals={}
2026-08-22 23:51:54.298 /testbed/src/flask/app.py:1364 flask.app.Flask.make_response event=return retval=<Response 14 bytes [500 INTERNAL SERVER ERROR]> locals={'headers': "{'X-QA-Mode': '1'}", 'len_rv': '3', 'rv': '<Response 14 bytes [500 INTERNAL SERVER ERROR]>', 'self': "<Flask 'runtime_exception_graph'>", 'status': '500'}
2026-08-22 23:51:54.298 /testbed/src/flask/app.py:1040 flask.app.Flask.finalize_request event=line locals={'response': '<Response 14 bytes [500 INTERNAL SERVER ERROR]>'}
2026-08-22 23:51:54.298 /testbed/src/flask/app.py:1041 flask.app.Flask.finalize_request event=line locals={}
2026-08-22 23:51:54.298 /testbed/src/flask/app.py:1394 flask.app.Flask.process_response event=call locals={'ctx': "<AppContext 124556119428496 of runtime_exception_graph, GET 'http://localhost/generated/23'>", 'response': '<Response 14 bytes [500 INTERNAL SERVER ERROR]>', 'self': "<Flask 'runtime_exception_graph'>"}
2026-08-22 23:51:54.298 /testbed/src/flask/app.py:1407 flask.app.Flask.process_response event=line locals={}
2026-08-22 23:51:54.298 /testbed/src/flask/app.py:1408 flask.app.Flask.process_response event=line locals={'func': '<function TestIndirectExceptionCallGraph.test_generated_requests_exercise_error_pipeline.<locals>.generated_failure.<locals>.local_after at 0x71487b3be8e0>'}
2026-08-22 23:51:54.298 /testbed/src/flask/app.py:1065 flask.app.Flask.ensure_sync event=call locals={'func': '<function TestIndirectExceptionCallGraph.test_generated_requests_exercise_error_pipeline.<locals>.generated_failure.<locals>.local_after at 0x71487b3be8e0>', 'self': "<Flask 'runtime_exception_graph'>"}
2026-08-22 23:51:54.298 /testbed/src/flask/app.py:1074 flask.app.Flask.ensure_sync event=line locals={}
2026-08-22 23:51:54.298 /testbed/src/flask/app.py:1077 flask.app.Flask.ensure_sync event=line locals={}
2026-08-22 23:51:54.298 /testbed/src/flask/app.py:1077 flask.app.Flask.ensure_sync event=return retval=<function TestIndirectExceptionCallGraph.test_generated_requests_exercise_error_pipeline.<locals>.generated_failure.<locals>.local_after at 0x71487b3be8e0> locals={'func': '<function TestIndirectExceptionCallGraph.test_generated_requests_exercise_error_pipeline.<locals>.generated_failure.<locals>.local_after at 0x71487b3be8e0>', 'self': "<Flask 'runtime_exception_graph'>"}
2026-08-22 23:51:54.299 /testbed/src/flask/app.py:1407 flask.app.Flask.process_response event=line locals={}
2026-08-22 23:51:54.299 /testbed/src/flask/app.py:1408 flask.app.Flask.process_response event=line locals={'func': '<function TestIndirectExceptionCallGraph.test_generated_requests_exercise_error_pipeline.<locals>.generated_failure.<locals>.local_after at 0x71487b3be200>'}
2026-08-22 23:51:54.299 /testbed/src/flask/app.py:1065 flask.app.Flask.ensure_sync event=call locals={'func': '<function TestIndirectExceptionCallGraph.test_generated_requests_exercise_error_pipeline.<locals>.generated_failure.<locals>.local_after at 0x71487b3be200>', 'self': "<Flask 'runtime_exception_graph'>"}
2026-08-22 23:51:54.299 /testbed/src/flask/app.py:1074 flask.app.Flask.ensure_sync event=line locals={}
2026-08-22 23:51:54.299 /testbed/src/flask/app.py:1077 flask.app.Flask.ensure_sync event=line locals={}
2026-08-22 23:51:54.299 /testbed/src/flask/app.py:1077 flask.app.Flask.ensure_sync event=return retval=<function TestIndirectExceptionCallGraph.test_generated_requests_exercise_error_pipeline.<locals>.generated_failure.<locals>.local_after at 0x71487b3be200> locals={'func': '<function TestIndirectExceptionCallGraph.test_generated_requests_exercise_error_pipeline.<locals>.generated_failure.<locals>.local_after at 0x71487b3be200>', 'self': "<Flask 'runtime_exception_graph'>"}
2026-08-22 23:51:54.299 /testbed/src/flask/app.py:1407 flask.app.Flask.process_response event=line locals={}
2026-08-22 23:51:54.299 /testbed/src/flask/app.py:1408 flask.app.Flask.process_response event=line locals={'func': '<function TestIndirectExceptionCallGraph.test_generated_requests_exercise_error_pipeline.<locals>.generated_failure.<locals>.local_after at 0x71487b3bf380>'}
2026-08-22 23:51:54.299 /testbed/src/flask/app.py:1065 flask.app.Flask.ensure_sync event=call locals={'func': '<function TestIndirectExceptionCallGraph.test_generated_requests_exercise_error_pipeline.<locals>.generated_failure.<locals>.local_after at 0x71487b3bf380>', 'self': "<Flask 'runtime_exception_graph'>"}
2026-08-22 23:51:54.299 /testbed/src/flask/app.py:1074 flask.app.Flask.ensure_sync event=line locals={}
2026-08-22 23:51:54.299 /testbed/src/flask/app.py:1077 flask.app.Flask.ensure_sync event=line locals={}
2026-08-22 23:51:54.299 /testbed/src/flask/app.py:1077 flask.app.Flask.ensure_sync event=return retval=<function TestIndirectExceptionCallGraph.test_generated_requests_exercise_error_pipeline.<locals>.generated_failure.<locals>.local_after at 0x71487b3bf380> locals={'func': '<function TestIndirectExceptionCallGraph.test_generated_requests_exercise_error_pipeline.<locals>.generated_failure.<locals>.local_after at 0x71487b3bf380>', 'self': "<Flask 'runtime_exception_graph'>"}
2026-08-22 23:51:54.299 /testbed/src/flask/app.py:1407 flask.app.Flask.process_response event=line locals={}
2026-08-22 23:51:54.299 /testbed/src/flask/app.py:1408 flask.app.Flask.process_response event=line locals={'func': '<function TestIndirectExceptionCallGraph.test_generated_requests_exercise_error_pipeline.<locals>.generated_failure.<locals>.local_after at 0x71487b3bea20>'}
2026-08-22 23:51:54.299 /testbed/src/flask/app.py:1065 flask.app.Flask.ensure_sync event=call locals={'func': '<function TestIndirectExceptionCallGraph.test_generated_requests_exercise_error_pipeline.<locals>.generated_failure.<locals>.local_after at 0x71487b3bea20>', 'self': "<Flask 'runtime_exception_graph'>"}
2026-08-22 23:51:54.299 /testbed/src/flask/app.py:1074 flask.app.Flask.ensure_sync event=line locals={}
2026-08-22 23:51:54.299 /testbed/src/flask/app.py:1077 flask.app.Flask.ensure_sync event=line locals={}
2026-08-22 23:51:54.299 /testbed/src/flask/app.py:1077 flask.app.Flask.ensure_sync event=return retval=<function TestIndirectExceptionCallGraph.test_generated_requests_exercise_error_pipeline.<locals>.generated_failure.<locals>.local_after at 0x71487b3bea20> locals={'func': '<function TestIndirectExceptionCallGraph.test_generated_requests_exercise_error_pipeline.<locals>.generated_failure.<locals>.local_after at 0x71487b3bea20>', 'self': "<Flask 'runtime_exception_graph'>"}
2026-08-22 23:51:54.299 /testbed/src/flask/app.py:1407 flask.app.Flask.process_response event=line locals={}
2026-08-22 23:51:54.299 /testbed/src/flask/app.py:1408 flask.app.Flask.process_response event=line locals={'func': '<function TestIndirectExceptionCallGraph.test_generated_requests_exercise_error_pipeline.<locals>.generated_failure.<locals>.local_after at 0x71487b3be3e0>'}
2026-08-22 23:51:54.299 /testbed/src/flask/app.py:1065 flask.app.Flask.ensure_sync event=call locals={'func': '<function TestIndirectExceptionCallGraph.test_generated_requests_exercise_error_pipeline.<locals>.generated_failure.<locals>.local_after at 0x71487b3be3e0>', 'self': "<Flask 'runtime_exception_graph'>"}
2026-08-22 23:51:54.299 /testbed/src/flask/app.py:1074 flask.app.Flask.ensure_sync event=line locals={}
2026-08-22 23:51:54.299 /testbed/src/flask/app.py:1077 flask.app.Flask.ensure_sync event=line locals={}
2026-08-22 23:51:54.299 /testbed/src/flask/app.py:1077 flask.app.Flask.ensure_sync event=return retval=<function TestIndirectExceptionCallGraph.test_generated_requests_exercise_error_pipeline.<locals>.generated_failure.<locals>.local_after at 0x71487b3be3e0> locals={'func': '<function TestIndirectExceptionCallGraph.test_generated_requests_exercise_error_pipeline.<locals>.generated_failure.<locals>.local_after at 0x71487b3be3e0>', 'self': "<Flask 'runtime_exception_graph'>"}
2026-08-22 23:51:54.299 /testbed/src/flask/app.py:1407 flask.app.Flask.process_response event=line locals={}
2026-08-22 23:51:54.299 /testbed/src/flask/app.py:1408 flask.app.Flask.process_response event=line locals={'func': '<function TestIndirectExceptionCallGraph.test_generated_requests_exercise_error_pipeline.<locals>.generated_failure.<locals>.local_after at 0x71487b3be980>'}
2026-08-22 23:51:54.299 /testbed/src/flask/app.py:1065 flask.app.Flask.ensure_sync event=call locals={'func': '<function TestIndirectExceptionCallGraph.test_generated_requests_exercise_error_pipeline.<locals>.generated_failure.<locals>.local_after at 0x71487b3be980>', 'self': "<Flask 'runtime_exception_graph'>"}
2026-08-22 23:51:54.299 /testbed/src/flask/app.py:1074 flask.app.Flask.ensure_sync event=line locals={}
2026-08-22 23:51:54.299 /testbed/src/flask/app.py:1077 flask.app.Flask.ensure_sync event=line locals={}
2026-08-22 23:51:54.299 /testbed/src/flask/app.py:1077 flask.app.Flask.ensure_sync event=return retval=<function TestIndirectExceptionCallGraph.test_generated_requests_exercise_error_pipeline.<locals>.generated_failure.<locals>.local_after at 0x71487b3be980> locals={'func': '<function TestIndirectExceptionCallGraph.test_generated_requests_exercise_error_pipeline.<locals>.generated_failure.<locals>.local_after at 0x71487b3be980>', 'self': "<Flask 'runtime_exception_graph'>"}
2026-08-22 23:51:54.299 /testbed/src/flask/app.py:1407 flask.app.Flask.process_response event=line locals={}
2026-08-22 23:51:54.299 /testbed/src/flask/app.py:1408 flask.app.Flask.process_response event=line locals={'func': '<function TestIndirectExceptionCallGraph.test_generated_requests_exercise_error_pipeline.<locals>.generated_failure.<locals>.local_after at 0x71487b3be840>'}
2026-08-22 23:51:54.299 /testbed/src/flask/app.py:1065 flask.app.Flask.ensure_sync event=call locals={'func': '<function TestIndirectExceptionCallGraph.test_generated_requests_exercise_error_pipeline.<locals>.generated_failure.<locals>.local_after at 0x71487b3be840>', 'self': "<Flask 'runtime_exception_graph'>"}
2026-08-22 23:51:54.299 /testbed/src/flask/app.py:1074 flask.app.Flask.ensure_sync event=line locals={}
2026-08-22 23:51:54.299 /testbed/src/flask/app.py:1077 flask.app.Flask.ensure_sync event=line locals={}
2026-08-22 23:51:54.299 /testbed/src/flask/app.py:1077 flask.app.Flask.ensure_sync event=return retval=<function TestIndirectExceptionCallGraph.test_generated_requests_exercise_error_pipeline.<locals>.generated_failure.<locals>.local_after at 0x71487b3be840> locals={'func': '<function TestIndirectExceptionCallGraph.test_generated_requests_exercise_error_pipeline.<locals>.generated_failure.<locals>.local_after at 0x71487b3be840>', 'self': "<Flask 'runtime_exception_graph'>"}
2026-08-22 23:51:54.299 /testbed/src/flask/app.py:1407 flask.app.Flask.process_response event=line locals={}
2026-08-22 23:51:54.299 /testbed/src/flask/app.py:1410 flask.app.Flask.process_response event=line locals={}
2026-08-22 23:51:54.300 /testbed/src/flask/app.py:1411 flask.app.Flask.process_response event=line locals={'name': 'None'}
2026-08-22 23:51:54.300 /testbed/src/flask/app.py:1412 flask.app.Flask.process_response event=line locals={}
2026-08-22 23:51:54.300 /testbed/src/flask/app.py:1413 flask.app.Flask.process_response event=line locals={'func': '<function TestIndirectExceptionCallGraph.test_generated_requests_exercise_error_pipeline.<locals>.global_after at 0x71487b39c5e0>'}
2026-08-22 23:51:54.300 /testbed/src/flask/app.py:1065 flask.app.Flask.ensure_sync event=call locals={'func': '<function TestIndirectExceptionCallGraph.test_generated_requests_exercise_error_pipeline.<locals>.global_after at 0x71487b39c5e0>', 'self': "<Flask 'runtime_exception_graph'>"}
2026-08-22 23:51:54.300 /testbed/src/flask/app.py:1074 flask.app.Flask.ensure_sync event=line locals={}
2026-08-22 23:51:54.300 /testbed/src/flask/app.py:1077 flask.app.Flask.ensure_sync event=line locals={}
2026-08-22 23:51:54.300 /testbed/src/flask/app.py:1077 flask.app.Flask.ensure_sync event=return retval=<function TestIndirectExceptionCallGraph.test_generated_requests_exercise_error_pipeline.<locals>.global_after at 0x71487b39c5e0> locals={'func': '<function TestIndirectExceptionCallGraph.test_generated_requests_exercise_error_pipeline.<locals>.global_after at 0x71487b39c5e0>', 'self': "<Flask 'runtime_exception_graph'>"}
2026-08-22 23:51:54.300 /testbed/src/flask/app.py:1412 flask.app.Flask.process_response event=line locals={}
2026-08-22 23:51:54.300 /testbed/src/flask/app.py:1413 flask.app.Flask.process_response event=line locals={'func': '<function TestIndirectExceptionCallGraph.test_generated_requests_exercise_error_pipeline.<locals>.global_after at 0x71487b39c540>'}
2026-08-22 23:51:54.300 /testbed/src/flask/app.py:1065 flask.app.Flask.ensure_sync event=call locals={'func': '<function TestIndirectExceptionCallGraph.test_generated_requests_exercise_error_pipeline.<locals>.global_after at 0x71487b39c540>', 'self': "<Flask 'runtime_exception_graph'>"}
2026-08-22 23:51:54.300 /testbed/src/flask/app.py:1074 flask.app.Flask.ensure_sync event=line locals={}
2026-08-22 23:51:54.300 /testbed/src/flask/app.py:1077 flask.app.Flask.ensure_sync event=line locals={}
2026-08-22 23:51:54.300 /testbed/src/flask/app.py:1077 flask.app.Flask.ensure_sync event=return retval=<function TestIndirectExceptionCallGraph.test_generated_requests_exercise_error_pipeline.<locals>.global_after at 0x71487b39c540> locals={'func': '<function TestIndirectExceptionCallGraph.test_generated_requests_exercise_error_pipeline.<locals>.global_after at 0x71487b39c540>', 'self': "<Flask 'runtime_exception_graph'>"}
2026-08-22 23:51:54.300 /testbed/src/flask/app.py:1412 flask.app.Flask.process_response event=line locals={}
2026-08-22 23:51:54.300 /testbed/src/flask/app.py:1413 flask.app.Flask.process_response event=line locals={'func': '<function TestIndirectExceptionCallGraph.test_generated_requests_exercise_error_pipeline.<locals>.global_after at 0x71487b39c4a0>'}
2026-08-22 23:51:54.300 /testbed/src/flask/app.py:1065 flask.app.Flask.ensure_sync event=call locals={'func': '<function TestIndirectExceptionCallGraph.test_generated_requests_exercise_error_pipeline.<locals>.global_after at 0x71487b39c4a0>', 'self': "<Flask 'runtime_exception_graph'>"}
2026-08-22 23:51:54.300 /testbed/src/flask/app.py:1074 flask.app.Flask.ensure_sync event=line locals={}
2026-08-22 23:51:54.300 /testbed/src/flask/app.py:1077 flask.app.Flask.ensure_sync event=line locals={}
2026-08-22 23:51:54.300 /testbed/src/flask/app.py:1077 flask.app.Flask.ensure_sync event=return retval=<function TestIndirectExceptionCallGraph.test_generated_requests_exercise_error_pipeline.<locals>.global_after at 0x71487b39c4a0> locals={'func': '<function TestIndirectExceptionCallGraph.test_generated_requests_exercise_error_pipeline.<locals>.global_after at 0x71487b39c4a0>', 'self': "<Flask 'runtime_exception_graph'>"}
2026-08-22 23:51:54.300 /testbed/src/flask/app.py:1412 flask.app.Flask.process_response event=line locals={}
2026-08-22 23:51:54.300 /testbed/src/flask/app.py:1413 flask.app.Flask.process_response event=line locals={'func': '<function TestIndirectExceptionCallGraph.test_generated_requests_exercise_error_pipeline.<locals>.global_after at 0x71487b39c400>'}
2026-08-22 23:51:54.300 /testbed/src/flask/app.py:1065 flask.app.Flask.ensure_sync event=call locals={'func': '<function TestIndirectExceptionCallGraph.test_generated_requests_exercise_error_pipeline.<locals>.global_after at 0x71487b39c400>', 'self': "<Flask 'runtime_exception_graph'>"}
2026-08-22 23:51:54.300 /testbed/src/flask/app.py:1074 flask.app.Flask.ensure_sync event=line locals={}
2026-08-22 23:51:54.300 /testbed/src/flask/app.py:1077 flask.app.Flask.ensure_sync event=line locals={}
2026-08-22 23:51:54.300 /testbed/src/flask/app.py:1077 flask.app.Flask.ensure_sync event=return retval=<function TestIndirectExceptionCallGraph.test_generated_requests_exercise_error_pipeline.<locals>.global_after at 0x71487b39c400> locals={'func': '<function TestIndirectExceptionCallGraph.test_generated_requests_exercise_error_pipeline.<locals>.global_after at 0x71487b39c400>', 'self': "<Flask 'runtime_exception_graph'>"}
2026-08-22 23:51:54.300 /testbed/src/flask/app.py:1412 flask.app.Flask.process_response event=line locals={}
2026-08-22 23:51:54.300 /testbed/src/flask/app.py:1413 flask.app.Flask.process_response event=line locals={'func': '<function TestIndirectExceptionCallGraph.test_generated_requests_exercise_error_pipeline.<locals>.global_after at 0x71487b39c360>'}
2026-08-22 23:51:54.300 /testbed/src/flask/app.py:1065 flask.app.Flask.ensure_sync event=call locals={'func': '<function TestIndirectExceptionCallGraph.test_generated_requests_exercise_error_pipeline.<locals>.global_after at 0x71487b39c360>', 'self': "<Flask 'runtime_exception_graph'>"}
2026-08-22 23:51:54.300 /testbed/src/flask/app.py:1074 flask.app.Flask.ensure_sync event=line locals={}
2026-08-22 23:51:54.300 /testbed/src/flask/app.py:1077 flask.app.Flask.ensure_sync event=line locals={}
2026-08-22 23:51:54.300 /testbed/src/flask/app.py:1077 flask.app.Flask.ensure_sync event=return retval=<function TestIndirectExceptionCallGraph.test_generated_requests_exercise_error_pipeline.<locals>.global_after at 0x71487b39c360> locals={'func': '<function TestIndirectExceptionCallGraph.test_generated_requests_exercise_error_pipeline.<locals>.global_after at 0x71487b39c360>', 'self': "<Flask 'runtime_exception_graph'>"}
2026-08-22 23:51:54.300 /testbed/src/flask/app.py:1412 flask.app.Flask.process_response event=line locals={}
2026-08-22 23:51:54.300 /testbed/src/flask/app.py:1413 flask.app.Flask.process_response event=line locals={'func': '<function TestIndirectExceptionCallGraph.test_generated_requests_exercise_error_pipeline.<locals>.global_after at 0x71487b39c2c0>'}
2026-08-22 23:51:54.300 /testbed/src/flask/app.py:1065 flask.app.Flask.ensure_sync event=call locals={'func': '<function TestIndirectExceptionCallGraph.test_generated_requests_exercise_error_pipeline.<locals>.global_after at 0x71487b39c2c0>', 'self': "<Flask 'runtime_exception_graph'>"}
2026-08-22 23:51:54.300 /testbed/src/flask/app.py:1074 flask.app.Flask.ensure_sync event=line locals={}
2026-08-22 23:51:54.300 /testbed/src/flask/app.py:1077 flask.app.Flask.ensure_sync event=line locals={}
2026-08-22 23:51:54.300 /testbed/src/flask/app.py:1077 flask.app.Flask.ensure_sync event=return retval=<function TestIndirectExceptionCallGraph.test_generated_requests_exercise_error_pipeline.<locals>.global_after at 0x71487b39c2c0> locals={'func': '<function TestIndirectExceptionCallGraph.test_generated_requests_exercise_error_pipeline.<locals>.global_after at 0x71487b39c2c0>', 'self': "<Flask 'runtime_exception_graph'>"}
2026-08-22 23:51:54.300 /testbed/src/flask/app.py:1412 flask.app.Flask.process_response event=line locals={}
2026-08-22 23:51:54.300 /testbed/src/flask/app.py:1413 flask.app.Flask.process_response event=line locals={'func': '<function TestIndirectExceptionCallGraph.test_generated_requests_exercise_error_pipeline.<locals>.global_after at 0x71487b39c220>'}
2026-08-22 23:51:54.300 /testbed/src/flask/app.py:1065 flask.app.Flask.ensure_sync event=call locals={'func': '<function TestIndirectExceptionCallGraph.test_generated_requests_exercise_error_pipeline.<locals>.global_after at 0x71487b39c220>', 'self': "<Flask 'runtime_exception_graph'>"}
2026-08-22 23:51:54.300 /testbed/src/flask/app.py:1074 flask.app.Flask.ensure_sync event=line locals={}
2026-08-22 23:51:54.300 /testbed/src/flask/app.py:1077 flask.app.Flask.ensure_sync event=line locals={}
2026-08-22 23:51:54.300 /testbed/src/flask/app.py:1077 flask.app.Flask.ensure_sync event=return retval=<function TestIndirectExceptionCallGraph.test_generated_requests_exercise_error_pipeline.<locals>.global_after at 0x71487b39c220> locals={'func': '<function TestIndirectExceptionCallGraph.test_generated_requests_exercise_error_pipeline.<locals>.global_after at 0x71487b39c220>', 'self': "<Flask 'runtime_exception_graph'>"}
2026-08-22 23:51:54.301 /testbed/src/flask/app.py:1412 flask.app.Flask.process_response event=line locals={}
2026-08-22 23:51:54.301 /testbed/src/flask/app.py:1413 flask.app.Flask.process_response event=line locals={'func': '<function TestIndirectExceptionCallGraph.test_generated_requests_exercise_error_pipeline.<locals>.global_after at 0x71487b39c180>'}
2026-08-22 23:51:54.301 /testbed/src/flask/app.py:1065 flask.app.Flask.ensure_sync event=call locals={'func': '<function TestIndirectExceptionCallGraph.test_generated_requests_exercise_error_pipeline.<locals>.global_after at 0x71487b39c180>', 'self': "<Flask 'runtime_exception_graph'>"}
2026-08-22 23:51:54.301 /testbed/src/flask/app.py:1074 flask.app.Flask.ensure_sync event=line locals={}
2026-08-22 23:51:54.301 /testbed/src/flask/app.py:1077 flask.app.Flask.ensure_sync event=line locals={}
2026-08-22 23:51:54.301 /testbed/src/flask/app.py:1077 flask.app.Flask.ensure_sync event=return retval=<function TestIndirectExceptionCallGraph.test_generated_requests_exercise_error_pipeline.<locals>.global_after at 0x71487b39c180> locals={'func': '<function TestIndirectExceptionCallGraph.test_generated_requests_exercise_error_pipeline.<locals>.global_after at 0x71487b39c180>', 'self': "<Flask 'runtime_exception_graph'>"}
2026-08-22 23:51:54.301 /testbed/src/flask/app.py:1412 flask.app.Flask.process_response event=line locals={}
2026-08-22 23:51:54.301 /testbed/src/flask/app.py:1413 flask.app.Flask.process_response event=line locals={'func': '<function TestIndirectExceptionCallGraph.test_generated_requests_exercise_error_pipeline.<locals>.global_after at 0x71487b39c040>'}
2026-08-22 23:51:54.301 /testbed/src/flask/app.py:1065 flask.app.Flask.ensure_sync event=call locals={'func': '<function TestIndirectExceptionCallGraph.test_generated_requests_exercise_error_pipeline.<locals>.global_after at 0x71487b39c040>', 'self': "<Flask 'runtime_exception_graph'>"}
2026-08-22 23:51:54.301 /testbed/src/flask/app.py:1074 flask.app.Flask.ensure_sync event=line locals={}
2026-08-22 23:51:54.301 /testbed/src/flask/app.py:1077 flask.app.Flask.ensure_sync event=line locals={}
2026-08-22 23:51:54.301 /testbed/src/flask/app.py:1077 flask.app.Flask.ensure_sync event=return retval=<function TestIndirectExceptionCallGraph.test_generated_requests_exercise_error_pipeline.<locals>.global_after at 0x71487b39c040> locals={'func': '<function TestIndirectExceptionCallGraph.test_generated_requests_exercise_error_pipeline.<locals>.global_after at 0x71487b39c040>', 'self': "<Flask 'runtime_exception_graph'>"}
2026-08-22 23:51:54.301 /testbed/src/flask/app.py:1412 flask.app.Flask.process_response event=line locals={}
2026-08-22 23:51:54.301 /testbed/src/flask/app.py:1410 flask.app.Flask.process_response event=line locals={}
2026-08-22 23:51:54.301 /testbed/src/flask/app.py:1415 flask.app.Flask.process_response event=line locals={}
2026-08-22 23:51:54.301 /testbed/src/flask/app.py:1418 flask.app.Flask.process_response event=line locals={}
2026-08-22 23:51:54.301 /testbed/src/flask/app.py:1418 flask.app.Flask.process_response event=return retval=<Response 14 bytes [500 INTERNAL SERVER ERROR]> locals={'ctx': "<AppContext 124556119428496 of runtime_exception_graph, GET 'http://localhost/generated/23'>", 'func': '<function TestIndirectExceptionCallGraph.test_generated_requests_exercise_error_pipeline.<locals>.global_after at 0x71487b39c040>', 'name': 'None', 'response': '<Response 14 bytes [500 INTERNAL SERVER ERROR]>', 'self': "<Flask 'runtime_exception_graph'>"}
2026-08-22 23:51:54.301 /testbed/src/flask/app.py:1042 flask.app.Flask.finalize_request event=line locals={}
2026-08-22 23:51:54.301 /testbed/src/flask/app.py:1043 flask.app.Flask.finalize_request event=line locals={}
2026-08-22 23:51:54.301 /testbed/src/flask/app.py:1042 flask.app.Flask.finalize_request event=line locals={}
2026-08-22 23:51:54.301 /testbed/src/flask/app.py:1051 flask.app.Flask.finalize_request event=line locals={}
2026-08-22 23:51:54.301 /testbed/src/flask/app.py:1051 flask.app.Flask.finalize_request event=return retval=<Response 14 bytes [500 INTERNAL SERVER ERROR]> locals={'ctx': "<AppContext 124556119428496 of runtime_exception_graph, GET 'http://localhost/generated/23'>", 'from_error_handler': 'True', 'response': '<Response 14 bytes [500 INTERNAL SERVER ERROR]>', 'rv': "([866563, 1, 18], 500, {'X-QA-Mode': '1'})", 'self': "<Flask 'runtime_exception_graph'>"}
2026-08-22 23:51:54.301 /testbed/src/flask/app.py:948 flask.app.Flask.handle_exception event=return retval=<Response 14 bytes [500 INTERNAL SERVER ERROR]> locals={'ctx': "<AppContext 124556119428496 of runtime_exception_graph, GET 'http://localhost/generated/23'>", 'e': "RuntimeError('generated failure 9fa0f')", 'exc_info': "(<class 'RuntimeError'>, RuntimeError('generated failure 9fa0f'), <traceback object at 0x71487b40a200>)", 'handler': '<function TestIndirectExceptionCallGraph.test_generated_requests_exercise_error_pipeline.<locals>.convert_unhandled_error at 0x71487b39c720>', 'propagate': 'False', 'self': "<Flask 'runtime_exception_graph'>", 'server_error': "([866563, 1, 18], 500, {'X-QA-Mode': '1'})"}
2026-08-22 23:51:54.310 /testbed/src/flask/app.py:1065 flask.app.Flask.ensure_sync event=call locals={'func': '<function TestIndirectExceptionCallGraph.test_generated_requests_exercise_error_pipeline.<locals>.generated_failure at 0x71487b39c9a0>', 'self': "<Flask 'runtime_exception_graph'>"}
2026-08-22 23:51:54.310 /testbed/src/flask/app.py:1074 flask.app.Flask.ensure_sync event=line locals={}
2026-08-22 23:51:54.310 /testbed/src/flask/app.py:1077 flask.app.Flask.ensure_sync event=line locals={}
2026-08-22 23:51:54.310 /testbed/src/flask/app.py:1077 flask.app.Flask.ensure_sync event=return retval=<function TestIndirectExceptionCallGraph.test_generated_requests_exercise_error_pipeline.<locals>.generated_failure at 0x71487b39c9a0> locals={'func': '<function TestIndirectExceptionCallGraph.test_generated_requests_exercise_error_pipeline.<locals>.generated_failure at 0x71487b39c9a0>', 'self': "<Flask 'runtime_exception_graph'>"}
2026-08-22 23:51:54.311 /testbed/src/flask/app.py:897 flask.app.Flask.handle_exception event=call locals={'ctx': "<AppContext 124556119357712 of runtime_exception_graph, GET 'http://localhost/generated/15'>", 'e': "RuntimeError('generated failure 41870')", 'self': "<Flask 'runtime_exception_graph'>"}
2026-08-22 23:51:54.311 /testbed/src/flask/app.py:925 flask.app.Flask.handle_exception event=line locals={}
2026-08-22 23:51:54.311 /testbed/src/flask/app.py:926 flask.app.Flask.handle_exception event=line locals={'exc_info': "(<class 'RuntimeError'>, RuntimeError('generated failure 41870'), <traceback object at 0x71487b40d980>)"}
2026-08-22 23:51:54.312 /testbed/src/flask/app.py:927 flask.app.Flask.handle_exception event=line locals={}
2026-08-22 23:51:54.312 /testbed/src/flask/app.py:929 flask.app.Flask.handle_exception event=line locals={'propagate': 'False'}
2026-08-22 23:51:54.312 /testbed/src/flask/app.py:932 flask.app.Flask.handle_exception event=line locals={}
2026-08-22 23:51:54.312 /testbed/src/flask/app.py:940 flask.app.Flask.handle_exception event=line locals={}
2026-08-22 23:51:54.312 /testbed/src/flask/app.py:950 flask.app.Flask.log_exception event=call locals={'ctx': "<AppContext 124556119357712 of runtime_exception_graph, GET 'http://localhost/generated/15'>", 'exc_info': "(<class 'RuntimeError'>, RuntimeError('generated failure 41870'), <traceback object at 0x71487b40d980>)", 'self': "<Flask 'runtime_exception_graph'>"}
2026-08-22 23:51:54.312 /testbed/src/flask/app.py:962 flask.app.Flask.log_exception event=line locals={}
2026-08-22 23:51:54.312 /testbed/src/flask/app.py:963 flask.app.Flask.log_exception event=line locals={}
2026-08-22 23:51:54.312 /testbed/src/flask/app.py:962 flask.app.Flask.log_exception event=line locals={}
2026-08-22 23:51:54.312 /testbed/src/flask/app.py:962 flask.app.Flask.log_exception event=return retval=None locals={'ctx': "<AppContext 124556119357712 of runtime_exception_graph, GET 'http://localhost/generated/15'>", 'exc_info': "(<class 'RuntimeError'>, RuntimeError('generated failure 41870'), <traceback object at 0x71487b40d980>)", 'self': "<Flask 'runtime_exception_graph'>"}
2026-08-22 23:51:54.312 /testbed/src/flask/app.py:942 flask.app.Flask.handle_exception event=line locals={}
2026-08-22 23:51:54.312 /testbed/src/flask/app.py:943 flask.app.Flask.handle_exception event=line locals={'server_error': "<InternalServerError '500: Internal Server Error'>"}
2026-08-22 23:51:54.312 /testbed/src/flask/app.py:945 flask.app.Flask.handle_exception event=line locals={'handler': '<function TestIndirectExceptionCallGraph.test_generated_requests_exercise_error_pipeline.<locals>.convert_unhandled_error at 0x71487b39c720>'}
2026-08-22 23:51:54.312 /testbed/src/flask/app.py:946 flask.app.Flask.handle_exception event=line locals={}
2026-08-22 23:51:54.312 /testbed/src/flask/app.py:1065 flask.app.Flask.ensure_sync event=call locals={'func': '<function TestIndirectExceptionCallGraph.test_generated_requests_exercise_error_pipeline.<locals>.convert_unhandled_error at 0x71487b39c720>', 'self': "<Flask 'runtime_exception_graph'>"}
2026-08-22 23:51:54.312 /testbed/src/flask/app.py:1074 flask.app.Flask.ensure_sync event=line locals={}
2026-08-22 23:51:54.312 /testbed/src/flask/app.py:1077 flask.app.Flask.ensure_sync event=line locals={}
2026-08-22 23:51:54.312 /testbed/src/flask/app.py:1077 flask.app.Flask.ensure_sync event=return retval=<function TestIndirectExceptionCallGraph.test_generated_requests_exercise_error_pipeline.<locals>.convert_unhandled_error at 0x71487b39c720> locals={'func': '<function TestIndirectExceptionCallGraph.test_generated_requests_exercise_error_pipeline.<locals>.convert_unhandled_error at 0x71487b39c720>', 'self': "<Flask 'runtime_exception_graph'>"}
2026-08-22 23:51:54.312 /testbed/src/flask/app.py:948 flask.app.Flask.handle_exception event=line locals={'server_error': "({'checksum': 730680, 'mode': 0}, 500)"}
2026-08-22 23:51:54.312 /testbed/src/flask/app.py:1021 flask.app.Flask.finalize_request event=call locals={'ctx': "<AppContext 124556119357712 of runtime_exception_graph, GET 'http://localhost/generated/15'>", 'from_error_handler': 'True', 'rv': "({'checksum': 730680, 'mode': 0}, 500)", 'self': "<Flask 'runtime_exception_graph'>"}
2026-08-22 23:51:54.312 /testbed/src/flask/app.py:1039 flask.app.Flask.finalize_request event=line locals={}
2026-08-22 23:51:54.312 /testbed/src/flask/app.py:1224 flask.app.Flask.make_response event=call locals={'rv': "({'checksum': 730680, 'mode': 0}, 500)", 'self': "<Flask 'runtime_exception_graph'>"}
2026-08-22 23:51:54.312 /testbed/src/flask/app.py:1281 flask.app.Flask.make_response event=line locals={}
2026-08-22 23:51:54.312 /testbed/src/flask/app.py:1282 flask.app.Flask.make_response event=line locals={'status': 'None'}
2026-08-22 23:51:54.312 /testbed/src/flask/app.py:1285 flask.app.Flask.make_response event=line locals={'headers': 'None'}
2026-08-22 23:51:54.312 /testbed/src/flask/app.py:1286 flask.app.Flask.make_response event=line locals={}
2026-08-22 23:51:54.312 /testbed/src/flask/app.py:1289 flask.app.Flask.make_response event=line locals={'len_rv': '2'}
2026-08-22 23:51:54.312 /testbed/src/flask/app.py:1292 flask.app.Flask.make_response event=line locals={}
2026-08-22 23:51:54.313 /testbed/src/flask/app.py:1293 flask.app.Flask.make_response event=line locals={}
2026-08-22 23:51:54.313 /testbed/src/flask/app.py:1296 flask.app.Flask.make_response event=line locals={}
2026-08-22 23:51:54.313 /testbed/src/flask/app.py:1306 flask.app.Flask.make_response event=line locals={'rv': "{'checksum': 730680, 'mode': 0}", 'status': '500'}
2026-08-22 23:51:54.313 /testbed/src/flask/app.py:1314 flask.app.Flask.make_response event=line locals={}
2026-08-22 23:51:54.313 /testbed/src/flask/app.py:1315 flask.app.Flask.make_response event=line locals={}
2026-08-22 23:51:54.313 /testbed/src/flask/app.py:1325 flask.app.Flask.make_response event=line locals={}
2026-08-22 23:51:54.313 /testbed/src/flask/app.py:1326 flask.app.Flask.make_response event=line locals={}
2026-08-22 23:51:54.313 /testbed/src/flask/app.py:1352 flask.app.Flask.make_response event=line locals={'rv': '<Response 29 bytes [200 OK]>'}
2026-08-22 23:51:54.313 /testbed/src/flask/app.py:1354 flask.app.Flask.make_response event=line locals={}
2026-08-22 23:51:54.313 /testbed/src/flask/app.py:1355 flask.app.Flask.make_response event=line locals={}
2026-08-22 23:51:54.313 /testbed/src/flask/app.py:1358 flask.app.Flask.make_response event=line locals={}
2026-08-22 23:51:54.313 /testbed/src/flask/app.py:1361 flask.app.Flask.make_response event=line locals={'rv': '<Response 29 bytes [500 INTERNAL SERVER ERROR]>'}
2026-08-22 23:51:54.313 /testbed/src/flask/app.py:1364 flask.app.Flask.make_response event=line locals={}
2026-08-22 23:51:54.313 /testbed/src/flask/app.py:1364 flask.app.Flask.make_response event=return retval=<Response 29 bytes [500 INTERNAL SERVER ERROR]> locals={'headers': 'None', 'len_rv': '2', 'rv': '<Response 29 bytes [500 INTERNAL SERVER ERROR]>', 'self': "<Flask 'runtime_exception_graph'>", 'status': '500'}
2026-08-22 23:51:54.313 /testbed/src/flask/app.py:1040 flask.app.Flask.finalize_request event=line locals={'response': '<Response 29 bytes [500 INTERNAL SERVER ERROR]>'}
2026-08-22 23:51:54.313 /testbed/src/flask/app.py:1041 flask.app.Flask.finalize_request event=line locals={}
2026-08-22 23:51:54.313 /testbed/src/flask/app.py:1394 flask.app.Flask.process_response event=call locals={'ctx': "<AppContext 124556119357712 of runtime_exception_graph, GET 'http://localhost/generated/15'>", 'response': '<Response 29 bytes [500 INTERNAL SERVER ERROR]>', 'self': "<Flask 'runtime_exception_graph'>"}
2026-08-22 23:51:54.313 /testbed/src/flask/app.py:1407 flask.app.Flask.process_response event=line locals={}
2026-08-22 23:51:54.313 /testbed/src/flask/app.py:1408 flask.app.Flask.process_response event=line locals={'func': '<function TestIndirectExceptionCallGraph.test_generated_requests_exercise_error_pipeline.<locals>.generated_failure.<locals>.local_after at 0x71487b3be020>'}
2026-08-22 23:51:54.313 /testbed/src/flask/app.py:1065 flask.app.Flask.ensure_sync event=call locals={'func': '<function TestIndirectExceptionCallGraph.test_generated_requests_exercise_error_pipeline.<locals>.generated_failure.<locals>.local_after at 0x71487b3be020>', 'self': "<Flask 'runtime_exception_graph'>"}
2026-08-22 23:51:54.313 /testbed/src/flask/app.py:1074 flask.app.Flask.ensure_sync event=line locals={}
2026-08-22 23:51:54.313 /testbed/src/flask/app.py:1077 flask.app.Flask.ensure_sync event=line locals={}
2026-08-22 23:51:54.313 /testbed/src/flask/app.py:1077 flask.app.Flask.ensure_sync event=return retval=<function TestIndirectExceptionCallGraph.test_generated_requests_exercise_error_pipeline.<locals>.generated_failure.<locals>.local_after at 0x71487b3be020> locals={'func': '<function TestIndirectExceptionCallGraph.test_generated_requests_exercise_error_pipeline.<locals>.generated_failure.<locals>.local_after at 0x71487b3be020>', 'self': "<Flask 'runtime_exception_graph'>"}
2026-08-22 23:51:54.313 /testbed/src/flask/app.py:1407 flask.app.Flask.process_response event=line locals={}
2026-08-22 23:51:54.313 /testbed/src/flask/app.py:1408 flask.app.Flask.process_response event=line locals={'func': '<function TestIndirectExceptionCallGraph.test_generated_requests_exercise_error_pipeline.<locals>.generated_failure.<locals>.local_after at 0x71487b3bdf80>'}
2026-08-22 23:51:54.313 /testbed/src/flask/app.py:1065 flask.app.Flask.ensure_sync event=call locals={'func': '<function TestIndirectExceptionCallGraph.test_generated_requests_exercise_error_pipeline.<locals>.generated_failure.<locals>.local_after at 0x71487b3bdf80>', 'self': "<Flask 'runtime_exception_graph'>"}
2026-08-22 23:51:54.313 /testbed/src/flask/app.py:1074 flask.app.Flask.ensure_sync event=line locals={}
2026-08-22 23:51:54.313 /testbed/src/flask/app.py:1077 flask.app.Flask.ensure_sync event=line locals={}
2026-08-22 23:51:54.313 /testbed/src/flask/app.py:1077 flask.app.Flask.ensure_sync event=return retval=<function TestIndirectExceptionCallGraph.test_generated_requests_exercise_error_pipeline.<locals>.generated_failure.<locals>.local_after at 0x71487b3bdf80> locals={'func': '<function TestIndirectExceptionCallGraph.test_generated_requests_exercise_error_pipeline.<locals>.generated_failure.<locals>.local_after at 0x71487b3bdf80>', 'self': "<Flask 'runtime_exception_graph'>"}
2026-08-22 23:51:54.314 /testbed/src/flask/app.py:1407 flask.app.Flask.process_response event=line locals={}
2026-08-22 23:51:54.314 /testbed/src/flask/app.py:1408 flask.app.Flask.process_response event=line locals={'func': '<function TestIndirectExceptionCallGraph.test_generated_requests_exercise_error_pipeline.<locals>.generated_failure.<locals>.local_after at 0x71487b3bdda0>'}
2026-08-22 23:51:54.314 /testbed/src/flask/app.py:1065 flask.app.Flask.ensure_sync event=call locals={'func': '<function TestIndirectExceptionCallGraph.test_generated_requests_exercise_error_pipeline.<locals>.generated_failure.<locals>.local_after at 0x71487b3bdda0>', 'self': "<Flask 'runtime_exception_graph'>"}
2026-08-22 23:51:54.314 /testbed/src/flask/app.py:1074 flask.app.Flask.ensure_sync event=line locals={}
2026-08-22 23:51:54.314 /testbed/src/flask/app.py:1077 flask.app.Flask.ensure_sync event=line locals={}
2026-08-22 23:51:54.314 /testbed/src/flask/app.py:1077 flask.app.Flask.ensure_sync event=return retval=<function TestIndirectExceptionCallGraph.test_generated_requests_exercise_error_pipeline.<locals>.generated_failure.<locals>.local_after at 0x71487b3bdda0> locals={'func': '<function TestIndirectExceptionCallGraph.test_generated_requests_exercise_error_pipeline.<locals>.generated_failure.<locals>.local_after at 0x71487b3bdda0>', 'self': "<Flask 'runtime_exception_graph'>"}
2026-08-22 23:51:54.314 /testbed/src/flask/app.py:1407 flask.app.Flask.process_response event=line locals={}
2026-08-22 23:51:54.314 /testbed/src/flask/app.py:1408 flask.app.Flask.process_response event=line locals={'func': '<function TestIndirectExceptionCallGraph.test_generated_requests_exercise_error_pipeline.<locals>.generated_failure.<locals>.local_after at 0x71487b3beca0>'}
2026-08-22 23:51:54.314 /testbed/src/flask/app.py:1065 flask.app.Flask.ensure_sync event=call locals={'func': '<function TestIndirectExceptionCallGraph.test_generated_requests_exercise_error_pipeline.<locals>.generated_failure.<locals>.local_after at 0x71487b3beca0>', 'self': "<Flask 'runtime_exception_graph'>"}
2026-08-22 23:51:54.314 /testbed/src/flask/app.py:1074 flask.app.Flask.ensure_sync event=line locals={}
2026-08-22 23:51:54.314 /testbed/src/flask/app.py:1077 flask.app.Flask.ensure_sync event=line locals={}
2026-08-22 23:51:54.314 /testbed/src/flask/app.py:1077 flask.app.Flask.ensure_sync event=return retval=<function TestIndirectExceptionCallGraph.test_generated_requests_exercise_error_pipeline.<locals>.generated_failure.<locals>.local_after at 0x71487b3beca0> locals={'func': '<function TestIndirectExceptionCallGraph.test_generated_requests_exercise_error_pipeline.<locals>.generated_failure.<locals>.local_after at 0x71487b3beca0>', 'self': "<Flask 'runtime_exception_graph'>"}
2026-08-22 23:51:54.314 /testbed/src/flask/app.py:1407 flask.app.Flask.process_response event=line locals={}
2026-08-22 23:51:54.314 /testbed/src/flask/app.py:1408 flask.app.Flask.process_response event=line locals={'func': '<function TestIndirectExceptionCallGraph.test_generated_requests_exercise_error_pipeline.<locals>.generated_failure.<locals>.local_after at 0x71487b3be2a0>'}
2026-08-22 23:51:54.314 /testbed/src/flask/app.py:1065 flask.app.Flask.ensure_sync event=call locals={'func': '<function TestIndirectExceptionCallGraph.test_generated_requests_exercise_error_pipeline.<locals>.generated_failure.<locals>.local_after at 0x71487b3be2a0>', 'self': "<Flask 'runtime_exception_graph'>"}
2026-08-22 23:51:54.314 /testbed/src/flask/app.py:1074 flask.app.Flask.ensure_sync event=line locals={}
2026-08-22 23:51:54.314 /testbed/src/flask/app.py:1077 flask.app.Flask.ensure_sync event=line locals={}
2026-08-22 23:51:54.314 /testbed/src/flask/app.py:1077 flask.app.Flask.ensure_sync event=return retval=<function TestIndirectExceptionCallGraph.test_generated_requests_exercise_error_pipeline.<locals>.generated_failure.<locals>.local_after at 0x71487b3be2a0> locals={'func': '<function TestIndirectExceptionCallGraph.test_generated_requests_exercise_error_pipeline.<locals>.generated_failure.<locals>.local_after at 0x71487b3be2a0>', 'self': "<Flask 'runtime_exception_graph'>"}
2026-08-22 23:51:54.314 /testbed/src/flask/app.py:1407 flask.app.Flask.process_response event=line locals={}
2026-08-22 23:51:54.314 /testbed/src/flask/app.py:1408 flask.app.Flask.process_response event=line locals={'func': '<function TestIndirectExceptionCallGraph.test_generated_requests_exercise_error_pipeline.<locals>.generated_failure.<locals>.local_after at 0x71487b3beac0>'}
2026-08-22 23:51:54.314 /testbed/src/flask/app.py:1065 flask.app.Flask.ensure_sync event=call locals={'func': '<function TestIndirectExceptionCallGraph.test_generated_requests_exercise_error_pipeline.<locals>.generated_failure.<locals>.local_after at 0x71487b3beac0>', 'self': "<Flask 'runtime_exception_graph'>"}
2026-08-22 23:51:54.314 /testbed/src/flask/app.py:1074 flask.app.Flask.ensure_sync event=line locals={}
2026-08-22 23:51:54.314 /testbed/src/flask/app.py:1077 flask.app.Flask.ensure_sync event=line locals={}
2026-08-22 23:51:54.314 /testbed/src/flask/app.py:1077 flask.app.Flask.ensure_sync event=return retval=<function TestIndirectExceptionCallGraph.test_generated_requests_exercise_error_pipeline.<locals>.generated_failure.<locals>.local_after at 0x71487b3beac0> locals={'func': '<function TestIndirectExceptionCallGraph.test_generated_requests_exercise_error_pipeline.<locals>.generated_failure.<locals>.local_after at 0x71487b3beac0>', 'self': "<Flask 'runtime_exception_graph'>"}
2026-08-22 23:51:54.314 /testbed/src/flask/app.py:1407 flask.app.Flask.process_response event=line locals={}
2026-08-22 23:51:54.314 /testbed/src/flask/app.py:1408 flask.app.Flask.process_response event=line locals={'func': '<function TestIndirectExceptionCallGraph.test_generated_requests_exercise_error_pipeline.<locals>.generated_failure.<locals>.local_after at 0x71487b3be480>'}
2026-08-22 23:51:54.314 /testbed/src/flask/app.py:1065 flask.app.Flask.ensure_sync event=call locals={'func': '<function TestIndirectExceptionCallGraph.test_generated_requests_exercise_error_pipeline.<locals>.generated_failure.<locals>.local_after at 0x71487b3be480>', 'self': "<Flask 'runtime_exception_graph'>"}
2026-08-22 23:51:54.314 /testbed/src/flask/app.py:1074 flask.app.Flask.ensure_sync event=line locals={}
2026-08-22 23:51:54.314 /testbed/src/flask/app.py:1077 flask.app.Flask.ensure_sync event=line locals={}
2026-08-22 23:51:54.314 /testbed/src/flask/app.py:1077 flask.app.Flask.ensure_sync event=return retval=<function TestIndirectExceptionCallGraph.test_generated_requests_exercise_error_pipeline.<locals>.generated_failure.<locals>.local_after at 0x71487b3be480> locals={'func': '<function TestIndirectExceptionCallGraph.test_generated_requests_exercise_error_pipeline.<locals>.generated_failure.<locals>.local_after at 0x71487b3be480>', 'self': "<Flask 'runtime_exception_graph'>"}
2026-08-22 23:51:54.314 /testbed/src/flask/app.py:1407 flask.app.Flask.process_response event=line locals={}
2026-08-22 23:51:54.314 /testbed/src/flask/app.py:1408 flask.app.Flask.process_response event=line locals={'func': '<function TestIndirectExceptionCallGraph.test_generated_requests_exercise_error_pipeline.<locals>.generated_failure.<locals>.local_after at 0x71487b3bd940>'}
2026-08-22 23:51:54.314 /testbed/src/flask/app.py:1065 flask.app.Flask.ensure_sync event=call locals={'func': '<function TestIndirectExceptionCallGraph.test_generated_requests_exercise_error_pipeline.<locals>.generated_failure.<locals>.local_after at 0x71487b3bd940>', 'self': "<Flask 'runtime_exception_graph'>"}
2026-08-22 23:51:54.314 /testbed/src/flask/app.py:1074 flask.app.Flask.ensure_sync event=line locals={}
2026-08-22 23:51:54.314 /testbed/src/flask/app.py:1077 flask.app.Flask.ensure_sync event=line locals={}
2026-08-22 23:51:54.314 /testbed/src/flask/app.py:1077 flask.app.Flask.ensure_sync event=return retval=<function TestIndirectExceptionCallGraph.test_generated_requests_exercise_error_pipeline.<locals>.generated_failure.<locals>.local_after at 0x71487b3bd940> locals={'func': '<function TestIndirectExceptionCallGraph.test_generated_requests_exercise_error_pipeline.<locals>.generated_failure.<locals>.local_after at 0x71487b3bd940>', 'self': "<Flask 'runtime_exception_graph'>"}
2026-08-22 23:51:54.314 /testbed/src/flask/app.py:1407 flask.app.Flask.process_response event=line locals={}
2026-08-22 23:51:54.314 /testbed/src/flask/app.py:1408 flask.app.Flask.process_response event=line locals={'func': '<function TestIndirectExceptionCallGraph.test_generated_requests_exercise_error_pipeline.<locals>.generated_failure.<locals>.local_after at 0x71487b3bd9e0>'}
2026-08-22 23:51:54.314 /testbed/src/flask/app.py:1065 flask.app.Flask.ensure_sync event=call locals={'func': '<function TestIndirectExceptionCallGraph.test_generated_requests_exercise_error_pipeline.<locals>.generated_failure.<locals>.local_after at 0x71487b3bd9e0>', 'self': "<Flask 'runtime_exception_graph'>"}
2026-08-22 23:51:54.314 /testbed/src/flask/app.py:1074 flask.app.Flask.ensure_sync event=line locals={}
2026-08-22 23:51:54.314 /testbed/src/flask/app.py:1077 flask.app.Flask.ensure_sync event=line locals={}
2026-08-22 23:51:54.314 /testbed/src/flask/app.py:1077 flask.app.Flask.ensure_sync event=return retval=<function TestIndirectExceptionCallGraph.test_generated_requests_exercise_error_pipeline.<locals>.generated_failure.<locals>.local_after at 0x71487b3bd9e0> locals={'func': '<function TestIndirectExceptionCallGraph.test_generated_requests_exercise_error_pipeline.<locals>.generated_failure.<locals>.local_after at 0x71487b3bd9e0>', 'self': "<Flask 'runtime_exception_graph'>"}
2026-08-22 23:51:54.315 /testbed/src/flask/app.py:1407 flask.app.Flask.process_response event=line locals={}
2026-08-22 23:51:54.315 /testbed/src/flask/app.py:1410 flask.app.Flask.process_response event=line locals={}
2026-08-22 23:51:54.315 /testbed/src/flask/app.py:1411 flask.app.Flask.process_response event=line locals={'name': 'None'}
2026-08-22 23:51:54.315 /testbed/src/flask/app.py:1412 flask.app.Flask.process_response event=line locals={}
2026-08-22 23:51:54.315 /testbed/src/flask/app.py:1413 flask.app.Flask.process_response event=line locals={'func': '<function TestIndirectExceptionCallGraph.test_generated_requests_exercise_error_pipeline.<locals>.global_after at 0x71487b39c5e0>'}
2026-08-22 23:51:54.315 /testbed/src/flask/app.py:1065 flask.app.Flask.ensure_sync event=call locals={'func': '<function TestIndirectExceptionCallGraph.test_generated_requests_exercise_error_pipeline.<locals>.global_after at 0x71487b39c5e0>', 'self': "<Flask 'runtime_exception_graph'>"}
2026-08-22 23:51:54.315 /testbed/src/flask/app.py:1074 flask.app.Flask.ensure_sync event=line locals={}
2026-08-22 23:51:54.315 /testbed/src/flask/app.py:1077 flask.app.Flask.ensure_sync event=line locals={}
2026-08-22 23:51:54.315 /testbed/src/flask/app.py:1077 flask.app.Flask.ensure_sync event=return retval=<function TestIndirectExceptionCallGraph.test_generated_requests_exercise_error_pipeline.<locals>.global_after at 0x71487b39c5e0> locals={'func': '<function TestIndirectExceptionCallGraph.test_generated_requests_exercise_error_pipeline.<locals>.global_after at 0x71487b39c5e0>', 'self': "<Flask 'runtime_exception_graph'>"}
2026-08-22 23:51:54.315 /testbed/src/flask/app.py:1412 flask.app.Flask.process_response event=line locals={}
2026-08-22 23:51:54.315 /testbed/src/flask/app.py:1413 flask.app.Flask.process_response event=line locals={'func': '<function TestIndirectExceptionCallGraph.test_generated_requests_exercise_error_pipeline.<locals>.global_after at 0x71487b39c540>'}
2026-08-22 23:51:54.315 /testbed/src/flask/app.py:1065 flask.app.Flask.ensure_sync event=call locals={'func': '<function TestIndirectExceptionCallGraph.test_generated_requests_exercise_error_pipeline.<locals>.global_after at 0x71487b39c540>', 'self': "<Flask 'runtime_exception_graph'>"}
2026-08-22 23:51:54.315 /testbed/src/flask/app.py:1074 flask.app.Flask.ensure_sync event=line locals={}
2026-08-22 23:51:54.315 /testbed/src/flask/app.py:1077 flask.app.Flask.ensure_sync event=line locals={}
2026-08-22 23:51:54.315 /testbed/src/flask/app.py:1077 flask.app.Flask.ensure_sync event=return retval=<function TestIndirectExceptionCallGraph.test_generated_requests_exercise_error_pipeline.<locals>.global_after at 0x71487b39c540> locals={'func': '<function TestIndirectExceptionCallGraph.test_generated_requests_exercise_error_pipeline.<locals>.global_after at 0x71487b39c540>', 'self': "<Flask 'runtime_exception_graph'>"}
2026-08-22 23:51:54.315 /testbed/src/flask/app.py:1412 flask.app.Flask.process_response event=line locals={}
2026-08-22 23:51:54.315 /testbed/src/flask/app.py:1413 flask.app.Flask.process_response event=line locals={'func': '<function TestIndirectExceptionCallGraph.test_generated_requests_exercise_error_pipeline.<locals>.global_after at 0x71487b39c4a0>'}
2026-08-22 23:51:54.315 /testbed/src/flask/app.py:1065 flask.app.Flask.ensure_sync event=call locals={'func': '<function TestIndirectExceptionCallGraph.test_generated_requests_exercise_error_pipeline.<locals>.global_after at 0x71487b39c4a0>', 'self': "<Flask 'runtime_exception_graph'>"}
2026-08-22 23:51:54.315 /testbed/src/flask/app.py:1074 flask.app.Flask.ensure_sync event=line locals={}
2026-08-22 23:51:54.315 /testbed/src/flask/app.py:1077 flask.app.Flask.ensure_sync event=line locals={}
2026-08-22 23:51:54.315 /testbed/src/flask/app.py:1077 flask.app.Flask.ensure_sync event=return retval=<function TestIndirectExceptionCallGraph.test_generated_requests_exercise_error_pipeline.<locals>.global_after at 0x71487b39c4a0> locals={'func': '<function TestIndirectExceptionCallGraph.test_generated_requests_exercise_error_pipeline.<locals>.global_after at 0x71487b39c4a0>', 'self': "<Flask 'runtime_exception_graph'>"}
2026-08-22 23:51:54.315 /testbed/src/flask/app.py:1412 flask.app.Flask.process_response event=line locals={}
2026-08-22 23:51:54.315 /testbed/src/flask/app.py:1413 flask.app.Flask.process_response event=line locals={'func': '<function TestIndirectExceptionCallGraph.test_generated_requests_exercise_error_pipeline.<locals>.global_after at 0x71487b39c400>'}
2026-08-22 23:51:54.315 /testbed/src/flask/app.py:1065 flask.app.Flask.ensure_sync event=call locals={'func': '<function TestIndirectExceptionCallGraph.test_generated_requests_exercise_error_pipeline.<locals>.global_after at 0x71487b39c400>', 'self': "<Flask 'runtime_exception_graph'>"}
2026-08-22 23:51:54.315 /testbed/src/flask/app.py:1074 flask.app.Flask.ensure_sync event=line locals={}
2026-08-22 23:51:54.315 /testbed/src/flask/app.py:1077 flask.app.Flask.ensure_sync event=line locals={}
2026-08-22 23:51:54.315 /testbed/src/flask/app.py:1077 flask.app.Flask.ensure_sync event=return retval=<function TestIndirectExceptionCallGraph.test_generated_requests_exercise_error_pipeline.<locals>.global_after at 0x71487b39c400> locals={'func': '<function TestIndirectExceptionCallGraph.test_generated_requests_exercise_error_pipeline.<locals>.global_after at 0x71487b39c400>', 'self': "<Flask 'runtime_exception_graph'>"}
2026-08-22 23:51:54.315 /testbed/src/flask/app.py:1412 flask.app.Flask.process_response event=line locals={}
2026-08-22 23:51:54.315 /testbed/src/flask/app.py:1413 flask.app.Flask.process_response event=line locals={'func': '<function TestIndirectExceptionCallGraph.test_generated_requests_exercise_error_pipeline.<locals>.global_after at 0x71487b39c360>'}
2026-08-22 23:51:54.315 /testbed/src/flask/app.py:1065 flask.app.Flask.ensure_sync event=call locals={'func': '<function TestIndirectExceptionCallGraph.test_generated_requests_exercise_error_pipeline.<locals>.global_after at 0x71487b39c360>', 'self': "<Flask 'runtime_exception_graph'>"}
2026-08-22 23:51:54.315 /testbed/src/flask/app.py:1074 flask.app.Flask.ensure_sync event=line locals={}
2026-08-22 23:51:54.315 /testbed/src/flask/app.py:1077 flask.app.Flask.ensure_sync event=line locals={}
2026-08-22 23:51:54.315 /testbed/src/flask/app.py:1077 flask.app.Flask.ensure_sync event=return retval=<function TestIndirectExceptionCallGraph.test_generated_requests_exercise_error_pipeline.<locals>.global_after at 0x71487b39c360> locals={'func': '<function TestIndirectExceptionCallGraph.test_generated_requests_exercise_error_pipeline.<locals>.global_after at 0x71487b39c360>', 'self': "<Flask 'runtime_exception_graph'>"}
2026-08-22 23:51:54.315 /testbed/src/flask/app.py:1412 flask.app.Flask.process_response event=line locals={}
2026-08-22 23:51:54.315 /testbed/src/flask/app.py:1413 flask.app.Flask.process_response event=line locals={'func': '<function TestIndirectExceptionCallGraph.test_generated_requests_exercise_error_pipeline.<locals>.global_after at 0x71487b39c2c0>'}
2026-08-22 23:51:54.315 /testbed/src/flask/app.py:1065 flask.app.Flask.ensure_sync event=call locals={'func': '<function TestIndirectExceptionCallGraph.test_generated_requests_exercise_error_pipeline.<locals>.global_after at 0x71487b39c2c0>', 'self': "<Flask 'runtime_exception_graph'>"}
2026-08-22 23:51:54.315 /testbed/src/flask/app.py:1074 flask.app.Flask.ensure_sync event=line locals={}
2026-08-22 23:51:54.315 /testbed/src/flask/app.py:1077 flask.app.Flask.ensure_sync event=line locals={}
2026-08-22 23:51:54.315 /testbed/src/flask/app.py:1077 flask.app.Flask.ensure_sync event=return retval=<function TestIndirectExceptionCallGraph.test_generated_requests_exercise_error_pipeline.<locals>.global_after at 0x71487b39c2c0> locals={'func': '<function TestIndirectExceptionCallGraph.test_generated_requests_exercise_error_pipeline.<locals>.global_after at 0x71487b39c2c0>', 'self': "<Flask 'runtime_exception_graph'>"}
2026-08-22 23:51:54.315 /testbed/src/flask/app.py:1412 flask.app.Flask.process_response event=line locals={}
2026-08-22 23:51:54.315 /testbed/src/flask/app.py:1413 flask.app.Flask.process_response event=line locals={'func': '<function TestIndirectExceptionCallGraph.test_generated_requests_exercise_error_pipeline.<locals>.global_after at 0x71487b39c220>'}
2026-08-22 23:51:54.315 /testbed/src/flask/app.py:1065 flask.app.Flask.ensure_sync event=call locals={'func': '<function TestIndirectExceptionCallGraph.test_generated_requests_exercise_error_pipeline.<locals>.global_after at 0x71487b39c220>', 'self': "<Flask 'runtime_exception_graph'>"}
2026-08-22 23:51:54.316 /testbed/src/flask/app.py:1074 flask.app.Flask.ensure_sync event=line locals={}
2026-08-22 23:51:54.316 /testbed/src/flask/app.py:1077 flask.app.Flask.ensure_sync event=line locals={}
2026-08-22 23:51:54.316 /testbed/src/flask/app.py:1077 flask.app.Flask.ensure_sync event=return retval=<function TestIndirectExceptionCallGraph.test_generated_requests_exercise_error_pipeline.<locals>.global_after at 0x71487b39c220> locals={'func': '<function TestIndirectExceptionCallGraph.test_generated_requests_exercise_error_pipeline.<locals>.global_after at 0x71487b39c220>', 'self': "<Flask 'runtime_exception_graph'>"}
2026-08-22 23:51:54.316 /testbed/src/flask/app.py:1412 flask.app.Flask.process_response event=line locals={}
2026-08-22 23:51:54.316 /testbed/src/flask/app.py:1413 flask.app.Flask.process_response event=line locals={'func': '<function TestIndirectExceptionCallGraph.test_generated_requests_exercise_error_pipeline.<locals>.global_after at 0x71487b39c180>'}
2026-08-22 23:51:54.316 /testbed/src/flask/app.py:1065 flask.app.Flask.ensure_sync event=call locals={'func': '<function TestIndirectExceptionCallGraph.test_generated_requests_exercise_error_pipeline.<locals>.global_after at 0x71487b39c180>', 'self': "<Flask 'runtime_exception_graph'>"}
2026-08-22 23:51:54.316 /testbed/src/flask/app.py:1074 flask.app.Flask.ensure_sync event=line locals={}
2026-08-22 23:51:54.316 /testbed/src/flask/app.py:1077 flask.app.Flask.ensure_sync event=line locals={}
2026-08-22 23:51:54.316 /testbed/src/flask/app.py:1077 flask.app.Flask.ensure_sync event=return retval=<function TestIndirectExceptionCallGraph.test_generated_requests_exercise_error_pipeline.<locals>.global_after at 0x71487b39c180> locals={'func': '<function TestIndirectExceptionCallGraph.test_generated_requests_exercise_error_pipeline.<locals>.global_after at 0x71487b39c180>', 'self': "<Flask 'runtime_exception_graph'>"}
2026-08-22 23:51:54.316 /testbed/src/flask/app.py:1412 flask.app.Flask.process_response event=line locals={}
2026-08-22 23:51:54.316 /testbed/src/flask/app.py:1413 flask.app.Flask.process_response event=line locals={'func': '<function TestIndirectExceptionCallGraph.test_generated_requests_exercise_error_pipeline.<locals>.global_after at 0x71487b39c040>'}
2026-08-22 23:51:54.316 /testbed/src/flask/app.py:1065 flask.app.Flask.ensure_sync event=call locals={'func': '<function TestIndirectExceptionCallGraph.test_generated_requests_exercise_error_pipeline.<locals>.global_after at 0x71487b39c040>', 'self': "<Flask 'runtime_exception_graph'>"}
2026-08-22 23:51:54.316 /testbed/src/flask/app.py:1074 flask.app.Flask.ensure_sync event=line locals={}
2026-08-22 23:51:54.316 /testbed/src/flask/app.py:1077 flask.app.Flask.ensure_sync event=line locals={}
2026-08-22 23:51:54.316 /testbed/src/flask/app.py:1077 flask.app.Flask.ensure_sync event=return retval=<function TestIndirectExceptionCallGraph.test_generated_requests_exercise_error_pipeline.<locals>.global_after at 0x71487b39c040> locals={'func': '<function TestIndirectExceptionCallGraph.test_generated_requests_exercise_error_pipeline.<locals>.global_after at 0x71487b39c040>', 'self': "<Flask 'runtime_exception_graph'>"}
2026-08-22 23:51:54.316 /testbed/src/flask/app.py:1412 flask.app.Flask.process_response event=line locals={}
2026-08-22 23:51:54.316 /testbed/src/flask/app.py:1410 flask.app.Flask.process_response event=line locals={}
2026-08-22 23:51:54.316 /testbed/src/flask/app.py:1415 flask.app.Flask.process_response event=line locals={}
2026-08-22 23:51:54.316 /testbed/src/flask/app.py:1418 flask.app.Flask.process_response event=line locals={}
2026-08-22 23:51:54.316 /testbed/src/flask/app.py:1418 flask.app.Flask.process_response event=return retval=<Response 29 bytes [500 INTERNAL SERVER ERROR]> locals={'ctx': "<AppContext 124556119357712 of runtime_exception_graph, GET 'http://localhost/generated/15'>", 'func': '<function TestIndirectExceptionCallGraph.test_generated_requests_exercise_error_pipeline.<locals>.global_after at 0x71487b39c040>', 'name': 'None', 'response': '<Response 29 bytes [500 INTERNAL SERVER ERROR]>', 'self': "<Flask 'runtime_exception_graph'>"}
2026-08-22 23:51:54.316 /testbed/src/flask/app.py:1042 flask.app.Flask.finalize_request event=line locals={}
2026-08-22 23:51:54.316 /testbed/src/flask/app.py:1043 flask.app.Flask.finalize_request event=line locals={}
2026-08-22 23:51:54.316 /testbed/src/flask/app.py:1042 flask.app.Flask.finalize_request event=line locals={}
2026-08-22 23:51:54.316 /testbed/src/flask/app.py:1051 flask.app.Flask.finalize_request event=line locals={}
2026-08-22 23:51:54.316 /testbed/src/flask/app.py:1051 flask.app.Flask.finalize_request event=return retval=<Response 29 bytes [500 INTERNAL SERVER ERROR]> locals={'ctx': "<AppContext 124556119357712 of runtime_exception_graph, GET 'http://localhost/generated/15'>", 'from_error_handler': 'True', 'response': '<Response 29 bytes [500 INTERNAL SERVER ERROR]>', 'rv': "({'checksum': 730680, 'mode': 0}, 500)", 'self': "<Flask 'runtime_exception_graph'>"}
2026-08-22 23:51:54.317 /testbed/src/flask/app.py:948 flask.app.Flask.handle_exception event=return retval=<Response 29 bytes [500 INTERNAL SERVER ERROR]> locals={'ctx': "<AppContext 124556119357712 of runtime_exception_graph, GET 'http://localhost/generated/15'>", 'e': "RuntimeError('generated failure 41870')", 'exc_info': "(<class 'RuntimeError'>, RuntimeError('generated failure 41870'), <traceback object at 0x71487b40d980>)", 'handler': '<function TestIndirectExceptionCallGraph.test_generated_requests_exercise_error_pipeline.<locals>.convert_unhandled_error at 0x71487b39c720>', 'propagate': 'False', 'self': "<Flask 'runtime_exception_graph'>", 'server_error': "({'checksum': 730680, 'mode': 0}, 500)"}
2026-08-22 23:51:54.325 /testbed/src/flask/app.py:1065 flask.app.Flask.ensure_sync event=call locals={'func': '<function TestIndirectExceptionCallGraph.test_generated_requests_exercise_error_pipeline.<locals>.generated_failure at 0x71487b39c9a0>', 'self': "<Flask 'runtime_exception_graph'>"}
2026-08-22 23:51:54.325 /testbed/src/flask/app.py:1074 flask.app.Flask.ensure_sync event=line locals={}
2026-08-22 23:51:54.325 /testbed/src/flask/app.py:1077 flask.app.Flask.ensure_sync event=line locals={}
2026-08-22 23:51:54.325 /testbed/src/flask/app.py:1077 flask.app.Flask.ensure_sync event=return retval=<function TestIndirectExceptionCallGraph.test_generated_requests_exercise_error_pipeline.<locals>.generated_failure at 0x71487b39c9a0> locals={'func': '<function TestIndirectExceptionCallGraph.test_generated_requests_exercise_error_pipeline.<locals>.generated_failure at 0x71487b39c9a0>', 'self': "<Flask 'runtime_exception_graph'>"}
2026-08-22 23:51:54.326 /testbed/src/flask/app.py:897 flask.app.Flask.handle_exception event=call locals={'ctx': "<AppContext 124556119434768 of runtime_exception_graph, GET 'http://localhost/generated/3'>", 'e': "RuntimeError('generated failure 4f731')", 'self': "<Flask 'runtime_exception_graph'>"}
2026-08-22 23:51:54.326 /testbed/src/flask/app.py:925 flask.app.Flask.handle_exception event=line locals={}
2026-08-22 23:51:54.326 /testbed/src/flask/app.py:926 flask.app.Flask.handle_exception event=line locals={'exc_info': "(<class 'RuntimeError'>, RuntimeError('generated failure 4f731'), <traceback object at 0x71487b40f400>)"}
2026-08-22 23:51:54.327 /testbed/src/flask/app.py:927 flask.app.Flask.handle_exception event=line locals={}
2026-08-22 23:51:54.327 /testbed/src/flask/app.py:929 flask.app.Flask.handle_exception event=line locals={'propagate': 'False'}
2026-08-22 23:51:54.327 /testbed/src/flask/app.py:932 flask.app.Flask.handle_exception event=line locals={}
2026-08-22 23:51:54.327 /testbed/src/flask/app.py:940 flask.app.Flask.handle_exception event=line locals={}
2026-08-22 23:51:54.327 /testbed/src/flask/app.py:950 flask.app.Flask.log_exception event=call locals={'ctx': "<AppContext 124556119434768 of runtime_exception_graph, GET 'http://localhost/generated/3'>", 'exc_info': "(<class 'RuntimeError'>, RuntimeError('generated failure 4f731'), <traceback object at 0x71487b40f400>)", 'self': "<Flask 'runtime_exception_graph'>"}
2026-08-22 23:51:54.327 /testbed/src/flask/app.py:962 flask.app.Flask.log_exception event=line locals={}
2026-08-22 23:51:54.327 /testbed/src/flask/app.py:963 flask.app.Flask.log_exception event=line locals={}
2026-08-22 23:51:54.327 /testbed/src/flask/app.py:962 flask.app.Flask.log_exception event=line locals={}
2026-08-22 23:51:54.327 /testbed/src/flask/app.py:962 flask.app.Flask.log_exception event=return retval=None locals={'ctx': "<AppContext 124556119434768 of runtime_exception_graph, GET 'http://localhost/generated/3'>", 'exc_info': "(<class 'RuntimeError'>, RuntimeError('generated failure 4f731'), <traceback object at 0x71487b40f400>)", 'self': "<Flask 'runtime_exception_graph'>"}
2026-08-22 23:51:54.327 /testbed/src/flask/app.py:942 flask.app.Flask.handle_exception event=line locals={}
2026-08-22 23:51:54.327 /testbed/src/flask/app.py:943 flask.app.Flask.handle_exception event=line locals={'server_error': "<InternalServerError '500: Internal Server Error'>"}
2026-08-22 23:51:54.327 /testbed/src/flask/app.py:945 flask.app.Flask.handle_exception event=line locals={'handler': '<function TestIndirectExceptionCallGraph.test_generated_requests_exercise_error_pipeline.<locals>.convert_unhandled_error at 0x71487b39c720>'}
2026-08-22 23:51:54.327 /testbed/src/flask/app.py:946 flask.app.Flask.handle_exception event=line locals={}
2026-08-22 23:51:54.327 /testbed/src/flask/app.py:1065 flask.app.Flask.ensure_sync event=call locals={'func': '<function TestIndirectExceptionCallGraph.test_generated_requests_exercise_error_pipeline.<locals>.convert_unhandled_error at 0x71487b39c720>', 'self': "<Flask 'runtime_exception_graph'>"}
2026-08-22 23:51:54.327 /testbed/src/flask/app.py:1074 flask.app.Flask.ensure_sync event=line locals={}
2026-08-22 23:51:54.327 /testbed/src/flask/app.py:1077 flask.app.Flask.ensure_sync event=line locals={}
2026-08-22 23:51:54.327 /testbed/src/flask/app.py:1077 flask.app.Flask.ensure_sync event=return retval=<function TestIndirectExceptionCallGraph.test_generated_requests_exercise_error_pipeline.<locals>.convert_unhandled_error at 0x71487b39c720> locals={'func': '<function TestIndirectExceptionCallGraph.test_generated_requests_exercise_error_pipeline.<locals>.convert_unhandled_error at 0x71487b39c720>', 'self': "<Flask 'runtime_exception_graph'>"}
2026-08-22 23:51:54.328 /testbed/src/flask/app.py:948 flask.app.Flask.handle_exception event=line locals={'server_error': "([786527, 1, 18], 500, {'X-QA-Mode': '1'})"}
2026-08-22 23:51:54.328 /testbed/src/flask/app.py:1021 flask.app.Flask.finalize_request event=call locals={'ctx': "<AppContext 124556119434768 of runtime_exception_graph, GET 'http://localhost/generated/3'>", 'from_error_handler': 'True', 'rv': "([786527, 1, 18], 500, {'X-QA-Mode': '1'})", 'self': "<Flask 'runtime_exception_graph'>"}
2026-08-22 23:51:54.328 /testbed/src/flask/app.py:1039 flask.app.Flask.finalize_request event=line locals={}
2026-08-22 23:51:54.328 /testbed/src/flask/app.py:1224 flask.app.Flask.make_response event=call locals={'rv': "([786527, 1, 18], 500, {'X-QA-Mode': '1'})", 'self': "<Flask 'runtime_exception_graph'>"}
2026-08-22 23:51:54.328 /testbed/src/flask/app.py:1281 flask.app.Flask.make_response event=line locals={}
2026-08-22 23:51:54.328 /testbed/src/flask/app.py:1282 flask.app.Flask.make_response event=line locals={'status': 'None'}
2026-08-22 23:51:54.328 /testbed/src/flask/app.py:1285 flask.app.Flask.make_response event=line locals={'headers': 'None'}
2026-08-22 23:51:54.328 /testbed/src/flask/app.py:1286 flask.app.Flask.make_response event=line locals={}
2026-08-22 23:51:54.328 /testbed/src/flask/app.py:1289 flask.app.Flask.make_response event=line locals={'len_rv': '3'}
2026-08-22 23:51:54.328 /testbed/src/flask/app.py:1290 flask.app.Flask.make_response event=line locals={}
2026-08-22 23:51:54.328 /testbed/src/flask/app.py:1306 flask.app.Flask.make_response event=line locals={'headers': "{'X-QA-Mode': '1'}", 'rv': '[786527, 1, 18]', 'status': '500'}
2026-08-22 23:51:54.328 /testbed/src/flask/app.py:1314 flask.app.Flask.make_response event=line locals={}
2026-08-22 23:51:54.328 /testbed/src/flask/app.py:1315 flask.app.Flask.make_response event=line locals={}
2026-08-22 23:51:54.328 /testbed/src/flask/app.py:1325 flask.app.Flask.make_response event=line locals={}
2026-08-22 23:51:54.328 /testbed/src/flask/app.py:1326 flask.app.Flask.make_response event=line locals={}
2026-08-22 23:51:54.328 /testbed/src/flask/app.py:1352 flask.app.Flask.make_response event=line locals={'rv': '<Response 14 bytes [200 OK]>'}
2026-08-22 23:51:54.328 /testbed/src/flask/app.py:1354 flask.app.Flask.make_response event=line locals={}
2026-08-22 23:51:54.328 /testbed/src/flask/app.py:1355 flask.app.Flask.make_response event=line locals={}
2026-08-22 23:51:54.328 /testbed/src/flask/app.py:1358 flask.app.Flask.make_response event=line locals={}
2026-08-22 23:51:54.328 /testbed/src/flask/app.py:1361 flask.app.Flask.make_response event=line locals={'rv': '<Response 14 bytes [500 INTERNAL SERVER ERROR]>'}
2026-08-22 23:51:54.328 /testbed/src/flask/app.py:1362 flask.app.Flask.make_response event=line locals={}
2026-08-22 23:51:54.328 /testbed/src/flask/app.py:1364 flask.app.Flask.make_response event=line locals={}
2026-08-22 23:51:54.328 /testbed/src/flask/app.py:1364 flask.app.Flask.make_response event=return retval=<Response 14 bytes [500 INTERNAL SERVER ERROR]> locals={'headers': "{'X-QA-Mode': '1'}", 'len_rv': '3', 'rv': '<Response 14 bytes [500 INTERNAL SERVER ERROR]>', 'self': "<Flask 'runtime_exception_graph'>", 'status': '500'}
2026-08-22 23:51:54.328 /testbed/src/flask/app.py:1040 flask.app.Flask.finalize_request event=line locals={'response': '<Response 14 bytes [500 INTERNAL SERVER ERROR]>'}
2026-08-22 23:51:54.328 /testbed/src/flask/app.py:1041 flask.app.Flask.finalize_request event=line locals={}
2026-08-22 23:51:54.328 /testbed/src/flask/app.py:1394 flask.app.Flask.process_response event=call locals={'ctx': "<AppContext 124556119434768 of runtime_exception_graph, GET 'http://localhost/generated/3'>", 'response': '<Response 14 bytes [500 INTERNAL SERVER ERROR]>', 'self': "<Flask 'runtime_exception_graph'>"}
2026-08-22 23:51:54.328 /testbed/src/flask/app.py:1407 flask.app.Flask.process_response event=line locals={}
2026-08-22 23:51:54.329 /testbed/src/flask/app.py:1408 flask.app.Flask.process_response event=line locals={'func': '<function TestIndirectExceptionCallGraph.test_generated_requests_exercise_error_pipeline.<locals>.generated_failure.<locals>.local_after at 0x71487b3bd4e0>'}
2026-08-22 23:51:54.329 /testbed/src/flask/app.py:1065 flask.app.Flask.ensure_sync event=call locals={'func': '<function TestIndirectExceptionCallGraph.test_generated_requests_exercise_error_pipeline.<locals>.generated_failure.<locals>.local_after at 0x71487b3bd4e0>', 'self': "<Flask 'runtime_exception_graph'>"}
2026-08-22 23:51:54.329 /testbed/src/flask/app.py:1074 flask.app.Flask.ensure_sync event=line locals={}
2026-08-22 23:51:54.329 /testbed/src/flask/app.py:1077 flask.app.Flask.ensure_sync event=line locals={}
2026-08-22 23:51:54.329 /testbed/src/flask/app.py:1077 flask.app.Flask.ensure_sync event=return retval=<function TestIndirectExceptionCallGraph.test_generated_requests_exercise_error_pipeline.<locals>.generated_failure.<locals>.local_after at 0x71487b3bd4e0> locals={'func': '<function TestIndirectExceptionCallGraph.test_generated_requests_exercise_error_pipeline.<locals>.generated_failure.<locals>.local_after at 0x71487b3bd4e0>', 'self': "<Flask 'runtime_exception_graph'>"}
2026-08-22 23:51:54.329 /testbed/src/flask/app.py:1407 flask.app.Flask.process_response event=line locals={}
2026-08-22 23:51:54.329 /testbed/src/flask/app.py:1408 flask.app.Flask.process_response event=line locals={'func': '<function TestIndirectExceptionCallGraph.test_generated_requests_exercise_error_pipeline.<locals>.generated_failure.<locals>.local_after at 0x71487b3bd580>'}
2026-08-22 23:51:54.329 /testbed/src/flask/app.py:1065 flask.app.Flask.ensure_sync event=call locals={'func': '<function TestIndirectExceptionCallGraph.test_generated_requests_exercise_error_pipeline.<locals>.generated_failure.<locals>.local_after at 0x71487b3bd580>', 'self': "<Flask 'runtime_exception_graph'>"}
2026-08-22 23:51:54.329 /testbed/src/flask/app.py:1074 flask.app.Flask.ensure_sync event=line locals={}
2026-08-22 23:51:54.329 /testbed/src/flask/app.py:1077 flask.app.Flask.ensure_sync event=line locals={}
2026-08-22 23:51:54.329 /testbed/src/flask/app.py:1077 flask.app.Flask.ensure_sync event=return retval=<function TestIndirectExceptionCallGraph.test_generated_requests_exercise_error_pipeline.<locals>.generated_failure.<locals>.local_after at 0x71487b3bd580> locals={'func': '<function TestIndirectExceptionCallGraph.test_generated_requests_exercise_error_pipeline.<locals>.generated_failure.<locals>.local_after at 0x71487b3bd580>', 'self': "<Flask 'runtime_exception_graph'>"}
2026-08-22 23:51:54.329 /testbed/src/flask/app.py:1407 flask.app.Flask.process_response event=line locals={}
2026-08-22 23:51:54.329 /testbed/src/flask/app.py:1408 flask.app.Flask.process_response event=line locals={'func': '<function TestIndirectExceptionCallGraph.test_generated_requests_exercise_error_pipeline.<locals>.generated_failure.<locals>.local_after at 0x71487b3bd620>'}
2026-08-22 23:51:54.329 /testbed/src/flask/app.py:1065 flask.app.Flask.ensure_sync event=call locals={'func': '<function TestIndirectExceptionCallGraph.test_generated_requests_exercise_error_pipeline.<locals>.generated_failure.<locals>.local_after at 0x71487b3bd620>', 'self': "<Flask 'runtime_exception_graph'>"}
2026-08-22 23:51:54.329 /testbed/src/flask/app.py:1074 flask.app.Flask.ensure_sync event=line locals={}
2026-08-22 23:51:54.329 /testbed/src/flask/app.py:1077 flask.app.Flask.ensure_sync event=line locals={}
2026-08-22 23:51:54.329 /testbed/src/flask/app.py:1077 flask.app.Flask.ensure_sync event=return retval=<function TestIndirectExceptionCallGraph.test_generated_requests_exercise_error_pipeline.<locals>.generated_failure.<locals>.local_after at 0x71487b3bd620> locals={'func': '<function TestIndirectExceptionCallGraph.test_generated_requests_exercise_error_pipeline.<locals>.generated_failure.<locals>.local_after at 0x71487b3bd620>', 'self': "<Flask 'runtime_exception_graph'>"}
2026-08-22 23:51:54.329 /testbed/src/flask/app.py:1407 flask.app.Flask.process_response event=line locals={}
2026-08-22 23:51:54.329 /testbed/src/flask/app.py:1408 flask.app.Flask.process_response event=line locals={'func': '<function TestIndirectExceptionCallGraph.test_generated_requests_exercise_error_pipeline.<locals>.generated_failure.<locals>.local_after at 0x71487b3bce00>'}
2026-08-22 23:51:54.329 /testbed/src/flask/app.py:1065 flask.app.Flask.ensure_sync event=call locals={'func': '<function TestIndirectExceptionCallGraph.test_generated_requests_exercise_error_pipeline.<locals>.generated_failure.<locals>.local_after at 0x71487b3bce00>', 'self': "<Flask 'runtime_exception_graph'>"}
2026-08-22 23:51:54.329 /testbed/src/flask/app.py:1074 flask.app.Flask.ensure_sync event=line locals={}
2026-08-22 23:51:54.329 /testbed/src/flask/app.py:1077 flask.app.Flask.ensure_sync event=line locals={}
2026-08-22 23:51:54.329 /testbed/src/flask/app.py:1077 flask.app.Flask.ensure_sync event=return retval=<function TestIndirectExceptionCallGraph.test_generated_requests_exercise_error_pipeline.<locals>.generated_failure.<locals>.local_after at 0x71487b3bce00> locals={'func': '<function TestIndirectExceptionCallGraph.test_generated_requests_exercise_error_pipeline.<locals>.generated_failure.<locals>.local_after at 0x71487b3bce00>', 'self': "<Flask 'runtime_exception_graph'>"}
2026-08-22 23:51:54.329 /testbed/src/flask/app.py:1407 flask.app.Flask.process_response event=line locals={}
2026-08-22 23:51:54.329 /testbed/src/flask/app.py:1408 flask.app.Flask.process_response event=line locals={'func': '<function TestIndirectExceptionCallGraph.test_generated_requests_exercise_error_pipeline.<locals>.generated_failure.<locals>.local_after at 0x71487b3bf420>'}
2026-08-22 23:51:54.329 /testbed/src/flask/app.py:1065 flask.app.Flask.ensure_sync event=call locals={'func': '<function TestIndirectExceptionCallGraph.test_generated_requests_exercise_error_pipeline.<locals>.generated_failure.<locals>.local_after at 0x71487b3bf420>', 'self': "<Flask 'runtime_exception_graph'>"}
2026-08-22 23:51:54.329 /testbed/src/flask/app.py:1074 flask.app.Flask.ensure_sync event=line locals={}
2026-08-22 23:51:54.329 /testbed/src/flask/app.py:1077 flask.app.Flask.ensure_sync event=line locals={}
2026-08-22 23:51:54.329 /testbed/src/flask/app.py:1077 flask.app.Flask.ensure_sync event=return retval=<function TestIndirectExceptionCallGraph.test_generated_requests_exercise_error_pipeline.<locals>.generated_failure.<locals>.local_after at 0x71487b3bf420> locals={'func': '<function TestIndirectExceptionCallGraph.test_generated_requests_exercise_error_pipeline.<locals>.generated_failure.<locals>.local_after at 0x71487b3bf420>', 'self': "<Flask 'runtime_exception_graph'>"}
2026-08-22 23:51:54.329 /testbed/src/flask/app.py:1407 flask.app.Flask.process_response event=line locals={}
2026-08-22 23:51:54.329 /testbed/src/flask/app.py:1408 flask.app.Flask.process_response event=line locals={'func': '<function TestIndirectExceptionCallGraph.test_generated_requests_exercise_error_pipeline.<locals>.generated_failure.<locals>.local_after at 0x71487b3bd6c0>'}
2026-08-22 23:51:54.329 /testbed/src/flask/app.py:1065 flask.app.Flask.ensure_sync event=call locals={'func': '<function TestIndirectExceptionCallGraph.test_generated_requests_exercise_error_pipeline.<locals>.generated_failure.<locals>.local_after at 0x71487b3bd6c0>', 'self': "<Flask 'runtime_exception_graph'>"}
2026-08-22 23:51:54.329 /testbed/src/flask/app.py:1074 flask.app.Flask.ensure_sync event=line locals={}
2026-08-22 23:51:54.329 /testbed/src/flask/app.py:1077 flask.app.Flask.ensure_sync event=line locals={}
2026-08-22 23:51:54.329 /testbed/src/flask/app.py:1077 flask.app.Flask.ensure_sync event=return retval=<function TestIndirectExceptionCallGraph.test_generated_requests_exercise_error_pipeline.<locals>.generated_failure.<locals>.local_after at 0x71487b3bd6c0> locals={'func': '<function TestIndirectExceptionCallGraph.test_generated_requests_exercise_error_pipeline.<locals>.generated_failure.<locals>.local_after at 0x71487b3bd6c0>', 'self': "<Flask 'runtime_exception_graph'>"}
2026-08-22 23:51:54.329 /testbed/src/flask/app.py:1407 flask.app.Flask.process_response event=line locals={}
2026-08-22 23:51:54.329 /testbed/src/flask/app.py:1408 flask.app.Flask.process_response event=line locals={'func': '<function TestIndirectExceptionCallGraph.test_generated_requests_exercise_error_pipeline.<locals>.generated_failure.<locals>.local_after at 0x71487b3bdee0>'}
2026-08-22 23:51:54.329 /testbed/src/flask/app.py:1065 flask.app.Flask.ensure_sync event=call locals={'func': '<function TestIndirectExceptionCallGraph.test_generated_requests_exercise_error_pipeline.<locals>.generated_failure.<locals>.local_after at 0x71487b3bdee0>', 'self': "<Flask 'runtime_exception_graph'>"}
2026-08-22 23:51:54.329 /testbed/src/flask/app.py:1074 flask.app.Flask.ensure_sync event=line locals={}
2026-08-22 23:51:54.329 /testbed/src/flask/app.py:1077 flask.app.Flask.ensure_sync event=line locals={}
2026-08-22 23:51:54.329 /testbed/src/flask/app.py:1077 flask.app.Flask.ensure_sync event=return retval=<function TestIndirectExceptionCallGraph.test_generated_requests_exercise_error_pipeline.<locals>.generated_failure.<locals>.local_after at 0x71487b3bdee0> locals={'func': '<function TestIndirectExceptionCallGraph.test_generated_requests_exercise_error_pipeline.<locals>.generated_failure.<locals>.local_after at 0x71487b3bdee0>', 'self': "<Flask 'runtime_exception_graph'>"}
2026-08-22 23:51:54.330 /testbed/src/flask/app.py:1407 flask.app.Flask.process_response event=line locals={}
2026-08-22 23:51:54.330 /testbed/src/flask/app.py:1408 flask.app.Flask.process_response event=line locals={'func': '<function TestIndirectExceptionCallGraph.test_generated_requests_exercise_error_pipeline.<locals>.generated_failure.<locals>.local_after at 0x71487b3bdbc0>'}
2026-08-22 23:51:54.330 /testbed/src/flask/app.py:1065 flask.app.Flask.ensure_sync event=call locals={'func': '<function TestIndirectExceptionCallGraph.test_generated_requests_exercise_error_pipeline.<locals>.generated_failure.<locals>.local_after at 0x71487b3bdbc0>', 'self': "<Flask 'runtime_exception_graph'>"}
2026-08-22 23:51:54.330 /testbed/src/flask/app.py:1074 flask.app.Flask.ensure_sync event=line locals={}
2026-08-22 23:51:54.330 /testbed/src/flask/app.py:1077 flask.app.Flask.ensure_sync event=line locals={}
2026-08-22 23:51:54.330 /testbed/src/flask/app.py:1077 flask.app.Flask.ensure_sync event=return retval=<function TestIndirectExceptionCallGraph.test_generated_requests_exercise_error_pipeline.<locals>.generated_failure.<locals>.local_after at 0x71487b3bdbc0> locals={'func': '<function TestIndirectExceptionCallGraph.test_generated_requests_exercise_error_pipeline.<locals>.generated_failure.<locals>.local_after at 0x71487b3bdbc0>', 'self': "<Flask 'runtime_exception_graph'>"}
2026-08-22 23:51:54.330 /testbed/src/flask/app.py:1407 flask.app.Flask.process_response event=line locals={}
2026-08-22 23:51:54.330 /testbed/src/flask/app.py:1408 flask.app.Flask.process_response event=line locals={'func': '<function TestIndirectExceptionCallGraph.test_generated_requests_exercise_error_pipeline.<locals>.generated_failure.<locals>.local_after at 0x71487b3be0c0>'}
2026-08-22 23:51:54.330 /testbed/src/flask/app.py:1065 flask.app.Flask.ensure_sync event=call locals={'func': '<function TestIndirectExceptionCallGraph.test_generated_requests_exercise_error_pipeline.<locals>.generated_failure.<locals>.local_after at 0x71487b3be0c0>', 'self': "<Flask 'runtime_exception_graph'>"}
2026-08-22 23:51:54.330 /testbed/src/flask/app.py:1074 flask.app.Flask.ensure_sync event=line locals={}
2026-08-22 23:51:54.330 /testbed/src/flask/app.py:1077 flask.app.Flask.ensure_sync event=line locals={}
2026-08-22 23:51:54.330 /testbed/src/flask/app.py:1077 flask.app.Flask.ensure_sync event=return retval=<function TestIndirectExceptionCallGraph.test_generated_requests_exercise_error_pipeline.<locals>.generated_failure.<locals>.local_after at 0x71487b3be0c0> locals={'func': '<function TestIndirectExceptionCallGraph.test_generated_requests_exercise_error_pipeline.<locals>.generated_failure.<locals>.local_after at 0x71487b3be0c0>', 'self': "<Flask 'runtime_exception_graph'>"}
2026-08-22 23:51:54.330 /testbed/src/flask/app.py:1407 flask.app.Flask.process_response event=line locals={}
2026-08-22 23:51:54.330 /testbed/src/flask/app.py:1408 flask.app.Flask.process_response event=line locals={'func': '<function TestIndirectExceptionCallGraph.test_generated_requests_exercise_error_pipeline.<locals>.generated_failure.<locals>.local_after at 0x71487b3bd3a0>'}
2026-08-22 23:51:54.330 /testbed/src/flask/app.py:1065 flask.app.Flask.ensure_sync event=call locals={'func': '<function TestIndirectExceptionCallGraph.test_generated_requests_exercise_error_pipeline.<locals>.generated_failure.<locals>.local_after at 0x71487b3bd3a0>', 'self': "<Flask 'runtime_exception_graph'>"}
2026-08-22 23:51:54.330 /testbed/src/flask/app.py:1074 flask.app.Flask.ensure_sync event=line locals={}
2026-08-22 23:51:54.330 /testbed/src/flask/app.py:1077 flask.app.Flask.ensure_sync event=line locals={}
2026-08-22 23:51:54.330 /testbed/src/flask/app.py:1077 flask.app.Flask.ensure_sync event=return retval=<function TestIndirectExceptionCallGraph.test_generated_requests_exercise_error_pipeline.<locals>.generated_failure.<locals>.local_after at 0x71487b3bd3a0> locals={'func': '<function TestIndirectExceptionCallGraph.test_generated_requests_exercise_error_pipeline.<locals>.generated_failure.<locals>.local_after at 0x71487b3bd3a0>', 'self': "<Flask 'runtime_exception_graph'>"}
2026-08-22 23:51:54.330 /testbed/src/flask/app.py:1407 flask.app.Flask.process_response event=line locals={}
2026-08-22 23:51:54.330 /testbed/src/flask/app.py:1408 flask.app.Flask.process_response event=line locals={'func': '<function TestIndirectExceptionCallGraph.test_generated_requests_exercise_error_pipeline.<locals>.generated_failure.<locals>.local_after at 0x71487b3bd260>'}
2026-08-22 23:51:54.330 /testbed/src/flask/app.py:1065 flask.app.Flask.ensure_sync event=call locals={'func': '<function TestIndirectExceptionCallGraph.test_generated_requests_exercise_error_pipeline.<locals>.generated_failure.<locals>.local_after at 0x71487b3bd260>', 'self': "<Flask 'runtime_exception_graph'>"}
2026-08-22 23:51:54.330 /testbed/src/flask/app.py:1074 flask.app.Flask.ensure_sync event=line locals={}
2026-08-22 23:51:54.330 /testbed/src/flask/app.py:1077 flask.app.Flask.ensure_sync event=line locals={}
2026-08-22 23:51:54.330 /testbed/src/flask/app.py:1077 flask.app.Flask.ensure_sync event=return retval=<function TestIndirectExceptionCallGraph.test_generated_requests_exercise_error_pipeline.<locals>.generated_failure.<locals>.local_after at 0x71487b3bd260> locals={'func': '<function TestIndirectExceptionCallGraph.test_generated_requests_exercise_error_pipeline.<locals>.generated_failure.<locals>.local_after at 0x71487b3bd260>', 'self': "<Flask 'runtime_exception_graph'>"}
2026-08-22 23:51:54.330 /testbed/src/flask/app.py:1407 flask.app.Flask.process_response event=line locals={}
2026-08-22 23:51:54.330 /testbed/src/flask/app.py:1410 flask.app.Flask.process_response event=line locals={}
2026-08-22 23:51:54.330 /testbed/src/flask/app.py:1411 flask.app.Flask.process_response event=line locals={'name': 'None'}
2026-08-22 23:51:54.330 /testbed/src/flask/app.py:1412 flask.app.Flask.process_response event=line locals={}
2026-08-22 23:51:54.330 /testbed/src/flask/app.py:1413 flask.app.Flask.process_response event=line locals={'func': '<function TestIndirectExceptionCallGraph.test_generated_requests_exercise_error_pipeline.<locals>.global_after at 0x71487b39c5e0>'}
2026-08-22 23:51:54.330 /testbed/src/flask/app.py:1065 flask.app.Flask.ensure_sync event=call locals={'func': '<function TestIndirectExceptionCallGraph.test_generated_requests_exercise_error_pipeline.<locals>.global_after at 0x71487b39c5e0>', 'self': "<Flask 'runtime_exception_graph'>"}
2026-08-22 23:51:54.330 /testbed/src/flask/app.py:1074 flask.app.Flask.ensure_sync event=line locals={}
2026-08-22 23:51:54.330 /testbed/src/flask/app.py:1077 flask.app.Flask.ensure_sync event=line locals={}
2026-08-22 23:51:54.330 /testbed/src/flask/app.py:1077 flask.app.Flask.ensure_sync event=return retval=<function TestIndirectExceptionCallGraph.test_generated_requests_exercise_error_pipeline.<locals>.global_after at 0x71487b39c5e0> locals={'func': '<function TestIndirectExceptionCallGraph.test_generated_requests_exercise_error_pipeline.<locals>.global_after at 0x71487b39c5e0>', 'self': "<Flask 'runtime_exception_graph'>"}
2026-08-22 23:51:54.330 /testbed/src/flask/app.py:1412 flask.app.Flask.process_response event=line locals={}
2026-08-22 23:51:54.330 /testbed/src/flask/app.py:1413 flask.app.Flask.process_response event=line locals={'func': '<function TestIndirectExceptionCallGraph.test_generated_requests_exercise_error_pipeline.<locals>.global_after at 0x71487b39c540>'}
2026-08-22 23:51:54.330 /testbed/src/flask/app.py:1065 flask.app.Flask.ensure_sync event=call locals={'func': '<function TestIndirectExceptionCallGraph.test_generated_requests_exercise_error_pipeline.<locals>.global_after at 0x71487b39c540>', 'self': "<Flask 'runtime_exception_graph'>"}
2026-08-22 23:51:54.330 /testbed/src/flask/app.py:1074 flask.app.Flask.ensure_sync event=line locals={}
2026-08-22 23:51:54.330 /testbed/src/flask/app.py:1077 flask.app.Flask.ensure_sync event=line locals={}
2026-08-22 23:51:54.330 /testbed/src/flask/app.py:1077 flask.app.Flask.ensure_sync event=return retval=<function TestIndirectExceptionCallGraph.test_generated_requests_exercise_error_pipeline.<locals>.global_after at 0x71487b39c540> locals={'func': '<function TestIndirectExceptionCallGraph.test_generated_requests_exercise_error_pipeline.<locals>.global_after at 0x71487b39c540>', 'self': "<Flask 'runtime_exception_graph'>"}
2026-08-22 23:51:54.330 /testbed/src/flask/app.py:1412 flask.app.Flask.process_response event=line locals={}
2026-08-22 23:51:54.330 /testbed/src/flask/app.py:1413 flask.app.Flask.process_response event=line locals={'func': '<function TestIndirectExceptionCallGraph.test_generated_requests_exercise_error_pipeline.<locals>.global_after at 0x71487b39c4a0>'}
2026-08-22 23:51:54.330 /testbed/src/flask/app.py:1065 flask.app.Flask.ensure_sync event=call locals={'func': '<function TestIndirectExceptionCallGraph.test_generated_requests_exercise_error_pipeline.<locals>.global_after at 0x71487b39c4a0>', 'self': "<Flask 'runtime_exception_graph'>"}
2026-08-22 23:51:54.330 /testbed/src/flask/app.py:1074 flask.app.Flask.ensure_sync event=line locals={}
2026-08-22 23:51:54.331 /testbed/src/flask/app.py:1077 flask.app.Flask.ensure_sync event=line locals={}
2026-08-22 23:51:54.331 /testbed/src/flask/app.py:1077 flask.app.Flask.ensure_sync event=return retval=<function TestIndirectExceptionCallGraph.test_generated_requests_exercise_error_pipeline.<locals>.global_after at 0x71487b39c4a0> locals={'func': '<function TestIndirectExceptionCallGraph.test_generated_requests_exercise_error_pipeline.<locals>.global_after at 0x71487b39c4a0>', 'self': "<Flask 'runtime_exception_graph'>"}
2026-08-22 23:51:54.331 /testbed/src/flask/app.py:1412 flask.app.Flask.process_response event=line locals={}
2026-08-22 23:51:54.331 /testbed/src/flask/app.py:1413 flask.app.Flask.process_response event=line locals={'func': '<function TestIndirectExceptionCallGraph.test_generated_requests_exercise_error_pipeline.<locals>.global_after at 0x71487b39c400>'}
2026-08-22 23:51:54.331 /testbed/src/flask/app.py:1065 flask.app.Flask.ensure_sync event=call locals={'func': '<function TestIndirectExceptionCallGraph.test_generated_requests_exercise_error_pipeline.<locals>.global_after at 0x71487b39c400>', 'self': "<Flask 'runtime_exception_graph'>"}
2026-08-22 23:51:54.331 /testbed/src/flask/app.py:1074 flask.app.Flask.ensure_sync event=line locals={}
2026-08-22 23:51:54.331 /testbed/src/flask/app.py:1077 flask.app.Flask.ensure_sync event=line locals={}
2026-08-22 23:51:54.331 /testbed/src/flask/app.py:1077 flask.app.Flask.ensure_sync event=return retval=<function TestIndirectExceptionCallGraph.test_generated_requests_exercise_error_pipeline.<locals>.global_after at 0x71487b39c400> locals={'func': '<function TestIndirectExceptionCallGraph.test_generated_requests_exercise_error_pipeline.<locals>.global_after at 0x71487b39c400>', 'self': "<Flask 'runtime_exception_graph'>"}
2026-08-22 23:51:54.331 /testbed/src/flask/app.py:1412 flask.app.Flask.process_response event=line locals={}
2026-08-22 23:51:54.331 /testbed/src/flask/app.py:1413 flask.app.Flask.process_response event=line locals={'func': '<function TestIndirectExceptionCallGraph.test_generated_requests_exercise_error_pipeline.<locals>.global_after at 0x71487b39c360>'}
2026-08-22 23:51:54.331 /testbed/src/flask/app.py:1065 flask.app.Flask.ensure_sync event=call locals={'func': '<function TestIndirectExceptionCallGraph.test_generated_requests_exercise_error_pipeline.<locals>.global_after at 0x71487b39c360>', 'self': "<Flask 'runtime_exception_graph'>"}
2026-08-22 23:51:54.331 /testbed/src/flask/app.py:1074 flask.app.Flask.ensure_sync event=line locals={}
2026-08-22 23:51:54.331 /testbed/src/flask/app.py:1077 flask.app.Flask.ensure_sync event=line locals={}
2026-08-22 23:51:54.331 /testbed/src/flask/app.py:1077 flask.app.Flask.ensure_sync event=return retval=<function TestIndirectExceptionCallGraph.test_generated_requests_exercise_error_pipeline.<locals>.global_after at 0x71487b39c360> locals={'func': '<function TestIndirectExceptionCallGraph.test_generated_requests_exercise_error_pipeline.<locals>.global_after at 0x71487b39c360>', 'self': "<Flask 'runtime_exception_graph'>"}
2026-08-22 23:51:54.331 /testbed/src/flask/app.py:1412 flask.app.Flask.process_response event=line locals={}
2026-08-22 23:51:54.331 /testbed/src/flask/app.py:1413 flask.app.Flask.process_response event=line locals={'func': '<function TestIndirectExceptionCallGraph.test_generated_requests_exercise_error_pipeline.<locals>.global_after at 0x71487b39c2c0>'}
2026-08-22 23:51:54.331 /testbed/src/flask/app.py:1065 flask.app.Flask.ensure_sync event=call locals={'func': '<function TestIndirectExceptionCallGraph.test_generated_requests_exercise_error_pipeline.<locals>.global_after at 0x71487b39c2c0>', 'self': "<Flask 'runtime_exception_graph'>"}
2026-08-22 23:51:54.331 /testbed/src/flask/app.py:1074 flask.app.Flask.ensure_sync event=line locals={}
2026-08-22 23:51:54.331 /testbed/src/flask/app.py:1077 flask.app.Flask.ensure_sync event=line locals={}
2026-08-22 23:51:54.331 /testbed/src/flask/app.py:1077 flask.app.Flask.ensure_sync event=return retval=<function TestIndirectExceptionCallGraph.test_generated_requests_exercise_error_pipeline.<locals>.global_after at 0x71487b39c2c0> locals={'func': '<function TestIndirectExceptionCallGraph.test_generated_requests_exercise_error_pipeline.<locals>.global_after at 0x71487b39c2c0>', 'self': "<Flask 'runtime_exception_graph'>"}
2026-08-22 23:51:54.331 /testbed/src/flask/app.py:1412 flask.app.Flask.process_response event=line locals={}
2026-08-22 23:51:54.331 /testbed/src/flask/app.py:1413 flask.app.Flask.process_response event=line locals={'func': '<function TestIndirectExceptionCallGraph.test_generated_requests_exercise_error_pipeline.<locals>.global_after at 0x71487b39c220>'}
2026-08-22 23:51:54.331 /testbed/src/flask/app.py:1065 flask.app.Flask.ensure_sync event=call locals={'func': '<function TestIndirectExceptionCallGraph.test_generated_requests_exercise_error_pipeline.<locals>.global_after at 0x71487b39c220>', 'self': "<Flask 'runtime_exception_graph'>"}
2026-08-22 23:51:54.331 /testbed/src/flask/app.py:1074 flask.app.Flask.ensure_sync event=line locals={}
2026-08-22 23:51:54.331 /testbed/src/flask/app.py:1077 flask.app.Flask.ensure_sync event=line locals={}
2026-08-22 23:51:54.331 /testbed/src/flask/app.py:1077 flask.app.Flask.ensure_sync event=return retval=<function TestIndirectExceptionCallGraph.test_generated_requests_exercise_error_pipeline.<locals>.global_after at 0x71487b39c220> locals={'func': '<function TestIndirectExceptionCallGraph.test_generated_requests_exercise_error_pipeline.<locals>.global_after at 0x71487b39c220>', 'self': "<Flask 'runtime_exception_graph'>"}
2026-08-22 23:51:54.331 /testbed/src/flask/app.py:1412 flask.app.Flask.process_response event=line locals={}
2026-08-22 23:51:54.331 /testbed/src/flask/app.py:1413 flask.app.Flask.process_response event=line locals={'func': '<function TestIndirectExceptionCallGraph.test_generated_requests_exercise_error_pipeline.<locals>.global_after at 0x71487b39c180>'}
2026-08-22 23:51:54.331 /testbed/src/flask/app.py:1065 flask.app.Flask.ensure_sync event=call locals={'func': '<function TestIndirectExceptionCallGraph.test_generated_requests_exercise_error_pipeline.<locals>.global_after at 0x71487b39c180>', 'self': "<Flask 'runtime_exception_graph'>"}
2026-08-22 23:51:54.331 /testbed/src/flask/app.py:1074 flask.app.Flask.ensure_sync event=line locals={}
2026-08-22 23:51:54.331 /testbed/src/flask/app.py:1077 flask.app.Flask.ensure_sync event=line locals={}
2026-08-22 23:51:54.331 /testbed/src/flask/app.py:1077 flask.app.Flask.ensure_sync event=return retval=<function TestIndirectExceptionCallGraph.test_generated_requests_exercise_error_pipeline.<locals>.global_after at 0x71487b39c180> locals={'func': '<function TestIndirectExceptionCallGraph.test_generated_requests_exercise_error_pipeline.<locals>.global_after at 0x71487b39c180>', 'self': "<Flask 'runtime_exception_graph'>"}
2026-08-22 23:51:54.331 /testbed/src/flask/app.py:1412 flask.app.Flask.process_response event=line locals={}
2026-08-22 23:51:54.331 /testbed/src/flask/app.py:1413 flask.app.Flask.process_response event=line locals={'func': '<function TestIndirectExceptionCallGraph.test_generated_requests_exercise_error_pipeline.<locals>.global_after at 0x71487b39c040>'}
2026-08-22 23:51:54.331 /testbed/src/flask/app.py:1065 flask.app.Flask.ensure_sync event=call locals={'func': '<function TestIndirectExceptionCallGraph.test_generated_requests_exercise_error_pipeline.<locals>.global_after at 0x71487b39c040>', 'self': "<Flask 'runtime_exception_graph'>"}
2026-08-22 23:51:54.331 /testbed/src/flask/app.py:1074 flask.app.Flask.ensure_sync event=line locals={}
2026-08-22 23:51:54.331 /testbed/src/flask/app.py:1077 flask.app.Flask.ensure_sync event=line locals={}
2026-08-22 23:51:54.331 /testbed/src/flask/app.py:1077 flask.app.Flask.ensure_sync event=return retval=<function TestIndirectExceptionCallGraph.test_generated_requests_exercise_error_pipeline.<locals>.global_after at 0x71487b39c040> locals={'func': '<function TestIndirectExceptionCallGraph.test_generated_requests_exercise_error_pipeline.<locals>.global_after at 0x71487b39c040>', 'self': "<Flask 'runtime_exception_graph'>"}
2026-08-22 23:51:54.331 /testbed/src/flask/app.py:1412 flask.app.Flask.process_response event=line locals={}
2026-08-22 23:51:54.331 /testbed/src/flask/app.py:1410 flask.app.Flask.process_response event=line locals={}
2026-08-22 23:51:54.331 /testbed/src/flask/app.py:1415 flask.app.Flask.process_response event=line locals={}
2026-08-22 23:51:54.332 /testbed/src/flask/app.py:1418 flask.app.Flask.process_response event=line locals={}
2026-08-22 23:51:54.332 /testbed/src/flask/app.py:1418 flask.app.Flask.process_response event=return retval=<Response 14 bytes [500 INTERNAL SERVER ERROR]> locals={'ctx': "<AppContext 124556119434768 of runtime_exception_graph, GET 'http://localhost/generated/3'>", 'func': '<function TestIndirectExceptionCallGraph.test_generated_requests_exercise_error_pipeline.<locals>.global_after at 0x71487b39c040>', 'name': 'None', 'response': '<Response 14 bytes [500 INTERNAL SERVER ERROR]>', 'self': "<Flask 'runtime_exception_graph'>"}
2026-08-22 23:51:54.332 /testbed/src/flask/app.py:1042 flask.app.Flask.finalize_request event=line locals={}
2026-08-22 23:51:54.332 /testbed/src/flask/app.py:1043 flask.app.Flask.finalize_request event=line locals={}
2026-08-22 23:51:54.332 /testbed/src/flask/app.py:1042 flask.app.Flask.finalize_request event=line locals={}
2026-08-22 23:51:54.332 /testbed/src/flask/app.py:1051 flask.app.Flask.finalize_request event=line locals={}
2026-08-22 23:51:54.332 /testbed/src/flask/app.py:1051 flask.app.Flask.finalize_request event=return retval=<Response 14 bytes [500 INTERNAL SERVER ERROR]> locals={'ctx': "<AppContext 124556119434768 of runtime_exception_graph, GET 'http://localhost/generated/3'>", 'from_error_handler': 'True', 'response': '<Response 14 bytes [500 INTERNAL SERVER ERROR]>', 'rv': "([786527, 1, 18], 500, {'X-QA-Mode': '1'})", 'self': "<Flask 'runtime_exception_graph'>"}
2026-08-22 23:51:54.332 /testbed/src/flask/app.py:948 flask.app.Flask.handle_exception event=return retval=<Response 14 bytes [500 INTERNAL SERVER ERROR]> locals={'ctx': "<AppContext 124556119434768 of runtime_exception_graph, GET 'http://localhost/generated/3'>", 'e': "RuntimeError('generated failure 4f731')", 'exc_info': "(<class 'RuntimeError'>, RuntimeError('generated failure 4f731'), <traceback object at 0x71487b40f400>)", 'handler': '<function TestIndirectExceptionCallGraph.test_generated_requests_exercise_error_pipeline.<locals>.convert_unhandled_error at 0x71487b39c720>', 'propagate': 'False', 'self': "<Flask 'runtime_exception_graph'>", 'server_error': "([786527, 1, 18], 500, {'X-QA-Mode': '1'})"}
2026-08-22 23:51:54.341 /testbed/src/flask/app.py:1065 flask.app.Flask.ensure_sync event=call locals={'func': '<function TestIndirectExceptionCallGraph.test_generated_requests_exercise_error_pipeline.<locals>.generated_failure at 0x71487b39c9a0>', 'self': "<Flask 'runtime_exception_graph'>"}
2026-08-22 23:51:54.341 /testbed/src/flask/app.py:1074 flask.app.Flask.ensure_sync event=line locals={}
2026-08-22 23:51:54.341 /testbed/src/flask/app.py:1077 flask.app.Flask.ensure_sync event=line locals={}
2026-08-22 23:51:54.341 /testbed/src/flask/app.py:1077 flask.app.Flask.ensure_sync event=return retval=<function TestIndirectExceptionCallGraph.test_generated_requests_exercise_error_pipeline.<locals>.generated_failure at 0x71487b39c9a0> locals={'func': '<function TestIndirectExceptionCallGraph.test_generated_requests_exercise_error_pipeline.<locals>.generated_failure at 0x71487b39c9a0>', 'self': "<Flask 'runtime_exception_graph'>"}
2026-08-22 23:51:54.342 /testbed/src/flask/app.py:897 flask.app.Flask.handle_exception event=call locals={'ctx': "<AppContext 124556119446096 of runtime_exception_graph, GET 'http://localhost/generated/8'>", 'e': "RuntimeError('generated failure 345ec')", 'self': "<Flask 'runtime_exception_graph'>"}
2026-08-22 23:51:54.342 /testbed/src/flask/app.py:925 flask.app.Flask.handle_exception event=line locals={}
2026-08-22 23:51:54.342 /testbed/src/flask/app.py:926 flask.app.Flask.handle_exception event=line locals={'exc_info': "(<class 'RuntimeError'>, RuntimeError('generated failure 345ec'), <traceback object at 0x71487b411fc0>)"}
2026-08-22 23:51:54.342 /testbed/src/flask/app.py:927 flask.app.Flask.handle_exception event=line locals={}
2026-08-22 23:51:54.343 /testbed/src/flask/app.py:929 flask.app.Flask.handle_exception event=line locals={'propagate': 'False'}
2026-08-22 23:51:54.343 /testbed/src/flask/app.py:932 flask.app.Flask.handle_exception event=line locals={}
2026-08-22 23:51:54.343 /testbed/src/flask/app.py:940 flask.app.Flask.handle_exception event=line locals={}
2026-08-22 23:51:54.343 /testbed/src/flask/app.py:950 flask.app.Flask.log_exception event=call locals={'ctx': "<AppContext 124556119446096 of runtime_exception_graph, GET 'http://localhost/generated/8'>", 'exc_info': "(<class 'RuntimeError'>, RuntimeError('generated failure 345ec'), <traceback object at 0x71487b411fc0>)", 'self': "<Flask 'runtime_exception_graph'>"}
2026-08-22 23:51:54.343 /testbed/src/flask/app.py:962 flask.app.Flask.log_exception event=line locals={}
2026-08-22 23:51:54.343 /testbed/src/flask/app.py:963 flask.app.Flask.log_exception event=line locals={}
2026-08-22 23:51:54.343 /testbed/src/flask/app.py:962 flask.app.Flask.log_exception event=line locals={}
2026-08-22 23:51:54.343 /testbed/src/flask/app.py:962 flask.app.Flask.log_exception event=return retval=None locals={'ctx': "<AppContext 124556119446096 of runtime_exception_graph, GET 'http://localhost/generated/8'>", 'exc_info': "(<class 'RuntimeError'>, RuntimeError('generated failure 345ec'), <traceback object at 0x71487b411fc0>)", 'self': "<Flask 'runtime_exception_graph'>"}
2026-08-22 23:51:54.343 /testbed/src/flask/app.py:942 flask.app.Flask.handle_exception event=line locals={}
2026-08-22 23:51:54.343 /testbed/src/flask/app.py:943 flask.app.Flask.handle_exception event=line locals={'server_error': "<InternalServerError '500: Internal Server Error'>"}
2026-08-22 23:51:54.343 /testbed/src/flask/app.py:945 flask.app.Flask.handle_exception event=line locals={'handler': '<function TestIndirectExceptionCallGraph.test_generated_requests_exercise_error_pipeline.<locals>.convert_unhandled_error at 0x71487b39c720>'}
2026-08-22 23:51:54.343 /testbed/src/flask/app.py:946 flask.app.Flask.handle_exception event=line locals={}
2026-08-22 23:51:54.343 /testbed/src/flask/app.py:1065 flask.app.Flask.ensure_sync event=call locals={'func': '<function TestIndirectExceptionCallGraph.test_generated_requests_exercise_error_pipeline.<locals>.convert_unhandled_error at 0x71487b39c720>', 'self': "<Flask 'runtime_exception_graph'>"}
2026-08-22 23:51:54.343 /testbed/src/flask/app.py:1074 flask.app.Flask.ensure_sync event=line locals={}
2026-08-22 23:51:54.343 /testbed/src/flask/app.py:1077 flask.app.Flask.ensure_sync event=line locals={}
2026-08-22 23:51:54.343 /testbed/src/flask/app.py:1077 flask.app.Flask.ensure_sync event=return retval=<function TestIndirectExceptionCallGraph.test_generated_requests_exercise_error_pipeline.<locals>.convert_unhandled_error at 0x71487b39c720> locals={'func': '<function TestIndirectExceptionCallGraph.test_generated_requests_exercise_error_pipeline.<locals>.convert_unhandled_error at 0x71487b39c720>', 'self': "<Flask 'runtime_exception_graph'>"}
2026-08-22 23:51:54.343 /testbed/src/flask/app.py:948 flask.app.Flask.handle_exception event=line locals={'server_error': "({'checksum': 575835, 'mode': 0}, 500)"}
2026-08-22 23:51:54.343 /testbed/src/flask/app.py:1021 flask.app.Flask.finalize_request event=call locals={'ctx': "<AppContext 124556119446096 of runtime_exception_graph, GET 'http://localhost/generated/8'>", 'from_error_handler': 'True', 'rv': "({'checksum': 575835, 'mode': 0}, 500)", 'self': "<Flask 'runtime_exception_graph'>"}
2026-08-22 23:51:54.343 /testbed/src/flask/app.py:1039 flask.app.Flask.finalize_request event=line locals={}
2026-08-22 23:51:54.343 /testbed/src/flask/app.py:1224 flask.app.Flask.make_response event=call locals={'rv': "({'checksum': 575835, 'mode': 0}, 500)", 'self': "<Flask 'runtime_exception_graph'>"}
2026-08-22 23:51:54.343 /testbed/src/flask/app.py:1281 flask.app.Flask.make_response event=line locals={}
2026-08-22 23:51:54.343 /testbed/src/flask/app.py:1282 flask.app.Flask.make_response event=line locals={'status': 'None'}
2026-08-22 23:51:54.343 /testbed/src/flask/app.py:1285 flask.app.Flask.make_response event=line locals={'headers': 'None'}
2026-08-22 23:51:54.343 /testbed/src/flask/app.py:1286 flask.app.Flask.make_response event=line locals={}
2026-08-22 23:51:54.343 /testbed/src/flask/app.py:1289 flask.app.Flask.make_response event=line locals={'len_rv': '2'}
2026-08-22 23:51:54.343 /testbed/src/flask/app.py:1292 flask.app.Flask.make_response event=line locals={}
2026-08-22 23:51:54.343 /testbed/src/flask/app.py:1293 flask.app.Flask.make_response event=line locals={}
2026-08-22 23:51:54.343 /testbed/src/flask/app.py:1296 flask.app.Flask.make_response event=line locals={}
2026-08-22 23:51:54.343 /testbed/src/flask/app.py:1306 flask.app.Flask.make_response event=line locals={'rv': "{'checksum': 575835, 'mode': 0}", 'status': '500'}
2026-08-22 23:51:54.343 /testbed/src/flask/app.py:1314 flask.app.Flask.make_response event=line locals={}
2026-08-22 23:51:54.343 /testbed/src/flask/app.py:1315 flask.app.Flask.make_response event=line locals={}
2026-08-22 23:51:54.344 /testbed/src/flask/app.py:1325 flask.app.Flask.make_response event=line locals={}
2026-08-22 23:51:54.344 /testbed/src/flask/app.py:1326 flask.app.Flask.make_response event=line locals={}
2026-08-22 23:51:54.344 /testbed/src/flask/app.py:1352 flask.app.Flask.make_response event=line locals={'rv': '<Response 29 bytes [200 OK]>'}
2026-08-22 23:51:54.344 /testbed/src/flask/app.py:1354 flask.app.Flask.make_response event=line locals={}
2026-08-22 23:51:54.344 /testbed/src/flask/app.py:1355 flask.app.Flask.make_response event=line locals={}
2026-08-22 23:51:54.344 /testbed/src/flask/app.py:1358 flask.app.Flask.make_response event=line locals={}
2026-08-22 23:51:54.344 /testbed/src/flask/app.py:1361 flask.app.Flask.make_response event=line locals={'rv': '<Response 29 bytes [500 INTERNAL SERVER ERROR]>'}
2026-08-22 23:51:54.344 /testbed/src/flask/app.py:1364 flask.app.Flask.make_response event=line locals={}
2026-08-22 23:51:54.344 /testbed/src/flask/app.py:1364 flask.app.Flask.make_response event=return retval=<Response 29 bytes [500 INTERNAL SERVER ERROR]> locals={'headers': 'None', 'len_rv': '2', 'rv': '<Response 29 bytes [500 INTERNAL SERVER ERROR]>', 'self': "<Flask 'runtime_exception_graph'>", 'status': '500'}
2026-08-22 23:51:54.344 /testbed/src/flask/app.py:1040 flask.app.Flask.finalize_request event=line locals={'response': '<Response 29 bytes [500 INTERNAL SERVER ERROR]>'}
2026-08-22 23:51:54.344 /testbed/src/flask/app.py:1041 flask.app.Flask.finalize_request event=line locals={}
2026-08-22 23:51:54.344 /testbed/src/flask/app.py:1394 flask.app.Flask.process_response event=call locals={'ctx': "<AppContext 124556119446096 of runtime_exception_graph, GET 'http://localhost/generated/8'>", 'response': '<Response 29 bytes [500 INTERNAL SERVER ERROR]>', 'self': "<Flask 'runtime_exception_graph'>"}
2026-08-22 23:51:54.344 /testbed/src/flask/app.py:1407 flask.app.Flask.process_response event=line locals={}
2026-08-22 23:51:54.344 /testbed/src/flask/app.py:1408 flask.app.Flask.process_response event=line locals={'func': '<function TestIndirectExceptionCallGraph.test_generated_requests_exercise_error_pipeline.<locals>.generated_failure.<locals>.local_after at 0x71487b3bf740>'}
2026-08-22 23:51:54.344 /testbed/src/flask/app.py:1065 flask.app.Flask.ensure_sync event=call locals={'func': '<function TestIndirectExceptionCallGraph.test_generated_requests_exercise_error_pipeline.<locals>.generated_failure.<locals>.local_after at 0x71487b3bf740>', 'self': "<Flask 'runtime_exception_graph'>"}
2026-08-22 23:51:54.344 /testbed/src/flask/app.py:1074 flask.app.Flask.ensure_sync event=line locals={}
2026-08-22 23:51:54.344 /testbed/src/flask/app.py:1077 flask.app.Flask.ensure_sync event=line locals={}
2026-08-22 23:51:54.344 /testbed/src/flask/app.py:1077 flask.app.Flask.ensure_sync event=return retval=<function TestIndirectExceptionCallGraph.test_generated_requests_exercise_error_pipeline.<locals>.generated_failure.<locals>.local_after at 0x71487b3bf740> locals={'func': '<function TestIndirectExceptionCallGraph.test_generated_requests_exercise_error_pipeline.<locals>.generated_failure.<locals>.local_after at 0x71487b3bf740>', 'self': "<Flask 'runtime_exception_graph'>"}
2026-08-22 23:51:54.344 /testbed/src/flask/app.py:1407 flask.app.Flask.process_response event=line locals={}
2026-08-22 23:51:54.344 /testbed/src/flask/app.py:1408 flask.app.Flask.process_response event=line locals={'func': '<function TestIndirectExceptionCallGraph.test_generated_requests_exercise_error_pipeline.<locals>.generated_failure.<locals>.local_after at 0x71487b3bf7e0>'}
2026-08-22 23:51:54.344 /testbed/src/flask/app.py:1065 flask.app.Flask.ensure_sync event=call locals={'func': '<function TestIndirectExceptionCallGraph.test_generated_requests_exercise_error_pipeline.<locals>.generated_failure.<locals>.local_after at 0x71487b3bf7e0>', 'self': "<Flask 'runtime_exception_graph'>"}
2026-08-22 23:51:54.344 /testbed/src/flask/app.py:1074 flask.app.Flask.ensure_sync event=line locals={}
2026-08-22 23:51:54.344 /testbed/src/flask/app.py:1077 flask.app.Flask.ensure_sync event=line locals={}
2026-08-22 23:51:54.344 /testbed/src/flask/app.py:1077 flask.app.Flask.ensure_sync event=return retval=<function TestIndirectExceptionCallGraph.test_generated_requests_exercise_error_pipeline.<locals>.generated_failure.<locals>.local_after at 0x71487b3bf7e0> locals={'func': '<function TestIndirectExceptionCallGraph.test_generated_requests_exercise_error_pipeline.<locals>.generated_failure.<locals>.local_after at 0x71487b3bf7e0>', 'self': "<Flask 'runtime_exception_graph'>"}
2026-08-22 23:51:54.345 /testbed/src/flask/app.py:1407 flask.app.Flask.process_response event=line locals={}
2026-08-22 23:51:54.345 /testbed/src/flask/app.py:1408 flask.app.Flask.process_response event=line locals={'func': '<function TestIndirectExceptionCallGraph.test_generated_requests_exercise_error_pipeline.<locals>.generated_failure.<locals>.local_after at 0x71487b3bf880>'}
2026-08-22 23:51:54.345 /testbed/src/flask/app.py:1065 flask.app.Flask.ensure_sync event=call locals={'func': '<function TestIndirectExceptionCallGraph.test_generated_requests_exercise_error_pipeline.<locals>.generated_failure.<locals>.local_after at 0x71487b3bf880>', 'self': "<Flask 'runtime_exception_graph'>"}
2026-08-22 23:51:54.345 /testbed/src/flask/app.py:1074 flask.app.Flask.ensure_sync event=line locals={}
2026-08-22 23:51:54.345 /testbed/src/flask/app.py:1077 flask.app.Flask.ensure_sync event=line locals={}
2026-08-22 23:51:54.345 /testbed/src/flask/app.py:1077 flask.app.Flask.ensure_sync event=return retval=<function TestIndirectExceptionCallGraph.test_generated_requests_exercise_error_pipeline.<locals>.generated_failure.<locals>.local_after at 0x71487b3bf880> locals={'func': '<function TestIndirectExceptionCallGraph.test_generated_requests_exercise_error_pipeline.<locals>.generated_failure.<locals>.local_after at 0x71487b3bf880>', 'self': "<Flask 'runtime_exception_graph'>"}
2026-08-22 23:51:54.345 /testbed/src/flask/app.py:1407 flask.app.Flask.process_response event=line locals={}
2026-08-22 23:51:54.345 /testbed/src/flask/app.py:1408 flask.app.Flask.process_response event=line locals={'func': '<function TestIndirectExceptionCallGraph.test_generated_requests_exercise_error_pipeline.<locals>.generated_failure.<locals>.local_after at 0x71487b3bf6a0>'}
2026-08-22 23:51:54.345 /testbed/src/flask/app.py:1065 flask.app.Flask.ensure_sync event=call locals={'func': '<function TestIndirectExceptionCallGraph.test_generated_requests_exercise_error_pipeline.<locals>.generated_failure.<locals>.local_after at 0x71487b3bf6a0>', 'self': "<Flask 'runtime_exception_graph'>"}
2026-08-22 23:51:54.345 /testbed/src/flask/app.py:1074 flask.app.Flask.ensure_sync event=line locals={}
2026-08-22 23:51:54.345 /testbed/src/flask/app.py:1077 flask.app.Flask.ensure_sync event=line locals={}
2026-08-22 23:51:54.345 /testbed/src/flask/app.py:1077 flask.app.Flask.ensure_sync event=return retval=<function TestIndirectExceptionCallGraph.test_generated_requests_exercise_error_pipeline.<locals>.generated_failure.<locals>.local_after at 0x71487b3bf6a0> locals={'func': '<function TestIndirectExceptionCallGraph.test_generated_requests_exercise_error_pipeline.<locals>.generated_failure.<locals>.local_after at 0x71487b3bf6a0>', 'self': "<Flask 'runtime_exception_graph'>"}
2026-08-22 23:51:54.345 /testbed/src/flask/app.py:1407 flask.app.Flask.process_response event=line locals={}
2026-08-22 23:51:54.345 /testbed/src/flask/app.py:1408 flask.app.Flask.process_response event=line locals={'func': '<function TestIndirectExceptionCallGraph.test_generated_requests_exercise_error_pipeline.<locals>.generated_failure.<locals>.local_after at 0x71487b3bd760>'}
2026-08-22 23:51:54.345 /testbed/src/flask/app.py:1065 flask.app.Flask.ensure_sync event=call locals={'func': '<function TestIndirectExceptionCallGraph.test_generated_requests_exercise_error_pipeline.<locals>.generated_failure.<locals>.local_after at 0x71487b3bd760>', 'self': "<Flask 'runtime_exception_graph'>"}
2026-08-22 23:51:54.345 /testbed/src/flask/app.py:1074 flask.app.Flask.ensure_sync event=line locals={}
2026-08-22 23:51:54.345 /testbed/src/flask/app.py:1077 flask.app.Flask.ensure_sync event=line locals={}
2026-08-22 23:51:54.345 /testbed/src/flask/app.py:1077 flask.app.Flask.ensure_sync event=return retval=<function TestIndirectExceptionCallGraph.test_generated_requests_exercise_error_pipeline.<locals>.generated_failure.<locals>.local_after at 0x71487b3bd760> locals={'func': '<function TestIndirectExceptionCallGraph.test_generated_requests_exercise_error_pipeline.<locals>.generated_failure.<locals>.local_after at 0x71487b3bd760>', 'self': "<Flask 'runtime_exception_graph'>"}
2026-08-22 23:51:54.345 /testbed/src/flask/app.py:1407 flask.app.Flask.process_response event=line locals={}
2026-08-22 23:51:54.345 /testbed/src/flask/app.py:1408 flask.app.Flask.process_response event=line locals={'func': '<function TestIndirectExceptionCallGraph.test_generated_requests_exercise_error_pipeline.<locals>.generated_failure.<locals>.local_after at 0x71487b3bf4c0>'}
2026-08-22 23:51:54.345 /testbed/src/flask/app.py:1065 flask.app.Flask.ensure_sync event=call locals={'func': '<function TestIndirectExceptionCallGraph.test_generated_requests_exercise_error_pipeline.<locals>.generated_failure.<locals>.local_after at 0x71487b3bf4c0>', 'self': "<Flask 'runtime_exception_graph'>"}
2026-08-22 23:51:54.345 /testbed/src/flask/app.py:1074 flask.app.Flask.ensure_sync event=line locals={}
2026-08-22 23:51:54.345 /testbed/src/flask/app.py:1077 flask.app.Flask.ensure_sync event=line locals={}
2026-08-22 23:51:54.345 /testbed/src/flask/app.py:1077 flask.app.Flask.ensure_sync event=return retval=<function TestIndirectExceptionCallGraph.test_generated_requests_exercise_error_pipeline.<locals>.generated_failure.<locals>.local_after at 0x71487b3bf4c0> locals={'func': '<function TestIndirectExceptionCallGraph.test_generated_requests_exercise_error_pipeline.<locals>.generated_failure.<locals>.local_after at 0x71487b3bf4c0>', 'self': "<Flask 'runtime_exception_graph'>"}
2026-08-22 23:51:54.345 /testbed/src/flask/app.py:1407 flask.app.Flask.process_response event=line locals={}
2026-08-22 23:51:54.345 /testbed/src/flask/app.py:1408 flask.app.Flask.process_response event=line locals={'func': '<function TestIndirectExceptionCallGraph.test_generated_requests_exercise_error_pipeline.<locals>.generated_failure.<locals>.local_after at 0x71487b3bfb00>'}
2026-08-22 23:51:54.345 /testbed/src/flask/app.py:1065 flask.app.Flask.ensure_sync event=call locals={'func': '<function TestIndirectExceptionCallGraph.test_generated_requests_exercise_error_pipeline.<locals>.generated_failure.<locals>.local_after at 0x71487b3bfb00>', 'self': "<Flask 'runtime_exception_graph'>"}
2026-08-22 23:51:54.345 /testbed/src/flask/app.py:1074 flask.app.Flask.ensure_sync event=line locals={}
2026-08-22 23:51:54.345 /testbed/src/flask/app.py:1077 flask.app.Flask.ensure_sync event=line locals={}
2026-08-22 23:51:54.345 /testbed/src/flask/app.py:1077 flask.app.Flask.ensure_sync event=return retval=<function TestIndirectExceptionCallGraph.test_generated_requests_exercise_error_pipeline.<locals>.generated_failure.<locals>.local_after at 0x71487b3bfb00> locals={'func': '<function TestIndirectExceptionCallGraph.test_generated_requests_exercise_error_pipeline.<locals>.generated_failure.<locals>.local_after at 0x71487b3bfb00>', 'self': "<Flask 'runtime_exception_graph'>"}
2026-08-22 23:51:54.345 /testbed/src/flask/app.py:1407 flask.app.Flask.process_response event=line locals={}
2026-08-22 23:51:54.345 /testbed/src/flask/app.py:1410 flask.app.Flask.process_response event=line locals={}
2026-08-22 23:51:54.345 /testbed/src/flask/app.py:1411 flask.app.Flask.process_response event=line locals={'name': 'None'}
2026-08-22 23:51:54.345 /testbed/src/flask/app.py:1412 flask.app.Flask.process_response event=line locals={}
2026-08-22 23:51:54.345 /testbed/src/flask/app.py:1413 flask.app.Flask.process_response event=line locals={'func': '<function TestIndirectExceptionCallGraph.test_generated_requests_exercise_error_pipeline.<locals>.global_after at 0x71487b39c5e0>'}
2026-08-22 23:51:54.345 /testbed/src/flask/app.py:1065 flask.app.Flask.ensure_sync event=call locals={'func': '<function TestIndirectExceptionCallGraph.test_generated_requests_exercise_error_pipeline.<locals>.global_after at 0x71487b39c5e0>', 'self': "<Flask 'runtime_exception_graph'>"}
2026-08-22 23:51:54.345 /testbed/src/flask/app.py:1074 flask.app.Flask.ensure_sync event=line locals={}
2026-08-22 23:51:54.345 /testbed/src/flask/app.py:1077 flask.app.Flask.ensure_sync event=line locals={}
2026-08-22 23:51:54.345 /testbed/src/flask/app.py:1077 flask.app.Flask.ensure_sync event=return retval=<function TestIndirectExceptionCallGraph.test_generated_requests_exercise_error_pipeline.<locals>.global_after at 0x71487b39c5e0> locals={'func': '<function TestIndirectExceptionCallGraph.test_generated_requests_exercise_error_pipeline.<locals>.global_after at 0x71487b39c5e0>', 'self': "<Flask 'runtime_exception_graph'>"}
2026-08-22 23:51:54.346 /testbed/src/flask/app.py:1412 flask.app.Flask.process_response event=line locals={}
2026-08-22 23:51:54.346 /testbed/src/flask/app.py:1413 flask.app.Flask.process_response event=line locals={'func': '<function TestIndirectExceptionCallGraph.test_generated_requests_exercise_error_pipeline.<locals>.global_after at 0x71487b39c540>'}
2026-08-22 23:51:54.346 /testbed/src/flask/app.py:1065 flask.app.Flask.ensure_sync event=call locals={'func': '<function TestIndirectExceptionCallGraph.test_generated_requests_exercise_error_pipeline.<locals>.global_after at 0x71487b39c540>', 'self': "<Flask 'runtime_exception_graph'>"}
2026-08-22 23:51:54.346 /testbed/src/flask/app.py:1074 flask.app.Flask.ensure_sync event=line locals={}
2026-08-22 23:51:54.346 /testbed/src/flask/app.py:1077 flask.app.Flask.ensure_sync event=line locals={}
2026-08-22 23:51:54.346 /testbed/src/flask/app.py:1077 flask.app.Flask.ensure_sync event=return retval=<function TestIndirectExceptionCallGraph.test_generated_requests_exercise_error_pipeline.<locals>.global_after at 0x71487b39c540> locals={'func': '<function TestIndirectExceptionCallGraph.test_generated_requests_exercise_error_pipeline.<locals>.global_after at 0x71487b39c540>', 'self': "<Flask 'runtime_exception_graph'>"}
2026-08-22 23:51:54.346 /testbed/src/flask/app.py:1412 flask.app.Flask.process_response event=line locals={}
2026-08-22 23:51:54.346 /testbed/src/flask/app.py:1413 flask.app.Flask.process_response event=line locals={'func': '<function TestIndirectExceptionCallGraph.test_generated_requests_exercise_error_pipeline.<locals>.global_after at 0x71487b39c4a0>'}
2026-08-22 23:51:54.346 /testbed/src/flask/app.py:1065 flask.app.Flask.ensure_sync event=call locals={'func': '<function TestIndirectExceptionCallGraph.test_generated_requests_exercise_error_pipeline.<locals>.global_after at 0x71487b39c4a0>', 'self': "<Flask 'runtime_exception_graph'>"}
2026-08-22 23:51:54.346 /testbed/src/flask/app.py:1074 flask.app.Flask.ensure_sync event=line locals={}
2026-08-22 23:51:54.346 /testbed/src/flask/app.py:1077 flask.app.Flask.ensure_sync event=line locals={}
2026-08-22 23:51:54.346 /testbed/src/flask/app.py:1077 flask.app.Flask.ensure_sync event=return retval=<function TestIndirectExceptionCallGraph.test_generated_requests_exercise_error_pipeline.<locals>.global_after at 0x71487b39c4a0> locals={'func': '<function TestIndirectExceptionCallGraph.test_generated_requests_exercise_error_pipeline.<locals>.global_after at 0x71487b39c4a0>', 'self': "<Flask 'runtime_exception_graph'>"}
2026-08-22 23:51:54.346 /testbed/src/flask/app.py:1412 flask.app.Flask.process_response event=line locals={}
2026-08-22 23:51:54.346 /testbed/src/flask/app.py:1413 flask.app.Flask.process_response event=line locals={'func': '<function TestIndirectExceptionCallGraph.test_generated_requests_exercise_error_pipeline.<locals>.global_after at 0x71487b39c400>'}
2026-08-22 23:51:54.346 /testbed/src/flask/app.py:1065 flask.app.Flask.ensure_sync event=call locals={'func': '<function TestIndirectExceptionCallGraph.test_generated_requests_exercise_error_pipeline.<locals>.global_after at 0x71487b39c400>', 'self': "<Flask 'runtime_exception_graph'>"}
2026-08-22 23:51:54.346 /testbed/src/flask/app.py:1074 flask.app.Flask.ensure_sync event=line locals={}
2026-08-22 23:51:54.346 /testbed/src/flask/app.py:1077 flask.app.Flask.ensure_sync event=line locals={}
2026-08-22 23:51:54.346 /testbed/src/flask/app.py:1077 flask.app.Flask.ensure_sync event=return retval=<function TestIndirectExceptionCallGraph.test_generated_requests_exercise_error_pipeline.<locals>.global_after at 0x71487b39c400> locals={'func': '<function TestIndirectExceptionCallGraph.test_generated_requests_exercise_error_pipeline.<locals>.global_after at 0x71487b39c400>', 'self': "<Flask 'runtime_exception_graph'>"}
2026-08-22 23:51:54.346 /testbed/src/flask/app.py:1412 flask.app.Flask.process_response event=line locals={}
2026-08-22 23:51:54.346 /testbed/src/flask/app.py:1413 flask.app.Flask.process_response event=line locals={'func': '<function TestIndirectExceptionCallGraph.test_generated_requests_exercise_error_pipeline.<locals>.global_after at 0x71487b39c360>'}
2026-08-22 23:51:54.346 /testbed/src/flask/app.py:1065 flask.app.Flask.ensure_sync event=call locals={'func': '<function TestIndirectExceptionCallGraph.test_generated_requests_exercise_error_pipeline.<locals>.global_after at 0x71487b39c360>', 'self': "<Flask 'runtime_exception_graph'>"}
2026-08-22 23:51:54.346 /testbed/src/flask/app.py:1074 flask.app.Flask.ensure_sync event=line locals={}
2026-08-22 23:51:54.346 /testbed/src/flask/app.py:1077 flask.app.Flask.ensure_sync event=line locals={}
2026-08-22 23:51:54.346 /testbed/src/flask/app.py:1077 flask.app.Flask.ensure_sync event=return retval=<function TestIndirectExceptionCallGraph.test_generated_requests_exercise_error_pipeline.<locals>.global_after at 0x71487b39c360> locals={'func': '<function TestIndirectExceptionCallGraph.test_generated_requests_exercise_error_pipeline.<locals>.global_after at 0x71487b39c360>', 'self': "<Flask 'runtime_exception_graph'>"}
2026-08-22 23:51:54.346 /testbed/src/flask/app.py:1412 flask.app.Flask.process_response event=line locals={}
2026-08-22 23:51:54.346 /testbed/src/flask/app.py:1413 flask.app.Flask.process_response event=line locals={'func': '<function TestIndirectExceptionCallGraph.test_generated_requests_exercise_error_pipeline.<locals>.global_after at 0x71487b39c2c0>'}
2026-08-22 23:51:54.346 /testbed/src/flask/app.py:1065 flask.app.Flask.ensure_sync event=call locals={'func': '<function TestIndirectExceptionCallGraph.test_generated_requests_exercise_error_pipeline.<locals>.global_after at 0x71487b39c2c0>', 'self': "<Flask 'runtime_exception_graph'>"}
2026-08-22 23:51:54.346 /testbed/src/flask/app.py:1074 flask.app.Flask.ensure_sync event=line locals={}
2026-08-22 23:51:54.346 /testbed/src/flask/app.py:1077 flask.app.Flask.ensure_sync event=line locals={}
2026-08-22 23:51:54.346 /testbed/src/flask/app.py:1077 flask.app.Flask.ensure_sync event=return retval=<function TestIndirectExceptionCallGraph.test_generated_requests_exercise_error_pipeline.<locals>.global_after at 0x71487b39c2c0> locals={'func': '<function TestIndirectExceptionCallGraph.test_generated_requests_exercise_error_pipeline.<locals>.global_after at 0x71487b39c2c0>', 'self': "<Flask 'runtime_exception_graph'>"}
2026-08-22 23:51:54.346 /testbed/src/flask/app.py:1412 flask.app.Flask.process_response event=line locals={}
2026-08-22 23:51:54.346 /testbed/src/flask/app.py:1413 flask.app.Flask.process_response event=line locals={'func': '<function TestIndirectExceptionCallGraph.test_generated_requests_exercise_error_pipeline.<locals>.global_after at 0x71487b39c220>'}
2026-08-22 23:51:54.346 /testbed/src/flask/app.py:1065 flask.app.Flask.ensure_sync event=call locals={'func': '<function TestIndirectExceptionCallGraph.test_generated_requests_exercise_error_pipeline.<locals>.global_after at 0x71487b39c220>', 'self': "<Flask 'runtime_exception_graph'>"}
2026-08-22 23:51:54.346 /testbed/src/flask/app.py:1074 flask.app.Flask.ensure_sync event=line locals={}
2026-08-22 23:51:54.346 /testbed/src/flask/app.py:1077 flask.app.Flask.ensure_sync event=line locals={}
2026-08-22 23:51:54.346 /testbed/src/flask/app.py:1077 flask.app.Flask.ensure_sync event=return retval=<function TestIndirectExceptionCallGraph.test_generated_requests_exercise_error_pipeline.<locals>.global_after at 0x71487b39c220> locals={'func': '<function TestIndirectExceptionCallGraph.test_generated_requests_exercise_error_pipeline.<locals>.global_after at 0x71487b39c220>', 'self': "<Flask 'runtime_exception_graph'>"}
2026-08-22 23:51:54.346 /testbed/src/flask/app.py:1412 flask.app.Flask.process_response event=line locals={}
2026-08-22 23:51:54.346 /testbed/src/flask/app.py:1413 flask.app.Flask.process_response event=line locals={'func': '<function TestIndirectExceptionCallGraph.test_generated_requests_exercise_error_pipeline.<locals>.global_after at 0x71487b39c180>'}
2026-08-22 23:51:54.346 /testbed/src/flask/app.py:1065 flask.app.Flask.ensure_sync event=call locals={'func': '<function TestIndirectExceptionCallGraph.test_generated_requests_exercise_error_pipeline.<locals>.global_after at 0x71487b39c180>', 'self': "<Flask 'runtime_exception_graph'>"}
2026-08-22 23:51:54.346 /testbed/src/flask/app.py:1074 flask.app.Flask.ensure_sync event=line locals={}
2026-08-22 23:51:54.346 /testbed/src/flask/app.py:1077 flask.app.Flask.ensure_sync event=line locals={}
2026-08-22 23:51:54.346 /testbed/src/flask/app.py:1077 flask.app.Flask.ensure_sync event=return retval=<function TestIndirectExceptionCallGraph.test_generated_requests_exercise_error_pipeline.<locals>.global_after at 0x71487b39c180> locals={'func': '<function TestIndirectExceptionCallGraph.test_generated_requests_exercise_error_pipeline.<locals>.global_after at 0x71487b39c180>', 'self': "<Flask 'runtime_exception_graph'>"}
2026-08-22 23:51:54.346 /testbed/src/flask/app.py:1412 flask.app.Flask.process_response event=line locals={}
2026-08-22 23:51:54.347 /testbed/src/flask/app.py:1413 flask.app.Flask.process_response event=line locals={'func': '<function TestIndirectExceptionCallGraph.test_generated_requests_exercise_error_pipeline.<locals>.global_after at 0x71487b39c040>'}
2026-08-22 23:51:54.347 /testbed/src/flask/app.py:1065 flask.app.Flask.ensure_sync event=call locals={'func': '<function TestIndirectExceptionCallGraph.test_generated_requests_exercise_error_pipeline.<locals>.global_after at 0x71487b39c040>', 'self': "<Flask 'runtime_exception_graph'>"}
2026-08-22 23:51:54.347 /testbed/src/flask/app.py:1074 flask.app.Flask.ensure_sync event=line locals={}
2026-08-22 23:51:54.347 /testbed/src/flask/app.py:1077 flask.app.Flask.ensure_sync event=line locals={}
2026-08-22 23:51:54.347 /testbed/src/flask/app.py:1077 flask.app.Flask.ensure_sync event=return retval=<function TestIndirectExceptionCallGraph.test_generated_requests_exercise_error_pipeline.<locals>.global_after at 0x71487b39c040> locals={'func': '<function TestIndirectExceptionCallGraph.test_generated_requests_exercise_error_pipeline.<locals>.global_after at 0x71487b39c040>', 'self': "<Flask 'runtime_exception_graph'>"}
2026-08-22 23:51:54.347 /testbed/src/flask/app.py:1412 flask.app.Flask.process_response event=line locals={}
2026-08-22 23:51:54.347 /testbed/src/flask/app.py:1410 flask.app.Flask.process_response event=line locals={}
2026-08-22 23:51:54.347 /testbed/src/flask/app.py:1415 flask.app.Flask.process_response event=line locals={}
2026-08-22 23:51:54.347 /testbed/src/flask/app.py:1418 flask.app.Flask.process_response event=line locals={}
2026-08-22 23:51:54.347 /testbed/src/flask/app.py:1418 flask.app.Flask.process_response event=return retval=<Response 29 bytes [500 INTERNAL SERVER ERROR]> locals={'ctx': "<AppContext 124556119446096 of runtime_exception_graph, GET 'http://localhost/generated/8'>", 'func': '<function TestIndirectExceptionCallGraph.test_generated_requests_exercise_error_pipeline.<locals>.global_after at 0x71487b39c040>', 'name': 'None', 'response': '<Response 29 bytes [500 INTERNAL SERVER ERROR]>', 'self': "<Flask 'runtime_exception_graph'>"}
2026-08-22 23:51:54.347 /testbed/src/flask/app.py:1042 flask.app.Flask.finalize_request event=line locals={}
2026-08-22 23:51:54.347 /testbed/src/flask/app.py:1043 flask.app.Flask.finalize_request event=line locals={}
2026-08-22 23:51:54.347 /testbed/src/flask/app.py:1042 flask.app.Flask.finalize_request event=line locals={}
2026-08-22 23:51:54.347 /testbed/src/flask/app.py:1051 flask.app.Flask.finalize_request event=line locals={}
2026-08-22 23:51:54.347 /testbed/src/flask/app.py:1051 flask.app.Flask.finalize_request event=return retval=<Response 29 bytes [500 INTERNAL SERVER ERROR]> locals={'ctx': "<AppContext 124556119446096 of runtime_exception_graph, GET 'http://localhost/generated/8'>", 'from_error_handler': 'True', 'response': '<Response 29 bytes [500 INTERNAL SERVER ERROR]>', 'rv': "({'checksum': 575835, 'mode': 0}, 500)", 'self': "<Flask 'runtime_exception_graph'>"}
2026-08-22 23:51:54.347 /testbed/src/flask/app.py:948 flask.app.Flask.handle_exception event=return retval=<Response 29 bytes [500 INTERNAL SERVER ERROR]> locals={'ctx': "<AppContext 124556119446096 of runtime_exception_graph, GET 'http://localhost/generated/8'>", 'e': "RuntimeError('generated failure 345ec')", 'exc_info': "(<class 'RuntimeError'>, RuntimeError('generated failure 345ec'), <traceback object at 0x71487b411fc0>)", 'handler': '<function TestIndirectExceptionCallGraph.test_generated_requests_exercise_error_pipeline.<locals>.convert_unhandled_error at 0x71487b39c720>', 'propagate': 'False', 'self': "<Flask 'runtime_exception_graph'>", 'server_error': "({'checksum': 575835, 'mode': 0}, 500)"}
2026-08-22 23:51:54.356 /testbed/src/flask/app.py:1065 flask.app.Flask.ensure_sync event=call locals={'func': '<function TestIndirectExceptionCallGraph.test_generated_requests_exercise_error_pipeline.<locals>.generated_failure at 0x71487b39c9a0>', 'self': "<Flask 'runtime_exception_graph'>"}
2026-08-22 23:51:54.356 /testbed/src/flask/app.py:1074 flask.app.Flask.ensure_sync event=line locals={}
2026-08-22 23:51:54.356 /testbed/src/flask/app.py:1077 flask.app.Flask.ensure_sync event=line locals={}
2026-08-22 23:51:54.356 /testbed/src/flask/app.py:1077 flask.app.Flask.ensure_sync event=return retval=<function TestIndirectExceptionCallGraph.test_generated_requests_exercise_error_pipeline.<locals>.generated_failure at 0x71487b39c9a0> locals={'func': '<function TestIndirectExceptionCallGraph.test_generated_requests_exercise_error_pipeline.<locals>.generated_failure at 0x71487b39c9a0>', 'self': "<Flask 'runtime_exception_graph'>"}
2026-08-22 23:51:54.356 /testbed/src/flask/app.py:897 flask.app.Flask.handle_exception event=call locals={'ctx': "<AppContext 124556119456592 of runtime_exception_graph, GET 'http://localhost/generated/22'>", 'e': "RuntimeError('generated failure a27f7')", 'self': "<Flask 'runtime_exception_graph'>"}
2026-08-22 23:51:54.356 /testbed/src/flask/app.py:925 flask.app.Flask.handle_exception event=line locals={}
2026-08-22 23:51:54.356 /testbed/src/flask/app.py:926 flask.app.Flask.handle_exception event=line locals={'exc_info': "(<class 'RuntimeError'>, RuntimeError('generated failure a27f7'), <traceback object at 0x71487b4147c0>)"}
2026-08-22 23:51:54.357 /testbed/src/flask/app.py:927 flask.app.Flask.handle_exception event=line locals={}
2026-08-22 23:51:54.357 /testbed/src/flask/app.py:929 flask.app.Flask.handle_exception event=line locals={'propagate': 'False'}
2026-08-22 23:51:54.357 /testbed/src/flask/app.py:932 flask.app.Flask.handle_exception event=line locals={}
2026-08-22 23:51:54.357 /testbed/src/flask/app.py:940 flask.app.Flask.handle_exception event=line locals={}
2026-08-22 23:51:54.357 /testbed/src/flask/app.py:950 flask.app.Flask.log_exception event=call locals={'ctx': "<AppContext 124556119456592 of runtime_exception_graph, GET 'http://localhost/generated/22'>", 'exc_info': "(<class 'RuntimeError'>, RuntimeError('generated failure a27f7'), <traceback object at 0x71487b4147c0>)", 'self': "<Flask 'runtime_exception_graph'>"}
2026-08-22 23:51:54.357 /testbed/src/flask/app.py:962 flask.app.Flask.log_exception event=line locals={}
2026-08-22 23:51:54.357 /testbed/src/flask/app.py:963 flask.app.Flask.log_exception event=line locals={}
2026-08-22 23:51:54.357 /testbed/src/flask/app.py:962 flask.app.Flask.log_exception event=line locals={}
2026-08-22 23:51:54.357 /testbed/src/flask/app.py:962 flask.app.Flask.log_exception event=return retval=None locals={'ctx': "<AppContext 124556119456592 of runtime_exception_graph, GET 'http://localhost/generated/22'>", 'exc_info': "(<class 'RuntimeError'>, RuntimeError('generated failure a27f7'), <traceback object at 0x71487b4147c0>)", 'self': "<Flask 'runtime_exception_graph'>"}
2026-08-22 23:51:54.357 /testbed/src/flask/app.py:942 flask.app.Flask.handle_exception event=line locals={}
2026-08-22 23:51:54.357 /testbed/src/flask/app.py:943 flask.app.Flask.handle_exception event=line locals={'server_error': "<InternalServerError '500: Internal Server Error'>"}
2026-08-22 23:51:54.357 /testbed/src/flask/app.py:945 flask.app.Flask.handle_exception event=line locals={'handler': '<function TestIndirectExceptionCallGraph.test_generated_requests_exercise_error_pipeline.<locals>.convert_unhandled_error at 0x71487b39c720>'}
2026-08-22 23:51:54.357 /testbed/src/flask/app.py:946 flask.app.Flask.handle_exception event=line locals={}
2026-08-22 23:51:54.357 /testbed/src/flask/app.py:1065 flask.app.Flask.ensure_sync event=call locals={'func': '<function TestIndirectExceptionCallGraph.test_generated_requests_exercise_error_pipeline.<locals>.convert_unhandled_error at 0x71487b39c720>', 'self': "<Flask 'runtime_exception_graph'>"}
2026-08-22 23:51:54.357 /testbed/src/flask/app.py:1074 flask.app.Flask.ensure_sync event=line locals={}
2026-08-22 23:51:54.357 /testbed/src/flask/app.py:1077 flask.app.Flask.ensure_sync event=line locals={}
2026-08-22 23:51:54.357 /testbed/src/flask/app.py:1077 flask.app.Flask.ensure_sync event=return retval=<function TestIndirectExceptionCallGraph.test_generated_requests_exercise_error_pipeline.<locals>.convert_unhandled_error at 0x71487b39c720> locals={'func': '<function TestIndirectExceptionCallGraph.test_generated_requests_exercise_error_pipeline.<locals>.convert_unhandled_error at 0x71487b39c720>', 'self': "<Flask 'runtime_exception_graph'>"}
2026-08-22 23:51:54.358 /testbed/src/flask/app.py:948 flask.app.Flask.handle_exception event=line locals={'server_error': "('failure-7a90e', '500 INTERNAL SERVER ERROR')"}
2026-08-22 23:51:54.358 /testbed/src/flask/app.py:1021 flask.app.Flask.finalize_request event=call locals={'ctx': "<AppContext 124556119456592 of runtime_exception_graph, GET 'http://localhost/generated/22'>", 'from_error_handler': 'True', 'rv': "('failure-7a90e', '500 INTERNAL SERVER ERROR')", 'self': "<Flask 'runtime_exception_graph'>"}
2026-08-22 23:51:54.358 /testbed/src/flask/app.py:1039 flask.app.Flask.finalize_request event=line locals={}
2026-08-22 23:51:54.358 /testbed/src/flask/app.py:1224 flask.app.Flask.make_response event=call locals={'rv': "('failure-7a90e', '500 INTERNAL SERVER ERROR')", 'self': "<Flask 'runtime_exception_graph'>"}
2026-08-22 23:51:54.358 /testbed/src/flask/app.py:1281 flask.app.Flask.make_response event=line locals={}
2026-08-22 23:51:54.358 /testbed/src/flask/app.py:1282 flask.app.Flask.make_response event=line locals={'status': 'None'}
2026-08-22 23:51:54.358 /testbed/src/flask/app.py:1285 flask.app.Flask.make_response event=line locals={'headers': 'None'}
2026-08-22 23:51:54.358 /testbed/src/flask/app.py:1286 flask.app.Flask.make_response event=line locals={}
2026-08-22 23:51:54.358 /testbed/src/flask/app.py:1289 flask.app.Flask.make_response event=line locals={'len_rv': '2'}
2026-08-22 23:51:54.358 /testbed/src/flask/app.py:1292 flask.app.Flask.make_response event=line locals={}
2026-08-22 23:51:54.358 /testbed/src/flask/app.py:1293 flask.app.Flask.make_response event=line locals={}
2026-08-22 23:51:54.358 /testbed/src/flask/app.py:1296 flask.app.Flask.make_response event=line locals={}
2026-08-22 23:51:54.358 /testbed/src/flask/app.py:1306 flask.app.Flask.make_response event=line locals={'rv': "'failure-7a90e'", 'status': "'500 INTERNAL SERVER ERROR'"}
2026-08-22 23:51:54.358 /testbed/src/flask/app.py:1314 flask.app.Flask.make_response event=line locals={}
2026-08-22 23:51:54.358 /testbed/src/flask/app.py:1315 flask.app.Flask.make_response event=line locals={}
2026-08-22 23:51:54.358 /testbed/src/flask/app.py:1319 flask.app.Flask.make_response event=line locals={}
2026-08-22 23:51:54.358 /testbed/src/flask/app.py:1320 flask.app.Flask.make_response event=line locals={}
2026-08-22 23:51:54.358 /testbed/src/flask/app.py:1321 flask.app.Flask.make_response event=line locals={}
2026-08-22 23:51:54.358 /testbed/src/flask/app.py:1322 flask.app.Flask.make_response event=line locals={}
2026-08-22 23:51:54.358 /testbed/src/flask/app.py:1319 flask.app.Flask.make_response event=line locals={}
2026-08-22 23:51:54.358 /testbed/src/flask/app.py:1324 flask.app.Flask.make_response event=line locals={'rv': '<Response 13 bytes [500 INTERNAL SERVER ERROR]>'}
2026-08-22 23:51:54.358 /testbed/src/flask/app.py:1352 flask.app.Flask.make_response event=line locals={'status': 'None'}
2026-08-22 23:51:54.358 /testbed/src/flask/app.py:1354 flask.app.Flask.make_response event=line locals={}
2026-08-22 23:51:54.358 /testbed/src/flask/app.py:1361 flask.app.Flask.make_response event=line locals={}
2026-08-22 23:51:54.358 /testbed/src/flask/app.py:1364 flask.app.Flask.make_response event=line locals={}
2026-08-22 23:51:54.358 /testbed/src/flask/app.py:1364 flask.app.Flask.make_response event=return retval=<Response 13 bytes [500 INTERNAL SERVER ERROR]> locals={'headers': 'None', 'len_rv': '2', 'rv': '<Response 13 bytes [500 INTERNAL SERVER ERROR]>', 'self': "<Flask 'runtime_exception_graph'>", 'status': 'None'}
2026-08-22 23:51:54.358 /testbed/src/flask/app.py:1040 flask.app.Flask.finalize_request event=line locals={'response': '<Response 13 bytes [500 INTERNAL SERVER ERROR]>'}
2026-08-22 23:51:54.358 /testbed/src/flask/app.py:1041 flask.app.Flask.finalize_request event=line locals={}
2026-08-22 23:51:54.358 /testbed/src/flask/app.py:1394 flask.app.Flask.process_response event=call locals={'ctx': "<AppContext 124556119456592 of runtime_exception_graph, GET 'http://localhost/generated/22'>", 'response': '<Response 13 bytes [500 INTERNAL SERVER ERROR]>', 'self': "<Flask 'runtime_exception_graph'>"}
2026-08-22 23:51:54.358 /testbed/src/flask/app.py:1407 flask.app.Flask.process_response event=line locals={}
2026-08-22 23:51:54.358 /testbed/src/flask/app.py:1408 flask.app.Flask.process_response event=line locals={'func': '<function TestIndirectExceptionCallGraph.test_generated_requests_exercise_error_pipeline.<locals>.generated_failure.<locals>.local_after at 0x71487b4004a0>'}
2026-08-22 23:51:54.358 /testbed/src/flask/app.py:1065 flask.app.Flask.ensure_sync event=call locals={'func': '<function TestIndirectExceptionCallGraph.test_generated_requests_exercise_error_pipeline.<locals>.generated_failure.<locals>.local_after at 0x71487b4004a0>', 'self': "<Flask 'runtime_exception_graph'>"}
2026-08-22 23:51:54.358 /testbed/src/flask/app.py:1074 flask.app.Flask.ensure_sync event=line locals={}
2026-08-22 23:51:54.358 /testbed/src/flask/app.py:1077 flask.app.Flask.ensure_sync event=line locals={}
2026-08-22 23:51:54.358 /testbed/src/flask/app.py:1077 flask.app.Flask.ensure_sync event=return retval=<function TestIndirectExceptionCallGraph.test_generated_requests_exercise_error_pipeline.<locals>.generated_failure.<locals>.local_after at 0x71487b4004a0> locals={'func': '<function TestIndirectExceptionCallGraph.test_generated_requests_exercise_error_pipeline.<locals>.generated_failure.<locals>.local_after at 0x71487b4004a0>', 'self': "<Flask 'runtime_exception_graph'>"}
2026-08-22 23:51:54.358 /testbed/src/flask/app.py:1407 flask.app.Flask.process_response event=line locals={}
2026-08-22 23:51:54.358 /testbed/src/flask/app.py:1408 flask.app.Flask.process_response event=line locals={'func': '<function TestIndirectExceptionCallGraph.test_generated_requests_exercise_error_pipeline.<locals>.generated_failure.<locals>.local_after at 0x71487b400540>'}
2026-08-22 23:51:54.359 /testbed/src/flask/app.py:1065 flask.app.Flask.ensure_sync event=call locals={'func': '<function TestIndirectExceptionCallGraph.test_generated_requests_exercise_error_pipeline.<locals>.generated_failure.<locals>.local_after at 0x71487b400540>', 'self': "<Flask 'runtime_exception_graph'>"}
2026-08-22 23:51:54.359 /testbed/src/flask/app.py:1074 flask.app.Flask.ensure_sync event=line locals={}
2026-08-22 23:51:54.359 /testbed/src/flask/app.py:1077 flask.app.Flask.ensure_sync event=line locals={}
2026-08-22 23:51:54.359 /testbed/src/flask/app.py:1077 flask.app.Flask.ensure_sync event=return retval=<function TestIndirectExceptionCallGraph.test_generated_requests_exercise_error_pipeline.<locals>.generated_failure.<locals>.local_after at 0x71487b400540> locals={'func': '<function TestIndirectExceptionCallGraph.test_generated_requests_exercise_error_pipeline.<locals>.generated_failure.<locals>.local_after at 0x71487b400540>', 'self': "<Flask 'runtime_exception_graph'>"}
2026-08-22 23:51:54.359 /testbed/src/flask/app.py:1407 flask.app.Flask.process_response event=line locals={}
2026-08-22 23:51:54.359 /testbed/src/flask/app.py:1408 flask.app.Flask.process_response event=line locals={'func': '<function TestIndirectExceptionCallGraph.test_generated_requests_exercise_error_pipeline.<locals>.generated_failure.<locals>.local_after at 0x71487b4005e0>'}
2026-08-22 23:51:54.359 /testbed/src/flask/app.py:1065 flask.app.Flask.ensure_sync event=call locals={'func': '<function TestIndirectExceptionCallGraph.test_generated_requests_exercise_error_pipeline.<locals>.generated_failure.<locals>.local_after at 0x71487b4005e0>', 'self': "<Flask 'runtime_exception_graph'>"}
2026-08-22 23:51:54.359 /testbed/src/flask/app.py:1074 flask.app.Flask.ensure_sync event=line locals={}
2026-08-22 23:51:54.359 /testbed/src/flask/app.py:1077 flask.app.Flask.ensure_sync event=line locals={}
2026-08-22 23:51:54.359 /testbed/src/flask/app.py:1077 flask.app.Flask.ensure_sync event=return retval=<function TestIndirectExceptionCallGraph.test_generated_requests_exercise_error_pipeline.<locals>.generated_failure.<locals>.local_after at 0x71487b4005e0> locals={'func': '<function TestIndirectExceptionCallGraph.test_generated_requests_exercise_error_pipeline.<locals>.generated_failure.<locals>.local_after at 0x71487b4005e0>', 'self': "<Flask 'runtime_exception_graph'>"}
2026-08-22 23:51:54.359 /testbed/src/flask/app.py:1407 flask.app.Flask.process_response event=line locals={}
2026-08-22 23:51:54.359 /testbed/src/flask/app.py:1410 flask.app.Flask.process_response event=line locals={}
2026-08-22 23:51:54.359 /testbed/src/flask/app.py:1411 flask.app.Flask.process_response event=line locals={'name': 'None'}
2026-08-22 23:51:54.359 /testbed/src/flask/app.py:1412 flask.app.Flask.process_response event=line locals={}
2026-08-22 23:51:54.359 /testbed/src/flask/app.py:1413 flask.app.Flask.process_response event=line locals={'func': '<function TestIndirectExceptionCallGraph.test_generated_requests_exercise_error_pipeline.<locals>.global_after at 0x71487b39c5e0>'}
2026-08-22 23:51:54.359 /testbed/src/flask/app.py:1065 flask.app.Flask.ensure_sync event=call locals={'func': '<function TestIndirectExceptionCallGraph.test_generated_requests_exercise_error_pipeline.<locals>.global_after at 0x71487b39c5e0>', 'self': "<Flask 'runtime_exception_graph'>"}
2026-08-22 23:51:54.359 /testbed/src/flask/app.py:1074 flask.app.Flask.ensure_sync event=line locals={}
2026-08-22 23:51:54.359 /testbed/src/flask/app.py:1077 flask.app.Flask.ensure_sync event=line locals={}
2026-08-22 23:51:54.359 /testbed/src/flask/app.py:1077 flask.app.Flask.ensure_sync event=return retval=<function TestIndirectExceptionCallGraph.test_generated_requests_exercise_error_pipeline.<locals>.global_after at 0x71487b39c5e0> locals={'func': '<function TestIndirectExceptionCallGraph.test_generated_requests_exercise_error_pipeline.<locals>.global_after at 0x71487b39c5e0>', 'self': "<Flask 'runtime_exception_graph'>"}
2026-08-22 23:51:54.359 /testbed/src/flask/app.py:1412 flask.app.Flask.process_response event=line locals={}
2026-08-22 23:51:54.359 /testbed/src/flask/app.py:1413 flask.app.Flask.process_response event=line locals={'func': '<function TestIndirectExceptionCallGraph.test_generated_requests_exercise_error_pipeline.<locals>.global_after at 0x71487b39c540>'}
2026-08-22 23:51:54.359 /testbed/src/flask/app.py:1065 flask.app.Flask.ensure_sync event=call locals={'func': '<function TestIndirectExceptionCallGraph.test_generated_requests_exercise_error_pipeline.<locals>.global_after at 0x71487b39c540>', 'self': "<Flask 'runtime_exception_graph'>"}
2026-08-22 23:51:54.359 /testbed/src/flask/app.py:1074 flask.app.Flask.ensure_sync event=line locals={}
2026-08-22 23:51:54.359 /testbed/src/flask/app.py:1077 flask.app.Flask.ensure_sync event=line locals={}
2026-08-22 23:51:54.359 /testbed/src/flask/app.py:1077 flask.app.Flask.ensure_sync event=return retval=<function TestIndirectExceptionCallGraph.test_generated_requests_exercise_error_pipeline.<locals>.global_after at 0x71487b39c540> locals={'func': '<function TestIndirectExceptionCallGraph.test_generated_requests_exercise_error_pipeline.<locals>.global_after at 0x71487b39c540>', 'self': "<Flask 'runtime_exception_graph'>"}
2026-08-22 23:51:54.359 /testbed/src/flask/app.py:1412 flask.app.Flask.process_response event=line locals={}
2026-08-22 23:51:54.359 /testbed/src/flask/app.py:1413 flask.app.Flask.process_response event=line locals={'func': '<function TestIndirectExceptionCallGraph.test_generated_requests_exercise_error_pipeline.<locals>.global_after at 0x71487b39c4a0>'}
2026-08-22 23:51:54.359 /testbed/src/flask/app.py:1065 flask.app.Flask.ensure_sync event=call locals={'func': '<function TestIndirectExceptionCallGraph.test_generated_requests_exercise_error_pipeline.<locals>.global_after at 0x71487b39c4a0>', 'self': "<Flask 'runtime_exception_graph'>"}
2026-08-22 23:51:54.359 /testbed/src/flask/app.py:1074 flask.app.Flask.ensure_sync event=line locals={}
2026-08-22 23:51:54.359 /testbed/src/flask/app.py:1077 flask.app.Flask.ensure_sync event=line locals={}
2026-08-22 23:51:54.359 /testbed/src/flask/app.py:1077 flask.app.Flask.ensure_sync event=return retval=<function TestIndirectExceptionCallGraph.test_generated_requests_exercise_error_pipeline.<locals>.global_after at 0x71487b39c4a0> locals={'func': '<function TestIndirectExceptionCallGraph.test_generated_requests_exercise_error_pipeline.<locals>.global_after at 0x71487b39c4a0>', 'self': "<Flask 'runtime_exception_graph'>"}
2026-08-22 23:51:54.359 /testbed/src/flask/app.py:1412 flask.app.Flask.process_response event=line locals={}
2026-08-22 23:51:54.359 /testbed/src/flask/app.py:1413 flask.app.Flask.process_response event=line locals={'func': '<function TestIndirectExceptionCallGraph.test_generated_requests_exercise_error_pipeline.<locals>.global_after at 0x71487b39c400>'}
2026-08-22 23:51:54.359 /testbed/src/flask/app.py:1065 flask.app.Flask.ensure_sync event=call locals={'func': '<function TestIndirectExceptionCallGraph.test_generated_requests_exercise_error_pipeline.<locals>.global_after at 0x71487b39c400>', 'self': "<Flask 'runtime_exception_graph'>"}
2026-08-22 23:51:54.359 /testbed/src/flask/app.py:1074 flask.app.Flask.ensure_sync event=line locals={}
2026-08-22 23:51:54.359 /testbed/src/flask/app.py:1077 flask.app.Flask.ensure_sync event=line locals={}
2026-08-22 23:51:54.359 /testbed/src/flask/app.py:1077 flask.app.Flask.ensure_sync event=return retval=<function TestIndirectExceptionCallGraph.test_generated_requests_exercise_error_pipeline.<locals>.global_after at 0x71487b39c400> locals={'func': '<function TestIndirectExceptionCallGraph.test_generated_requests_exercise_error_pipeline.<locals>.global_after at 0x71487b39c400>', 'self': "<Flask 'runtime_exception_graph'>"}
2026-08-22 23:51:54.359 /testbed/src/flask/app.py:1412 flask.app.Flask.process_response event=line locals={}
2026-08-22 23:51:54.359 /testbed/src/flask/app.py:1413 flask.app.Flask.process_response event=line locals={'func': '<function TestIndirectExceptionCallGraph.test_generated_requests_exercise_error_pipeline.<locals>.global_after at 0x71487b39c360>'}
2026-08-22 23:51:54.359 /testbed/src/flask/app.py:1065 flask.app.Flask.ensure_sync event=call locals={'func': '<function TestIndirectExceptionCallGraph.test_generated_requests_exercise_error_pipeline.<locals>.global_after at 0x71487b39c360>', 'self': "<Flask 'runtime_exception_graph'>"}
2026-08-22 23:51:54.359 /testbed/src/flask/app.py:1074 flask.app.Flask.ensure_sync event=line locals={}
2026-08-22 23:51:54.360 /testbed/src/flask/app.py:1077 flask.app.Flask.ensure_sync event=line locals={}
2026-08-22 23:51:54.360 /testbed/src/flask/app.py:1077 flask.app.Flask.ensure_sync event=return retval=<function TestIndirectExceptionCallGraph.test_generated_requests_exercise_error_pipeline.<locals>.global_after at 0x71487b39c360> locals={'func': '<function TestIndirectExceptionCallGraph.test_generated_requests_exercise_error_pipeline.<locals>.global_after at 0x71487b39c360>', 'self': "<Flask 'runtime_exception_graph'>"}
2026-08-22 23:51:54.360 /testbed/src/flask/app.py:1412 flask.app.Flask.process_response event=line locals={}
2026-08-22 23:51:54.360 /testbed/src/flask/app.py:1413 flask.app.Flask.process_response event=line locals={'func': '<function TestIndirectExceptionCallGraph.test_generated_requests_exercise_error_pipeline.<locals>.global_after at 0x71487b39c2c0>'}
2026-08-22 23:51:54.360 /testbed/src/flask/app.py:1065 flask.app.Flask.ensure_sync event=call locals={'func': '<function TestIndirectExceptionCallGraph.test_generated_requests_exercise_error_pipeline.<locals>.global_after at 0x71487b39c2c0>', 'self': "<Flask 'runtime_exception_graph'>"}
2026-08-22 23:51:54.360 /testbed/src/flask/app.py:1074 flask.app.Flask.ensure_sync event=line locals={}
2026-08-22 23:51:54.360 /testbed/src/flask/app.py:1077 flask.app.Flask.ensure_sync event=line locals={}
2026-08-22 23:51:54.360 /testbed/src/flask/app.py:1077 flask.app.Flask.ensure_sync event=return retval=<function TestIndirectExceptionCallGraph.test_generated_requests_exercise_error_pipeline.<locals>.global_after at 0x71487b39c2c0> locals={'func': '<function TestIndirectExceptionCallGraph.test_generated_requests_exercise_error_pipeline.<locals>.global_after at 0x71487b39c2c0>', 'self': "<Flask 'runtime_exception_graph'>"}
2026-08-22 23:51:54.360 /testbed/src/flask/app.py:1412 flask.app.Flask.process_response event=line locals={}
2026-08-22 23:51:54.360 /testbed/src/flask/app.py:1413 flask.app.Flask.process_response event=line locals={'func': '<function TestIndirectExceptionCallGraph.test_generated_requests_exercise_error_pipeline.<locals>.global_after at 0x71487b39c220>'}
2026-08-22 23:51:54.360 /testbed/src/flask/app.py:1065 flask.app.Flask.ensure_sync event=call locals={'func': '<function TestIndirectExceptionCallGraph.test_generated_requests_exercise_error_pipeline.<locals>.global_after at 0x71487b39c220>', 'self': "<Flask 'runtime_exception_graph'>"}
2026-08-22 23:51:54.360 /testbed/src/flask/app.py:1074 flask.app.Flask.ensure_sync event=line locals={}
2026-08-22 23:51:54.360 /testbed/src/flask/app.py:1077 flask.app.Flask.ensure_sync event=line locals={}
2026-08-22 23:51:54.360 /testbed/src/flask/app.py:1077 flask.app.Flask.ensure_sync event=return retval=<function TestIndirectExceptionCallGraph.test_generated_requests_exercise_error_pipeline.<locals>.global_after at 0x71487b39c220> locals={'func': '<function TestIndirectExceptionCallGraph.test_generated_requests_exercise_error_pipeline.<locals>.global_after at 0x71487b39c220>', 'self': "<Flask 'runtime_exception_graph'>"}
2026-08-22 23:51:54.360 /testbed/src/flask/app.py:1412 flask.app.Flask.process_response event=line locals={}
2026-08-22 23:51:54.360 /testbed/src/flask/app.py:1413 flask.app.Flask.process_response event=line locals={'func': '<function TestIndirectExceptionCallGraph.test_generated_requests_exercise_error_pipeline.<locals>.global_after at 0x71487b39c180>'}
2026-08-22 23:51:54.360 /testbed/src/flask/app.py:1065 flask.app.Flask.ensure_sync event=call locals={'func': '<function TestIndirectExceptionCallGraph.test_generated_requests_exercise_error_pipeline.<locals>.global_after at 0x71487b39c180>', 'self': "<Flask 'runtime_exception_graph'>"}
2026-08-22 23:51:54.360 /testbed/src/flask/app.py:1074 flask.app.Flask.ensure_sync event=line locals={}
2026-08-22 23:51:54.360 /testbed/src/flask/app.py:1077 flask.app.Flask.ensure_sync event=line locals={}
2026-08-22 23:51:54.360 /testbed/src/flask/app.py:1077 flask.app.Flask.ensure_sync event=return retval=<function TestIndirectExceptionCallGraph.test_generated_requests_exercise_error_pipeline.<locals>.global_after at 0x71487b39c180> locals={'func': '<function TestIndirectExceptionCallGraph.test_generated_requests_exercise_error_pipeline.<locals>.global_after at 0x71487b39c180>', 'self': "<Flask 'runtime_exception_graph'>"}
2026-08-22 23:51:54.360 /testbed/src/flask/app.py:1412 flask.app.Flask.process_response event=line locals={}
2026-08-22 23:51:54.360 /testbed/src/flask/app.py:1413 flask.app.Flask.process_response event=line locals={'func': '<function TestIndirectExceptionCallGraph.test_generated_requests_exercise_error_pipeline.<locals>.global_after at 0x71487b39c040>'}
2026-08-22 23:51:54.360 /testbed/src/flask/app.py:1065 flask.app.Flask.ensure_sync event=call locals={'func': '<function TestIndirectExceptionCallGraph.test_generated_requests_exercise_error_pipeline.<locals>.global_after at 0x71487b39c040>', 'self': "<Flask 'runtime_exception_graph'>"}
2026-08-22 23:51:54.360 /testbed/src/flask/app.py:1074 flask.app.Flask.ensure_sync event=line locals={}
2026-08-22 23:51:54.360 /testbed/src/flask/app.py:1077 flask.app.Flask.ensure_sync event=line locals={}
2026-08-22 23:51:54.360 /testbed/src/flask/app.py:1077 flask.app.Flask.ensure_sync event=return retval=<function TestIndirectExceptionCallGraph.test_generated_requests_exercise_error_pipeline.<locals>.global_after at 0x71487b39c040> locals={'func': '<function TestIndirectExceptionCallGraph.test_generated_requests_exercise_error_pipeline.<locals>.global_after at 0x71487b39c040>', 'self': "<Flask 'runtime_exception_graph'>"}
2026-08-22 23:51:54.360 /testbed/src/flask/app.py:1412 flask.app.Flask.process_response event=line locals={}
2026-08-22 23:51:54.360 /testbed/src/flask/app.py:1410 flask.app.Flask.process_response event=line locals={}
2026-08-22 23:51:54.360 /testbed/src/flask/app.py:1415 flask.app.Flask.process_response event=line locals={}
2026-08-22 23:51:54.360 /testbed/src/flask/app.py:1418 flask.app.Flask.process_response event=line locals={}
2026-08-22 23:51:54.360 /testbed/src/flask/app.py:1418 flask.app.Flask.process_response event=return retval=<Response 13 bytes [500 INTERNAL SERVER ERROR]> locals={'ctx': "<AppContext 124556119456592 of runtime_exception_graph, GET 'http://localhost/generated/22'>", 'func': '<function TestIndirectExceptionCallGraph.test_generated_requests_exercise_error_pipeline.<locals>.global_after at 0x71487b39c040>', 'name': 'None', 'response': '<Response 13 bytes [500 INTERNAL SERVER ERROR]>', 'self': "<Flask 'runtime_exception_graph'>"}
2026-08-22 23:51:54.360 /testbed/src/flask/app.py:1042 flask.app.Flask.finalize_request event=line locals={}
2026-08-22 23:51:54.360 /testbed/src/flask/app.py:1043 flask.app.Flask.finalize_request event=line locals={}
2026-08-22 23:51:54.360 /testbed/src/flask/app.py:1042 flask.app.Flask.finalize_request event=line locals={}
2026-08-22 23:51:54.361 /testbed/src/flask/app.py:1051 flask.app.Flask.finalize_request event=line locals={}
2026-08-22 23:51:54.361 /testbed/src/flask/app.py:1051 flask.app.Flask.finalize_request event=return retval=<Response 13 bytes [500 INTERNAL SERVER ERROR]> locals={'ctx': "<AppContext 124556119456592 of runtime_exception_graph, GET 'http://localhost/generated/22'>", 'from_error_handler': 'True', 'response': '<Response 13 bytes [500 INTERNAL SERVER ERROR]>', 'rv': "('failure-7a90e', '500 INTERNAL SERVER ERROR')", 'self': "<Flask 'runtime_exception_graph'>"}
2026-08-22 23:51:54.361 /testbed/src/flask/app.py:948 flask.app.Flask.handle_exception event=return retval=<Response 13 bytes [500 INTERNAL SERVER ERROR]> locals={'ctx': "<AppContext 124556119456592 of runtime_exception_graph, GET 'http://localhost/generated/22'>", 'e': "RuntimeError('generated failure a27f7')", 'exc_info': "(<class 'RuntimeError'>, RuntimeError('generated failure a27f7'), <traceback object at 0x71487b4147c0>)", 'handler': '<function TestIndirectExceptionCallGraph.test_generated_requests_exercise_error_pipeline.<locals>.convert_unhandled_error at 0x71487b39c720>', 'propagate': 'False', 'self': "<Flask 'runtime_exception_graph'>", 'server_error': "('failure-7a90e', '500 INTERNAL SERVER ERROR')"}
2026-08-22 23:51:54.369 /testbed/src/flask/app.py:1065 flask.app.Flask.ensure_sync event=call locals={'func': '<function TestIndirectExceptionCallGraph.test_generated_requests_exercise_error_pipeline.<locals>.generated_failure at 0x71487b39c9a0>', 'self': "<Flask 'runtime_exception_graph'>"}
2026-08-22 23:51:54.369 /testbed/src/flask/app.py:1074 flask.app.Flask.ensure_sync event=line locals={}
2026-08-22 23:51:54.369 /testbed/src/flask/app.py:1077 flask.app.Flask.ensure_sync event=line locals={}
2026-08-22 23:51:54.369 /testbed/src/flask/app.py:1077 flask.app.Flask.ensure_sync event=return retval=<function TestIndirectExceptionCallGraph.test_generated_requests_exercise_error_pipeline.<locals>.generated_failure at 0x71487b39c9a0> locals={'func': '<function TestIndirectExceptionCallGraph.test_generated_requests_exercise_error_pipeline.<locals>.generated_failure at 0x71487b39c9a0>', 'self': "<Flask 'runtime_exception_graph'>"}
2026-08-22 23:51:54.370 /testbed/src/flask/app.py:897 flask.app.Flask.handle_exception event=call locals={'ctx': "<AppContext 124556119465488 of runtime_exception_graph, GET 'http://localhost/generated/14'>", 'e': "RuntimeError('generated failure 2a0a0')", 'self': "<Flask 'runtime_exception_graph'>"}
2026-08-22 23:51:54.370 /testbed/src/flask/app.py:925 flask.app.Flask.handle_exception event=line locals={}
2026-08-22 23:51:54.370 /testbed/src/flask/app.py:926 flask.app.Flask.handle_exception event=line locals={'exc_info': "(<class 'RuntimeError'>, RuntimeError('generated failure 2a0a0'), <traceback object at 0x71487b411f80>)"}
2026-08-22 23:51:54.371 /testbed/src/flask/app.py:927 flask.app.Flask.handle_exception event=line locals={}
2026-08-22 23:51:54.371 /testbed/src/flask/app.py:929 flask.app.Flask.handle_exception event=line locals={'propagate': 'False'}
2026-08-22 23:51:54.371 /testbed/src/flask/app.py:932 flask.app.Flask.handle_exception event=line locals={}
2026-08-22 23:51:54.371 /testbed/src/flask/app.py:940 flask.app.Flask.handle_exception event=line locals={}
2026-08-22 23:51:54.371 /testbed/src/flask/app.py:950 flask.app.Flask.log_exception event=call locals={'ctx': "<AppContext 124556119465488 of runtime_exception_graph, GET 'http://localhost/generated/14'>", 'exc_info': "(<class 'RuntimeError'>, RuntimeError('generated failure 2a0a0'), <traceback object at 0x71487b411f80>)", 'self': "<Flask 'runtime_exception_graph'>"}
2026-08-22 23:51:54.371 /testbed/src/flask/app.py:962 flask.app.Flask.log_exception event=line locals={}
2026-08-22 23:51:54.371 /testbed/src/flask/app.py:963 flask.app.Flask.log_exception event=line locals={}
2026-08-22 23:51:54.371 /testbed/src/flask/app.py:962 flask.app.Flask.log_exception event=line locals={}
2026-08-22 23:51:54.371 /testbed/src/flask/app.py:962 flask.app.Flask.log_exception event=return retval=None locals={'ctx': "<AppContext 124556119465488 of runtime_exception_graph, GET 'http://localhost/generated/14'>", 'exc_info': "(<class 'RuntimeError'>, RuntimeError('generated failure 2a0a0'), <traceback object at 0x71487b411f80>)", 'self': "<Flask 'runtime_exception_graph'>"}
2026-08-22 23:51:54.371 /testbed/src/flask/app.py:942 flask.app.Flask.handle_exception event=line locals={}
2026-08-22 23:51:54.371 /testbed/src/flask/app.py:943 flask.app.Flask.handle_exception event=line locals={'server_error': "<InternalServerError '500: Internal Server Error'>"}
2026-08-22 23:51:54.371 /testbed/src/flask/app.py:945 flask.app.Flask.handle_exception event=line locals={'handler': '<function TestIndirectExceptionCallGraph.test_generated_requests_exercise_error_pipeline.<locals>.convert_unhandled_error at 0x71487b39c720>'}
2026-08-22 23:51:54.371 /testbed/src/flask/app.py:946 flask.app.Flask.handle_exception event=line locals={}
2026-08-22 23:51:54.371 /testbed/src/flask/app.py:1065 flask.app.Flask.ensure_sync event=call locals={'func': '<function TestIndirectExceptionCallGraph.test_generated_requests_exercise_error_pipeline.<locals>.convert_unhandled_error at 0x71487b39c720>', 'self': "<Flask 'runtime_exception_graph'>"}
2026-08-22 23:51:54.371 /testbed/src/flask/app.py:1074 flask.app.Flask.ensure_sync event=line locals={}
2026-08-22 23:51:54.371 /testbed/src/flask/app.py:1077 flask.app.Flask.ensure_sync event=line locals={}
2026-08-22 23:51:54.371 /testbed/src/flask/app.py:1077 flask.app.Flask.ensure_sync event=return retval=<function TestIndirectExceptionCallGraph.test_generated_requests_exercise_error_pipeline.<locals>.convert_unhandled_error at 0x71487b39c720> locals={'func': '<function TestIndirectExceptionCallGraph.test_generated_requests_exercise_error_pipeline.<locals>.convert_unhandled_error at 0x71487b39c720>', 'self': "<Flask 'runtime_exception_graph'>"}
2026-08-22 23:51:54.371 /testbed/src/flask/app.py:948 flask.app.Flask.handle_exception event=line locals={'server_error': "({'checksum': 515289, 'mode': 0}, 500)"}
2026-08-22 23:51:54.371 /testbed/src/flask/app.py:1021 flask.app.Flask.finalize_request event=call locals={'ctx': "<AppContext 124556119465488 of runtime_exception_graph, GET 'http://localhost/generated/14'>", 'from_error_handler': 'True', 'rv': "({'checksum': 515289, 'mode': 0}, 500)", 'self': "<Flask 'runtime_exception_graph'>"}
2026-08-22 23:51:54.371 /testbed/src/flask/app.py:1039 flask.app.Flask.finalize_request event=line locals={}
2026-08-22 23:51:54.371 /testbed/src/flask/app.py:1224 flask.app.Flask.make_response event=call locals={'rv': "({'checksum': 515289, 'mode': 0}, 500)", 'self': "<Flask 'runtime_exception_graph'>"}
2026-08-22 23:51:54.371 /testbed/src/flask/app.py:1281 flask.app.Flask.make_response event=line locals={}
2026-08-22 23:51:54.371 /testbed/src/flask/app.py:1282 flask.app.Flask.make_response event=line locals={'status': 'None'}
2026-08-22 23:51:54.371 /testbed/src/flask/app.py:1285 flask.app.Flask.make_response event=line locals={'headers': 'None'}
2026-08-22 23:51:54.371 /testbed/src/flask/app.py:1286 flask.app.Flask.make_response event=line locals={}
2026-08-22 23:51:54.371 /testbed/src/flask/app.py:1289 flask.app.Flask.make_response event=line locals={'len_rv': '2'}
2026-08-22 23:51:54.371 /testbed/src/flask/app.py:1292 flask.app.Flask.make_response event=line locals={}
2026-08-22 23:51:54.371 /testbed/src/flask/app.py:1293 flask.app.Flask.make_response event=line locals={}
2026-08-22 23:51:54.371 /testbed/src/flask/app.py:1296 flask.app.Flask.make_response event=line locals={}
2026-08-22 23:51:54.372 /testbed/src/flask/app.py:1306 flask.app.Flask.make_response event=line locals={'rv': "{'checksum': 515289, 'mode': 0}", 'status': '500'}
2026-08-22 23:51:54.372 /testbed/src/flask/app.py:1314 flask.app.Flask.make_response event=line locals={}
2026-08-22 23:51:54.372 /testbed/src/flask/app.py:1315 flask.app.Flask.make_response event=line locals={}
2026-08-22 23:51:54.372 /testbed/src/flask/app.py:1325 flask.app.Flask.make_response event=line locals={}
2026-08-22 23:51:54.372 /testbed/src/flask/app.py:1326 flask.app.Flask.make_response event=line locals={}
2026-08-22 23:51:54.372 /testbed/src/flask/app.py:1352 flask.app.Flask.make_response event=line locals={'rv': '<Response 29 bytes [200 OK]>'}
2026-08-22 23:51:54.372 /testbed/src/flask/app.py:1354 flask.app.Flask.make_response event=line locals={}
2026-08-22 23:51:54.372 /testbed/src/flask/app.py:1355 flask.app.Flask.make_response event=line locals={}
2026-08-22 23:51:54.372 /testbed/src/flask/app.py:1358 flask.app.Flask.make_response event=line locals={}
2026-08-22 23:51:54.372 /testbed/src/flask/app.py:1361 flask.app.Flask.make_response event=line locals={'rv': '<Response 29 bytes [500 INTERNAL SERVER ERROR]>'}
2026-08-22 23:51:54.372 /testbed/src/flask/app.py:1364 flask.app.Flask.make_response event=line locals={}
2026-08-22 23:51:54.372 /testbed/src/flask/app.py:1364 flask.app.Flask.make_response event=return retval=<Response 29 bytes [500 INTERNAL SERVER ERROR]> locals={'headers': 'None', 'len_rv': '2', 'rv': '<Response 29 bytes [500 INTERNAL SERVER ERROR]>', 'self': "<Flask 'runtime_exception_graph'>", 'status': '500'}
2026-08-22 23:51:54.372 /testbed/src/flask/app.py:1040 flask.app.Flask.finalize_request event=line locals={'response': '<Response 29 bytes [500 INTERNAL SERVER ERROR]>'}
2026-08-22 23:51:54.372 /testbed/src/flask/app.py:1041 flask.app.Flask.finalize_request event=line locals={}
2026-08-22 23:51:54.372 /testbed/src/flask/app.py:1394 flask.app.Flask.process_response event=call locals={'ctx': "<AppContext 124556119465488 of runtime_exception_graph, GET 'http://localhost/generated/14'>", 'response': '<Response 29 bytes [500 INTERNAL SERVER ERROR]>', 'self': "<Flask 'runtime_exception_graph'>"}
2026-08-22 23:51:54.372 /testbed/src/flask/app.py:1407 flask.app.Flask.process_response event=line locals={}
2026-08-22 23:51:54.372 /testbed/src/flask/app.py:1408 flask.app.Flask.process_response event=line locals={'func': '<function TestIndirectExceptionCallGraph.test_generated_requests_exercise_error_pipeline.<locals>.generated_failure.<locals>.local_after at 0x71487b39f1a0>'}
2026-08-22 23:51:54.372 /testbed/src/flask/app.py:1065 flask.app.Flask.ensure_sync event=call locals={'func': '<function TestIndirectExceptionCallGraph.test_generated_requests_exercise_error_pipeline.<locals>.generated_failure.<locals>.local_after at 0x71487b39f1a0>', 'self': "<Flask 'runtime_exception_graph'>"}
2026-08-22 23:51:54.372 /testbed/src/flask/app.py:1074 flask.app.Flask.ensure_sync event=line locals={}
2026-08-22 23:51:54.372 /testbed/src/flask/app.py:1077 flask.app.Flask.ensure_sync event=line locals={}
2026-08-22 23:51:54.372 /testbed/src/flask/app.py:1077 flask.app.Flask.ensure_sync event=return retval=<function TestIndirectExceptionCallGraph.test_generated_requests_exercise_error_pipeline.<locals>.generated_failure.<locals>.local_after at 0x71487b39f1a0> locals={'func': '<function TestIndirectExceptionCallGraph.test_generated_requests_exercise_error_pipeline.<locals>.generated_failure.<locals>.local_after at 0x71487b39f1a0>', 'self': "<Flask 'runtime_exception_graph'>"}
2026-08-22 23:51:54.372 /testbed/src/flask/app.py:1407 flask.app.Flask.process_response event=line locals={}
2026-08-22 23:51:54.372 /testbed/src/flask/app.py:1408 flask.app.Flask.process_response event=line locals={'func': '<function TestIndirectExceptionCallGraph.test_generated_requests_exercise_error_pipeline.<locals>.generated_failure.<locals>.local_after at 0x71487b3bd120>'}
2026-08-22 23:51:54.372 /testbed/src/flask/app.py:1065 flask.app.Flask.ensure_sync event=call locals={'func': '<function TestIndirectExceptionCallGraph.test_generated_requests_exercise_error_pipeline.<locals>.generated_failure.<locals>.local_after at 0x71487b3bd120>', 'self': "<Flask 'runtime_exception_graph'>"}
2026-08-22 23:51:54.372 /testbed/src/flask/app.py:1074 flask.app.Flask.ensure_sync event=line locals={}
2026-08-22 23:51:54.373 /testbed/src/flask/app.py:1077 flask.app.Flask.ensure_sync event=line locals={}
2026-08-22 23:51:54.373 /testbed/src/flask/app.py:1077 flask.app.Flask.ensure_sync event=return retval=<function TestIndirectExceptionCallGraph.test_generated_requests_exercise_error_pipeline.<locals>.generated_failure.<locals>.local_after at 0x71487b3bd120> locals={'func': '<function TestIndirectExceptionCallGraph.test_generated_requests_exercise_error_pipeline.<locals>.generated_failure.<locals>.local_after at 0x71487b3bd120>', 'self': "<Flask 'runtime_exception_graph'>"}
2026-08-22 23:51:54.373 /testbed/src/flask/app.py:1407 flask.app.Flask.process_response event=line locals={}
2026-08-22 23:51:54.373 /testbed/src/flask/app.py:1408 flask.app.Flask.process_response event=line locals={'func': '<function TestIndirectExceptionCallGraph.test_generated_requests_exercise_error_pipeline.<locals>.generated_failure.<locals>.local_after at 0x71487b3bfb00>'}
2026-08-22 23:51:54.373 /testbed/src/flask/app.py:1065 flask.app.Flask.ensure_sync event=call locals={'func': '<function TestIndirectExceptionCallGraph.test_generated_requests_exercise_error_pipeline.<locals>.generated_failure.<locals>.local_after at 0x71487b3bfb00>', 'self': "<Flask 'runtime_exception_graph'>"}
2026-08-22 23:51:54.373 /testbed/src/flask/app.py:1074 flask.app.Flask.ensure_sync event=line locals={}
2026-08-22 23:51:54.373 /testbed/src/flask/app.py:1077 flask.app.Flask.ensure_sync event=line locals={}
2026-08-22 23:51:54.373 /testbed/src/flask/app.py:1077 flask.app.Flask.ensure_sync event=return retval=<function TestIndirectExceptionCallGraph.test_generated_requests_exercise_error_pipeline.<locals>.generated_failure.<locals>.local_after at 0x71487b3bfb00> locals={'func': '<function TestIndirectExceptionCallGraph.test_generated_requests_exercise_error_pipeline.<locals>.generated_failure.<locals>.local_after at 0x71487b3bfb00>', 'self': "<Flask 'runtime_exception_graph'>"}
2026-08-22 23:51:54.373 /testbed/src/flask/app.py:1407 flask.app.Flask.process_response event=line locals={}
2026-08-22 23:51:54.373 /testbed/src/flask/app.py:1408 flask.app.Flask.process_response event=line locals={'func': '<function TestIndirectExceptionCallGraph.test_generated_requests_exercise_error_pipeline.<locals>.generated_failure.<locals>.local_after at 0x71487b3bf920>'}
2026-08-22 23:51:54.373 /testbed/src/flask/app.py:1065 flask.app.Flask.ensure_sync event=call locals={'func': '<function TestIndirectExceptionCallGraph.test_generated_requests_exercise_error_pipeline.<locals>.generated_failure.<locals>.local_after at 0x71487b3bf920>', 'self': "<Flask 'runtime_exception_graph'>"}
2026-08-22 23:51:54.373 /testbed/src/flask/app.py:1074 flask.app.Flask.ensure_sync event=line locals={}
2026-08-22 23:51:54.373 /testbed/src/flask/app.py:1077 flask.app.Flask.ensure_sync event=line locals={}
2026-08-22 23:51:54.373 /testbed/src/flask/app.py:1077 flask.app.Flask.ensure_sync event=return retval=<function TestIndirectExceptionCallGraph.test_generated_requests_exercise_error_pipeline.<locals>.generated_failure.<locals>.local_after at 0x71487b3bf920> locals={'func': '<function TestIndirectExceptionCallGraph.test_generated_requests_exercise_error_pipeline.<locals>.generated_failure.<locals>.local_after at 0x71487b3bf920>', 'self': "<Flask 'runtime_exception_graph'>"}
2026-08-22 23:51:54.373 /testbed/src/flask/app.py:1407 flask.app.Flask.process_response event=line locals={}
2026-08-22 23:51:54.373 /testbed/src/flask/app.py:1408 flask.app.Flask.process_response event=line locals={'func': '<function TestIndirectExceptionCallGraph.test_generated_requests_exercise_error_pipeline.<locals>.generated_failure.<locals>.local_after at 0x71487b3bf740>'}
2026-08-22 23:51:54.373 /testbed/src/flask/app.py:1065 flask.app.Flask.ensure_sync event=call locals={'func': '<function TestIndirectExceptionCallGraph.test_generated_requests_exercise_error_pipeline.<locals>.generated_failure.<locals>.local_after at 0x71487b3bf740>', 'self': "<Flask 'runtime_exception_graph'>"}
2026-08-22 23:51:54.373 /testbed/src/flask/app.py:1074 flask.app.Flask.ensure_sync event=line locals={}
2026-08-22 23:51:54.373 /testbed/src/flask/app.py:1077 flask.app.Flask.ensure_sync event=line locals={}
2026-08-22 23:51:54.373 /testbed/src/flask/app.py:1077 flask.app.Flask.ensure_sync event=return retval=<function TestIndirectExceptionCallGraph.test_generated_requests_exercise_error_pipeline.<locals>.generated_failure.<locals>.local_after at 0x71487b3bf740> locals={'func': '<function TestIndirectExceptionCallGraph.test_generated_requests_exercise_error_pipeline.<locals>.generated_failure.<locals>.local_after at 0x71487b3bf740>', 'self': "<Flask 'runtime_exception_graph'>"}
2026-08-22 23:51:54.373 /testbed/src/flask/app.py:1407 flask.app.Flask.process_response event=line locals={}
2026-08-22 23:51:54.373 /testbed/src/flask/app.py:1408 flask.app.Flask.process_response event=line locals={'func': '<function TestIndirectExceptionCallGraph.test_generated_requests_exercise_error_pipeline.<locals>.generated_failure.<locals>.local_after at 0x71487b3bf7e0>'}
2026-08-22 23:51:54.373 /testbed/src/flask/app.py:1065 flask.app.Flask.ensure_sync event=call locals={'func': '<function TestIndirectExceptionCallGraph.test_generated_requests_exercise_error_pipeline.<locals>.generated_failure.<locals>.local_after at 0x71487b3bf7e0>', 'self': "<Flask 'runtime_exception_graph'>"}
2026-08-22 23:51:54.373 /testbed/src/flask/app.py:1074 flask.app.Flask.ensure_sync event=line locals={}
2026-08-22 23:51:54.373 /testbed/src/flask/app.py:1077 flask.app.Flask.ensure_sync event=line locals={}
2026-08-22 23:51:54.373 /testbed/src/flask/app.py:1077 flask.app.Flask.ensure_sync event=return retval=<function TestIndirectExceptionCallGraph.test_generated_requests_exercise_error_pipeline.<locals>.generated_failure.<locals>.local_after at 0x71487b3bf7e0> locals={'func': '<function TestIndirectExceptionCallGraph.test_generated_requests_exercise_error_pipeline.<locals>.generated_failure.<locals>.local_after at 0x71487b3bf7e0>', 'self': "<Flask 'runtime_exception_graph'>"}
2026-08-22 23:51:54.373 /testbed/src/flask/app.py:1407 flask.app.Flask.process_response event=line locals={}
2026-08-22 23:51:54.373 /testbed/src/flask/app.py:1408 flask.app.Flask.process_response event=line locals={'func': '<function TestIndirectExceptionCallGraph.test_generated_requests_exercise_error_pipeline.<locals>.generated_failure.<locals>.local_after at 0x71487b3bf880>'}
2026-08-22 23:51:54.373 /testbed/src/flask/app.py:1065 flask.app.Flask.ensure_sync event=call locals={'func': '<function TestIndirectExceptionCallGraph.test_generated_requests_exercise_error_pipeline.<locals>.generated_failure.<locals>.local_after at 0x71487b3bf880>', 'self': "<Flask 'runtime_exception_graph'>"}
2026-08-22 23:51:54.373 /testbed/src/flask/app.py:1074 flask.app.Flask.ensure_sync event=line locals={}
2026-08-22 23:51:54.373 /testbed/src/flask/app.py:1077 flask.app.Flask.ensure_sync event=line locals={}
2026-08-22 23:51:54.373 /testbed/src/flask/app.py:1077 flask.app.Flask.ensure_sync event=return retval=<function TestIndirectExceptionCallGraph.test_generated_requests_exercise_error_pipeline.<locals>.generated_failure.<locals>.local_after at 0x71487b3bf880> locals={'func': '<function TestIndirectExceptionCallGraph.test_generated_requests_exercise_error_pipeline.<locals>.generated_failure.<locals>.local_after at 0x71487b3bf880>', 'self': "<Flask 'runtime_exception_graph'>"}
2026-08-22 23:51:54.373 /testbed/src/flask/app.py:1407 flask.app.Flask.process_response event=line locals={}
2026-08-22 23:51:54.373 /testbed/src/flask/app.py:1410 flask.app.Flask.process_response event=line locals={}
2026-08-22 23:51:54.373 /testbed/src/flask/app.py:1411 flask.app.Flask.process_response event=line locals={'name': 'None'}
2026-08-22 23:51:54.373 /testbed/src/flask/app.py:1412 flask.app.Flask.process_response event=line locals={}
2026-08-22 23:51:54.373 /testbed/src/flask/app.py:1413 flask.app.Flask.process_response event=line locals={'func': '<function TestIndirectExceptionCallGraph.test_generated_requests_exercise_error_pipeline.<locals>.global_after at 0x71487b39c5e0>'}
2026-08-22 23:51:54.373 /testbed/src/flask/app.py:1065 flask.app.Flask.ensure_sync event=call locals={'func': '<function TestIndirectExceptionCallGraph.test_generated_requests_exercise_error_pipeline.<locals>.global_after at 0x71487b39c5e0>', 'self': "<Flask 'runtime_exception_graph'>"}
2026-08-22 23:51:54.373 /testbed/src/flask/app.py:1074 flask.app.Flask.ensure_sync event=line locals={}
2026-08-22 23:51:54.373 /testbed/src/flask/app.py:1077 flask.app.Flask.ensure_sync event=line locals={}
2026-08-22 23:51:54.373 /testbed/src/flask/app.py:1077 flask.app.Flask.ensure_sync event=return retval=<function TestIndirectExceptionCallGraph.test_generated_requests_exercise_error_pipeline.<locals>.global_after at 0x71487b39c5e0> locals={'func': '<function TestIndirectExceptionCallGraph.test_generated_requests_exercise_error_pipeline.<locals>.global_after at 0x71487b39c5e0>', 'self': "<Flask 'runtime_exception_graph'>"}
2026-08-22 23:51:54.374 /testbed/src/flask/app.py:1412 flask.app.Flask.process_response event=line locals={}
2026-08-22 23:51:54.374 /testbed/src/flask/app.py:1413 flask.app.Flask.process_response event=line locals={'func': '<function TestIndirectExceptionCallGraph.test_generated_requests_exercise_error_pipeline.<locals>.global_after at 0x71487b39c540>'}
2026-08-22 23:51:54.374 /testbed/src/flask/app.py:1065 flask.app.Flask.ensure_sync event=call locals={'func': '<function TestIndirectExceptionCallGraph.test_generated_requests_exercise_error_pipeline.<locals>.global_after at 0x71487b39c540>', 'self': "<Flask 'runtime_exception_graph'>"}
2026-08-22 23:51:54.374 /testbed/src/flask/app.py:1074 flask.app.Flask.ensure_sync event=line locals={}
2026-08-22 23:51:54.374 /testbed/src/flask/app.py:1077 flask.app.Flask.ensure_sync event=line locals={}
2026-08-22 23:51:54.374 /testbed/src/flask/app.py:1077 flask.app.Flask.ensure_sync event=return retval=<function TestIndirectExceptionCallGraph.test_generated_requests_exercise_error_pipeline.<locals>.global_after at 0x71487b39c540> locals={'func': '<function TestIndirectExceptionCallGraph.test_generated_requests_exercise_error_pipeline.<locals>.global_after at 0x71487b39c540>', 'self': "<Flask 'runtime_exception_graph'>"}
2026-08-22 23:51:54.374 /testbed/src/flask/app.py:1412 flask.app.Flask.process_response event=line locals={}
2026-08-22 23:51:54.374 /testbed/src/flask/app.py:1413 flask.app.Flask.process_response event=line locals={'func': '<function TestIndirectExceptionCallGraph.test_generated_requests_exercise_error_pipeline.<locals>.global_after at 0x71487b39c4a0>'}
2026-08-22 23:51:54.374 /testbed/src/flask/app.py:1065 flask.app.Flask.ensure_sync event=call locals={'func': '<function TestIndirectExceptionCallGraph.test_generated_requests_exercise_error_pipeline.<locals>.global_after at 0x71487b39c4a0>', 'self': "<Flask 'runtime_exception_graph'>"}
2026-08-22 23:51:54.374 /testbed/src/flask/app.py:1074 flask.app.Flask.ensure_sync event=line locals={}
2026-08-22 23:51:54.374 /testbed/src/flask/app.py:1077 flask.app.Flask.ensure_sync event=line locals={}
2026-08-22 23:51:54.374 /testbed/src/flask/app.py:1077 flask.app.Flask.ensure_sync event=return retval=<function TestIndirectExceptionCallGraph.test_generated_requests_exercise_error_pipeline.<locals>.global_after at 0x71487b39c4a0> locals={'func': '<function TestIndirectExceptionCallGraph.test_generated_requests_exercise_error_pipeline.<locals>.global_after at 0x71487b39c4a0>', 'self': "<Flask 'runtime_exception_graph'>"}
2026-08-22 23:51:54.374 /testbed/src/flask/app.py:1412 flask.app.Flask.process_response event=line locals={}
2026-08-22 23:51:54.374 /testbed/src/flask/app.py:1413 flask.app.Flask.process_response event=line locals={'func': '<function TestIndirectExceptionCallGraph.test_generated_requests_exercise_error_pipeline.<locals>.global_after at 0x71487b39c400>'}
2026-08-22 23:51:54.374 /testbed/src/flask/app.py:1065 flask.app.Flask.ensure_sync event=call locals={'func': '<function TestIndirectExceptionCallGraph.test_generated_requests_exercise_error_pipeline.<locals>.global_after at 0x71487b39c400>', 'self': "<Flask 'runtime_exception_graph'>"}
2026-08-22 23:51:54.374 /testbed/src/flask/app.py:1074 flask.app.Flask.ensure_sync event=line locals={}
2026-08-22 23:51:54.374 /testbed/src/flask/app.py:1077 flask.app.Flask.ensure_sync event=line locals={}
2026-08-22 23:51:54.374 /testbed/src/flask/app.py:1077 flask.app.Flask.ensure_sync event=return retval=<function TestIndirectExceptionCallGraph.test_generated_requests_exercise_error_pipeline.<locals>.global_after at 0x71487b39c400> locals={'func': '<function TestIndirectExceptionCallGraph.test_generated_requests_exercise_error_pipeline.<locals>.global_after at 0x71487b39c400>', 'self': "<Flask 'runtime_exception_graph'>"}
2026-08-22 23:51:54.374 /testbed/src/flask/app.py:1412 flask.app.Flask.process_response event=line locals={}
2026-08-22 23:51:54.374 /testbed/src/flask/app.py:1413 flask.app.Flask.process_response event=line locals={'func': '<function TestIndirectExceptionCallGraph.test_generated_requests_exercise_error_pipeline.<locals>.global_after at 0x71487b39c360>'}
2026-08-22 23:51:54.374 /testbed/src/flask/app.py:1065 flask.app.Flask.ensure_sync event=call locals={'func': '<function TestIndirectExceptionCallGraph.test_generated_requests_exercise_error_pipeline.<locals>.global_after at 0x71487b39c360>', 'self': "<Flask 'runtime_exception_graph'>"}
2026-08-22 23:51:54.374 /testbed/src/flask/app.py:1074 flask.app.Flask.ensure_sync event=line locals={}
2026-08-22 23:51:54.374 /testbed/src/flask/app.py:1077 flask.app.Flask.ensure_sync event=line locals={}
2026-08-22 23:51:54.374 /testbed/src/flask/app.py:1077 flask.app.Flask.ensure_sync event=return retval=<function TestIndirectExceptionCallGraph.test_generated_requests_exercise_error_pipeline.<locals>.global_after at 0x71487b39c360> locals={'func': '<function TestIndirectExceptionCallGraph.test_generated_requests_exercise_error_pipeline.<locals>.global_after at 0x71487b39c360>', 'self': "<Flask 'runtime_exception_graph'>"}
2026-08-22 23:51:54.374 /testbed/src/flask/app.py:1412 flask.app.Flask.process_response event=line locals={}
2026-08-22 23:51:54.374 /testbed/src/flask/app.py:1413 flask.app.Flask.process_response event=line locals={'func': '<function TestIndirectExceptionCallGraph.test_generated_requests_exercise_error_pipeline.<locals>.global_after at 0x71487b39c2c0>'}
2026-08-22 23:51:54.374 /testbed/src/flask/app.py:1065 flask.app.Flask.ensure_sync event=call locals={'func': '<function TestIndirectExceptionCallGraph.test_generated_requests_exercise_error_pipeline.<locals>.global_after at 0x71487b39c2c0>', 'self': "<Flask 'runtime_exception_graph'>"}
2026-08-22 23:51:54.374 /testbed/src/flask/app.py:1074 flask.app.Flask.ensure_sync event=line locals={}
2026-08-22 23:51:54.374 /testbed/src/flask/app.py:1077 flask.app.Flask.ensure_sync event=line locals={}
2026-08-22 23:51:54.374 /testbed/src/flask/app.py:1077 flask.app.Flask.ensure_sync event=return retval=<function TestIndirectExceptionCallGraph.test_generated_requests_exercise_error_pipeline.<locals>.global_after at 0x71487b39c2c0> locals={'func': '<function TestIndirectExceptionCallGraph.test_generated_requests_exercise_error_pipeline.<locals>.global_after at 0x71487b39c2c0>', 'self': "<Flask 'runtime_exception_graph'>"}
2026-08-22 23:51:54.374 /testbed/src/flask/app.py:1412 flask.app.Flask.process_response event=line locals={}
2026-08-22 23:51:54.374 /testbed/src/flask/app.py:1413 flask.app.Flask.process_response event=line locals={'func': '<function TestIndirectExceptionCallGraph.test_generated_requests_exercise_error_pipeline.<locals>.global_after at 0x71487b39c220>'}
2026-08-22 23:51:54.374 /testbed/src/flask/app.py:1065 flask.app.Flask.ensure_sync event=call locals={'func': '<function TestIndirectExceptionCallGraph.test_generated_requests_exercise_error_pipeline.<locals>.global_after at 0x71487b39c220>', 'self': "<Flask 'runtime_exception_graph'>"}
2026-08-22 23:51:54.374 /testbed/src/flask/app.py:1074 flask.app.Flask.ensure_sync event=line locals={}
2026-08-22 23:51:54.374 /testbed/src/flask/app.py:1077 flask.app.Flask.ensure_sync event=line locals={}
2026-08-22 23:51:54.374 /testbed/src/flask/app.py:1077 flask.app.Flask.ensure_sync event=return retval=<function TestIndirectExceptionCallGraph.test_generated_requests_exercise_error_pipeline.<locals>.global_after at 0x71487b39c220> locals={'func': '<function TestIndirectExceptionCallGraph.test_generated_requests_exercise_error_pipeline.<locals>.global_after at 0x71487b39c220>', 'self': "<Flask 'runtime_exception_graph'>"}
2026-08-22 23:51:54.374 /testbed/src/flask/app.py:1412 flask.app.Flask.process_response event=line locals={}
2026-08-22 23:51:54.374 /testbed/src/flask/app.py:1413 flask.app.Flask.process_response event=line locals={'func': '<function TestIndirectExceptionCallGraph.test_generated_requests_exercise_error_pipeline.<locals>.global_after at 0x71487b39c180>'}
2026-08-22 23:51:54.374 /testbed/src/flask/app.py:1065 flask.app.Flask.ensure_sync event=call locals={'func': '<function TestIndirectExceptionCallGraph.test_generated_requests_exercise_error_pipeline.<locals>.global_after at 0x71487b39c180>', 'self': "<Flask 'runtime_exception_graph'>"}
2026-08-22 23:51:54.374 /testbed/src/flask/app.py:1074 flask.app.Flask.ensure_sync event=line locals={}
2026-08-22 23:51:54.374 /testbed/src/flask/app.py:1077 flask.app.Flask.ensure_sync event=line locals={}
2026-08-22 23:51:54.374 /testbed/src/flask/app.py:1077 flask.app.Flask.ensure_sync event=return retval=<function TestIndirectExceptionCallGraph.test_generated_requests_exercise_error_pipeline.<locals>.global_after at 0x71487b39c180> locals={'func': '<function TestIndirectExceptionCallGraph.test_generated_requests_exercise_error_pipeline.<locals>.global_after at 0x71487b39c180>', 'self': "<Flask 'runtime_exception_graph'>"}
2026-08-22 23:51:54.375 /testbed/src/flask/app.py:1412 flask.app.Flask.process_response event=line locals={}
2026-08-22 23:51:54.375 /testbed/src/flask/app.py:1413 flask.app.Flask.process_response event=line locals={'func': '<function TestIndirectExceptionCallGraph.test_generated_requests_exercise_error_pipeline.<locals>.global_after at 0x71487b39c040>'}
2026-08-22 23:51:54.375 /testbed/src/flask/app.py:1065 flask.app.Flask.ensure_sync event=call locals={'func': '<function TestIndirectExceptionCallGraph.test_generated_requests_exercise_error_pipeline.<locals>.global_after at 0x71487b39c040>', 'self': "<Flask 'runtime_exception_graph'>"}
2026-08-22 23:51:54.375 /testbed/src/flask/app.py:1074 flask.app.Flask.ensure_sync event=line locals={}
2026-08-22 23:51:54.375 /testbed/src/flask/app.py:1077 flask.app.Flask.ensure_sync event=line locals={}
2026-08-22 23:51:54.375 /testbed/src/flask/app.py:1077 flask.app.Flask.ensure_sync event=return retval=<function TestIndirectExceptionCallGraph.test_generated_requests_exercise_error_pipeline.<locals>.global_after at 0x71487b39c040> locals={'func': '<function TestIndirectExceptionCallGraph.test_generated_requests_exercise_error_pipeline.<locals>.global_after at 0x71487b39c040>', 'self': "<Flask 'runtime_exception_graph'>"}
2026-08-22 23:51:54.375 /testbed/src/flask/app.py:1412 flask.app.Flask.process_response event=line locals={}
2026-08-22 23:51:54.375 /testbed/src/flask/app.py:1410 flask.app.Flask.process_response event=line locals={}
2026-08-22 23:51:54.375 /testbed/src/flask/app.py:1415 flask.app.Flask.process_response event=line locals={}
2026-08-22 23:51:54.375 /testbed/src/flask/app.py:1418 flask.app.Flask.process_response event=line locals={}
2026-08-22 23:51:54.375 /testbed/src/flask/app.py:1418 flask.app.Flask.process_response event=return retval=<Response 29 bytes [500 INTERNAL SERVER ERROR]> locals={'ctx': "<AppContext 124556119465488 of runtime_exception_graph, GET 'http://localhost/generated/14'>", 'func': '<function TestIndirectExceptionCallGraph.test_generated_requests_exercise_error_pipeline.<locals>.global_after at 0x71487b39c040>', 'name': 'None', 'response': '<Response 29 bytes [500 INTERNAL SERVER ERROR]>', 'self': "<Flask 'runtime_exception_graph'>"}
2026-08-22 23:51:54.375 /testbed/src/flask/app.py:1042 flask.app.Flask.finalize_request event=line locals={}
2026-08-22 23:51:54.375 /testbed/src/flask/app.py:1043 flask.app.Flask.finalize_request event=line locals={}
2026-08-22 23:51:54.375 /testbed/src/flask/app.py:1042 flask.app.Flask.finalize_request event=line locals={}
2026-08-22 23:51:54.375 /testbed/src/flask/app.py:1051 flask.app.Flask.finalize_request event=line locals={}
2026-08-22 23:51:54.375 /testbed/src/flask/app.py:1051 flask.app.Flask.finalize_request event=return retval=<Response 29 bytes [500 INTERNAL SERVER ERROR]> locals={'ctx': "<AppContext 124556119465488 of runtime_exception_graph, GET 'http://localhost/generated/14'>", 'from_error_handler': 'True', 'response': '<Response 29 bytes [500 INTERNAL SERVER ERROR]>', 'rv': "({'checksum': 515289, 'mode': 0}, 500)", 'self': "<Flask 'runtime_exception_graph'>"}
2026-08-22 23:51:54.375 /testbed/src/flask/app.py:948 flask.app.Flask.handle_exception event=return retval=<Response 29 bytes [500 INTERNAL SERVER ERROR]> locals={'ctx': "<AppContext 124556119465488 of runtime_exception_graph, GET 'http://localhost/generated/14'>", 'e': "RuntimeError('generated failure 2a0a0')", 'exc_info': "(<class 'RuntimeError'>, RuntimeError('generated failure 2a0a0'), <traceback object at 0x71487b411f80>)", 'handler': '<function TestIndirectExceptionCallGraph.test_generated_requests_exercise_error_pipeline.<locals>.convert_unhandled_error at 0x71487b39c720>', 'propagate': 'False', 'self': "<Flask 'runtime_exception_graph'>", 'server_error': "({'checksum': 515289, 'mode': 0}, 500)"}
2026-08-22 23:51:54.384 /testbed/src/flask/app.py:1065 flask.app.Flask.ensure_sync event=call locals={'func': '<function TestIndirectExceptionCallGraph.test_generated_requests_exercise_error_pipeline.<locals>.generated_failure at 0x71487b39c9a0>', 'self': "<Flask 'runtime_exception_graph'>"}
2026-08-22 23:51:54.384 /testbed/src/flask/app.py:1074 flask.app.Flask.ensure_sync event=line locals={}
2026-08-22 23:51:54.384 /testbed/src/flask/app.py:1077 flask.app.Flask.ensure_sync event=line locals={}
2026-08-22 23:51:54.384 /testbed/src/flask/app.py:1077 flask.app.Flask.ensure_sync event=return retval=<function TestIndirectExceptionCallGraph.test_generated_requests_exercise_error_pipeline.<locals>.generated_failure at 0x71487b39c9a0> locals={'func': '<function TestIndirectExceptionCallGraph.test_generated_requests_exercise_error_pipeline.<locals>.generated_failure at 0x71487b39c9a0>', 'self': "<Flask 'runtime_exception_graph'>"}
2026-08-22 23:51:54.385 /testbed/src/flask/app.py:897 flask.app.Flask.handle_exception event=call locals={'ctx': "<AppContext 124556119430544 of runtime_exception_graph, GET 'http://localhost/generated/7'>", 'e': "RuntimeError('generated failure 50cda')", 'self': "<Flask 'runtime_exception_graph'>"}
2026-08-22 23:51:54.385 /testbed/src/flask/app.py:925 flask.app.Flask.handle_exception event=line locals={}
2026-08-22 23:51:54.385 /testbed/src/flask/app.py:926 flask.app.Flask.handle_exception event=line locals={'exc_info': "(<class 'RuntimeError'>, RuntimeError('generated failure 50cda'), <traceback object at 0x71487b4141c0>)"}
2026-08-22 23:51:54.386 /testbed/src/flask/app.py:927 flask.app.Flask.handle_exception event=line locals={}
2026-08-22 23:51:54.386 /testbed/src/flask/app.py:929 flask.app.Flask.handle_exception event=line locals={'propagate': 'False'}
2026-08-22 23:51:54.386 /testbed/src/flask/app.py:932 flask.app.Flask.handle_exception event=line locals={}
2026-08-22 23:51:54.386 /testbed/src/flask/app.py:940 flask.app.Flask.handle_exception event=line locals={}
2026-08-22 23:51:54.386 /testbed/src/flask/app.py:950 flask.app.Flask.log_exception event=call locals={'ctx': "<AppContext 124556119430544 of runtime_exception_graph, GET 'http://localhost/generated/7'>", 'exc_info': "(<class 'RuntimeError'>, RuntimeError('generated failure 50cda'), <traceback object at 0x71487b4141c0>)", 'self': "<Flask 'runtime_exception_graph'>"}
2026-08-22 23:51:54.386 /testbed/src/flask/app.py:962 flask.app.Flask.log_exception event=line locals={}
2026-08-22 23:51:54.386 /testbed/src/flask/app.py:963 flask.app.Flask.log_exception event=line locals={}
2026-08-22 23:51:54.386 /testbed/src/flask/app.py:962 flask.app.Flask.log_exception event=line locals={}
2026-08-22 23:51:54.386 /testbed/src/flask/app.py:962 flask.app.Flask.log_exception event=return retval=None locals={'ctx': "<AppContext 124556119430544 of runtime_exception_graph, GET 'http://localhost/generated/7'>", 'exc_info': "(<class 'RuntimeError'>, RuntimeError('generated failure 50cda'), <traceback object at 0x71487b4141c0>)", 'self': "<Flask 'runtime_exception_graph'>"}
2026-08-22 23:51:54.386 /testbed/src/flask/app.py:942 flask.app.Flask.handle_exception event=line locals={}
2026-08-22 23:51:54.386 /testbed/src/flask/app.py:943 flask.app.Flask.handle_exception event=line locals={'server_error': "<InternalServerError '500: Internal Server Error'>"}
2026-08-22 23:51:54.386 /testbed/src/flask/app.py:945 flask.app.Flask.handle_exception event=line locals={'handler': '<function TestIndirectExceptionCallGraph.test_generated_requests_exercise_error_pipeline.<locals>.convert_unhandled_error at 0x71487b39c720>'}
2026-08-22 23:51:54.386 /testbed/src/flask/app.py:946 flask.app.Flask.handle_exception event=line locals={}
2026-08-22 23:51:54.386 /testbed/src/flask/app.py:1065 flask.app.Flask.ensure_sync event=call locals={'func': '<function TestIndirectExceptionCallGraph.test_generated_requests_exercise_error_pipeline.<locals>.convert_unhandled_error at 0x71487b39c720>', 'self': "<Flask 'runtime_exception_graph'>"}
2026-08-22 23:51:54.386 /testbed/src/flask/app.py:1074 flask.app.Flask.ensure_sync event=line locals={}
2026-08-22 23:51:54.386 /testbed/src/flask/app.py:1077 flask.app.Flask.ensure_sync event=line locals={}
2026-08-22 23:51:54.386 /testbed/src/flask/app.py:1077 flask.app.Flask.ensure_sync event=return retval=<function TestIndirectExceptionCallGraph.test_generated_requests_exercise_error_pipeline.<locals>.convert_unhandled_error at 0x71487b39c720> locals={'func': '<function TestIndirectExceptionCallGraph.test_generated_requests_exercise_error_pipeline.<locals>.convert_unhandled_error at 0x71487b39c720>', 'self': "<Flask 'runtime_exception_graph'>"}
2026-08-22 23:51:54.387 /testbed/src/flask/app.py:948 flask.app.Flask.handle_exception event=line locals={'server_error': "('failure-10579c', '500 INTERNAL SERVER ERROR')"}
2026-08-22 23:51:54.387 /testbed/src/flask/app.py:1021 flask.app.Flask.finalize_request event=call locals={'ctx': "<AppContext 124556119430544 of runtime_exception_graph, GET 'http://localhost/generated/7'>", 'from_error_handler': 'True', 'rv': "('failure-10579c', '500 INTERNAL SERVER ERROR')", 'self': "<Flask 'runtime_exception_graph'>"}
2026-08-22 23:51:54.387 /testbed/src/flask/app.py:1039 flask.app.Flask.finalize_request event=line locals={}
2026-08-22 23:51:54.387 /testbed/src/flask/app.py:1224 flask.app.Flask.make_response event=call locals={'rv': "('failure-10579c', '500 INTERNAL SERVER ERROR')", 'self': "<Flask 'runtime_exception_graph'>"}
2026-08-22 23:51:54.387 /testbed/src/flask/app.py:1281 flask.app.Flask.make_response event=line locals={}
2026-08-22 23:51:54.387 /testbed/src/flask/app.py:1282 flask.app.Flask.make_response event=line locals={'status': 'None'}
2026-08-22 23:51:54.387 /testbed/src/flask/app.py:1285 flask.app.Flask.make_response event=line locals={'headers': 'None'}
2026-08-22 23:51:54.387 /testbed/src/flask/app.py:1286 flask.app.Flask.make_response event=line locals={}
2026-08-22 23:51:54.387 /testbed/src/flask/app.py:1289 flask.app.Flask.make_response event=line locals={'len_rv': '2'}
2026-08-22 23:51:54.387 /testbed/src/flask/app.py:1292 flask.app.Flask.make_response event=line locals={}
2026-08-22 23:51:54.387 /testbed/src/flask/app.py:1293 flask.app.Flask.make_response event=line locals={}
2026-08-22 23:51:54.387 /testbed/src/flask/app.py:1296 flask.app.Flask.make_response event=line locals={}
2026-08-22 23:51:54.387 /testbed/src/flask/app.py:1306 flask.app.Flask.make_response event=line locals={'rv': "'failure-10579c'", 'status': "'500 INTERNAL SERVER ERROR'"}
2026-08-22 23:51:54.387 /testbed/src/flask/app.py:1314 flask.app.Flask.make_response event=line locals={}
2026-08-22 23:51:54.387 /testbed/src/flask/app.py:1315 flask.app.Flask.make_response event=line locals={}
2026-08-22 23:51:54.387 /testbed/src/flask/app.py:1319 flask.app.Flask.make_response event=line locals={}
2026-08-22 23:51:54.387 /testbed/src/flask/app.py:1320 flask.app.Flask.make_response event=line locals={}
2026-08-22 23:51:54.387 /testbed/src/flask/app.py:1321 flask.app.Flask.make_response event=line locals={}
2026-08-22 23:51:54.387 /testbed/src/flask/app.py:1322 flask.app.Flask.make_response event=line locals={}
2026-08-22 23:51:54.387 /testbed/src/flask/app.py:1319 flask.app.Flask.make_response event=line locals={}
2026-08-22 23:51:54.387 /testbed/src/flask/app.py:1324 flask.app.Flask.make_response event=line locals={'rv': '<Response 14 bytes [500 INTERNAL SERVER ERROR]>'}
2026-08-22 23:51:54.387 /testbed/src/flask/app.py:1352 flask.app.Flask.make_response event=line locals={'status': 'None'}
2026-08-22 23:51:54.387 /testbed/src/flask/app.py:1354 flask.app.Flask.make_response event=line locals={}
2026-08-22 23:51:54.387 /testbed/src/flask/app.py:1361 flask.app.Flask.make_response event=line locals={}
2026-08-22 23:51:54.387 /testbed/src/flask/app.py:1364 flask.app.Flask.make_response event=line locals={}
2026-08-22 23:51:54.387 /testbed/src/flask/app.py:1364 flask.app.Flask.make_response event=return retval=<Response 14 bytes [500 INTERNAL SERVER ERROR]> locals={'headers': 'None', 'len_rv': '2', 'rv': '<Response 14 bytes [500 INTERNAL SERVER ERROR]>', 'self': "<Flask 'runtime_exception_graph'>", 'status': 'None'}
2026-08-22 23:51:54.387 /testbed/src/flask/app.py:1040 flask.app.Flask.finalize_request event=line locals={'response': '<Response 14 bytes [500 INTERNAL SERVER ERROR]>'}
2026-08-22 23:51:54.387 /testbed/src/flask/app.py:1041 flask.app.Flask.finalize_request event=line locals={}
2026-08-22 23:51:54.387 /testbed/src/flask/app.py:1394 flask.app.Flask.process_response event=call locals={'ctx': "<AppContext 124556119430544 of runtime_exception_graph, GET 'http://localhost/generated/7'>", 'response': '<Response 14 bytes [500 INTERNAL SERVER ERROR]>', 'self': "<Flask 'runtime_exception_graph'>"}
2026-08-22 23:51:54.387 /testbed/src/flask/app.py:1407 flask.app.Flask.process_response event=line locals={}
2026-08-22 23:51:54.387 /testbed/src/flask/app.py:1408 flask.app.Flask.process_response event=line locals={'func': '<function TestIndirectExceptionCallGraph.test_generated_requests_exercise_error_pipeline.<locals>.generated_failure.<locals>.local_after at 0x71487b3bf560>'}
2026-08-22 23:51:54.387 /testbed/src/flask/app.py:1065 flask.app.Flask.ensure_sync event=call locals={'func': '<function TestIndirectExceptionCallGraph.test_generated_requests_exercise_error_pipeline.<locals>.generated_failure.<locals>.local_after at 0x71487b3bf560>', 'self': "<Flask 'runtime_exception_graph'>"}
2026-08-22 23:51:54.387 /testbed/src/flask/app.py:1074 flask.app.Flask.ensure_sync event=line locals={}
2026-08-22 23:51:54.387 /testbed/src/flask/app.py:1077 flask.app.Flask.ensure_sync event=line locals={}
2026-08-22 23:51:54.387 /testbed/src/flask/app.py:1077 flask.app.Flask.ensure_sync event=return retval=<function TestIndirectExceptionCallGraph.test_generated_requests_exercise_error_pipeline.<locals>.generated_failure.<locals>.local_after at 0x71487b3bf560> locals={'func': '<function TestIndirectExceptionCallGraph.test_generated_requests_exercise_error_pipeline.<locals>.generated_failure.<locals>.local_after at 0x71487b3bf560>', 'self': "<Flask 'runtime_exception_graph'>"}
2026-08-22 23:51:54.387 /testbed/src/flask/app.py:1407 flask.app.Flask.process_response event=line locals={}
2026-08-22 23:51:54.387 /testbed/src/flask/app.py:1408 flask.app.Flask.process_response event=line locals={'func': '<function TestIndirectExceptionCallGraph.test_generated_requests_exercise_error_pipeline.<locals>.generated_failure.<locals>.local_after at 0x71487b3bd8a0>'}
2026-08-22 23:51:54.387 /testbed/src/flask/app.py:1065 flask.app.Flask.ensure_sync event=call locals={'func': '<function TestIndirectExceptionCallGraph.test_generated_requests_exercise_error_pipeline.<locals>.generated_failure.<locals>.local_after at 0x71487b3bd8a0>', 'self': "<Flask 'runtime_exception_graph'>"}
2026-08-22 23:51:54.387 /testbed/src/flask/app.py:1074 flask.app.Flask.ensure_sync event=line locals={}
2026-08-22 23:51:54.387 /testbed/src/flask/app.py:1077 flask.app.Flask.ensure_sync event=line locals={}
2026-08-22 23:51:54.387 /testbed/src/flask/app.py:1077 flask.app.Flask.ensure_sync event=return retval=<function TestIndirectExceptionCallGraph.test_generated_requests_exercise_error_pipeline.<locals>.generated_failure.<locals>.local_after at 0x71487b3bd8a0> locals={'func': '<function TestIndirectExceptionCallGraph.test_generated_requests_exercise_error_pipeline.<locals>.generated_failure.<locals>.local_after at 0x71487b3bd8a0>', 'self': "<Flask 'runtime_exception_graph'>"}
2026-08-22 23:51:54.387 /testbed/src/flask/app.py:1407 flask.app.Flask.process_response event=line locals={}
2026-08-22 23:51:54.387 /testbed/src/flask/app.py:1408 flask.app.Flask.process_response event=line locals={'func': '<function TestIndirectExceptionCallGraph.test_generated_requests_exercise_error_pipeline.<locals>.generated_failure.<locals>.local_after at 0x71487b3bd260>'}
2026-08-22 23:51:54.387 /testbed/src/flask/app.py:1065 flask.app.Flask.ensure_sync event=call locals={'func': '<function TestIndirectExceptionCallGraph.test_generated_requests_exercise_error_pipeline.<locals>.generated_failure.<locals>.local_after at 0x71487b3bd260>', 'self': "<Flask 'runtime_exception_graph'>"}
2026-08-22 23:51:54.388 /testbed/src/flask/app.py:1074 flask.app.Flask.ensure_sync event=line locals={}
2026-08-22 23:51:54.388 /testbed/src/flask/app.py:1077 flask.app.Flask.ensure_sync event=line locals={}
2026-08-22 23:51:54.388 /testbed/src/flask/app.py:1077 flask.app.Flask.ensure_sync event=return retval=<function TestIndirectExceptionCallGraph.test_generated_requests_exercise_error_pipeline.<locals>.generated_failure.<locals>.local_after at 0x71487b3bd260> locals={'func': '<function TestIndirectExceptionCallGraph.test_generated_requests_exercise_error_pipeline.<locals>.generated_failure.<locals>.local_after at 0x71487b3bd260>', 'self': "<Flask 'runtime_exception_graph'>"}
2026-08-22 23:51:54.388 /testbed/src/flask/app.py:1407 flask.app.Flask.process_response event=line locals={}
2026-08-22 23:51:54.388 /testbed/src/flask/app.py:1408 flask.app.Flask.process_response event=line locals={'func': '<function TestIndirectExceptionCallGraph.test_generated_requests_exercise_error_pipeline.<locals>.generated_failure.<locals>.local_after at 0x71487b3bd440>'}
2026-08-22 23:51:54.388 /testbed/src/flask/app.py:1065 flask.app.Flask.ensure_sync event=call locals={'func': '<function TestIndirectExceptionCallGraph.test_generated_requests_exercise_error_pipeline.<locals>.generated_failure.<locals>.local_after at 0x71487b3bd440>', 'self': "<Flask 'runtime_exception_graph'>"}
2026-08-22 23:51:54.388 /testbed/src/flask/app.py:1074 flask.app.Flask.ensure_sync event=line locals={}
2026-08-22 23:51:54.388 /testbed/src/flask/app.py:1077 flask.app.Flask.ensure_sync event=line locals={}
2026-08-22 23:51:54.388 /testbed/src/flask/app.py:1077 flask.app.Flask.ensure_sync event=return retval=<function TestIndirectExceptionCallGraph.test_generated_requests_exercise_error_pipeline.<locals>.generated_failure.<locals>.local_after at 0x71487b3bd440> locals={'func': '<function TestIndirectExceptionCallGraph.test_generated_requests_exercise_error_pipeline.<locals>.generated_failure.<locals>.local_after at 0x71487b3bd440>', 'self': "<Flask 'runtime_exception_graph'>"}
2026-08-22 23:51:54.388 /testbed/src/flask/app.py:1407 flask.app.Flask.process_response event=line locals={}
2026-08-22 23:51:54.388 /testbed/src/flask/app.py:1408 flask.app.Flask.process_response event=line locals={'func': '<function TestIndirectExceptionCallGraph.test_generated_requests_exercise_error_pipeline.<locals>.generated_failure.<locals>.local_after at 0x71487b3bd4e0>'}
2026-08-22 23:51:54.388 /testbed/src/flask/app.py:1065 flask.app.Flask.ensure_sync event=call locals={'func': '<function TestIndirectExceptionCallGraph.test_generated_requests_exercise_error_pipeline.<locals>.generated_failure.<locals>.local_after at 0x71487b3bd4e0>', 'self': "<Flask 'runtime_exception_graph'>"}
2026-08-22 23:51:54.388 /testbed/src/flask/app.py:1074 flask.app.Flask.ensure_sync event=line locals={}
2026-08-22 23:51:54.388 /testbed/src/flask/app.py:1077 flask.app.Flask.ensure_sync event=line locals={}
2026-08-22 23:51:54.388 /testbed/src/flask/app.py:1077 flask.app.Flask.ensure_sync event=return retval=<function TestIndirectExceptionCallGraph.test_generated_requests_exercise_error_pipeline.<locals>.generated_failure.<locals>.local_after at 0x71487b3bd4e0> locals={'func': '<function TestIndirectExceptionCallGraph.test_generated_requests_exercise_error_pipeline.<locals>.generated_failure.<locals>.local_after at 0x71487b3bd4e0>', 'self': "<Flask 'runtime_exception_graph'>"}
2026-08-22 23:51:54.388 /testbed/src/flask/app.py:1407 flask.app.Flask.process_response event=line locals={}
2026-08-22 23:51:54.388 /testbed/src/flask/app.py:1408 flask.app.Flask.process_response event=line locals={'func': '<function TestIndirectExceptionCallGraph.test_generated_requests_exercise_error_pipeline.<locals>.generated_failure.<locals>.local_after at 0x71487b3bd580>'}
2026-08-22 23:51:54.388 /testbed/src/flask/app.py:1065 flask.app.Flask.ensure_sync event=call locals={'func': '<function TestIndirectExceptionCallGraph.test_generated_requests_exercise_error_pipeline.<locals>.generated_failure.<locals>.local_after at 0x71487b3bd580>', 'self': "<Flask 'runtime_exception_graph'>"}
2026-08-22 23:51:54.388 /testbed/src/flask/app.py:1074 flask.app.Flask.ensure_sync event=line locals={}
2026-08-22 23:51:54.388 /testbed/src/flask/app.py:1077 flask.app.Flask.ensure_sync event=line locals={}
2026-08-22 23:51:54.388 /testbed/src/flask/app.py:1077 flask.app.Flask.ensure_sync event=return retval=<function TestIndirectExceptionCallGraph.test_generated_requests_exercise_error_pipeline.<locals>.generated_failure.<locals>.local_after at 0x71487b3bd580> locals={'func': '<function TestIndirectExceptionCallGraph.test_generated_requests_exercise_error_pipeline.<locals>.generated_failure.<locals>.local_after at 0x71487b3bd580>', 'self': "<Flask 'runtime_exception_graph'>"}
2026-08-22 23:51:54.388 /testbed/src/flask/app.py:1407 flask.app.Flask.process_response event=line locals={}
2026-08-22 23:51:54.388 /testbed/src/flask/app.py:1408 flask.app.Flask.process_response event=line locals={'func': '<function TestIndirectExceptionCallGraph.test_generated_requests_exercise_error_pipeline.<locals>.generated_failure.<locals>.local_after at 0x71487b3bd620>'}
2026-08-22 23:51:54.388 /testbed/src/flask/app.py:1065 flask.app.Flask.ensure_sync event=call locals={'func': '<function TestIndirectExceptionCallGraph.test_generated_requests_exercise_error_pipeline.<locals>.generated_failure.<locals>.local_after at 0x71487b3bd620>', 'self': "<Flask 'runtime_exception_graph'>"}
2026-08-22 23:51:54.388 /testbed/src/flask/app.py:1074 flask.app.Flask.ensure_sync event=line locals={}
2026-08-22 23:51:54.388 /testbed/src/flask/app.py:1077 flask.app.Flask.ensure_sync event=line locals={}
2026-08-22 23:51:54.388 /testbed/src/flask/app.py:1077 flask.app.Flask.ensure_sync event=return retval=<function TestIndirectExceptionCallGraph.test_generated_requests_exercise_error_pipeline.<locals>.generated_failure.<locals>.local_after at 0x71487b3bd620> locals={'func': '<function TestIndirectExceptionCallGraph.test_generated_requests_exercise_error_pipeline.<locals>.generated_failure.<locals>.local_after at 0x71487b3bd620>', 'self': "<Flask 'runtime_exception_graph'>"}
2026-08-22 23:51:54.388 /testbed/src/flask/app.py:1407 flask.app.Flask.process_response event=line locals={}
2026-08-22 23:51:54.388 /testbed/src/flask/app.py:1408 flask.app.Flask.process_response event=line locals={'func': '<function TestIndirectExceptionCallGraph.test_generated_requests_exercise_error_pipeline.<locals>.generated_failure.<locals>.local_after at 0x71487b3bce00>'}
2026-08-22 23:51:54.388 /testbed/src/flask/app.py:1065 flask.app.Flask.ensure_sync event=call locals={'func': '<function TestIndirectExceptionCallGraph.test_generated_requests_exercise_error_pipeline.<locals>.generated_failure.<locals>.local_after at 0x71487b3bce00>', 'self': "<Flask 'runtime_exception_graph'>"}
2026-08-22 23:51:54.388 /testbed/src/flask/app.py:1074 flask.app.Flask.ensure_sync event=line locals={}
2026-08-22 23:51:54.388 /testbed/src/flask/app.py:1077 flask.app.Flask.ensure_sync event=line locals={}
2026-08-22 23:51:54.388 /testbed/src/flask/app.py:1077 flask.app.Flask.ensure_sync event=return retval=<function TestIndirectExceptionCallGraph.test_generated_requests_exercise_error_pipeline.<locals>.generated_failure.<locals>.local_after at 0x71487b3bce00> locals={'func': '<function TestIndirectExceptionCallGraph.test_generated_requests_exercise_error_pipeline.<locals>.generated_failure.<locals>.local_after at 0x71487b3bce00>', 'self': "<Flask 'runtime_exception_graph'>"}
2026-08-22 23:51:54.388 /testbed/src/flask/app.py:1407 flask.app.Flask.process_response event=line locals={}
2026-08-22 23:51:54.388 /testbed/src/flask/app.py:1408 flask.app.Flask.process_response event=line locals={'func': '<function TestIndirectExceptionCallGraph.test_generated_requests_exercise_error_pipeline.<locals>.generated_failure.<locals>.local_after at 0x71487b3bf420>'}
2026-08-22 23:51:54.388 /testbed/src/flask/app.py:1065 flask.app.Flask.ensure_sync event=call locals={'func': '<function TestIndirectExceptionCallGraph.test_generated_requests_exercise_error_pipeline.<locals>.generated_failure.<locals>.local_after at 0x71487b3bf420>', 'self': "<Flask 'runtime_exception_graph'>"}
2026-08-22 23:51:54.388 /testbed/src/flask/app.py:1074 flask.app.Flask.ensure_sync event=line locals={}
2026-08-22 23:51:54.388 /testbed/src/flask/app.py:1077 flask.app.Flask.ensure_sync event=line locals={}
2026-08-22 23:51:54.388 /testbed/src/flask/app.py:1077 flask.app.Flask.ensure_sync event=return retval=<function TestIndirectExceptionCallGraph.test_generated_requests_exercise_error_pipeline.<locals>.generated_failure.<locals>.local_after at 0x71487b3bf420> locals={'func': '<function TestIndirectExceptionCallGraph.test_generated_requests_exercise_error_pipeline.<locals>.generated_failure.<locals>.local_after at 0x71487b3bf420>', 'self': "<Flask 'runtime_exception_graph'>"}
2026-08-22 23:51:54.388 /testbed/src/flask/app.py:1407 flask.app.Flask.process_response event=line locals={}
2026-08-22 23:51:54.388 /testbed/src/flask/app.py:1408 flask.app.Flask.process_response event=line locals={'func': '<function TestIndirectExceptionCallGraph.test_generated_requests_exercise_error_pipeline.<locals>.generated_failure.<locals>.local_after at 0x71487b3bd6c0>'}
2026-08-22 23:51:54.388 /testbed/src/flask/app.py:1065 flask.app.Flask.ensure_sync event=call locals={'func': '<function TestIndirectExceptionCallGraph.test_generated_requests_exercise_error_pipeline.<locals>.generated_failure.<locals>.local_after at 0x71487b3bd6c0>', 'self': "<Flask 'runtime_exception_graph'>"}
2026-08-22 23:51:54.389 /testbed/src/flask/app.py:1074 flask.app.Flask.ensure_sync event=line locals={}
2026-08-22 23:51:54.389 /testbed/src/flask/app.py:1077 flask.app.Flask.ensure_sync event=line locals={}
2026-08-22 23:51:54.389 /testbed/src/flask/app.py:1077 flask.app.Flask.ensure_sync event=return retval=<function TestIndirectExceptionCallGraph.test_generated_requests_exercise_error_pipeline.<locals>.generated_failure.<locals>.local_after at 0x71487b3bd6c0> locals={'func': '<function TestIndirectExceptionCallGraph.test_generated_requests_exercise_error_pipeline.<locals>.generated_failure.<locals>.local_after at 0x71487b3bd6c0>', 'self': "<Flask 'runtime_exception_graph'>"}
2026-08-22 23:51:54.389 /testbed/src/flask/app.py:1407 flask.app.Flask.process_response event=line locals={}
2026-08-22 23:51:54.389 /testbed/src/flask/app.py:1408 flask.app.Flask.process_response event=line locals={'func': '<function TestIndirectExceptionCallGraph.test_generated_requests_exercise_error_pipeline.<locals>.generated_failure.<locals>.local_after at 0x71487b3bdee0>'}
2026-08-22 23:51:54.389 /testbed/src/flask/app.py:1065 flask.app.Flask.ensure_sync event=call locals={'func': '<function TestIndirectExceptionCallGraph.test_generated_requests_exercise_error_pipeline.<locals>.generated_failure.<locals>.local_after at 0x71487b3bdee0>', 'self': "<Flask 'runtime_exception_graph'>"}
2026-08-22 23:51:54.389 /testbed/src/flask/app.py:1074 flask.app.Flask.ensure_sync event=line locals={}
2026-08-22 23:51:54.389 /testbed/src/flask/app.py:1077 flask.app.Flask.ensure_sync event=line locals={}
2026-08-22 23:51:54.389 /testbed/src/flask/app.py:1077 flask.app.Flask.ensure_sync event=return retval=<function TestIndirectExceptionCallGraph.test_generated_requests_exercise_error_pipeline.<locals>.generated_failure.<locals>.local_after at 0x71487b3bdee0> locals={'func': '<function TestIndirectExceptionCallGraph.test_generated_requests_exercise_error_pipeline.<locals>.generated_failure.<locals>.local_after at 0x71487b3bdee0>', 'self': "<Flask 'runtime_exception_graph'>"}
2026-08-22 23:51:54.389 /testbed/src/flask/app.py:1407 flask.app.Flask.process_response event=line locals={}
2026-08-22 23:51:54.389 /testbed/src/flask/app.py:1408 flask.app.Flask.process_response event=line locals={'func': '<function TestIndirectExceptionCallGraph.test_generated_requests_exercise_error_pipeline.<locals>.generated_failure.<locals>.local_after at 0x71487b3bdbc0>'}
2026-08-22 23:51:54.389 /testbed/src/flask/app.py:1065 flask.app.Flask.ensure_sync event=call locals={'func': '<function TestIndirectExceptionCallGraph.test_generated_requests_exercise_error_pipeline.<locals>.generated_failure.<locals>.local_after at 0x71487b3bdbc0>', 'self': "<Flask 'runtime_exception_graph'>"}
2026-08-22 23:51:54.389 /testbed/src/flask/app.py:1074 flask.app.Flask.ensure_sync event=line locals={}
2026-08-22 23:51:54.389 /testbed/src/flask/app.py:1077 flask.app.Flask.ensure_sync event=line locals={}
2026-08-22 23:51:54.389 /testbed/src/flask/app.py:1077 flask.app.Flask.ensure_sync event=return retval=<function TestIndirectExceptionCallGraph.test_generated_requests_exercise_error_pipeline.<locals>.generated_failure.<locals>.local_after at 0x71487b3bdbc0> locals={'func': '<function TestIndirectExceptionCallGraph.test_generated_requests_exercise_error_pipeline.<locals>.generated_failure.<locals>.local_after at 0x71487b3bdbc0>', 'self': "<Flask 'runtime_exception_graph'>"}
2026-08-22 23:51:54.389 /testbed/src/flask/app.py:1407 flask.app.Flask.process_response event=line locals={}
2026-08-22 23:51:54.389 /testbed/src/flask/app.py:1408 flask.app.Flask.process_response event=line locals={'func': '<function TestIndirectExceptionCallGraph.test_generated_requests_exercise_error_pipeline.<locals>.generated_failure.<locals>.local_after at 0x71487b3be0c0>'}
2026-08-22 23:51:54.389 /testbed/src/flask/app.py:1065 flask.app.Flask.ensure_sync event=call locals={'func': '<function TestIndirectExceptionCallGraph.test_generated_requests_exercise_error_pipeline.<locals>.generated_failure.<locals>.local_after at 0x71487b3be0c0>', 'self': "<Flask 'runtime_exception_graph'>"}
2026-08-22 23:51:54.389 /testbed/src/flask/app.py:1074 flask.app.Flask.ensure_sync event=line locals={}
2026-08-22 23:51:54.389 /testbed/src/flask/app.py:1077 flask.app.Flask.ensure_sync event=line locals={}
2026-08-22 23:51:54.389 /testbed/src/flask/app.py:1077 flask.app.Flask.ensure_sync event=return retval=<function TestIndirectExceptionCallGraph.test_generated_requests_exercise_error_pipeline.<locals>.generated_failure.<locals>.local_after at 0x71487b3be0c0> locals={'func': '<function TestIndirectExceptionCallGraph.test_generated_requests_exercise_error_pipeline.<locals>.generated_failure.<locals>.local_after at 0x71487b3be0c0>', 'self': "<Flask 'runtime_exception_graph'>"}
2026-08-22 23:51:54.389 /testbed/src/flask/app.py:1407 flask.app.Flask.process_response event=line locals={}
2026-08-22 23:51:54.389 /testbed/src/flask/app.py:1408 flask.app.Flask.process_response event=line locals={'func': '<function TestIndirectExceptionCallGraph.test_generated_requests_exercise_error_pipeline.<locals>.generated_failure.<locals>.local_after at 0x71487b3bd3a0>'}
2026-08-22 23:51:54.389 /testbed/src/flask/app.py:1065 flask.app.Flask.ensure_sync event=call locals={'func': '<function TestIndirectExceptionCallGraph.test_generated_requests_exercise_error_pipeline.<locals>.generated_failure.<locals>.local_after at 0x71487b3bd3a0>', 'self': "<Flask 'runtime_exception_graph'>"}
2026-08-22 23:51:54.389 /testbed/src/flask/app.py:1074 flask.app.Flask.ensure_sync event=line locals={}
2026-08-22 23:51:54.389 /testbed/src/flask/app.py:1077 flask.app.Flask.ensure_sync event=line locals={}
2026-08-22 23:51:54.389 /testbed/src/flask/app.py:1077 flask.app.Flask.ensure_sync event=return retval=<function TestIndirectExceptionCallGraph.test_generated_requests_exercise_error_pipeline.<locals>.generated_failure.<locals>.local_after at 0x71487b3bd3a0> locals={'func': '<function TestIndirectExceptionCallGraph.test_generated_requests_exercise_error_pipeline.<locals>.generated_failure.<locals>.local_after at 0x71487b3bd3a0>', 'self': "<Flask 'runtime_exception_graph'>"}
2026-08-22 23:51:54.389 /testbed/src/flask/app.py:1407 flask.app.Flask.process_response event=line locals={}
2026-08-22 23:51:54.389 /testbed/src/flask/app.py:1408 flask.app.Flask.process_response event=line locals={'func': '<function TestIndirectExceptionCallGraph.test_generated_requests_exercise_error_pipeline.<locals>.generated_failure.<locals>.local_after at 0x71487b3be160>'}
2026-08-22 23:51:54.389 /testbed/src/flask/app.py:1065 flask.app.Flask.ensure_sync event=call locals={'func': '<function TestIndirectExceptionCallGraph.test_generated_requests_exercise_error_pipeline.<locals>.generated_failure.<locals>.local_after at 0x71487b3be160>', 'self': "<Flask 'runtime_exception_graph'>"}
2026-08-22 23:51:54.389 /testbed/src/flask/app.py:1074 flask.app.Flask.ensure_sync event=line locals={}
2026-08-22 23:51:54.389 /testbed/src/flask/app.py:1077 flask.app.Flask.ensure_sync event=line locals={}
2026-08-22 23:51:54.389 /testbed/src/flask/app.py:1077 flask.app.Flask.ensure_sync event=return retval=<function TestIndirectExceptionCallGraph.test_generated_requests_exercise_error_pipeline.<locals>.generated_failure.<locals>.local_after at 0x71487b3be160> locals={'func': '<function TestIndirectExceptionCallGraph.test_generated_requests_exercise_error_pipeline.<locals>.generated_failure.<locals>.local_after at 0x71487b3be160>', 'self': "<Flask 'runtime_exception_graph'>"}
2026-08-22 23:51:54.389 /testbed/src/flask/app.py:1407 flask.app.Flask.process_response event=line locals={}
2026-08-22 23:51:54.389 /testbed/src/flask/app.py:1410 flask.app.Flask.process_response event=line locals={}
2026-08-22 23:51:54.389 /testbed/src/flask/app.py:1411 flask.app.Flask.process_response event=line locals={'name': 'None'}
2026-08-22 23:51:54.389 /testbed/src/flask/app.py:1412 flask.app.Flask.process_response event=line locals={}
2026-08-22 23:51:54.390 /testbed/src/flask/app.py:1413 flask.app.Flask.process_response event=line locals={'func': '<function TestIndirectExceptionCallGraph.test_generated_requests_exercise_error_pipeline.<locals>.global_after at 0x71487b39c5e0>'}
2026-08-22 23:51:54.390 /testbed/src/flask/app.py:1065 flask.app.Flask.ensure_sync event=call locals={'func': '<function TestIndirectExceptionCallGraph.test_generated_requests_exercise_error_pipeline.<locals>.global_after at 0x71487b39c5e0>', 'self': "<Flask 'runtime_exception_graph'>"}
2026-08-22 23:51:54.390 /testbed/src/flask/app.py:1074 flask.app.Flask.ensure_sync event=line locals={}
2026-08-22 23:51:54.390 /testbed/src/flask/app.py:1077 flask.app.Flask.ensure_sync event=line locals={}
2026-08-22 23:51:54.390 /testbed/src/flask/app.py:1077 flask.app.Flask.ensure_sync event=return retval=<function TestIndirectExceptionCallGraph.test_generated_requests_exercise_error_pipeline.<locals>.global_after at 0x71487b39c5e0> locals={'func': '<function TestIndirectExceptionCallGraph.test_generated_requests_exercise_error_pipeline.<locals>.global_after at 0x71487b39c5e0>', 'self': "<Flask 'runtime_exception_graph'>"}
2026-08-22 23:51:54.390 /testbed/src/flask/app.py:1412 flask.app.Flask.process_response event=line locals={}
2026-08-22 23:51:54.390 /testbed/src/flask/app.py:1413 flask.app.Flask.process_response event=line locals={'func': '<function TestIndirectExceptionCallGraph.test_generated_requests_exercise_error_pipeline.<locals>.global_after at 0x71487b39c540>'}
2026-08-22 23:51:54.390 /testbed/src/flask/app.py:1065 flask.app.Flask.ensure_sync event=call locals={'func': '<function TestIndirectExceptionCallGraph.test_generated_requests_exercise_error_pipeline.<locals>.global_after at 0x71487b39c540>', 'self': "<Flask 'runtime_exception_graph'>"}
2026-08-22 23:51:54.390 /testbed/src/flask/app.py:1074 flask.app.Flask.ensure_sync event=line locals={}
2026-08-22 23:51:54.390 /testbed/src/flask/app.py:1077 flask.app.Flask.ensure_sync event=line locals={}
2026-08-22 23:51:54.390 /testbed/src/flask/app.py:1077 flask.app.Flask.ensure_sync event=return retval=<function TestIndirectExceptionCallGraph.test_generated_requests_exercise_error_pipeline.<locals>.global_after at 0x71487b39c540> locals={'func': '<function TestIndirectExceptionCallGraph.test_generated_requests_exercise_error_pipeline.<locals>.global_after at 0x71487b39c540>', 'self': "<Flask 'runtime_exception_graph'>"}
2026-08-22 23:51:54.390 /testbed/src/flask/app.py:1412 flask.app.Flask.process_response event=line locals={}
2026-08-22 23:51:54.390 /testbed/src/flask/app.py:1413 flask.app.Flask.process_response event=line locals={'func': '<function TestIndirectExceptionCallGraph.test_generated_requests_exercise_error_pipeline.<locals>.global_after at 0x71487b39c4a0>'}
2026-08-22 23:51:54.390 /testbed/src/flask/app.py:1065 flask.app.Flask.ensure_sync event=call locals={'func': '<function TestIndirectExceptionCallGraph.test_generated_requests_exercise_error_pipeline.<locals>.global_after at 0x71487b39c4a0>', 'self': "<Flask 'runtime_exception_graph'>"}
2026-08-22 23:51:54.390 /testbed/src/flask/app.py:1074 flask.app.Flask.ensure_sync event=line locals={}
2026-08-22 23:51:54.390 /testbed/src/flask/app.py:1077 flask.app.Flask.ensure_sync event=line locals={}
2026-08-22 23:51:54.390 /testbed/src/flask/app.py:1077 flask.app.Flask.ensure_sync event=return retval=<function TestIndirectExceptionCallGraph.test_generated_requests_exercise_error_pipeline.<locals>.global_after at 0x71487b39c4a0> locals={'func': '<function TestIndirectExceptionCallGraph.test_generated_requests_exercise_error_pipeline.<locals>.global_after at 0x71487b39c4a0>', 'self': "<Flask 'runtime_exception_graph'>"}
2026-08-22 23:51:54.390 /testbed/src/flask/app.py:1412 flask.app.Flask.process_response event=line locals={}
2026-08-22 23:51:54.390 /testbed/src/flask/app.py:1413 flask.app.Flask.process_response event=line locals={'func': '<function TestIndirectExceptionCallGraph.test_generated_requests_exercise_error_pipeline.<locals>.global_after at 0x71487b39c400>'}
2026-08-22 23:51:54.390 /testbed/src/flask/app.py:1065 flask.app.Flask.ensure_sync event=call locals={'func': '<function TestIndirectExceptionCallGraph.test_generated_requests_exercise_error_pipeline.<locals>.global_after at 0x71487b39c400>', 'self': "<Flask 'runtime_exception_graph'>"}
2026-08-22 23:51:54.390 /testbed/src/flask/app.py:1074 flask.app.Flask.ensure_sync event=line locals={}
2026-08-22 23:51:54.390 /testbed/src/flask/app.py:1077 flask.app.Flask.ensure_sync event=line locals={}
2026-08-22 23:51:54.390 /testbed/src/flask/app.py:1077 flask.app.Flask.ensure_sync event=return retval=<function TestIndirectExceptionCallGraph.test_generated_requests_exercise_error_pipeline.<locals>.global_after at 0x71487b39c400> locals={'func': '<function TestIndirectExceptionCallGraph.test_generated_requests_exercise_error_pipeline.<locals>.global_after at 0x71487b39c400>', 'self': "<Flask 'runtime_exception_graph'>"}
2026-08-22 23:51:54.390 /testbed/src/flask/app.py:1412 flask.app.Flask.process_response event=line locals={}
2026-08-22 23:51:54.390 /testbed/src/flask/app.py:1413 flask.app.Flask.process_response event=line locals={'func': '<function TestIndirectExceptionCallGraph.test_generated_requests_exercise_error_pipeline.<locals>.global_after at 0x71487b39c360>'}
2026-08-22 23:51:54.390 /testbed/src/flask/app.py:1065 flask.app.Flask.ensure_sync event=call locals={'func': '<function TestIndirectExceptionCallGraph.test_generated_requests_exercise_error_pipeline.<locals>.global_after at 0x71487b39c360>', 'self': "<Flask 'runtime_exception_graph'>"}
2026-08-22 23:51:54.390 /testbed/src/flask/app.py:1074 flask.app.Flask.ensure_sync event=line locals={}
2026-08-22 23:51:54.390 /testbed/src/flask/app.py:1077 flask.app.Flask.ensure_sync event=line locals={}
2026-08-22 23:51:54.390 /testbed/src/flask/app.py:1077 flask.app.Flask.ensure_sync event=return retval=<function TestIndirectExceptionCallGraph.test_generated_requests_exercise_error_pipeline.<locals>.global_after at 0x71487b39c360> locals={'func': '<function TestIndirectExceptionCallGraph.test_generated_requests_exercise_error_pipeline.<locals>.global_after at 0x71487b39c360>', 'self': "<Flask 'runtime_exception_graph'>"}
2026-08-22 23:51:54.390 /testbed/src/flask/app.py:1412 flask.app.Flask.process_response event=line locals={}
2026-08-22 23:51:54.390 /testbed/src/flask/app.py:1413 flask.app.Flask.process_response event=line locals={'func': '<function TestIndirectExceptionCallGraph.test_generated_requests_exercise_error_pipeline.<locals>.global_after at 0x71487b39c2c0>'}
2026-08-22 23:51:54.390 /testbed/src/flask/app.py:1065 flask.app.Flask.ensure_sync event=call locals={'func': '<function TestIndirectExceptionCallGraph.test_generated_requests_exercise_error_pipeline.<locals>.global_after at 0x71487b39c2c0>', 'self': "<Flask 'runtime_exception_graph'>"}
2026-08-22 23:51:54.390 /testbed/src/flask/app.py:1074 flask.app.Flask.ensure_sync event=line locals={}
2026-08-22 23:51:54.390 /testbed/src/flask/app.py:1077 flask.app.Flask.ensure_sync event=line locals={}
2026-08-22 23:51:54.390 /testbed/src/flask/app.py:1077 flask.app.Flask.ensure_sync event=return retval=<function TestIndirectExceptionCallGraph.test_generated_requests_exercise_error_pipeline.<locals>.global_after at 0x71487b39c2c0> locals={'func': '<function TestIndirectExceptionCallGraph.test_generated_requests_exercise_error_pipeline.<locals>.global_after at 0x71487b39c2c0>', 'self': "<Flask 'runtime_exception_graph'>"}
2026-08-22 23:51:54.390 /testbed/src/flask/app.py:1412 flask.app.Flask.process_response event=line locals={}
2026-08-22 23:51:54.390 /testbed/src/flask/app.py:1413 flask.app.Flask.process_response event=line locals={'func': '<function TestIndirectExceptionCallGraph.test_generated_requests_exercise_error_pipeline.<locals>.global_after at 0x71487b39c220>'}
2026-08-22 23:51:54.390 /testbed/src/flask/app.py:1065 flask.app.Flask.ensure_sync event=call locals={'func': '<function TestIndirectExceptionCallGraph.test_generated_requests_exercise_error_pipeline.<locals>.global_after at 0x71487b39c220>', 'self': "<Flask 'runtime_exception_graph'>"}
2026-08-22 23:51:54.390 /testbed/src/flask/app.py:1074 flask.app.Flask.ensure_sync event=line locals={}
2026-08-22 23:51:54.390 /testbed/src/flask/app.py:1077 flask.app.Flask.ensure_sync event=line locals={}
2026-08-22 23:51:54.390 /testbed/src/flask/app.py:1077 flask.app.Flask.ensure_sync event=return retval=<function TestIndirectExceptionCallGraph.test_generated_requests_exercise_error_pipeline.<locals>.global_after at 0x71487b39c220> locals={'func': '<function TestIndirectExceptionCallGraph.test_generated_requests_exercise_error_pipeline.<locals>.global_after at 0x71487b39c220>', 'self': "<Flask 'runtime_exception_graph'>"}
2026-08-22 23:51:54.391 /testbed/src/flask/app.py:1412 flask.app.Flask.process_response event=line locals={}
2026-08-22 23:51:54.391 /testbed/src/flask/app.py:1413 flask.app.Flask.process_response event=line locals={'func': '<function TestIndirectExceptionCallGraph.test_generated_requests_exercise_error_pipeline.<locals>.global_after at 0x71487b39c180>'}
2026-08-22 23:51:54.391 /testbed/src/flask/app.py:1065 flask.app.Flask.ensure_sync event=call locals={'func': '<function TestIndirectExceptionCallGraph.test_generated_requests_exercise_error_pipeline.<locals>.global_after at 0x71487b39c180>', 'self': "<Flask 'runtime_exception_graph'>"}
2026-08-22 23:51:54.391 /testbed/src/flask/app.py:1074 flask.app.Flask.ensure_sync event=line locals={}
2026-08-22 23:51:54.391 /testbed/src/flask/app.py:1077 flask.app.Flask.ensure_sync event=line locals={}
2026-08-22 23:51:54.391 /testbed/src/flask/app.py:1077 flask.app.Flask.ensure_sync event=return retval=<function TestIndirectExceptionCallGraph.test_generated_requests_exercise_error_pipeline.<locals>.global_after at 0x71487b39c180> locals={'func': '<function TestIndirectExceptionCallGraph.test_generated_requests_exercise_error_pipeline.<locals>.global_after at 0x71487b39c180>', 'self': "<Flask 'runtime_exception_graph'>"}
2026-08-22 23:51:54.391 /testbed/src/flask/app.py:1412 flask.app.Flask.process_response event=line locals={}
2026-08-22 23:51:54.391 /testbed/src/flask/app.py:1413 flask.app.Flask.process_response event=line locals={'func': '<function TestIndirectExceptionCallGraph.test_generated_requests_exercise_error_pipeline.<locals>.global_after at 0x71487b39c040>'}
2026-08-22 23:51:54.391 /testbed/src/flask/app.py:1065 flask.app.Flask.ensure_sync event=call locals={'func': '<function TestIndirectExceptionCallGraph.test_generated_requests_exercise_error_pipeline.<locals>.global_after at 0x71487b39c040>', 'self': "<Flask 'runtime_exception_graph'>"}
2026-08-22 23:51:54.391 /testbed/src/flask/app.py:1074 flask.app.Flask.ensure_sync event=line locals={}
2026-08-22 23:51:54.391 /testbed/src/flask/app.py:1077 flask.app.Flask.ensure_sync event=line locals={}
2026-08-22 23:51:54.391 /testbed/src/flask/app.py:1077 flask.app.Flask.ensure_sync event=return retval=<function TestIndirectExceptionCallGraph.test_generated_requests_exercise_error_pipeline.<locals>.global_after at 0x71487b39c040> locals={'func': '<function TestIndirectExceptionCallGraph.test_generated_requests_exercise_error_pipeline.<locals>.global_after at 0x71487b39c040>', 'self': "<Flask 'runtime_exception_graph'>"}
2026-08-22 23:51:54.391 /testbed/src/flask/app.py:1412 flask.app.Flask.process_response event=line locals={}
2026-08-22 23:51:54.391 /testbed/src/flask/app.py:1410 flask.app.Flask.process_response event=line locals={}
2026-08-22 23:51:54.391 /testbed/src/flask/app.py:1415 flask.app.Flask.process_response event=line locals={}
2026-08-22 23:51:54.391 /testbed/src/flask/app.py:1418 flask.app.Flask.process_response event=line locals={}
2026-08-22 23:51:54.391 /testbed/src/flask/app.py:1418 flask.app.Flask.process_response event=return retval=<Response 14 bytes [500 INTERNAL SERVER ERROR]> locals={'ctx': "<AppContext 124556119430544 of runtime_exception_graph, GET 'http://localhost/generated/7'>", 'func': '<function TestIndirectExceptionCallGraph.test_generated_requests_exercise_error_pipeline.<locals>.global_after at 0x71487b39c040>', 'name': 'None', 'response': '<Response 14 bytes [500 INTERNAL SERVER ERROR]>', 'self': "<Flask 'runtime_exception_graph'>"}
2026-08-22 23:51:54.391 /testbed/src/flask/app.py:1042 flask.app.Flask.finalize_request event=line locals={}
2026-08-22 23:51:54.391 /testbed/src/flask/app.py:1043 flask.app.Flask.finalize_request event=line locals={}
2026-08-22 23:51:54.391 /testbed/src/flask/app.py:1042 flask.app.Flask.finalize_request event=line locals={}
2026-08-22 23:51:54.391 /testbed/src/flask/app.py:1051 flask.app.Flask.finalize_request event=line locals={}
2026-08-22 23:51:54.391 /testbed/src/flask/app.py:1051 flask.app.Flask.finalize_request event=return retval=<Response 14 bytes [500 INTERNAL SERVER ERROR]> locals={'ctx': "<AppContext 124556119430544 of runtime_exception_graph, GET 'http://localhost/generated/7'>", 'from_error_handler': 'True', 'response': '<Response 14 bytes [500 INTERNAL SERVER ERROR]>', 'rv': "('failure-10579c', '500 INTERNAL SERVER ERROR')", 'self': "<Flask 'runtime_exception_graph'>"}
2026-08-22 23:51:54.391 /testbed/src/flask/app.py:948 flask.app.Flask.handle_exception event=return retval=<Response 14 bytes [500 INTERNAL SERVER ERROR]> locals={'ctx': "<AppContext 124556119430544 of runtime_exception_graph, GET 'http://localhost/generated/7'>", 'e': "RuntimeError('generated failure 50cda')", 'exc_info': "(<class 'RuntimeError'>, RuntimeError('generated failure 50cda'), <traceback object at 0x71487b4141c0>)", 'handler': '<function TestIndirectExceptionCallGraph.test_generated_requests_exercise_error_pipeline.<locals>.convert_unhandled_error at 0x71487b39c720>', 'propagate': 'False', 'self': "<Flask 'runtime_exception_graph'>", 'server_error': "('failure-10579c', '500 INTERNAL SERVER ERROR')"}
2026-08-22 23:51:54.401 /testbed/src/flask/app.py:1065 flask.app.Flask.ensure_sync event=call locals={'func': '<function TestIndirectExceptionCallGraph.test_generated_requests_exercise_error_pipeline.<locals>.generated_failure at 0x71487b39c9a0>', 'self': "<Flask 'runtime_exception_graph'>"}
2026-08-22 23:51:54.401 /testbed/src/flask/app.py:1074 flask.app.Flask.ensure_sync event=line locals={}
2026-08-22 23:51:54.401 /testbed/src/flask/app.py:1077 flask.app.Flask.ensure_sync event=line locals={}
2026-08-22 23:51:54.401 /testbed/src/flask/app.py:1077 flask.app.Flask.ensure_sync event=return retval=<function TestIndirectExceptionCallGraph.test_generated_requests_exercise_error_pipeline.<locals>.generated_failure at 0x71487b39c9a0> locals={'func': '<function TestIndirectExceptionCallGraph.test_generated_requests_exercise_error_pipeline.<locals>.generated_failure at 0x71487b39c9a0>', 'self': "<Flask 'runtime_exception_graph'>"}
2026-08-22 23:51:54.402 /testbed/src/flask/app.py:897 flask.app.Flask.handle_exception event=call locals={'ctx': "<AppContext 124556119472464 of runtime_exception_graph, GET 'http://localhost/generated/13'>", 'e': "RuntimeError('generated failure cab63')", 'self': "<Flask 'runtime_exception_graph'>"}
2026-08-22 23:51:54.402 /testbed/src/flask/app.py:925 flask.app.Flask.handle_exception event=line locals={}
2026-08-22 23:51:54.402 /testbed/src/flask/app.py:926 flask.app.Flask.handle_exception event=line locals={'exc_info': "(<class 'RuntimeError'>, RuntimeError('generated failure cab63'), <traceback object at 0x71487b418740>)"}
2026-08-22 23:51:54.403 /testbed/src/flask/app.py:927 flask.app.Flask.handle_exception event=line locals={}
2026-08-22 23:51:54.403 /testbed/src/flask/app.py:929 flask.app.Flask.handle_exception event=line locals={'propagate': 'False'}
2026-08-22 23:51:54.403 /testbed/src/flask/app.py:932 flask.app.Flask.handle_exception event=line locals={}
2026-08-22 23:51:54.403 /testbed/src/flask/app.py:940 flask.app.Flask.handle_exception event=line locals={}
2026-08-22 23:51:54.403 /testbed/src/flask/app.py:950 flask.app.Flask.log_exception event=call locals={'ctx': "<AppContext 124556119472464 of runtime_exception_graph, GET 'http://localhost/generated/13'>", 'exc_info': "(<class 'RuntimeError'>, RuntimeError('generated failure cab63'), <traceback object at 0x71487b418740>)", 'self': "<Flask 'runtime_exception_graph'>"}
2026-08-22 23:51:54.403 /testbed/src/flask/app.py:962 flask.app.Flask.log_exception event=line locals={}
2026-08-22 23:51:54.403 /testbed/src/flask/app.py:963 flask.app.Flask.log_exception event=line locals={}
2026-08-22 23:51:54.403 /testbed/src/flask/app.py:962 flask.app.Flask.log_exception event=line locals={}
2026-08-22 23:51:54.403 /testbed/src/flask/app.py:962 flask.app.Flask.log_exception event=return retval=None locals={'ctx': "<AppContext 124556119472464 of runtime_exception_graph, GET 'http://localhost/generated/13'>", 'exc_info': "(<class 'RuntimeError'>, RuntimeError('generated failure cab63'), <traceback object at 0x71487b418740>)", 'self': "<Flask 'runtime_exception_graph'>"}
2026-08-22 23:51:54.403 /testbed/src/flask/app.py:942 flask.app.Flask.handle_exception event=line locals={}
2026-08-22 23:51:54.403 /testbed/src/flask/app.py:943 flask.app.Flask.handle_exception event=line locals={'server_error': "<InternalServerError '500: Internal Server Error'>"}
2026-08-22 23:51:54.403 /testbed/src/flask/app.py:945 flask.app.Flask.handle_exception event=line locals={'handler': '<function TestIndirectExceptionCallGraph.test_generated_requests_exercise_error_pipeline.<locals>.convert_unhandled_error at 0x71487b39c720>'}
2026-08-22 23:51:54.403 /testbed/src/flask/app.py:946 flask.app.Flask.handle_exception event=line locals={}
2026-08-22 23:51:54.403 /testbed/src/flask/app.py:1065 flask.app.Flask.ensure_sync event=call locals={'func': '<function TestIndirectExceptionCallGraph.test_generated_requests_exercise_error_pipeline.<locals>.convert_unhandled_error at 0x71487b39c720>', 'self': "<Flask 'runtime_exception_graph'>"}
2026-08-22 23:51:54.403 /testbed/src/flask/app.py:1074 flask.app.Flask.ensure_sync event=line locals={}
2026-08-22 23:51:54.403 /testbed/src/flask/app.py:1077 flask.app.Flask.ensure_sync event=line locals={}
2026-08-22 23:51:54.403 /testbed/src/flask/app.py:1077 flask.app.Flask.ensure_sync event=return retval=<function TestIndirectExceptionCallGraph.test_generated_requests_exercise_error_pipeline.<locals>.convert_unhandled_error at 0x71487b39c720> locals={'func': '<function TestIndirectExceptionCallGraph.test_generated_requests_exercise_error_pipeline.<locals>.convert_unhandled_error at 0x71487b39c720>', 'self': "<Flask 'runtime_exception_graph'>"}
2026-08-22 23:51:54.403 /testbed/src/flask/app.py:948 flask.app.Flask.handle_exception event=line locals={'server_error': "({'checksum': 824723, 'mode': 0}, 500)"}
2026-08-22 23:51:54.403 /testbed/src/flask/app.py:1021 flask.app.Flask.finalize_request event=call locals={'ctx': "<AppContext 124556119472464 of runtime_exception_graph, GET 'http://localhost/generated/13'>", 'from_error_handler': 'True', 'rv': "({'checksum': 824723, 'mode': 0}, 500)", 'self': "<Flask 'runtime_exception_graph'>"}
2026-08-22 23:51:54.403 /testbed/src/flask/app.py:1039 flask.app.Flask.finalize_request event=line locals={}
2026-08-22 23:51:54.403 /testbed/src/flask/app.py:1224 flask.app.Flask.make_response event=call locals={'rv': "({'checksum': 824723, 'mode': 0}, 500)", 'self': "<Flask 'runtime_exception_graph'>"}
2026-08-22 23:51:54.403 /testbed/src/flask/app.py:1281 flask.app.Flask.make_response event=line locals={}
2026-08-22 23:51:54.403 /testbed/src/flask/app.py:1282 flask.app.Flask.make_response event=line locals={'status': 'None'}
2026-08-22 23:51:54.403 /testbed/src/flask/app.py:1285 flask.app.Flask.make_response event=line locals={'headers': 'None'}
2026-08-22 23:51:54.403 /testbed/src/flask/app.py:1286 flask.app.Flask.make_response event=line locals={}
2026-08-22 23:51:54.403 /testbed/src/flask/app.py:1289 flask.app.Flask.make_response event=line locals={'len_rv': '2'}
2026-08-22 23:51:54.403 /testbed/src/flask/app.py:1292 flask.app.Flask.make_response event=line locals={}
2026-08-22 23:51:54.403 /testbed/src/flask/app.py:1293 flask.app.Flask.make_response event=line locals={}
2026-08-22 23:51:54.403 /testbed/src/flask/app.py:1296 flask.app.Flask.make_response event=line locals={}
2026-08-22 23:51:54.403 /testbed/src/flask/app.py:1306 flask.app.Flask.make_response event=line locals={'rv': "{'checksum': 824723, 'mode': 0}", 'status': '500'}
2026-08-22 23:51:54.404 /testbed/src/flask/app.py:1314 flask.app.Flask.make_response event=line locals={}
2026-08-22 23:51:54.404 /testbed/src/flask/app.py:1315 flask.app.Flask.make_response event=line locals={}
2026-08-22 23:51:54.404 /testbed/src/flask/app.py:1325 flask.app.Flask.make_response event=line locals={}
2026-08-22 23:51:54.404 /testbed/src/flask/app.py:1326 flask.app.Flask.make_response event=line locals={}
2026-08-22 23:51:54.404 /testbed/src/flask/app.py:1352 flask.app.Flask.make_response event=line locals={'rv': '<Response 29 bytes [200 OK]>'}
2026-08-22 23:51:54.404 /testbed/src/flask/app.py:1354 flask.app.Flask.make_response event=line locals={}
2026-08-22 23:51:54.404 /testbed/src/flask/app.py:1355 flask.app.Flask.make_response event=line locals={}
2026-08-22 23:51:54.404 /testbed/src/flask/app.py:1358 flask.app.Flask.make_response event=line locals={}
2026-08-22 23:51:54.404 /testbed/src/flask/app.py:1361 flask.app.Flask.make_response event=line locals={'rv': '<Response 29 bytes [500 INTERNAL SERVER ERROR]>'}
2026-08-22 23:51:54.404 /testbed/src/flask/app.py:1364 flask.app.Flask.make_response event=line locals={}
2026-08-22 23:51:54.404 /testbed/src/flask/app.py:1364 flask.app.Flask.make_response event=return retval=<Response 29 bytes [500 INTERNAL SERVER ERROR]> locals={'headers': 'None', 'len_rv': '2', 'rv': '<Response 29 bytes [500 INTERNAL SERVER ERROR]>', 'self': "<Flask 'runtime_exception_graph'>", 'status': '500'}
2026-08-22 23:51:54.404 /testbed/src/flask/app.py:1040 flask.app.Flask.finalize_request event=line locals={'response': '<Response 29 bytes [500 INTERNAL SERVER ERROR]>'}
2026-08-22 23:51:54.404 /testbed/src/flask/app.py:1041 flask.app.Flask.finalize_request event=line locals={}
2026-08-22 23:51:54.404 /testbed/src/flask/app.py:1394 flask.app.Flask.process_response event=call locals={'ctx': "<AppContext 124556119472464 of runtime_exception_graph, GET 'http://localhost/generated/13'>", 'response': '<Response 29 bytes [500 INTERNAL SERVER ERROR]>', 'self': "<Flask 'runtime_exception_graph'>"}
2026-08-22 23:51:54.404 /testbed/src/flask/app.py:1407 flask.app.Flask.process_response event=line locals={}
2026-08-22 23:51:54.404 /testbed/src/flask/app.py:1408 flask.app.Flask.process_response event=line locals={'func': '<function TestIndirectExceptionCallGraph.test_generated_requests_exercise_error_pipeline.<locals>.generated_failure.<locals>.local_after at 0x71487b3bda80>'}
2026-08-22 23:51:54.404 /testbed/src/flask/app.py:1065 flask.app.Flask.ensure_sync event=call locals={'func': '<function TestIndirectExceptionCallGraph.test_generated_requests_exercise_error_pipeline.<locals>.generated_failure.<locals>.local_after at 0x71487b3bda80>', 'self': "<Flask 'runtime_exception_graph'>"}
2026-08-22 23:51:54.404 /testbed/src/flask/app.py:1074 flask.app.Flask.ensure_sync event=line locals={}
2026-08-22 23:51:54.404 /testbed/src/flask/app.py:1077 flask.app.Flask.ensure_sync event=line locals={}
2026-08-22 23:51:54.404 /testbed/src/flask/app.py:1077 flask.app.Flask.ensure_sync event=return retval=<function TestIndirectExceptionCallGraph.test_generated_requests_exercise_error_pipeline.<locals>.generated_failure.<locals>.local_after at 0x71487b3bda80> locals={'func': '<function TestIndirectExceptionCallGraph.test_generated_requests_exercise_error_pipeline.<locals>.generated_failure.<locals>.local_after at 0x71487b3bda80>', 'self': "<Flask 'runtime_exception_graph'>"}
2026-08-22 23:51:54.404 /testbed/src/flask/app.py:1407 flask.app.Flask.process_response event=line locals={}
2026-08-22 23:51:54.404 /testbed/src/flask/app.py:1408 flask.app.Flask.process_response event=line locals={'func': '<function TestIndirectExceptionCallGraph.test_generated_requests_exercise_error_pipeline.<locals>.generated_failure.<locals>.local_after at 0x71487b3be020>'}
2026-08-22 23:51:54.404 /testbed/src/flask/app.py:1065 flask.app.Flask.ensure_sync event=call locals={'func': '<function TestIndirectExceptionCallGraph.test_generated_requests_exercise_error_pipeline.<locals>.generated_failure.<locals>.local_after at 0x71487b3be020>', 'self': "<Flask 'runtime_exception_graph'>"}
2026-08-22 23:51:54.404 /testbed/src/flask/app.py:1074 flask.app.Flask.ensure_sync event=line locals={}
2026-08-22 23:51:54.404 /testbed/src/flask/app.py:1077 flask.app.Flask.ensure_sync event=line locals={}
2026-08-22 23:51:54.404 /testbed/src/flask/app.py:1077 flask.app.Flask.ensure_sync event=return retval=<function TestIndirectExceptionCallGraph.test_generated_requests_exercise_error_pipeline.<locals>.generated_failure.<locals>.local_after at 0x71487b3be020> locals={'func': '<function TestIndirectExceptionCallGraph.test_generated_requests_exercise_error_pipeline.<locals>.generated_failure.<locals>.local_after at 0x71487b3be020>', 'self': "<Flask 'runtime_exception_graph'>"}
2026-08-22 23:51:54.405 /testbed/src/flask/app.py:1407 flask.app.Flask.process_response event=line locals={}
2026-08-22 23:51:54.405 /testbed/src/flask/app.py:1408 flask.app.Flask.process_response event=line locals={'func': '<function TestIndirectExceptionCallGraph.test_generated_requests_exercise_error_pipeline.<locals>.generated_failure.<locals>.local_after at 0x71487b3bdf80>'}
2026-08-22 23:51:54.405 /testbed/src/flask/app.py:1065 flask.app.Flask.ensure_sync event=call locals={'func': '<function TestIndirectExceptionCallGraph.test_generated_requests_exercise_error_pipeline.<locals>.generated_failure.<locals>.local_after at 0x71487b3bdf80>', 'self': "<Flask 'runtime_exception_graph'>"}
2026-08-22 23:51:54.405 /testbed/src/flask/app.py:1074 flask.app.Flask.ensure_sync event=line locals={}
2026-08-22 23:51:54.405 /testbed/src/flask/app.py:1077 flask.app.Flask.ensure_sync event=line locals={}
2026-08-22 23:51:54.405 /testbed/src/flask/app.py:1077 flask.app.Flask.ensure_sync event=return retval=<function TestIndirectExceptionCallGraph.test_generated_requests_exercise_error_pipeline.<locals>.generated_failure.<locals>.local_after at 0x71487b3bdf80> locals={'func': '<function TestIndirectExceptionCallGraph.test_generated_requests_exercise_error_pipeline.<locals>.generated_failure.<locals>.local_after at 0x71487b3bdf80>', 'self': "<Flask 'runtime_exception_graph'>"}
2026-08-22 23:51:54.405 /testbed/src/flask/app.py:1407 flask.app.Flask.process_response event=line locals={}
2026-08-22 23:51:54.405 /testbed/src/flask/app.py:1408 flask.app.Flask.process_response event=line locals={'func': '<function TestIndirectExceptionCallGraph.test_generated_requests_exercise_error_pipeline.<locals>.generated_failure.<locals>.local_after at 0x71487b3bdda0>'}
2026-08-22 23:51:54.405 /testbed/src/flask/app.py:1065 flask.app.Flask.ensure_sync event=call locals={'func': '<function TestIndirectExceptionCallGraph.test_generated_requests_exercise_error_pipeline.<locals>.generated_failure.<locals>.local_after at 0x71487b3bdda0>', 'self': "<Flask 'runtime_exception_graph'>"}
2026-08-22 23:51:54.405 /testbed/src/flask/app.py:1074 flask.app.Flask.ensure_sync event=line locals={}
2026-08-22 23:51:54.405 /testbed/src/flask/app.py:1077 flask.app.Flask.ensure_sync event=line locals={}
2026-08-22 23:51:54.405 /testbed/src/flask/app.py:1077 flask.app.Flask.ensure_sync event=return retval=<function TestIndirectExceptionCallGraph.test_generated_requests_exercise_error_pipeline.<locals>.generated_failure.<locals>.local_after at 0x71487b3bdda0> locals={'func': '<function TestIndirectExceptionCallGraph.test_generated_requests_exercise_error_pipeline.<locals>.generated_failure.<locals>.local_after at 0x71487b3bdda0>', 'self': "<Flask 'runtime_exception_graph'>"}
2026-08-22 23:51:54.405 /testbed/src/flask/app.py:1407 flask.app.Flask.process_response event=line locals={}
2026-08-22 23:51:54.405 /testbed/src/flask/app.py:1408 flask.app.Flask.process_response event=line locals={'func': '<function TestIndirectExceptionCallGraph.test_generated_requests_exercise_error_pipeline.<locals>.generated_failure.<locals>.local_after at 0x71487b3beca0>'}
2026-08-22 23:51:54.405 /testbed/src/flask/app.py:1065 flask.app.Flask.ensure_sync event=call locals={'func': '<function TestIndirectExceptionCallGraph.test_generated_requests_exercise_error_pipeline.<locals>.generated_failure.<locals>.local_after at 0x71487b3beca0>', 'self': "<Flask 'runtime_exception_graph'>"}
2026-08-22 23:51:54.405 /testbed/src/flask/app.py:1074 flask.app.Flask.ensure_sync event=line locals={}
2026-08-22 23:51:54.405 /testbed/src/flask/app.py:1077 flask.app.Flask.ensure_sync event=line locals={}
2026-08-22 23:51:54.405 /testbed/src/flask/app.py:1077 flask.app.Flask.ensure_sync event=return retval=<function TestIndirectExceptionCallGraph.test_generated_requests_exercise_error_pipeline.<locals>.generated_failure.<locals>.local_after at 0x71487b3beca0> locals={'func': '<function TestIndirectExceptionCallGraph.test_generated_requests_exercise_error_pipeline.<locals>.generated_failure.<locals>.local_after at 0x71487b3beca0>', 'self': "<Flask 'runtime_exception_graph'>"}
2026-08-22 23:51:54.405 /testbed/src/flask/app.py:1407 flask.app.Flask.process_response event=line locals={}
2026-08-22 23:51:54.405 /testbed/src/flask/app.py:1408 flask.app.Flask.process_response event=line locals={'func': '<function TestIndirectExceptionCallGraph.test_generated_requests_exercise_error_pipeline.<locals>.generated_failure.<locals>.local_after at 0x71487b3be2a0>'}
2026-08-22 23:51:54.405 /testbed/src/flask/app.py:1065 flask.app.Flask.ensure_sync event=call locals={'func': '<function TestIndirectExceptionCallGraph.test_generated_requests_exercise_error_pipeline.<locals>.generated_failure.<locals>.local_after at 0x71487b3be2a0>', 'self': "<Flask 'runtime_exception_graph'>"}
2026-08-22 23:51:54.405 /testbed/src/flask/app.py:1074 flask.app.Flask.ensure_sync event=line locals={}
2026-08-22 23:51:54.405 /testbed/src/flask/app.py:1077 flask.app.Flask.ensure_sync event=line locals={}
2026-08-22 23:51:54.405 /testbed/src/flask/app.py:1077 flask.app.Flask.ensure_sync event=return retval=<function TestIndirectExceptionCallGraph.test_generated_requests_exercise_error_pipeline.<locals>.generated_failure.<locals>.local_after at 0x71487b3be2a0> locals={'func': '<function TestIndirectExceptionCallGraph.test_generated_requests_exercise_error_pipeline.<locals>.generated_failure.<locals>.local_after at 0x71487b3be2a0>', 'self': "<Flask 'runtime_exception_graph'>"}
2026-08-22 23:51:54.405 /testbed/src/flask/app.py:1407 flask.app.Flask.process_response event=line locals={}
2026-08-22 23:51:54.405 /testbed/src/flask/app.py:1408 flask.app.Flask.process_response event=line locals={'func': '<function TestIndirectExceptionCallGraph.test_generated_requests_exercise_error_pipeline.<locals>.generated_failure.<locals>.local_after at 0x71487b3beac0>'}
2026-08-22 23:51:54.405 /testbed/src/flask/app.py:1065 flask.app.Flask.ensure_sync event=call locals={'func': '<function TestIndirectExceptionCallGraph.test_generated_requests_exercise_error_pipeline.<locals>.generated_failure.<locals>.local_after at 0x71487b3beac0>', 'self': "<Flask 'runtime_exception_graph'>"}
2026-08-22 23:51:54.405 /testbed/src/flask/app.py:1074 flask.app.Flask.ensure_sync event=line locals={}
2026-08-22 23:51:54.405 /testbed/src/flask/app.py:1077 flask.app.Flask.ensure_sync event=line locals={}
2026-08-22 23:51:54.405 /testbed/src/flask/app.py:1077 flask.app.Flask.ensure_sync event=return retval=<function TestIndirectExceptionCallGraph.test_generated_requests_exercise_error_pipeline.<locals>.generated_failure.<locals>.local_after at 0x71487b3beac0> locals={'func': '<function TestIndirectExceptionCallGraph.test_generated_requests_exercise_error_pipeline.<locals>.generated_failure.<locals>.local_after at 0x71487b3beac0>', 'self': "<Flask 'runtime_exception_graph'>"}
2026-08-22 23:51:54.405 /testbed/src/flask/app.py:1407 flask.app.Flask.process_response event=line locals={}
2026-08-22 23:51:54.405 /testbed/src/flask/app.py:1408 flask.app.Flask.process_response event=line locals={'func': '<function TestIndirectExceptionCallGraph.test_generated_requests_exercise_error_pipeline.<locals>.generated_failure.<locals>.local_after at 0x71487b3be480>'}
2026-08-22 23:51:54.405 /testbed/src/flask/app.py:1065 flask.app.Flask.ensure_sync event=call locals={'func': '<function TestIndirectExceptionCallGraph.test_generated_requests_exercise_error_pipeline.<locals>.generated_failure.<locals>.local_after at 0x71487b3be480>', 'self': "<Flask 'runtime_exception_graph'>"}
2026-08-22 23:51:54.405 /testbed/src/flask/app.py:1074 flask.app.Flask.ensure_sync event=line locals={}
2026-08-22 23:51:54.405 /testbed/src/flask/app.py:1077 flask.app.Flask.ensure_sync event=line locals={}
2026-08-22 23:51:54.405 /testbed/src/flask/app.py:1077 flask.app.Flask.ensure_sync event=return retval=<function TestIndirectExceptionCallGraph.test_generated_requests_exercise_error_pipeline.<locals>.generated_failure.<locals>.local_after at 0x71487b3be480> locals={'func': '<function TestIndirectExceptionCallGraph.test_generated_requests_exercise_error_pipeline.<locals>.generated_failure.<locals>.local_after at 0x71487b3be480>', 'self': "<Flask 'runtime_exception_graph'>"}
2026-08-22 23:51:54.405 /testbed/src/flask/app.py:1407 flask.app.Flask.process_response event=line locals={}
2026-08-22 23:51:54.405 /testbed/src/flask/app.py:1408 flask.app.Flask.process_response event=line locals={'func': '<function TestIndirectExceptionCallGraph.test_generated_requests_exercise_error_pipeline.<locals>.generated_failure.<locals>.local_after at 0x71487b3bd940>'}
2026-08-22 23:51:54.405 /testbed/src/flask/app.py:1065 flask.app.Flask.ensure_sync event=call locals={'func': '<function TestIndirectExceptionCallGraph.test_generated_requests_exercise_error_pipeline.<locals>.generated_failure.<locals>.local_after at 0x71487b3bd940>', 'self': "<Flask 'runtime_exception_graph'>"}
2026-08-22 23:51:54.405 /testbed/src/flask/app.py:1074 flask.app.Flask.ensure_sync event=line locals={}
2026-08-22 23:51:54.405 /testbed/src/flask/app.py:1077 flask.app.Flask.ensure_sync event=line locals={}
2026-08-22 23:51:54.405 /testbed/src/flask/app.py:1077 flask.app.Flask.ensure_sync event=return retval=<function TestIndirectExceptionCallGraph.test_generated_requests_exercise_error_pipeline.<locals>.generated_failure.<locals>.local_after at 0x71487b3bd940> locals={'func': '<function TestIndirectExceptionCallGraph.test_generated_requests_exercise_error_pipeline.<locals>.generated_failure.<locals>.local_after at 0x71487b3bd940>', 'self': "<Flask 'runtime_exception_graph'>"}
2026-08-22 23:51:54.406 /testbed/src/flask/app.py:1407 flask.app.Flask.process_response event=line locals={}
2026-08-22 23:51:54.406 /testbed/src/flask/app.py:1408 flask.app.Flask.process_response event=line locals={'func': '<function TestIndirectExceptionCallGraph.test_generated_requests_exercise_error_pipeline.<locals>.generated_failure.<locals>.local_after at 0x71487b3be520>'}
2026-08-22 23:51:54.406 /testbed/src/flask/app.py:1065 flask.app.Flask.ensure_sync event=call locals={'func': '<function TestIndirectExceptionCallGraph.test_generated_requests_exercise_error_pipeline.<locals>.generated_failure.<locals>.local_after at 0x71487b3be520>', 'self': "<Flask 'runtime_exception_graph'>"}
2026-08-22 23:51:54.406 /testbed/src/flask/app.py:1074 flask.app.Flask.ensure_sync event=line locals={}
2026-08-22 23:51:54.406 /testbed/src/flask/app.py:1077 flask.app.Flask.ensure_sync event=line locals={}
2026-08-22 23:51:54.406 /testbed/src/flask/app.py:1077 flask.app.Flask.ensure_sync event=return retval=<function TestIndirectExceptionCallGraph.test_generated_requests_exercise_error_pipeline.<locals>.generated_failure.<locals>.local_after at 0x71487b3be520> locals={'func': '<function TestIndirectExceptionCallGraph.test_generated_requests_exercise_error_pipeline.<locals>.generated_failure.<locals>.local_after at 0x71487b3be520>', 'self': "<Flask 'runtime_exception_graph'>"}
2026-08-22 23:51:54.406 /testbed/src/flask/app.py:1407 flask.app.Flask.process_response event=line locals={}
2026-08-22 23:51:54.406 /testbed/src/flask/app.py:1408 flask.app.Flask.process_response event=line locals={'func': '<function TestIndirectExceptionCallGraph.test_generated_requests_exercise_error_pipeline.<locals>.generated_failure.<locals>.local_after at 0x71487b3bd800>'}
2026-08-22 23:51:54.406 /testbed/src/flask/app.py:1065 flask.app.Flask.ensure_sync event=call locals={'func': '<function TestIndirectExceptionCallGraph.test_generated_requests_exercise_error_pipeline.<locals>.generated_failure.<locals>.local_after at 0x71487b3bd800>', 'self': "<Flask 'runtime_exception_graph'>"}
2026-08-22 23:51:54.406 /testbed/src/flask/app.py:1074 flask.app.Flask.ensure_sync event=line locals={}
2026-08-22 23:51:54.406 /testbed/src/flask/app.py:1077 flask.app.Flask.ensure_sync event=line locals={}
2026-08-22 23:51:54.406 /testbed/src/flask/app.py:1077 flask.app.Flask.ensure_sync event=return retval=<function TestIndirectExceptionCallGraph.test_generated_requests_exercise_error_pipeline.<locals>.generated_failure.<locals>.local_after at 0x71487b3bd800> locals={'func': '<function TestIndirectExceptionCallGraph.test_generated_requests_exercise_error_pipeline.<locals>.generated_failure.<locals>.local_after at 0x71487b3bd800>', 'self': "<Flask 'runtime_exception_graph'>"}
2026-08-22 23:51:54.406 /testbed/src/flask/app.py:1407 flask.app.Flask.process_response event=line locals={}
2026-08-22 23:51:54.406 /testbed/src/flask/app.py:1408 flask.app.Flask.process_response event=line locals={'func': '<function TestIndirectExceptionCallGraph.test_generated_requests_exercise_error_pipeline.<locals>.generated_failure.<locals>.local_after at 0x71487b3bdd00>'}
2026-08-22 23:51:54.406 /testbed/src/flask/app.py:1065 flask.app.Flask.ensure_sync event=call locals={'func': '<function TestIndirectExceptionCallGraph.test_generated_requests_exercise_error_pipeline.<locals>.generated_failure.<locals>.local_after at 0x71487b3bdd00>', 'self': "<Flask 'runtime_exception_graph'>"}
2026-08-22 23:51:54.406 /testbed/src/flask/app.py:1074 flask.app.Flask.ensure_sync event=line locals={}
2026-08-22 23:51:54.406 /testbed/src/flask/app.py:1077 flask.app.Flask.ensure_sync event=line locals={}
2026-08-22 23:51:54.406 /testbed/src/flask/app.py:1077 flask.app.Flask.ensure_sync event=return retval=<function TestIndirectExceptionCallGraph.test_generated_requests_exercise_error_pipeline.<locals>.generated_failure.<locals>.local_after at 0x71487b3bdd00> locals={'func': '<function TestIndirectExceptionCallGraph.test_generated_requests_exercise_error_pipeline.<locals>.generated_failure.<locals>.local_after at 0x71487b3bdd00>', 'self': "<Flask 'runtime_exception_graph'>"}
2026-08-22 23:51:54.406 /testbed/src/flask/app.py:1407 flask.app.Flask.process_response event=line locals={}
2026-08-22 23:51:54.406 /testbed/src/flask/app.py:1408 flask.app.Flask.process_response event=line locals={'func': '<function TestIndirectExceptionCallGraph.test_generated_requests_exercise_error_pipeline.<locals>.generated_failure.<locals>.local_after at 0x71487b3be8e0>'}
2026-08-22 23:51:54.406 /testbed/src/flask/app.py:1065 flask.app.Flask.ensure_sync event=call locals={'func': '<function TestIndirectExceptionCallGraph.test_generated_requests_exercise_error_pipeline.<locals>.generated_failure.<locals>.local_after at 0x71487b3be8e0>', 'self': "<Flask 'runtime_exception_graph'>"}
2026-08-22 23:51:54.406 /testbed/src/flask/app.py:1074 flask.app.Flask.ensure_sync event=line locals={}
2026-08-22 23:51:54.406 /testbed/src/flask/app.py:1077 flask.app.Flask.ensure_sync event=line locals={}
2026-08-22 23:51:54.406 /testbed/src/flask/app.py:1077 flask.app.Flask.ensure_sync event=return retval=<function TestIndirectExceptionCallGraph.test_generated_requests_exercise_error_pipeline.<locals>.generated_failure.<locals>.local_after at 0x71487b3be8e0> locals={'func': '<function TestIndirectExceptionCallGraph.test_generated_requests_exercise_error_pipeline.<locals>.generated_failure.<locals>.local_after at 0x71487b3be8e0>', 'self': "<Flask 'runtime_exception_graph'>"}
2026-08-22 23:51:54.406 /testbed/src/flask/app.py:1407 flask.app.Flask.process_response event=line locals={}
2026-08-22 23:51:54.406 /testbed/src/flask/app.py:1408 flask.app.Flask.process_response event=line locals={'func': '<function TestIndirectExceptionCallGraph.test_generated_requests_exercise_error_pipeline.<locals>.generated_failure.<locals>.local_after at 0x71487b3be200>'}
2026-08-22 23:51:54.406 /testbed/src/flask/app.py:1065 flask.app.Flask.ensure_sync event=call locals={'func': '<function TestIndirectExceptionCallGraph.test_generated_requests_exercise_error_pipeline.<locals>.generated_failure.<locals>.local_after at 0x71487b3be200>', 'self': "<Flask 'runtime_exception_graph'>"}
2026-08-22 23:51:54.406 /testbed/src/flask/app.py:1074 flask.app.Flask.ensure_sync event=line locals={}
2026-08-22 23:51:54.406 /testbed/src/flask/app.py:1077 flask.app.Flask.ensure_sync event=line locals={}
2026-08-22 23:51:54.406 /testbed/src/flask/app.py:1077 flask.app.Flask.ensure_sync event=return retval=<function TestIndirectExceptionCallGraph.test_generated_requests_exercise_error_pipeline.<locals>.generated_failure.<locals>.local_after at 0x71487b3be200> locals={'func': '<function TestIndirectExceptionCallGraph.test_generated_requests_exercise_error_pipeline.<locals>.generated_failure.<locals>.local_after at 0x71487b3be200>', 'self': "<Flask 'runtime_exception_graph'>"}
2026-08-22 23:51:54.406 /testbed/src/flask/app.py:1407 flask.app.Flask.process_response event=line locals={}
2026-08-22 23:51:54.406 /testbed/src/flask/app.py:1408 flask.app.Flask.process_response event=line locals={'func': '<function TestIndirectExceptionCallGraph.test_generated_requests_exercise_error_pipeline.<locals>.generated_failure.<locals>.local_after at 0x71487b3bf380>'}
2026-08-22 23:51:54.406 /testbed/src/flask/app.py:1065 flask.app.Flask.ensure_sync event=call locals={'func': '<function TestIndirectExceptionCallGraph.test_generated_requests_exercise_error_pipeline.<locals>.generated_failure.<locals>.local_after at 0x71487b3bf380>', 'self': "<Flask 'runtime_exception_graph'>"}
2026-08-22 23:51:54.406 /testbed/src/flask/app.py:1074 flask.app.Flask.ensure_sync event=line locals={}
2026-08-22 23:51:54.406 /testbed/src/flask/app.py:1077 flask.app.Flask.ensure_sync event=line locals={}
2026-08-22 23:51:54.406 /testbed/src/flask/app.py:1077 flask.app.Flask.ensure_sync event=return retval=<function TestIndirectExceptionCallGraph.test_generated_requests_exercise_error_pipeline.<locals>.generated_failure.<locals>.local_after at 0x71487b3bf380> locals={'func': '<function TestIndirectExceptionCallGraph.test_generated_requests_exercise_error_pipeline.<locals>.generated_failure.<locals>.local_after at 0x71487b3bf380>', 'self': "<Flask 'runtime_exception_graph'>"}
2026-08-22 23:51:54.406 /testbed/src/flask/app.py:1407 flask.app.Flask.process_response event=line locals={}
2026-08-22 23:51:54.406 /testbed/src/flask/app.py:1410 flask.app.Flask.process_response event=line locals={}
2026-08-22 23:51:54.407 /testbed/src/flask/app.py:1411 flask.app.Flask.process_response event=line locals={'name': 'None'}
2026-08-22 23:51:54.407 /testbed/src/flask/app.py:1412 flask.app.Flask.process_response event=line locals={}
2026-08-22 23:51:54.407 /testbed/src/flask/app.py:1413 flask.app.Flask.process_response event=line locals={'func': '<function TestIndirectExceptionCallGraph.test_generated_requests_exercise_error_pipeline.<locals>.global_after at 0x71487b39c5e0>'}
2026-08-22 23:51:54.407 /testbed/src/flask/app.py:1065 flask.app.Flask.ensure_sync event=call locals={'func': '<function TestIndirectExceptionCallGraph.test_generated_requests_exercise_error_pipeline.<locals>.global_after at 0x71487b39c5e0>', 'self': "<Flask 'runtime_exception_graph'>"}
2026-08-22 23:51:54.407 /testbed/src/flask/app.py:1074 flask.app.Flask.ensure_sync event=line locals={}
2026-08-22 23:51:54.407 /testbed/src/flask/app.py:1077 flask.app.Flask.ensure_sync event=line locals={}
2026-08-22 23:51:54.407 /testbed/src/flask/app.py:1077 flask.app.Flask.ensure_sync event=return retval=<function TestIndirectExceptionCallGraph.test_generated_requests_exercise_error_pipeline.<locals>.global_after at 0x71487b39c5e0> locals={'func': '<function TestIndirectExceptionCallGraph.test_generated_requests_exercise_error_pipeline.<locals>.global_after at 0x71487b39c5e0>', 'self': "<Flask 'runtime_exception_graph'>"}
2026-08-22 23:51:54.407 /testbed/src/flask/app.py:1412 flask.app.Flask.process_response event=line locals={}
2026-08-22 23:51:54.407 /testbed/src/flask/app.py:1413 flask.app.Flask.process_response event=line locals={'func': '<function TestIndirectExceptionCallGraph.test_generated_requests_exercise_error_pipeline.<locals>.global_after at 0x71487b39c540>'}
2026-08-22 23:51:54.407 /testbed/src/flask/app.py:1065 flask.app.Flask.ensure_sync event=call locals={'func': '<function TestIndirectExceptionCallGraph.test_generated_requests_exercise_error_pipeline.<locals>.global_after at 0x71487b39c540>', 'self': "<Flask 'runtime_exception_graph'>"}
2026-08-22 23:51:54.407 /testbed/src/flask/app.py:1074 flask.app.Flask.ensure_sync event=line locals={}
2026-08-22 23:51:54.407 /testbed/src/flask/app.py:1077 flask.app.Flask.ensure_sync event=line locals={}
2026-08-22 23:51:54.407 /testbed/src/flask/app.py:1077 flask.app.Flask.ensure_sync event=return retval=<function TestIndirectExceptionCallGraph.test_generated_requests_exercise_error_pipeline.<locals>.global_after at 0x71487b39c540> locals={'func': '<function TestIndirectExceptionCallGraph.test_generated_requests_exercise_error_pipeline.<locals>.global_after at 0x71487b39c540>', 'self': "<Flask 'runtime_exception_graph'>"}
2026-08-22 23:51:54.407 /testbed/src/flask/app.py:1412 flask.app.Flask.process_response event=line locals={}
2026-08-22 23:51:54.407 /testbed/src/flask/app.py:1413 flask.app.Flask.process_response event=line locals={'func': '<function TestIndirectExceptionCallGraph.test_generated_requests_exercise_error_pipeline.<locals>.global_after at 0x71487b39c4a0>'}
2026-08-22 23:51:54.407 /testbed/src/flask/app.py:1065 flask.app.Flask.ensure_sync event=call locals={'func': '<function TestIndirectExceptionCallGraph.test_generated_requests_exercise_error_pipeline.<locals>.global_after at 0x71487b39c4a0>', 'self': "<Flask 'runtime_exception_graph'>"}
2026-08-22 23:51:54.407 /testbed/src/flask/app.py:1074 flask.app.Flask.ensure_sync event=line locals={}
2026-08-22 23:51:54.407 /testbed/src/flask/app.py:1077 flask.app.Flask.ensure_sync event=line locals={}
2026-08-22 23:51:54.407 /testbed/src/flask/app.py:1077 flask.app.Flask.ensure_sync event=return retval=<function TestIndirectExceptionCallGraph.test_generated_requests_exercise_error_pipeline.<locals>.global_after at 0x71487b39c4a0> locals={'func': '<function TestIndirectExceptionCallGraph.test_generated_requests_exercise_error_pipeline.<locals>.global_after at 0x71487b39c4a0>', 'self': "<Flask 'runtime_exception_graph'>"}
2026-08-22 23:51:54.407 /testbed/src/flask/app.py:1412 flask.app.Flask.process_response event=line locals={}
2026-08-22 23:51:54.407 /testbed/src/flask/app.py:1413 flask.app.Flask.process_response event=line locals={'func': '<function TestIndirectExceptionCallGraph.test_generated_requests_exercise_error_pipeline.<locals>.global_after at 0x71487b39c400>'}
2026-08-22 23:51:54.407 /testbed/src/flask/app.py:1065 flask.app.Flask.ensure_sync event=call locals={'func': '<function TestIndirectExceptionCallGraph.test_generated_requests_exercise_error_pipeline.<locals>.global_after at 0x71487b39c400>', 'self': "<Flask 'runtime_exception_graph'>"}
2026-08-22 23:51:54.407 /testbed/src/flask/app.py:1074 flask.app.Flask.ensure_sync event=line locals={}
2026-08-22 23:51:54.407 /testbed/src/flask/app.py:1077 flask.app.Flask.ensure_sync event=line locals={}
2026-08-22 23:51:54.407 /testbed/src/flask/app.py:1077 flask.app.Flask.ensure_sync event=return retval=<function TestIndirectExceptionCallGraph.test_generated_requests_exercise_error_pipeline.<locals>.global_after at 0x71487b39c400> locals={'func': '<function TestIndirectExceptionCallGraph.test_generated_requests_exercise_error_pipeline.<locals>.global_after at 0x71487b39c400>', 'self': "<Flask 'runtime_exception_graph'>"}
2026-08-22 23:51:54.407 /testbed/src/flask/app.py:1412 flask.app.Flask.process_response event=line locals={}
2026-08-22 23:51:54.407 /testbed/src/flask/app.py:1413 flask.app.Flask.process_response event=line locals={'func': '<function TestIndirectExceptionCallGraph.test_generated_requests_exercise_error_pipeline.<locals>.global_after at 0x71487b39c360>'}
2026-08-22 23:51:54.407 /testbed/src/flask/app.py:1065 flask.app.Flask.ensure_sync event=call locals={'func': '<function TestIndirectExceptionCallGraph.test_generated_requests_exercise_error_pipeline.<locals>.global_after at 0x71487b39c360>', 'self': "<Flask 'runtime_exception_graph'>"}
2026-08-22 23:51:54.407 /testbed/src/flask/app.py:1074 flask.app.Flask.ensure_sync event=line locals={}
2026-08-22 23:51:54.407 /testbed/src/flask/app.py:1077 flask.app.Flask.ensure_sync event=line locals={}
2026-08-22 23:51:54.407 /testbed/src/flask/app.py:1077 flask.app.Flask.ensure_sync event=return retval=<function TestIndirectExceptionCallGraph.test_generated_requests_exercise_error_pipeline.<locals>.global_after at 0x71487b39c360> locals={'func': '<function TestIndirectExceptionCallGraph.test_generated_requests_exercise_error_pipeline.<locals>.global_after at 0x71487b39c360>', 'self': "<Flask 'runtime_exception_graph'>"}
2026-08-22 23:51:54.407 /testbed/src/flask/app.py:1412 flask.app.Flask.process_response event=line locals={}
2026-08-22 23:51:54.407 /testbed/src/flask/app.py:1413 flask.app.Flask.process_response event=line locals={'func': '<function TestIndirectExceptionCallGraph.test_generated_requests_exercise_error_pipeline.<locals>.global_after at 0x71487b39c2c0>'}
2026-08-22 23:51:54.407 /testbed/src/flask/app.py:1065 flask.app.Flask.ensure_sync event=call locals={'func': '<function TestIndirectExceptionCallGraph.test_generated_requests_exercise_error_pipeline.<locals>.global_after at 0x71487b39c2c0>', 'self': "<Flask 'runtime_exception_graph'>"}
2026-08-22 23:51:54.407 /testbed/src/flask/app.py:1074 flask.app.Flask.ensure_sync event=line locals={}
2026-08-22 23:51:54.407 /testbed/src/flask/app.py:1077 flask.app.Flask.ensure_sync event=line locals={}
2026-08-22 23:51:54.407 /testbed/src/flask/app.py:1077 flask.app.Flask.ensure_sync event=return retval=<function TestIndirectExceptionCallGraph.test_generated_requests_exercise_error_pipeline.<locals>.global_after at 0x71487b39c2c0> locals={'func': '<function TestIndirectExceptionCallGraph.test_generated_requests_exercise_error_pipeline.<locals>.global_after at 0x71487b39c2c0>', 'self': "<Flask 'runtime_exception_graph'>"}
2026-08-22 23:51:54.407 /testbed/src/flask/app.py:1412 flask.app.Flask.process_response event=line locals={}
2026-08-22 23:51:54.407 /testbed/src/flask/app.py:1413 flask.app.Flask.process_response event=line locals={'func': '<function TestIndirectExceptionCallGraph.test_generated_requests_exercise_error_pipeline.<locals>.global_after at 0x71487b39c220>'}
2026-08-22 23:51:54.407 /testbed/src/flask/app.py:1065 flask.app.Flask.ensure_sync event=call locals={'func': '<function TestIndirectExceptionCallGraph.test_generated_requests_exercise_error_pipeline.<locals>.global_after at 0x71487b39c220>', 'self': "<Flask 'runtime_exception_graph'>"}
2026-08-22 23:51:54.407 /testbed/src/flask/app.py:1074 flask.app.Flask.ensure_sync event=line locals={}
2026-08-22 23:51:54.407 /testbed/src/flask/app.py:1077 flask.app.Flask.ensure_sync event=line locals={}
2026-08-22 23:51:54.407 /testbed/src/flask/app.py:1077 flask.app.Flask.ensure_sync event=return retval=<function TestIndirectExceptionCallGraph.test_generated_requests_exercise_error_pipeline.<locals>.global_after at 0x71487b39c220> locals={'func': '<function TestIndirectExceptionCallGraph.test_generated_requests_exercise_error_pipeline.<locals>.global_after at 0x71487b39c220>', 'self': "<Flask 'runtime_exception_graph'>"}
2026-08-22 23:51:54.408 /testbed/src/flask/app.py:1412 flask.app.Flask.process_response event=line locals={}
2026-08-22 23:51:54.408 /testbed/src/flask/app.py:1413 flask.app.Flask.process_response event=line locals={'func': '<function TestIndirectExceptionCallGraph.test_generated_requests_exercise_error_pipeline.<locals>.global_after at 0x71487b39c180>'}
2026-08-22 23:51:54.408 /testbed/src/flask/app.py:1065 flask.app.Flask.ensure_sync event=call locals={'func': '<function TestIndirectExceptionCallGraph.test_generated_requests_exercise_error_pipeline.<locals>.global_after at 0x71487b39c180>', 'self': "<Flask 'runtime_exception_graph'>"}
2026-08-22 23:51:54.408 /testbed/src/flask/app.py:1074 flask.app.Flask.ensure_sync event=line locals={}
2026-08-22 23:51:54.408 /testbed/src/flask/app.py:1077 flask.app.Flask.ensure_sync event=line locals={}
2026-08-22 23:51:54.408 /testbed/src/flask/app.py:1077 flask.app.Flask.ensure_sync event=return retval=<function TestIndirectExceptionCallGraph.test_generated_requests_exercise_error_pipeline.<locals>.global_after at 0x71487b39c180> locals={'func': '<function TestIndirectExceptionCallGraph.test_generated_requests_exercise_error_pipeline.<locals>.global_after at 0x71487b39c180>', 'self': "<Flask 'runtime_exception_graph'>"}
2026-08-22 23:51:54.408 /testbed/src/flask/app.py:1412 flask.app.Flask.process_response event=line locals={}
2026-08-22 23:51:54.408 /testbed/src/flask/app.py:1413 flask.app.Flask.process_response event=line locals={'func': '<function TestIndirectExceptionCallGraph.test_generated_requests_exercise_error_pipeline.<locals>.global_after at 0x71487b39c040>'}
2026-08-22 23:51:54.408 /testbed/src/flask/app.py:1065 flask.app.Flask.ensure_sync event=call locals={'func': '<function TestIndirectExceptionCallGraph.test_generated_requests_exercise_error_pipeline.<locals>.global_after at 0x71487b39c040>', 'self': "<Flask 'runtime_exception_graph'>"}
2026-08-22 23:51:54.408 /testbed/src/flask/app.py:1074 flask.app.Flask.ensure_sync event=line locals={}
2026-08-22 23:51:54.408 /testbed/src/flask/app.py:1077 flask.app.Flask.ensure_sync event=line locals={}
2026-08-22 23:51:54.408 /testbed/src/flask/app.py:1077 flask.app.Flask.ensure_sync event=return retval=<function TestIndirectExceptionCallGraph.test_generated_requests_exercise_error_pipeline.<locals>.global_after at 0x71487b39c040> locals={'func': '<function TestIndirectExceptionCallGraph.test_generated_requests_exercise_error_pipeline.<locals>.global_after at 0x71487b39c040>', 'self': "<Flask 'runtime_exception_graph'>"}
2026-08-22 23:51:54.408 /testbed/src/flask/app.py:1412 flask.app.Flask.process_response event=line locals={}
2026-08-22 23:51:54.408 /testbed/src/flask/app.py:1410 flask.app.Flask.process_response event=line locals={}
2026-08-22 23:51:54.408 /testbed/src/flask/app.py:1415 flask.app.Flask.process_response event=line locals={}
2026-08-22 23:51:54.408 /testbed/src/flask/app.py:1418 flask.app.Flask.process_response event=line locals={}
2026-08-22 23:51:54.408 /testbed/src/flask/app.py:1418 flask.app.Flask.process_response event=return retval=<Response 29 bytes [500 INTERNAL SERVER ERROR]> locals={'ctx': "<AppContext 124556119472464 of runtime_exception_graph, GET 'http://localhost/generated/13'>", 'func': '<function TestIndirectExceptionCallGraph.test_generated_requests_exercise_error_pipeline.<locals>.global_after at 0x71487b39c040>', 'name': 'None', 'response': '<Response 29 bytes [500 INTERNAL SERVER ERROR]>', 'self': "<Flask 'runtime_exception_graph'>"}
2026-08-22 23:51:54.408 /testbed/src/flask/app.py:1042 flask.app.Flask.finalize_request event=line locals={}
2026-08-22 23:51:54.408 /testbed/src/flask/app.py:1043 flask.app.Flask.finalize_request event=line locals={}
2026-08-22 23:51:54.408 /testbed/src/flask/app.py:1042 flask.app.Flask.finalize_request event=line locals={}
2026-08-22 23:51:54.408 /testbed/src/flask/app.py:1051 flask.app.Flask.finalize_request event=line locals={}
2026-08-22 23:51:54.408 /testbed/src/flask/app.py:1051 flask.app.Flask.finalize_request event=return retval=<Response 29 bytes [500 INTERNAL SERVER ERROR]> locals={'ctx': "<AppContext 124556119472464 of runtime_exception_graph, GET 'http://localhost/generated/13'>", 'from_error_handler': 'True', 'response': '<Response 29 bytes [500 INTERNAL SERVER ERROR]>', 'rv': "({'checksum': 824723, 'mode': 0}, 500)", 'self': "<Flask 'runtime_exception_graph'>"}
2026-08-22 23:51:54.408 /testbed/src/flask/app.py:948 flask.app.Flask.handle_exception event=return retval=<Response 29 bytes [500 INTERNAL SERVER ERROR]> locals={'ctx': "<AppContext 124556119472464 of runtime_exception_graph, GET 'http://localhost/generated/13'>", 'e': "RuntimeError('generated failure cab63')", 'exc_info': "(<class 'RuntimeError'>, RuntimeError('generated failure cab63'), <traceback object at 0x71487b418740>)", 'handler': '<function TestIndirectExceptionCallGraph.test_generated_requests_exercise_error_pipeline.<locals>.convert_unhandled_error at 0x71487b39c720>', 'propagate': 'False', 'self': "<Flask 'runtime_exception_graph'>", 'server_error': "({'checksum': 824723, 'mode': 0}, 500)"}
2026-08-22 23:51:54.418 /testbed/src/flask/app.py:1065 flask.app.Flask.ensure_sync event=call locals={'func': '<function TestIndirectExceptionCallGraph.test_generated_requests_exercise_error_pipeline.<locals>.generated_failure at 0x71487b39c9a0>', 'self': "<Flask 'runtime_exception_graph'>"}
2026-08-22 23:51:54.418 /testbed/src/flask/app.py:1074 flask.app.Flask.ensure_sync event=line locals={}
2026-08-22 23:51:54.418 /testbed/src/flask/app.py:1077 flask.app.Flask.ensure_sync event=line locals={}
2026-08-22 23:51:54.418 /testbed/src/flask/app.py:1077 flask.app.Flask.ensure_sync event=return retval=<function TestIndirectExceptionCallGraph.test_generated_requests_exercise_error_pipeline.<locals>.generated_failure at 0x71487b39c9a0> locals={'func': '<function TestIndirectExceptionCallGraph.test_generated_requests_exercise_error_pipeline.<locals>.generated_failure at 0x71487b39c9a0>', 'self': "<Flask 'runtime_exception_graph'>"}
2026-08-22 23:51:54.419 /testbed/src/flask/app.py:897 flask.app.Flask.handle_exception event=call locals={'ctx': "<AppContext 124556119484496 of runtime_exception_graph, GET 'http://localhost/generated/9'>", 'e': "RuntimeError('generated failure 1cd39')", 'self': "<Flask 'runtime_exception_graph'>"}
2026-08-22 23:51:54.419 /testbed/src/flask/app.py:925 flask.app.Flask.handle_exception event=line locals={}
2026-08-22 23:51:54.419 /testbed/src/flask/app.py:926 flask.app.Flask.handle_exception event=line locals={'exc_info': "(<class 'RuntimeError'>, RuntimeError('generated failure 1cd39'), <traceback object at 0x71487b41b740>)"}
2026-08-22 23:51:54.419 /testbed/src/flask/app.py:927 flask.app.Flask.handle_exception event=line locals={}
2026-08-22 23:51:54.419 /testbed/src/flask/app.py:929 flask.app.Flask.handle_exception event=line locals={'propagate': 'False'}
2026-08-22 23:51:54.419 /testbed/src/flask/app.py:932 flask.app.Flask.handle_exception event=line locals={}
2026-08-22 23:51:54.419 /testbed/src/flask/app.py:940 flask.app.Flask.handle_exception event=line locals={}
2026-08-22 23:51:54.419 /testbed/src/flask/app.py:950 flask.app.Flask.log_exception event=call locals={'ctx': "<AppContext 124556119484496 of runtime_exception_graph, GET 'http://localhost/generated/9'>", 'exc_info': "(<class 'RuntimeError'>, RuntimeError('generated failure 1cd39'), <traceback object at 0x71487b41b740>)", 'self': "<Flask 'runtime_exception_graph'>"}
2026-08-22 23:51:54.419 /testbed/src/flask/app.py:962 flask.app.Flask.log_exception event=line locals={}
2026-08-22 23:51:54.419 /testbed/src/flask/app.py:963 flask.app.Flask.log_exception event=line locals={}
2026-08-22 23:51:54.419 /testbed/src/flask/app.py:962 flask.app.Flask.log_exception event=line locals={}
2026-08-22 23:51:54.420 /testbed/src/flask/app.py:962 flask.app.Flask.log_exception event=return retval=None locals={'ctx': "<AppContext 124556119484496 of runtime_exception_graph, GET 'http://localhost/generated/9'>", 'exc_info': "(<class 'RuntimeError'>, RuntimeError('generated failure 1cd39'), <traceback object at 0x71487b41b740>)", 'self': "<Flask 'runtime_exception_graph'>"}
2026-08-22 23:51:54.420 /testbed/src/flask/app.py:942 flask.app.Flask.handle_exception event=line locals={}
2026-08-22 23:51:54.420 /testbed/src/flask/app.py:943 flask.app.Flask.handle_exception event=line locals={'server_error': "<InternalServerError '500: Internal Server Error'>"}
2026-08-22 23:51:54.420 /testbed/src/flask/app.py:945 flask.app.Flask.handle_exception event=line locals={'handler': '<function TestIndirectExceptionCallGraph.test_generated_requests_exercise_error_pipeline.<locals>.convert_unhandled_error at 0x71487b39c720>'}
2026-08-22 23:51:54.420 /testbed/src/flask/app.py:946 flask.app.Flask.handle_exception event=line locals={}
2026-08-22 23:51:54.420 /testbed/src/flask/app.py:1065 flask.app.Flask.ensure_sync event=call locals={'func': '<function TestIndirectExceptionCallGraph.test_generated_requests_exercise_error_pipeline.<locals>.convert_unhandled_error at 0x71487b39c720>', 'self': "<Flask 'runtime_exception_graph'>"}
2026-08-22 23:51:54.420 /testbed/src/flask/app.py:1074 flask.app.Flask.ensure_sync event=line locals={}
2026-08-22 23:51:54.420 /testbed/src/flask/app.py:1077 flask.app.Flask.ensure_sync event=line locals={}
2026-08-22 23:51:54.420 /testbed/src/flask/app.py:1077 flask.app.Flask.ensure_sync event=return retval=<function TestIndirectExceptionCallGraph.test_generated_requests_exercise_error_pipeline.<locals>.convert_unhandled_error at 0x71487b39c720> locals={'func': '<function TestIndirectExceptionCallGraph.test_generated_requests_exercise_error_pipeline.<locals>.convert_unhandled_error at 0x71487b39c720>', 'self': "<Flask 'runtime_exception_graph'>"}
2026-08-22 23:51:54.420 /testbed/src/flask/app.py:948 flask.app.Flask.handle_exception event=line locals={'server_error': "('failure-e1a64', '500 INTERNAL SERVER ERROR')"}
2026-08-22 23:51:54.420 /testbed/src/flask/app.py:1021 flask.app.Flask.finalize_request event=call locals={'ctx': "<AppContext 124556119484496 of runtime_exception_graph, GET 'http://localhost/generated/9'>", 'from_error_handler': 'True', 'rv': "('failure-e1a64', '500 INTERNAL SERVER ERROR')", 'self': "<Flask 'runtime_exception_graph'>"}
2026-08-22 23:51:54.420 /testbed/src/flask/app.py:1039 flask.app.Flask.finalize_request event=line locals={}
2026-08-22 23:51:54.420 /testbed/src/flask/app.py:1224 flask.app.Flask.make_response event=call locals={'rv': "('failure-e1a64', '500 INTERNAL SERVER ERROR')", 'self': "<Flask 'runtime_exception_graph'>"}
2026-08-22 23:51:54.420 /testbed/src/flask/app.py:1281 flask.app.Flask.make_response event=line locals={}
2026-08-22 23:51:54.420 /testbed/src/flask/app.py:1282 flask.app.Flask.make_response event=line locals={'status': 'None'}
2026-08-22 23:51:54.420 /testbed/src/flask/app.py:1285 flask.app.Flask.make_response event=line locals={'headers': 'None'}
2026-08-22 23:51:54.420 /testbed/src/flask/app.py:1286 flask.app.Flask.make_response event=line locals={}
2026-08-22 23:51:54.420 /testbed/src/flask/app.py:1289 flask.app.Flask.make_response event=line locals={'len_rv': '2'}
2026-08-22 23:51:54.420 /testbed/src/flask/app.py:1292 flask.app.Flask.make_response event=line locals={}
2026-08-22 23:51:54.420 /testbed/src/flask/app.py:1293 flask.app.Flask.make_response event=line locals={}
2026-08-22 23:51:54.420 /testbed/src/flask/app.py:1296 flask.app.Flask.make_response event=line locals={}
2026-08-22 23:51:54.420 /testbed/src/flask/app.py:1306 flask.app.Flask.make_response event=line locals={'rv': "'failure-e1a64'", 'status': "'500 INTERNAL SERVER ERROR'"}
2026-08-22 23:51:54.420 /testbed/src/flask/app.py:1314 flask.app.Flask.make_response event=line locals={}
2026-08-22 23:51:54.420 /testbed/src/flask/app.py:1315 flask.app.Flask.make_response event=line locals={}
2026-08-22 23:51:54.420 /testbed/src/flask/app.py:1319 flask.app.Flask.make_response event=line locals={}
2026-08-22 23:51:54.420 /testbed/src/flask/app.py:1320 flask.app.Flask.make_response event=line locals={}
2026-08-22 23:51:54.420 /testbed/src/flask/app.py:1321 flask.app.Flask.make_response event=line locals={}
2026-08-22 23:51:54.420 /testbed/src/flask/app.py:1322 flask.app.Flask.make_response event=line locals={}
2026-08-22 23:51:54.420 /testbed/src/flask/app.py:1319 flask.app.Flask.make_response event=line locals={}
2026-08-22 23:51:54.421 /testbed/src/flask/app.py:1324 flask.app.Flask.make_response event=line locals={'rv': '<Response 13 bytes [500 INTERNAL SERVER ERROR]>'}
2026-08-22 23:51:54.421 /testbed/src/flask/app.py:1352 flask.app.Flask.make_response event=line locals={'status': 'None'}
2026-08-22 23:51:54.421 /testbed/src/flask/app.py:1354 flask.app.Flask.make_response event=line locals={}
2026-08-22 23:51:54.421 /testbed/src/flask/app.py:1361 flask.app.Flask.make_response event=line locals={}
2026-08-22 23:51:54.421 /testbed/src/flask/app.py:1364 flask.app.Flask.make_response event=line locals={}
2026-08-22 23:51:54.421 /testbed/src/flask/app.py:1364 flask.app.Flask.make_response event=return retval=<Response 13 bytes [500 INTERNAL SERVER ERROR]> locals={'headers': 'None', 'len_rv': '2', 'rv': '<Response 13 bytes [500 INTERNAL SERVER ERROR]>', 'self': "<Flask 'runtime_exception_graph'>", 'status': 'None'}
2026-08-22 23:51:54.421 /testbed/src/flask/app.py:1040 flask.app.Flask.finalize_request event=line locals={'response': '<Response 13 bytes [500 INTERNAL SERVER ERROR]>'}
2026-08-22 23:51:54.421 /testbed/src/flask/app.py:1041 flask.app.Flask.finalize_request event=line locals={}
2026-08-22 23:51:54.421 /testbed/src/flask/app.py:1394 flask.app.Flask.process_response event=call locals={'ctx': "<AppContext 124556119484496 of runtime_exception_graph, GET 'http://localhost/generated/9'>", 'response': '<Response 13 bytes [500 INTERNAL SERVER ERROR]>', 'self': "<Flask 'runtime_exception_graph'>"}
2026-08-22 23:51:54.421 /testbed/src/flask/app.py:1407 flask.app.Flask.process_response event=line locals={}
2026-08-22 23:51:54.421 /testbed/src/flask/app.py:1408 flask.app.Flask.process_response event=line locals={'func': '<function TestIndirectExceptionCallGraph.test_generated_requests_exercise_error_pipeline.<locals>.generated_failure.<locals>.local_after at 0x71487b3be7a0>'}
2026-08-22 23:51:54.421 /testbed/src/flask/app.py:1065 flask.app.Flask.ensure_sync event=call locals={'func': '<function TestIndirectExceptionCallGraph.test_generated_requests_exercise_error_pipeline.<locals>.generated_failure.<locals>.local_after at 0x71487b3be7a0>', 'self': "<Flask 'runtime_exception_graph'>"}
2026-08-22 23:51:54.421 /testbed/src/flask/app.py:1074 flask.app.Flask.ensure_sync event=line locals={}
2026-08-22 23:51:54.421 /testbed/src/flask/app.py:1077 flask.app.Flask.ensure_sync event=line locals={}
2026-08-22 23:51:54.421 /testbed/src/flask/app.py:1077 flask.app.Flask.ensure_sync event=return retval=<function TestIndirectExceptionCallGraph.test_generated_requests_exercise_error_pipeline.<locals>.generated_failure.<locals>.local_after at 0x71487b3be7a0> locals={'func': '<function TestIndirectExceptionCallGraph.test_generated_requests_exercise_error_pipeline.<locals>.generated_failure.<locals>.local_after at 0x71487b3be7a0>', 'self': "<Flask 'runtime_exception_graph'>"}
2026-08-22 23:51:54.421 /testbed/src/flask/app.py:1407 flask.app.Flask.process_response event=line locals={}
2026-08-22 23:51:54.421 /testbed/src/flask/app.py:1408 flask.app.Flask.process_response event=line locals={'func': '<function TestIndirectExceptionCallGraph.test_generated_requests_exercise_error_pipeline.<locals>.generated_failure.<locals>.local_after at 0x71487b400900>'}
2026-08-22 23:51:54.421 /testbed/src/flask/app.py:1065 flask.app.Flask.ensure_sync event=call locals={'func': '<function TestIndirectExceptionCallGraph.test_generated_requests_exercise_error_pipeline.<locals>.generated_failure.<locals>.local_after at 0x71487b400900>', 'self': "<Flask 'runtime_exception_graph'>"}
2026-08-22 23:51:54.421 /testbed/src/flask/app.py:1074 flask.app.Flask.ensure_sync event=line locals={}
2026-08-22 23:51:54.421 /testbed/src/flask/app.py:1077 flask.app.Flask.ensure_sync event=line locals={}
2026-08-22 23:51:54.421 /testbed/src/flask/app.py:1077 flask.app.Flask.ensure_sync event=return retval=<function TestIndirectExceptionCallGraph.test_generated_requests_exercise_error_pipeline.<locals>.generated_failure.<locals>.local_after at 0x71487b400900> locals={'func': '<function TestIndirectExceptionCallGraph.test_generated_requests_exercise_error_pipeline.<locals>.generated_failure.<locals>.local_after at 0x71487b400900>', 'self': "<Flask 'runtime_exception_graph'>"}
2026-08-22 23:51:54.421 /testbed/src/flask/app.py:1407 flask.app.Flask.process_response event=line locals={}
2026-08-22 23:51:54.421 /testbed/src/flask/app.py:1408 flask.app.Flask.process_response event=line locals={'func': '<function TestIndirectExceptionCallGraph.test_generated_requests_exercise_error_pipeline.<locals>.generated_failure.<locals>.local_after at 0x71487b4009a0>'}
2026-08-22 23:51:54.421 /testbed/src/flask/app.py:1065 flask.app.Flask.ensure_sync event=call locals={'func': '<function TestIndirectExceptionCallGraph.test_generated_requests_exercise_error_pipeline.<locals>.generated_failure.<locals>.local_after at 0x71487b4009a0>', 'self': "<Flask 'runtime_exception_graph'>"}
2026-08-22 23:51:54.421 /testbed/src/flask/app.py:1074 flask.app.Flask.ensure_sync event=line locals={}
2026-08-22 23:51:54.421 /testbed/src/flask/app.py:1077 flask.app.Flask.ensure_sync event=line locals={}
2026-08-22 23:51:54.421 /testbed/src/flask/app.py:1077 flask.app.Flask.ensure_sync event=return retval=<function TestIndirectExceptionCallGraph.test_generated_requests_exercise_error_pipeline.<locals>.generated_failure.<locals>.local_after at 0x71487b4009a0> locals={'func': '<function TestIndirectExceptionCallGraph.test_generated_requests_exercise_error_pipeline.<locals>.generated_failure.<locals>.local_after at 0x71487b4009a0>', 'self': "<Flask 'runtime_exception_graph'>"}
2026-08-22 23:51:54.421 /testbed/src/flask/app.py:1407 flask.app.Flask.process_response event=line locals={}
2026-08-22 23:51:54.421 /testbed/src/flask/app.py:1408 flask.app.Flask.process_response event=line locals={'func': '<function TestIndirectExceptionCallGraph.test_generated_requests_exercise_error_pipeline.<locals>.generated_failure.<locals>.local_after at 0x71487b400a40>'}
2026-08-22 23:51:54.421 /testbed/src/flask/app.py:1065 flask.app.Flask.ensure_sync event=call locals={'func': '<function TestIndirectExceptionCallGraph.test_generated_requests_exercise_error_pipeline.<locals>.generated_failure.<locals>.local_after at 0x71487b400a40>', 'self': "<Flask 'runtime_exception_graph'>"}
2026-08-22 23:51:54.421 /testbed/src/flask/app.py:1074 flask.app.Flask.ensure_sync event=line locals={}
2026-08-22 23:51:54.421 /testbed/src/flask/app.py:1077 flask.app.Flask.ensure_sync event=line locals={}
2026-08-22 23:51:54.421 /testbed/src/flask/app.py:1077 flask.app.Flask.ensure_sync event=return retval=<function TestIndirectExceptionCallGraph.test_generated_requests_exercise_error_pipeline.<locals>.generated_failure.<locals>.local_after at 0x71487b400a40> locals={'func': '<function TestIndirectExceptionCallGraph.test_generated_requests_exercise_error_pipeline.<locals>.generated_failure.<locals>.local_after at 0x71487b400a40>', 'self': "<Flask 'runtime_exception_graph'>"}
2026-08-22 23:51:54.421 /testbed/src/flask/app.py:1407 flask.app.Flask.process_response event=line locals={}
2026-08-22 23:51:54.421 /testbed/src/flask/app.py:1408 flask.app.Flask.process_response event=line locals={'func': '<function TestIndirectExceptionCallGraph.test_generated_requests_exercise_error_pipeline.<locals>.generated_failure.<locals>.local_after at 0x71487b400e00>'}
2026-08-22 23:51:54.421 /testbed/src/flask/app.py:1065 flask.app.Flask.ensure_sync event=call locals={'func': '<function TestIndirectExceptionCallGraph.test_generated_requests_exercise_error_pipeline.<locals>.generated_failure.<locals>.local_after at 0x71487b400e00>', 'self': "<Flask 'runtime_exception_graph'>"}
2026-08-22 23:51:54.421 /testbed/src/flask/app.py:1074 flask.app.Flask.ensure_sync event=line locals={}
2026-08-22 23:51:54.422 /testbed/src/flask/app.py:1077 flask.app.Flask.ensure_sync event=line locals={}
2026-08-22 23:51:54.422 /testbed/src/flask/app.py:1077 flask.app.Flask.ensure_sync event=return retval=<function TestIndirectExceptionCallGraph.test_generated_requests_exercise_error_pipeline.<locals>.generated_failure.<locals>.local_after at 0x71487b400e00> locals={'func': '<function TestIndirectExceptionCallGraph.test_generated_requests_exercise_error_pipeline.<locals>.generated_failure.<locals>.local_after at 0x71487b400e00>', 'self': "<Flask 'runtime_exception_graph'>"}
2026-08-22 23:51:54.422 /testbed/src/flask/app.py:1407 flask.app.Flask.process_response event=line locals={}
2026-08-22 23:51:54.422 /testbed/src/flask/app.py:1408 flask.app.Flask.process_response event=line locals={'func': '<function TestIndirectExceptionCallGraph.test_generated_requests_exercise_error_pipeline.<locals>.generated_failure.<locals>.local_after at 0x71487b4005e0>'}
2026-08-22 23:51:54.422 /testbed/src/flask/app.py:1065 flask.app.Flask.ensure_sync event=call locals={'func': '<function TestIndirectExceptionCallGraph.test_generated_requests_exercise_error_pipeline.<locals>.generated_failure.<locals>.local_after at 0x71487b4005e0>', 'self': "<Flask 'runtime_exception_graph'>"}
2026-08-22 23:51:54.422 /testbed/src/flask/app.py:1074 flask.app.Flask.ensure_sync event=line locals={}
2026-08-22 23:51:54.422 /testbed/src/flask/app.py:1077 flask.app.Flask.ensure_sync event=line locals={}
2026-08-22 23:51:54.422 /testbed/src/flask/app.py:1077 flask.app.Flask.ensure_sync event=return retval=<function TestIndirectExceptionCallGraph.test_generated_requests_exercise_error_pipeline.<locals>.generated_failure.<locals>.local_after at 0x71487b4005e0> locals={'func': '<function TestIndirectExceptionCallGraph.test_generated_requests_exercise_error_pipeline.<locals>.generated_failure.<locals>.local_after at 0x71487b4005e0>', 'self': "<Flask 'runtime_exception_graph'>"}
2026-08-22 23:51:54.422 /testbed/src/flask/app.py:1407 flask.app.Flask.process_response event=line locals={}
2026-08-22 23:51:54.422 /testbed/src/flask/app.py:1408 flask.app.Flask.process_response event=line locals={'func': '<function TestIndirectExceptionCallGraph.test_generated_requests_exercise_error_pipeline.<locals>.generated_failure.<locals>.local_after at 0x71487b400360>'}
2026-08-22 23:51:54.422 /testbed/src/flask/app.py:1065 flask.app.Flask.ensure_sync event=call locals={'func': '<function TestIndirectExceptionCallGraph.test_generated_requests_exercise_error_pipeline.<locals>.generated_failure.<locals>.local_after at 0x71487b400360>', 'self': "<Flask 'runtime_exception_graph'>"}
2026-08-22 23:51:54.422 /testbed/src/flask/app.py:1074 flask.app.Flask.ensure_sync event=line locals={}
2026-08-22 23:51:54.422 /testbed/src/flask/app.py:1077 flask.app.Flask.ensure_sync event=line locals={}
2026-08-22 23:51:54.422 /testbed/src/flask/app.py:1077 flask.app.Flask.ensure_sync event=return retval=<function TestIndirectExceptionCallGraph.test_generated_requests_exercise_error_pipeline.<locals>.generated_failure.<locals>.local_after at 0x71487b400360> locals={'func': '<function TestIndirectExceptionCallGraph.test_generated_requests_exercise_error_pipeline.<locals>.generated_failure.<locals>.local_after at 0x71487b400360>', 'self': "<Flask 'runtime_exception_graph'>"}
2026-08-22 23:51:54.422 /testbed/src/flask/app.py:1407 flask.app.Flask.process_response event=line locals={}
2026-08-22 23:51:54.422 /testbed/src/flask/app.py:1408 flask.app.Flask.process_response event=line locals={'func': '<function TestIndirectExceptionCallGraph.test_generated_requests_exercise_error_pipeline.<locals>.generated_failure.<locals>.local_after at 0x71487b4004a0>'}
2026-08-22 23:51:54.422 /testbed/src/flask/app.py:1065 flask.app.Flask.ensure_sync event=call locals={'func': '<function TestIndirectExceptionCallGraph.test_generated_requests_exercise_error_pipeline.<locals>.generated_failure.<locals>.local_after at 0x71487b4004a0>', 'self': "<Flask 'runtime_exception_graph'>"}
2026-08-22 23:51:54.422 /testbed/src/flask/app.py:1074 flask.app.Flask.ensure_sync event=line locals={}
2026-08-22 23:51:54.422 /testbed/src/flask/app.py:1077 flask.app.Flask.ensure_sync event=line locals={}
2026-08-22 23:51:54.422 /testbed/src/flask/app.py:1077 flask.app.Flask.ensure_sync event=return retval=<function TestIndirectExceptionCallGraph.test_generated_requests_exercise_error_pipeline.<locals>.generated_failure.<locals>.local_after at 0x71487b4004a0> locals={'func': '<function TestIndirectExceptionCallGraph.test_generated_requests_exercise_error_pipeline.<locals>.generated_failure.<locals>.local_after at 0x71487b4004a0>', 'self': "<Flask 'runtime_exception_graph'>"}
2026-08-22 23:51:54.422 /testbed/src/flask/app.py:1407 flask.app.Flask.process_response event=line locals={}
2026-08-22 23:51:54.422 /testbed/src/flask/app.py:1408 flask.app.Flask.process_response event=line locals={'func': '<function TestIndirectExceptionCallGraph.test_generated_requests_exercise_error_pipeline.<locals>.generated_failure.<locals>.local_after at 0x71487b400540>'}
2026-08-22 23:51:54.422 /testbed/src/flask/app.py:1065 flask.app.Flask.ensure_sync event=call locals={'func': '<function TestIndirectExceptionCallGraph.test_generated_requests_exercise_error_pipeline.<locals>.generated_failure.<locals>.local_after at 0x71487b400540>', 'self': "<Flask 'runtime_exception_graph'>"}
2026-08-22 23:51:54.422 /testbed/src/flask/app.py:1074 flask.app.Flask.ensure_sync event=line locals={}
2026-08-22 23:51:54.422 /testbed/src/flask/app.py:1077 flask.app.Flask.ensure_sync event=line locals={}
2026-08-22 23:51:54.422 /testbed/src/flask/app.py:1077 flask.app.Flask.ensure_sync event=return retval=<function TestIndirectExceptionCallGraph.test_generated_requests_exercise_error_pipeline.<locals>.generated_failure.<locals>.local_after at 0x71487b400540> locals={'func': '<function TestIndirectExceptionCallGraph.test_generated_requests_exercise_error_pipeline.<locals>.generated_failure.<locals>.local_after at 0x71487b400540>', 'self': "<Flask 'runtime_exception_graph'>"}
2026-08-22 23:51:54.422 /testbed/src/flask/app.py:1407 flask.app.Flask.process_response event=line locals={}
2026-08-22 23:51:54.422 /testbed/src/flask/app.py:1408 flask.app.Flask.process_response event=line locals={'func': '<function TestIndirectExceptionCallGraph.test_generated_requests_exercise_error_pipeline.<locals>.generated_failure.<locals>.local_after at 0x71487b400400>'}
2026-08-22 23:51:54.422 /testbed/src/flask/app.py:1065 flask.app.Flask.ensure_sync event=call locals={'func': '<function TestIndirectExceptionCallGraph.test_generated_requests_exercise_error_pipeline.<locals>.generated_failure.<locals>.local_after at 0x71487b400400>', 'self': "<Flask 'runtime_exception_graph'>"}
2026-08-22 23:51:54.422 /testbed/src/flask/app.py:1074 flask.app.Flask.ensure_sync event=line locals={}
2026-08-22 23:51:54.422 /testbed/src/flask/app.py:1077 flask.app.Flask.ensure_sync event=line locals={}
2026-08-22 23:51:54.422 /testbed/src/flask/app.py:1077 flask.app.Flask.ensure_sync event=return retval=<function TestIndirectExceptionCallGraph.test_generated_requests_exercise_error_pipeline.<locals>.generated_failure.<locals>.local_after at 0x71487b400400> locals={'func': '<function TestIndirectExceptionCallGraph.test_generated_requests_exercise_error_pipeline.<locals>.generated_failure.<locals>.local_after at 0x71487b400400>', 'self': "<Flask 'runtime_exception_graph'>"}
2026-08-22 23:51:54.422 /testbed/src/flask/app.py:1407 flask.app.Flask.process_response event=line locals={}
2026-08-22 23:51:54.422 /testbed/src/flask/app.py:1408 flask.app.Flask.process_response event=line locals={'func': '<function TestIndirectExceptionCallGraph.test_generated_requests_exercise_error_pipeline.<locals>.generated_failure.<locals>.local_after at 0x71487b400ae0>'}
2026-08-22 23:51:54.422 /testbed/src/flask/app.py:1065 flask.app.Flask.ensure_sync event=call locals={'func': '<function TestIndirectExceptionCallGraph.test_generated_requests_exercise_error_pipeline.<locals>.generated_failure.<locals>.local_after at 0x71487b400ae0>', 'self': "<Flask 'runtime_exception_graph'>"}
2026-08-22 23:51:54.422 /testbed/src/flask/app.py:1074 flask.app.Flask.ensure_sync event=line locals={}
2026-08-22 23:51:54.422 /testbed/src/flask/app.py:1077 flask.app.Flask.ensure_sync event=line locals={}
2026-08-22 23:51:54.422 /testbed/src/flask/app.py:1077 flask.app.Flask.ensure_sync event=return retval=<function TestIndirectExceptionCallGraph.test_generated_requests_exercise_error_pipeline.<locals>.generated_failure.<locals>.local_after at 0x71487b400ae0> locals={'func': '<function TestIndirectExceptionCallGraph.test_generated_requests_exercise_error_pipeline.<locals>.generated_failure.<locals>.local_after at 0x71487b400ae0>', 'self': "<Flask 'runtime_exception_graph'>"}
2026-08-22 23:51:54.423 /testbed/src/flask/app.py:1407 flask.app.Flask.process_response event=line locals={}
2026-08-22 23:51:54.423 /testbed/src/flask/app.py:1408 flask.app.Flask.process_response event=line locals={'func': '<function TestIndirectExceptionCallGraph.test_generated_requests_exercise_error_pipeline.<locals>.generated_failure.<locals>.local_after at 0x71487b400cc0>'}
2026-08-22 23:51:54.423 /testbed/src/flask/app.py:1065 flask.app.Flask.ensure_sync event=call locals={'func': '<function TestIndirectExceptionCallGraph.test_generated_requests_exercise_error_pipeline.<locals>.generated_failure.<locals>.local_after at 0x71487b400cc0>', 'self': "<Flask 'runtime_exception_graph'>"}
2026-08-22 23:51:54.423 /testbed/src/flask/app.py:1074 flask.app.Flask.ensure_sync event=line locals={}
2026-08-22 23:51:54.423 /testbed/src/flask/app.py:1077 flask.app.Flask.ensure_sync event=line locals={}
2026-08-22 23:51:54.423 /testbed/src/flask/app.py:1077 flask.app.Flask.ensure_sync event=return retval=<function TestIndirectExceptionCallGraph.test_generated_requests_exercise_error_pipeline.<locals>.generated_failure.<locals>.local_after at 0x71487b400cc0> locals={'func': '<function TestIndirectExceptionCallGraph.test_generated_requests_exercise_error_pipeline.<locals>.generated_failure.<locals>.local_after at 0x71487b400cc0>', 'self': "<Flask 'runtime_exception_graph'>"}
2026-08-22 23:51:54.423 /testbed/src/flask/app.py:1407 flask.app.Flask.process_response event=line locals={}
2026-08-22 23:51:54.423 /testbed/src/flask/app.py:1408 flask.app.Flask.process_response event=line locals={'func': '<function TestIndirectExceptionCallGraph.test_generated_requests_exercise_error_pipeline.<locals>.generated_failure.<locals>.local_after at 0x71487b400ea0>'}
2026-08-22 23:51:54.423 /testbed/src/flask/app.py:1065 flask.app.Flask.ensure_sync event=call locals={'func': '<function TestIndirectExceptionCallGraph.test_generated_requests_exercise_error_pipeline.<locals>.generated_failure.<locals>.local_after at 0x71487b400ea0>', 'self': "<Flask 'runtime_exception_graph'>"}
2026-08-22 23:51:54.423 /testbed/src/flask/app.py:1074 flask.app.Flask.ensure_sync event=line locals={}
2026-08-22 23:51:54.423 /testbed/src/flask/app.py:1077 flask.app.Flask.ensure_sync event=line locals={}
2026-08-22 23:51:54.423 /testbed/src/flask/app.py:1077 flask.app.Flask.ensure_sync event=return retval=<function TestIndirectExceptionCallGraph.test_generated_requests_exercise_error_pipeline.<locals>.generated_failure.<locals>.local_after at 0x71487b400ea0> locals={'func': '<function TestIndirectExceptionCallGraph.test_generated_requests_exercise_error_pipeline.<locals>.generated_failure.<locals>.local_after at 0x71487b400ea0>', 'self': "<Flask 'runtime_exception_graph'>"}
2026-08-22 23:51:54.423 /testbed/src/flask/app.py:1407 flask.app.Flask.process_response event=line locals={}
2026-08-22 23:51:54.423 /testbed/src/flask/app.py:1408 flask.app.Flask.process_response event=line locals={'func': '<function TestIndirectExceptionCallGraph.test_generated_requests_exercise_error_pipeline.<locals>.generated_failure.<locals>.local_after at 0x71487b400f40>'}
2026-08-22 23:51:54.423 /testbed/src/flask/app.py:1065 flask.app.Flask.ensure_sync event=call locals={'func': '<function TestIndirectExceptionCallGraph.test_generated_requests_exercise_error_pipeline.<locals>.generated_failure.<locals>.local_after at 0x71487b400f40>', 'self': "<Flask 'runtime_exception_graph'>"}
2026-08-22 23:51:54.423 /testbed/src/flask/app.py:1074 flask.app.Flask.ensure_sync event=line locals={}
2026-08-22 23:51:54.423 /testbed/src/flask/app.py:1077 flask.app.Flask.ensure_sync event=line locals={}
2026-08-22 23:51:54.423 /testbed/src/flask/app.py:1077 flask.app.Flask.ensure_sync event=return retval=<function TestIndirectExceptionCallGraph.test_generated_requests_exercise_error_pipeline.<locals>.generated_failure.<locals>.local_after at 0x71487b400f40> locals={'func': '<function TestIndirectExceptionCallGraph.test_generated_requests_exercise_error_pipeline.<locals>.generated_failure.<locals>.local_after at 0x71487b400f40>', 'self': "<Flask 'runtime_exception_graph'>"}
2026-08-22 23:51:54.423 /testbed/src/flask/app.py:1407 flask.app.Flask.process_response event=line locals={}
2026-08-22 23:51:54.423 /testbed/src/flask/app.py:1408 flask.app.Flask.process_response event=line locals={'func': '<function TestIndirectExceptionCallGraph.test_generated_requests_exercise_error_pipeline.<locals>.generated_failure.<locals>.local_after at 0x71487b400fe0>'}
2026-08-22 23:51:54.423 /testbed/src/flask/app.py:1065 flask.app.Flask.ensure_sync event=call locals={'func': '<function TestIndirectExceptionCallGraph.test_generated_requests_exercise_error_pipeline.<locals>.generated_failure.<locals>.local_after at 0x71487b400fe0>', 'self': "<Flask 'runtime_exception_graph'>"}
2026-08-22 23:51:54.423 /testbed/src/flask/app.py:1074 flask.app.Flask.ensure_sync event=line locals={}
2026-08-22 23:51:54.423 /testbed/src/flask/app.py:1077 flask.app.Flask.ensure_sync event=line locals={}
2026-08-22 23:51:54.423 /testbed/src/flask/app.py:1077 flask.app.Flask.ensure_sync event=return retval=<function TestIndirectExceptionCallGraph.test_generated_requests_exercise_error_pipeline.<locals>.generated_failure.<locals>.local_after at 0x71487b400fe0> locals={'func': '<function TestIndirectExceptionCallGraph.test_generated_requests_exercise_error_pipeline.<locals>.generated_failure.<locals>.local_after at 0x71487b400fe0>', 'self': "<Flask 'runtime_exception_graph'>"}
2026-08-22 23:51:54.423 /testbed/src/flask/app.py:1407 flask.app.Flask.process_response event=line locals={}
2026-08-22 23:51:54.423 /testbed/src/flask/app.py:1410 flask.app.Flask.process_response event=line locals={}
2026-08-22 23:51:54.423 /testbed/src/flask/app.py:1411 flask.app.Flask.process_response event=line locals={'name': 'None'}
2026-08-22 23:51:54.423 /testbed/src/flask/app.py:1412 flask.app.Flask.process_response event=line locals={}
2026-08-22 23:51:54.423 /testbed/src/flask/app.py:1413 flask.app.Flask.process_response event=line locals={'func': '<function TestIndirectExceptionCallGraph.test_generated_requests_exercise_error_pipeline.<locals>.global_after at 0x71487b39c5e0>'}
2026-08-22 23:51:54.423 /testbed/src/flask/app.py:1065 flask.app.Flask.ensure_sync event=call locals={'func': '<function TestIndirectExceptionCallGraph.test_generated_requests_exercise_error_pipeline.<locals>.global_after at 0x71487b39c5e0>', 'self': "<Flask 'runtime_exception_graph'>"}
2026-08-22 23:51:54.423 /testbed/src/flask/app.py:1074 flask.app.Flask.ensure_sync event=line locals={}
2026-08-22 23:51:54.423 /testbed/src/flask/app.py:1077 flask.app.Flask.ensure_sync event=line locals={}
2026-08-22 23:51:54.423 /testbed/src/flask/app.py:1077 flask.app.Flask.ensure_sync event=return retval=<function TestIndirectExceptionCallGraph.test_generated_requests_exercise_error_pipeline.<locals>.global_after at 0x71487b39c5e0> locals={'func': '<function TestIndirectExceptionCallGraph.test_generated_requests_exercise_error_pipeline.<locals>.global_after at 0x71487b39c5e0>', 'self': "<Flask 'runtime_exception_graph'>"}
2026-08-22 23:51:54.424 /testbed/src/flask/app.py:1412 flask.app.Flask.process_response event=line locals={}
2026-08-22 23:51:54.424 /testbed/src/flask/app.py:1413 flask.app.Flask.process_response event=line locals={'func': '<function TestIndirectExceptionCallGraph.test_generated_requests_exercise_error_pipeline.<locals>.global_after at 0x71487b39c540>'}
2026-08-22 23:51:54.424 /testbed/src/flask/app.py:1065 flask.app.Flask.ensure_sync event=call locals={'func': '<function TestIndirectExceptionCallGraph.test_generated_requests_exercise_error_pipeline.<locals>.global_after at 0x71487b39c540>', 'self': "<Flask 'runtime_exception_graph'>"}
2026-08-22 23:51:54.424 /testbed/src/flask/app.py:1074 flask.app.Flask.ensure_sync event=line locals={}
2026-08-22 23:51:54.424 /testbed/src/flask/app.py:1077 flask.app.Flask.ensure_sync event=line locals={}
2026-08-22 23:51:54.424 /testbed/src/flask/app.py:1077 flask.app.Flask.ensure_sync event=return retval=<function TestIndirectExceptionCallGraph.test_generated_requests_exercise_error_pipeline.<locals>.global_after at 0x71487b39c540> locals={'func': '<function TestIndirectExceptionCallGraph.test_generated_requests_exercise_error_pipeline.<locals>.global_after at 0x71487b39c540>', 'self': "<Flask 'runtime_exception_graph'>"}
2026-08-22 23:51:54.424 /testbed/src/flask/app.py:1412 flask.app.Flask.process_response event=line locals={}
2026-08-22 23:51:54.424 /testbed/src/flask/app.py:1413 flask.app.Flask.process_response event=line locals={'func': '<function TestIndirectExceptionCallGraph.test_generated_requests_exercise_error_pipeline.<locals>.global_after at 0x71487b39c4a0>'}
2026-08-22 23:51:54.424 /testbed/src/flask/app.py:1065 flask.app.Flask.ensure_sync event=call locals={'func': '<function TestIndirectExceptionCallGraph.test_generated_requests_exercise_error_pipeline.<locals>.global_after at 0x71487b39c4a0>', 'self': "<Flask 'runtime_exception_graph'>"}
2026-08-22 23:51:54.424 /testbed/src/flask/app.py:1074 flask.app.Flask.ensure_sync event=line locals={}
2026-08-22 23:51:54.424 /testbed/src/flask/app.py:1077 flask.app.Flask.ensure_sync event=line locals={}
2026-08-22 23:51:54.424 /testbed/src/flask/app.py:1077 flask.app.Flask.ensure_sync event=return retval=<function TestIndirectExceptionCallGraph.test_generated_requests_exercise_error_pipeline.<locals>.global_after at 0x71487b39c4a0> locals={'func': '<function TestIndirectExceptionCallGraph.test_generated_requests_exercise_error_pipeline.<locals>.global_after at 0x71487b39c4a0>', 'self': "<Flask 'runtime_exception_graph'>"}
2026-08-22 23:51:54.424 /testbed/src/flask/app.py:1412 flask.app.Flask.process_response event=line locals={}
2026-08-22 23:51:54.424 /testbed/src/flask/app.py:1413 flask.app.Flask.process_response event=line locals={'func': '<function TestIndirectExceptionCallGraph.test_generated_requests_exercise_error_pipeline.<locals>.global_after at 0x71487b39c400>'}
2026-08-22 23:51:54.424 /testbed/src/flask/app.py:1065 flask.app.Flask.ensure_sync event=call locals={'func': '<function TestIndirectExceptionCallGraph.test_generated_requests_exercise_error_pipeline.<locals>.global_after at 0x71487b39c400>', 'self': "<Flask 'runtime_exception_graph'>"}
2026-08-22 23:51:54.424 /testbed/src/flask/app.py:1074 flask.app.Flask.ensure_sync event=line locals={}
2026-08-22 23:51:54.424 /testbed/src/flask/app.py:1077 flask.app.Flask.ensure_sync event=line locals={}
2026-08-22 23:51:54.424 /testbed/src/flask/app.py:1077 flask.app.Flask.ensure_sync event=return retval=<function TestIndirectExceptionCallGraph.test_generated_requests_exercise_error_pipeline.<locals>.global_after at 0x71487b39c400> locals={'func': '<function TestIndirectExceptionCallGraph.test_generated_requests_exercise_error_pipeline.<locals>.global_after at 0x71487b39c400>', 'self': "<Flask 'runtime_exception_graph'>"}
2026-08-22 23:51:54.424 /testbed/src/flask/app.py:1412 flask.app.Flask.process_response event=line locals={}
2026-08-22 23:51:54.424 /testbed/src/flask/app.py:1413 flask.app.Flask.process_response event=line locals={'func': '<function TestIndirectExceptionCallGraph.test_generated_requests_exercise_error_pipeline.<locals>.global_after at 0x71487b39c360>'}
2026-08-22 23:51:54.424 /testbed/src/flask/app.py:1065 flask.app.Flask.ensure_sync event=call locals={'func': '<function TestIndirectExceptionCallGraph.test_generated_requests_exercise_error_pipeline.<locals>.global_after at 0x71487b39c360>', 'self': "<Flask 'runtime_exception_graph'>"}
2026-08-22 23:51:54.424 /testbed/src/flask/app.py:1074 flask.app.Flask.ensure_sync event=line locals={}
2026-08-22 23:51:54.424 /testbed/src/flask/app.py:1077 flask.app.Flask.ensure_sync event=line locals={}
2026-08-22 23:51:54.424 /testbed/src/flask/app.py:1077 flask.app.Flask.ensure_sync event=return retval=<function TestIndirectExceptionCallGraph.test_generated_requests_exercise_error_pipeline.<locals>.global_after at 0x71487b39c360> locals={'func': '<function TestIndirectExceptionCallGraph.test_generated_requests_exercise_error_pipeline.<locals>.global_after at 0x71487b39c360>', 'self': "<Flask 'runtime_exception_graph'>"}
2026-08-22 23:51:54.424 /testbed/src/flask/app.py:1412 flask.app.Flask.process_response event=line locals={}
2026-08-22 23:51:54.424 /testbed/src/flask/app.py:1413 flask.app.Flask.process_response event=line locals={'func': '<function TestIndirectExceptionCallGraph.test_generated_requests_exercise_error_pipeline.<locals>.global_after at 0x71487b39c2c0>'}
2026-08-22 23:51:54.424 /testbed/src/flask/app.py:1065 flask.app.Flask.ensure_sync event=call locals={'func': '<function TestIndirectExceptionCallGraph.test_generated_requests_exercise_error_pipeline.<locals>.global_after at 0x71487b39c2c0>', 'self': "<Flask 'runtime_exception_graph'>"}
2026-08-22 23:51:54.424 /testbed/src/flask/app.py:1074 flask.app.Flask.ensure_sync event=line locals={}
2026-08-22 23:51:54.424 /testbed/src/flask/app.py:1077 flask.app.Flask.ensure_sync event=line locals={}
2026-08-22 23:51:54.424 /testbed/src/flask/app.py:1077 flask.app.Flask.ensure_sync event=return retval=<function TestIndirectExceptionCallGraph.test_generated_requests_exercise_error_pipeline.<locals>.global_after at 0x71487b39c2c0> locals={'func': '<function TestIndirectExceptionCallGraph.test_generated_requests_exercise_error_pipeline.<locals>.global_after at 0x71487b39c2c0>', 'self': "<Flask 'runtime_exception_graph'>"}
2026-08-22 23:51:54.424 /testbed/src/flask/app.py:1412 flask.app.Flask.process_response event=line locals={}
2026-08-22 23:51:54.424 /testbed/src/flask/app.py:1413 flask.app.Flask.process_response event=line locals={'func': '<function TestIndirectExceptionCallGraph.test_generated_requests_exercise_error_pipeline.<locals>.global_after at 0x71487b39c220>'}
2026-08-22 23:51:54.424 /testbed/src/flask/app.py:1065 flask.app.Flask.ensure_sync event=call locals={'func': '<function TestIndirectExceptionCallGraph.test_generated_requests_exercise_error_pipeline.<locals>.global_after at 0x71487b39c220>', 'self': "<Flask 'runtime_exception_graph'>"}
2026-08-22 23:51:54.424 /testbed/src/flask/app.py:1074 flask.app.Flask.ensure_sync event=line locals={}
2026-08-22 23:51:54.424 /testbed/src/flask/app.py:1077 flask.app.Flask.ensure_sync event=line locals={}
2026-08-22 23:51:54.424 /testbed/src/flask/app.py:1077 flask.app.Flask.ensure_sync event=return retval=<function TestIndirectExceptionCallGraph.test_generated_requests_exercise_error_pipeline.<locals>.global_after at 0x71487b39c220> locals={'func': '<function TestIndirectExceptionCallGraph.test_generated_requests_exercise_error_pipeline.<locals>.global_after at 0x71487b39c220>', 'self': "<Flask 'runtime_exception_graph'>"}
2026-08-22 23:51:54.424 /testbed/src/flask/app.py:1412 flask.app.Flask.process_response event=line locals={}
2026-08-22 23:51:54.424 /testbed/src/flask/app.py:1413 flask.app.Flask.process_response event=line locals={'func': '<function TestIndirectExceptionCallGraph.test_generated_requests_exercise_error_pipeline.<locals>.global_after at 0x71487b39c180>'}
2026-08-22 23:51:54.424 /testbed/src/flask/app.py:1065 flask.app.Flask.ensure_sync event=call locals={'func': '<function TestIndirectExceptionCallGraph.test_generated_requests_exercise_error_pipeline.<locals>.global_after at 0x71487b39c180>', 'self': "<Flask 'runtime_exception_graph'>"}
2026-08-22 23:51:54.424 /testbed/src/flask/app.py:1074 flask.app.Flask.ensure_sync event=line locals={}
2026-08-22 23:51:54.424 /testbed/src/flask/app.py:1077 flask.app.Flask.ensure_sync event=line locals={}
2026-08-22 23:51:54.424 /testbed/src/flask/app.py:1077 flask.app.Flask.ensure_sync event=return retval=<function TestIndirectExceptionCallGraph.test_generated_requests_exercise_error_pipeline.<locals>.global_after at 0x71487b39c180> locals={'func': '<function TestIndirectExceptionCallGraph.test_generated_requests_exercise_error_pipeline.<locals>.global_after at 0x71487b39c180>', 'self': "<Flask 'runtime_exception_graph'>"}
2026-08-22 23:51:54.425 /testbed/src/flask/app.py:1412 flask.app.Flask.process_response event=line locals={}
2026-08-22 23:51:54.425 /testbed/src/flask/app.py:1413 flask.app.Flask.process_response event=line locals={'func': '<function TestIndirectExceptionCallGraph.test_generated_requests_exercise_error_pipeline.<locals>.global_after at 0x71487b39c040>'}
2026-08-22 23:51:54.425 /testbed/src/flask/app.py:1065 flask.app.Flask.ensure_sync event=call locals={'func': '<function TestIndirectExceptionCallGraph.test_generated_requests_exercise_error_pipeline.<locals>.global_after at 0x71487b39c040>', 'self': "<Flask 'runtime_exception_graph'>"}
2026-08-22 23:51:54.425 /testbed/src/flask/app.py:1074 flask.app.Flask.ensure_sync event=line locals={}
2026-08-22 23:51:54.425 /testbed/src/flask/app.py:1077 flask.app.Flask.ensure_sync event=line locals={}
2026-08-22 23:51:54.425 /testbed/src/flask/app.py:1077 flask.app.Flask.ensure_sync event=return retval=<function TestIndirectExceptionCallGraph.test_generated_requests_exercise_error_pipeline.<locals>.global_after at 0x71487b39c040> locals={'func': '<function TestIndirectExceptionCallGraph.test_generated_requests_exercise_error_pipeline.<locals>.global_after at 0x71487b39c040>', 'self': "<Flask 'runtime_exception_graph'>"}
2026-08-22 23:51:54.425 /testbed/src/flask/app.py:1412 flask.app.Flask.process_response event=line locals={}
2026-08-22 23:51:54.425 /testbed/src/flask/app.py:1410 flask.app.Flask.process_response event=line locals={}
2026-08-22 23:51:54.425 /testbed/src/flask/app.py:1415 flask.app.Flask.process_response event=line locals={}
2026-08-22 23:51:54.425 /testbed/src/flask/app.py:1418 flask.app.Flask.process_response event=line locals={}
2026-08-22 23:51:54.425 /testbed/src/flask/app.py:1418 flask.app.Flask.process_response event=return retval=<Response 13 bytes [500 INTERNAL SERVER ERROR]> locals={'ctx': "<AppContext 124556119484496 of runtime_exception_graph, GET 'http://localhost/generated/9'>", 'func': '<function TestIndirectExceptionCallGraph.test_generated_requests_exercise_error_pipeline.<locals>.global_after at 0x71487b39c040>', 'name': 'None', 'response': '<Response 13 bytes [500 INTERNAL SERVER ERROR]>', 'self': "<Flask 'runtime_exception_graph'>"}
2026-08-22 23:51:54.425 /testbed/src/flask/app.py:1042 flask.app.Flask.finalize_request event=line locals={}
2026-08-22 23:51:54.425 /testbed/src/flask/app.py:1043 flask.app.Flask.finalize_request event=line locals={}
2026-08-22 23:51:54.425 /testbed/src/flask/app.py:1042 flask.app.Flask.finalize_request event=line locals={}
2026-08-22 23:51:54.425 /testbed/src/flask/app.py:1051 flask.app.Flask.finalize_request event=line locals={}
2026-08-22 23:51:54.425 /testbed/src/flask/app.py:1051 flask.app.Flask.finalize_request event=return retval=<Response 13 bytes [500 INTERNAL SERVER ERROR]> locals={'ctx': "<AppContext 124556119484496 of runtime_exception_graph, GET 'http://localhost/generated/9'>", 'from_error_handler': 'True', 'response': '<Response 13 bytes [500 INTERNAL SERVER ERROR]>', 'rv': "('failure-e1a64', '500 INTERNAL SERVER ERROR')", 'self': "<Flask 'runtime_exception_graph'>"}
2026-08-22 23:51:54.425 /testbed/src/flask/app.py:948 flask.app.Flask.handle_exception event=return retval=<Response 13 bytes [500 INTERNAL SERVER ERROR]> locals={'ctx': "<AppContext 124556119484496 of runtime_exception_graph, GET 'http://localhost/generated/9'>", 'e': "RuntimeError('generated failure 1cd39')", 'exc_info': "(<class 'RuntimeError'>, RuntimeError('generated failure 1cd39'), <traceback object at 0x71487b41b740>)", 'handler': '<function TestIndirectExceptionCallGraph.test_generated_requests_exercise_error_pipeline.<locals>.convert_unhandled_error at 0x71487b39c720>', 'propagate': 'False', 'self': "<Flask 'runtime_exception_graph'>", 'server_error': "('failure-e1a64', '500 INTERNAL SERVER ERROR')"}
2026-08-22 23:51:54.435 /testbed/src/flask/app.py:1065 flask.app.Flask.ensure_sync event=call locals={'func': '<function TestIndirectExceptionCallGraph.test_generated_requests_exercise_error_pipeline.<locals>.generated_failure at 0x71487b39c9a0>', 'self': "<Flask 'runtime_exception_graph'>"}
2026-08-22 23:51:54.435 /testbed/src/flask/app.py:1074 flask.app.Flask.ensure_sync event=line locals={}
2026-08-22 23:51:54.435 /testbed/src/flask/app.py:1077 flask.app.Flask.ensure_sync event=line locals={}
2026-08-22 23:51:54.435 /testbed/src/flask/app.py:1077 flask.app.Flask.ensure_sync event=return retval=<function TestIndirectExceptionCallGraph.test_generated_requests_exercise_error_pipeline.<locals>.generated_failure at 0x71487b39c9a0> locals={'func': '<function TestIndirectExceptionCallGraph.test_generated_requests_exercise_error_pipeline.<locals>.generated_failure at 0x71487b39c9a0>', 'self': "<Flask 'runtime_exception_graph'>"}
2026-08-22 23:51:54.435 /testbed/src/flask/app.py:897 flask.app.Flask.handle_exception event=call locals={'ctx': "<AppContext 124556119529872 of runtime_exception_graph, GET 'http://localhost/generated/2'>", 'e': "RuntimeError('generated failure c8cdb')", 'self': "<Flask 'runtime_exception_graph'>"}
2026-08-22 23:51:54.435 /testbed/src/flask/app.py:925 flask.app.Flask.handle_exception event=line locals={}
2026-08-22 23:51:54.435 /testbed/src/flask/app.py:926 flask.app.Flask.handle_exception event=line locals={'exc_info': "(<class 'RuntimeError'>, RuntimeError('generated failure c8cdb'), <traceback object at 0x71487b426880>)"}
2026-08-22 23:51:54.436 /testbed/src/flask/app.py:927 flask.app.Flask.handle_exception event=line locals={}
2026-08-22 23:51:54.436 /testbed/src/flask/app.py:929 flask.app.Flask.handle_exception event=line locals={'propagate': 'False'}
2026-08-22 23:51:54.436 /testbed/src/flask/app.py:932 flask.app.Flask.handle_exception event=line locals={}
2026-08-22 23:51:54.436 /testbed/src/flask/app.py:940 flask.app.Flask.handle_exception event=line locals={}
2026-08-22 23:51:54.436 /testbed/src/flask/app.py:950 flask.app.Flask.log_exception event=call locals={'ctx': "<AppContext 124556119529872 of runtime_exception_graph, GET 'http://localhost/generated/2'>", 'exc_info': "(<class 'RuntimeError'>, RuntimeError('generated failure c8cdb'), <traceback object at 0x71487b426880>)", 'self': "<Flask 'runtime_exception_graph'>"}
2026-08-22 23:51:54.436 /testbed/src/flask/app.py:962 flask.app.Flask.log_exception event=line locals={}
2026-08-22 23:51:54.436 /testbed/src/flask/app.py:963 flask.app.Flask.log_exception event=line locals={}
2026-08-22 23:51:54.436 /testbed/src/flask/app.py:962 flask.app.Flask.log_exception event=line locals={}
2026-08-22 23:51:54.436 /testbed/src/flask/app.py:962 flask.app.Flask.log_exception event=return retval=None locals={'ctx': "<AppContext 124556119529872 of runtime_exception_graph, GET 'http://localhost/generated/2'>", 'exc_info': "(<class 'RuntimeError'>, RuntimeError('generated failure c8cdb'), <traceback object at 0x71487b426880>)", 'self': "<Flask 'runtime_exception_graph'>"}
2026-08-22 23:51:54.436 /testbed/src/flask/app.py:942 flask.app.Flask.handle_exception event=line locals={}
2026-08-22 23:51:54.436 /testbed/src/flask/app.py:943 flask.app.Flask.handle_exception event=line locals={'server_error': "<InternalServerError '500: Internal Server Error'>"}
2026-08-22 23:51:54.436 /testbed/src/flask/app.py:945 flask.app.Flask.handle_exception event=line locals={'handler': '<function TestIndirectExceptionCallGraph.test_generated_requests_exercise_error_pipeline.<locals>.convert_unhandled_error at 0x71487b39c720>'}
2026-08-22 23:51:54.436 /testbed/src/flask/app.py:946 flask.app.Flask.handle_exception event=line locals={}
2026-08-22 23:51:54.436 /testbed/src/flask/app.py:1065 flask.app.Flask.ensure_sync event=call locals={'func': '<function TestIndirectExceptionCallGraph.test_generated_requests_exercise_error_pipeline.<locals>.convert_unhandled_error at 0x71487b39c720>', 'self': "<Flask 'runtime_exception_graph'>"}
2026-08-22 23:51:54.436 /testbed/src/flask/app.py:1074 flask.app.Flask.ensure_sync event=line locals={}
2026-08-22 23:51:54.436 /testbed/src/flask/app.py:1077 flask.app.Flask.ensure_sync event=line locals={}
2026-08-22 23:51:54.436 /testbed/src/flask/app.py:1077 flask.app.Flask.ensure_sync event=return retval=<function TestIndirectExceptionCallGraph.test_generated_requests_exercise_error_pipeline.<locals>.convert_unhandled_error at 0x71487b39c720> locals={'func': '<function TestIndirectExceptionCallGraph.test_generated_requests_exercise_error_pipeline.<locals>.convert_unhandled_error at 0x71487b39c720>', 'self': "<Flask 'runtime_exception_graph'>"}
2026-08-22 23:51:54.437 /testbed/src/flask/app.py:948 flask.app.Flask.handle_exception event=line locals={'server_error': "([493610, 1, 18], 500, {'X-QA-Mode': '1'})"}
2026-08-22 23:51:54.437 /testbed/src/flask/app.py:1021 flask.app.Flask.finalize_request event=call locals={'ctx': "<AppContext 124556119529872 of runtime_exception_graph, GET 'http://localhost/generated/2'>", 'from_error_handler': 'True', 'rv': "([493610, 1, 18], 500, {'X-QA-Mode': '1'})", 'self': "<Flask 'runtime_exception_graph'>"}
2026-08-22 23:51:54.437 /testbed/src/flask/app.py:1039 flask.app.Flask.finalize_request event=line locals={}
2026-08-22 23:51:54.437 /testbed/src/flask/app.py:1224 flask.app.Flask.make_response event=call locals={'rv': "([493610, 1, 18], 500, {'X-QA-Mode': '1'})", 'self': "<Flask 'runtime_exception_graph'>"}
2026-08-22 23:51:54.437 /testbed/src/flask/app.py:1281 flask.app.Flask.make_response event=line locals={}
2026-08-22 23:51:54.437 /testbed/src/flask/app.py:1282 flask.app.Flask.make_response event=line locals={'status': 'None'}
2026-08-22 23:51:54.437 /testbed/src/flask/app.py:1285 flask.app.Flask.make_response event=line locals={'headers': 'None'}
2026-08-22 23:51:54.437 /testbed/src/flask/app.py:1286 flask.app.Flask.make_response event=line locals={}
2026-08-22 23:51:54.437 /testbed/src/flask/app.py:1289 flask.app.Flask.make_response event=line locals={'len_rv': '3'}
2026-08-22 23:51:54.437 /testbed/src/flask/app.py:1290 flask.app.Flask.make_response event=line locals={}
2026-08-22 23:51:54.437 /testbed/src/flask/app.py:1306 flask.app.Flask.make_response event=line locals={'headers': "{'X-QA-Mode': '1'}", 'rv': '[493610, 1, 18]', 'status': '500'}
2026-08-22 23:51:54.437 /testbed/src/flask/app.py:1314 flask.app.Flask.make_response event=line locals={}
2026-08-22 23:51:54.437 /testbed/src/flask/app.py:1315 flask.app.Flask.make_response event=line locals={}
2026-08-22 23:51:54.437 /testbed/src/flask/app.py:1325 flask.app.Flask.make_response event=line locals={}
2026-08-22 23:51:54.437 /testbed/src/flask/app.py:1326 flask.app.Flask.make_response event=line locals={}
2026-08-22 23:51:54.437 /testbed/src/flask/app.py:1352 flask.app.Flask.make_response event=line locals={'rv': '<Response 14 bytes [200 OK]>'}
2026-08-22 23:51:54.437 /testbed/src/flask/app.py:1354 flask.app.Flask.make_response event=line locals={}
2026-08-22 23:51:54.438 /testbed/src/flask/app.py:1355 flask.app.Flask.make_response event=line locals={}
2026-08-22 23:51:54.438 /testbed/src/flask/app.py:1358 flask.app.Flask.make_response event=line locals={}
2026-08-22 23:51:54.438 /testbed/src/flask/app.py:1361 flask.app.Flask.make_response event=line locals={'rv': '<Response 14 bytes [500 INTERNAL SERVER ERROR]>'}
2026-08-22 23:51:54.438 /testbed/src/flask/app.py:1362 flask.app.Flask.make_response event=line locals={}
2026-08-22 23:51:54.438 /testbed/src/flask/app.py:1364 flask.app.Flask.make_response event=line locals={}
2026-08-22 23:51:54.438 /testbed/src/flask/app.py:1364 flask.app.Flask.make_response event=return retval=<Response 14 bytes [500 INTERNAL SERVER ERROR]> locals={'headers': "{'X-QA-Mode': '1'}", 'len_rv': '3', 'rv': '<Response 14 bytes [500 INTERNAL SERVER ERROR]>', 'self': "<Flask 'runtime_exception_graph'>", 'status': '500'}
2026-08-22 23:51:54.438 /testbed/src/flask/app.py:1040 flask.app.Flask.finalize_request event=line locals={'response': '<Response 14 bytes [500 INTERNAL SERVER ERROR]>'}
2026-08-22 23:51:54.438 /testbed/src/flask/app.py:1041 flask.app.Flask.finalize_request event=line locals={}
2026-08-22 23:51:54.438 /testbed/src/flask/app.py:1394 flask.app.Flask.process_response event=call locals={'ctx': "<AppContext 124556119529872 of runtime_exception_graph, GET 'http://localhost/generated/2'>", 'response': '<Response 14 bytes [500 INTERNAL SERVER ERROR]>', 'self': "<Flask 'runtime_exception_graph'>"}
2026-08-22 23:51:54.438 /testbed/src/flask/app.py:1407 flask.app.Flask.process_response event=line locals={}
2026-08-22 23:51:54.438 /testbed/src/flask/app.py:1408 flask.app.Flask.process_response event=line locals={'func': '<function TestIndirectExceptionCallGraph.test_generated_requests_exercise_error_pipeline.<locals>.generated_failure.<locals>.local_after at 0x71487b401300>'}
2026-08-22 23:51:54.438 /testbed/src/flask/app.py:1065 flask.app.Flask.ensure_sync event=call locals={'func': '<function TestIndirectExceptionCallGraph.test_generated_requests_exercise_error_pipeline.<locals>.generated_failure.<locals>.local_after at 0x71487b401300>', 'self': "<Flask 'runtime_exception_graph'>"}
2026-08-22 23:51:54.438 /testbed/src/flask/app.py:1074 flask.app.Flask.ensure_sync event=line locals={}
2026-08-22 23:51:54.438 /testbed/src/flask/app.py:1077 flask.app.Flask.ensure_sync event=line locals={}
2026-08-22 23:51:54.438 /testbed/src/flask/app.py:1077 flask.app.Flask.ensure_sync event=return retval=<function TestIndirectExceptionCallGraph.test_generated_requests_exercise_error_pipeline.<locals>.generated_failure.<locals>.local_after at 0x71487b401300> locals={'func': '<function TestIndirectExceptionCallGraph.test_generated_requests_exercise_error_pipeline.<locals>.generated_failure.<locals>.local_after at 0x71487b401300>', 'self': "<Flask 'runtime_exception_graph'>"}
2026-08-22 23:51:54.438 /testbed/src/flask/app.py:1407 flask.app.Flask.process_response event=line locals={}
2026-08-22 23:51:54.438 /testbed/src/flask/app.py:1408 flask.app.Flask.process_response event=line locals={'func': '<function TestIndirectExceptionCallGraph.test_generated_requests_exercise_error_pipeline.<locals>.generated_failure.<locals>.local_after at 0x71487b4013a0>'}
2026-08-22 23:51:54.438 /testbed/src/flask/app.py:1065 flask.app.Flask.ensure_sync event=call locals={'func': '<function TestIndirectExceptionCallGraph.test_generated_requests_exercise_error_pipeline.<locals>.generated_failure.<locals>.local_after at 0x71487b4013a0>', 'self': "<Flask 'runtime_exception_graph'>"}
2026-08-22 23:51:54.438 /testbed/src/flask/app.py:1074 flask.app.Flask.ensure_sync event=line locals={}
2026-08-22 23:51:54.438 /testbed/src/flask/app.py:1077 flask.app.Flask.ensure_sync event=line locals={}
2026-08-22 23:51:54.438 /testbed/src/flask/app.py:1077 flask.app.Flask.ensure_sync event=return retval=<function TestIndirectExceptionCallGraph.test_generated_requests_exercise_error_pipeline.<locals>.generated_failure.<locals>.local_after at 0x71487b4013a0> locals={'func': '<function TestIndirectExceptionCallGraph.test_generated_requests_exercise_error_pipeline.<locals>.generated_failure.<locals>.local_after at 0x71487b4013a0>', 'self': "<Flask 'runtime_exception_graph'>"}
2026-08-22 23:51:54.438 /testbed/src/flask/app.py:1407 flask.app.Flask.process_response event=line locals={}
2026-08-22 23:51:54.438 /testbed/src/flask/app.py:1408 flask.app.Flask.process_response event=line locals={'func': '<function TestIndirectExceptionCallGraph.test_generated_requests_exercise_error_pipeline.<locals>.generated_failure.<locals>.local_after at 0x71487b401440>'}
2026-08-22 23:51:54.438 /testbed/src/flask/app.py:1065 flask.app.Flask.ensure_sync event=call locals={'func': '<function TestIndirectExceptionCallGraph.test_generated_requests_exercise_error_pipeline.<locals>.generated_failure.<locals>.local_after at 0x71487b401440>', 'self': "<Flask 'runtime_exception_graph'>"}
2026-08-22 23:51:54.438 /testbed/src/flask/app.py:1074 flask.app.Flask.ensure_sync event=line locals={}
2026-08-22 23:51:54.438 /testbed/src/flask/app.py:1077 flask.app.Flask.ensure_sync event=line locals={}
2026-08-22 23:51:54.438 /testbed/src/flask/app.py:1077 flask.app.Flask.ensure_sync event=return retval=<function TestIndirectExceptionCallGraph.test_generated_requests_exercise_error_pipeline.<locals>.generated_failure.<locals>.local_after at 0x71487b401440> locals={'func': '<function TestIndirectExceptionCallGraph.test_generated_requests_exercise_error_pipeline.<locals>.generated_failure.<locals>.local_after at 0x71487b401440>', 'self': "<Flask 'runtime_exception_graph'>"}
2026-08-22 23:51:54.438 /testbed/src/flask/app.py:1407 flask.app.Flask.process_response event=line locals={}
2026-08-22 23:51:54.438 /testbed/src/flask/app.py:1408 flask.app.Flask.process_response event=line locals={'func': '<function TestIndirectExceptionCallGraph.test_generated_requests_exercise_error_pipeline.<locals>.generated_failure.<locals>.local_after at 0x71487b4014e0>'}
2026-08-22 23:51:54.438 /testbed/src/flask/app.py:1065 flask.app.Flask.ensure_sync event=call locals={'func': '<function TestIndirectExceptionCallGraph.test_generated_requests_exercise_error_pipeline.<locals>.generated_failure.<locals>.local_after at 0x71487b4014e0>', 'self': "<Flask 'runtime_exception_graph'>"}
2026-08-22 23:51:54.438 /testbed/src/flask/app.py:1074 flask.app.Flask.ensure_sync event=line locals={}
2026-08-22 23:51:54.438 /testbed/src/flask/app.py:1077 flask.app.Flask.ensure_sync event=line locals={}
2026-08-22 23:51:54.438 /testbed/src/flask/app.py:1077 flask.app.Flask.ensure_sync event=return retval=<function TestIndirectExceptionCallGraph.test_generated_requests_exercise_error_pipeline.<locals>.generated_failure.<locals>.local_after at 0x71487b4014e0> locals={'func': '<function TestIndirectExceptionCallGraph.test_generated_requests_exercise_error_pipeline.<locals>.generated_failure.<locals>.local_after at 0x71487b4014e0>', 'self': "<Flask 'runtime_exception_graph'>"}
2026-08-22 23:51:54.438 /testbed/src/flask/app.py:1407 flask.app.Flask.process_response event=line locals={}
2026-08-22 23:51:54.438 /testbed/src/flask/app.py:1408 flask.app.Flask.process_response event=line locals={'func': '<function TestIndirectExceptionCallGraph.test_generated_requests_exercise_error_pipeline.<locals>.generated_failure.<locals>.local_after at 0x71487b401580>'}
2026-08-22 23:51:54.438 /testbed/src/flask/app.py:1065 flask.app.Flask.ensure_sync event=call locals={'func': '<function TestIndirectExceptionCallGraph.test_generated_requests_exercise_error_pipeline.<locals>.generated_failure.<locals>.local_after at 0x71487b401580>', 'self': "<Flask 'runtime_exception_graph'>"}
2026-08-22 23:51:54.438 /testbed/src/flask/app.py:1074 flask.app.Flask.ensure_sync event=line locals={}
2026-08-22 23:51:54.438 /testbed/src/flask/app.py:1077 flask.app.Flask.ensure_sync event=line locals={}
2026-08-22 23:51:54.438 /testbed/src/flask/app.py:1077 flask.app.Flask.ensure_sync event=return retval=<function TestIndirectExceptionCallGraph.test_generated_requests_exercise_error_pipeline.<locals>.generated_failure.<locals>.local_after at 0x71487b401580> locals={'func': '<function TestIndirectExceptionCallGraph.test_generated_requests_exercise_error_pipeline.<locals>.generated_failure.<locals>.local_after at 0x71487b401580>', 'self': "<Flask 'runtime_exception_graph'>"}
2026-08-22 23:51:54.438 /testbed/src/flask/app.py:1407 flask.app.Flask.process_response event=line locals={}
2026-08-22 23:51:54.438 /testbed/src/flask/app.py:1408 flask.app.Flask.process_response event=line locals={'func': '<function TestIndirectExceptionCallGraph.test_generated_requests_exercise_error_pipeline.<locals>.generated_failure.<locals>.local_after at 0x71487b401620>'}
2026-08-22 23:51:54.438 /testbed/src/flask/app.py:1065 flask.app.Flask.ensure_sync event=call locals={'func': '<function TestIndirectExceptionCallGraph.test_generated_requests_exercise_error_pipeline.<locals>.generated_failure.<locals>.local_after at 0x71487b401620>', 'self': "<Flask 'runtime_exception_graph'>"}
2026-08-22 23:51:54.438 /testbed/src/flask/app.py:1074 flask.app.Flask.ensure_sync event=line locals={}
2026-08-22 23:51:54.439 /testbed/src/flask/app.py:1077 flask.app.Flask.ensure_sync event=line locals={}
2026-08-22 23:51:54.439 /testbed/src/flask/app.py:1077 flask.app.Flask.ensure_sync event=return retval=<function TestIndirectExceptionCallGraph.test_generated_requests_exercise_error_pipeline.<locals>.generated_failure.<locals>.local_after at 0x71487b401620> locals={'func': '<function TestIndirectExceptionCallGraph.test_generated_requests_exercise_error_pipeline.<locals>.generated_failure.<locals>.local_after at 0x71487b401620>', 'self': "<Flask 'runtime_exception_graph'>"}
2026-08-22 23:51:54.439 /testbed/src/flask/app.py:1407 flask.app.Flask.process_response event=line locals={}
2026-08-22 23:51:54.439 /testbed/src/flask/app.py:1408 flask.app.Flask.process_response event=line locals={'func': '<function TestIndirectExceptionCallGraph.test_generated_requests_exercise_error_pipeline.<locals>.generated_failure.<locals>.local_after at 0x71487b4016c0>'}
2026-08-22 23:51:54.439 /testbed/src/flask/app.py:1065 flask.app.Flask.ensure_sync event=call locals={'func': '<function TestIndirectExceptionCallGraph.test_generated_requests_exercise_error_pipeline.<locals>.generated_failure.<locals>.local_after at 0x71487b4016c0>', 'self': "<Flask 'runtime_exception_graph'>"}
2026-08-22 23:51:54.439 /testbed/src/flask/app.py:1074 flask.app.Flask.ensure_sync event=line locals={}
2026-08-22 23:51:54.439 /testbed/src/flask/app.py:1077 flask.app.Flask.ensure_sync event=line locals={}
2026-08-22 23:51:54.439 /testbed/src/flask/app.py:1077 flask.app.Flask.ensure_sync event=return retval=<function TestIndirectExceptionCallGraph.test_generated_requests_exercise_error_pipeline.<locals>.generated_failure.<locals>.local_after at 0x71487b4016c0> locals={'func': '<function TestIndirectExceptionCallGraph.test_generated_requests_exercise_error_pipeline.<locals>.generated_failure.<locals>.local_after at 0x71487b4016c0>', 'self': "<Flask 'runtime_exception_graph'>"}
2026-08-22 23:51:54.439 /testbed/src/flask/app.py:1407 flask.app.Flask.process_response event=line locals={}
2026-08-22 23:51:54.439 /testbed/src/flask/app.py:1408 flask.app.Flask.process_response event=line locals={'func': '<function TestIndirectExceptionCallGraph.test_generated_requests_exercise_error_pipeline.<locals>.generated_failure.<locals>.local_after at 0x71487b401760>'}
2026-08-22 23:51:54.439 /testbed/src/flask/app.py:1065 flask.app.Flask.ensure_sync event=call locals={'func': '<function TestIndirectExceptionCallGraph.test_generated_requests_exercise_error_pipeline.<locals>.generated_failure.<locals>.local_after at 0x71487b401760>', 'self': "<Flask 'runtime_exception_graph'>"}
2026-08-22 23:51:54.439 /testbed/src/flask/app.py:1074 flask.app.Flask.ensure_sync event=line locals={}
2026-08-22 23:51:54.439 /testbed/src/flask/app.py:1077 flask.app.Flask.ensure_sync event=line locals={}
2026-08-22 23:51:54.439 /testbed/src/flask/app.py:1077 flask.app.Flask.ensure_sync event=return retval=<function TestIndirectExceptionCallGraph.test_generated_requests_exercise_error_pipeline.<locals>.generated_failure.<locals>.local_after at 0x71487b401760> locals={'func': '<function TestIndirectExceptionCallGraph.test_generated_requests_exercise_error_pipeline.<locals>.generated_failure.<locals>.local_after at 0x71487b401760>', 'self': "<Flask 'runtime_exception_graph'>"}
2026-08-22 23:51:54.439 /testbed/src/flask/app.py:1407 flask.app.Flask.process_response event=line locals={}
2026-08-22 23:51:54.439 /testbed/src/flask/app.py:1408 flask.app.Flask.process_response event=line locals={'func': '<function TestIndirectExceptionCallGraph.test_generated_requests_exercise_error_pipeline.<locals>.generated_failure.<locals>.local_after at 0x71487b401800>'}
2026-08-22 23:51:54.439 /testbed/src/flask/app.py:1065 flask.app.Flask.ensure_sync event=call locals={'func': '<function TestIndirectExceptionCallGraph.test_generated_requests_exercise_error_pipeline.<locals>.generated_failure.<locals>.local_after at 0x71487b401800>', 'self': "<Flask 'runtime_exception_graph'>"}
2026-08-22 23:51:54.439 /testbed/src/flask/app.py:1074 flask.app.Flask.ensure_sync event=line locals={}
2026-08-22 23:51:54.439 /testbed/src/flask/app.py:1077 flask.app.Flask.ensure_sync event=line locals={}
2026-08-22 23:51:54.439 /testbed/src/flask/app.py:1077 flask.app.Flask.ensure_sync event=return retval=<function TestIndirectExceptionCallGraph.test_generated_requests_exercise_error_pipeline.<locals>.generated_failure.<locals>.local_after at 0x71487b401800> locals={'func': '<function TestIndirectExceptionCallGraph.test_generated_requests_exercise_error_pipeline.<locals>.generated_failure.<locals>.local_after at 0x71487b401800>', 'self': "<Flask 'runtime_exception_graph'>"}
2026-08-22 23:51:54.439 /testbed/src/flask/app.py:1407 flask.app.Flask.process_response event=line locals={}
2026-08-22 23:51:54.439 /testbed/src/flask/app.py:1410 flask.app.Flask.process_response event=line locals={}
2026-08-22 23:51:54.439 /testbed/src/flask/app.py:1411 flask.app.Flask.process_response event=line locals={'name': 'None'}
2026-08-22 23:51:54.439 /testbed/src/flask/app.py:1412 flask.app.Flask.process_response event=line locals={}
2026-08-22 23:51:54.439 /testbed/src/flask/app.py:1413 flask.app.Flask.process_response event=line locals={'func': '<function TestIndirectExceptionCallGraph.test_generated_requests_exercise_error_pipeline.<locals>.global_after at 0x71487b39c5e0>'}
2026-08-22 23:51:54.439 /testbed/src/flask/app.py:1065 flask.app.Flask.ensure_sync event=call locals={'func': '<function TestIndirectExceptionCallGraph.test_generated_requests_exercise_error_pipeline.<locals>.global_after at 0x71487b39c5e0>', 'self': "<Flask 'runtime_exception_graph'>"}
2026-08-22 23:51:54.439 /testbed/src/flask/app.py:1074 flask.app.Flask.ensure_sync event=line locals={}
2026-08-22 23:51:54.439 /testbed/src/flask/app.py:1077 flask.app.Flask.ensure_sync event=line locals={}
2026-08-22 23:51:54.439 /testbed/src/flask/app.py:1077 flask.app.Flask.ensure_sync event=return retval=<function TestIndirectExceptionCallGraph.test_generated_requests_exercise_error_pipeline.<locals>.global_after at 0x71487b39c5e0> locals={'func': '<function TestIndirectExceptionCallGraph.test_generated_requests_exercise_error_pipeline.<locals>.global_after at 0x71487b39c5e0>', 'self': "<Flask 'runtime_exception_graph'>"}
2026-08-22 23:51:54.439 /testbed/src/flask/app.py:1412 flask.app.Flask.process_response event=line locals={}
2026-08-22 23:51:54.439 /testbed/src/flask/app.py:1413 flask.app.Flask.process_response event=line locals={'func': '<function TestIndirectExceptionCallGraph.test_generated_requests_exercise_error_pipeline.<locals>.global_after at 0x71487b39c540>'}
2026-08-22 23:51:54.439 /testbed/src/flask/app.py:1065 flask.app.Flask.ensure_sync event=call locals={'func': '<function TestIndirectExceptionCallGraph.test_generated_requests_exercise_error_pipeline.<locals>.global_after at 0x71487b39c540>', 'self': "<Flask 'runtime_exception_graph'>"}
2026-08-22 23:51:54.439 /testbed/src/flask/app.py:1074 flask.app.Flask.ensure_sync event=line locals={}
2026-08-22 23:51:54.439 /testbed/src/flask/app.py:1077 flask.app.Flask.ensure_sync event=line locals={}
2026-08-22 23:51:54.439 /testbed/src/flask/app.py:1077 flask.app.Flask.ensure_sync event=return retval=<function TestIndirectExceptionCallGraph.test_generated_requests_exercise_error_pipeline.<locals>.global_after at 0x71487b39c540> locals={'func': '<function TestIndirectExceptionCallGraph.test_generated_requests_exercise_error_pipeline.<locals>.global_after at 0x71487b39c540>', 'self': "<Flask 'runtime_exception_graph'>"}
2026-08-22 23:51:54.439 /testbed/src/flask/app.py:1412 flask.app.Flask.process_response event=line locals={}
2026-08-22 23:51:54.439 /testbed/src/flask/app.py:1413 flask.app.Flask.process_response event=line locals={'func': '<function TestIndirectExceptionCallGraph.test_generated_requests_exercise_error_pipeline.<locals>.global_after at 0x71487b39c4a0>'}
2026-08-22 23:51:54.439 /testbed/src/flask/app.py:1065 flask.app.Flask.ensure_sync event=call locals={'func': '<function TestIndirectExceptionCallGraph.test_generated_requests_exercise_error_pipeline.<locals>.global_after at 0x71487b39c4a0>', 'self': "<Flask 'runtime_exception_graph'>"}
2026-08-22 23:51:54.439 /testbed/src/flask/app.py:1074 flask.app.Flask.ensure_sync event=line locals={}
2026-08-22 23:51:54.440 /testbed/src/flask/app.py:1077 flask.app.Flask.ensure_sync event=line locals={}
2026-08-22 23:51:54.440 /testbed/src/flask/app.py:1077 flask.app.Flask.ensure_sync event=return retval=<function TestIndirectExceptionCallGraph.test_generated_requests_exercise_error_pipeline.<locals>.global_after at 0x71487b39c4a0> locals={'func': '<function TestIndirectExceptionCallGraph.test_generated_requests_exercise_error_pipeline.<locals>.global_after at 0x71487b39c4a0>', 'self': "<Flask 'runtime_exception_graph'>"}
2026-08-22 23:51:54.440 /testbed/src/flask/app.py:1412 flask.app.Flask.process_response event=line locals={}
2026-08-22 23:51:54.440 /testbed/src/flask/app.py:1413 flask.app.Flask.process_response event=line locals={'func': '<function TestIndirectExceptionCallGraph.test_generated_requests_exercise_error_pipeline.<locals>.global_after at 0x71487b39c400>'}
2026-08-22 23:51:54.440 /testbed/src/flask/app.py:1065 flask.app.Flask.ensure_sync event=call locals={'func': '<function TestIndirectExceptionCallGraph.test_generated_requests_exercise_error_pipeline.<locals>.global_after at 0x71487b39c400>', 'self': "<Flask 'runtime_exception_graph'>"}
2026-08-22 23:51:54.440 /testbed/src/flask/app.py:1074 flask.app.Flask.ensure_sync event=line locals={}
2026-08-22 23:51:54.440 /testbed/src/flask/app.py:1077 flask.app.Flask.ensure_sync event=line locals={}
2026-08-22 23:51:54.440 /testbed/src/flask/app.py:1077 flask.app.Flask.ensure_sync event=return retval=<function TestIndirectExceptionCallGraph.test_generated_requests_exercise_error_pipeline.<locals>.global_after at 0x71487b39c400> locals={'func': '<function TestIndirectExceptionCallGraph.test_generated_requests_exercise_error_pipeline.<locals>.global_after at 0x71487b39c400>', 'self': "<Flask 'runtime_exception_graph'>"}
2026-08-22 23:51:54.440 /testbed/src/flask/app.py:1412 flask.app.Flask.process_response event=line locals={}
2026-08-22 23:51:54.440 /testbed/src/flask/app.py:1413 flask.app.Flask.process_response event=line locals={'func': '<function TestIndirectExceptionCallGraph.test_generated_requests_exercise_error_pipeline.<locals>.global_after at 0x71487b39c360>'}
2026-08-22 23:51:54.440 /testbed/src/flask/app.py:1065 flask.app.Flask.ensure_sync event=call locals={'func': '<function TestIndirectExceptionCallGraph.test_generated_requests_exercise_error_pipeline.<locals>.global_after at 0x71487b39c360>', 'self': "<Flask 'runtime_exception_graph'>"}
2026-08-22 23:51:54.440 /testbed/src/flask/app.py:1074 flask.app.Flask.ensure_sync event=line locals={}
2026-08-22 23:51:54.440 /testbed/src/flask/app.py:1077 flask.app.Flask.ensure_sync event=line locals={}
2026-08-22 23:51:54.440 /testbed/src/flask/app.py:1077 flask.app.Flask.ensure_sync event=return retval=<function TestIndirectExceptionCallGraph.test_generated_requests_exercise_error_pipeline.<locals>.global_after at 0x71487b39c360> locals={'func': '<function TestIndirectExceptionCallGraph.test_generated_requests_exercise_error_pipeline.<locals>.global_after at 0x71487b39c360>', 'self': "<Flask 'runtime_exception_graph'>"}
2026-08-22 23:51:54.440 /testbed/src/flask/app.py:1412 flask.app.Flask.process_response event=line locals={}
2026-08-22 23:51:54.440 /testbed/src/flask/app.py:1413 flask.app.Flask.process_response event=line locals={'func': '<function TestIndirectExceptionCallGraph.test_generated_requests_exercise_error_pipeline.<locals>.global_after at 0x71487b39c2c0>'}
2026-08-22 23:51:54.440 /testbed/src/flask/app.py:1065 flask.app.Flask.ensure_sync event=call locals={'func': '<function TestIndirectExceptionCallGraph.test_generated_requests_exercise_error_pipeline.<locals>.global_after at 0x71487b39c2c0>', 'self': "<Flask 'runtime_exception_graph'>"}
2026-08-22 23:51:54.440 /testbed/src/flask/app.py:1074 flask.app.Flask.ensure_sync event=line locals={}
2026-08-22 23:51:54.440 /testbed/src/flask/app.py:1077 flask.app.Flask.ensure_sync event=line locals={}
2026-08-22 23:51:54.440 /testbed/src/flask/app.py:1077 flask.app.Flask.ensure_sync event=return retval=<function TestIndirectExceptionCallGraph.test_generated_requests_exercise_error_pipeline.<locals>.global_after at 0x71487b39c2c0> locals={'func': '<function TestIndirectExceptionCallGraph.test_generated_requests_exercise_error_pipeline.<locals>.global_after at 0x71487b39c2c0>', 'self': "<Flask 'runtime_exception_graph'>"}
2026-08-22 23:51:54.440 /testbed/src/flask/app.py:1412 flask.app.Flask.process_response event=line locals={}
2026-08-22 23:51:54.440 /testbed/src/flask/app.py:1413 flask.app.Flask.process_response event=line locals={'func': '<function TestIndirectExceptionCallGraph.test_generated_requests_exercise_error_pipeline.<locals>.global_after at 0x71487b39c220>'}
2026-08-22 23:51:54.440 /testbed/src/flask/app.py:1065 flask.app.Flask.ensure_sync event=call locals={'func': '<function TestIndirectExceptionCallGraph.test_generated_requests_exercise_error_pipeline.<locals>.global_after at 0x71487b39c220>', 'self': "<Flask 'runtime_exception_graph'>"}
2026-08-22 23:51:54.440 /testbed/src/flask/app.py:1074 flask.app.Flask.ensure_sync event=line locals={}
2026-08-22 23:51:54.440 /testbed/src/flask/app.py:1077 flask.app.Flask.ensure_sync event=line locals={}
2026-08-22 23:51:54.440 /testbed/src/flask/app.py:1077 flask.app.Flask.ensure_sync event=return retval=<function TestIndirectExceptionCallGraph.test_generated_requests_exercise_error_pipeline.<locals>.global_after at 0x71487b39c220> locals={'func': '<function TestIndirectExceptionCallGraph.test_generated_requests_exercise_error_pipeline.<locals>.global_after at 0x71487b39c220>', 'self': "<Flask 'runtime_exception_graph'>"}
2026-08-22 23:51:54.440 /testbed/src/flask/app.py:1412 flask.app.Flask.process_response event=line locals={}
2026-08-22 23:51:54.440 /testbed/src/flask/app.py:1413 flask.app.Flask.process_response event=line locals={'func': '<function TestIndirectExceptionCallGraph.test_generated_requests_exercise_error_pipeline.<locals>.global_after at 0x71487b39c180>'}
2026-08-22 23:51:54.440 /testbed/src/flask/app.py:1065 flask.app.Flask.ensure_sync event=call locals={'func': '<function TestIndirectExceptionCallGraph.test_generated_requests_exercise_error_pipeline.<locals>.global_after at 0x71487b39c180>', 'self': "<Flask 'runtime_exception_graph'>"}
2026-08-22 23:51:54.440 /testbed/src/flask/app.py:1074 flask.app.Flask.ensure_sync event=line locals={}
2026-08-22 23:51:54.440 /testbed/src/flask/app.py:1077 flask.app.Flask.ensure_sync event=line locals={}
2026-08-22 23:51:54.440 /testbed/src/flask/app.py:1077 flask.app.Flask.ensure_sync event=return retval=<function TestIndirectExceptionCallGraph.test_generated_requests_exercise_error_pipeline.<locals>.global_after at 0x71487b39c180> locals={'func': '<function TestIndirectExceptionCallGraph.test_generated_requests_exercise_error_pipeline.<locals>.global_after at 0x71487b39c180>', 'self': "<Flask 'runtime_exception_graph'>"}
2026-08-22 23:51:54.440 /testbed/src/flask/app.py:1412 flask.app.Flask.process_response event=line locals={}
2026-08-22 23:51:54.440 /testbed/src/flask/app.py:1413 flask.app.Flask.process_response event=line locals={'func': '<function TestIndirectExceptionCallGraph.test_generated_requests_exercise_error_pipeline.<locals>.global_after at 0x71487b39c040>'}
2026-08-22 23:51:54.440 /testbed/src/flask/app.py:1065 flask.app.Flask.ensure_sync event=call locals={'func': '<function TestIndirectExceptionCallGraph.test_generated_requests_exercise_error_pipeline.<locals>.global_after at 0x71487b39c040>', 'self': "<Flask 'runtime_exception_graph'>"}
2026-08-22 23:51:54.440 /testbed/src/flask/app.py:1074 flask.app.Flask.ensure_sync event=line locals={}
2026-08-22 23:51:54.440 /testbed/src/flask/app.py:1077 flask.app.Flask.ensure_sync event=line locals={}
2026-08-22 23:51:54.440 /testbed/src/flask/app.py:1077 flask.app.Flask.ensure_sync event=return retval=<function TestIndirectExceptionCallGraph.test_generated_requests_exercise_error_pipeline.<locals>.global_after at 0x71487b39c040> locals={'func': '<function TestIndirectExceptionCallGraph.test_generated_requests_exercise_error_pipeline.<locals>.global_after at 0x71487b39c040>', 'self': "<Flask 'runtime_exception_graph'>"}
2026-08-22 23:51:54.440 /testbed/src/flask/app.py:1412 flask.app.Flask.process_response event=line locals={}
2026-08-22 23:51:54.440 /testbed/src/flask/app.py:1410 flask.app.Flask.process_response event=line locals={}
2026-08-22 23:51:54.440 /testbed/src/flask/app.py:1415 flask.app.Flask.process_response event=line locals={}
2026-08-22 23:51:54.440 /testbed/src/flask/app.py:1418 flask.app.Flask.process_response event=line locals={}
2026-08-22 23:51:54.440 /testbed/src/flask/app.py:1418 flask.app.Flask.process_response event=return retval=<Response 14 bytes [500 INTERNAL SERVER ERROR]> locals={'ctx': "<AppContext 124556119529872 of runtime_exception_graph, GET 'http://localhost/generated/2'>", 'func': '<function TestIndirectExceptionCallGraph.test_generated_requests_exercise_error_pipeline.<locals>.global_after at 0x71487b39c040>', 'name': 'None', 'response': '<Response 14 bytes [500 INTERNAL SERVER ERROR]>', 'self': "<Flask 'runtime_exception_graph'>"}
2026-08-22 23:51:54.441 /testbed/src/flask/app.py:1042 flask.app.Flask.finalize_request event=line locals={}
2026-08-22 23:51:54.441 /testbed/src/flask/app.py:1043 flask.app.Flask.finalize_request event=line locals={}
2026-08-22 23:51:54.441 /testbed/src/flask/app.py:1042 flask.app.Flask.finalize_request event=line locals={}
2026-08-22 23:51:54.441 /testbed/src/flask/app.py:1051 flask.app.Flask.finalize_request event=line locals={}
2026-08-22 23:51:54.441 /testbed/src/flask/app.py:1051 flask.app.Flask.finalize_request event=return retval=<Response 14 bytes [500 INTERNAL SERVER ERROR]> locals={'ctx': "<AppContext 124556119529872 of runtime_exception_graph, GET 'http://localhost/generated/2'>", 'from_error_handler': 'True', 'response': '<Response 14 bytes [500 INTERNAL SERVER ERROR]>', 'rv': "([493610, 1, 18], 500, {'X-QA-Mode': '1'})", 'self': "<Flask 'runtime_exception_graph'>"}
2026-08-22 23:51:54.441 /testbed/src/flask/app.py:948 flask.app.Flask.handle_exception event=return retval=<Response 14 bytes [500 INTERNAL SERVER ERROR]> locals={'ctx': "<AppContext 124556119529872 of runtime_exception_graph, GET 'http://localhost/generated/2'>", 'e': "RuntimeError('generated failure c8cdb')", 'exc_info': "(<class 'RuntimeError'>, RuntimeError('generated failure c8cdb'), <traceback object at 0x71487b426880>)", 'handler': '<function TestIndirectExceptionCallGraph.test_generated_requests_exercise_error_pipeline.<locals>.convert_unhandled_error at 0x71487b39c720>', 'propagate': 'False', 'self': "<Flask 'runtime_exception_graph'>", 'server_error': "([493610, 1, 18], 500, {'X-QA-Mode': '1'})"}
