2026-08-22 23:51:55.495 [TRACE][START] pid=47 TRACE_OUT='/testbed/logs/flask_qa/app_url_for_s3_state__pert_llm_s0/trace.log' TRACE_FILE='src/flask/app.py' TRACE_FUNCS=['Flask.url_for'] TRACE_EVENTS=['call', 'exception', 'line', 'return']
2026-08-22 23:51:55.542 /testbed/src/flask/app.py:1102 flask.app.Flask.url_for event=call locals={'_anchor': "'ylsl / 2393 / 5ubkq / #&?%!'", '_external': 'False', '_method': "'PUT'", '_scheme': 'None', 'endpoint': "'.mtdt3q6%ccwr6'", 'self': "<Flask 'testcase'>", 'values': "{'item_id': 1932, 'slug': 'jwuehd_-stn%6hly', 'batch': 89}"}
2026-08-22 23:51:55.542 /testbed/src/flask/app.py:1159 flask.app.Flask.url_for event=line locals={}
2026-08-22 23:51:55.542 /testbed/src/flask/app.py:1160 flask.app.Flask.url_for event=line locals={'ctx': "<AppContext 132672011232272 of testcase, GET 'https://api.example.test/myapp/g3dvr7056/h9iajtghvq1k'>"}
2026-08-22 23:51:55.542 /testbed/src/flask/app.py:1161 flask.app.Flask.url_for event=line locals={'url_adapter': '<werkzeug.routing.map.MapAdapter object at 0x78aa1d2f8890>'}
2026-08-22 23:51:55.542 /testbed/src/flask/app.py:1165 flask.app.Flask.url_for event=line locals={'blueprint_name': "'lx5vctr60lx'"}
2026-08-22 23:51:55.542 /testbed/src/flask/app.py:1166 flask.app.Flask.url_for event=line locals={}
2026-08-22 23:51:55.542 /testbed/src/flask/app.py:1167 flask.app.Flask.url_for event=line locals={}
2026-08-22 23:51:55.542 /testbed/src/flask/app.py:1173 flask.app.Flask.url_for event=line locals={'endpoint': "'lx5vctr60lx.mtdt3q6%ccwr6'"}
2026-08-22 23:51:55.543 /testbed/src/flask/app.py:1199 flask.app.Flask.url_for event=line locals={}
2026-08-22 23:51:55.543 /testbed/src/flask/app.py:1202 flask.app.Flask.url_for event=line locals={}
2026-08-22 23:51:55.543 /testbed/src/flask/app.py:1204 flask.app.Flask.url_for event=line locals={'values': "{'item_id': 1932, 'slug': 'jwuehd_-stn%6hly', 'batch': 89, 'signature': '1c819', 'phase': 16}"}
2026-08-22 23:51:55.543 /testbed/src/flask/app.py:1205 flask.app.Flask.url_for event=line locals={}
2026-08-22 23:51:55.543 /testbed/src/flask/app.py:1206 flask.app.Flask.url_for event=line locals={}
2026-08-22 23:51:55.543 /testbed/src/flask/app.py:1207 flask.app.Flask.url_for event=line locals={}
2026-08-22 23:51:55.543 /testbed/src/flask/app.py:1208 flask.app.Flask.url_for event=line locals={}
2026-08-22 23:51:55.543 /testbed/src/flask/app.py:1209 flask.app.Flask.url_for event=line locals={}
2026-08-22 23:51:55.543 /testbed/src/flask/app.py:1210 flask.app.Flask.url_for event=line locals={}
2026-08-22 23:51:55.543 /testbed/src/flask/app.py:1205 flask.app.Flask.url_for event=line locals={}
2026-08-22 23:51:55.544 /testbed/src/flask/app.py:1218 flask.app.Flask.url_for event=line locals={'rv': "'/myapp/g3dvr7056/sv1-0xs6/1932/jwuehd_-stn%256hly/h%25d-f?batch=89&signature=1c819&phase=16'"}
2026-08-22 23:51:55.544 /testbed/src/flask/app.py:1219 flask.app.Flask.url_for event=line locals={}
2026-08-22 23:51:55.544 /testbed/src/flask/app.py:1220 flask.app.Flask.url_for event=line locals={'_anchor': "'ylsl%20/%202393%20/%205ubkq%20/%20#&?%!'"}
2026-08-22 23:51:55.544 /testbed/src/flask/app.py:1222 flask.app.Flask.url_for event=line locals={'rv': "'/myapp/g3dvr7056/sv1-0xs6/1932/jwuehd_-stn%256hly/h%25d-f?batch=89&signature=1c819&phase=16#ylsl%20/%202393%20/%205ubkq%20/%20#&?%!'"}
2026-08-22 23:51:55.544 /testbed/src/flask/app.py:1222 flask.app.Flask.url_for event=return retval='/myapp/g3dvr7056/sv1-0xs6/1932/jwuehd_-stn%256hly/h%25d-f?batch=89&signature=1c819&phase=16#ylsl%20/%202393%20/%205ubkq%20/%20#&?%!' locals={'_anchor': "'ylsl%20/%202393%20/%205ubkq%20/%20#&?%!'", '_external': 'False', '_method': "'PUT'", '_scheme': 'None', 'blueprint_name': "'lx5vctr60lx'", 'ctx': "<AppContext 132672011232272 of testcase, GET 'https://api.example.test/myapp/g3dvr7056/h9iajtghvq1k'>", 'endpoint': "'lx5vctr60lx.mtdt3q6%ccwr6'", 'rv': "'/myapp/g3dvr7056/sv1-0xs6/1932/jwuehd_-stn%256hly/h%25d-f?batch=89&signature=1c819&phase=16#ylsl%20/%202393%20/%205ubkq%20/%20#&?%!'", 'self': "<Flask 'testcase'>", 'url_adapter': '<werkzeug.routing.map.MapAdapter object at 0x78aa1d2f8890>', 'values': "{'item_id': 1932, 'slug': 'jwuehd_-stn%6hly', 'batch': 89, 'signature': '1c819', 'phase': 16}"}
2026-08-22 23:51:55.545 /testbed/src/flask/app.py:1102 flask.app.Flask.url_for event=call locals={'_anchor': "'6l6c2 / 70 / vgkjr% / a7d1'", '_external': 'False', '_method': "'GET'", '_scheme': 'None', 'endpoint': "'.mtdt3q6%ccwr6'", 'self': "<Flask 'testcase'>", 'values': "{'item_id': 3025, 'slug': 'er1-gxxs9-ew%dhr89a7-xwp', 'batch': 0}"}
2026-08-22 23:51:55.545 /testbed/src/flask/app.py:1159 flask.app.Flask.url_for event=line locals={}
2026-08-22 23:51:55.545 /testbed/src/flask/app.py:1160 flask.app.Flask.url_for event=line locals={'ctx': "<AppContext 132672011232272 of testcase, GET 'https://api.example.test/myapp/g3dvr7056/h9iajtghvq1k'>"}
2026-08-22 23:51:55.545 /testbed/src/flask/app.py:1161 flask.app.Flask.url_for event=line locals={'url_adapter': '<werkzeug.routing.map.MapAdapter object at 0x78aa1d2f8890>'}
2026-08-22 23:51:55.545 /testbed/src/flask/app.py:1165 flask.app.Flask.url_for event=line locals={'blueprint_name': "'lx5vctr60lx'"}
2026-08-22 23:51:55.545 /testbed/src/flask/app.py:1166 flask.app.Flask.url_for event=line locals={}
2026-08-22 23:51:55.545 /testbed/src/flask/app.py:1167 flask.app.Flask.url_for event=line locals={}
2026-08-22 23:51:55.545 /testbed/src/flask/app.py:1173 flask.app.Flask.url_for event=line locals={'endpoint': "'lx5vctr60lx.mtdt3q6%ccwr6'"}
2026-08-22 23:51:55.545 /testbed/src/flask/app.py:1199 flask.app.Flask.url_for event=line locals={}
2026-08-22 23:51:55.546 /testbed/src/flask/app.py:1202 flask.app.Flask.url_for event=line locals={}
2026-08-22 23:51:55.546 /testbed/src/flask/app.py:1204 flask.app.Flask.url_for event=line locals={'values': "{'item_id': 3025, 'slug': 'er1-gxxs9-ew%dhr89a7-xwp', 'batch': 0, 'signature': '255fd', 'phase': 26}"}
2026-08-22 23:51:55.546 /testbed/src/flask/app.py:1205 flask.app.Flask.url_for event=line locals={}
2026-08-22 23:51:55.546 /testbed/src/flask/app.py:1206 flask.app.Flask.url_for event=line locals={}
2026-08-22 23:51:55.546 /testbed/src/flask/app.py:1207 flask.app.Flask.url_for event=line locals={}
2026-08-22 23:51:55.546 /testbed/src/flask/app.py:1208 flask.app.Flask.url_for event=line locals={}
2026-08-22 23:51:55.546 /testbed/src/flask/app.py:1209 flask.app.Flask.url_for event=line locals={}
2026-08-22 23:51:55.546 /testbed/src/flask/app.py:1210 flask.app.Flask.url_for event=line locals={}
2026-08-22 23:51:55.546 /testbed/src/flask/app.py:1205 flask.app.Flask.url_for event=line locals={}
2026-08-22 23:51:55.546 /testbed/src/flask/app.py:1218 flask.app.Flask.url_for event=line locals={'rv': "'/myapp/g3dvr7056/sv1-0xs6/3025/er1-gxxs9-ew%25dhr89a7-xwp/h%25d-f?batch=0&signature=255fd&phase=26'"}
2026-08-22 23:51:55.546 /testbed/src/flask/app.py:1219 flask.app.Flask.url_for event=line locals={}
2026-08-22 23:51:55.547 /testbed/src/flask/app.py:1220 flask.app.Flask.url_for event=line locals={'_anchor': "'6l6c2%20/%2070%20/%20vgkjr%%20/%20a7d1'"}
2026-08-22 23:51:55.547 /testbed/src/flask/app.py:1222 flask.app.Flask.url_for event=line locals={'rv': "'/myapp/g3dvr7056/sv1-0xs6/3025/er1-gxxs9-ew%25dhr89a7-xwp/h%25d-f?batch=0&signature=255fd&phase=26#6l6c2%20/%2070%20/%20vgkjr%%20/%20a7d1'"}
2026-08-22 23:51:55.547 /testbed/src/flask/app.py:1222 flask.app.Flask.url_for event=return retval='/myapp/g3dvr7056/sv1-0xs6/3025/er1-gxxs9-ew%25dhr89a7-xwp/h%25d-f?batch=0&signature=255fd&phase=26#6l6c2%20/%2070%20/%20vgkjr%%20/%20a7d1' locals={'_anchor': "'6l6c2%20/%2070%20/%20vgkjr%%20/%20a7d1'", '_external': 'False', '_method': "'GET'", '_scheme': 'None', 'blueprint_name': "'lx5vctr60lx'", 'ctx': "<AppContext 132672011232272 of testcase, GET 'https://api.example.test/myapp/g3dvr7056/h9iajtghvq1k'>", 'endpoint': "'lx5vctr60lx.mtdt3q6%ccwr6'", 'rv': "'/myapp/g3dvr7056/sv1-0xs6/3025/er1-gxxs9-ew%25dhr89a7-xwp/h%25d-f?batch=0&signature=255fd&phase=26#6l6c2%20/%2070%20/%20vgkjr%%20/%20a7d1'", 'self': "<Flask 'testcase'>", 'url_adapter': '<werkzeug.routing.map.MapAdapter object at 0x78aa1d2f8890>', 'values': "{'item_id': 3025, 'slug': 'er1-gxxs9-ew%dhr89a7-xwp', 'batch': 0, 'signature': '255fd', 'phase': 26}"}
2026-08-22 23:51:55.548 /testbed/src/flask/app.py:1102 flask.app.Flask.url_for event=call locals={'_anchor': "'5jc9hq / 2376 / 7o1db1r / k8d5'", '_external': 'True', '_method': "'POST'", '_scheme': 'None', 'endpoint': "'.mtdt3q6%ccwr6'", 'self': "<Flask 'testcase'>", 'values': "{'item_id': 9251, 'slug': '5eilf0w3-drke0%s2d-8ul6o99zvb-ca3', 'batch': 0}"}
2026-08-22 23:51:55.548 /testbed/src/flask/app.py:1159 flask.app.Flask.url_for event=line locals={}
2026-08-22 23:51:55.548 /testbed/src/flask/app.py:1160 flask.app.Flask.url_for event=line locals={'ctx': "<AppContext 132672011232272 of testcase, GET 'https://api.example.test/myapp/g3dvr7056/h9iajtghvq1k'>"}
2026-08-22 23:51:55.548 /testbed/src/flask/app.py:1161 flask.app.Flask.url_for event=line locals={'url_adapter': '<werkzeug.routing.map.MapAdapter object at 0x78aa1d2f8890>'}
2026-08-22 23:51:55.548 /testbed/src/flask/app.py:1165 flask.app.Flask.url_for event=line locals={'blueprint_name': "'lx5vctr60lx'"}
2026-08-22 23:51:55.548 /testbed/src/flask/app.py:1166 flask.app.Flask.url_for event=line locals={}
2026-08-22 23:51:55.548 /testbed/src/flask/app.py:1167 flask.app.Flask.url_for event=line locals={}
2026-08-22 23:51:55.548 /testbed/src/flask/app.py:1173 flask.app.Flask.url_for event=line locals={'endpoint': "'lx5vctr60lx.mtdt3q6%ccwr6'"}
2026-08-22 23:51:55.548 /testbed/src/flask/app.py:1199 flask.app.Flask.url_for event=line locals={}
2026-08-22 23:51:55.548 /testbed/src/flask/app.py:1202 flask.app.Flask.url_for event=line locals={}
2026-08-22 23:51:55.548 /testbed/src/flask/app.py:1204 flask.app.Flask.url_for event=line locals={'values': "{'item_id': 9251, 'slug': '5eilf0w3-drke0%s2d-8ul6o99zvb-ca3', 'batch': 0, 'signature': '2b422', 'phase': 34}"}
2026-08-22 23:51:55.548 /testbed/src/flask/app.py:1205 flask.app.Flask.url_for event=line locals={}
2026-08-22 23:51:55.548 /testbed/src/flask/app.py:1206 flask.app.Flask.url_for event=line locals={}
2026-08-22 23:51:55.548 /testbed/src/flask/app.py:1207 flask.app.Flask.url_for event=line locals={}
2026-08-22 23:51:55.548 /testbed/src/flask/app.py:1208 flask.app.Flask.url_for event=line locals={}
2026-08-22 23:51:55.548 /testbed/src/flask/app.py:1209 flask.app.Flask.url_for event=line locals={}
2026-08-22 23:51:55.548 /testbed/src/flask/app.py:1210 flask.app.Flask.url_for event=line locals={}
2026-08-22 23:51:55.548 /testbed/src/flask/app.py:1205 flask.app.Flask.url_for event=line locals={}
2026-08-22 23:51:55.549 /testbed/src/flask/app.py:1218 flask.app.Flask.url_for event=line locals={'rv': "'https://api.example.test/myapp/g3dvr7056/sv1-0xs6/9251/5eilf0w3-drke0%25s2d-8ul6o99zvb-ca3/h%25d-f?batch=0&signature=2b422&phase=34'"}
2026-08-22 23:51:55.549 /testbed/src/flask/app.py:1219 flask.app.Flask.url_for event=line locals={}
2026-08-22 23:51:55.549 /testbed/src/flask/app.py:1220 flask.app.Flask.url_for event=line locals={'_anchor': "'5jc9hq%20/%202376%20/%207o1db1r%20/%20k8d5'"}
2026-08-22 23:51:55.549 /testbed/src/flask/app.py:1222 flask.app.Flask.url_for event=line locals={'rv': "'https://api.example.test/myapp/g3dvr7056/sv1-0xs6/9251/5eilf0w3-drke0%25s2d-8ul6o99zvb-ca3/h%25d-f?batch=0&signature=2b422&phase=34#5jc9hq%20/%202376%20/%207o1db1r%20/%20k8d5'"}
2026-08-22 23:51:55.549 /testbed/src/flask/app.py:1222 flask.app.Flask.url_for event=return retval='https://api.example.test/myapp/g3dvr7056/sv1-0xs6/9251/5eilf0w3-drke0%25s2d-8ul6o99zvb-ca3/h%25d-f?batch=0&signature=2b422&phase=34#5jc9hq%20/%202376%20/%207o1db1r%20/%20k8d5' locals={'_anchor': "'5jc9hq%20/%202376%20/%207o1db1r%20/%20k8d5'", '_external': 'True', '_method': "'POST'", '_scheme': 'None', 'blueprint_name': "'lx5vctr60lx'", 'ctx': "<AppContext 132672011232272 of testcase, GET 'https://api.example.test/myapp/g3dvr7056/h9iajtghvq1k'>", 'endpoint': "'lx5vctr60lx.mtdt3q6%ccwr6'", 'rv': "'https://api.example.test/myapp/g3dvr7056/sv1-0xs6/9251/5eilf0w3-drke0%25s2d-8ul6o99zvb-ca3/h%25d-f?batch=0&signature=2b422&phase=34#5jc9hq%20/%202376%20/%207o1db1r%20/%20k8d5'", 'self': "<Flask 'testcase'>", 'url_adapter': '<werkzeug.routing.map.MapAdapter object at 0x78aa1d2f8890>', 'values': "{'item_id': 9251, 'slug': '5eilf0w3-drke0%s2d-8ul6o99zvb-ca3', 'batch': 0, 'signature': '2b422', 'phase': 34}"}
2026-08-22 23:51:55.550 /testbed/src/flask/app.py:1102 flask.app.Flask.url_for event=call locals={'_anchor': "'onwo873 / 1199 / h%62h8%f / rp6r'", '_external': 'False', '_method': "'GET'", '_scheme': 'None', 'endpoint': "'.mtdt3q6%ccwr6'", 'self': "<Flask 'testcase'>", 'values': "{'item_id': 5905, 'slug': 'hj7-2k1g-1840p-isb5or-jq_g_yc', 'batch': 31}"}
2026-08-22 23:51:55.550 /testbed/src/flask/app.py:1159 flask.app.Flask.url_for event=line locals={}
2026-08-22 23:51:55.550 /testbed/src/flask/app.py:1160 flask.app.Flask.url_for event=line locals={'ctx': "<AppContext 132672011232272 of testcase, GET 'https://api.example.test/myapp/g3dvr7056/h9iajtghvq1k'>"}
2026-08-22 23:51:55.550 /testbed/src/flask/app.py:1161 flask.app.Flask.url_for event=line locals={'url_adapter': '<werkzeug.routing.map.MapAdapter object at 0x78aa1d2f8890>'}
2026-08-22 23:51:55.550 /testbed/src/flask/app.py:1165 flask.app.Flask.url_for event=line locals={'blueprint_name': "'lx5vctr60lx'"}
2026-08-22 23:51:55.550 /testbed/src/flask/app.py:1166 flask.app.Flask.url_for event=line locals={}
2026-08-22 23:51:55.550 /testbed/src/flask/app.py:1167 flask.app.Flask.url_for event=line locals={}
2026-08-22 23:51:55.550 /testbed/src/flask/app.py:1173 flask.app.Flask.url_for event=line locals={'endpoint': "'lx5vctr60lx.mtdt3q6%ccwr6'"}
2026-08-22 23:51:55.550 /testbed/src/flask/app.py:1199 flask.app.Flask.url_for event=line locals={}
2026-08-22 23:51:55.550 /testbed/src/flask/app.py:1202 flask.app.Flask.url_for event=line locals={}
2026-08-22 23:51:55.550 /testbed/src/flask/app.py:1204 flask.app.Flask.url_for event=line locals={'values': "{'item_id': 5905, 'slug': 'hj7-2k1g-1840p-isb5or-jq_g_yc', 'batch': 31, 'signature': '2fd17', 'phase': 36}"}
2026-08-22 23:51:55.550 /testbed/src/flask/app.py:1205 flask.app.Flask.url_for event=line locals={}
2026-08-22 23:51:55.550 /testbed/src/flask/app.py:1206 flask.app.Flask.url_for event=line locals={}
2026-08-22 23:51:55.550 /testbed/src/flask/app.py:1207 flask.app.Flask.url_for event=line locals={}
2026-08-22 23:51:55.550 /testbed/src/flask/app.py:1208 flask.app.Flask.url_for event=line locals={}
2026-08-22 23:51:55.550 /testbed/src/flask/app.py:1209 flask.app.Flask.url_for event=line locals={}
2026-08-22 23:51:55.551 /testbed/src/flask/app.py:1210 flask.app.Flask.url_for event=line locals={}
2026-08-22 23:51:55.551 /testbed/src/flask/app.py:1205 flask.app.Flask.url_for event=line locals={}
2026-08-22 23:51:55.551 /testbed/src/flask/app.py:1218 flask.app.Flask.url_for event=line locals={'rv': "'/myapp/g3dvr7056/sv1-0xs6/5905/hj7-2k1g-1840p-isb5or-jq_g_yc/h%25d-f?batch=31&signature=2fd17&phase=36'"}
2026-08-22 23:51:55.551 /testbed/src/flask/app.py:1219 flask.app.Flask.url_for event=line locals={}
2026-08-22 23:51:55.551 /testbed/src/flask/app.py:1220 flask.app.Flask.url_for event=line locals={'_anchor': "'onwo873%20/%201199%20/%20h%62h8%f%20/%20rp6r'"}
2026-08-22 23:51:55.551 /testbed/src/flask/app.py:1222 flask.app.Flask.url_for event=line locals={'rv': "'/myapp/g3dvr7056/sv1-0xs6/5905/hj7-2k1g-1840p-isb5or-jq_g_yc/h%25d-f?batch=31&signature=2fd17&phase=36#onwo873%20/%201199%20/%20h%62h8%f%20/%20rp6r'"}
2026-08-22 23:51:55.551 /testbed/src/flask/app.py:1222 flask.app.Flask.url_for event=return retval='/myapp/g3dvr7056/sv1-0xs6/5905/hj7-2k1g-1840p-isb5or-jq_g_yc/h%25d-f?batch=31&signature=2fd17&phase=36#onwo873%20/%201199%20/%20h%62h8%f%20/%20rp6r' locals={'_anchor': "'onwo873%20/%201199%20/%20h%62h8%f%20/%20rp6r'", '_external': 'False', '_method': "'GET'", '_scheme': 'None', 'blueprint_name': "'lx5vctr60lx'", 'ctx': "<AppContext 132672011232272 of testcase, GET 'https://api.example.test/myapp/g3dvr7056/h9iajtghvq1k'>", 'endpoint': "'lx5vctr60lx.mtdt3q6%ccwr6'", 'rv': "'/myapp/g3dvr7056/sv1-0xs6/5905/hj7-2k1g-1840p-isb5or-jq_g_yc/h%25d-f?batch=31&signature=2fd17&phase=36#onwo873%20/%201199%20/%20h%62h8%f%20/%20rp6r'", 'self': "<Flask 'testcase'>", 'url_adapter': '<werkzeug.routing.map.MapAdapter object at 0x78aa1d2f8890>', 'values': "{'item_id': 5905, 'slug': 'hj7-2k1g-1840p-isb5or-jq_g_yc', 'batch': 31, 'signature': '2fd17', 'phase': 36}"}
2026-08-22 23:51:55.552 /testbed/src/flask/app.py:1102 flask.app.Flask.url_for event=call locals={'_anchor': "'zcdre_uy / 1311 / ncwk3 / hr7_'", '_external': 'False', '_method': "'GET'", '_scheme': 'None', 'endpoint': "'.mtdt3q6%ccwr6'", 'self': "<Flask 'testcase'>", 'values': "{'item_id': 1561, 'slug': '7kc93g80-vm058f82b-_-hwts0ium-1qc-6e8g-yxlx4', 'batch': 26}"}
2026-08-22 23:51:55.552 /testbed/src/flask/app.py:1159 flask.app.Flask.url_for event=line locals={}
2026-08-22 23:51:55.552 /testbed/src/flask/app.py:1160 flask.app.Flask.url_for event=line locals={'ctx': "<AppContext 132672011232272 of testcase, GET 'https://api.example.test/myapp/g3dvr7056/h9iajtghvq1k'>"}
2026-08-22 23:51:55.552 /testbed/src/flask/app.py:1161 flask.app.Flask.url_for event=line locals={'url_adapter': '<werkzeug.routing.map.MapAdapter object at 0x78aa1d2f8890>'}
2026-08-22 23:51:55.552 /testbed/src/flask/app.py:1165 flask.app.Flask.url_for event=line locals={'blueprint_name': "'lx5vctr60lx'"}
2026-08-22 23:51:55.552 /testbed/src/flask/app.py:1166 flask.app.Flask.url_for event=line locals={}
2026-08-22 23:51:55.552 /testbed/src/flask/app.py:1167 flask.app.Flask.url_for event=line locals={}
2026-08-22 23:51:55.552 /testbed/src/flask/app.py:1173 flask.app.Flask.url_for event=line locals={'endpoint': "'lx5vctr60lx.mtdt3q6%ccwr6'"}
2026-08-22 23:51:55.552 /testbed/src/flask/app.py:1199 flask.app.Flask.url_for event=line locals={}
2026-08-22 23:51:55.552 /testbed/src/flask/app.py:1202 flask.app.Flask.url_for event=line locals={}
2026-08-22 23:51:55.553 /testbed/src/flask/app.py:1204 flask.app.Flask.url_for event=line locals={'values': "{'item_id': 1561, 'slug': '7kc93g80-vm058f82b-_-hwts0ium-1qc-6e8g-yxlx4', 'batch': 26, 'signature': '3b2c8', 'phase': 52}"}
2026-08-22 23:51:55.553 /testbed/src/flask/app.py:1205 flask.app.Flask.url_for event=line locals={}
2026-08-22 23:51:55.553 /testbed/src/flask/app.py:1206 flask.app.Flask.url_for event=line locals={}
2026-08-22 23:51:55.553 /testbed/src/flask/app.py:1207 flask.app.Flask.url_for event=line locals={}
2026-08-22 23:51:55.553 /testbed/src/flask/app.py:1208 flask.app.Flask.url_for event=line locals={}
2026-08-22 23:51:55.553 /testbed/src/flask/app.py:1209 flask.app.Flask.url_for event=line locals={}
2026-08-22 23:51:55.553 /testbed/src/flask/app.py:1210 flask.app.Flask.url_for event=line locals={}
2026-08-22 23:51:55.553 /testbed/src/flask/app.py:1205 flask.app.Flask.url_for event=line locals={}
2026-08-22 23:51:55.553 /testbed/src/flask/app.py:1218 flask.app.Flask.url_for event=line locals={'rv': "'/myapp/g3dvr7056/sv1-0xs6/1561/7kc93g80-vm058f82b-_-hwts0ium-1qc-6e8g-yxlx4/h%25d-f?batch=26&signature=3b2c8&phase=52'"}
2026-08-22 23:51:55.553 /testbed/src/flask/app.py:1219 flask.app.Flask.url_for event=line locals={}
2026-08-22 23:51:55.553 /testbed/src/flask/app.py:1220 flask.app.Flask.url_for event=line locals={'_anchor': "'zcdre_uy%20/%201311%20/%20ncwk3%20/%20hr7_'"}
2026-08-22 23:51:55.553 /testbed/src/flask/app.py:1222 flask.app.Flask.url_for event=line locals={'rv': "'/myapp/g3dvr7056/sv1-0xs6/1561/7kc93g80-vm058f82b-_-hwts0ium-1qc-6e8g-yxlx4/h%25d-f?batch=26&signature=3b2c8&phase=52#zcdre_uy%20/%201311%20/%20ncwk3%20/%20hr7_'"}
2026-08-22 23:51:55.553 /testbed/src/flask/app.py:1222 flask.app.Flask.url_for event=return retval='/myapp/g3dvr7056/sv1-0xs6/1561/7kc93g80-vm058f82b-_-hwts0ium-1qc-6e8g-yxlx4/h%25d-f?batch=26&signature=3b2c8&phase=52#zcdre_uy%20/%201311%20/%20ncwk3%20/%20hr7_' locals={'_anchor': "'zcdre_uy%20/%201311%20/%20ncwk3%20/%20hr7_'", '_external': 'False', '_method': "'GET'", '_scheme': 'None', 'blueprint_name': "'lx5vctr60lx'", 'ctx': "<AppContext 132672011232272 of testcase, GET 'https://api.example.test/myapp/g3dvr7056/h9iajtghvq1k'>", 'endpoint': "'lx5vctr60lx.mtdt3q6%ccwr6'", 'rv': "'/myapp/g3dvr7056/sv1-0xs6/1561/7kc93g80-vm058f82b-_-hwts0ium-1qc-6e8g-yxlx4/h%25d-f?batch=26&signature=3b2c8&phase=52#zcdre_uy%20/%201311%20/%20ncwk3%20/%20hr7_'", 'self': "<Flask 'testcase'>", 'url_adapter': '<werkzeug.routing.map.MapAdapter object at 0x78aa1d2f8890>', 'values': "{'item_id': 1561, 'slug': '7kc93g80-vm058f82b-_-hwts0ium-1qc-6e8g-yxlx4', 'batch': 26, 'signature': '3b2c8', 'phase': 52}"}
2026-08-22 23:51:55.555 /testbed/src/flask/app.py:1102 flask.app.Flask.url_for event=call locals={'_anchor': "'gxzx / 167 / kwyh-r / ptv6'", '_external': 'False', '_method': "'GET'", '_scheme': 'None', 'endpoint': "'.mtdt3q6%ccwr6'", 'self': "<Flask 'testcase'>", 'values': "{'item_id': 4177, 'slug': 'b3qsj-hn%68b-onp%j5h-atz2a84p-jkwv5cx34-a45qd0kju%-wq%', 'batch': 13}"}
2026-08-22 23:51:55.555 /testbed/src/flask/app.py:1159 flask.app.Flask.url_for event=line locals={}
2026-08-22 23:51:55.555 /testbed/src/flask/app.py:1160 flask.app.Flask.url_for event=line locals={'ctx': "<AppContext 132672011232272 of testcase, GET 'https://api.example.test/myapp/g3dvr7056/h9iajtghvq1k'>"}
2026-08-22 23:51:55.555 /testbed/src/flask/app.py:1161 flask.app.Flask.url_for event=line locals={'url_adapter': '<werkzeug.routing.map.MapAdapter object at 0x78aa1d2f8890>'}
2026-08-22 23:51:55.555 /testbed/src/flask/app.py:1165 flask.app.Flask.url_for event=line locals={'blueprint_name': "'lx5vctr60lx'"}
2026-08-22 23:51:55.555 /testbed/src/flask/app.py:1166 flask.app.Flask.url_for event=line locals={}
2026-08-22 23:51:55.555 /testbed/src/flask/app.py:1167 flask.app.Flask.url_for event=line locals={}
2026-08-22 23:51:55.555 /testbed/src/flask/app.py:1173 flask.app.Flask.url_for event=line locals={'endpoint': "'lx5vctr60lx.mtdt3q6%ccwr6'"}
2026-08-22 23:51:55.555 /testbed/src/flask/app.py:1199 flask.app.Flask.url_for event=line locals={}
2026-08-22 23:51:55.555 /testbed/src/flask/app.py:1202 flask.app.Flask.url_for event=line locals={}
2026-08-22 23:51:55.555 /testbed/src/flask/app.py:1204 flask.app.Flask.url_for event=line locals={'values': "{'item_id': 4177, 'slug': 'b3qsj-hn%68b-onp%j5h-atz2a84p-jkwv5cx34-a45qd0kju%-wq%', 'batch': 13, 'signature': '4aeda', 'phase': 55}"}
2026-08-22 23:51:55.555 /testbed/src/flask/app.py:1205 flask.app.Flask.url_for event=line locals={}
2026-08-22 23:51:55.555 /testbed/src/flask/app.py:1206 flask.app.Flask.url_for event=line locals={}
2026-08-22 23:51:55.555 /testbed/src/flask/app.py:1207 flask.app.Flask.url_for event=line locals={}
2026-08-22 23:51:55.555 /testbed/src/flask/app.py:1208 flask.app.Flask.url_for event=line locals={}
2026-08-22 23:51:55.555 /testbed/src/flask/app.py:1209 flask.app.Flask.url_for event=line locals={}
2026-08-22 23:51:55.555 /testbed/src/flask/app.py:1210 flask.app.Flask.url_for event=line locals={}
2026-08-22 23:51:55.555 /testbed/src/flask/app.py:1205 flask.app.Flask.url_for event=line locals={}
2026-08-22 23:51:55.556 /testbed/src/flask/app.py:1218 flask.app.Flask.url_for event=line locals={'rv': "'/myapp/g3dvr7056/sv1-0xs6/4177/b3qsj-hn%2568b-onp%25j5h-atz2a84p-jkwv5cx34-a45qd0kju%25-wq%25/h%25d-f?batch=13&signature=4aeda&phase=55'"}
2026-08-22 23:51:55.556 /testbed/src/flask/app.py:1219 flask.app.Flask.url_for event=line locals={}
2026-08-22 23:51:55.556 /testbed/src/flask/app.py:1220 flask.app.Flask.url_for event=line locals={'_anchor': "'gxzx%20/%20167%20/%20kwyh-r%20/%20ptv6'"}
2026-08-22 23:51:55.556 /testbed/src/flask/app.py:1222 flask.app.Flask.url_for event=line locals={'rv': "'/myapp/g3dvr7056/sv1-0xs6/4177/b3qsj-hn%2568b-onp%25j5h-atz2a84p-jkwv5cx34-a45qd0kju%25-wq%25/h%25d-f?batch=13&signature=4aeda&phase=55#gxzx%20/%20167%20/%20kwyh-r%20/%20ptv6'"}
2026-08-22 23:51:55.556 /testbed/src/flask/app.py:1222 flask.app.Flask.url_for event=return retval='/myapp/g3dvr7056/sv1-0xs6/4177/b3qsj-hn%2568b-onp%25j5h-atz2a84p-jkwv5cx34-a45qd0kju%25-wq%25/h%25d-f?batch=13&signature=4aeda&phase=55#gxzx%20/%20167%20/%20kwyh-r%20/%20ptv6' locals={'_anchor': "'gxzx%20/%20167%20/%20kwyh-r%20/%20ptv6'", '_external': 'False', '_method': "'GET'", '_scheme': 'None', 'blueprint_name': "'lx5vctr60lx'", 'ctx': "<AppContext 132672011232272 of testcase, GET 'https://api.example.test/myapp/g3dvr7056/h9iajtghvq1k'>", 'endpoint': "'lx5vctr60lx.mtdt3q6%ccwr6'", 'rv': "'/myapp/g3dvr7056/sv1-0xs6/4177/b3qsj-hn%2568b-onp%25j5h-atz2a84p-jkwv5cx34-a45qd0kju%25-wq%25/h%25d-f?batch=13&signature=4aeda&phase=55#gxzx%20/%20167%20/%20kwyh-r%20/%20ptv6'", 'self': "<Flask 'testcase'>", 'url_adapter': '<werkzeug.routing.map.MapAdapter object at 0x78aa1d2f8890>', 'values': "{'item_id': 4177, 'slug': 'b3qsj-hn%68b-onp%j5h-atz2a84p-jkwv5cx34-a45qd0kju%-wq%', 'batch': 13, 'signature': '4aeda', 'phase': 55}"}
2026-08-22 23:51:55.558 /testbed/src/flask/app.py:1102 flask.app.Flask.url_for event=call locals={'_anchor': "'qidgu / 359 / 8_z-lef / zw-l'", '_external': 'False', '_method': "'GET'", '_scheme': 'None', 'endpoint': "'.mtdt3q6%ccwr6'", 'self': "<Flask 'testcase'>", 'values': "{'item_id': 5936, 'slug': 'yz7t_qj7z-1pleav00-_-vvb-3kcf-41p83-9pbeos-0ezno4d-qx17xfk5', 'batch': 93}"}
2026-08-22 23:51:55.558 /testbed/src/flask/app.py:1159 flask.app.Flask.url_for event=line locals={}
2026-08-22 23:51:55.558 /testbed/src/flask/app.py:1160 flask.app.Flask.url_for event=line locals={'ctx': "<AppContext 132672011232272 of testcase, GET 'https://api.example.test/myapp/g3dvr7056/h9iajtghvq1k'>"}
2026-08-22 23:51:55.558 /testbed/src/flask/app.py:1161 flask.app.Flask.url_for event=line locals={'url_adapter': '<werkzeug.routing.map.MapAdapter object at 0x78aa1d2f8890>'}
2026-08-22 23:51:55.558 /testbed/src/flask/app.py:1165 flask.app.Flask.url_for event=line locals={'blueprint_name': "'lx5vctr60lx'"}
2026-08-22 23:51:55.558 /testbed/src/flask/app.py:1166 flask.app.Flask.url_for event=line locals={}
2026-08-22 23:51:55.558 /testbed/src/flask/app.py:1167 flask.app.Flask.url_for event=line locals={}
2026-08-22 23:51:55.558 /testbed/src/flask/app.py:1173 flask.app.Flask.url_for event=line locals={'endpoint': "'lx5vctr60lx.mtdt3q6%ccwr6'"}
2026-08-22 23:51:55.558 /testbed/src/flask/app.py:1199 flask.app.Flask.url_for event=line locals={}
2026-08-22 23:51:55.558 /testbed/src/flask/app.py:1202 flask.app.Flask.url_for event=line locals={}
2026-08-22 23:51:55.558 /testbed/src/flask/app.py:1204 flask.app.Flask.url_for event=line locals={'values': "{'item_id': 5936, 'slug': 'yz7t_qj7z-1pleav00-_-vvb-3kcf-41p83-9pbeos-0ezno4d-qx17xfk5', 'batch': 93, 'signature': '5ff38', 'phase': 70}"}
2026-08-22 23:51:55.558 /testbed/src/flask/app.py:1205 flask.app.Flask.url_for event=line locals={}
2026-08-22 23:51:55.558 /testbed/src/flask/app.py:1206 flask.app.Flask.url_for event=line locals={}
2026-08-22 23:51:55.558 /testbed/src/flask/app.py:1207 flask.app.Flask.url_for event=line locals={}
2026-08-22 23:51:55.558 /testbed/src/flask/app.py:1208 flask.app.Flask.url_for event=line locals={}
2026-08-22 23:51:55.558 /testbed/src/flask/app.py:1209 flask.app.Flask.url_for event=line locals={}
2026-08-22 23:51:55.558 /testbed/src/flask/app.py:1210 flask.app.Flask.url_for event=line locals={}
2026-08-22 23:51:55.558 /testbed/src/flask/app.py:1205 flask.app.Flask.url_for event=line locals={}
2026-08-22 23:51:55.559 /testbed/src/flask/app.py:1218 flask.app.Flask.url_for event=line locals={'rv': "'/myapp/g3dvr7056/sv1-0xs6/5936/yz7t_qj7z-1pleav00-_-vvb-3kcf-41p83-9pbeos-0ezno4d-qx17xfk5/h%25d-f?batch=93&signature=5ff38&phase=70'"}
2026-08-22 23:51:55.559 /testbed/src/flask/app.py:1219 flask.app.Flask.url_for event=line locals={}
2026-08-22 23:51:55.559 /testbed/src/flask/app.py:1220 flask.app.Flask.url_for event=line locals={'_anchor': "'qidgu%20/%20359%20/%208_z-lef%20/%20zw-l'"}
2026-08-22 23:51:55.559 /testbed/src/flask/app.py:1222 flask.app.Flask.url_for event=line locals={'rv': "'/myapp/g3dvr7056/sv1-0xs6/5936/yz7t_qj7z-1pleav00-_-vvb-3kcf-41p83-9pbeos-0ezno4d-qx17xfk5/h%25d-f?batch=93&signature=5ff38&phase=70#qidgu%20/%20359%20/%208_z-lef%20/%20zw-l'"}
2026-08-22 23:51:55.559 /testbed/src/flask/app.py:1222 flask.app.Flask.url_for event=return retval='/myapp/g3dvr7056/sv1-0xs6/5936/yz7t_qj7z-1pleav00-_-vvb-3kcf-41p83-9pbeos-0ezno4d-qx17xfk5/h%25d-f?batch=93&signature=5ff38&phase=70#qidgu%20/%20359%20/%208_z-lef%20/%20zw-l' locals={'_anchor': "'qidgu%20/%20359%20/%208_z-lef%20/%20zw-l'", '_external': 'False', '_method': "'GET'", '_scheme': 'None', 'blueprint_name': "'lx5vctr60lx'", 'ctx': "<AppContext 132672011232272 of testcase, GET 'https://api.example.test/myapp/g3dvr7056/h9iajtghvq1k'>", 'endpoint': "'lx5vctr60lx.mtdt3q6%ccwr6'", 'rv': "'/myapp/g3dvr7056/sv1-0xs6/5936/yz7t_qj7z-1pleav00-_-vvb-3kcf-41p83-9pbeos-0ezno4d-qx17xfk5/h%25d-f?batch=93&signature=5ff38&phase=70#qidgu%20/%20359%20/%208_z-lef%20/%20zw-l'", 'self': "<Flask 'testcase'>", 'url_adapter': '<werkzeug.routing.map.MapAdapter object at 0x78aa1d2f8890>', 'values': "{'item_id': 5936, 'slug': 'yz7t_qj7z-1pleav00-_-vvb-3kcf-41p83-9pbeos-0ezno4d-qx17xfk5', 'batch': 93, 'signature': '5ff38', 'phase': 70}"}
2026-08-22 23:51:55.560 /testbed/src/flask/app.py:1102 flask.app.Flask.url_for event=call locals={'_anchor': "'pimle8 / 1515 / ikre_u7a / g3m%'", '_external': 'False', '_method': "'GET'", '_scheme': 'None', 'endpoint': "'.mtdt3q6%ccwr6'", 'self': "<Flask 'testcase'>", 'values': "{'item_id': 790, 'slug': 'um_b-zj6u4', 'batch': 80}"}
2026-08-22 23:51:55.560 /testbed/src/flask/app.py:1159 flask.app.Flask.url_for event=line locals={}
2026-08-22 23:51:55.560 /testbed/src/flask/app.py:1160 flask.app.Flask.url_for event=line locals={'ctx': "<AppContext 132672011232272 of testcase, GET 'https://api.example.test/myapp/g3dvr7056/h9iajtghvq1k'>"}
2026-08-22 23:51:55.560 /testbed/src/flask/app.py:1161 flask.app.Flask.url_for event=line locals={'url_adapter': '<werkzeug.routing.map.MapAdapter object at 0x78aa1d2f8890>'}
2026-08-22 23:51:55.560 /testbed/src/flask/app.py:1165 flask.app.Flask.url_for event=line locals={'blueprint_name': "'lx5vctr60lx'"}
2026-08-22 23:51:55.560 /testbed/src/flask/app.py:1166 flask.app.Flask.url_for event=line locals={}
2026-08-22 23:51:55.560 /testbed/src/flask/app.py:1167 flask.app.Flask.url_for event=line locals={}
2026-08-22 23:51:55.560 /testbed/src/flask/app.py:1173 flask.app.Flask.url_for event=line locals={'endpoint': "'lx5vctr60lx.mtdt3q6%ccwr6'"}
2026-08-22 23:51:55.560 /testbed/src/flask/app.py:1199 flask.app.Flask.url_for event=line locals={}
2026-08-22 23:51:55.560 /testbed/src/flask/app.py:1202 flask.app.Flask.url_for event=line locals={}
2026-08-22 23:51:55.560 /testbed/src/flask/app.py:1204 flask.app.Flask.url_for event=line locals={'values': "{'item_id': 790, 'slug': 'um_b-zj6u4', 'batch': 80, 'signature': '14c53', 'phase': 21}"}
2026-08-22 23:51:55.560 /testbed/src/flask/app.py:1205 flask.app.Flask.url_for event=line locals={}
2026-08-22 23:51:55.560 /testbed/src/flask/app.py:1206 flask.app.Flask.url_for event=line locals={}
2026-08-22 23:51:55.560 /testbed/src/flask/app.py:1207 flask.app.Flask.url_for event=line locals={}
2026-08-22 23:51:55.560 /testbed/src/flask/app.py:1208 flask.app.Flask.url_for event=line locals={}
2026-08-22 23:51:55.560 /testbed/src/flask/app.py:1209 flask.app.Flask.url_for event=line locals={}
2026-08-22 23:51:55.560 /testbed/src/flask/app.py:1210 flask.app.Flask.url_for event=line locals={}
2026-08-22 23:51:55.560 /testbed/src/flask/app.py:1205 flask.app.Flask.url_for event=line locals={}
2026-08-22 23:51:55.561 /testbed/src/flask/app.py:1218 flask.app.Flask.url_for event=line locals={'rv': "'/myapp/g3dvr7056/sv1-0xs6/790/um_b-zj6u4/h%25d-f?batch=80&signature=14c53&phase=21'"}
2026-08-22 23:51:55.561 /testbed/src/flask/app.py:1219 flask.app.Flask.url_for event=line locals={}
2026-08-22 23:51:55.561 /testbed/src/flask/app.py:1220 flask.app.Flask.url_for event=line locals={'_anchor': "'pimle8%20/%201515%20/%20ikre_u7a%20/%20g3m%'"}
2026-08-22 23:51:55.561 /testbed/src/flask/app.py:1222 flask.app.Flask.url_for event=line locals={'rv': "'/myapp/g3dvr7056/sv1-0xs6/790/um_b-zj6u4/h%25d-f?batch=80&signature=14c53&phase=21#pimle8%20/%201515%20/%20ikre_u7a%20/%20g3m%'"}
2026-08-22 23:51:55.561 /testbed/src/flask/app.py:1222 flask.app.Flask.url_for event=return retval='/myapp/g3dvr7056/sv1-0xs6/790/um_b-zj6u4/h%25d-f?batch=80&signature=14c53&phase=21#pimle8%20/%201515%20/%20ikre_u7a%20/%20g3m%' locals={'_anchor': "'pimle8%20/%201515%20/%20ikre_u7a%20/%20g3m%'", '_external': 'False', '_method': "'GET'", '_scheme': 'None', 'blueprint_name': "'lx5vctr60lx'", 'ctx': "<AppContext 132672011232272 of testcase, GET 'https://api.example.test/myapp/g3dvr7056/h9iajtghvq1k'>", 'endpoint': "'lx5vctr60lx.mtdt3q6%ccwr6'", 'rv': "'/myapp/g3dvr7056/sv1-0xs6/790/um_b-zj6u4/h%25d-f?batch=80&signature=14c53&phase=21#pimle8%20/%201515%20/%20ikre_u7a%20/%20g3m%'", 'self': "<Flask 'testcase'>", 'url_adapter': '<werkzeug.routing.map.MapAdapter object at 0x78aa1d2f8890>', 'values': "{'item_id': 790, 'slug': 'um_b-zj6u4', 'batch': 80, 'signature': '14c53', 'phase': 21}"}
2026-08-22 23:51:55.561 /testbed/src/flask/app.py:1102 flask.app.Flask.url_for event=call locals={'_anchor': "'g_7om%i / 711 / 97xvs / #&?%!'", '_external': 'None', '_method': "'PUT'", '_scheme': 'None', 'endpoint': "'.mtdt3q6%ccwr6'", 'self': "<Flask 'testcase'>", 'values': "{'item_id': 8838, 'slug': 'ts8fwbdt--g2mfx30zn_-ls1', 'batch': 45}"}
2026-08-22 23:51:55.561 /testbed/src/flask/app.py:1159 flask.app.Flask.url_for event=line locals={}
2026-08-22 23:51:55.561 /testbed/src/flask/app.py:1160 flask.app.Flask.url_for event=line locals={'ctx': "<AppContext 132672011232272 of testcase, GET 'https://api.example.test/myapp/g3dvr7056/h9iajtghvq1k'>"}
2026-08-22 23:51:55.562 /testbed/src/flask/app.py:1161 flask.app.Flask.url_for event=line locals={'url_adapter': '<werkzeug.routing.map.MapAdapter object at 0x78aa1d2f8890>'}
2026-08-22 23:51:55.562 /testbed/src/flask/app.py:1165 flask.app.Flask.url_for event=line locals={'blueprint_name': "'lx5vctr60lx'"}
2026-08-22 23:51:55.562 /testbed/src/flask/app.py:1166 flask.app.Flask.url_for event=line locals={}
2026-08-22 23:51:55.562 /testbed/src/flask/app.py:1167 flask.app.Flask.url_for event=line locals={}
2026-08-22 23:51:55.562 /testbed/src/flask/app.py:1173 flask.app.Flask.url_for event=line locals={'endpoint': "'lx5vctr60lx.mtdt3q6%ccwr6'"}
2026-08-22 23:51:55.562 /testbed/src/flask/app.py:1174 flask.app.Flask.url_for event=line locals={}
2026-08-22 23:51:55.562 /testbed/src/flask/app.py:1199 flask.app.Flask.url_for event=line locals={'_external': 'False'}
2026-08-22 23:51:55.562 /testbed/src/flask/app.py:1202 flask.app.Flask.url_for event=line locals={}
2026-08-22 23:51:55.562 /testbed/src/flask/app.py:1204 flask.app.Flask.url_for event=line locals={'values': "{'item_id': 8838, 'slug': 'ts8fwbdt--g2mfx30zn_-ls1', 'batch': 45, 'signature': '24840', 'phase': 28}"}
2026-08-22 23:51:55.562 /testbed/src/flask/app.py:1205 flask.app.Flask.url_for event=line locals={}
2026-08-22 23:51:55.562 /testbed/src/flask/app.py:1206 flask.app.Flask.url_for event=line locals={}
2026-08-22 23:51:55.562 /testbed/src/flask/app.py:1207 flask.app.Flask.url_for event=line locals={}
2026-08-22 23:51:55.562 /testbed/src/flask/app.py:1208 flask.app.Flask.url_for event=line locals={}
2026-08-22 23:51:55.562 /testbed/src/flask/app.py:1209 flask.app.Flask.url_for event=line locals={}
2026-08-22 23:51:55.562 /testbed/src/flask/app.py:1210 flask.app.Flask.url_for event=line locals={}
2026-08-22 23:51:55.562 /testbed/src/flask/app.py:1205 flask.app.Flask.url_for event=line locals={}
2026-08-22 23:51:55.562 /testbed/src/flask/app.py:1218 flask.app.Flask.url_for event=line locals={'rv': "'/myapp/g3dvr7056/sv1-0xs6/8838/ts8fwbdt--g2mfx30zn_-ls1/h%25d-f?batch=45&signature=24840&phase=28'"}
2026-08-22 23:51:55.562 /testbed/src/flask/app.py:1219 flask.app.Flask.url_for event=line locals={}
2026-08-22 23:51:55.562 /testbed/src/flask/app.py:1220 flask.app.Flask.url_for event=line locals={'_anchor': "'g_7om%i%20/%20711%20/%2097xvs%20/%20#&?%!'"}
2026-08-22 23:51:55.562 /testbed/src/flask/app.py:1222 flask.app.Flask.url_for event=line locals={'rv': "'/myapp/g3dvr7056/sv1-0xs6/8838/ts8fwbdt--g2mfx30zn_-ls1/h%25d-f?batch=45&signature=24840&phase=28#g_7om%i%20/%20711%20/%2097xvs%20/%20#&?%!'"}
2026-08-22 23:51:55.563 /testbed/src/flask/app.py:1222 flask.app.Flask.url_for event=return retval='/myapp/g3dvr7056/sv1-0xs6/8838/ts8fwbdt--g2mfx30zn_-ls1/h%25d-f?batch=45&signature=24840&phase=28#g_7om%i%20/%20711%20/%2097xvs%20/%20#&?%!' locals={'_anchor': "'g_7om%i%20/%20711%20/%2097xvs%20/%20#&?%!'", '_external': 'False', '_method': "'PUT'", '_scheme': 'None', 'blueprint_name': "'lx5vctr60lx'", 'ctx': "<AppContext 132672011232272 of testcase, GET 'https://api.example.test/myapp/g3dvr7056/h9iajtghvq1k'>", 'endpoint': "'lx5vctr60lx.mtdt3q6%ccwr6'", 'rv': "'/myapp/g3dvr7056/sv1-0xs6/8838/ts8fwbdt--g2mfx30zn_-ls1/h%25d-f?batch=45&signature=24840&phase=28#g_7om%i%20/%20711%20/%2097xvs%20/%20#&?%!'", 'self': "<Flask 'testcase'>", 'url_adapter': '<werkzeug.routing.map.MapAdapter object at 0x78aa1d2f8890>', 'values': "{'item_id': 8838, 'slug': 'ts8fwbdt--g2mfx30zn_-ls1', 'batch': 45, 'signature': '24840', 'phase': 28}"}
2026-08-22 23:51:55.564 /testbed/src/flask/app.py:1102 flask.app.Flask.url_for event=call locals={'_anchor': "'ne2barvi / 2764 / sp6f8l / #&?%!'", '_external': 'False', '_method': 'None', '_scheme': 'None', 'endpoint': "'.mtdt3q6%ccwr6'", 'self': "<Flask 'testcase'>", 'values': "{'item_id': 3990, 'slug': 'jsrn2n-_g-63l0-4i0t-sz8-coukbg7xz', 'batch': 27}"}
2026-08-22 23:51:55.564 /testbed/src/flask/app.py:1159 flask.app.Flask.url_for event=line locals={}
2026-08-22 23:51:55.564 /testbed/src/flask/app.py:1160 flask.app.Flask.url_for event=line locals={'ctx': "<AppContext 132672011232272 of testcase, GET 'https://api.example.test/myapp/g3dvr7056/h9iajtghvq1k'>"}
2026-08-22 23:51:55.564 /testbed/src/flask/app.py:1161 flask.app.Flask.url_for event=line locals={'url_adapter': '<werkzeug.routing.map.MapAdapter object at 0x78aa1d2f8890>'}
2026-08-22 23:51:55.564 /testbed/src/flask/app.py:1165 flask.app.Flask.url_for event=line locals={'blueprint_name': "'lx5vctr60lx'"}
2026-08-22 23:51:55.564 /testbed/src/flask/app.py:1166 flask.app.Flask.url_for event=line locals={}
2026-08-22 23:51:55.564 /testbed/src/flask/app.py:1167 flask.app.Flask.url_for event=line locals={}
2026-08-22 23:51:55.564 /testbed/src/flask/app.py:1173 flask.app.Flask.url_for event=line locals={'endpoint': "'lx5vctr60lx.mtdt3q6%ccwr6'"}
2026-08-22 23:51:55.564 /testbed/src/flask/app.py:1199 flask.app.Flask.url_for event=line locals={}
2026-08-22 23:51:55.564 /testbed/src/flask/app.py:1202 flask.app.Flask.url_for event=line locals={}
2026-08-22 23:51:55.564 /testbed/src/flask/app.py:1204 flask.app.Flask.url_for event=line locals={'values': "{'item_id': 3990, 'slug': 'jsrn2n-_g-63l0-4i0t-sz8-coukbg7xz', 'batch': 27, 'signature': '293a5', 'phase': 44}"}
2026-08-22 23:51:55.564 /testbed/src/flask/app.py:1205 flask.app.Flask.url_for event=line locals={}
2026-08-22 23:51:55.564 /testbed/src/flask/app.py:1206 flask.app.Flask.url_for event=line locals={}
2026-08-22 23:51:55.564 /testbed/src/flask/app.py:1207 flask.app.Flask.url_for event=line locals={}
2026-08-22 23:51:55.564 /testbed/src/flask/app.py:1208 flask.app.Flask.url_for event=line locals={}
2026-08-22 23:51:55.564 /testbed/src/flask/app.py:1209 flask.app.Flask.url_for event=line locals={}
2026-08-22 23:51:55.564 /testbed/src/flask/app.py:1210 flask.app.Flask.url_for event=line locals={}
2026-08-22 23:51:55.564 /testbed/src/flask/app.py:1205 flask.app.Flask.url_for event=line locals={}
2026-08-22 23:51:55.565 /testbed/src/flask/app.py:1218 flask.app.Flask.url_for event=line locals={'rv': "'/myapp/g3dvr7056/sv1-0xs6/3990/jsrn2n-_g-63l0-4i0t-sz8-coukbg7xz/h%25d-f?batch=27&signature=293a5&phase=44'"}
2026-08-22 23:51:55.565 /testbed/src/flask/app.py:1219 flask.app.Flask.url_for event=line locals={}
2026-08-22 23:51:55.565 /testbed/src/flask/app.py:1220 flask.app.Flask.url_for event=line locals={'_anchor': "'ne2barvi%20/%202764%20/%20sp6f8l%20/%20#&?%!'"}
2026-08-22 23:51:55.565 /testbed/src/flask/app.py:1222 flask.app.Flask.url_for event=line locals={'rv': "'/myapp/g3dvr7056/sv1-0xs6/3990/jsrn2n-_g-63l0-4i0t-sz8-coukbg7xz/h%25d-f?batch=27&signature=293a5&phase=44#ne2barvi%20/%202764%20/%20sp6f8l%20/%20#&?%!'"}
2026-08-22 23:51:55.565 /testbed/src/flask/app.py:1222 flask.app.Flask.url_for event=return retval='/myapp/g3dvr7056/sv1-0xs6/3990/jsrn2n-_g-63l0-4i0t-sz8-coukbg7xz/h%25d-f?batch=27&signature=293a5&phase=44#ne2barvi%20/%202764%20/%20sp6f8l%20/%20#&?%!' locals={'_anchor': "'ne2barvi%20/%202764%20/%20sp6f8l%20/%20#&?%!'", '_external': 'False', '_method': 'None', '_scheme': 'None', 'blueprint_name': "'lx5vctr60lx'", 'ctx': "<AppContext 132672011232272 of testcase, GET 'https://api.example.test/myapp/g3dvr7056/h9iajtghvq1k'>", 'endpoint': "'lx5vctr60lx.mtdt3q6%ccwr6'", 'rv': "'/myapp/g3dvr7056/sv1-0xs6/3990/jsrn2n-_g-63l0-4i0t-sz8-coukbg7xz/h%25d-f?batch=27&signature=293a5&phase=44#ne2barvi%20/%202764%20/%20sp6f8l%20/%20#&?%!'", 'self': "<Flask 'testcase'>", 'url_adapter': '<werkzeug.routing.map.MapAdapter object at 0x78aa1d2f8890>', 'values': "{'item_id': 3990, 'slug': 'jsrn2n-_g-63l0-4i0t-sz8-coukbg7xz', 'batch': 27, 'signature': '293a5', 'phase': 44}"}
2026-08-22 23:51:55.566 /testbed/src/flask/app.py:1102 flask.app.Flask.url_for event=call locals={'_anchor': "'rz6n / 1838 / u0et_yw / #&?%!'", '_external': 'None', '_method': "'GET'", '_scheme': 'None', 'endpoint': "'.mtdt3q6%ccwr6'", 'self': "<Flask 'testcase'>", 'values': "{'item_id': 5022, 'slug': '_hf-ue2n-5cinh-gbhmu--rz0m-7s', 'batch': 89}"}
2026-08-22 23:51:55.566 /testbed/src/flask/app.py:1159 flask.app.Flask.url_for event=line locals={}
2026-08-22 23:51:55.566 /testbed/src/flask/app.py:1160 flask.app.Flask.url_for event=line locals={'ctx': "<AppContext 132672011232272 of testcase, GET 'https://api.example.test/myapp/g3dvr7056/h9iajtghvq1k'>"}
2026-08-22 23:51:55.566 /testbed/src/flask/app.py:1161 flask.app.Flask.url_for event=line locals={'url_adapter': '<werkzeug.routing.map.MapAdapter object at 0x78aa1d2f8890>'}
2026-08-22 23:51:55.566 /testbed/src/flask/app.py:1165 flask.app.Flask.url_for event=line locals={'blueprint_name': "'lx5vctr60lx'"}
2026-08-22 23:51:55.566 /testbed/src/flask/app.py:1166 flask.app.Flask.url_for event=line locals={}
2026-08-22 23:51:55.566 /testbed/src/flask/app.py:1167 flask.app.Flask.url_for event=line locals={}
2026-08-22 23:51:55.566 /testbed/src/flask/app.py:1173 flask.app.Flask.url_for event=line locals={'endpoint': "'lx5vctr60lx.mtdt3q6%ccwr6'"}
2026-08-22 23:51:55.566 /testbed/src/flask/app.py:1174 flask.app.Flask.url_for event=line locals={}
2026-08-22 23:51:55.566 /testbed/src/flask/app.py:1199 flask.app.Flask.url_for event=line locals={'_external': 'False'}
2026-08-22 23:51:55.566 /testbed/src/flask/app.py:1202 flask.app.Flask.url_for event=line locals={}
2026-08-22 23:51:55.566 /testbed/src/flask/app.py:1204 flask.app.Flask.url_for event=line locals={'values': "{'item_id': 5022, 'slug': '_hf-ue2n-5cinh-gbhmu--rz0m-7s', 'batch': 89, 'signature': '2f6c8', 'phase': 40}"}
2026-08-22 23:51:55.566 /testbed/src/flask/app.py:1205 flask.app.Flask.url_for event=line locals={}
2026-08-22 23:51:55.566 /testbed/src/flask/app.py:1206 flask.app.Flask.url_for event=line locals={}
2026-08-22 23:51:55.566 /testbed/src/flask/app.py:1207 flask.app.Flask.url_for event=line locals={}
2026-08-22 23:51:55.566 /testbed/src/flask/app.py:1208 flask.app.Flask.url_for event=line locals={}
2026-08-22 23:51:55.566 /testbed/src/flask/app.py:1209 flask.app.Flask.url_for event=line locals={}
2026-08-22 23:51:55.566 /testbed/src/flask/app.py:1210 flask.app.Flask.url_for event=line locals={}
2026-08-22 23:51:55.566 /testbed/src/flask/app.py:1205 flask.app.Flask.url_for event=line locals={}
2026-08-22 23:51:55.567 /testbed/src/flask/app.py:1218 flask.app.Flask.url_for event=line locals={'rv': "'/myapp/g3dvr7056/sv1-0xs6/5022/_hf-ue2n-5cinh-gbhmu--rz0m-7s/h%25d-f?batch=89&signature=2f6c8&phase=40'"}
2026-08-22 23:51:55.567 /testbed/src/flask/app.py:1219 flask.app.Flask.url_for event=line locals={}
2026-08-22 23:51:55.567 /testbed/src/flask/app.py:1220 flask.app.Flask.url_for event=line locals={'_anchor': "'rz6n%20/%201838%20/%20u0et_yw%20/%20#&?%!'"}
2026-08-22 23:51:55.567 /testbed/src/flask/app.py:1222 flask.app.Flask.url_for event=line locals={'rv': "'/myapp/g3dvr7056/sv1-0xs6/5022/_hf-ue2n-5cinh-gbhmu--rz0m-7s/h%25d-f?batch=89&signature=2f6c8&phase=40#rz6n%20/%201838%20/%20u0et_yw%20/%20#&?%!'"}
2026-08-22 23:51:55.567 /testbed/src/flask/app.py:1222 flask.app.Flask.url_for event=return retval='/myapp/g3dvr7056/sv1-0xs6/5022/_hf-ue2n-5cinh-gbhmu--rz0m-7s/h%25d-f?batch=89&signature=2f6c8&phase=40#rz6n%20/%201838%20/%20u0et_yw%20/%20#&?%!' locals={'_anchor': "'rz6n%20/%201838%20/%20u0et_yw%20/%20#&?%!'", '_external': 'False', '_method': "'GET'", '_scheme': 'None', 'blueprint_name': "'lx5vctr60lx'", 'ctx': "<AppContext 132672011232272 of testcase, GET 'https://api.example.test/myapp/g3dvr7056/h9iajtghvq1k'>", 'endpoint': "'lx5vctr60lx.mtdt3q6%ccwr6'", 'rv': "'/myapp/g3dvr7056/sv1-0xs6/5022/_hf-ue2n-5cinh-gbhmu--rz0m-7s/h%25d-f?batch=89&signature=2f6c8&phase=40#rz6n%20/%201838%20/%20u0et_yw%20/%20#&?%!'", 'self': "<Flask 'testcase'>", 'url_adapter': '<werkzeug.routing.map.MapAdapter object at 0x78aa1d2f8890>', 'values': "{'item_id': 5022, 'slug': '_hf-ue2n-5cinh-gbhmu--rz0m-7s', 'batch': 89, 'signature': '2f6c8', 'phase': 40}"}
2026-08-22 23:51:55.568 /testbed/src/flask/app.py:1102 flask.app.Flask.url_for event=call locals={'_anchor': "'y3%yb / 2294 / kgbp8fi1 / erg1'", '_external': 'False', '_method': "'GET'", '_scheme': 'None', 'endpoint': "'.mtdt3q6%ccwr6'", 'self': "<Flask 'testcase'>", 'values': "{'item_id': 8421, 'slug': '4rsk183-a6zgjns2-3hj5ekwc_-lu1jtlbdo%-_am-r1t_', 'batch': 75}"}
2026-08-22 23:51:55.568 /testbed/src/flask/app.py:1159 flask.app.Flask.url_for event=line locals={}
2026-08-22 23:51:55.568 /testbed/src/flask/app.py:1160 flask.app.Flask.url_for event=line locals={'ctx': "<AppContext 132672011232272 of testcase, GET 'https://api.example.test/myapp/g3dvr7056/h9iajtghvq1k'>"}
2026-08-22 23:51:55.568 /testbed/src/flask/app.py:1161 flask.app.Flask.url_for event=line locals={'url_adapter': '<werkzeug.routing.map.MapAdapter object at 0x78aa1d2f8890>'}
2026-08-22 23:51:55.568 /testbed/src/flask/app.py:1165 flask.app.Flask.url_for event=line locals={'blueprint_name': "'lx5vctr60lx'"}
2026-08-22 23:51:55.568 /testbed/src/flask/app.py:1166 flask.app.Flask.url_for event=line locals={}
2026-08-22 23:51:55.568 /testbed/src/flask/app.py:1167 flask.app.Flask.url_for event=line locals={}
2026-08-22 23:51:55.568 /testbed/src/flask/app.py:1173 flask.app.Flask.url_for event=line locals={'endpoint': "'lx5vctr60lx.mtdt3q6%ccwr6'"}
2026-08-22 23:51:55.568 /testbed/src/flask/app.py:1199 flask.app.Flask.url_for event=line locals={}
2026-08-22 23:51:55.568 /testbed/src/flask/app.py:1202 flask.app.Flask.url_for event=line locals={}
2026-08-22 23:51:55.569 /testbed/src/flask/app.py:1204 flask.app.Flask.url_for event=line locals={'values': "{'item_id': 8421, 'slug': '4rsk183-a6zgjns2-3hj5ekwc_-lu1jtlbdo%-_am-r1t_', 'batch': 75, 'signature': '4540e', 'phase': 50}"}
2026-08-22 23:51:55.569 /testbed/src/flask/app.py:1205 flask.app.Flask.url_for event=line locals={}
2026-08-22 23:51:55.569 /testbed/src/flask/app.py:1206 flask.app.Flask.url_for event=line locals={}
2026-08-22 23:51:55.569 /testbed/src/flask/app.py:1207 flask.app.Flask.url_for event=line locals={}
2026-08-22 23:51:55.569 /testbed/src/flask/app.py:1208 flask.app.Flask.url_for event=line locals={}
2026-08-22 23:51:55.569 /testbed/src/flask/app.py:1209 flask.app.Flask.url_for event=line locals={}
2026-08-22 23:51:55.569 /testbed/src/flask/app.py:1210 flask.app.Flask.url_for event=line locals={}
2026-08-22 23:51:55.569 /testbed/src/flask/app.py:1205 flask.app.Flask.url_for event=line locals={}
2026-08-22 23:51:55.569 /testbed/src/flask/app.py:1218 flask.app.Flask.url_for event=line locals={'rv': "'/myapp/g3dvr7056/sv1-0xs6/8421/4rsk183-a6zgjns2-3hj5ekwc_-lu1jtlbdo%25-_am-r1t_/h%25d-f?batch=75&signature=4540e&phase=50'"}
2026-08-22 23:51:55.569 /testbed/src/flask/app.py:1219 flask.app.Flask.url_for event=line locals={}
2026-08-22 23:51:55.569 /testbed/src/flask/app.py:1220 flask.app.Flask.url_for event=line locals={'_anchor': "'y3%yb%20/%202294%20/%20kgbp8fi1%20/%20erg1'"}
2026-08-22 23:51:55.569 /testbed/src/flask/app.py:1222 flask.app.Flask.url_for event=line locals={'rv': "'/myapp/g3dvr7056/sv1-0xs6/8421/4rsk183-a6zgjns2-3hj5ekwc_-lu1jtlbdo%25-_am-r1t_/h%25d-f?batch=75&signature=4540e&phase=50#y3%yb%20/%202294%20/%20kgbp8fi1%20/%20erg1'"}
2026-08-22 23:51:55.569 /testbed/src/flask/app.py:1222 flask.app.Flask.url_for event=return retval='/myapp/g3dvr7056/sv1-0xs6/8421/4rsk183-a6zgjns2-3hj5ekwc_-lu1jtlbdo%25-_am-r1t_/h%25d-f?batch=75&signature=4540e&phase=50#y3%yb%20/%202294%20/%20kgbp8fi1%20/%20erg1' locals={'_anchor': "'y3%yb%20/%202294%20/%20kgbp8fi1%20/%20erg1'", '_external': 'False', '_method': "'GET'", '_scheme': 'None', 'blueprint_name': "'lx5vctr60lx'", 'ctx': "<AppContext 132672011232272 of testcase, GET 'https://api.example.test/myapp/g3dvr7056/h9iajtghvq1k'>", 'endpoint': "'lx5vctr60lx.mtdt3q6%ccwr6'", 'rv': "'/myapp/g3dvr7056/sv1-0xs6/8421/4rsk183-a6zgjns2-3hj5ekwc_-lu1jtlbdo%25-_am-r1t_/h%25d-f?batch=75&signature=4540e&phase=50#y3%yb%20/%202294%20/%20kgbp8fi1%20/%20erg1'", 'self': "<Flask 'testcase'>", 'url_adapter': '<werkzeug.routing.map.MapAdapter object at 0x78aa1d2f8890>', 'values': "{'item_id': 8421, 'slug': '4rsk183-a6zgjns2-3hj5ekwc_-lu1jtlbdo%-_am-r1t_', 'batch': 75, 'signature': '4540e', 'phase': 50}"}
2026-08-22 23:51:55.570 /testbed/src/flask/app.py:1102 flask.app.Flask.url_for event=call locals={'_anchor': "'7d1wq5 / 1759 / pdq6w / #&?%!'", '_external': 'False', '_method': "'GET'", '_scheme': 'None', 'endpoint': "'.mtdt3q6%ccwr6'", 'self': "<Flask 'testcase'>", 'values': "{'item_id': 3882, 'slug': 'nbffu-jpo-lkfeclf918-96m-z74o-eo2mv-a6%64_-_g77yhw', 'batch': 69}"}
2026-08-22 23:51:55.571 /testbed/src/flask/app.py:1159 flask.app.Flask.url_for event=line locals={}
2026-08-22 23:51:55.571 /testbed/src/flask/app.py:1160 flask.app.Flask.url_for event=line locals={'ctx': "<AppContext 132672011232272 of testcase, GET 'https://api.example.test/myapp/g3dvr7056/h9iajtghvq1k'>"}
2026-08-22 23:51:55.571 /testbed/src/flask/app.py:1161 flask.app.Flask.url_for event=line locals={'url_adapter': '<werkzeug.routing.map.MapAdapter object at 0x78aa1d2f8890>'}
2026-08-22 23:51:55.571 /testbed/src/flask/app.py:1165 flask.app.Flask.url_for event=line locals={'blueprint_name': "'lx5vctr60lx'"}
2026-08-22 23:51:55.571 /testbed/src/flask/app.py:1166 flask.app.Flask.url_for event=line locals={}
2026-08-22 23:51:55.571 /testbed/src/flask/app.py:1167 flask.app.Flask.url_for event=line locals={}
2026-08-22 23:51:55.571 /testbed/src/flask/app.py:1173 flask.app.Flask.url_for event=line locals={'endpoint': "'lx5vctr60lx.mtdt3q6%ccwr6'"}
2026-08-22 23:51:55.571 /testbed/src/flask/app.py:1199 flask.app.Flask.url_for event=line locals={}
2026-08-22 23:51:55.571 /testbed/src/flask/app.py:1202 flask.app.Flask.url_for event=line locals={}
2026-08-22 23:51:55.571 /testbed/src/flask/app.py:1204 flask.app.Flask.url_for event=line locals={'values': "{'item_id': 3882, 'slug': 'nbffu-jpo-lkfeclf918-96m-z74o-eo2mv-a6%64_-_g77yhw', 'batch': 69, 'signature': '42411', 'phase': 52}"}
2026-08-22 23:51:55.571 /testbed/src/flask/app.py:1205 flask.app.Flask.url_for event=line locals={}
2026-08-22 23:51:55.571 /testbed/src/flask/app.py:1206 flask.app.Flask.url_for event=line locals={}
2026-08-22 23:51:55.571 /testbed/src/flask/app.py:1207 flask.app.Flask.url_for event=line locals={}
2026-08-22 23:51:55.571 /testbed/src/flask/app.py:1208 flask.app.Flask.url_for event=line locals={}
2026-08-22 23:51:55.571 /testbed/src/flask/app.py:1209 flask.app.Flask.url_for event=line locals={}
2026-08-22 23:51:55.571 /testbed/src/flask/app.py:1210 flask.app.Flask.url_for event=line locals={}
2026-08-22 23:51:55.571 /testbed/src/flask/app.py:1205 flask.app.Flask.url_for event=line locals={}
2026-08-22 23:51:55.572 /testbed/src/flask/app.py:1218 flask.app.Flask.url_for event=line locals={'rv': "'/myapp/g3dvr7056/sv1-0xs6/3882/nbffu-jpo-lkfeclf918-96m-z74o-eo2mv-a6%2564_-_g77yhw/h%25d-f?batch=69&signature=42411&phase=52'"}
2026-08-22 23:51:55.572 /testbed/src/flask/app.py:1219 flask.app.Flask.url_for event=line locals={}
2026-08-22 23:51:55.572 /testbed/src/flask/app.py:1220 flask.app.Flask.url_for event=line locals={'_anchor': "'7d1wq5%20/%201759%20/%20pdq6w%20/%20#&?%!'"}
2026-08-22 23:51:55.572 /testbed/src/flask/app.py:1222 flask.app.Flask.url_for event=line locals={'rv': "'/myapp/g3dvr7056/sv1-0xs6/3882/nbffu-jpo-lkfeclf918-96m-z74o-eo2mv-a6%2564_-_g77yhw/h%25d-f?batch=69&signature=42411&phase=52#7d1wq5%20/%201759%20/%20pdq6w%20/%20#&?%!'"}
2026-08-22 23:51:55.572 /testbed/src/flask/app.py:1222 flask.app.Flask.url_for event=return retval='/myapp/g3dvr7056/sv1-0xs6/3882/nbffu-jpo-lkfeclf918-96m-z74o-eo2mv-a6%2564_-_g77yhw/h%25d-f?batch=69&signature=42411&phase=52#7d1wq5%20/%201759%20/%20pdq6w%20/%20#&?%!' locals={'_anchor': "'7d1wq5%20/%201759%20/%20pdq6w%20/%20#&?%!'", '_external': 'False', '_method': "'GET'", '_scheme': 'None', 'blueprint_name': "'lx5vctr60lx'", 'ctx': "<AppContext 132672011232272 of testcase, GET 'https://api.example.test/myapp/g3dvr7056/h9iajtghvq1k'>", 'endpoint': "'lx5vctr60lx.mtdt3q6%ccwr6'", 'rv': "'/myapp/g3dvr7056/sv1-0xs6/3882/nbffu-jpo-lkfeclf918-96m-z74o-eo2mv-a6%2564_-_g77yhw/h%25d-f?batch=69&signature=42411&phase=52#7d1wq5%20/%201759%20/%20pdq6w%20/%20#&?%!'", 'self': "<Flask 'testcase'>", 'url_adapter': '<werkzeug.routing.map.MapAdapter object at 0x78aa1d2f8890>', 'values': "{'item_id': 3882, 'slug': 'nbffu-jpo-lkfeclf918-96m-z74o-eo2mv-a6%64_-_g77yhw', 'batch': 69, 'signature': '42411', 'phase': 52}"}
2026-08-22 23:51:55.573 /testbed/src/flask/app.py:1102 flask.app.Flask.url_for event=call locals={'_anchor': "'9fl69du / 2916 / 67qbbl / #&?%!'", '_external': 'False', '_method': 'None', '_scheme': 'None', 'endpoint': "'.mtdt3q6%ccwr6'", 'self': "<Flask 'testcase'>", 'values': "{'item_id': 8286, 'slug': 'i9csgh%ajf-jbj-mch6-7vca7-4xm37x-pzyvmoa-k41zv5bw-85ew5qlmm', 'batch': 88}"}
2026-08-22 23:51:55.573 /testbed/src/flask/app.py:1159 flask.app.Flask.url_for event=line locals={}
2026-08-22 23:51:55.573 /testbed/src/flask/app.py:1160 flask.app.Flask.url_for event=line locals={'ctx': "<AppContext 132672011232272 of testcase, GET 'https://api.example.test/myapp/g3dvr7056/h9iajtghvq1k'>"}
2026-08-22 23:51:55.573 /testbed/src/flask/app.py:1161 flask.app.Flask.url_for event=line locals={'url_adapter': '<werkzeug.routing.map.MapAdapter object at 0x78aa1d2f8890>'}
2026-08-22 23:51:55.573 /testbed/src/flask/app.py:1165 flask.app.Flask.url_for event=line locals={'blueprint_name': "'lx5vctr60lx'"}
2026-08-22 23:51:55.573 /testbed/src/flask/app.py:1166 flask.app.Flask.url_for event=line locals={}
2026-08-22 23:51:55.573 /testbed/src/flask/app.py:1167 flask.app.Flask.url_for event=line locals={}
2026-08-22 23:51:55.573 /testbed/src/flask/app.py:1173 flask.app.Flask.url_for event=line locals={'endpoint': "'lx5vctr60lx.mtdt3q6%ccwr6'"}
2026-08-22 23:51:55.573 /testbed/src/flask/app.py:1199 flask.app.Flask.url_for event=line locals={}
2026-08-22 23:51:55.573 /testbed/src/flask/app.py:1202 flask.app.Flask.url_for event=line locals={}
2026-08-22 23:51:55.574 /testbed/src/flask/app.py:1204 flask.app.Flask.url_for event=line locals={'values': "{'item_id': 8286, 'slug': 'i9csgh%ajf-jbj-mch6-7vca7-4xm37x-pzyvmoa-k41zv5bw-85ew5qlmm', 'batch': 88, 'signature': '5c3d8', 'phase': 60}"}
2026-08-22 23:51:55.574 /testbed/src/flask/app.py:1205 flask.app.Flask.url_for event=line locals={}
2026-08-22 23:51:55.574 /testbed/src/flask/app.py:1206 flask.app.Flask.url_for event=line locals={}
2026-08-22 23:51:55.574 /testbed/src/flask/app.py:1207 flask.app.Flask.url_for event=line locals={}
2026-08-22 23:51:55.574 /testbed/src/flask/app.py:1208 flask.app.Flask.url_for event=line locals={}
2026-08-22 23:51:55.574 /testbed/src/flask/app.py:1209 flask.app.Flask.url_for event=line locals={}
2026-08-22 23:51:55.574 /testbed/src/flask/app.py:1210 flask.app.Flask.url_for event=line locals={}
2026-08-22 23:51:55.574 /testbed/src/flask/app.py:1205 flask.app.Flask.url_for event=line locals={}
2026-08-22 23:51:55.574 /testbed/src/flask/app.py:1218 flask.app.Flask.url_for event=line locals={'rv': "'/myapp/g3dvr7056/sv1-0xs6/8286/i9csgh%25ajf-jbj-mch6-7vca7-4xm37x-pzyvmoa-k41zv5bw-85ew5qlmm/h%25d-f?batch=88&signature=5c3d8&phase=60'"}
2026-08-22 23:51:55.574 /testbed/src/flask/app.py:1219 flask.app.Flask.url_for event=line locals={}
2026-08-22 23:51:55.574 /testbed/src/flask/app.py:1220 flask.app.Flask.url_for event=line locals={'_anchor': "'9fl69du%20/%202916%20/%2067qbbl%20/%20#&?%!'"}
2026-08-22 23:51:55.574 /testbed/src/flask/app.py:1222 flask.app.Flask.url_for event=line locals={'rv': "'/myapp/g3dvr7056/sv1-0xs6/8286/i9csgh%25ajf-jbj-mch6-7vca7-4xm37x-pzyvmoa-k41zv5bw-85ew5qlmm/h%25d-f?batch=88&signature=5c3d8&phase=60#9fl69du%20/%202916%20/%2067qbbl%20/%20#&?%!'"}
2026-08-22 23:51:55.574 /testbed/src/flask/app.py:1222 flask.app.Flask.url_for event=return retval='/myapp/g3dvr7056/sv1-0xs6/8286/i9csgh%25ajf-jbj-mch6-7vca7-4xm37x-pzyvmoa-k41zv5bw-85ew5qlmm/h%25d-f?batch=88&signature=5c3d8&phase=60#9fl69du%20/%202916%20/%2067qbbl%20/%20#&?%!' locals={'_anchor': "'9fl69du%20/%202916%20/%2067qbbl%20/%20#&?%!'", '_external': 'False', '_method': 'None', '_scheme': 'None', 'blueprint_name': "'lx5vctr60lx'", 'ctx': "<AppContext 132672011232272 of testcase, GET 'https://api.example.test/myapp/g3dvr7056/h9iajtghvq1k'>", 'endpoint': "'lx5vctr60lx.mtdt3q6%ccwr6'", 'rv': "'/myapp/g3dvr7056/sv1-0xs6/8286/i9csgh%25ajf-jbj-mch6-7vca7-4xm37x-pzyvmoa-k41zv5bw-85ew5qlmm/h%25d-f?batch=88&signature=5c3d8&phase=60#9fl69du%20/%202916%20/%2067qbbl%20/%20#&?%!'", 'self': "<Flask 'testcase'>", 'url_adapter': '<werkzeug.routing.map.MapAdapter object at 0x78aa1d2f8890>', 'values': "{'item_id': 8286, 'slug': 'i9csgh%ajf-jbj-mch6-7vca7-4xm37x-pzyvmoa-k41zv5bw-85ew5qlmm', 'batch': 88, 'signature': '5c3d8', 'phase': 60}"}
2026-08-22 23:51:55.575 /testbed/src/flask/app.py:1102 flask.app.Flask.url_for event=call locals={'_anchor': "'9xxrovgj / 585 / or7cfcs / kxu3'", '_external': 'False', '_method': "'PUT'", '_scheme': 'None', 'endpoint': "'.mtdt3q6%ccwr6'", 'self': "<Flask 'testcase'>", 'values': "{'item_id': 6811, 'slug': 'dd4%--d79b', 'batch': 60}"}
2026-08-22 23:51:55.575 /testbed/src/flask/app.py:1159 flask.app.Flask.url_for event=line locals={}
2026-08-22 23:51:55.575 /testbed/src/flask/app.py:1160 flask.app.Flask.url_for event=line locals={'ctx': "<AppContext 132672011232272 of testcase, GET 'https://api.example.test/myapp/g3dvr7056/h9iajtghvq1k'>"}
2026-08-22 23:51:55.575 /testbed/src/flask/app.py:1161 flask.app.Flask.url_for event=line locals={'url_adapter': '<werkzeug.routing.map.MapAdapter object at 0x78aa1d2f8890>'}
2026-08-22 23:51:55.575 /testbed/src/flask/app.py:1165 flask.app.Flask.url_for event=line locals={'blueprint_name': "'lx5vctr60lx'"}
2026-08-22 23:51:55.575 /testbed/src/flask/app.py:1166 flask.app.Flask.url_for event=line locals={}
2026-08-22 23:51:55.575 /testbed/src/flask/app.py:1167 flask.app.Flask.url_for event=line locals={}
2026-08-22 23:51:55.575 /testbed/src/flask/app.py:1173 flask.app.Flask.url_for event=line locals={'endpoint': "'lx5vctr60lx.mtdt3q6%ccwr6'"}
2026-08-22 23:51:55.575 /testbed/src/flask/app.py:1199 flask.app.Flask.url_for event=line locals={}
2026-08-22 23:51:55.575 /testbed/src/flask/app.py:1202 flask.app.Flask.url_for event=line locals={}
2026-08-22 23:51:55.576 /testbed/src/flask/app.py:1204 flask.app.Flask.url_for event=line locals={'values': "{'item_id': 6811, 'slug': 'dd4%--d79b', 'batch': 60, 'signature': '15bb4', 'phase': 21}"}
2026-08-22 23:51:55.576 /testbed/src/flask/app.py:1205 flask.app.Flask.url_for event=line locals={}
2026-08-22 23:51:55.576 /testbed/src/flask/app.py:1206 flask.app.Flask.url_for event=line locals={}
2026-08-22 23:51:55.576 /testbed/src/flask/app.py:1207 flask.app.Flask.url_for event=line locals={}
2026-08-22 23:51:55.576 /testbed/src/flask/app.py:1208 flask.app.Flask.url_for event=line locals={}
2026-08-22 23:51:55.576 /testbed/src/flask/app.py:1209 flask.app.Flask.url_for event=line locals={}
2026-08-22 23:51:55.576 /testbed/src/flask/app.py:1210 flask.app.Flask.url_for event=line locals={}
2026-08-22 23:51:55.576 /testbed/src/flask/app.py:1205 flask.app.Flask.url_for event=line locals={}
2026-08-22 23:51:55.576 /testbed/src/flask/app.py:1218 flask.app.Flask.url_for event=line locals={'rv': "'/myapp/g3dvr7056/sv1-0xs6/6811/dd4%25--d79b/h%25d-f?batch=60&signature=15bb4&phase=21'"}
2026-08-22 23:51:55.576 /testbed/src/flask/app.py:1219 flask.app.Flask.url_for event=line locals={}
2026-08-22 23:51:55.576 /testbed/src/flask/app.py:1220 flask.app.Flask.url_for event=line locals={'_anchor': "'9xxrovgj%20/%20585%20/%20or7cfcs%20/%20kxu3'"}
2026-08-22 23:51:55.576 /testbed/src/flask/app.py:1222 flask.app.Flask.url_for event=line locals={'rv': "'/myapp/g3dvr7056/sv1-0xs6/6811/dd4%25--d79b/h%25d-f?batch=60&signature=15bb4&phase=21#9xxrovgj%20/%20585%20/%20or7cfcs%20/%20kxu3'"}
2026-08-22 23:51:55.576 /testbed/src/flask/app.py:1222 flask.app.Flask.url_for event=return retval='/myapp/g3dvr7056/sv1-0xs6/6811/dd4%25--d79b/h%25d-f?batch=60&signature=15bb4&phase=21#9xxrovgj%20/%20585%20/%20or7cfcs%20/%20kxu3' locals={'_anchor': "'9xxrovgj%20/%20585%20/%20or7cfcs%20/%20kxu3'", '_external': 'False', '_method': "'PUT'", '_scheme': 'None', 'blueprint_name': "'lx5vctr60lx'", 'ctx': "<AppContext 132672011232272 of testcase, GET 'https://api.example.test/myapp/g3dvr7056/h9iajtghvq1k'>", 'endpoint': "'lx5vctr60lx.mtdt3q6%ccwr6'", 'rv': "'/myapp/g3dvr7056/sv1-0xs6/6811/dd4%25--d79b/h%25d-f?batch=60&signature=15bb4&phase=21#9xxrovgj%20/%20585%20/%20or7cfcs%20/%20kxu3'", 'self': "<Flask 'testcase'>", 'url_adapter': '<werkzeug.routing.map.MapAdapter object at 0x78aa1d2f8890>', 'values': "{'item_id': 6811, 'slug': 'dd4%--d79b', 'batch': 60, 'signature': '15bb4', 'phase': 21}"}
2026-08-22 23:51:55.577 /testbed/src/flask/app.py:1102 flask.app.Flask.url_for event=call locals={'_anchor': "'ie8s / 1651 / z%%qzkaf / r08w'", '_external': 'False', '_method': "'GET'", '_scheme': 'None', 'endpoint': "'.mtdt3q6%ccwr6'", 'self': "<Flask 'testcase'>", 'values': "{'item_id': 2728, 'slug': 's73q8i-lp_qpzi-ofzyjoo9', 'batch': 11}"}
2026-08-22 23:51:55.577 /testbed/src/flask/app.py:1159 flask.app.Flask.url_for event=line locals={}
2026-08-22 23:51:55.577 /testbed/src/flask/app.py:1160 flask.app.Flask.url_for event=line locals={'ctx': "<AppContext 132672011232272 of testcase, GET 'https://api.example.test/myapp/g3dvr7056/h9iajtghvq1k'>"}
2026-08-22 23:51:55.577 /testbed/src/flask/app.py:1161 flask.app.Flask.url_for event=line locals={'url_adapter': '<werkzeug.routing.map.MapAdapter object at 0x78aa1d2f8890>'}
2026-08-22 23:51:55.577 /testbed/src/flask/app.py:1165 flask.app.Flask.url_for event=line locals={'blueprint_name': "'lx5vctr60lx'"}
2026-08-22 23:51:55.577 /testbed/src/flask/app.py:1166 flask.app.Flask.url_for event=line locals={}
2026-08-22 23:51:55.577 /testbed/src/flask/app.py:1167 flask.app.Flask.url_for event=line locals={}
2026-08-22 23:51:55.577 /testbed/src/flask/app.py:1173 flask.app.Flask.url_for event=line locals={'endpoint': "'lx5vctr60lx.mtdt3q6%ccwr6'"}
2026-08-22 23:51:55.577 /testbed/src/flask/app.py:1199 flask.app.Flask.url_for event=line locals={}
2026-08-22 23:51:55.577 /testbed/src/flask/app.py:1202 flask.app.Flask.url_for event=line locals={}
2026-08-22 23:51:55.578 /testbed/src/flask/app.py:1204 flask.app.Flask.url_for event=line locals={'values': "{'item_id': 2728, 'slug': 's73q8i-lp_qpzi-ofzyjoo9', 'batch': 11, 'signature': '24471', 'phase': 23}"}
2026-08-22 23:51:55.578 /testbed/src/flask/app.py:1205 flask.app.Flask.url_for event=line locals={}
2026-08-22 23:51:55.578 /testbed/src/flask/app.py:1206 flask.app.Flask.url_for event=line locals={}
2026-08-22 23:51:55.578 /testbed/src/flask/app.py:1207 flask.app.Flask.url_for event=line locals={}
2026-08-22 23:51:55.578 /testbed/src/flask/app.py:1208 flask.app.Flask.url_for event=line locals={}
2026-08-22 23:51:55.578 /testbed/src/flask/app.py:1209 flask.app.Flask.url_for event=line locals={}
2026-08-22 23:51:55.578 /testbed/src/flask/app.py:1210 flask.app.Flask.url_for event=line locals={}
2026-08-22 23:51:55.578 /testbed/src/flask/app.py:1205 flask.app.Flask.url_for event=line locals={}
2026-08-22 23:51:55.578 /testbed/src/flask/app.py:1218 flask.app.Flask.url_for event=line locals={'rv': "'/myapp/g3dvr7056/sv1-0xs6/2728/s73q8i-lp_qpzi-ofzyjoo9/h%25d-f?batch=11&signature=24471&phase=23'"}
2026-08-22 23:51:55.578 /testbed/src/flask/app.py:1219 flask.app.Flask.url_for event=line locals={}
2026-08-22 23:51:55.578 /testbed/src/flask/app.py:1220 flask.app.Flask.url_for event=line locals={'_anchor': "'ie8s%20/%201651%20/%20z%%qzkaf%20/%20r08w'"}
2026-08-22 23:51:55.578 /testbed/src/flask/app.py:1222 flask.app.Flask.url_for event=line locals={'rv': "'/myapp/g3dvr7056/sv1-0xs6/2728/s73q8i-lp_qpzi-ofzyjoo9/h%25d-f?batch=11&signature=24471&phase=23#ie8s%20/%201651%20/%20z%%qzkaf%20/%20r08w'"}
2026-08-22 23:51:55.578 /testbed/src/flask/app.py:1222 flask.app.Flask.url_for event=return retval='/myapp/g3dvr7056/sv1-0xs6/2728/s73q8i-lp_qpzi-ofzyjoo9/h%25d-f?batch=11&signature=24471&phase=23#ie8s%20/%201651%20/%20z%%qzkaf%20/%20r08w' locals={'_anchor': "'ie8s%20/%201651%20/%20z%%qzkaf%20/%20r08w'", '_external': 'False', '_method': "'GET'", '_scheme': 'None', 'blueprint_name': "'lx5vctr60lx'", 'ctx': "<AppContext 132672011232272 of testcase, GET 'https://api.example.test/myapp/g3dvr7056/h9iajtghvq1k'>", 'endpoint': "'lx5vctr60lx.mtdt3q6%ccwr6'", 'rv': "'/myapp/g3dvr7056/sv1-0xs6/2728/s73q8i-lp_qpzi-ofzyjoo9/h%25d-f?batch=11&signature=24471&phase=23#ie8s%20/%201651%20/%20z%%qzkaf%20/%20r08w'", 'self': "<Flask 'testcase'>", 'url_adapter': '<werkzeug.routing.map.MapAdapter object at 0x78aa1d2f8890>', 'values': "{'item_id': 2728, 'slug': 's73q8i-lp_qpzi-ofzyjoo9', 'batch': 11, 'signature': '24471', 'phase': 23}"}
2026-08-22 23:51:55.579 /testbed/src/flask/app.py:1102 flask.app.Flask.url_for event=call locals={'_anchor': "'8m9m- / 504 / zyp2c / tsna'", '_external': 'False', '_method': "'GET'", '_scheme': 'None', 'endpoint': "'.mtdt3q6%ccwr6'", 'self': "<Flask 'testcase'>", 'values': "{'item_id': 6802, 'slug': '6c803-q5_42l-z%o3%pl-dl0w2o48', 'batch': 15}"}
2026-08-22 23:51:55.579 /testbed/src/flask/app.py:1159 flask.app.Flask.url_for event=line locals={}
2026-08-22 23:51:55.579 /testbed/src/flask/app.py:1160 flask.app.Flask.url_for event=line locals={'ctx': "<AppContext 132672011232272 of testcase, GET 'https://api.example.test/myapp/g3dvr7056/h9iajtghvq1k'>"}
2026-08-22 23:51:55.579 /testbed/src/flask/app.py:1161 flask.app.Flask.url_for event=line locals={'url_adapter': '<werkzeug.routing.map.MapAdapter object at 0x78aa1d2f8890>'}
2026-08-22 23:51:55.579 /testbed/src/flask/app.py:1165 flask.app.Flask.url_for event=line locals={'blueprint_name': "'lx5vctr60lx'"}
2026-08-22 23:51:55.579 /testbed/src/flask/app.py:1166 flask.app.Flask.url_for event=line locals={}
2026-08-22 23:51:55.579 /testbed/src/flask/app.py:1167 flask.app.Flask.url_for event=line locals={}
2026-08-22 23:51:55.579 /testbed/src/flask/app.py:1173 flask.app.Flask.url_for event=line locals={'endpoint': "'lx5vctr60lx.mtdt3q6%ccwr6'"}
2026-08-22 23:51:55.579 /testbed/src/flask/app.py:1199 flask.app.Flask.url_for event=line locals={}
2026-08-22 23:51:55.579 /testbed/src/flask/app.py:1202 flask.app.Flask.url_for event=line locals={}
2026-08-22 23:51:55.580 /testbed/src/flask/app.py:1204 flask.app.Flask.url_for event=line locals={'values': "{'item_id': 6802, 'slug': '6c803-q5_42l-z%o3%pl-dl0w2o48', 'batch': 15, 'signature': '236c7', 'phase': 30}"}
2026-08-22 23:51:55.580 /testbed/src/flask/app.py:1205 flask.app.Flask.url_for event=line locals={}
2026-08-22 23:51:55.580 /testbed/src/flask/app.py:1206 flask.app.Flask.url_for event=line locals={}
2026-08-22 23:51:55.580 /testbed/src/flask/app.py:1207 flask.app.Flask.url_for event=line locals={}
2026-08-22 23:51:55.580 /testbed/src/flask/app.py:1208 flask.app.Flask.url_for event=line locals={}
2026-08-22 23:51:55.580 /testbed/src/flask/app.py:1209 flask.app.Flask.url_for event=line locals={}
2026-08-22 23:51:55.580 /testbed/src/flask/app.py:1210 flask.app.Flask.url_for event=line locals={}
2026-08-22 23:51:55.580 /testbed/src/flask/app.py:1205 flask.app.Flask.url_for event=line locals={}
2026-08-22 23:51:55.580 /testbed/src/flask/app.py:1218 flask.app.Flask.url_for event=line locals={'rv': "'/myapp/g3dvr7056/sv1-0xs6/6802/6c803-q5_42l-z%25o3%25pl-dl0w2o48/h%25d-f?batch=15&signature=236c7&phase=30'"}
2026-08-22 23:51:55.580 /testbed/src/flask/app.py:1219 flask.app.Flask.url_for event=line locals={}
2026-08-22 23:51:55.580 /testbed/src/flask/app.py:1220 flask.app.Flask.url_for event=line locals={'_anchor': "'8m9m-%20/%20504%20/%20zyp2c%20/%20tsna'"}
2026-08-22 23:51:55.580 /testbed/src/flask/app.py:1222 flask.app.Flask.url_for event=line locals={'rv': "'/myapp/g3dvr7056/sv1-0xs6/6802/6c803-q5_42l-z%25o3%25pl-dl0w2o48/h%25d-f?batch=15&signature=236c7&phase=30#8m9m-%20/%20504%20/%20zyp2c%20/%20tsna'"}
2026-08-22 23:51:55.580 /testbed/src/flask/app.py:1222 flask.app.Flask.url_for event=return retval='/myapp/g3dvr7056/sv1-0xs6/6802/6c803-q5_42l-z%25o3%25pl-dl0w2o48/h%25d-f?batch=15&signature=236c7&phase=30#8m9m-%20/%20504%20/%20zyp2c%20/%20tsna' locals={'_anchor': "'8m9m-%20/%20504%20/%20zyp2c%20/%20tsna'", '_external': 'False', '_method': "'GET'", '_scheme': 'None', 'blueprint_name': "'lx5vctr60lx'", 'ctx': "<AppContext 132672011232272 of testcase, GET 'https://api.example.test/myapp/g3dvr7056/h9iajtghvq1k'>", 'endpoint': "'lx5vctr60lx.mtdt3q6%ccwr6'", 'rv': "'/myapp/g3dvr7056/sv1-0xs6/6802/6c803-q5_42l-z%25o3%25pl-dl0w2o48/h%25d-f?batch=15&signature=236c7&phase=30#8m9m-%20/%20504%20/%20zyp2c%20/%20tsna'", 'self': "<Flask 'testcase'>", 'url_adapter': '<werkzeug.routing.map.MapAdapter object at 0x78aa1d2f8890>', 'values': "{'item_id': 6802, 'slug': '6c803-q5_42l-z%o3%pl-dl0w2o48', 'batch': 15, 'signature': '236c7', 'phase': 30}"}
2026-08-22 23:51:55.582 /testbed/src/flask/app.py:1102 flask.app.Flask.url_for event=call locals={'_anchor': "'mvwv4x / 2018 / pdbm5% / %szy'", '_external': 'False', '_method': "'GET'", '_scheme': 'None', 'endpoint': "'.mtdt3q6%ccwr6'", 'self': "<Flask 'testcase'>", 'values': "{'item_id': 862, 'slug': 'aexmrq-zfud%w--i3ft7upa-p%rvond58-x3zshv9rcr', 'batch': 37}"}
2026-08-22 23:51:55.582 /testbed/src/flask/app.py:1159 flask.app.Flask.url_for event=line locals={}
2026-08-22 23:51:55.582 /testbed/src/flask/app.py:1160 flask.app.Flask.url_for event=line locals={'ctx': "<AppContext 132672011232272 of testcase, GET 'https://api.example.test/myapp/g3dvr7056/h9iajtghvq1k'>"}
2026-08-22 23:51:55.582 /testbed/src/flask/app.py:1161 flask.app.Flask.url_for event=line locals={'url_adapter': '<werkzeug.routing.map.MapAdapter object at 0x78aa1d2f8890>'}
2026-08-22 23:51:55.582 /testbed/src/flask/app.py:1165 flask.app.Flask.url_for event=line locals={'blueprint_name': "'lx5vctr60lx'"}
2026-08-22 23:51:55.582 /testbed/src/flask/app.py:1166 flask.app.Flask.url_for event=line locals={}
2026-08-22 23:51:55.582 /testbed/src/flask/app.py:1167 flask.app.Flask.url_for event=line locals={}
2026-08-22 23:51:55.582 /testbed/src/flask/app.py:1173 flask.app.Flask.url_for event=line locals={'endpoint': "'lx5vctr60lx.mtdt3q6%ccwr6'"}
2026-08-22 23:51:55.582 /testbed/src/flask/app.py:1199 flask.app.Flask.url_for event=line locals={}
2026-08-22 23:51:55.582 /testbed/src/flask/app.py:1202 flask.app.Flask.url_for event=line locals={}
2026-08-22 23:51:55.582 /testbed/src/flask/app.py:1204 flask.app.Flask.url_for event=line locals={'values': "{'item_id': 862, 'slug': 'aexmrq-zfud%w--i3ft7upa-p%rvond58-x3zshv9rcr', 'batch': 37, 'signature': '46bc0', 'phase': 49}"}
2026-08-22 23:51:55.582 /testbed/src/flask/app.py:1205 flask.app.Flask.url_for event=line locals={}
2026-08-22 23:51:55.582 /testbed/src/flask/app.py:1206 flask.app.Flask.url_for event=line locals={}
2026-08-22 23:51:55.582 /testbed/src/flask/app.py:1207 flask.app.Flask.url_for event=line locals={}
2026-08-22 23:51:55.582 /testbed/src/flask/app.py:1208 flask.app.Flask.url_for event=line locals={}
2026-08-22 23:51:55.582 /testbed/src/flask/app.py:1209 flask.app.Flask.url_for event=line locals={}
2026-08-22 23:51:55.582 /testbed/src/flask/app.py:1210 flask.app.Flask.url_for event=line locals={}
2026-08-22 23:51:55.582 /testbed/src/flask/app.py:1205 flask.app.Flask.url_for event=line locals={}
2026-08-22 23:51:55.583 /testbed/src/flask/app.py:1218 flask.app.Flask.url_for event=line locals={'rv': "'/myapp/g3dvr7056/sv1-0xs6/862/aexmrq-zfud%25w--i3ft7upa-p%25rvond58-x3zshv9rcr/h%25d-f?batch=37&signature=46bc0&phase=49'"}
2026-08-22 23:51:55.583 /testbed/src/flask/app.py:1219 flask.app.Flask.url_for event=line locals={}
2026-08-22 23:51:55.583 /testbed/src/flask/app.py:1220 flask.app.Flask.url_for event=line locals={'_anchor': "'mvwv4x%20/%202018%20/%20pdbm5%%20/%20%szy'"}
2026-08-22 23:51:55.583 /testbed/src/flask/app.py:1222 flask.app.Flask.url_for event=line locals={'rv': "'/myapp/g3dvr7056/sv1-0xs6/862/aexmrq-zfud%25w--i3ft7upa-p%25rvond58-x3zshv9rcr/h%25d-f?batch=37&signature=46bc0&phase=49#mvwv4x%20/%202018%20/%20pdbm5%%20/%20%szy'"}
2026-08-22 23:51:55.583 /testbed/src/flask/app.py:1222 flask.app.Flask.url_for event=return retval='/myapp/g3dvr7056/sv1-0xs6/862/aexmrq-zfud%25w--i3ft7upa-p%25rvond58-x3zshv9rcr/h%25d-f?batch=37&signature=46bc0&phase=49#mvwv4x%20/%202018%20/%20pdbm5%%20/%20%szy' locals={'_anchor': "'mvwv4x%20/%202018%20/%20pdbm5%%20/%20%szy'", '_external': 'False', '_method': "'GET'", '_scheme': 'None', 'blueprint_name': "'lx5vctr60lx'", 'ctx': "<AppContext 132672011232272 of testcase, GET 'https://api.example.test/myapp/g3dvr7056/h9iajtghvq1k'>", 'endpoint': "'lx5vctr60lx.mtdt3q6%ccwr6'", 'rv': "'/myapp/g3dvr7056/sv1-0xs6/862/aexmrq-zfud%25w--i3ft7upa-p%25rvond58-x3zshv9rcr/h%25d-f?batch=37&signature=46bc0&phase=49#mvwv4x%20/%202018%20/%20pdbm5%%20/%20%szy'", 'self': "<Flask 'testcase'>", 'url_adapter': '<werkzeug.routing.map.MapAdapter object at 0x78aa1d2f8890>', 'values': "{'item_id': 862, 'slug': 'aexmrq-zfud%w--i3ft7upa-p%rvond58-x3zshv9rcr', 'batch': 37, 'signature': '46bc0', 'phase': 49}"}
2026-08-22 23:51:55.584 /testbed/src/flask/app.py:1102 flask.app.Flask.url_for event=call locals={'_anchor': "'2m_zqw7 / 1183 / zxuhr94 / pjbs'", '_external': 'False', '_method': "'GET'", '_scheme': 'None', 'endpoint': "'.mtdt3q6%ccwr6'", 'self': "<Flask 'testcase'>", 'values': "{'item_id': 5162, 'slug': '3a_wa6k-7spw1e-g-dqjyagpva-xaeozl0z0g-itu-2aha', 'batch': 53}"}
2026-08-22 23:51:55.584 /testbed/src/flask/app.py:1159 flask.app.Flask.url_for event=line locals={}
2026-08-22 23:51:55.584 /testbed/src/flask/app.py:1160 flask.app.Flask.url_for event=line locals={'ctx': "<AppContext 132672011232272 of testcase, GET 'https://api.example.test/myapp/g3dvr7056/h9iajtghvq1k'>"}
2026-08-22 23:51:55.584 /testbed/src/flask/app.py:1161 flask.app.Flask.url_for event=line locals={'url_adapter': '<werkzeug.routing.map.MapAdapter object at 0x78aa1d2f8890>'}
2026-08-22 23:51:55.584 /testbed/src/flask/app.py:1165 flask.app.Flask.url_for event=line locals={'blueprint_name': "'lx5vctr60lx'"}
2026-08-22 23:51:55.584 /testbed/src/flask/app.py:1166 flask.app.Flask.url_for event=line locals={}
2026-08-22 23:51:55.584 /testbed/src/flask/app.py:1167 flask.app.Flask.url_for event=line locals={}
2026-08-22 23:51:55.584 /testbed/src/flask/app.py:1173 flask.app.Flask.url_for event=line locals={'endpoint': "'lx5vctr60lx.mtdt3q6%ccwr6'"}
2026-08-22 23:51:55.584 /testbed/src/flask/app.py:1199 flask.app.Flask.url_for event=line locals={}
2026-08-22 23:51:55.584 /testbed/src/flask/app.py:1202 flask.app.Flask.url_for event=line locals={}
2026-08-22 23:51:55.585 /testbed/src/flask/app.py:1204 flask.app.Flask.url_for event=line locals={'values': "{'item_id': 5162, 'slug': '3a_wa6k-7spw1e-g-dqjyagpva-xaeozl0z0g-itu-2aha', 'batch': 53, 'signature': '42d47', 'phase': 58}"}
2026-08-22 23:51:55.585 /testbed/src/flask/app.py:1205 flask.app.Flask.url_for event=line locals={}
2026-08-22 23:51:55.585 /testbed/src/flask/app.py:1206 flask.app.Flask.url_for event=line locals={}
2026-08-22 23:51:55.585 /testbed/src/flask/app.py:1207 flask.app.Flask.url_for event=line locals={}
2026-08-22 23:51:55.585 /testbed/src/flask/app.py:1208 flask.app.Flask.url_for event=line locals={}
2026-08-22 23:51:55.585 /testbed/src/flask/app.py:1209 flask.app.Flask.url_for event=line locals={}
2026-08-22 23:51:55.585 /testbed/src/flask/app.py:1210 flask.app.Flask.url_for event=line locals={}
2026-08-22 23:51:55.585 /testbed/src/flask/app.py:1205 flask.app.Flask.url_for event=line locals={}
2026-08-22 23:51:55.585 /testbed/src/flask/app.py:1218 flask.app.Flask.url_for event=line locals={'rv': "'/myapp/g3dvr7056/sv1-0xs6/5162/3a_wa6k-7spw1e-g-dqjyagpva-xaeozl0z0g-itu-2aha/h%25d-f?batch=53&signature=42d47&phase=58'"}
2026-08-22 23:51:55.585 /testbed/src/flask/app.py:1219 flask.app.Flask.url_for event=line locals={}
2026-08-22 23:51:55.585 /testbed/src/flask/app.py:1220 flask.app.Flask.url_for event=line locals={'_anchor': "'2m_zqw7%20/%201183%20/%20zxuhr94%20/%20pjbs'"}
2026-08-22 23:51:55.585 /testbed/src/flask/app.py:1222 flask.app.Flask.url_for event=line locals={'rv': "'/myapp/g3dvr7056/sv1-0xs6/5162/3a_wa6k-7spw1e-g-dqjyagpva-xaeozl0z0g-itu-2aha/h%25d-f?batch=53&signature=42d47&phase=58#2m_zqw7%20/%201183%20/%20zxuhr94%20/%20pjbs'"}
2026-08-22 23:51:55.585 /testbed/src/flask/app.py:1222 flask.app.Flask.url_for event=return retval='/myapp/g3dvr7056/sv1-0xs6/5162/3a_wa6k-7spw1e-g-dqjyagpva-xaeozl0z0g-itu-2aha/h%25d-f?batch=53&signature=42d47&phase=58#2m_zqw7%20/%201183%20/%20zxuhr94%20/%20pjbs' locals={'_anchor': "'2m_zqw7%20/%201183%20/%20zxuhr94%20/%20pjbs'", '_external': 'False', '_method': "'GET'", '_scheme': 'None', 'blueprint_name': "'lx5vctr60lx'", 'ctx': "<AppContext 132672011232272 of testcase, GET 'https://api.example.test/myapp/g3dvr7056/h9iajtghvq1k'>", 'endpoint': "'lx5vctr60lx.mtdt3q6%ccwr6'", 'rv': "'/myapp/g3dvr7056/sv1-0xs6/5162/3a_wa6k-7spw1e-g-dqjyagpva-xaeozl0z0g-itu-2aha/h%25d-f?batch=53&signature=42d47&phase=58#2m_zqw7%20/%201183%20/%20zxuhr94%20/%20pjbs'", 'self': "<Flask 'testcase'>", 'url_adapter': '<werkzeug.routing.map.MapAdapter object at 0x78aa1d2f8890>', 'values': "{'item_id': 5162, 'slug': '3a_wa6k-7spw1e-g-dqjyagpva-xaeozl0z0g-itu-2aha', 'batch': 53, 'signature': '42d47', 'phase': 58}"}
2026-08-22 23:51:55.587 /testbed/src/flask/app.py:1102 flask.app.Flask.url_for event=call locals={'_anchor': "'b7cc%-7l / 2716 / 6vo7ne60 / e97h'", '_external': 'False', '_method': "'GET'", '_scheme': 'None', 'endpoint': "'.mtdt3q6%ccwr6'", 'self': "<Flask 'testcase'>", 'values': "{'item_id': 9455, 'slug': 'o-bl614ob-gr-%91wbh%-mgu-aoj0-py8dt-qn%vzi-9enqo97', 'batch': 88}"}
2026-08-22 23:51:55.587 /testbed/src/flask/app.py:1159 flask.app.Flask.url_for event=line locals={}
2026-08-22 23:51:55.587 /testbed/src/flask/app.py:1160 flask.app.Flask.url_for event=line locals={'ctx': "<AppContext 132672011232272 of testcase, GET 'https://api.example.test/myapp/g3dvr7056/h9iajtghvq1k'>"}
2026-08-22 23:51:55.587 /testbed/src/flask/app.py:1161 flask.app.Flask.url_for event=line locals={'url_adapter': '<werkzeug.routing.map.MapAdapter object at 0x78aa1d2f8890>'}
2026-08-22 23:51:55.587 /testbed/src/flask/app.py:1165 flask.app.Flask.url_for event=line locals={'blueprint_name': "'lx5vctr60lx'"}
2026-08-22 23:51:55.587 /testbed/src/flask/app.py:1166 flask.app.Flask.url_for event=line locals={}
2026-08-22 23:51:55.587 /testbed/src/flask/app.py:1167 flask.app.Flask.url_for event=line locals={}
2026-08-22 23:51:55.587 /testbed/src/flask/app.py:1173 flask.app.Flask.url_for event=line locals={'endpoint': "'lx5vctr60lx.mtdt3q6%ccwr6'"}
2026-08-22 23:51:55.587 /testbed/src/flask/app.py:1199 flask.app.Flask.url_for event=line locals={}
2026-08-22 23:51:55.587 /testbed/src/flask/app.py:1202 flask.app.Flask.url_for event=line locals={}
2026-08-22 23:51:55.587 /testbed/src/flask/app.py:1204 flask.app.Flask.url_for event=line locals={'values': "{'item_id': 9455, 'slug': 'o-bl614ob-gr-%91wbh%-mgu-aoj0-py8dt-qn%vzi-9enqo97', 'batch': 88, 'signature': '40633', 'phase': 58}"}
2026-08-22 23:51:55.587 /testbed/src/flask/app.py:1205 flask.app.Flask.url_for event=line locals={}
2026-08-22 23:51:55.587 /testbed/src/flask/app.py:1206 flask.app.Flask.url_for event=line locals={}
2026-08-22 23:51:55.587 /testbed/src/flask/app.py:1207 flask.app.Flask.url_for event=line locals={}
2026-08-22 23:51:55.588 /testbed/src/flask/app.py:1208 flask.app.Flask.url_for event=line locals={}
2026-08-22 23:51:55.588 /testbed/src/flask/app.py:1209 flask.app.Flask.url_for event=line locals={}
2026-08-22 23:51:55.588 /testbed/src/flask/app.py:1210 flask.app.Flask.url_for event=line locals={}
2026-08-22 23:51:55.588 /testbed/src/flask/app.py:1205 flask.app.Flask.url_for event=line locals={}
2026-08-22 23:51:55.588 /testbed/src/flask/app.py:1218 flask.app.Flask.url_for event=line locals={'rv': "'/myapp/g3dvr7056/sv1-0xs6/9455/o-bl614ob-gr-%2591wbh%25-mgu-aoj0-py8dt-qn%25vzi-9enqo97/h%25d-f?batch=88&signature=40633&phase=58'"}
2026-08-22 23:51:55.588 /testbed/src/flask/app.py:1219 flask.app.Flask.url_for event=line locals={}
2026-08-22 23:51:55.588 /testbed/src/flask/app.py:1220 flask.app.Flask.url_for event=line locals={'_anchor': "'b7cc%-7l%20/%202716%20/%206vo7ne60%20/%20e97h'"}
2026-08-22 23:51:55.588 /testbed/src/flask/app.py:1222 flask.app.Flask.url_for event=line locals={'rv': "'/myapp/g3dvr7056/sv1-0xs6/9455/o-bl614ob-gr-%2591wbh%25-mgu-aoj0-py8dt-qn%25vzi-9enqo97/h%25d-f?batch=88&signature=40633&phase=58#b7cc%-7l%20/%202716%20/%206vo7ne60%20/%20e97h'"}
2026-08-22 23:51:55.588 /testbed/src/flask/app.py:1222 flask.app.Flask.url_for event=return retval='/myapp/g3dvr7056/sv1-0xs6/9455/o-bl614ob-gr-%2591wbh%25-mgu-aoj0-py8dt-qn%25vzi-9enqo97/h%25d-f?batch=88&signature=40633&phase=58#b7cc%-7l%20/%202716%20/%206vo7ne60%20/%20e97h' locals={'_anchor': "'b7cc%-7l%20/%202716%20/%206vo7ne60%20/%20e97h'", '_external': 'False', '_method': "'GET'", '_scheme': 'None', 'blueprint_name': "'lx5vctr60lx'", 'ctx': "<AppContext 132672011232272 of testcase, GET 'https://api.example.test/myapp/g3dvr7056/h9iajtghvq1k'>", 'endpoint': "'lx5vctr60lx.mtdt3q6%ccwr6'", 'rv': "'/myapp/g3dvr7056/sv1-0xs6/9455/o-bl614ob-gr-%2591wbh%25-mgu-aoj0-py8dt-qn%25vzi-9enqo97/h%25d-f?batch=88&signature=40633&phase=58#b7cc%-7l%20/%202716%20/%206vo7ne60%20/%20e97h'", 'self': "<Flask 'testcase'>", 'url_adapter': '<werkzeug.routing.map.MapAdapter object at 0x78aa1d2f8890>', 'values': "{'item_id': 9455, 'slug': 'o-bl614ob-gr-%91wbh%-mgu-aoj0-py8dt-qn%vzi-9enqo97', 'batch': 88, 'signature': '40633', 'phase': 58}"}
2026-08-22 23:51:55.590 /testbed/src/flask/app.py:1102 flask.app.Flask.url_for event=call locals={'_anchor': "'q2zf / 1196 / z7hw7 / o38k'", '_external': 'True', '_method': "'POST'", '_scheme': 'None', 'endpoint': "'.mtdt3q6%ccwr6'", 'self': "<Flask 'testcase'>", 'values': "{'item_id': 3110, 'slug': '6bi4e-qxdd8e-kk5p7ee-ydvognnw-dmpis2naa-3x91i1p3b9-v61-v8x0', 'batch': 34}"}
2026-08-22 23:51:55.590 /testbed/src/flask/app.py:1159 flask.app.Flask.url_for event=line locals={}
2026-08-22 23:51:55.590 /testbed/src/flask/app.py:1160 flask.app.Flask.url_for event=line locals={'ctx': "<AppContext 132672011232272 of testcase, GET 'https://api.example.test/myapp/g3dvr7056/h9iajtghvq1k'>"}
2026-08-22 23:51:55.590 /testbed/src/flask/app.py:1161 flask.app.Flask.url_for event=line locals={'url_adapter': '<werkzeug.routing.map.MapAdapter object at 0x78aa1d2f8890>'}
2026-08-22 23:51:55.590 /testbed/src/flask/app.py:1165 flask.app.Flask.url_for event=line locals={'blueprint_name': "'lx5vctr60lx'"}
2026-08-22 23:51:55.590 /testbed/src/flask/app.py:1166 flask.app.Flask.url_for event=line locals={}
2026-08-22 23:51:55.590 /testbed/src/flask/app.py:1167 flask.app.Flask.url_for event=line locals={}
2026-08-22 23:51:55.590 /testbed/src/flask/app.py:1173 flask.app.Flask.url_for event=line locals={'endpoint': "'lx5vctr60lx.mtdt3q6%ccwr6'"}
2026-08-22 23:51:55.590 /testbed/src/flask/app.py:1199 flask.app.Flask.url_for event=line locals={}
2026-08-22 23:51:55.590 /testbed/src/flask/app.py:1202 flask.app.Flask.url_for event=line locals={}
2026-08-22 23:51:55.590 /testbed/src/flask/app.py:1204 flask.app.Flask.url_for event=line locals={'values': "{'item_id': 3110, 'slug': '6bi4e-qxdd8e-kk5p7ee-ydvognnw-dmpis2naa-3x91i1p3b9-v61-v8x0', 'batch': 34, 'signature': '50478', 'phase': 63}"}
2026-08-22 23:51:55.590 /testbed/src/flask/app.py:1205 flask.app.Flask.url_for event=line locals={}
2026-08-22 23:51:55.590 /testbed/src/flask/app.py:1206 flask.app.Flask.url_for event=line locals={}
2026-08-22 23:51:55.590 /testbed/src/flask/app.py:1207 flask.app.Flask.url_for event=line locals={}
2026-08-22 23:51:55.590 /testbed/src/flask/app.py:1208 flask.app.Flask.url_for event=line locals={}
2026-08-22 23:51:55.590 /testbed/src/flask/app.py:1209 flask.app.Flask.url_for event=line locals={}
2026-08-22 23:51:55.590 /testbed/src/flask/app.py:1210 flask.app.Flask.url_for event=line locals={}
2026-08-22 23:51:55.590 /testbed/src/flask/app.py:1205 flask.app.Flask.url_for event=line locals={}
2026-08-22 23:51:55.591 /testbed/src/flask/app.py:1218 flask.app.Flask.url_for event=line locals={'rv': "'https://api.example.test/myapp/g3dvr7056/sv1-0xs6/3110/6bi4e-qxdd8e-kk5p7ee-ydvognnw-dmpis2naa-3x91i1p3b9-v61-v8x0/h%25d-f?batch=34&signature=50478&phase=63'"}
2026-08-22 23:51:55.591 /testbed/src/flask/app.py:1219 flask.app.Flask.url_for event=line locals={}
2026-08-22 23:51:55.591 /testbed/src/flask/app.py:1220 flask.app.Flask.url_for event=line locals={'_anchor': "'q2zf%20/%201196%20/%20z7hw7%20/%20o38k'"}
2026-08-22 23:51:55.591 /testbed/src/flask/app.py:1222 flask.app.Flask.url_for event=line locals={'rv': "'https://api.example.test/myapp/g3dvr7056/sv1-0xs6/3110/6bi4e-qxdd8e-kk5p7ee-ydvognnw-dmpis2naa-3x91i1p3b9-v61-v8x0/h%25d-f?batch=34&signature=50478&phase=63#q2zf%20/%201196%20/%20z7hw7%20/%20o38k'"}
2026-08-22 23:51:55.591 /testbed/src/flask/app.py:1222 flask.app.Flask.url_for event=return retval='https://api.example.test/myapp/g3dvr7056/sv1-0xs6/3110/6bi4e-qxdd8e-kk5p7ee-ydvognnw-dmpis2naa-3x91i1p3b9-v61-v8x0/h%25d-f?batch=34&signature=50478&phase=63#q2zf%20/%201196%20/%20z7hw7%20/%20o38k' locals={'_anchor': "'q2zf%20/%201196%20/%20z7hw7%20/%20o38k'", '_external': 'True', '_method': "'POST'", '_scheme': 'None', 'blueprint_name': "'lx5vctr60lx'", 'ctx': "<AppContext 132672011232272 of testcase, GET 'https://api.example.test/myapp/g3dvr7056/h9iajtghvq1k'>", 'endpoint': "'lx5vctr60lx.mtdt3q6%ccwr6'", 'rv': "'https://api.example.test/myapp/g3dvr7056/sv1-0xs6/3110/6bi4e-qxdd8e-kk5p7ee-ydvognnw-dmpis2naa-3x91i1p3b9-v61-v8x0/h%25d-f?batch=34&signature=50478&phase=63#q2zf%20/%201196%20/%20z7hw7%20/%20o38k'", 'self': "<Flask 'testcase'>", 'url_adapter': '<werkzeug.routing.map.MapAdapter object at 0x78aa1d2f8890>', 'values': "{'item_id': 3110, 'slug': '6bi4e-qxdd8e-kk5p7ee-ydvognnw-dmpis2naa-3x91i1p3b9-v61-v8x0', 'batch': 34, 'signature': '50478', 'phase': 63}"}
2026-08-22 23:51:55.592 /testbed/src/flask/app.py:1102 flask.app.Flask.url_for event=call locals={'_anchor': "'01km0 / 126 / 8h80yn / p7gn'", '_external': 'False', '_method': "'GET'", '_scheme': 'None', 'endpoint': "'.mtdt3q6%ccwr6'", 'self': "<Flask 'testcase'>", 'values': "{'item_id': 10000, 'slug': '15_s-0jbh%', 'batch': 17}"}
2026-08-22 23:51:55.592 /testbed/src/flask/app.py:1159 flask.app.Flask.url_for event=line locals={}
2026-08-22 23:51:55.592 /testbed/src/flask/app.py:1160 flask.app.Flask.url_for event=line locals={'ctx': "<AppContext 132672011232272 of testcase, GET 'https://api.example.test/myapp/g3dvr7056/h9iajtghvq1k'>"}
2026-08-22 23:51:55.592 /testbed/src/flask/app.py:1161 flask.app.Flask.url_for event=line locals={'url_adapter': '<werkzeug.routing.map.MapAdapter object at 0x78aa1d2f8890>'}
2026-08-22 23:51:55.592 /testbed/src/flask/app.py:1165 flask.app.Flask.url_for event=line locals={'blueprint_name': "'lx5vctr60lx'"}
2026-08-22 23:51:55.592 /testbed/src/flask/app.py:1166 flask.app.Flask.url_for event=line locals={}
2026-08-22 23:51:55.592 /testbed/src/flask/app.py:1167 flask.app.Flask.url_for event=line locals={}
2026-08-22 23:51:55.592 /testbed/src/flask/app.py:1173 flask.app.Flask.url_for event=line locals={'endpoint': "'lx5vctr60lx.mtdt3q6%ccwr6'"}
2026-08-22 23:51:55.592 /testbed/src/flask/app.py:1199 flask.app.Flask.url_for event=line locals={}
2026-08-22 23:51:55.592 /testbed/src/flask/app.py:1202 flask.app.Flask.url_for event=line locals={}
2026-08-22 23:51:55.592 /testbed/src/flask/app.py:1204 flask.app.Flask.url_for event=line locals={'values': "{'item_id': 10000, 'slug': '15_s-0jbh%', 'batch': 17, 'signature': '1497c', 'phase': 20}"}
2026-08-22 23:51:55.592 /testbed/src/flask/app.py:1205 flask.app.Flask.url_for event=line locals={}
2026-08-22 23:51:55.592 /testbed/src/flask/app.py:1206 flask.app.Flask.url_for event=line locals={}
2026-08-22 23:51:55.592 /testbed/src/flask/app.py:1207 flask.app.Flask.url_for event=line locals={}
2026-08-22 23:51:55.592 /testbed/src/flask/app.py:1208 flask.app.Flask.url_for event=line locals={}
2026-08-22 23:51:55.592 /testbed/src/flask/app.py:1209 flask.app.Flask.url_for event=line locals={}
2026-08-22 23:51:55.592 /testbed/src/flask/app.py:1210 flask.app.Flask.url_for event=line locals={}
2026-08-22 23:51:55.592 /testbed/src/flask/app.py:1205 flask.app.Flask.url_for event=line locals={}
2026-08-22 23:51:55.592 /testbed/src/flask/app.py:1218 flask.app.Flask.url_for event=line locals={'rv': "'/myapp/g3dvr7056/sv1-0xs6/10000/15_s-0jbh%25/h%25d-f?batch=17&signature=1497c&phase=20'"}
2026-08-22 23:51:55.592 /testbed/src/flask/app.py:1219 flask.app.Flask.url_for event=line locals={}
2026-08-22 23:51:55.593 /testbed/src/flask/app.py:1220 flask.app.Flask.url_for event=line locals={'_anchor': "'01km0%20/%20126%20/%208h80yn%20/%20p7gn'"}
2026-08-22 23:51:55.593 /testbed/src/flask/app.py:1222 flask.app.Flask.url_for event=line locals={'rv': "'/myapp/g3dvr7056/sv1-0xs6/10000/15_s-0jbh%25/h%25d-f?batch=17&signature=1497c&phase=20#01km0%20/%20126%20/%208h80yn%20/%20p7gn'"}
2026-08-22 23:51:55.593 /testbed/src/flask/app.py:1222 flask.app.Flask.url_for event=return retval='/myapp/g3dvr7056/sv1-0xs6/10000/15_s-0jbh%25/h%25d-f?batch=17&signature=1497c&phase=20#01km0%20/%20126%20/%208h80yn%20/%20p7gn' locals={'_anchor': "'01km0%20/%20126%20/%208h80yn%20/%20p7gn'", '_external': 'False', '_method': "'GET'", '_scheme': 'None', 'blueprint_name': "'lx5vctr60lx'", 'ctx': "<AppContext 132672011232272 of testcase, GET 'https://api.example.test/myapp/g3dvr7056/h9iajtghvq1k'>", 'endpoint': "'lx5vctr60lx.mtdt3q6%ccwr6'", 'rv': "'/myapp/g3dvr7056/sv1-0xs6/10000/15_s-0jbh%25/h%25d-f?batch=17&signature=1497c&phase=20#01km0%20/%20126%20/%208h80yn%20/%20p7gn'", 'self': "<Flask 'testcase'>", 'url_adapter': '<werkzeug.routing.map.MapAdapter object at 0x78aa1d2f8890>', 'values': "{'item_id': 10000, 'slug': '15_s-0jbh%', 'batch': 17, 'signature': '1497c', 'phase': 20}"}
2026-08-22 23:51:55.593 /testbed/src/flask/app.py:1102 flask.app.Flask.url_for event=call locals={'_anchor': "'xw97sz / 2849 / fr6im8- / xfuy'", '_external': 'False', '_method': "'GET'", '_scheme': 'None', 'endpoint': "'.mtdt3q6%ccwr6'", 'self': "<Flask 'testcase'>", 'values': "{'item_id': 5347, 'slug': 'n-i6-s8yac-22ziyv', 'batch': 4}"}
2026-08-22 23:51:55.593 /testbed/src/flask/app.py:1159 flask.app.Flask.url_for event=line locals={}
2026-08-22 23:51:55.593 /testbed/src/flask/app.py:1160 flask.app.Flask.url_for event=line locals={'ctx': "<AppContext 132672011232272 of testcase, GET 'https://api.example.test/myapp/g3dvr7056/h9iajtghvq1k'>"}
2026-08-22 23:51:55.593 /testbed/src/flask/app.py:1161 flask.app.Flask.url_for event=line locals={'url_adapter': '<werkzeug.routing.map.MapAdapter object at 0x78aa1d2f8890>'}
2026-08-22 23:51:55.593 /testbed/src/flask/app.py:1165 flask.app.Flask.url_for event=line locals={'blueprint_name': "'lx5vctr60lx'"}
2026-08-22 23:51:55.593 /testbed/src/flask/app.py:1166 flask.app.Flask.url_for event=line locals={}
2026-08-22 23:51:55.593 /testbed/src/flask/app.py:1167 flask.app.Flask.url_for event=line locals={}
2026-08-22 23:51:55.594 /testbed/src/flask/app.py:1173 flask.app.Flask.url_for event=line locals={'endpoint': "'lx5vctr60lx.mtdt3q6%ccwr6'"}
2026-08-22 23:51:55.594 /testbed/src/flask/app.py:1199 flask.app.Flask.url_for event=line locals={}
2026-08-22 23:51:55.594 /testbed/src/flask/app.py:1202 flask.app.Flask.url_for event=line locals={}
2026-08-22 23:51:55.594 /testbed/src/flask/app.py:1204 flask.app.Flask.url_for event=line locals={'values': "{'item_id': 5347, 'slug': 'n-i6-s8yac-22ziyv', 'batch': 4, 'signature': '1d0b2', 'phase': 24}"}
2026-08-22 23:51:55.594 /testbed/src/flask/app.py:1205 flask.app.Flask.url_for event=line locals={}
2026-08-22 23:51:55.594 /testbed/src/flask/app.py:1206 flask.app.Flask.url_for event=line locals={}
2026-08-22 23:51:55.594 /testbed/src/flask/app.py:1207 flask.app.Flask.url_for event=line locals={}
2026-08-22 23:51:55.594 /testbed/src/flask/app.py:1208 flask.app.Flask.url_for event=line locals={}
2026-08-22 23:51:55.594 /testbed/src/flask/app.py:1209 flask.app.Flask.url_for event=line locals={}
2026-08-22 23:51:55.594 /testbed/src/flask/app.py:1210 flask.app.Flask.url_for event=line locals={}
2026-08-22 23:51:55.594 /testbed/src/flask/app.py:1205 flask.app.Flask.url_for event=line locals={}
2026-08-22 23:51:55.594 /testbed/src/flask/app.py:1218 flask.app.Flask.url_for event=line locals={'rv': "'/myapp/g3dvr7056/sv1-0xs6/5347/n-i6-s8yac-22ziyv/h%25d-f?batch=4&signature=1d0b2&phase=24'"}
2026-08-22 23:51:55.594 /testbed/src/flask/app.py:1219 flask.app.Flask.url_for event=line locals={}
2026-08-22 23:51:55.594 /testbed/src/flask/app.py:1220 flask.app.Flask.url_for event=line locals={'_anchor': "'xw97sz%20/%202849%20/%20fr6im8-%20/%20xfuy'"}
2026-08-22 23:51:55.594 /testbed/src/flask/app.py:1222 flask.app.Flask.url_for event=line locals={'rv': "'/myapp/g3dvr7056/sv1-0xs6/5347/n-i6-s8yac-22ziyv/h%25d-f?batch=4&signature=1d0b2&phase=24#xw97sz%20/%202849%20/%20fr6im8-%20/%20xfuy'"}
2026-08-22 23:51:55.594 /testbed/src/flask/app.py:1222 flask.app.Flask.url_for event=return retval='/myapp/g3dvr7056/sv1-0xs6/5347/n-i6-s8yac-22ziyv/h%25d-f?batch=4&signature=1d0b2&phase=24#xw97sz%20/%202849%20/%20fr6im8-%20/%20xfuy' locals={'_anchor': "'xw97sz%20/%202849%20/%20fr6im8-%20/%20xfuy'", '_external': 'False', '_method': "'GET'", '_scheme': 'None', 'blueprint_name': "'lx5vctr60lx'", 'ctx': "<AppContext 132672011232272 of testcase, GET 'https://api.example.test/myapp/g3dvr7056/h9iajtghvq1k'>", 'endpoint': "'lx5vctr60lx.mtdt3q6%ccwr6'", 'rv': "'/myapp/g3dvr7056/sv1-0xs6/5347/n-i6-s8yac-22ziyv/h%25d-f?batch=4&signature=1d0b2&phase=24#xw97sz%20/%202849%20/%20fr6im8-%20/%20xfuy'", 'self': "<Flask 'testcase'>", 'url_adapter': '<werkzeug.routing.map.MapAdapter object at 0x78aa1d2f8890>', 'values': "{'item_id': 5347, 'slug': 'n-i6-s8yac-22ziyv', 'batch': 4, 'signature': '1d0b2', 'phase': 24}"}
2026-08-22 23:51:55.596 /testbed/src/flask/app.py:1102 flask.app.Flask.url_for event=call locals={'_anchor': "'an3tfq5 / 999 / dot0j83y / -2cw'", '_external': 'False', '_method': "'PUT'", '_scheme': 'None', 'endpoint': "'.mtdt3q6%ccwr6'", 'self': "<Flask 'testcase'>", 'values': "{'item_id': 4873, 'slug': 'sq2f30u-%u7jji9t-e6955m3lw-%137la%y5t', 'batch': 54}"}
2026-08-22 23:51:55.596 /testbed/src/flask/app.py:1159 flask.app.Flask.url_for event=line locals={}
2026-08-22 23:51:55.596 /testbed/src/flask/app.py:1160 flask.app.Flask.url_for event=line locals={'ctx': "<AppContext 132672011232272 of testcase, GET 'https://api.example.test/myapp/g3dvr7056/h9iajtghvq1k'>"}
2026-08-22 23:51:55.596 /testbed/src/flask/app.py:1161 flask.app.Flask.url_for event=line locals={'url_adapter': '<werkzeug.routing.map.MapAdapter object at 0x78aa1d2f8890>'}
2026-08-22 23:51:55.596 /testbed/src/flask/app.py:1165 flask.app.Flask.url_for event=line locals={'blueprint_name': "'lx5vctr60lx'"}
2026-08-22 23:51:55.596 /testbed/src/flask/app.py:1166 flask.app.Flask.url_for event=line locals={}
2026-08-22 23:51:55.596 /testbed/src/flask/app.py:1167 flask.app.Flask.url_for event=line locals={}
2026-08-22 23:51:55.596 /testbed/src/flask/app.py:1173 flask.app.Flask.url_for event=line locals={'endpoint': "'lx5vctr60lx.mtdt3q6%ccwr6'"}
2026-08-22 23:51:55.596 /testbed/src/flask/app.py:1199 flask.app.Flask.url_for event=line locals={}
2026-08-22 23:51:55.596 /testbed/src/flask/app.py:1202 flask.app.Flask.url_for event=line locals={}
2026-08-22 23:51:55.596 /testbed/src/flask/app.py:1204 flask.app.Flask.url_for event=line locals={'values': "{'item_id': 4873, 'slug': 'sq2f30u-%u7jji9t-e6955m3lw-%137la%y5t', 'batch': 54, 'signature': '281d4', 'phase': 42}"}
2026-08-22 23:51:55.596 /testbed/src/flask/app.py:1205 flask.app.Flask.url_for event=line locals={}
2026-08-22 23:51:55.596 /testbed/src/flask/app.py:1206 flask.app.Flask.url_for event=line locals={}
2026-08-22 23:51:55.596 /testbed/src/flask/app.py:1207 flask.app.Flask.url_for event=line locals={}
2026-08-22 23:51:55.596 /testbed/src/flask/app.py:1208 flask.app.Flask.url_for event=line locals={}
2026-08-22 23:51:55.596 /testbed/src/flask/app.py:1209 flask.app.Flask.url_for event=line locals={}
2026-08-22 23:51:55.596 /testbed/src/flask/app.py:1210 flask.app.Flask.url_for event=line locals={}
2026-08-22 23:51:55.596 /testbed/src/flask/app.py:1205 flask.app.Flask.url_for event=line locals={}
2026-08-22 23:51:55.597 /testbed/src/flask/app.py:1218 flask.app.Flask.url_for event=line locals={'rv': "'/myapp/g3dvr7056/sv1-0xs6/4873/sq2f30u-%25u7jji9t-e6955m3lw-%25137la%25y5t/h%25d-f?batch=54&signature=281d4&phase=42'"}
2026-08-22 23:51:55.597 /testbed/src/flask/app.py:1219 flask.app.Flask.url_for event=line locals={}
2026-08-22 23:51:55.597 /testbed/src/flask/app.py:1220 flask.app.Flask.url_for event=line locals={'_anchor': "'an3tfq5%20/%20999%20/%20dot0j83y%20/%20-2cw'"}
2026-08-22 23:51:55.597 /testbed/src/flask/app.py:1222 flask.app.Flask.url_for event=line locals={'rv': "'/myapp/g3dvr7056/sv1-0xs6/4873/sq2f30u-%25u7jji9t-e6955m3lw-%25137la%25y5t/h%25d-f?batch=54&signature=281d4&phase=42#an3tfq5%20/%20999%20/%20dot0j83y%20/%20-2cw'"}
2026-08-22 23:51:55.597 /testbed/src/flask/app.py:1222 flask.app.Flask.url_for event=return retval='/myapp/g3dvr7056/sv1-0xs6/4873/sq2f30u-%25u7jji9t-e6955m3lw-%25137la%25y5t/h%25d-f?batch=54&signature=281d4&phase=42#an3tfq5%20/%20999%20/%20dot0j83y%20/%20-2cw' locals={'_anchor': "'an3tfq5%20/%20999%20/%20dot0j83y%20/%20-2cw'", '_external': 'False', '_method': "'PUT'", '_scheme': 'None', 'blueprint_name': "'lx5vctr60lx'", 'ctx': "<AppContext 132672011232272 of testcase, GET 'https://api.example.test/myapp/g3dvr7056/h9iajtghvq1k'>", 'endpoint': "'lx5vctr60lx.mtdt3q6%ccwr6'", 'rv': "'/myapp/g3dvr7056/sv1-0xs6/4873/sq2f30u-%25u7jji9t-e6955m3lw-%25137la%25y5t/h%25d-f?batch=54&signature=281d4&phase=42#an3tfq5%20/%20999%20/%20dot0j83y%20/%20-2cw'", 'self': "<Flask 'testcase'>", 'url_adapter': '<werkzeug.routing.map.MapAdapter object at 0x78aa1d2f8890>', 'values': "{'item_id': 4873, 'slug': 'sq2f30u-%u7jji9t-e6955m3lw-%137la%y5t', 'batch': 54, 'signature': '281d4', 'phase': 42}"}
2026-08-22 23:51:55.598 /testbed/src/flask/app.py:1102 flask.app.Flask.url_for event=call locals={'_anchor': "'ca_8rqn- / 2953 / 5cyne / 3tpc'", '_external': 'False', '_method': 'None', '_scheme': 'None', 'endpoint': "'.mtdt3q6%ccwr6'", 'self': "<Flask 'testcase'>", 'values': "{'item_id': 3908, 'slug': '6kklj-8-pkrqktjb--09z3l%jq-qt9ec90nft-4%c', 'batch': 33}"}
2026-08-22 23:51:55.598 /testbed/src/flask/app.py:1159 flask.app.Flask.url_for event=line locals={}
2026-08-22 23:51:55.598 /testbed/src/flask/app.py:1160 flask.app.Flask.url_for event=line locals={'ctx': "<AppContext 132672011232272 of testcase, GET 'https://api.example.test/myapp/g3dvr7056/h9iajtghvq1k'>"}
2026-08-22 23:51:55.598 /testbed/src/flask/app.py:1161 flask.app.Flask.url_for event=line locals={'url_adapter': '<werkzeug.routing.map.MapAdapter object at 0x78aa1d2f8890>'}
2026-08-22 23:51:55.598 /testbed/src/flask/app.py:1165 flask.app.Flask.url_for event=line locals={'blueprint_name': "'lx5vctr60lx'"}
2026-08-22 23:51:55.598 /testbed/src/flask/app.py:1166 flask.app.Flask.url_for event=line locals={}
2026-08-22 23:51:55.598 /testbed/src/flask/app.py:1167 flask.app.Flask.url_for event=line locals={}
2026-08-22 23:51:55.598 /testbed/src/flask/app.py:1173 flask.app.Flask.url_for event=line locals={'endpoint': "'lx5vctr60lx.mtdt3q6%ccwr6'"}
2026-08-22 23:51:55.598 /testbed/src/flask/app.py:1199 flask.app.Flask.url_for event=line locals={}
2026-08-22 23:51:55.598 /testbed/src/flask/app.py:1202 flask.app.Flask.url_for event=line locals={}
2026-08-22 23:51:55.599 /testbed/src/flask/app.py:1204 flask.app.Flask.url_for event=line locals={'values': "{'item_id': 3908, 'slug': '6kklj-8-pkrqktjb--09z3l%jq-qt9ec90nft-4%c', 'batch': 33, 'signature': '3fe42', 'phase': 47}"}
2026-08-22 23:51:55.599 /testbed/src/flask/app.py:1205 flask.app.Flask.url_for event=line locals={}
2026-08-22 23:51:55.599 /testbed/src/flask/app.py:1206 flask.app.Flask.url_for event=line locals={}
2026-08-22 23:51:55.599 /testbed/src/flask/app.py:1207 flask.app.Flask.url_for event=line locals={}
2026-08-22 23:51:55.599 /testbed/src/flask/app.py:1208 flask.app.Flask.url_for event=line locals={}
2026-08-22 23:51:55.599 /testbed/src/flask/app.py:1209 flask.app.Flask.url_for event=line locals={}
2026-08-22 23:51:55.599 /testbed/src/flask/app.py:1210 flask.app.Flask.url_for event=line locals={}
2026-08-22 23:51:55.599 /testbed/src/flask/app.py:1205 flask.app.Flask.url_for event=line locals={}
2026-08-22 23:51:55.599 /testbed/src/flask/app.py:1218 flask.app.Flask.url_for event=line locals={'rv': "'/myapp/g3dvr7056/sv1-0xs6/3908/6kklj-8-pkrqktjb--09z3l%25jq-qt9ec90nft-4%25c/h%25d-f?batch=33&signature=3fe42&phase=47'"}
2026-08-22 23:51:55.599 /testbed/src/flask/app.py:1219 flask.app.Flask.url_for event=line locals={}
2026-08-22 23:51:55.599 /testbed/src/flask/app.py:1220 flask.app.Flask.url_for event=line locals={'_anchor': "'ca_8rqn-%20/%202953%20/%205cyne%20/%203tpc'"}
2026-08-22 23:51:55.599 /testbed/src/flask/app.py:1222 flask.app.Flask.url_for event=line locals={'rv': "'/myapp/g3dvr7056/sv1-0xs6/3908/6kklj-8-pkrqktjb--09z3l%25jq-qt9ec90nft-4%25c/h%25d-f?batch=33&signature=3fe42&phase=47#ca_8rqn-%20/%202953%20/%205cyne%20/%203tpc'"}
2026-08-22 23:51:55.599 /testbed/src/flask/app.py:1222 flask.app.Flask.url_for event=return retval='/myapp/g3dvr7056/sv1-0xs6/3908/6kklj-8-pkrqktjb--09z3l%25jq-qt9ec90nft-4%25c/h%25d-f?batch=33&signature=3fe42&phase=47#ca_8rqn-%20/%202953%20/%205cyne%20/%203tpc' locals={'_anchor': "'ca_8rqn-%20/%202953%20/%205cyne%20/%203tpc'", '_external': 'False', '_method': 'None', '_scheme': 'None', 'blueprint_name': "'lx5vctr60lx'", 'ctx': "<AppContext 132672011232272 of testcase, GET 'https://api.example.test/myapp/g3dvr7056/h9iajtghvq1k'>", 'endpoint': "'lx5vctr60lx.mtdt3q6%ccwr6'", 'rv': "'/myapp/g3dvr7056/sv1-0xs6/3908/6kklj-8-pkrqktjb--09z3l%25jq-qt9ec90nft-4%25c/h%25d-f?batch=33&signature=3fe42&phase=47#ca_8rqn-%20/%202953%20/%205cyne%20/%203tpc'", 'self': "<Flask 'testcase'>", 'url_adapter': '<werkzeug.routing.map.MapAdapter object at 0x78aa1d2f8890>', 'values': "{'item_id': 3908, 'slug': '6kklj-8-pkrqktjb--09z3l%jq-qt9ec90nft-4%c', 'batch': 33, 'signature': '3fe42', 'phase': 47}"}
2026-08-22 23:51:55.601 /testbed/src/flask/app.py:1102 flask.app.Flask.url_for event=call locals={'_anchor': "'7m1g / 248 / ogyrcw / #&?%!'", '_external': 'None', '_method': "'POST'", '_scheme': 'None', 'endpoint': "'.mtdt3q6%ccwr6'", 'self': "<Flask 'testcase'>", 'values': "{'item_id': 2070, 'slug': 'afr66_-h6pzlvh-0n%oh8hl-j%mdsedsj-4id2nsaigw-08g', 'batch': 18}"}
2026-08-22 23:51:55.601 /testbed/src/flask/app.py:1159 flask.app.Flask.url_for event=line locals={}
2026-08-22 23:51:55.601 /testbed/src/flask/app.py:1160 flask.app.Flask.url_for event=line locals={'ctx': "<AppContext 132672011232272 of testcase, GET 'https://api.example.test/myapp/g3dvr7056/h9iajtghvq1k'>"}
2026-08-22 23:51:55.601 /testbed/src/flask/app.py:1161 flask.app.Flask.url_for event=line locals={'url_adapter': '<werkzeug.routing.map.MapAdapter object at 0x78aa1d2f8890>'}
2026-08-22 23:51:55.601 /testbed/src/flask/app.py:1165 flask.app.Flask.url_for event=line locals={'blueprint_name': "'lx5vctr60lx'"}
2026-08-22 23:51:55.601 /testbed/src/flask/app.py:1166 flask.app.Flask.url_for event=line locals={}
2026-08-22 23:51:55.601 /testbed/src/flask/app.py:1167 flask.app.Flask.url_for event=line locals={}
2026-08-22 23:51:55.601 /testbed/src/flask/app.py:1173 flask.app.Flask.url_for event=line locals={'endpoint': "'lx5vctr60lx.mtdt3q6%ccwr6'"}
2026-08-22 23:51:55.601 /testbed/src/flask/app.py:1174 flask.app.Flask.url_for event=line locals={}
2026-08-22 23:51:55.601 /testbed/src/flask/app.py:1199 flask.app.Flask.url_for event=line locals={'_external': 'False'}
2026-08-22 23:51:55.601 /testbed/src/flask/app.py:1202 flask.app.Flask.url_for event=line locals={}
2026-08-22 23:51:55.601 /testbed/src/flask/app.py:1204 flask.app.Flask.url_for event=line locals={'values': "{'item_id': 2070, 'slug': 'afr66_-h6pzlvh-0n%oh8hl-j%mdsedsj-4id2nsaigw-08g', 'batch': 18, 'signature': '41d01', 'phase': 51}"}
2026-08-22 23:51:55.601 /testbed/src/flask/app.py:1205 flask.app.Flask.url_for event=line locals={}
2026-08-22 23:51:55.601 /testbed/src/flask/app.py:1206 flask.app.Flask.url_for event=line locals={}
2026-08-22 23:51:55.601 /testbed/src/flask/app.py:1207 flask.app.Flask.url_for event=line locals={}
2026-08-22 23:51:55.601 /testbed/src/flask/app.py:1208 flask.app.Flask.url_for event=line locals={}
2026-08-22 23:51:55.601 /testbed/src/flask/app.py:1209 flask.app.Flask.url_for event=line locals={}
2026-08-22 23:51:55.601 /testbed/src/flask/app.py:1210 flask.app.Flask.url_for event=line locals={}
2026-08-22 23:51:55.601 /testbed/src/flask/app.py:1205 flask.app.Flask.url_for event=line locals={}
2026-08-22 23:51:55.602 /testbed/src/flask/app.py:1218 flask.app.Flask.url_for event=line locals={'rv': "'/myapp/g3dvr7056/sv1-0xs6/2070/afr66_-h6pzlvh-0n%25oh8hl-j%25mdsedsj-4id2nsaigw-08g/h%25d-f?batch=18&signature=41d01&phase=51'"}
2026-08-22 23:51:55.602 /testbed/src/flask/app.py:1219 flask.app.Flask.url_for event=line locals={}
2026-08-22 23:51:55.602 /testbed/src/flask/app.py:1220 flask.app.Flask.url_for event=line locals={'_anchor': "'7m1g%20/%20248%20/%20ogyrcw%20/%20#&?%!'"}
2026-08-22 23:51:55.602 /testbed/src/flask/app.py:1222 flask.app.Flask.url_for event=line locals={'rv': "'/myapp/g3dvr7056/sv1-0xs6/2070/afr66_-h6pzlvh-0n%25oh8hl-j%25mdsedsj-4id2nsaigw-08g/h%25d-f?batch=18&signature=41d01&phase=51#7m1g%20/%20248%20/%20ogyrcw%20/%20#&?%!'"}
2026-08-22 23:51:55.602 /testbed/src/flask/app.py:1222 flask.app.Flask.url_for event=return retval='/myapp/g3dvr7056/sv1-0xs6/2070/afr66_-h6pzlvh-0n%25oh8hl-j%25mdsedsj-4id2nsaigw-08g/h%25d-f?batch=18&signature=41d01&phase=51#7m1g%20/%20248%20/%20ogyrcw%20/%20#&?%!' locals={'_anchor': "'7m1g%20/%20248%20/%20ogyrcw%20/%20#&?%!'", '_external': 'False', '_method': "'POST'", '_scheme': 'None', 'blueprint_name': "'lx5vctr60lx'", 'ctx': "<AppContext 132672011232272 of testcase, GET 'https://api.example.test/myapp/g3dvr7056/h9iajtghvq1k'>", 'endpoint': "'lx5vctr60lx.mtdt3q6%ccwr6'", 'rv': "'/myapp/g3dvr7056/sv1-0xs6/2070/afr66_-h6pzlvh-0n%25oh8hl-j%25mdsedsj-4id2nsaigw-08g/h%25d-f?batch=18&signature=41d01&phase=51#7m1g%20/%20248%20/%20ogyrcw%20/%20#&?%!'", 'self': "<Flask 'testcase'>", 'url_adapter': '<werkzeug.routing.map.MapAdapter object at 0x78aa1d2f8890>', 'values': "{'item_id': 2070, 'slug': 'afr66_-h6pzlvh-0n%oh8hl-j%mdsedsj-4id2nsaigw-08g', 'batch': 18, 'signature': '41d01', 'phase': 51}"}
2026-08-22 23:51:55.603 /testbed/src/flask/app.py:1102 flask.app.Flask.url_for event=call locals={'_anchor': "'01don / 334 / 374ue94 / -m0b'", '_external': 'False', '_method': "'GET'", '_scheme': 'None', 'endpoint': "'.mtdt3q6%ccwr6'", 'self': "<Flask 'testcase'>", 'values': "{'item_id': 2560, 'slug': '_kcaq-jkbubr-ha87zg3-q7mv%s_b-x5kze9rpj-%d05i4ej%z-b7f', 'batch': 19}"}
2026-08-22 23:51:55.603 /testbed/src/flask/app.py:1159 flask.app.Flask.url_for event=line locals={}
2026-08-22 23:51:55.603 /testbed/src/flask/app.py:1160 flask.app.Flask.url_for event=line locals={'ctx': "<AppContext 132672011232272 of testcase, GET 'https://api.example.test/myapp/g3dvr7056/h9iajtghvq1k'>"}
2026-08-22 23:51:55.603 /testbed/src/flask/app.py:1161 flask.app.Flask.url_for event=line locals={'url_adapter': '<werkzeug.routing.map.MapAdapter object at 0x78aa1d2f8890>'}
2026-08-22 23:51:55.603 /testbed/src/flask/app.py:1165 flask.app.Flask.url_for event=line locals={'blueprint_name': "'lx5vctr60lx'"}
2026-08-22 23:51:55.603 /testbed/src/flask/app.py:1166 flask.app.Flask.url_for event=line locals={}
2026-08-22 23:51:55.603 /testbed/src/flask/app.py:1167 flask.app.Flask.url_for event=line locals={}
2026-08-22 23:51:55.603 /testbed/src/flask/app.py:1173 flask.app.Flask.url_for event=line locals={'endpoint': "'lx5vctr60lx.mtdt3q6%ccwr6'"}
2026-08-22 23:51:55.603 /testbed/src/flask/app.py:1199 flask.app.Flask.url_for event=line locals={}
2026-08-22 23:51:55.603 /testbed/src/flask/app.py:1202 flask.app.Flask.url_for event=line locals={}
2026-08-22 23:51:55.604 /testbed/src/flask/app.py:1204 flask.app.Flask.url_for event=line locals={'values': "{'item_id': 2560, 'slug': '_kcaq-jkbubr-ha87zg3-q7mv%s_b-x5kze9rpj-%d05i4ej%z-b7f', 'batch': 19, 'signature': '488bd', 'phase': 55}"}
2026-08-22 23:51:55.604 /testbed/src/flask/app.py:1205 flask.app.Flask.url_for event=line locals={}
2026-08-22 23:51:55.604 /testbed/src/flask/app.py:1206 flask.app.Flask.url_for event=line locals={}
2026-08-22 23:51:55.604 /testbed/src/flask/app.py:1207 flask.app.Flask.url_for event=line locals={}
2026-08-22 23:51:55.604 /testbed/src/flask/app.py:1208 flask.app.Flask.url_for event=line locals={}
2026-08-22 23:51:55.604 /testbed/src/flask/app.py:1209 flask.app.Flask.url_for event=line locals={}
2026-08-22 23:51:55.604 /testbed/src/flask/app.py:1210 flask.app.Flask.url_for event=line locals={}
2026-08-22 23:51:55.604 /testbed/src/flask/app.py:1205 flask.app.Flask.url_for event=line locals={}
2026-08-22 23:51:55.604 /testbed/src/flask/app.py:1218 flask.app.Flask.url_for event=line locals={'rv': "'/myapp/g3dvr7056/sv1-0xs6/2560/_kcaq-jkbubr-ha87zg3-q7mv%25s_b-x5kze9rpj-%25d05i4ej%25z-b7f/h%25d-f?batch=19&signature=488bd&phase=55'"}
2026-08-22 23:51:55.604 /testbed/src/flask/app.py:1219 flask.app.Flask.url_for event=line locals={}
2026-08-22 23:51:55.604 /testbed/src/flask/app.py:1220 flask.app.Flask.url_for event=line locals={'_anchor': "'01don%20/%20334%20/%20374ue94%20/%20-m0b'"}
2026-08-22 23:51:55.604 /testbed/src/flask/app.py:1222 flask.app.Flask.url_for event=line locals={'rv': "'/myapp/g3dvr7056/sv1-0xs6/2560/_kcaq-jkbubr-ha87zg3-q7mv%25s_b-x5kze9rpj-%25d05i4ej%25z-b7f/h%25d-f?batch=19&signature=488bd&phase=55#01don%20/%20334%20/%20374ue94%20/%20-m0b'"}
2026-08-22 23:51:55.605 /testbed/src/flask/app.py:1222 flask.app.Flask.url_for event=return retval='/myapp/g3dvr7056/sv1-0xs6/2560/_kcaq-jkbubr-ha87zg3-q7mv%25s_b-x5kze9rpj-%25d05i4ej%25z-b7f/h%25d-f?batch=19&signature=488bd&phase=55#01don%20/%20334%20/%20374ue94%20/%20-m0b' locals={'_anchor': "'01don%20/%20334%20/%20374ue94%20/%20-m0b'", '_external': 'False', '_method': "'GET'", '_scheme': 'None', 'blueprint_name': "'lx5vctr60lx'", 'ctx': "<AppContext 132672011232272 of testcase, GET 'https://api.example.test/myapp/g3dvr7056/h9iajtghvq1k'>", 'endpoint': "'lx5vctr60lx.mtdt3q6%ccwr6'", 'rv': "'/myapp/g3dvr7056/sv1-0xs6/2560/_kcaq-jkbubr-ha87zg3-q7mv%25s_b-x5kze9rpj-%25d05i4ej%25z-b7f/h%25d-f?batch=19&signature=488bd&phase=55#01don%20/%20334%20/%20374ue94%20/%20-m0b'", 'self': "<Flask 'testcase'>", 'url_adapter': '<werkzeug.routing.map.MapAdapter object at 0x78aa1d2f8890>', 'values': "{'item_id': 2560, 'slug': '_kcaq-jkbubr-ha87zg3-q7mv%s_b-x5kze9rpj-%d05i4ej%z-b7f', 'batch': 19, 'signature': '488bd', 'phase': 55}"}
2026-08-22 23:51:55.606 /testbed/src/flask/app.py:1102 flask.app.Flask.url_for event=call locals={'_anchor': "'jx8g38 / 1398 / gbfiswre / d-y9'", '_external': 'None', '_method': "'POST'", '_scheme': 'None', 'endpoint': "'.mtdt3q6%ccwr6'", 'self': "<Flask 'testcase'>", 'values': "{'item_id': 3051, 'slug': 'sm5ig-hj9k5s-p7beuly-zy9dn%7c-th9f6o54s-ruqb6mq1_a-1yh-cgxg', 'batch': 23}"}
2026-08-22 23:51:55.606 /testbed/src/flask/app.py:1159 flask.app.Flask.url_for event=line locals={}
2026-08-22 23:51:55.606 /testbed/src/flask/app.py:1160 flask.app.Flask.url_for event=line locals={'ctx': "<AppContext 132672011232272 of testcase, GET 'https://api.example.test/myapp/g3dvr7056/h9iajtghvq1k'>"}
2026-08-22 23:51:55.606 /testbed/src/flask/app.py:1161 flask.app.Flask.url_for event=line locals={'url_adapter': '<werkzeug.routing.map.MapAdapter object at 0x78aa1d2f8890>'}
2026-08-22 23:51:55.606 /testbed/src/flask/app.py:1165 flask.app.Flask.url_for event=line locals={'blueprint_name': "'lx5vctr60lx'"}
2026-08-22 23:51:55.606 /testbed/src/flask/app.py:1166 flask.app.Flask.url_for event=line locals={}
2026-08-22 23:51:55.606 /testbed/src/flask/app.py:1167 flask.app.Flask.url_for event=line locals={}
2026-08-22 23:51:55.606 /testbed/src/flask/app.py:1173 flask.app.Flask.url_for event=line locals={'endpoint': "'lx5vctr60lx.mtdt3q6%ccwr6'"}
2026-08-22 23:51:55.606 /testbed/src/flask/app.py:1174 flask.app.Flask.url_for event=line locals={}
2026-08-22 23:51:55.606 /testbed/src/flask/app.py:1199 flask.app.Flask.url_for event=line locals={'_external': 'False'}
2026-08-22 23:51:55.606 /testbed/src/flask/app.py:1202 flask.app.Flask.url_for event=line locals={}
2026-08-22 23:51:55.607 /testbed/src/flask/app.py:1204 flask.app.Flask.url_for event=line locals={'values': "{'item_id': 3051, 'slug': 'sm5ig-hj9k5s-p7beuly-zy9dn%7c-th9f6o54s-ruqb6mq1_a-1yh-cgxg', 'batch': 23, 'signature': '5caa4', 'phase': 64}"}
2026-08-22 23:51:55.607 /testbed/src/flask/app.py:1205 flask.app.Flask.url_for event=line locals={}
2026-08-22 23:51:55.607 /testbed/src/flask/app.py:1206 flask.app.Flask.url_for event=line locals={}
2026-08-22 23:51:55.607 /testbed/src/flask/app.py:1207 flask.app.Flask.url_for event=line locals={}
2026-08-22 23:51:55.607 /testbed/src/flask/app.py:1208 flask.app.Flask.url_for event=line locals={}
2026-08-22 23:51:55.607 /testbed/src/flask/app.py:1209 flask.app.Flask.url_for event=line locals={}
2026-08-22 23:51:55.607 /testbed/src/flask/app.py:1210 flask.app.Flask.url_for event=line locals={}
2026-08-22 23:51:55.607 /testbed/src/flask/app.py:1205 flask.app.Flask.url_for event=line locals={}
2026-08-22 23:51:55.607 /testbed/src/flask/app.py:1218 flask.app.Flask.url_for event=line locals={'rv': "'/myapp/g3dvr7056/sv1-0xs6/3051/sm5ig-hj9k5s-p7beuly-zy9dn%257c-th9f6o54s-ruqb6mq1_a-1yh-cgxg/h%25d-f?batch=23&signature=5caa4&phase=64'"}
2026-08-22 23:51:55.607 /testbed/src/flask/app.py:1219 flask.app.Flask.url_for event=line locals={}
2026-08-22 23:51:55.607 /testbed/src/flask/app.py:1220 flask.app.Flask.url_for event=line locals={'_anchor': "'jx8g38%20/%201398%20/%20gbfiswre%20/%20d-y9'"}
2026-08-22 23:51:55.607 /testbed/src/flask/app.py:1222 flask.app.Flask.url_for event=line locals={'rv': "'/myapp/g3dvr7056/sv1-0xs6/3051/sm5ig-hj9k5s-p7beuly-zy9dn%257c-th9f6o54s-ruqb6mq1_a-1yh-cgxg/h%25d-f?batch=23&signature=5caa4&phase=64#jx8g38%20/%201398%20/%20gbfiswre%20/%20d-y9'"}
2026-08-22 23:51:55.607 /testbed/src/flask/app.py:1222 flask.app.Flask.url_for event=return retval='/myapp/g3dvr7056/sv1-0xs6/3051/sm5ig-hj9k5s-p7beuly-zy9dn%257c-th9f6o54s-ruqb6mq1_a-1yh-cgxg/h%25d-f?batch=23&signature=5caa4&phase=64#jx8g38%20/%201398%20/%20gbfiswre%20/%20d-y9' locals={'_anchor': "'jx8g38%20/%201398%20/%20gbfiswre%20/%20d-y9'", '_external': 'False', '_method': "'POST'", '_scheme': 'None', 'blueprint_name': "'lx5vctr60lx'", 'ctx': "<AppContext 132672011232272 of testcase, GET 'https://api.example.test/myapp/g3dvr7056/h9iajtghvq1k'>", 'endpoint': "'lx5vctr60lx.mtdt3q6%ccwr6'", 'rv': "'/myapp/g3dvr7056/sv1-0xs6/3051/sm5ig-hj9k5s-p7beuly-zy9dn%257c-th9f6o54s-ruqb6mq1_a-1yh-cgxg/h%25d-f?batch=23&signature=5caa4&phase=64#jx8g38%20/%201398%20/%20gbfiswre%20/%20d-y9'", 'self': "<Flask 'testcase'>", 'url_adapter': '<werkzeug.routing.map.MapAdapter object at 0x78aa1d2f8890>', 'values': "{'item_id': 3051, 'slug': 'sm5ig-hj9k5s-p7beuly-zy9dn%7c-th9f6o54s-ruqb6mq1_a-1yh-cgxg', 'batch': 23, 'signature': '5caa4', 'phase': 64}"}
2026-08-22 23:51:55.608 /testbed/src/flask/app.py:1102 flask.app.Flask.url_for event=call locals={'_anchor': "'ozhzo4x / 1110 / a8rgt / exnd'", '_external': 'False', '_method': "'GET'", '_scheme': 'None', 'endpoint': "'.mtdt3q6%ccwr6'", 'self': "<Flask 'testcase'>", 'values': "{'item_id': 3561, 'slug': 'oh-ps71_-tf3_9-btq', 'batch': 10}"}
2026-08-22 23:51:55.608 /testbed/src/flask/app.py:1159 flask.app.Flask.url_for event=line locals={}
2026-08-22 23:51:55.608 /testbed/src/flask/app.py:1160 flask.app.Flask.url_for event=line locals={'ctx': "<AppContext 132672011232272 of testcase, GET 'https://api.example.test/myapp/g3dvr7056/h9iajtghvq1k'>"}
2026-08-22 23:51:55.608 /testbed/src/flask/app.py:1161 flask.app.Flask.url_for event=line locals={'url_adapter': '<werkzeug.routing.map.MapAdapter object at 0x78aa1d2f8890>'}
2026-08-22 23:51:55.608 /testbed/src/flask/app.py:1165 flask.app.Flask.url_for event=line locals={'blueprint_name': "'lx5vctr60lx'"}
2026-08-22 23:51:55.608 /testbed/src/flask/app.py:1166 flask.app.Flask.url_for event=line locals={}
2026-08-22 23:51:55.608 /testbed/src/flask/app.py:1167 flask.app.Flask.url_for event=line locals={}
2026-08-22 23:51:55.608 /testbed/src/flask/app.py:1173 flask.app.Flask.url_for event=line locals={'endpoint': "'lx5vctr60lx.mtdt3q6%ccwr6'"}
2026-08-22 23:51:55.608 /testbed/src/flask/app.py:1199 flask.app.Flask.url_for event=line locals={}
2026-08-22 23:51:55.608 /testbed/src/flask/app.py:1202 flask.app.Flask.url_for event=line locals={}
2026-08-22 23:51:55.609 /testbed/src/flask/app.py:1204 flask.app.Flask.url_for event=line locals={'values': "{'item_id': 3561, 'slug': 'oh-ps71_-tf3_9-btq', 'batch': 10, 'signature': '1cd20', 'phase': 23}"}
2026-08-22 23:51:55.609 /testbed/src/flask/app.py:1205 flask.app.Flask.url_for event=line locals={}
2026-08-22 23:51:55.609 /testbed/src/flask/app.py:1206 flask.app.Flask.url_for event=line locals={}
2026-08-22 23:51:55.609 /testbed/src/flask/app.py:1207 flask.app.Flask.url_for event=line locals={}
2026-08-22 23:51:55.609 /testbed/src/flask/app.py:1208 flask.app.Flask.url_for event=line locals={}
2026-08-22 23:51:55.609 /testbed/src/flask/app.py:1209 flask.app.Flask.url_for event=line locals={}
2026-08-22 23:51:55.609 /testbed/src/flask/app.py:1210 flask.app.Flask.url_for event=line locals={}
2026-08-22 23:51:55.609 /testbed/src/flask/app.py:1205 flask.app.Flask.url_for event=line locals={}
2026-08-22 23:51:55.609 /testbed/src/flask/app.py:1218 flask.app.Flask.url_for event=line locals={'rv': "'/myapp/g3dvr7056/sv1-0xs6/3561/oh-ps71_-tf3_9-btq/h%25d-f?batch=10&signature=1cd20&phase=23'"}
2026-08-22 23:51:55.609 /testbed/src/flask/app.py:1219 flask.app.Flask.url_for event=line locals={}
2026-08-22 23:51:55.609 /testbed/src/flask/app.py:1220 flask.app.Flask.url_for event=line locals={'_anchor': "'ozhzo4x%20/%201110%20/%20a8rgt%20/%20exnd'"}
2026-08-22 23:51:55.609 /testbed/src/flask/app.py:1222 flask.app.Flask.url_for event=line locals={'rv': "'/myapp/g3dvr7056/sv1-0xs6/3561/oh-ps71_-tf3_9-btq/h%25d-f?batch=10&signature=1cd20&phase=23#ozhzo4x%20/%201110%20/%20a8rgt%20/%20exnd'"}
2026-08-22 23:51:55.609 /testbed/src/flask/app.py:1222 flask.app.Flask.url_for event=return retval='/myapp/g3dvr7056/sv1-0xs6/3561/oh-ps71_-tf3_9-btq/h%25d-f?batch=10&signature=1cd20&phase=23#ozhzo4x%20/%201110%20/%20a8rgt%20/%20exnd' locals={'_anchor': "'ozhzo4x%20/%201110%20/%20a8rgt%20/%20exnd'", '_external': 'False', '_method': "'GET'", '_scheme': 'None', 'blueprint_name': "'lx5vctr60lx'", 'ctx': "<AppContext 132672011232272 of testcase, GET 'https://api.example.test/myapp/g3dvr7056/h9iajtghvq1k'>", 'endpoint': "'lx5vctr60lx.mtdt3q6%ccwr6'", 'rv': "'/myapp/g3dvr7056/sv1-0xs6/3561/oh-ps71_-tf3_9-btq/h%25d-f?batch=10&signature=1cd20&phase=23#ozhzo4x%20/%201110%20/%20a8rgt%20/%20exnd'", 'self': "<Flask 'testcase'>", 'url_adapter': '<werkzeug.routing.map.MapAdapter object at 0x78aa1d2f8890>', 'values': "{'item_id': 3561, 'slug': 'oh-ps71_-tf3_9-btq', 'batch': 10, 'signature': '1cd20', 'phase': 23}"}
2026-08-22 23:51:55.610 /testbed/src/flask/app.py:1102 flask.app.Flask.url_for event=call locals={'_anchor': "'wjuvuvkn / 1922 / 0ffkgz / is0e'", '_external': 'False', '_method': "'GET'", '_scheme': 'None', 'endpoint': "'.mtdt3q6%ccwr6'", 'self': "<Flask 'testcase'>", 'values': "{'item_id': 5179, 'slug': '7ky0-te-t2iebcf2-bcsp_a-ek', 'batch': 58}"}
2026-08-22 23:51:55.610 /testbed/src/flask/app.py:1159 flask.app.Flask.url_for event=line locals={}
2026-08-22 23:51:55.610 /testbed/src/flask/app.py:1160 flask.app.Flask.url_for event=line locals={'ctx': "<AppContext 132672011232272 of testcase, GET 'https://api.example.test/myapp/g3dvr7056/h9iajtghvq1k'>"}
2026-08-22 23:51:55.610 /testbed/src/flask/app.py:1161 flask.app.Flask.url_for event=line locals={'url_adapter': '<werkzeug.routing.map.MapAdapter object at 0x78aa1d2f8890>'}
2026-08-22 23:51:55.610 /testbed/src/flask/app.py:1165 flask.app.Flask.url_for event=line locals={'blueprint_name': "'lx5vctr60lx'"}
2026-08-22 23:51:55.610 /testbed/src/flask/app.py:1166 flask.app.Flask.url_for event=line locals={}
2026-08-22 23:51:55.610 /testbed/src/flask/app.py:1167 flask.app.Flask.url_for event=line locals={}
2026-08-22 23:51:55.610 /testbed/src/flask/app.py:1173 flask.app.Flask.url_for event=line locals={'endpoint': "'lx5vctr60lx.mtdt3q6%ccwr6'"}
2026-08-22 23:51:55.610 /testbed/src/flask/app.py:1199 flask.app.Flask.url_for event=line locals={}
2026-08-22 23:51:55.610 /testbed/src/flask/app.py:1202 flask.app.Flask.url_for event=line locals={}
2026-08-22 23:51:55.611 /testbed/src/flask/app.py:1204 flask.app.Flask.url_for event=line locals={'values': "{'item_id': 5179, 'slug': '7ky0-te-t2iebcf2-bcsp_a-ek', 'batch': 58, 'signature': '222d6', 'phase': 27}"}
2026-08-22 23:51:55.611 /testbed/src/flask/app.py:1205 flask.app.Flask.url_for event=line locals={}
2026-08-22 23:51:55.611 /testbed/src/flask/app.py:1206 flask.app.Flask.url_for event=line locals={}
2026-08-22 23:51:55.611 /testbed/src/flask/app.py:1207 flask.app.Flask.url_for event=line locals={}
2026-08-22 23:51:55.611 /testbed/src/flask/app.py:1208 flask.app.Flask.url_for event=line locals={}
2026-08-22 23:51:55.611 /testbed/src/flask/app.py:1209 flask.app.Flask.url_for event=line locals={}
2026-08-22 23:51:55.611 /testbed/src/flask/app.py:1210 flask.app.Flask.url_for event=line locals={}
2026-08-22 23:51:55.611 /testbed/src/flask/app.py:1205 flask.app.Flask.url_for event=line locals={}
2026-08-22 23:51:55.611 /testbed/src/flask/app.py:1218 flask.app.Flask.url_for event=line locals={'rv': "'/myapp/g3dvr7056/sv1-0xs6/5179/7ky0-te-t2iebcf2-bcsp_a-ek/h%25d-f?batch=58&signature=222d6&phase=27'"}
2026-08-22 23:51:55.611 /testbed/src/flask/app.py:1219 flask.app.Flask.url_for event=line locals={}
2026-08-22 23:51:55.611 /testbed/src/flask/app.py:1220 flask.app.Flask.url_for event=line locals={'_anchor': "'wjuvuvkn%20/%201922%20/%200ffkgz%20/%20is0e'"}
2026-08-22 23:51:55.611 /testbed/src/flask/app.py:1222 flask.app.Flask.url_for event=line locals={'rv': "'/myapp/g3dvr7056/sv1-0xs6/5179/7ky0-te-t2iebcf2-bcsp_a-ek/h%25d-f?batch=58&signature=222d6&phase=27#wjuvuvkn%20/%201922%20/%200ffkgz%20/%20is0e'"}
2026-08-22 23:51:55.611 /testbed/src/flask/app.py:1222 flask.app.Flask.url_for event=return retval='/myapp/g3dvr7056/sv1-0xs6/5179/7ky0-te-t2iebcf2-bcsp_a-ek/h%25d-f?batch=58&signature=222d6&phase=27#wjuvuvkn%20/%201922%20/%200ffkgz%20/%20is0e' locals={'_anchor': "'wjuvuvkn%20/%201922%20/%200ffkgz%20/%20is0e'", '_external': 'False', '_method': "'GET'", '_scheme': 'None', 'blueprint_name': "'lx5vctr60lx'", 'ctx': "<AppContext 132672011232272 of testcase, GET 'https://api.example.test/myapp/g3dvr7056/h9iajtghvq1k'>", 'endpoint': "'lx5vctr60lx.mtdt3q6%ccwr6'", 'rv': "'/myapp/g3dvr7056/sv1-0xs6/5179/7ky0-te-t2iebcf2-bcsp_a-ek/h%25d-f?batch=58&signature=222d6&phase=27#wjuvuvkn%20/%201922%20/%200ffkgz%20/%20is0e'", 'self': "<Flask 'testcase'>", 'url_adapter': '<werkzeug.routing.map.MapAdapter object at 0x78aa1d2f8890>', 'values': "{'item_id': 5179, 'slug': '7ky0-te-t2iebcf2-bcsp_a-ek', 'batch': 58, 'signature': '222d6', 'phase': 27}"}
2026-08-22 23:51:55.612 /testbed/src/flask/app.py:1102 flask.app.Flask.url_for event=call locals={'_anchor': "'ckwf / 2005 / n7k8mii / z8fw'", '_external': 'False', '_method': "'PUT'", '_scheme': 'None', 'endpoint': "'.mtdt3q6%ccwr6'", 'self': "<Flask 'testcase'>", 'values': "{'item_id': 3928, 'slug': '8obx3zis4-9jw8g6gv6_-s4--1cok', 'batch': 30}"}
2026-08-22 23:51:55.612 /testbed/src/flask/app.py:1159 flask.app.Flask.url_for event=line locals={}
2026-08-22 23:51:55.612 /testbed/src/flask/app.py:1160 flask.app.Flask.url_for event=line locals={'ctx': "<AppContext 132672011232272 of testcase, GET 'https://api.example.test/myapp/g3dvr7056/h9iajtghvq1k'>"}
2026-08-22 23:51:55.612 /testbed/src/flask/app.py:1161 flask.app.Flask.url_for event=line locals={'url_adapter': '<werkzeug.routing.map.MapAdapter object at 0x78aa1d2f8890>'}
2026-08-22 23:51:55.613 /testbed/src/flask/app.py:1165 flask.app.Flask.url_for event=line locals={'blueprint_name': "'lx5vctr60lx'"}
2026-08-22 23:51:55.613 /testbed/src/flask/app.py:1166 flask.app.Flask.url_for event=line locals={}
2026-08-22 23:51:55.613 /testbed/src/flask/app.py:1167 flask.app.Flask.url_for event=line locals={}
2026-08-22 23:51:55.613 /testbed/src/flask/app.py:1173 flask.app.Flask.url_for event=line locals={'endpoint': "'lx5vctr60lx.mtdt3q6%ccwr6'"}
2026-08-22 23:51:55.613 /testbed/src/flask/app.py:1199 flask.app.Flask.url_for event=line locals={}
2026-08-22 23:51:55.613 /testbed/src/flask/app.py:1202 flask.app.Flask.url_for event=line locals={}
2026-08-22 23:51:55.613 /testbed/src/flask/app.py:1204 flask.app.Flask.url_for event=line locals={'values': "{'item_id': 3928, 'slug': '8obx3zis4-9jw8g6gv6_-s4--1cok', 'batch': 30, 'signature': '20263', 'phase': 36}"}
2026-08-22 23:51:55.613 /testbed/src/flask/app.py:1205 flask.app.Flask.url_for event=line locals={}
2026-08-22 23:51:55.613 /testbed/src/flask/app.py:1206 flask.app.Flask.url_for event=line locals={}
2026-08-22 23:51:55.613 /testbed/src/flask/app.py:1207 flask.app.Flask.url_for event=line locals={}
2026-08-22 23:51:55.613 /testbed/src/flask/app.py:1208 flask.app.Flask.url_for event=line locals={}
2026-08-22 23:51:55.613 /testbed/src/flask/app.py:1209 flask.app.Flask.url_for event=line locals={}
2026-08-22 23:51:55.613 /testbed/src/flask/app.py:1210 flask.app.Flask.url_for event=line locals={}
2026-08-22 23:51:55.613 /testbed/src/flask/app.py:1205 flask.app.Flask.url_for event=line locals={}
2026-08-22 23:51:55.613 /testbed/src/flask/app.py:1218 flask.app.Flask.url_for event=line locals={'rv': "'/myapp/g3dvr7056/sv1-0xs6/3928/8obx3zis4-9jw8g6gv6_-s4--1cok/h%25d-f?batch=30&signature=20263&phase=36'"}
2026-08-22 23:51:55.613 /testbed/src/flask/app.py:1219 flask.app.Flask.url_for event=line locals={}
2026-08-22 23:51:55.613 /testbed/src/flask/app.py:1220 flask.app.Flask.url_for event=line locals={'_anchor': "'ckwf%20/%202005%20/%20n7k8mii%20/%20z8fw'"}
2026-08-22 23:51:55.614 /testbed/src/flask/app.py:1222 flask.app.Flask.url_for event=line locals={'rv': "'/myapp/g3dvr7056/sv1-0xs6/3928/8obx3zis4-9jw8g6gv6_-s4--1cok/h%25d-f?batch=30&signature=20263&phase=36#ckwf%20/%202005%20/%20n7k8mii%20/%20z8fw'"}
2026-08-22 23:51:55.614 /testbed/src/flask/app.py:1222 flask.app.Flask.url_for event=return retval='/myapp/g3dvr7056/sv1-0xs6/3928/8obx3zis4-9jw8g6gv6_-s4--1cok/h%25d-f?batch=30&signature=20263&phase=36#ckwf%20/%202005%20/%20n7k8mii%20/%20z8fw' locals={'_anchor': "'ckwf%20/%202005%20/%20n7k8mii%20/%20z8fw'", '_external': 'False', '_method': "'PUT'", '_scheme': 'None', 'blueprint_name': "'lx5vctr60lx'", 'ctx': "<AppContext 132672011232272 of testcase, GET 'https://api.example.test/myapp/g3dvr7056/h9iajtghvq1k'>", 'endpoint': "'lx5vctr60lx.mtdt3q6%ccwr6'", 'rv': "'/myapp/g3dvr7056/sv1-0xs6/3928/8obx3zis4-9jw8g6gv6_-s4--1cok/h%25d-f?batch=30&signature=20263&phase=36#ckwf%20/%202005%20/%20n7k8mii%20/%20z8fw'", 'self': "<Flask 'testcase'>", 'url_adapter': '<werkzeug.routing.map.MapAdapter object at 0x78aa1d2f8890>', 'values': "{'item_id': 3928, 'slug': '8obx3zis4-9jw8g6gv6_-s4--1cok', 'batch': 30, 'signature': '20263', 'phase': 36}"}
2026-08-22 23:51:55.615 /testbed/src/flask/app.py:1102 flask.app.Flask.url_for event=call locals={'_anchor': "'mfo4l / 2564 / 1mywkv2m / 2bjv'", '_external': 'False', '_method': "'GET'", '_scheme': 'None', 'endpoint': "'.mtdt3q6%ccwr6'", 'self': "<Flask 'testcase'>", 'values': "{'item_id': 9950, 'slug': 'ml05-uuiei-aikf-5-2kjb-9v-_gi%d-%f', 'batch': 46}"}
2026-08-22 23:51:55.615 /testbed/src/flask/app.py:1159 flask.app.Flask.url_for event=line locals={}
2026-08-22 23:51:55.615 /testbed/src/flask/app.py:1160 flask.app.Flask.url_for event=line locals={'ctx': "<AppContext 132672011232272 of testcase, GET 'https://api.example.test/myapp/g3dvr7056/h9iajtghvq1k'>"}
2026-08-22 23:51:55.615 /testbed/src/flask/app.py:1161 flask.app.Flask.url_for event=line locals={'url_adapter': '<werkzeug.routing.map.MapAdapter object at 0x78aa1d2f8890>'}
2026-08-22 23:51:55.615 /testbed/src/flask/app.py:1165 flask.app.Flask.url_for event=line locals={'blueprint_name': "'lx5vctr60lx'"}
2026-08-22 23:51:55.615 /testbed/src/flask/app.py:1166 flask.app.Flask.url_for event=line locals={}
2026-08-22 23:51:55.615 /testbed/src/flask/app.py:1167 flask.app.Flask.url_for event=line locals={}
2026-08-22 23:51:55.615 /testbed/src/flask/app.py:1173 flask.app.Flask.url_for event=line locals={'endpoint': "'lx5vctr60lx.mtdt3q6%ccwr6'"}
2026-08-22 23:51:55.615 /testbed/src/flask/app.py:1199 flask.app.Flask.url_for event=line locals={}
2026-08-22 23:51:55.615 /testbed/src/flask/app.py:1202 flask.app.Flask.url_for event=line locals={}
2026-08-22 23:51:55.615 /testbed/src/flask/app.py:1204 flask.app.Flask.url_for event=line locals={'values': "{'item_id': 9950, 'slug': 'ml05-uuiei-aikf-5-2kjb-9v-_gi%d-%f', 'batch': 46, 'signature': '2a81e', 'phase': 36}"}
2026-08-22 23:51:55.615 /testbed/src/flask/app.py:1205 flask.app.Flask.url_for event=line locals={}
2026-08-22 23:51:55.615 /testbed/src/flask/app.py:1206 flask.app.Flask.url_for event=line locals={}
2026-08-22 23:51:55.615 /testbed/src/flask/app.py:1207 flask.app.Flask.url_for event=line locals={}
2026-08-22 23:51:55.615 /testbed/src/flask/app.py:1208 flask.app.Flask.url_for event=line locals={}
2026-08-22 23:51:55.615 /testbed/src/flask/app.py:1209 flask.app.Flask.url_for event=line locals={}
2026-08-22 23:51:55.615 /testbed/src/flask/app.py:1210 flask.app.Flask.url_for event=line locals={}
2026-08-22 23:51:55.615 /testbed/src/flask/app.py:1205 flask.app.Flask.url_for event=line locals={}
2026-08-22 23:51:55.616 /testbed/src/flask/app.py:1218 flask.app.Flask.url_for event=line locals={'rv': "'/myapp/g3dvr7056/sv1-0xs6/9950/ml05-uuiei-aikf-5-2kjb-9v-_gi%25d-%25f/h%25d-f?batch=46&signature=2a81e&phase=36'"}
2026-08-22 23:51:55.616 /testbed/src/flask/app.py:1219 flask.app.Flask.url_for event=line locals={}
2026-08-22 23:51:55.616 /testbed/src/flask/app.py:1220 flask.app.Flask.url_for event=line locals={'_anchor': "'mfo4l%20/%202564%20/%201mywkv2m%20/%202bjv'"}
2026-08-22 23:51:55.616 /testbed/src/flask/app.py:1222 flask.app.Flask.url_for event=line locals={'rv': "'/myapp/g3dvr7056/sv1-0xs6/9950/ml05-uuiei-aikf-5-2kjb-9v-_gi%25d-%25f/h%25d-f?batch=46&signature=2a81e&phase=36#mfo4l%20/%202564%20/%201mywkv2m%20/%202bjv'"}
2026-08-22 23:51:55.616 /testbed/src/flask/app.py:1222 flask.app.Flask.url_for event=return retval='/myapp/g3dvr7056/sv1-0xs6/9950/ml05-uuiei-aikf-5-2kjb-9v-_gi%25d-%25f/h%25d-f?batch=46&signature=2a81e&phase=36#mfo4l%20/%202564%20/%201mywkv2m%20/%202bjv' locals={'_anchor': "'mfo4l%20/%202564%20/%201mywkv2m%20/%202bjv'", '_external': 'False', '_method': "'GET'", '_scheme': 'None', 'blueprint_name': "'lx5vctr60lx'", 'ctx': "<AppContext 132672011232272 of testcase, GET 'https://api.example.test/myapp/g3dvr7056/h9iajtghvq1k'>", 'endpoint': "'lx5vctr60lx.mtdt3q6%ccwr6'", 'rv': "'/myapp/g3dvr7056/sv1-0xs6/9950/ml05-uuiei-aikf-5-2kjb-9v-_gi%25d-%25f/h%25d-f?batch=46&signature=2a81e&phase=36#mfo4l%20/%202564%20/%201mywkv2m%20/%202bjv'", 'self': "<Flask 'testcase'>", 'url_adapter': '<werkzeug.routing.map.MapAdapter object at 0x78aa1d2f8890>', 'values': "{'item_id': 9950, 'slug': 'ml05-uuiei-aikf-5-2kjb-9v-_gi%d-%f', 'batch': 46, 'signature': '2a81e', 'phase': 36}"}
2026-08-22 23:51:55.617 /testbed/src/flask/app.py:1102 flask.app.Flask.url_for event=call locals={'_anchor': "'ah7qbi / 1403 / i1azd / l1x8'", '_external': 'False', '_method': "'GET'", '_scheme': 'None', 'endpoint': "'.mtdt3q6%ccwr6'", 'self': "<Flask 'testcase'>", 'values': "{'item_id': 8030, 'slug': 'oxcelm8a8-xvenb_rxw5-v40-0wpg-r1bk4-3xsfaz', 'batch': 18}"}
2026-08-22 23:51:55.617 /testbed/src/flask/app.py:1159 flask.app.Flask.url_for event=line locals={}
2026-08-22 23:51:55.617 /testbed/src/flask/app.py:1160 flask.app.Flask.url_for event=line locals={'ctx': "<AppContext 132672011232272 of testcase, GET 'https://api.example.test/myapp/g3dvr7056/h9iajtghvq1k'>"}
2026-08-22 23:51:55.617 /testbed/src/flask/app.py:1161 flask.app.Flask.url_for event=line locals={'url_adapter': '<werkzeug.routing.map.MapAdapter object at 0x78aa1d2f8890>'}
2026-08-22 23:51:55.617 /testbed/src/flask/app.py:1165 flask.app.Flask.url_for event=line locals={'blueprint_name': "'lx5vctr60lx'"}
2026-08-22 23:51:55.617 /testbed/src/flask/app.py:1166 flask.app.Flask.url_for event=line locals={}
2026-08-22 23:51:55.617 /testbed/src/flask/app.py:1167 flask.app.Flask.url_for event=line locals={}
2026-08-22 23:51:55.617 /testbed/src/flask/app.py:1173 flask.app.Flask.url_for event=line locals={'endpoint': "'lx5vctr60lx.mtdt3q6%ccwr6'"}
2026-08-22 23:51:55.617 /testbed/src/flask/app.py:1199 flask.app.Flask.url_for event=line locals={}
2026-08-22 23:51:55.617 /testbed/src/flask/app.py:1202 flask.app.Flask.url_for event=line locals={}
2026-08-22 23:51:55.617 /testbed/src/flask/app.py:1204 flask.app.Flask.url_for event=line locals={'values': "{'item_id': 8030, 'slug': 'oxcelm8a8-xvenb_rxw5-v40-0wpg-r1bk4-3xsfaz', 'batch': 18, 'signature': '3abed', 'phase': 52}"}
2026-08-22 23:51:55.618 /testbed/src/flask/app.py:1205 flask.app.Flask.url_for event=line locals={}
2026-08-22 23:51:55.618 /testbed/src/flask/app.py:1206 flask.app.Flask.url_for event=line locals={}
2026-08-22 23:51:55.618 /testbed/src/flask/app.py:1207 flask.app.Flask.url_for event=line locals={}
2026-08-22 23:51:55.618 /testbed/src/flask/app.py:1208 flask.app.Flask.url_for event=line locals={}
2026-08-22 23:51:55.618 /testbed/src/flask/app.py:1209 flask.app.Flask.url_for event=line locals={}
2026-08-22 23:51:55.618 /testbed/src/flask/app.py:1210 flask.app.Flask.url_for event=line locals={}
2026-08-22 23:51:55.618 /testbed/src/flask/app.py:1205 flask.app.Flask.url_for event=line locals={}
2026-08-22 23:51:55.618 /testbed/src/flask/app.py:1218 flask.app.Flask.url_for event=line locals={'rv': "'/myapp/g3dvr7056/sv1-0xs6/8030/oxcelm8a8-xvenb_rxw5-v40-0wpg-r1bk4-3xsfaz/h%25d-f?batch=18&signature=3abed&phase=52'"}
2026-08-22 23:51:55.618 /testbed/src/flask/app.py:1219 flask.app.Flask.url_for event=line locals={}
2026-08-22 23:51:55.618 /testbed/src/flask/app.py:1220 flask.app.Flask.url_for event=line locals={'_anchor': "'ah7qbi%20/%201403%20/%20i1azd%20/%20l1x8'"}
2026-08-22 23:51:55.618 /testbed/src/flask/app.py:1222 flask.app.Flask.url_for event=line locals={'rv': "'/myapp/g3dvr7056/sv1-0xs6/8030/oxcelm8a8-xvenb_rxw5-v40-0wpg-r1bk4-3xsfaz/h%25d-f?batch=18&signature=3abed&phase=52#ah7qbi%20/%201403%20/%20i1azd%20/%20l1x8'"}
2026-08-22 23:51:55.618 /testbed/src/flask/app.py:1222 flask.app.Flask.url_for event=return retval='/myapp/g3dvr7056/sv1-0xs6/8030/oxcelm8a8-xvenb_rxw5-v40-0wpg-r1bk4-3xsfaz/h%25d-f?batch=18&signature=3abed&phase=52#ah7qbi%20/%201403%20/%20i1azd%20/%20l1x8' locals={'_anchor': "'ah7qbi%20/%201403%20/%20i1azd%20/%20l1x8'", '_external': 'False', '_method': "'GET'", '_scheme': 'None', 'blueprint_name': "'lx5vctr60lx'", 'ctx': "<AppContext 132672011232272 of testcase, GET 'https://api.example.test/myapp/g3dvr7056/h9iajtghvq1k'>", 'endpoint': "'lx5vctr60lx.mtdt3q6%ccwr6'", 'rv': "'/myapp/g3dvr7056/sv1-0xs6/8030/oxcelm8a8-xvenb_rxw5-v40-0wpg-r1bk4-3xsfaz/h%25d-f?batch=18&signature=3abed&phase=52#ah7qbi%20/%201403%20/%20i1azd%20/%20l1x8'", 'self': "<Flask 'testcase'>", 'url_adapter': '<werkzeug.routing.map.MapAdapter object at 0x78aa1d2f8890>', 'values': "{'item_id': 8030, 'slug': 'oxcelm8a8-xvenb_rxw5-v40-0wpg-r1bk4-3xsfaz', 'batch': 18, 'signature': '3abed', 'phase': 52}"}
2026-08-22 23:51:55.620 /testbed/src/flask/app.py:1102 flask.app.Flask.url_for event=call locals={'_anchor': "'5cpul8z / 475 / 8oxlc- / vqia'", '_external': 'True', '_method': "'POST'", '_scheme': 'None', 'endpoint': "'.mtdt3q6%ccwr6'", 'self': "<Flask 'testcase'>", 'values': "{'item_id': 4994, 'slug': 'nk_ias064j-a1i-h0uq-iugrp-x_irsi-oq2-li5-5o4dlqfd', 'batch': 33}"}
2026-08-22 23:51:55.620 /testbed/src/flask/app.py:1159 flask.app.Flask.url_for event=line locals={}
2026-08-22 23:51:55.620 /testbed/src/flask/app.py:1160 flask.app.Flask.url_for event=line locals={'ctx': "<AppContext 132672011232272 of testcase, GET 'https://api.example.test/myapp/g3dvr7056/h9iajtghvq1k'>"}
2026-08-22 23:51:55.620 /testbed/src/flask/app.py:1161 flask.app.Flask.url_for event=line locals={'url_adapter': '<werkzeug.routing.map.MapAdapter object at 0x78aa1d2f8890>'}
2026-08-22 23:51:55.620 /testbed/src/flask/app.py:1165 flask.app.Flask.url_for event=line locals={'blueprint_name': "'lx5vctr60lx'"}
2026-08-22 23:51:55.620 /testbed/src/flask/app.py:1166 flask.app.Flask.url_for event=line locals={}
2026-08-22 23:51:55.620 /testbed/src/flask/app.py:1167 flask.app.Flask.url_for event=line locals={}
2026-08-22 23:51:55.620 /testbed/src/flask/app.py:1173 flask.app.Flask.url_for event=line locals={'endpoint': "'lx5vctr60lx.mtdt3q6%ccwr6'"}
2026-08-22 23:51:55.620 /testbed/src/flask/app.py:1199 flask.app.Flask.url_for event=line locals={}
2026-08-22 23:51:55.620 /testbed/src/flask/app.py:1202 flask.app.Flask.url_for event=line locals={}
2026-08-22 23:51:55.620 /testbed/src/flask/app.py:1204 flask.app.Flask.url_for event=line locals={'values': "{'item_id': 4994, 'slug': 'nk_ias064j-a1i-h0uq-iugrp-x_irsi-oq2-li5-5o4dlqfd', 'batch': 33, 'signature': '4f5db', 'phase': 49}"}
2026-08-22 23:51:55.620 /testbed/src/flask/app.py:1205 flask.app.Flask.url_for event=line locals={}
2026-08-22 23:51:55.620 /testbed/src/flask/app.py:1206 flask.app.Flask.url_for event=line locals={}
2026-08-22 23:51:55.620 /testbed/src/flask/app.py:1207 flask.app.Flask.url_for event=line locals={}
2026-08-22 23:51:55.620 /testbed/src/flask/app.py:1208 flask.app.Flask.url_for event=line locals={}
2026-08-22 23:51:55.620 /testbed/src/flask/app.py:1209 flask.app.Flask.url_for event=line locals={}
2026-08-22 23:51:55.620 /testbed/src/flask/app.py:1210 flask.app.Flask.url_for event=line locals={}
2026-08-22 23:51:55.620 /testbed/src/flask/app.py:1205 flask.app.Flask.url_for event=line locals={}
2026-08-22 23:51:55.621 /testbed/src/flask/app.py:1218 flask.app.Flask.url_for event=line locals={'rv': "'https://api.example.test/myapp/g3dvr7056/sv1-0xs6/4994/nk_ias064j-a1i-h0uq-iugrp-x_irsi-oq2-li5-5o4dlqfd/h%25d-f?batch=33&signature=4f5db&phase=49'"}
2026-08-22 23:51:55.621 /testbed/src/flask/app.py:1219 flask.app.Flask.url_for event=line locals={}
2026-08-22 23:51:55.621 /testbed/src/flask/app.py:1220 flask.app.Flask.url_for event=line locals={'_anchor': "'5cpul8z%20/%20475%20/%208oxlc-%20/%20vqia'"}
2026-08-22 23:51:55.621 /testbed/src/flask/app.py:1222 flask.app.Flask.url_for event=line locals={'rv': "'https://api.example.test/myapp/g3dvr7056/sv1-0xs6/4994/nk_ias064j-a1i-h0uq-iugrp-x_irsi-oq2-li5-5o4dlqfd/h%25d-f?batch=33&signature=4f5db&phase=49#5cpul8z%20/%20475%20/%208oxlc-%20/%20vqia'"}
2026-08-22 23:51:55.621 /testbed/src/flask/app.py:1222 flask.app.Flask.url_for event=return retval='https://api.example.test/myapp/g3dvr7056/sv1-0xs6/4994/nk_ias064j-a1i-h0uq-iugrp-x_irsi-oq2-li5-5o4dlqfd/h%25d-f?batch=33&signature=4f5db&phase=49#5cpul8z%20/%20475%20/%208oxlc-%20/%20vqia' locals={'_anchor': "'5cpul8z%20/%20475%20/%208oxlc-%20/%20vqia'", '_external': 'True', '_method': "'POST'", '_scheme': 'None', 'blueprint_name': "'lx5vctr60lx'", 'ctx': "<AppContext 132672011232272 of testcase, GET 'https://api.example.test/myapp/g3dvr7056/h9iajtghvq1k'>", 'endpoint': "'lx5vctr60lx.mtdt3q6%ccwr6'", 'rv': "'https://api.example.test/myapp/g3dvr7056/sv1-0xs6/4994/nk_ias064j-a1i-h0uq-iugrp-x_irsi-oq2-li5-5o4dlqfd/h%25d-f?batch=33&signature=4f5db&phase=49#5cpul8z%20/%20475%20/%208oxlc-%20/%20vqia'", 'self': "<Flask 'testcase'>", 'url_adapter': '<werkzeug.routing.map.MapAdapter object at 0x78aa1d2f8890>', 'values': "{'item_id': 4994, 'slug': 'nk_ias064j-a1i-h0uq-iugrp-x_irsi-oq2-li5-5o4dlqfd', 'batch': 33, 'signature': '4f5db', 'phase': 49}"}
2026-08-22 23:51:55.622 /testbed/src/flask/app.py:1102 flask.app.Flask.url_for event=call locals={'_anchor': "'oit7j8u5 / 88 / 4pk6lef / y8o4'", '_external': 'False', '_method': "'GET'", '_scheme': 'None', 'endpoint': "'.mtdt3q6%ccwr6'", 'self': "<Flask 'testcase'>", 'values': "{'item_id': 4205, 'slug': '7n_%mwezgi-35r-iwi--vn1rz-aoyqhm-l8tfu_z-5in630k0-f8x31%448', 'batch': 33}"}
2026-08-22 23:51:55.622 /testbed/src/flask/app.py:1159 flask.app.Flask.url_for event=line locals={}
2026-08-22 23:51:55.622 /testbed/src/flask/app.py:1160 flask.app.Flask.url_for event=line locals={'ctx': "<AppContext 132672011232272 of testcase, GET 'https://api.example.test/myapp/g3dvr7056/h9iajtghvq1k'>"}
2026-08-22 23:51:55.622 /testbed/src/flask/app.py:1161 flask.app.Flask.url_for event=line locals={'url_adapter': '<werkzeug.routing.map.MapAdapter object at 0x78aa1d2f8890>'}
2026-08-22 23:51:55.622 /testbed/src/flask/app.py:1165 flask.app.Flask.url_for event=line locals={'blueprint_name': "'lx5vctr60lx'"}
2026-08-22 23:51:55.622 /testbed/src/flask/app.py:1166 flask.app.Flask.url_for event=line locals={}
2026-08-22 23:51:55.622 /testbed/src/flask/app.py:1167 flask.app.Flask.url_for event=line locals={}
2026-08-22 23:51:55.623 /testbed/src/flask/app.py:1173 flask.app.Flask.url_for event=line locals={'endpoint': "'lx5vctr60lx.mtdt3q6%ccwr6'"}
2026-08-22 23:51:55.623 /testbed/src/flask/app.py:1199 flask.app.Flask.url_for event=line locals={}
2026-08-22 23:51:55.623 /testbed/src/flask/app.py:1202 flask.app.Flask.url_for event=line locals={}
2026-08-22 23:51:55.623 /testbed/src/flask/app.py:1204 flask.app.Flask.url_for event=line locals={'values': "{'item_id': 4205, 'slug': '7n_%mwezgi-35r-iwi--vn1rz-aoyqhm-l8tfu_z-5in630k0-f8x31%448', 'batch': 33, 'signature': '53592', 'phase': 66}"}
2026-08-22 23:51:55.623 /testbed/src/flask/app.py:1205 flask.app.Flask.url_for event=line locals={}
2026-08-22 23:51:55.623 /testbed/src/flask/app.py:1206 flask.app.Flask.url_for event=line locals={}
2026-08-22 23:51:55.623 /testbed/src/flask/app.py:1207 flask.app.Flask.url_for event=line locals={}
2026-08-22 23:51:55.623 /testbed/src/flask/app.py:1208 flask.app.Flask.url_for event=line locals={}
2026-08-22 23:51:55.623 /testbed/src/flask/app.py:1209 flask.app.Flask.url_for event=line locals={}
2026-08-22 23:51:55.623 /testbed/src/flask/app.py:1210 flask.app.Flask.url_for event=line locals={}
2026-08-22 23:51:55.623 /testbed/src/flask/app.py:1205 flask.app.Flask.url_for event=line locals={}
2026-08-22 23:51:55.624 /testbed/src/flask/app.py:1218 flask.app.Flask.url_for event=line locals={'rv': "'/myapp/g3dvr7056/sv1-0xs6/4205/7n_%25mwezgi-35r-iwi--vn1rz-aoyqhm-l8tfu_z-5in630k0-f8x31%25448/h%25d-f?batch=33&signature=53592&phase=66'"}
2026-08-22 23:51:55.624 /testbed/src/flask/app.py:1219 flask.app.Flask.url_for event=line locals={}
2026-08-22 23:51:55.624 /testbed/src/flask/app.py:1220 flask.app.Flask.url_for event=line locals={'_anchor': "'oit7j8u5%20/%2088%20/%204pk6lef%20/%20y8o4'"}
2026-08-22 23:51:55.624 /testbed/src/flask/app.py:1222 flask.app.Flask.url_for event=line locals={'rv': "'/myapp/g3dvr7056/sv1-0xs6/4205/7n_%25mwezgi-35r-iwi--vn1rz-aoyqhm-l8tfu_z-5in630k0-f8x31%25448/h%25d-f?batch=33&signature=53592&phase=66#oit7j8u5%20/%2088%20/%204pk6lef%20/%20y8o4'"}
2026-08-22 23:51:55.624 /testbed/src/flask/app.py:1222 flask.app.Flask.url_for event=return retval='/myapp/g3dvr7056/sv1-0xs6/4205/7n_%25mwezgi-35r-iwi--vn1rz-aoyqhm-l8tfu_z-5in630k0-f8x31%25448/h%25d-f?batch=33&signature=53592&phase=66#oit7j8u5%20/%2088%20/%204pk6lef%20/%20y8o4' locals={'_anchor': "'oit7j8u5%20/%2088%20/%204pk6lef%20/%20y8o4'", '_external': 'False', '_method': "'GET'", '_scheme': 'None', 'blueprint_name': "'lx5vctr60lx'", 'ctx': "<AppContext 132672011232272 of testcase, GET 'https://api.example.test/myapp/g3dvr7056/h9iajtghvq1k'>", 'endpoint': "'lx5vctr60lx.mtdt3q6%ccwr6'", 'rv': "'/myapp/g3dvr7056/sv1-0xs6/4205/7n_%25mwezgi-35r-iwi--vn1rz-aoyqhm-l8tfu_z-5in630k0-f8x31%25448/h%25d-f?batch=33&signature=53592&phase=66#oit7j8u5%20/%2088%20/%204pk6lef%20/%20y8o4'", 'self': "<Flask 'testcase'>", 'url_adapter': '<werkzeug.routing.map.MapAdapter object at 0x78aa1d2f8890>', 'values': "{'item_id': 4205, 'slug': '7n_%mwezgi-35r-iwi--vn1rz-aoyqhm-l8tfu_z-5in630k0-f8x31%448', 'batch': 33, 'signature': '53592', 'phase': 66}"}
2026-08-22 23:51:55.624 /testbed/src/flask/app.py:1102 flask.app.Flask.url_for event=call locals={'_anchor': "'%u_q / 697 / rni9m0m5 / h06d'", '_external': 'False', '_method': "'GET'", '_scheme': 'None', 'endpoint': "'.mtdt3q6%ccwr6'", 'self': "<Flask 'testcase'>", 'values': "{'item_id': 9746, 'slug': 'c-v9-0%xf6', 'batch': 29}"}
2026-08-22 23:51:55.624 /testbed/src/flask/app.py:1159 flask.app.Flask.url_for event=line locals={}
2026-08-22 23:51:55.624 /testbed/src/flask/app.py:1160 flask.app.Flask.url_for event=line locals={'ctx': "<AppContext 132672011232272 of testcase, GET 'https://api.example.test/myapp/g3dvr7056/h9iajtghvq1k'>"}
2026-08-22 23:51:55.624 /testbed/src/flask/app.py:1161 flask.app.Flask.url_for event=line locals={'url_adapter': '<werkzeug.routing.map.MapAdapter object at 0x78aa1d2f8890>'}
2026-08-22 23:51:55.624 /testbed/src/flask/app.py:1165 flask.app.Flask.url_for event=line locals={'blueprint_name': "'lx5vctr60lx'"}
2026-08-22 23:51:55.624 /testbed/src/flask/app.py:1166 flask.app.Flask.url_for event=line locals={}
2026-08-22 23:51:55.624 /testbed/src/flask/app.py:1167 flask.app.Flask.url_for event=line locals={}
2026-08-22 23:51:55.624 /testbed/src/flask/app.py:1173 flask.app.Flask.url_for event=line locals={'endpoint': "'lx5vctr60lx.mtdt3q6%ccwr6'"}
2026-08-22 23:51:55.624 /testbed/src/flask/app.py:1199 flask.app.Flask.url_for event=line locals={}
2026-08-22 23:51:55.624 /testbed/src/flask/app.py:1202 flask.app.Flask.url_for event=line locals={}
2026-08-22 23:51:55.625 /testbed/src/flask/app.py:1204 flask.app.Flask.url_for event=line locals={'values': "{'item_id': 9746, 'slug': 'c-v9-0%xf6', 'batch': 29, 'signature': '15c7b', 'phase': 19}"}
2026-08-22 23:51:55.625 /testbed/src/flask/app.py:1205 flask.app.Flask.url_for event=line locals={}
2026-08-22 23:51:55.625 /testbed/src/flask/app.py:1206 flask.app.Flask.url_for event=line locals={}
2026-08-22 23:51:55.625 /testbed/src/flask/app.py:1207 flask.app.Flask.url_for event=line locals={}
2026-08-22 23:51:55.625 /testbed/src/flask/app.py:1208 flask.app.Flask.url_for event=line locals={}
2026-08-22 23:51:55.625 /testbed/src/flask/app.py:1209 flask.app.Flask.url_for event=line locals={}
2026-08-22 23:51:55.625 /testbed/src/flask/app.py:1210 flask.app.Flask.url_for event=line locals={}
2026-08-22 23:51:55.625 /testbed/src/flask/app.py:1205 flask.app.Flask.url_for event=line locals={}
2026-08-22 23:51:55.625 /testbed/src/flask/app.py:1218 flask.app.Flask.url_for event=line locals={'rv': "'/myapp/g3dvr7056/sv1-0xs6/9746/c-v9-0%25xf6/h%25d-f?batch=29&signature=15c7b&phase=19'"}
2026-08-22 23:51:55.625 /testbed/src/flask/app.py:1219 flask.app.Flask.url_for event=line locals={}
2026-08-22 23:51:55.625 /testbed/src/flask/app.py:1220 flask.app.Flask.url_for event=line locals={'_anchor': "'%u_q%20/%20697%20/%20rni9m0m5%20/%20h06d'"}
2026-08-22 23:51:55.625 /testbed/src/flask/app.py:1222 flask.app.Flask.url_for event=line locals={'rv': "'/myapp/g3dvr7056/sv1-0xs6/9746/c-v9-0%25xf6/h%25d-f?batch=29&signature=15c7b&phase=19#%u_q%20/%20697%20/%20rni9m0m5%20/%20h06d'"}
2026-08-22 23:51:55.625 /testbed/src/flask/app.py:1222 flask.app.Flask.url_for event=return retval='/myapp/g3dvr7056/sv1-0xs6/9746/c-v9-0%25xf6/h%25d-f?batch=29&signature=15c7b&phase=19#%u_q%20/%20697%20/%20rni9m0m5%20/%20h06d' locals={'_anchor': "'%u_q%20/%20697%20/%20rni9m0m5%20/%20h06d'", '_external': 'False', '_method': "'GET'", '_scheme': 'None', 'blueprint_name': "'lx5vctr60lx'", 'ctx': "<AppContext 132672011232272 of testcase, GET 'https://api.example.test/myapp/g3dvr7056/h9iajtghvq1k'>", 'endpoint': "'lx5vctr60lx.mtdt3q6%ccwr6'", 'rv': "'/myapp/g3dvr7056/sv1-0xs6/9746/c-v9-0%25xf6/h%25d-f?batch=29&signature=15c7b&phase=19#%u_q%20/%20697%20/%20rni9m0m5%20/%20h06d'", 'self': "<Flask 'testcase'>", 'url_adapter': '<werkzeug.routing.map.MapAdapter object at 0x78aa1d2f8890>', 'values': "{'item_id': 9746, 'slug': 'c-v9-0%xf6', 'batch': 29, 'signature': '15c7b', 'phase': 19}"}
2026-08-22 23:51:55.626 /testbed/src/flask/app.py:1102 flask.app.Flask.url_for event=call locals={'_anchor': "'_j3-2 / 2182 / zqde0 / txfp'", '_external': 'False', '_method': "'GET'", '_scheme': 'None', 'endpoint': "'.mtdt3q6%ccwr6'", 'self': "<Flask 'testcase'>", 'values': "{'item_id': 7197, 'slug': 'lggb-qxmyf-r-zvc8', 'batch': 83}"}
2026-08-22 23:51:55.626 /testbed/src/flask/app.py:1159 flask.app.Flask.url_for event=line locals={}
2026-08-22 23:51:55.626 /testbed/src/flask/app.py:1160 flask.app.Flask.url_for event=line locals={'ctx': "<AppContext 132672011232272 of testcase, GET 'https://api.example.test/myapp/g3dvr7056/h9iajtghvq1k'>"}
2026-08-22 23:51:55.626 /testbed/src/flask/app.py:1161 flask.app.Flask.url_for event=line locals={'url_adapter': '<werkzeug.routing.map.MapAdapter object at 0x78aa1d2f8890>'}
2026-08-22 23:51:55.626 /testbed/src/flask/app.py:1165 flask.app.Flask.url_for event=line locals={'blueprint_name': "'lx5vctr60lx'"}
2026-08-22 23:51:55.626 /testbed/src/flask/app.py:1166 flask.app.Flask.url_for event=line locals={}
2026-08-22 23:51:55.626 /testbed/src/flask/app.py:1167 flask.app.Flask.url_for event=line locals={}
2026-08-22 23:51:55.626 /testbed/src/flask/app.py:1173 flask.app.Flask.url_for event=line locals={'endpoint': "'lx5vctr60lx.mtdt3q6%ccwr6'"}
2026-08-22 23:51:55.626 /testbed/src/flask/app.py:1199 flask.app.Flask.url_for event=line locals={}
2026-08-22 23:51:55.626 /testbed/src/flask/app.py:1202 flask.app.Flask.url_for event=line locals={}
2026-08-22 23:51:55.626 /testbed/src/flask/app.py:1204 flask.app.Flask.url_for event=line locals={'values': "{'item_id': 7197, 'slug': 'lggb-qxmyf-r-zvc8', 'batch': 83, 'signature': '1b9a8', 'phase': 29}"}
2026-08-22 23:51:55.626 /testbed/src/flask/app.py:1205 flask.app.Flask.url_for event=line locals={}
2026-08-22 23:51:55.626 /testbed/src/flask/app.py:1206 flask.app.Flask.url_for event=line locals={}
2026-08-22 23:51:55.626 /testbed/src/flask/app.py:1207 flask.app.Flask.url_for event=line locals={}
2026-08-22 23:51:55.626 /testbed/src/flask/app.py:1208 flask.app.Flask.url_for event=line locals={}
2026-08-22 23:51:55.626 /testbed/src/flask/app.py:1209 flask.app.Flask.url_for event=line locals={}
2026-08-22 23:51:55.626 /testbed/src/flask/app.py:1210 flask.app.Flask.url_for event=line locals={}
2026-08-22 23:51:55.626 /testbed/src/flask/app.py:1205 flask.app.Flask.url_for event=line locals={}
2026-08-22 23:51:55.627 /testbed/src/flask/app.py:1218 flask.app.Flask.url_for event=line locals={'rv': "'/myapp/g3dvr7056/sv1-0xs6/7197/lggb-qxmyf-r-zvc8/h%25d-f?batch=83&signature=1b9a8&phase=29'"}
2026-08-22 23:51:55.627 /testbed/src/flask/app.py:1219 flask.app.Flask.url_for event=line locals={}
2026-08-22 23:51:55.627 /testbed/src/flask/app.py:1220 flask.app.Flask.url_for event=line locals={'_anchor': "'_j3-2%20/%202182%20/%20zqde0%20/%20txfp'"}
2026-08-22 23:51:55.627 /testbed/src/flask/app.py:1222 flask.app.Flask.url_for event=line locals={'rv': "'/myapp/g3dvr7056/sv1-0xs6/7197/lggb-qxmyf-r-zvc8/h%25d-f?batch=83&signature=1b9a8&phase=29#_j3-2%20/%202182%20/%20zqde0%20/%20txfp'"}
2026-08-22 23:51:55.627 /testbed/src/flask/app.py:1222 flask.app.Flask.url_for event=return retval='/myapp/g3dvr7056/sv1-0xs6/7197/lggb-qxmyf-r-zvc8/h%25d-f?batch=83&signature=1b9a8&phase=29#_j3-2%20/%202182%20/%20zqde0%20/%20txfp' locals={'_anchor': "'_j3-2%20/%202182%20/%20zqde0%20/%20txfp'", '_external': 'False', '_method': "'GET'", '_scheme': 'None', 'blueprint_name': "'lx5vctr60lx'", 'ctx': "<AppContext 132672011232272 of testcase, GET 'https://api.example.test/myapp/g3dvr7056/h9iajtghvq1k'>", 'endpoint': "'lx5vctr60lx.mtdt3q6%ccwr6'", 'rv': "'/myapp/g3dvr7056/sv1-0xs6/7197/lggb-qxmyf-r-zvc8/h%25d-f?batch=83&signature=1b9a8&phase=29#_j3-2%20/%202182%20/%20zqde0%20/%20txfp'", 'self': "<Flask 'testcase'>", 'url_adapter': '<werkzeug.routing.map.MapAdapter object at 0x78aa1d2f8890>', 'values': "{'item_id': 7197, 'slug': 'lggb-qxmyf-r-zvc8', 'batch': 83, 'signature': '1b9a8', 'phase': 29}"}
2026-08-22 23:51:55.628 /testbed/src/flask/app.py:1102 flask.app.Flask.url_for event=call locals={'_anchor': "'737hma / 1208 / shrd5p / eeow'", '_external': 'False', '_method': 'None', '_scheme': 'None', 'endpoint': "'.mtdt3q6%ccwr6'", 'self': "<Flask 'testcase'>", 'values': "{'item_id': 7640, 'slug': '-oud-b_4qx-_pjn1w-_kmga6k', 'batch': 85}"}
2026-08-22 23:51:55.628 /testbed/src/flask/app.py:1159 flask.app.Flask.url_for event=line locals={}
2026-08-22 23:51:55.628 /testbed/src/flask/app.py:1160 flask.app.Flask.url_for event=line locals={'ctx': "<AppContext 132672011232272 of testcase, GET 'https://api.example.test/myapp/g3dvr7056/h9iajtghvq1k'>"}
2026-08-22 23:51:55.628 /testbed/src/flask/app.py:1161 flask.app.Flask.url_for event=line locals={'url_adapter': '<werkzeug.routing.map.MapAdapter object at 0x78aa1d2f8890>'}
2026-08-22 23:51:55.628 /testbed/src/flask/app.py:1165 flask.app.Flask.url_for event=line locals={'blueprint_name': "'lx5vctr60lx'"}
2026-08-22 23:51:55.628 /testbed/src/flask/app.py:1166 flask.app.Flask.url_for event=line locals={}
2026-08-22 23:51:55.628 /testbed/src/flask/app.py:1167 flask.app.Flask.url_for event=line locals={}
2026-08-22 23:51:55.628 /testbed/src/flask/app.py:1173 flask.app.Flask.url_for event=line locals={'endpoint': "'lx5vctr60lx.mtdt3q6%ccwr6'"}
2026-08-22 23:51:55.628 /testbed/src/flask/app.py:1199 flask.app.Flask.url_for event=line locals={}
2026-08-22 23:51:55.628 /testbed/src/flask/app.py:1202 flask.app.Flask.url_for event=line locals={}
2026-08-22 23:51:55.628 /testbed/src/flask/app.py:1204 flask.app.Flask.url_for event=line locals={'values': "{'item_id': 7640, 'slug': '-oud-b_4qx-_pjn1w-_kmga6k', 'batch': 85, 'signature': '2342f', 'phase': 33}"}
2026-08-22 23:51:55.628 /testbed/src/flask/app.py:1205 flask.app.Flask.url_for event=line locals={}
2026-08-22 23:51:55.628 /testbed/src/flask/app.py:1206 flask.app.Flask.url_for event=line locals={}
2026-08-22 23:51:55.628 /testbed/src/flask/app.py:1207 flask.app.Flask.url_for event=line locals={}
2026-08-22 23:51:55.628 /testbed/src/flask/app.py:1208 flask.app.Flask.url_for event=line locals={}
2026-08-22 23:51:55.628 /testbed/src/flask/app.py:1209 flask.app.Flask.url_for event=line locals={}
2026-08-22 23:51:55.628 /testbed/src/flask/app.py:1210 flask.app.Flask.url_for event=line locals={}
2026-08-22 23:51:55.628 /testbed/src/flask/app.py:1205 flask.app.Flask.url_for event=line locals={}
2026-08-22 23:51:55.629 /testbed/src/flask/app.py:1218 flask.app.Flask.url_for event=line locals={'rv': "'/myapp/g3dvr7056/sv1-0xs6/7640/-oud-b_4qx-_pjn1w-_kmga6k/h%25d-f?batch=85&signature=2342f&phase=33'"}
2026-08-22 23:51:55.629 /testbed/src/flask/app.py:1219 flask.app.Flask.url_for event=line locals={}
2026-08-22 23:51:55.629 /testbed/src/flask/app.py:1220 flask.app.Flask.url_for event=line locals={'_anchor': "'737hma%20/%201208%20/%20shrd5p%20/%20eeow'"}
2026-08-22 23:51:55.629 /testbed/src/flask/app.py:1222 flask.app.Flask.url_for event=line locals={'rv': "'/myapp/g3dvr7056/sv1-0xs6/7640/-oud-b_4qx-_pjn1w-_kmga6k/h%25d-f?batch=85&signature=2342f&phase=33#737hma%20/%201208%20/%20shrd5p%20/%20eeow'"}
2026-08-22 23:51:55.629 /testbed/src/flask/app.py:1222 flask.app.Flask.url_for event=return retval='/myapp/g3dvr7056/sv1-0xs6/7640/-oud-b_4qx-_pjn1w-_kmga6k/h%25d-f?batch=85&signature=2342f&phase=33#737hma%20/%201208%20/%20shrd5p%20/%20eeow' locals={'_anchor': "'737hma%20/%201208%20/%20shrd5p%20/%20eeow'", '_external': 'False', '_method': 'None', '_scheme': 'None', 'blueprint_name': "'lx5vctr60lx'", 'ctx': "<AppContext 132672011232272 of testcase, GET 'https://api.example.test/myapp/g3dvr7056/h9iajtghvq1k'>", 'endpoint': "'lx5vctr60lx.mtdt3q6%ccwr6'", 'rv': "'/myapp/g3dvr7056/sv1-0xs6/7640/-oud-b_4qx-_pjn1w-_kmga6k/h%25d-f?batch=85&signature=2342f&phase=33#737hma%20/%201208%20/%20shrd5p%20/%20eeow'", 'self': "<Flask 'testcase'>", 'url_adapter': '<werkzeug.routing.map.MapAdapter object at 0x78aa1d2f8890>', 'values': "{'item_id': 7640, 'slug': '-oud-b_4qx-_pjn1w-_kmga6k', 'batch': 85, 'signature': '2342f', 'phase': 33}"}
2026-08-22 23:51:55.630 /testbed/src/flask/app.py:1102 flask.app.Flask.url_for event=call locals={'_anchor': "'aysvibr / 2392 / 9_bv7v6 / 0b9j'", '_external': 'True', '_method': "'POST'", '_scheme': 'None', 'endpoint': "'.mtdt3q6%ccwr6'", 'self': "<Flask 'testcase'>", 'values': "{'item_id': 6069, 'slug': '4dq5yr-zcajb%d-i_2r%l2k-mpm0iugix-adm8k7ntxv', 'batch': 79}"}
2026-08-22 23:51:55.630 /testbed/src/flask/app.py:1159 flask.app.Flask.url_for event=line locals={}
2026-08-22 23:51:55.630 /testbed/src/flask/app.py:1160 flask.app.Flask.url_for event=line locals={'ctx': "<AppContext 132672011232272 of testcase, GET 'https://api.example.test/myapp/g3dvr7056/h9iajtghvq1k'>"}
2026-08-22 23:51:55.630 /testbed/src/flask/app.py:1161 flask.app.Flask.url_for event=line locals={'url_adapter': '<werkzeug.routing.map.MapAdapter object at 0x78aa1d2f8890>'}
2026-08-22 23:51:55.630 /testbed/src/flask/app.py:1165 flask.app.Flask.url_for event=line locals={'blueprint_name': "'lx5vctr60lx'"}
2026-08-22 23:51:55.630 /testbed/src/flask/app.py:1166 flask.app.Flask.url_for event=line locals={}
2026-08-22 23:51:55.630 /testbed/src/flask/app.py:1167 flask.app.Flask.url_for event=line locals={}
2026-08-22 23:51:55.630 /testbed/src/flask/app.py:1173 flask.app.Flask.url_for event=line locals={'endpoint': "'lx5vctr60lx.mtdt3q6%ccwr6'"}
2026-08-22 23:51:55.630 /testbed/src/flask/app.py:1199 flask.app.Flask.url_for event=line locals={}
2026-08-22 23:51:55.630 /testbed/src/flask/app.py:1202 flask.app.Flask.url_for event=line locals={}
2026-08-22 23:51:55.631 /testbed/src/flask/app.py:1204 flask.app.Flask.url_for event=line locals={'values': "{'item_id': 6069, 'slug': '4dq5yr-zcajb%d-i_2r%l2k-mpm0iugix-adm8k7ntxv', 'batch': 79, 'signature': '45a09', 'phase': 55}"}
2026-08-22 23:51:55.631 /testbed/src/flask/app.py:1205 flask.app.Flask.url_for event=line locals={}
2026-08-22 23:51:55.631 /testbed/src/flask/app.py:1206 flask.app.Flask.url_for event=line locals={}
2026-08-22 23:51:55.631 /testbed/src/flask/app.py:1207 flask.app.Flask.url_for event=line locals={}
2026-08-22 23:51:55.631 /testbed/src/flask/app.py:1208 flask.app.Flask.url_for event=line locals={}
2026-08-22 23:51:55.631 /testbed/src/flask/app.py:1209 flask.app.Flask.url_for event=line locals={}
2026-08-22 23:51:55.631 /testbed/src/flask/app.py:1210 flask.app.Flask.url_for event=line locals={}
2026-08-22 23:51:55.631 /testbed/src/flask/app.py:1205 flask.app.Flask.url_for event=line locals={}
2026-08-22 23:51:55.631 /testbed/src/flask/app.py:1218 flask.app.Flask.url_for event=line locals={'rv': "'https://api.example.test/myapp/g3dvr7056/sv1-0xs6/6069/4dq5yr-zcajb%25d-i_2r%25l2k-mpm0iugix-adm8k7ntxv/h%25d-f?batch=79&signature=45a09&phase=55'"}
2026-08-22 23:51:55.631 /testbed/src/flask/app.py:1219 flask.app.Flask.url_for event=line locals={}
2026-08-22 23:51:55.631 /testbed/src/flask/app.py:1220 flask.app.Flask.url_for event=line locals={'_anchor': "'aysvibr%20/%202392%20/%209_bv7v6%20/%200b9j'"}
2026-08-22 23:51:55.631 /testbed/src/flask/app.py:1222 flask.app.Flask.url_for event=line locals={'rv': "'https://api.example.test/myapp/g3dvr7056/sv1-0xs6/6069/4dq5yr-zcajb%25d-i_2r%25l2k-mpm0iugix-adm8k7ntxv/h%25d-f?batch=79&signature=45a09&phase=55#aysvibr%20/%202392%20/%209_bv7v6%20/%200b9j'"}
2026-08-22 23:51:55.631 /testbed/src/flask/app.py:1222 flask.app.Flask.url_for event=return retval='https://api.example.test/myapp/g3dvr7056/sv1-0xs6/6069/4dq5yr-zcajb%25d-i_2r%25l2k-mpm0iugix-adm8k7ntxv/h%25d-f?batch=79&signature=45a09&phase=55#aysvibr%20/%202392%20/%209_bv7v6%20/%200b9j' locals={'_anchor': "'aysvibr%20/%202392%20/%209_bv7v6%20/%200b9j'", '_external': 'True', '_method': "'POST'", '_scheme': 'None', 'blueprint_name': "'lx5vctr60lx'", 'ctx': "<AppContext 132672011232272 of testcase, GET 'https://api.example.test/myapp/g3dvr7056/h9iajtghvq1k'>", 'endpoint': "'lx5vctr60lx.mtdt3q6%ccwr6'", 'rv': "'https://api.example.test/myapp/g3dvr7056/sv1-0xs6/6069/4dq5yr-zcajb%25d-i_2r%25l2k-mpm0iugix-adm8k7ntxv/h%25d-f?batch=79&signature=45a09&phase=55#aysvibr%20/%202392%20/%209_bv7v6%20/%200b9j'", 'self': "<Flask 'testcase'>", 'url_adapter': '<werkzeug.routing.map.MapAdapter object at 0x78aa1d2f8890>', 'values': "{'item_id': 6069, 'slug': '4dq5yr-zcajb%d-i_2r%l2k-mpm0iugix-adm8k7ntxv', 'batch': 79, 'signature': '45a09', 'phase': 55}"}
2026-08-22 23:51:55.633 /testbed/src/flask/app.py:1102 flask.app.Flask.url_for event=call locals={'_anchor': "'ywxx03_x / 1560 / j1z2vea7 / -pyf'", '_external': 'None', '_method': "'GET'", '_scheme': 'None', 'endpoint': "'.mtdt3q6%ccwr6'", 'self': "<Flask 'testcase'>", 'values': "{'item_id': 8271, 'slug': '1rb3n-ay%cbv-s377h8t-hsjjh9ej-12c_z4s4s-y-7bn774wz', 'batch': 32}"}
2026-08-22 23:51:55.633 /testbed/src/flask/app.py:1159 flask.app.Flask.url_for event=line locals={}
2026-08-22 23:51:55.633 /testbed/src/flask/app.py:1160 flask.app.Flask.url_for event=line locals={'ctx': "<AppContext 132672011232272 of testcase, GET 'https://api.example.test/myapp/g3dvr7056/h9iajtghvq1k'>"}
2026-08-22 23:51:55.633 /testbed/src/flask/app.py:1161 flask.app.Flask.url_for event=line locals={'url_adapter': '<werkzeug.routing.map.MapAdapter object at 0x78aa1d2f8890>'}
2026-08-22 23:51:55.633 /testbed/src/flask/app.py:1165 flask.app.Flask.url_for event=line locals={'blueprint_name': "'lx5vctr60lx'"}
2026-08-22 23:51:55.633 /testbed/src/flask/app.py:1166 flask.app.Flask.url_for event=line locals={}
2026-08-22 23:51:55.633 /testbed/src/flask/app.py:1167 flask.app.Flask.url_for event=line locals={}
2026-08-22 23:51:55.633 /testbed/src/flask/app.py:1173 flask.app.Flask.url_for event=line locals={'endpoint': "'lx5vctr60lx.mtdt3q6%ccwr6'"}
2026-08-22 23:51:55.633 /testbed/src/flask/app.py:1174 flask.app.Flask.url_for event=line locals={}
2026-08-22 23:51:55.633 /testbed/src/flask/app.py:1199 flask.app.Flask.url_for event=line locals={'_external': 'False'}
2026-08-22 23:51:55.633 /testbed/src/flask/app.py:1202 flask.app.Flask.url_for event=line locals={}
2026-08-22 23:51:55.634 /testbed/src/flask/app.py:1204 flask.app.Flask.url_for event=line locals={'values': "{'item_id': 8271, 'slug': '1rb3n-ay%cbv-s377h8t-hsjjh9ej-12c_z4s4s-y-7bn774wz', 'batch': 32, 'signature': '4152b', 'phase': 61}"}
2026-08-22 23:51:55.634 /testbed/src/flask/app.py:1205 flask.app.Flask.url_for event=line locals={}
2026-08-22 23:51:55.634 /testbed/src/flask/app.py:1206 flask.app.Flask.url_for event=line locals={}
2026-08-22 23:51:55.634 /testbed/src/flask/app.py:1207 flask.app.Flask.url_for event=line locals={}
2026-08-22 23:51:55.634 /testbed/src/flask/app.py:1208 flask.app.Flask.url_for event=line locals={}
2026-08-22 23:51:55.634 /testbed/src/flask/app.py:1209 flask.app.Flask.url_for event=line locals={}
2026-08-22 23:51:55.634 /testbed/src/flask/app.py:1210 flask.app.Flask.url_for event=line locals={}
2026-08-22 23:51:55.634 /testbed/src/flask/app.py:1205 flask.app.Flask.url_for event=line locals={}
2026-08-22 23:51:55.634 /testbed/src/flask/app.py:1218 flask.app.Flask.url_for event=line locals={'rv': "'/myapp/g3dvr7056/sv1-0xs6/8271/1rb3n-ay%25cbv-s377h8t-hsjjh9ej-12c_z4s4s-y-7bn774wz/h%25d-f?batch=32&signature=4152b&phase=61'"}
2026-08-22 23:51:55.634 /testbed/src/flask/app.py:1219 flask.app.Flask.url_for event=line locals={}
2026-08-22 23:51:55.634 /testbed/src/flask/app.py:1220 flask.app.Flask.url_for event=line locals={'_anchor': "'ywxx03_x%20/%201560%20/%20j1z2vea7%20/%20-pyf'"}
2026-08-22 23:51:55.634 /testbed/src/flask/app.py:1222 flask.app.Flask.url_for event=line locals={'rv': "'/myapp/g3dvr7056/sv1-0xs6/8271/1rb3n-ay%25cbv-s377h8t-hsjjh9ej-12c_z4s4s-y-7bn774wz/h%25d-f?batch=32&signature=4152b&phase=61#ywxx03_x%20/%201560%20/%20j1z2vea7%20/%20-pyf'"}
2026-08-22 23:51:55.634 /testbed/src/flask/app.py:1222 flask.app.Flask.url_for event=return retval='/myapp/g3dvr7056/sv1-0xs6/8271/1rb3n-ay%25cbv-s377h8t-hsjjh9ej-12c_z4s4s-y-7bn774wz/h%25d-f?batch=32&signature=4152b&phase=61#ywxx03_x%20/%201560%20/%20j1z2vea7%20/%20-pyf' locals={'_anchor': "'ywxx03_x%20/%201560%20/%20j1z2vea7%20/%20-pyf'", '_external': 'False', '_method': "'GET'", '_scheme': 'None', 'blueprint_name': "'lx5vctr60lx'", 'ctx': "<AppContext 132672011232272 of testcase, GET 'https://api.example.test/myapp/g3dvr7056/h9iajtghvq1k'>", 'endpoint': "'lx5vctr60lx.mtdt3q6%ccwr6'", 'rv': "'/myapp/g3dvr7056/sv1-0xs6/8271/1rb3n-ay%25cbv-s377h8t-hsjjh9ej-12c_z4s4s-y-7bn774wz/h%25d-f?batch=32&signature=4152b&phase=61#ywxx03_x%20/%201560%20/%20j1z2vea7%20/%20-pyf'", 'self': "<Flask 'testcase'>", 'url_adapter': '<werkzeug.routing.map.MapAdapter object at 0x78aa1d2f8890>', 'values': "{'item_id': 8271, 'slug': '1rb3n-ay%cbv-s377h8t-hsjjh9ej-12c_z4s4s-y-7bn774wz', 'batch': 32, 'signature': '4152b', 'phase': 61}"}
2026-08-22 23:51:55.636 /testbed/src/flask/app.py:1102 flask.app.Flask.url_for event=call locals={'_anchor': "'v44z / 2063 / wkg9r / %p83'", '_external': 'False', '_method': 'None', '_scheme': 'None', 'endpoint': "'.mtdt3q6%ccwr6'", 'self': "<Flask 'testcase'>", 'values': "{'item_id': 2271, 'slug': 'zbgf4dtpf3-a0--6uca-2pgsz-t1ey_h-0uqb5yj-8ikw7q6j', 'batch': 32}"}
2026-08-22 23:51:55.636 /testbed/src/flask/app.py:1159 flask.app.Flask.url_for event=line locals={}
2026-08-22 23:51:55.636 /testbed/src/flask/app.py:1160 flask.app.Flask.url_for event=line locals={'ctx': "<AppContext 132672011232272 of testcase, GET 'https://api.example.test/myapp/g3dvr7056/h9iajtghvq1k'>"}
2026-08-22 23:51:55.636 /testbed/src/flask/app.py:1161 flask.app.Flask.url_for event=line locals={'url_adapter': '<werkzeug.routing.map.MapAdapter object at 0x78aa1d2f8890>'}
2026-08-22 23:51:55.636 /testbed/src/flask/app.py:1165 flask.app.Flask.url_for event=line locals={'blueprint_name': "'lx5vctr60lx'"}
2026-08-22 23:51:55.636 /testbed/src/flask/app.py:1166 flask.app.Flask.url_for event=line locals={}
2026-08-22 23:51:55.636 /testbed/src/flask/app.py:1167 flask.app.Flask.url_for event=line locals={}
2026-08-22 23:51:55.636 /testbed/src/flask/app.py:1173 flask.app.Flask.url_for event=line locals={'endpoint': "'lx5vctr60lx.mtdt3q6%ccwr6'"}
2026-08-22 23:51:55.636 /testbed/src/flask/app.py:1199 flask.app.Flask.url_for event=line locals={}
2026-08-22 23:51:55.636 /testbed/src/flask/app.py:1202 flask.app.Flask.url_for event=line locals={}
2026-08-22 23:51:55.636 /testbed/src/flask/app.py:1204 flask.app.Flask.url_for event=line locals={'values': "{'item_id': 2271, 'slug': 'zbgf4dtpf3-a0--6uca-2pgsz-t1ey_h-0uqb5yj-8ikw7q6j', 'batch': 32, 'signature': '4008a', 'phase': 50}"}
2026-08-22 23:51:55.636 /testbed/src/flask/app.py:1205 flask.app.Flask.url_for event=line locals={}
2026-08-22 23:51:55.636 /testbed/src/flask/app.py:1206 flask.app.Flask.url_for event=line locals={}
2026-08-22 23:51:55.636 /testbed/src/flask/app.py:1207 flask.app.Flask.url_for event=line locals={}
2026-08-22 23:51:55.636 /testbed/src/flask/app.py:1208 flask.app.Flask.url_for event=line locals={}
2026-08-22 23:51:55.636 /testbed/src/flask/app.py:1209 flask.app.Flask.url_for event=line locals={}
2026-08-22 23:51:55.636 /testbed/src/flask/app.py:1210 flask.app.Flask.url_for event=line locals={}
2026-08-22 23:51:55.636 /testbed/src/flask/app.py:1205 flask.app.Flask.url_for event=line locals={}
2026-08-22 23:51:55.637 /testbed/src/flask/app.py:1218 flask.app.Flask.url_for event=line locals={'rv': "'/myapp/g3dvr7056/sv1-0xs6/2271/zbgf4dtpf3-a0--6uca-2pgsz-t1ey_h-0uqb5yj-8ikw7q6j/h%25d-f?batch=32&signature=4008a&phase=50'"}
2026-08-22 23:51:55.637 /testbed/src/flask/app.py:1219 flask.app.Flask.url_for event=line locals={}
2026-08-22 23:51:55.637 /testbed/src/flask/app.py:1220 flask.app.Flask.url_for event=line locals={'_anchor': "'v44z%20/%202063%20/%20wkg9r%20/%20%p83'"}
2026-08-22 23:51:55.637 /testbed/src/flask/app.py:1222 flask.app.Flask.url_for event=line locals={'rv': "'/myapp/g3dvr7056/sv1-0xs6/2271/zbgf4dtpf3-a0--6uca-2pgsz-t1ey_h-0uqb5yj-8ikw7q6j/h%25d-f?batch=32&signature=4008a&phase=50#v44z%20/%202063%20/%20wkg9r%20/%20%p83'"}
2026-08-22 23:51:55.637 /testbed/src/flask/app.py:1222 flask.app.Flask.url_for event=return retval='/myapp/g3dvr7056/sv1-0xs6/2271/zbgf4dtpf3-a0--6uca-2pgsz-t1ey_h-0uqb5yj-8ikw7q6j/h%25d-f?batch=32&signature=4008a&phase=50#v44z%20/%202063%20/%20wkg9r%20/%20%p83' locals={'_anchor': "'v44z%20/%202063%20/%20wkg9r%20/%20%p83'", '_external': 'False', '_method': 'None', '_scheme': 'None', 'blueprint_name': "'lx5vctr60lx'", 'ctx': "<AppContext 132672011232272 of testcase, GET 'https://api.example.test/myapp/g3dvr7056/h9iajtghvq1k'>", 'endpoint': "'lx5vctr60lx.mtdt3q6%ccwr6'", 'rv': "'/myapp/g3dvr7056/sv1-0xs6/2271/zbgf4dtpf3-a0--6uca-2pgsz-t1ey_h-0uqb5yj-8ikw7q6j/h%25d-f?batch=32&signature=4008a&phase=50#v44z%20/%202063%20/%20wkg9r%20/%20%p83'", 'self': "<Flask 'testcase'>", 'url_adapter': '<werkzeug.routing.map.MapAdapter object at 0x78aa1d2f8890>', 'values': "{'item_id': 2271, 'slug': 'zbgf4dtpf3-a0--6uca-2pgsz-t1ey_h-0uqb5yj-8ikw7q6j', 'batch': 32, 'signature': '4008a', 'phase': 50}"}
2026-08-22 23:51:55.638 /testbed/src/flask/app.py:1102 flask.app.Flask.url_for event=call locals={'_anchor': "'u0mzw / 2905 / alszjm / qb0n'", '_external': 'False', '_method': "'GET'", '_scheme': 'None', 'endpoint': "'.mtdt3q6%ccwr6'", 'self': "<Flask 'testcase'>", 'values': "{'item_id': 4136, 'slug': '8zm3crr0-0zf52%w5--0x5m7_p59p-u4x-3m5_-s%lyz-tyzel5-hcb6wuy', 'batch': 82}"}
2026-08-22 23:51:55.638 /testbed/src/flask/app.py:1159 flask.app.Flask.url_for event=line locals={}
2026-08-22 23:51:55.638 /testbed/src/flask/app.py:1160 flask.app.Flask.url_for event=line locals={'ctx': "<AppContext 132672011232272 of testcase, GET 'https://api.example.test/myapp/g3dvr7056/h9iajtghvq1k'>"}
2026-08-22 23:51:55.638 /testbed/src/flask/app.py:1161 flask.app.Flask.url_for event=line locals={'url_adapter': '<werkzeug.routing.map.MapAdapter object at 0x78aa1d2f8890>'}
2026-08-22 23:51:55.638 /testbed/src/flask/app.py:1165 flask.app.Flask.url_for event=line locals={'blueprint_name': "'lx5vctr60lx'"}
2026-08-22 23:51:55.638 /testbed/src/flask/app.py:1166 flask.app.Flask.url_for event=line locals={}
2026-08-22 23:51:55.639 /testbed/src/flask/app.py:1167 flask.app.Flask.url_for event=line locals={}
2026-08-22 23:51:55.639 /testbed/src/flask/app.py:1173 flask.app.Flask.url_for event=line locals={'endpoint': "'lx5vctr60lx.mtdt3q6%ccwr6'"}
2026-08-22 23:51:55.639 /testbed/src/flask/app.py:1199 flask.app.Flask.url_for event=line locals={}
2026-08-22 23:51:55.639 /testbed/src/flask/app.py:1202 flask.app.Flask.url_for event=line locals={}
2026-08-22 23:51:55.639 /testbed/src/flask/app.py:1204 flask.app.Flask.url_for event=line locals={'values': "{'item_id': 4136, 'slug': '8zm3crr0-0zf52%w5--0x5m7_p59p-u4x-3m5_-s%lyz-tyzel5-hcb6wuy', 'batch': 82, 'signature': '5f287', 'phase': 64}"}
2026-08-22 23:51:55.639 /testbed/src/flask/app.py:1205 flask.app.Flask.url_for event=line locals={}
2026-08-22 23:51:55.639 /testbed/src/flask/app.py:1206 flask.app.Flask.url_for event=line locals={}
2026-08-22 23:51:55.639 /testbed/src/flask/app.py:1207 flask.app.Flask.url_for event=line locals={}
2026-08-22 23:51:55.639 /testbed/src/flask/app.py:1208 flask.app.Flask.url_for event=line locals={}
2026-08-22 23:51:55.639 /testbed/src/flask/app.py:1209 flask.app.Flask.url_for event=line locals={}
2026-08-22 23:51:55.639 /testbed/src/flask/app.py:1210 flask.app.Flask.url_for event=line locals={}
2026-08-22 23:51:55.639 /testbed/src/flask/app.py:1205 flask.app.Flask.url_for event=line locals={}
2026-08-22 23:51:55.640 /testbed/src/flask/app.py:1218 flask.app.Flask.url_for event=line locals={'rv': "'/myapp/g3dvr7056/sv1-0xs6/4136/8zm3crr0-0zf52%25w5--0x5m7_p59p-u4x-3m5_-s%25lyz-tyzel5-hcb6wuy/h%25d-f?batch=82&signature=5f287&phase=64'"}
2026-08-22 23:51:55.640 /testbed/src/flask/app.py:1219 flask.app.Flask.url_for event=line locals={}
2026-08-22 23:51:55.640 /testbed/src/flask/app.py:1220 flask.app.Flask.url_for event=line locals={'_anchor': "'u0mzw%20/%202905%20/%20alszjm%20/%20qb0n'"}
2026-08-22 23:51:55.640 /testbed/src/flask/app.py:1222 flask.app.Flask.url_for event=line locals={'rv': "'/myapp/g3dvr7056/sv1-0xs6/4136/8zm3crr0-0zf52%25w5--0x5m7_p59p-u4x-3m5_-s%25lyz-tyzel5-hcb6wuy/h%25d-f?batch=82&signature=5f287&phase=64#u0mzw%20/%202905%20/%20alszjm%20/%20qb0n'"}
2026-08-22 23:51:55.640 /testbed/src/flask/app.py:1222 flask.app.Flask.url_for event=return retval='/myapp/g3dvr7056/sv1-0xs6/4136/8zm3crr0-0zf52%25w5--0x5m7_p59p-u4x-3m5_-s%25lyz-tyzel5-hcb6wuy/h%25d-f?batch=82&signature=5f287&phase=64#u0mzw%20/%202905%20/%20alszjm%20/%20qb0n' locals={'_anchor': "'u0mzw%20/%202905%20/%20alszjm%20/%20qb0n'", '_external': 'False', '_method': "'GET'", '_scheme': 'None', 'blueprint_name': "'lx5vctr60lx'", 'ctx': "<AppContext 132672011232272 of testcase, GET 'https://api.example.test/myapp/g3dvr7056/h9iajtghvq1k'>", 'endpoint': "'lx5vctr60lx.mtdt3q6%ccwr6'", 'rv': "'/myapp/g3dvr7056/sv1-0xs6/4136/8zm3crr0-0zf52%25w5--0x5m7_p59p-u4x-3m5_-s%25lyz-tyzel5-hcb6wuy/h%25d-f?batch=82&signature=5f287&phase=64#u0mzw%20/%202905%20/%20alszjm%20/%20qb0n'", 'self': "<Flask 'testcase'>", 'url_adapter': '<werkzeug.routing.map.MapAdapter object at 0x78aa1d2f8890>', 'values': "{'item_id': 4136, 'slug': '8zm3crr0-0zf52%w5--0x5m7_p59p-u4x-3m5_-s%lyz-tyzel5-hcb6wuy', 'batch': 82, 'signature': '5f287', 'phase': 64}"}
2026-08-22 23:51:55.640 /testbed/src/flask/app.py:1102 flask.app.Flask.url_for event=call locals={'_anchor': "'yml_%e / 1897 / sy2kujb / bq5-'", '_external': 'False', '_method': "'GET'", '_scheme': 'None', 'endpoint': "'.mtdt3q6%ccwr6'", 'self': "<Flask 'testcase'>", 'values': "{'item_id': 3893, 'slug': 'ep7tb5sxly-xw%', 'batch': 29}"}
2026-08-22 23:51:55.640 /testbed/src/flask/app.py:1159 flask.app.Flask.url_for event=line locals={}
2026-08-22 23:51:55.640 /testbed/src/flask/app.py:1160 flask.app.Flask.url_for event=line locals={'ctx': "<AppContext 132672011232272 of testcase, GET 'https://api.example.test/myapp/g3dvr7056/h9iajtghvq1k'>"}
2026-08-22 23:51:55.640 /testbed/src/flask/app.py:1161 flask.app.Flask.url_for event=line locals={'url_adapter': '<werkzeug.routing.map.MapAdapter object at 0x78aa1d2f8890>'}
2026-08-22 23:51:55.640 /testbed/src/flask/app.py:1165 flask.app.Flask.url_for event=line locals={'blueprint_name': "'lx5vctr60lx'"}
2026-08-22 23:51:55.640 /testbed/src/flask/app.py:1166 flask.app.Flask.url_for event=line locals={}
2026-08-22 23:51:55.640 /testbed/src/flask/app.py:1167 flask.app.Flask.url_for event=line locals={}
2026-08-22 23:51:55.640 /testbed/src/flask/app.py:1173 flask.app.Flask.url_for event=line locals={'endpoint': "'lx5vctr60lx.mtdt3q6%ccwr6'"}
2026-08-22 23:51:55.640 /testbed/src/flask/app.py:1199 flask.app.Flask.url_for event=line locals={}
2026-08-22 23:51:55.641 /testbed/src/flask/app.py:1202 flask.app.Flask.url_for event=line locals={}
2026-08-22 23:51:55.641 /testbed/src/flask/app.py:1204 flask.app.Flask.url_for event=line locals={'values': "{'item_id': 3893, 'slug': 'ep7tb5sxly-xw%', 'batch': 29, 'signature': '1f125', 'phase': 23}"}
2026-08-22 23:51:55.641 /testbed/src/flask/app.py:1205 flask.app.Flask.url_for event=line locals={}
2026-08-22 23:51:55.641 /testbed/src/flask/app.py:1206 flask.app.Flask.url_for event=line locals={}
2026-08-22 23:51:55.641 /testbed/src/flask/app.py:1207 flask.app.Flask.url_for event=line locals={}
2026-08-22 23:51:55.641 /testbed/src/flask/app.py:1208 flask.app.Flask.url_for event=line locals={}
2026-08-22 23:51:55.641 /testbed/src/flask/app.py:1209 flask.app.Flask.url_for event=line locals={}
2026-08-22 23:51:55.641 /testbed/src/flask/app.py:1210 flask.app.Flask.url_for event=line locals={}
2026-08-22 23:51:55.641 /testbed/src/flask/app.py:1205 flask.app.Flask.url_for event=line locals={}
2026-08-22 23:51:55.641 /testbed/src/flask/app.py:1218 flask.app.Flask.url_for event=line locals={'rv': "'/myapp/g3dvr7056/sv1-0xs6/3893/ep7tb5sxly-xw%25/h%25d-f?batch=29&signature=1f125&phase=23'"}
2026-08-22 23:51:55.641 /testbed/src/flask/app.py:1219 flask.app.Flask.url_for event=line locals={}
2026-08-22 23:51:55.641 /testbed/src/flask/app.py:1220 flask.app.Flask.url_for event=line locals={'_anchor': "'yml_%e%20/%201897%20/%20sy2kujb%20/%20bq5-'"}
2026-08-22 23:51:55.641 /testbed/src/flask/app.py:1222 flask.app.Flask.url_for event=line locals={'rv': "'/myapp/g3dvr7056/sv1-0xs6/3893/ep7tb5sxly-xw%25/h%25d-f?batch=29&signature=1f125&phase=23#yml_%e%20/%201897%20/%20sy2kujb%20/%20bq5-'"}
2026-08-22 23:51:55.641 /testbed/src/flask/app.py:1222 flask.app.Flask.url_for event=return retval='/myapp/g3dvr7056/sv1-0xs6/3893/ep7tb5sxly-xw%25/h%25d-f?batch=29&signature=1f125&phase=23#yml_%e%20/%201897%20/%20sy2kujb%20/%20bq5-' locals={'_anchor': "'yml_%e%20/%201897%20/%20sy2kujb%20/%20bq5-'", '_external': 'False', '_method': "'GET'", '_scheme': 'None', 'blueprint_name': "'lx5vctr60lx'", 'ctx': "<AppContext 132672011232272 of testcase, GET 'https://api.example.test/myapp/g3dvr7056/h9iajtghvq1k'>", 'endpoint': "'lx5vctr60lx.mtdt3q6%ccwr6'", 'rv': "'/myapp/g3dvr7056/sv1-0xs6/3893/ep7tb5sxly-xw%25/h%25d-f?batch=29&signature=1f125&phase=23#yml_%e%20/%201897%20/%20sy2kujb%20/%20bq5-'", 'self': "<Flask 'testcase'>", 'url_adapter': '<werkzeug.routing.map.MapAdapter object at 0x78aa1d2f8890>', 'values': "{'item_id': 3893, 'slug': 'ep7tb5sxly-xw%', 'batch': 29, 'signature': '1f125', 'phase': 23}"}
2026-08-22 23:51:55.642 /testbed/src/flask/app.py:1102 flask.app.Flask.url_for event=call locals={'_anchor': "'q-j_5j7 / 385 / cjfgqm8l / kw-s'", '_external': 'True', '_method': "'PUT'", '_scheme': 'None', 'endpoint': "'.mtdt3q6%ccwr6'", 'self': "<Flask 'testcase'>", 'values': "{'item_id': 3189, 'slug': 'k8ku4kx-kxc_ibk8-jes_68y__', 'batch': 87}"}
2026-08-22 23:51:55.642 /testbed/src/flask/app.py:1159 flask.app.Flask.url_for event=line locals={}
2026-08-22 23:51:55.642 /testbed/src/flask/app.py:1160 flask.app.Flask.url_for event=line locals={'ctx': "<AppContext 132672011232272 of testcase, GET 'https://api.example.test/myapp/g3dvr7056/h9iajtghvq1k'>"}
2026-08-22 23:51:55.642 /testbed/src/flask/app.py:1161 flask.app.Flask.url_for event=line locals={'url_adapter': '<werkzeug.routing.map.MapAdapter object at 0x78aa1d2f8890>'}
2026-08-22 23:51:55.642 /testbed/src/flask/app.py:1165 flask.app.Flask.url_for event=line locals={'blueprint_name': "'lx5vctr60lx'"}
2026-08-22 23:51:55.642 /testbed/src/flask/app.py:1166 flask.app.Flask.url_for event=line locals={}
2026-08-22 23:51:55.643 /testbed/src/flask/app.py:1167 flask.app.Flask.url_for event=line locals={}
2026-08-22 23:51:55.643 /testbed/src/flask/app.py:1173 flask.app.Flask.url_for event=line locals={'endpoint': "'lx5vctr60lx.mtdt3q6%ccwr6'"}
2026-08-22 23:51:55.643 /testbed/src/flask/app.py:1199 flask.app.Flask.url_for event=line locals={}
2026-08-22 23:51:55.643 /testbed/src/flask/app.py:1202 flask.app.Flask.url_for event=line locals={}
2026-08-22 23:51:55.643 /testbed/src/flask/app.py:1204 flask.app.Flask.url_for event=line locals={'values': "{'item_id': 3189, 'slug': 'k8ku4kx-kxc_ibk8-jes_68y__', 'batch': 87, 'signature': '21210', 'phase': 33}"}
2026-08-22 23:51:55.643 /testbed/src/flask/app.py:1205 flask.app.Flask.url_for event=line locals={}
2026-08-22 23:51:55.643 /testbed/src/flask/app.py:1206 flask.app.Flask.url_for event=line locals={}
2026-08-22 23:51:55.643 /testbed/src/flask/app.py:1207 flask.app.Flask.url_for event=line locals={}
2026-08-22 23:51:55.643 /testbed/src/flask/app.py:1208 flask.app.Flask.url_for event=line locals={}
2026-08-22 23:51:55.643 /testbed/src/flask/app.py:1209 flask.app.Flask.url_for event=line locals={}
2026-08-22 23:51:55.643 /testbed/src/flask/app.py:1210 flask.app.Flask.url_for event=line locals={}
2026-08-22 23:51:55.643 /testbed/src/flask/app.py:1205 flask.app.Flask.url_for event=line locals={}
2026-08-22 23:51:55.643 /testbed/src/flask/app.py:1218 flask.app.Flask.url_for event=line locals={'rv': "'https://api.example.test/myapp/g3dvr7056/sv1-0xs6/3189/k8ku4kx-kxc_ibk8-jes_68y__/h%25d-f?batch=87&signature=21210&phase=33'"}
2026-08-22 23:51:55.643 /testbed/src/flask/app.py:1219 flask.app.Flask.url_for event=line locals={}
2026-08-22 23:51:55.643 /testbed/src/flask/app.py:1220 flask.app.Flask.url_for event=line locals={'_anchor': "'q-j_5j7%20/%20385%20/%20cjfgqm8l%20/%20kw-s'"}
2026-08-22 23:51:55.643 /testbed/src/flask/app.py:1222 flask.app.Flask.url_for event=line locals={'rv': "'https://api.example.test/myapp/g3dvr7056/sv1-0xs6/3189/k8ku4kx-kxc_ibk8-jes_68y__/h%25d-f?batch=87&signature=21210&phase=33#q-j_5j7%20/%20385%20/%20cjfgqm8l%20/%20kw-s'"}
2026-08-22 23:51:55.643 /testbed/src/flask/app.py:1222 flask.app.Flask.url_for event=return retval='https://api.example.test/myapp/g3dvr7056/sv1-0xs6/3189/k8ku4kx-kxc_ibk8-jes_68y__/h%25d-f?batch=87&signature=21210&phase=33#q-j_5j7%20/%20385%20/%20cjfgqm8l%20/%20kw-s' locals={'_anchor': "'q-j_5j7%20/%20385%20/%20cjfgqm8l%20/%20kw-s'", '_external': 'True', '_method': "'PUT'", '_scheme': 'None', 'blueprint_name': "'lx5vctr60lx'", 'ctx': "<AppContext 132672011232272 of testcase, GET 'https://api.example.test/myapp/g3dvr7056/h9iajtghvq1k'>", 'endpoint': "'lx5vctr60lx.mtdt3q6%ccwr6'", 'rv': "'https://api.example.test/myapp/g3dvr7056/sv1-0xs6/3189/k8ku4kx-kxc_ibk8-jes_68y__/h%25d-f?batch=87&signature=21210&phase=33#q-j_5j7%20/%20385%20/%20cjfgqm8l%20/%20kw-s'", 'self': "<Flask 'testcase'>", 'url_adapter': '<werkzeug.routing.map.MapAdapter object at 0x78aa1d2f8890>', 'values': "{'item_id': 3189, 'slug': 'k8ku4kx-kxc_ibk8-jes_68y__', 'batch': 87, 'signature': '21210', 'phase': 33}"}
2026-08-22 23:51:55.645 /testbed/src/flask/app.py:1102 flask.app.Flask.url_for event=call locals={'_anchor': "'sycfw6ek / 810 / c6v8h / d2iq'", '_external': 'True', '_method': "'POST'", '_scheme': 'None', 'endpoint': "'.mtdt3q6%ccwr6'", 'self': "<Flask 'testcase'>", 'values': "{'item_id': 2662, 'slug': 'q9rx3-na043b-a%8-edb-6mfs%ovs', 'batch': 60}"}
2026-08-22 23:51:55.645 /testbed/src/flask/app.py:1159 flask.app.Flask.url_for event=line locals={}
2026-08-22 23:51:55.645 /testbed/src/flask/app.py:1160 flask.app.Flask.url_for event=line locals={'ctx': "<AppContext 132672011232272 of testcase, GET 'https://api.example.test/myapp/g3dvr7056/h9iajtghvq1k'>"}
2026-08-22 23:51:55.645 /testbed/src/flask/app.py:1161 flask.app.Flask.url_for event=line locals={'url_adapter': '<werkzeug.routing.map.MapAdapter object at 0x78aa1d2f8890>'}
2026-08-22 23:51:55.645 /testbed/src/flask/app.py:1165 flask.app.Flask.url_for event=line locals={'blueprint_name': "'lx5vctr60lx'"}
2026-08-22 23:51:55.645 /testbed/src/flask/app.py:1166 flask.app.Flask.url_for event=line locals={}
2026-08-22 23:51:55.645 /testbed/src/flask/app.py:1167 flask.app.Flask.url_for event=line locals={}
2026-08-22 23:51:55.645 /testbed/src/flask/app.py:1173 flask.app.Flask.url_for event=line locals={'endpoint': "'lx5vctr60lx.mtdt3q6%ccwr6'"}
2026-08-22 23:51:55.645 /testbed/src/flask/app.py:1199 flask.app.Flask.url_for event=line locals={}
2026-08-22 23:51:55.645 /testbed/src/flask/app.py:1202 flask.app.Flask.url_for event=line locals={}
2026-08-22 23:51:55.645 /testbed/src/flask/app.py:1204 flask.app.Flask.url_for event=line locals={'values': "{'item_id': 2662, 'slug': 'q9rx3-na043b-a%8-edb-6mfs%ovs', 'batch': 60, 'signature': '20f5e', 'phase': 33}"}
2026-08-22 23:51:55.645 /testbed/src/flask/app.py:1205 flask.app.Flask.url_for event=line locals={}
2026-08-22 23:51:55.645 /testbed/src/flask/app.py:1206 flask.app.Flask.url_for event=line locals={}
2026-08-22 23:51:55.645 /testbed/src/flask/app.py:1207 flask.app.Flask.url_for event=line locals={}
2026-08-22 23:51:55.645 /testbed/src/flask/app.py:1208 flask.app.Flask.url_for event=line locals={}
2026-08-22 23:51:55.645 /testbed/src/flask/app.py:1209 flask.app.Flask.url_for event=line locals={}
2026-08-22 23:51:55.645 /testbed/src/flask/app.py:1210 flask.app.Flask.url_for event=line locals={}
2026-08-22 23:51:55.645 /testbed/src/flask/app.py:1205 flask.app.Flask.url_for event=line locals={}
2026-08-22 23:51:55.645 /testbed/src/flask/app.py:1218 flask.app.Flask.url_for event=line locals={'rv': "'https://api.example.test/myapp/g3dvr7056/sv1-0xs6/2662/q9rx3-na043b-a%258-edb-6mfs%25ovs/h%25d-f?batch=60&signature=20f5e&phase=33'"}
2026-08-22 23:51:55.646 /testbed/src/flask/app.py:1219 flask.app.Flask.url_for event=line locals={}
2026-08-22 23:51:55.646 /testbed/src/flask/app.py:1220 flask.app.Flask.url_for event=line locals={'_anchor': "'sycfw6ek%20/%20810%20/%20c6v8h%20/%20d2iq'"}
2026-08-22 23:51:55.646 /testbed/src/flask/app.py:1222 flask.app.Flask.url_for event=line locals={'rv': "'https://api.example.test/myapp/g3dvr7056/sv1-0xs6/2662/q9rx3-na043b-a%258-edb-6mfs%25ovs/h%25d-f?batch=60&signature=20f5e&phase=33#sycfw6ek%20/%20810%20/%20c6v8h%20/%20d2iq'"}
2026-08-22 23:51:55.646 /testbed/src/flask/app.py:1222 flask.app.Flask.url_for event=return retval='https://api.example.test/myapp/g3dvr7056/sv1-0xs6/2662/q9rx3-na043b-a%258-edb-6mfs%25ovs/h%25d-f?batch=60&signature=20f5e&phase=33#sycfw6ek%20/%20810%20/%20c6v8h%20/%20d2iq' locals={'_anchor': "'sycfw6ek%20/%20810%20/%20c6v8h%20/%20d2iq'", '_external': 'True', '_method': "'POST'", '_scheme': 'None', 'blueprint_name': "'lx5vctr60lx'", 'ctx': "<AppContext 132672011232272 of testcase, GET 'https://api.example.test/myapp/g3dvr7056/h9iajtghvq1k'>", 'endpoint': "'lx5vctr60lx.mtdt3q6%ccwr6'", 'rv': "'https://api.example.test/myapp/g3dvr7056/sv1-0xs6/2662/q9rx3-na043b-a%258-edb-6mfs%25ovs/h%25d-f?batch=60&signature=20f5e&phase=33#sycfw6ek%20/%20810%20/%20c6v8h%20/%20d2iq'", 'self': "<Flask 'testcase'>", 'url_adapter': '<werkzeug.routing.map.MapAdapter object at 0x78aa1d2f8890>', 'values': "{'item_id': 2662, 'slug': 'q9rx3-na043b-a%8-edb-6mfs%ovs', 'batch': 60, 'signature': '20f5e', 'phase': 33}"}
2026-08-22 23:51:55.647 /testbed/src/flask/app.py:1102 flask.app.Flask.url_for event=call locals={'_anchor': "'54x4 / 141 / %_xsxb / -y9z'", '_external': 'False', '_method': "'GET'", '_scheme': 'None', 'endpoint': "'.mtdt3q6%ccwr6'", 'self': "<Flask 'testcase'>", 'values': "{'item_id': 9688, 'slug': 'fkj8-fm-4--s4x0_n-ok35iip-26i87q_i', 'batch': 49}"}
2026-08-22 23:51:55.647 /testbed/src/flask/app.py:1159 flask.app.Flask.url_for event=line locals={}
2026-08-22 23:51:55.647 /testbed/src/flask/app.py:1160 flask.app.Flask.url_for event=line locals={'ctx': "<AppContext 132672011232272 of testcase, GET 'https://api.example.test/myapp/g3dvr7056/h9iajtghvq1k'>"}
2026-08-22 23:51:55.647 /testbed/src/flask/app.py:1161 flask.app.Flask.url_for event=line locals={'url_adapter': '<werkzeug.routing.map.MapAdapter object at 0x78aa1d2f8890>'}
2026-08-22 23:51:55.647 /testbed/src/flask/app.py:1165 flask.app.Flask.url_for event=line locals={'blueprint_name': "'lx5vctr60lx'"}
2026-08-22 23:51:55.647 /testbed/src/flask/app.py:1166 flask.app.Flask.url_for event=line locals={}
2026-08-22 23:51:55.647 /testbed/src/flask/app.py:1167 flask.app.Flask.url_for event=line locals={}
2026-08-22 23:51:55.647 /testbed/src/flask/app.py:1173 flask.app.Flask.url_for event=line locals={'endpoint': "'lx5vctr60lx.mtdt3q6%ccwr6'"}
2026-08-22 23:51:55.647 /testbed/src/flask/app.py:1199 flask.app.Flask.url_for event=line locals={}
2026-08-22 23:51:55.647 /testbed/src/flask/app.py:1202 flask.app.Flask.url_for event=line locals={}
2026-08-22 23:51:55.647 /testbed/src/flask/app.py:1204 flask.app.Flask.url_for event=line locals={'values': "{'item_id': 9688, 'slug': 'fkj8-fm-4--s4x0_n-ok35iip-26i87q_i', 'batch': 49, 'signature': '2aff7', 'phase': 45}"}
2026-08-22 23:51:55.647 /testbed/src/flask/app.py:1205 flask.app.Flask.url_for event=line locals={}
2026-08-22 23:51:55.647 /testbed/src/flask/app.py:1206 flask.app.Flask.url_for event=line locals={}
2026-08-22 23:51:55.647 /testbed/src/flask/app.py:1207 flask.app.Flask.url_for event=line locals={}
2026-08-22 23:51:55.647 /testbed/src/flask/app.py:1208 flask.app.Flask.url_for event=line locals={}
2026-08-22 23:51:55.647 /testbed/src/flask/app.py:1209 flask.app.Flask.url_for event=line locals={}
2026-08-22 23:51:55.647 /testbed/src/flask/app.py:1210 flask.app.Flask.url_for event=line locals={}
2026-08-22 23:51:55.647 /testbed/src/flask/app.py:1205 flask.app.Flask.url_for event=line locals={}
2026-08-22 23:51:55.648 /testbed/src/flask/app.py:1218 flask.app.Flask.url_for event=line locals={'rv': "'/myapp/g3dvr7056/sv1-0xs6/9688/fkj8-fm-4--s4x0_n-ok35iip-26i87q_i/h%25d-f?batch=49&signature=2aff7&phase=45'"}
2026-08-22 23:51:55.648 /testbed/src/flask/app.py:1219 flask.app.Flask.url_for event=line locals={}
2026-08-22 23:51:55.648 /testbed/src/flask/app.py:1220 flask.app.Flask.url_for event=line locals={'_anchor': "'54x4%20/%20141%20/%20%_xsxb%20/%20-y9z'"}
2026-08-22 23:51:55.648 /testbed/src/flask/app.py:1222 flask.app.Flask.url_for event=line locals={'rv': "'/myapp/g3dvr7056/sv1-0xs6/9688/fkj8-fm-4--s4x0_n-ok35iip-26i87q_i/h%25d-f?batch=49&signature=2aff7&phase=45#54x4%20/%20141%20/%20%_xsxb%20/%20-y9z'"}
2026-08-22 23:51:55.648 /testbed/src/flask/app.py:1222 flask.app.Flask.url_for event=return retval='/myapp/g3dvr7056/sv1-0xs6/9688/fkj8-fm-4--s4x0_n-ok35iip-26i87q_i/h%25d-f?batch=49&signature=2aff7&phase=45#54x4%20/%20141%20/%20%_xsxb%20/%20-y9z' locals={'_anchor': "'54x4%20/%20141%20/%20%_xsxb%20/%20-y9z'", '_external': 'False', '_method': "'GET'", '_scheme': 'None', 'blueprint_name': "'lx5vctr60lx'", 'ctx': "<AppContext 132672011232272 of testcase, GET 'https://api.example.test/myapp/g3dvr7056/h9iajtghvq1k'>", 'endpoint': "'lx5vctr60lx.mtdt3q6%ccwr6'", 'rv': "'/myapp/g3dvr7056/sv1-0xs6/9688/fkj8-fm-4--s4x0_n-ok35iip-26i87q_i/h%25d-f?batch=49&signature=2aff7&phase=45#54x4%20/%20141%20/%20%_xsxb%20/%20-y9z'", 'self': "<Flask 'testcase'>", 'url_adapter': '<werkzeug.routing.map.MapAdapter object at 0x78aa1d2f8890>', 'values': "{'item_id': 9688, 'slug': 'fkj8-fm-4--s4x0_n-ok35iip-26i87q_i', 'batch': 49, 'signature': '2aff7', 'phase': 45}"}
2026-08-22 23:51:55.649 /testbed/src/flask/app.py:1102 flask.app.Flask.url_for event=call locals={'_anchor': "'1s%4b / 683 / x1%d%it / #&?%!'", '_external': 'False', '_method': "'GET'", '_scheme': 'None', 'endpoint': "'.mtdt3q6%ccwr6'", 'self': "<Flask 'testcase'>", 'values': "{'item_id': 1050, 'slug': 'xmc-jugl-%dm2--0trv6w-u2bns9t-plguqpar', 'batch': 61}"}
2026-08-22 23:51:55.649 /testbed/src/flask/app.py:1159 flask.app.Flask.url_for event=line locals={}
2026-08-22 23:51:55.649 /testbed/src/flask/app.py:1160 flask.app.Flask.url_for event=line locals={'ctx': "<AppContext 132672011232272 of testcase, GET 'https://api.example.test/myapp/g3dvr7056/h9iajtghvq1k'>"}
2026-08-22 23:51:55.649 /testbed/src/flask/app.py:1161 flask.app.Flask.url_for event=line locals={'url_adapter': '<werkzeug.routing.map.MapAdapter object at 0x78aa1d2f8890>'}
2026-08-22 23:51:55.649 /testbed/src/flask/app.py:1165 flask.app.Flask.url_for event=line locals={'blueprint_name': "'lx5vctr60lx'"}
2026-08-22 23:51:55.649 /testbed/src/flask/app.py:1166 flask.app.Flask.url_for event=line locals={}
2026-08-22 23:51:55.649 /testbed/src/flask/app.py:1167 flask.app.Flask.url_for event=line locals={}
2026-08-22 23:51:55.649 /testbed/src/flask/app.py:1173 flask.app.Flask.url_for event=line locals={'endpoint': "'lx5vctr60lx.mtdt3q6%ccwr6'"}
2026-08-22 23:51:55.649 /testbed/src/flask/app.py:1199 flask.app.Flask.url_for event=line locals={}
2026-08-22 23:51:55.649 /testbed/src/flask/app.py:1202 flask.app.Flask.url_for event=line locals={}
2026-08-22 23:51:55.649 /testbed/src/flask/app.py:1204 flask.app.Flask.url_for event=line locals={'values': "{'item_id': 1050, 'slug': 'xmc-jugl-%dm2--0trv6w-u2bns9t-plguqpar', 'batch': 61, 'signature': '3fa00', 'phase': 46}"}
2026-08-22 23:51:55.649 /testbed/src/flask/app.py:1205 flask.app.Flask.url_for event=line locals={}
2026-08-22 23:51:55.649 /testbed/src/flask/app.py:1206 flask.app.Flask.url_for event=line locals={}
2026-08-22 23:51:55.649 /testbed/src/flask/app.py:1207 flask.app.Flask.url_for event=line locals={}
2026-08-22 23:51:55.649 /testbed/src/flask/app.py:1208 flask.app.Flask.url_for event=line locals={}
2026-08-22 23:51:55.649 /testbed/src/flask/app.py:1209 flask.app.Flask.url_for event=line locals={}
2026-08-22 23:51:55.649 /testbed/src/flask/app.py:1210 flask.app.Flask.url_for event=line locals={}
2026-08-22 23:51:55.649 /testbed/src/flask/app.py:1205 flask.app.Flask.url_for event=line locals={}
2026-08-22 23:51:55.650 /testbed/src/flask/app.py:1218 flask.app.Flask.url_for event=line locals={'rv': "'/myapp/g3dvr7056/sv1-0xs6/1050/xmc-jugl-%25dm2--0trv6w-u2bns9t-plguqpar/h%25d-f?batch=61&signature=3fa00&phase=46'"}
2026-08-22 23:51:55.650 /testbed/src/flask/app.py:1219 flask.app.Flask.url_for event=line locals={}
2026-08-22 23:51:55.650 /testbed/src/flask/app.py:1220 flask.app.Flask.url_for event=line locals={'_anchor': "'1s%4b%20/%20683%20/%20x1%d%it%20/%20#&?%!'"}
2026-08-22 23:51:55.650 /testbed/src/flask/app.py:1222 flask.app.Flask.url_for event=line locals={'rv': "'/myapp/g3dvr7056/sv1-0xs6/1050/xmc-jugl-%25dm2--0trv6w-u2bns9t-plguqpar/h%25d-f?batch=61&signature=3fa00&phase=46#1s%4b%20/%20683%20/%20x1%d%it%20/%20#&?%!'"}
2026-08-22 23:51:55.650 /testbed/src/flask/app.py:1222 flask.app.Flask.url_for event=return retval='/myapp/g3dvr7056/sv1-0xs6/1050/xmc-jugl-%25dm2--0trv6w-u2bns9t-plguqpar/h%25d-f?batch=61&signature=3fa00&phase=46#1s%4b%20/%20683%20/%20x1%d%it%20/%20#&?%!' locals={'_anchor': "'1s%4b%20/%20683%20/%20x1%d%it%20/%20#&?%!'", '_external': 'False', '_method': "'GET'", '_scheme': 'None', 'blueprint_name': "'lx5vctr60lx'", 'ctx': "<AppContext 132672011232272 of testcase, GET 'https://api.example.test/myapp/g3dvr7056/h9iajtghvq1k'>", 'endpoint': "'lx5vctr60lx.mtdt3q6%ccwr6'", 'rv': "'/myapp/g3dvr7056/sv1-0xs6/1050/xmc-jugl-%25dm2--0trv6w-u2bns9t-plguqpar/h%25d-f?batch=61&signature=3fa00&phase=46#1s%4b%20/%20683%20/%20x1%d%it%20/%20#&?%!'", 'self': "<Flask 'testcase'>", 'url_adapter': '<werkzeug.routing.map.MapAdapter object at 0x78aa1d2f8890>', 'values': "{'item_id': 1050, 'slug': 'xmc-jugl-%dm2--0trv6w-u2bns9t-plguqpar', 'batch': 61, 'signature': '3fa00', 'phase': 46}"}
2026-08-22 23:51:55.651 /testbed/src/flask/app.py:1102 flask.app.Flask.url_for event=call locals={'_anchor': "'vw_a-l / 908 / yy20fqc1 / lmfh'", '_external': 'False', '_method': "'GET'", '_scheme': 'None', 'endpoint': "'.mtdt3q6%ccwr6'", 'self': "<Flask 'testcase'>", 'values': "{'item_id': 9692, 'slug': '7fnbqfq5s5-pro-youh-cr2z1-sx64x2-4r01_5h-laz0nwy%', 'batch': 86}"}
2026-08-22 23:51:55.651 /testbed/src/flask/app.py:1159 flask.app.Flask.url_for event=line locals={}
2026-08-22 23:51:55.651 /testbed/src/flask/app.py:1160 flask.app.Flask.url_for event=line locals={'ctx': "<AppContext 132672011232272 of testcase, GET 'https://api.example.test/myapp/g3dvr7056/h9iajtghvq1k'>"}
2026-08-22 23:51:55.651 /testbed/src/flask/app.py:1161 flask.app.Flask.url_for event=line locals={'url_adapter': '<werkzeug.routing.map.MapAdapter object at 0x78aa1d2f8890>'}
2026-08-22 23:51:55.651 /testbed/src/flask/app.py:1165 flask.app.Flask.url_for event=line locals={'blueprint_name': "'lx5vctr60lx'"}
2026-08-22 23:51:55.652 /testbed/src/flask/app.py:1166 flask.app.Flask.url_for event=line locals={}
2026-08-22 23:51:55.652 /testbed/src/flask/app.py:1167 flask.app.Flask.url_for event=line locals={}
2026-08-22 23:51:55.652 /testbed/src/flask/app.py:1173 flask.app.Flask.url_for event=line locals={'endpoint': "'lx5vctr60lx.mtdt3q6%ccwr6'"}
2026-08-22 23:51:55.652 /testbed/src/flask/app.py:1199 flask.app.Flask.url_for event=line locals={}
2026-08-22 23:51:55.652 /testbed/src/flask/app.py:1202 flask.app.Flask.url_for event=line locals={}
2026-08-22 23:51:55.652 /testbed/src/flask/app.py:1204 flask.app.Flask.url_for event=line locals={'values': "{'item_id': 9692, 'slug': '7fnbqfq5s5-pro-youh-cr2z1-sx64x2-4r01_5h-laz0nwy%', 'batch': 86, 'signature': '41da5', 'phase': 53}"}
2026-08-22 23:51:55.652 /testbed/src/flask/app.py:1205 flask.app.Flask.url_for event=line locals={}
2026-08-22 23:51:55.652 /testbed/src/flask/app.py:1206 flask.app.Flask.url_for event=line locals={}
2026-08-22 23:51:55.652 /testbed/src/flask/app.py:1207 flask.app.Flask.url_for event=line locals={}
2026-08-22 23:51:55.652 /testbed/src/flask/app.py:1208 flask.app.Flask.url_for event=line locals={}
2026-08-22 23:51:55.652 /testbed/src/flask/app.py:1209 flask.app.Flask.url_for event=line locals={}
2026-08-22 23:51:55.652 /testbed/src/flask/app.py:1210 flask.app.Flask.url_for event=line locals={}
2026-08-22 23:51:55.652 /testbed/src/flask/app.py:1205 flask.app.Flask.url_for event=line locals={}
2026-08-22 23:51:55.652 /testbed/src/flask/app.py:1218 flask.app.Flask.url_for event=line locals={'rv': "'/myapp/g3dvr7056/sv1-0xs6/9692/7fnbqfq5s5-pro-youh-cr2z1-sx64x2-4r01_5h-laz0nwy%25/h%25d-f?batch=86&signature=41da5&phase=53'"}
2026-08-22 23:51:55.653 /testbed/src/flask/app.py:1219 flask.app.Flask.url_for event=line locals={}
2026-08-22 23:51:55.653 /testbed/src/flask/app.py:1220 flask.app.Flask.url_for event=line locals={'_anchor': "'vw_a-l%20/%20908%20/%20yy20fqc1%20/%20lmfh'"}
2026-08-22 23:51:55.653 /testbed/src/flask/app.py:1222 flask.app.Flask.url_for event=line locals={'rv': "'/myapp/g3dvr7056/sv1-0xs6/9692/7fnbqfq5s5-pro-youh-cr2z1-sx64x2-4r01_5h-laz0nwy%25/h%25d-f?batch=86&signature=41da5&phase=53#vw_a-l%20/%20908%20/%20yy20fqc1%20/%20lmfh'"}
2026-08-22 23:51:55.653 /testbed/src/flask/app.py:1222 flask.app.Flask.url_for event=return retval='/myapp/g3dvr7056/sv1-0xs6/9692/7fnbqfq5s5-pro-youh-cr2z1-sx64x2-4r01_5h-laz0nwy%25/h%25d-f?batch=86&signature=41da5&phase=53#vw_a-l%20/%20908%20/%20yy20fqc1%20/%20lmfh' locals={'_anchor': "'vw_a-l%20/%20908%20/%20yy20fqc1%20/%20lmfh'", '_external': 'False', '_method': "'GET'", '_scheme': 'None', 'blueprint_name': "'lx5vctr60lx'", 'ctx': "<AppContext 132672011232272 of testcase, GET 'https://api.example.test/myapp/g3dvr7056/h9iajtghvq1k'>", 'endpoint': "'lx5vctr60lx.mtdt3q6%ccwr6'", 'rv': "'/myapp/g3dvr7056/sv1-0xs6/9692/7fnbqfq5s5-pro-youh-cr2z1-sx64x2-4r01_5h-laz0nwy%25/h%25d-f?batch=86&signature=41da5&phase=53#vw_a-l%20/%20908%20/%20yy20fqc1%20/%20lmfh'", 'self': "<Flask 'testcase'>", 'url_adapter': '<werkzeug.routing.map.MapAdapter object at 0x78aa1d2f8890>', 'values': "{'item_id': 9692, 'slug': '7fnbqfq5s5-pro-youh-cr2z1-sx64x2-4r01_5h-laz0nwy%', 'batch': 86, 'signature': '41da5', 'phase': 53}"}
2026-08-22 23:51:55.654 /testbed/src/flask/app.py:1102 flask.app.Flask.url_for event=call locals={'_anchor': "'yv4eum2 / 369 / oa-jt / ixvy'", '_external': 'True', '_method': "'POST'", '_scheme': 'None', 'endpoint': "'.mtdt3q6%ccwr6'", 'self': "<Flask 'testcase'>", 'values': "{'item_id': 10389, 'slug': '06_sus-b-d2xu8vpxm-sel0nceo9j-zzn-w3-w-2qtl2-ri40%u-_aay1_2', 'batch': 19}"}
2026-08-22 23:51:55.654 /testbed/src/flask/app.py:1159 flask.app.Flask.url_for event=line locals={}
2026-08-22 23:51:55.654 /testbed/src/flask/app.py:1160 flask.app.Flask.url_for event=line locals={'ctx': "<AppContext 132672011232272 of testcase, GET 'https://api.example.test/myapp/g3dvr7056/h9iajtghvq1k'>"}
2026-08-22 23:51:55.654 /testbed/src/flask/app.py:1161 flask.app.Flask.url_for event=line locals={'url_adapter': '<werkzeug.routing.map.MapAdapter object at 0x78aa1d2f8890>'}
2026-08-22 23:51:55.654 /testbed/src/flask/app.py:1165 flask.app.Flask.url_for event=line locals={'blueprint_name': "'lx5vctr60lx'"}
2026-08-22 23:51:55.654 /testbed/src/flask/app.py:1166 flask.app.Flask.url_for event=line locals={}
2026-08-22 23:51:55.654 /testbed/src/flask/app.py:1167 flask.app.Flask.url_for event=line locals={}
2026-08-22 23:51:55.654 /testbed/src/flask/app.py:1173 flask.app.Flask.url_for event=line locals={'endpoint': "'lx5vctr60lx.mtdt3q6%ccwr6'"}
2026-08-22 23:51:55.654 /testbed/src/flask/app.py:1199 flask.app.Flask.url_for event=line locals={}
2026-08-22 23:51:55.654 /testbed/src/flask/app.py:1202 flask.app.Flask.url_for event=line locals={}
2026-08-22 23:51:55.655 /testbed/src/flask/app.py:1204 flask.app.Flask.url_for event=line locals={'values': "{'item_id': 10389, 'slug': '06_sus-b-d2xu8vpxm-sel0nceo9j-zzn-w3-w-2qtl2-ri40%u-_aay1_2', 'batch': 19, 'signature': '5d81a', 'phase': 71}"}
2026-08-22 23:51:55.655 /testbed/src/flask/app.py:1205 flask.app.Flask.url_for event=line locals={}
2026-08-22 23:51:55.655 /testbed/src/flask/app.py:1206 flask.app.Flask.url_for event=line locals={}
2026-08-22 23:51:55.655 /testbed/src/flask/app.py:1207 flask.app.Flask.url_for event=line locals={}
2026-08-22 23:51:55.655 /testbed/src/flask/app.py:1208 flask.app.Flask.url_for event=line locals={}
2026-08-22 23:51:55.655 /testbed/src/flask/app.py:1209 flask.app.Flask.url_for event=line locals={}
2026-08-22 23:51:55.655 /testbed/src/flask/app.py:1210 flask.app.Flask.url_for event=line locals={}
2026-08-22 23:51:55.655 /testbed/src/flask/app.py:1205 flask.app.Flask.url_for event=line locals={}
2026-08-22 23:51:55.655 /testbed/src/flask/app.py:1218 flask.app.Flask.url_for event=line locals={'rv': "'https://api.example.test/myapp/g3dvr7056/sv1-0xs6/10389/06_sus-b-d2xu8vpxm-sel0nceo9j-zzn-w3-w-2qtl2-ri40%25u-_aay1_2/h%25d-f?batch=19&signature=5d81a&phase=71'"}
2026-08-22 23:51:55.655 /testbed/src/flask/app.py:1219 flask.app.Flask.url_for event=line locals={}
2026-08-22 23:51:55.655 /testbed/src/flask/app.py:1220 flask.app.Flask.url_for event=line locals={'_anchor': "'yv4eum2%20/%20369%20/%20oa-jt%20/%20ixvy'"}
2026-08-22 23:51:55.655 /testbed/src/flask/app.py:1222 flask.app.Flask.url_for event=line locals={'rv': "'https://api.example.test/myapp/g3dvr7056/sv1-0xs6/10389/06_sus-b-d2xu8vpxm-sel0nceo9j-zzn-w3-w-2qtl2-ri40%25u-_aay1_2/h%25d-f?batch=19&signature=5d81a&phase=71#yv4eum2%20/%20369%20/%20oa-jt%20/%20ixvy'"}
2026-08-22 23:51:55.655 /testbed/src/flask/app.py:1222 flask.app.Flask.url_for event=return retval='https://api.example.test/myapp/g3dvr7056/sv1-0xs6/10389/06_sus-b-d2xu8vpxm-sel0nceo9j-zzn-w3-w-2qtl2-ri40%25u-_aay1_2/h%25d-f?batch=19&signature=5d81a&phase=71#yv4eum2%20/%20369%20/%20oa-jt%20/%20ixvy' locals={'_anchor': "'yv4eum2%20/%20369%20/%20oa-jt%20/%20ixvy'", '_external': 'True', '_method': "'POST'", '_scheme': 'None', 'blueprint_name': "'lx5vctr60lx'", 'ctx': "<AppContext 132672011232272 of testcase, GET 'https://api.example.test/myapp/g3dvr7056/h9iajtghvq1k'>", 'endpoint': "'lx5vctr60lx.mtdt3q6%ccwr6'", 'rv': "'https://api.example.test/myapp/g3dvr7056/sv1-0xs6/10389/06_sus-b-d2xu8vpxm-sel0nceo9j-zzn-w3-w-2qtl2-ri40%25u-_aay1_2/h%25d-f?batch=19&signature=5d81a&phase=71#yv4eum2%20/%20369%20/%20oa-jt%20/%20ixvy'", 'self': "<Flask 'testcase'>", 'url_adapter': '<werkzeug.routing.map.MapAdapter object at 0x78aa1d2f8890>', 'values': "{'item_id': 10389, 'slug': '06_sus-b-d2xu8vpxm-sel0nceo9j-zzn-w3-w-2qtl2-ri40%u-_aay1_2', 'batch': 19, 'signature': '5d81a', 'phase': 71}"}
2026-08-22 23:51:55.656 /testbed/src/flask/app.py:1102 flask.app.Flask.url_for event=call locals={'_anchor': "'4f1yh1_5 / 1542 / 9kor2x / 2p53'", '_external': 'False', '_method': "'GET'", '_scheme': 'None', 'endpoint': "'.mtdt3q6%ccwr6'", 'self': "<Flask 'testcase'>", 'values': "{'item_id': 10058, 'slug': 'oj5v9k1x_u-psd', 'batch': 89}"}
2026-08-22 23:51:55.656 /testbed/src/flask/app.py:1159 flask.app.Flask.url_for event=line locals={}
2026-08-22 23:51:55.656 /testbed/src/flask/app.py:1160 flask.app.Flask.url_for event=line locals={'ctx': "<AppContext 132672011232272 of testcase, GET 'https://api.example.test/myapp/g3dvr7056/h9iajtghvq1k'>"}
2026-08-22 23:51:55.656 /testbed/src/flask/app.py:1161 flask.app.Flask.url_for event=line locals={'url_adapter': '<werkzeug.routing.map.MapAdapter object at 0x78aa1d2f8890>'}
2026-08-22 23:51:55.656 /testbed/src/flask/app.py:1165 flask.app.Flask.url_for event=line locals={'blueprint_name': "'lx5vctr60lx'"}
2026-08-22 23:51:55.656 /testbed/src/flask/app.py:1166 flask.app.Flask.url_for event=line locals={}
2026-08-22 23:51:55.656 /testbed/src/flask/app.py:1167 flask.app.Flask.url_for event=line locals={}
2026-08-22 23:51:55.656 /testbed/src/flask/app.py:1173 flask.app.Flask.url_for event=line locals={'endpoint': "'lx5vctr60lx.mtdt3q6%ccwr6'"}
2026-08-22 23:51:55.656 /testbed/src/flask/app.py:1199 flask.app.Flask.url_for event=line locals={}
2026-08-22 23:51:55.656 /testbed/src/flask/app.py:1202 flask.app.Flask.url_for event=line locals={}
2026-08-22 23:51:55.657 /testbed/src/flask/app.py:1204 flask.app.Flask.url_for event=line locals={'values': "{'item_id': 10058, 'slug': 'oj5v9k1x_u-psd', 'batch': 89, 'signature': '1e8dc', 'phase': 17}"}
2026-08-22 23:51:55.657 /testbed/src/flask/app.py:1205 flask.app.Flask.url_for event=line locals={}
2026-08-22 23:51:55.657 /testbed/src/flask/app.py:1206 flask.app.Flask.url_for event=line locals={}
2026-08-22 23:51:55.657 /testbed/src/flask/app.py:1207 flask.app.Flask.url_for event=line locals={}
2026-08-22 23:51:55.657 /testbed/src/flask/app.py:1208 flask.app.Flask.url_for event=line locals={}
2026-08-22 23:51:55.657 /testbed/src/flask/app.py:1209 flask.app.Flask.url_for event=line locals={}
2026-08-22 23:51:55.657 /testbed/src/flask/app.py:1210 flask.app.Flask.url_for event=line locals={}
2026-08-22 23:51:55.657 /testbed/src/flask/app.py:1205 flask.app.Flask.url_for event=line locals={}
2026-08-22 23:51:55.657 /testbed/src/flask/app.py:1218 flask.app.Flask.url_for event=line locals={'rv': "'/myapp/g3dvr7056/sv1-0xs6/10058/oj5v9k1x_u-psd/h%25d-f?batch=89&signature=1e8dc&phase=17'"}
2026-08-22 23:51:55.657 /testbed/src/flask/app.py:1219 flask.app.Flask.url_for event=line locals={}
2026-08-22 23:51:55.657 /testbed/src/flask/app.py:1220 flask.app.Flask.url_for event=line locals={'_anchor': "'4f1yh1_5%20/%201542%20/%209kor2x%20/%202p53'"}
2026-08-22 23:51:55.657 /testbed/src/flask/app.py:1222 flask.app.Flask.url_for event=line locals={'rv': "'/myapp/g3dvr7056/sv1-0xs6/10058/oj5v9k1x_u-psd/h%25d-f?batch=89&signature=1e8dc&phase=17#4f1yh1_5%20/%201542%20/%209kor2x%20/%202p53'"}
2026-08-22 23:51:55.657 /testbed/src/flask/app.py:1222 flask.app.Flask.url_for event=return retval='/myapp/g3dvr7056/sv1-0xs6/10058/oj5v9k1x_u-psd/h%25d-f?batch=89&signature=1e8dc&phase=17#4f1yh1_5%20/%201542%20/%209kor2x%20/%202p53' locals={'_anchor': "'4f1yh1_5%20/%201542%20/%209kor2x%20/%202p53'", '_external': 'False', '_method': "'GET'", '_scheme': 'None', 'blueprint_name': "'lx5vctr60lx'", 'ctx': "<AppContext 132672011232272 of testcase, GET 'https://api.example.test/myapp/g3dvr7056/h9iajtghvq1k'>", 'endpoint': "'lx5vctr60lx.mtdt3q6%ccwr6'", 'rv': "'/myapp/g3dvr7056/sv1-0xs6/10058/oj5v9k1x_u-psd/h%25d-f?batch=89&signature=1e8dc&phase=17#4f1yh1_5%20/%201542%20/%209kor2x%20/%202p53'", 'self': "<Flask 'testcase'>", 'url_adapter': '<werkzeug.routing.map.MapAdapter object at 0x78aa1d2f8890>', 'values': "{'item_id': 10058, 'slug': 'oj5v9k1x_u-psd', 'batch': 89, 'signature': '1e8dc', 'phase': 17}"}
2026-08-22 23:51:55.658 /testbed/src/flask/app.py:1102 flask.app.Flask.url_for event=call locals={'_anchor': "'qme4 / 2474 / 28cri00 / goyd'", '_external': 'True', '_method': "'POST'", '_scheme': 'None', 'endpoint': "'.mtdt3q6%ccwr6'", 'self': "<Flask 'testcase'>", 'values': "{'item_id': 5770, 'slug': 'xyj3l2g-7jfy_l_x-_o5rrv_op', 'batch': 85}"}
2026-08-22 23:51:55.658 /testbed/src/flask/app.py:1159 flask.app.Flask.url_for event=line locals={}
2026-08-22 23:51:55.658 /testbed/src/flask/app.py:1160 flask.app.Flask.url_for event=line locals={'ctx': "<AppContext 132672011232272 of testcase, GET 'https://api.example.test/myapp/g3dvr7056/h9iajtghvq1k'>"}
2026-08-22 23:51:55.658 /testbed/src/flask/app.py:1161 flask.app.Flask.url_for event=line locals={'url_adapter': '<werkzeug.routing.map.MapAdapter object at 0x78aa1d2f8890>'}
2026-08-22 23:51:55.659 /testbed/src/flask/app.py:1165 flask.app.Flask.url_for event=line locals={'blueprint_name': "'lx5vctr60lx'"}
2026-08-22 23:51:55.659 /testbed/src/flask/app.py:1166 flask.app.Flask.url_for event=line locals={}
2026-08-22 23:51:55.659 /testbed/src/flask/app.py:1167 flask.app.Flask.url_for event=line locals={}
2026-08-22 23:51:55.659 /testbed/src/flask/app.py:1173 flask.app.Flask.url_for event=line locals={'endpoint': "'lx5vctr60lx.mtdt3q6%ccwr6'"}
2026-08-22 23:51:55.659 /testbed/src/flask/app.py:1199 flask.app.Flask.url_for event=line locals={}
2026-08-22 23:51:55.659 /testbed/src/flask/app.py:1202 flask.app.Flask.url_for event=line locals={}
2026-08-22 23:51:55.659 /testbed/src/flask/app.py:1204 flask.app.Flask.url_for event=line locals={'values': "{'item_id': 5770, 'slug': 'xyj3l2g-7jfy_l_x-_o5rrv_op', 'batch': 85, 'signature': '20505', 'phase': 27}"}
2026-08-22 23:51:55.659 /testbed/src/flask/app.py:1205 flask.app.Flask.url_for event=line locals={}
2026-08-22 23:51:55.659 /testbed/src/flask/app.py:1206 flask.app.Flask.url_for event=line locals={}
2026-08-22 23:51:55.659 /testbed/src/flask/app.py:1207 flask.app.Flask.url_for event=line locals={}
2026-08-22 23:51:55.659 /testbed/src/flask/app.py:1208 flask.app.Flask.url_for event=line locals={}
2026-08-22 23:51:55.659 /testbed/src/flask/app.py:1209 flask.app.Flask.url_for event=line locals={}
2026-08-22 23:51:55.659 /testbed/src/flask/app.py:1210 flask.app.Flask.url_for event=line locals={}
2026-08-22 23:51:55.659 /testbed/src/flask/app.py:1205 flask.app.Flask.url_for event=line locals={}
2026-08-22 23:51:55.659 /testbed/src/flask/app.py:1218 flask.app.Flask.url_for event=line locals={'rv': "'https://api.example.test/myapp/g3dvr7056/sv1-0xs6/5770/xyj3l2g-7jfy_l_x-_o5rrv_op/h%25d-f?batch=85&signature=20505&phase=27'"}
2026-08-22 23:51:55.659 /testbed/src/flask/app.py:1219 flask.app.Flask.url_for event=line locals={}
2026-08-22 23:51:55.659 /testbed/src/flask/app.py:1220 flask.app.Flask.url_for event=line locals={'_anchor': "'qme4%20/%202474%20/%2028cri00%20/%20goyd'"}
2026-08-22 23:51:55.659 /testbed/src/flask/app.py:1222 flask.app.Flask.url_for event=line locals={'rv': "'https://api.example.test/myapp/g3dvr7056/sv1-0xs6/5770/xyj3l2g-7jfy_l_x-_o5rrv_op/h%25d-f?batch=85&signature=20505&phase=27#qme4%20/%202474%20/%2028cri00%20/%20goyd'"}
2026-08-22 23:51:55.660 /testbed/src/flask/app.py:1222 flask.app.Flask.url_for event=return retval='https://api.example.test/myapp/g3dvr7056/sv1-0xs6/5770/xyj3l2g-7jfy_l_x-_o5rrv_op/h%25d-f?batch=85&signature=20505&phase=27#qme4%20/%202474%20/%2028cri00%20/%20goyd' locals={'_anchor': "'qme4%20/%202474%20/%2028cri00%20/%20goyd'", '_external': 'True', '_method': "'POST'", '_scheme': 'None', 'blueprint_name': "'lx5vctr60lx'", 'ctx': "<AppContext 132672011232272 of testcase, GET 'https://api.example.test/myapp/g3dvr7056/h9iajtghvq1k'>", 'endpoint': "'lx5vctr60lx.mtdt3q6%ccwr6'", 'rv': "'https://api.example.test/myapp/g3dvr7056/sv1-0xs6/5770/xyj3l2g-7jfy_l_x-_o5rrv_op/h%25d-f?batch=85&signature=20505&phase=27#qme4%20/%202474%20/%2028cri00%20/%20goyd'", 'self': "<Flask 'testcase'>", 'url_adapter': '<werkzeug.routing.map.MapAdapter object at 0x78aa1d2f8890>', 'values': "{'item_id': 5770, 'slug': 'xyj3l2g-7jfy_l_x-_o5rrv_op', 'batch': 85, 'signature': '20505', 'phase': 27}"}
2026-08-22 23:51:55.661 /testbed/src/flask/app.py:1102 flask.app.Flask.url_for event=call locals={'_anchor': "'xz%c5 / 2946 / 60ew%-n4 / _3wx'", '_external': 'True', '_method': "'POST'", '_scheme': 'None', 'endpoint': "'.mtdt3q6%ccwr6'", 'self': "<Flask 'testcase'>", 'values': "{'item_id': 1318, 'slug': 'sopvmsyl-%upswvg%1-4mnc41j18g-_hv', 'batch': 75}"}
2026-08-22 23:51:55.661 /testbed/src/flask/app.py:1159 flask.app.Flask.url_for event=line locals={}
2026-08-22 23:51:55.661 /testbed/src/flask/app.py:1160 flask.app.Flask.url_for event=line locals={'ctx': "<AppContext 132672011232272 of testcase, GET 'https://api.example.test/myapp/g3dvr7056/h9iajtghvq1k'>"}
2026-08-22 23:51:55.661 /testbed/src/flask/app.py:1161 flask.app.Flask.url_for event=line locals={'url_adapter': '<werkzeug.routing.map.MapAdapter object at 0x78aa1d2f8890>'}
2026-08-22 23:51:55.661 /testbed/src/flask/app.py:1165 flask.app.Flask.url_for event=line locals={'blueprint_name': "'lx5vctr60lx'"}
2026-08-22 23:51:55.661 /testbed/src/flask/app.py:1166 flask.app.Flask.url_for event=line locals={}
2026-08-22 23:51:55.661 /testbed/src/flask/app.py:1167 flask.app.Flask.url_for event=line locals={}
2026-08-22 23:51:55.661 /testbed/src/flask/app.py:1173 flask.app.Flask.url_for event=line locals={'endpoint': "'lx5vctr60lx.mtdt3q6%ccwr6'"}
2026-08-22 23:51:55.661 /testbed/src/flask/app.py:1199 flask.app.Flask.url_for event=line locals={}
2026-08-22 23:51:55.661 /testbed/src/flask/app.py:1202 flask.app.Flask.url_for event=line locals={}
2026-08-22 23:51:55.661 /testbed/src/flask/app.py:1204 flask.app.Flask.url_for event=line locals={'values': "{'item_id': 1318, 'slug': 'sopvmsyl-%upswvg%1-4mnc41j18g-_hv', 'batch': 75, 'signature': '29645', 'phase': 44}"}
2026-08-22 23:51:55.661 /testbed/src/flask/app.py:1205 flask.app.Flask.url_for event=line locals={}
2026-08-22 23:51:55.661 /testbed/src/flask/app.py:1206 flask.app.Flask.url_for event=line locals={}
2026-08-22 23:51:55.661 /testbed/src/flask/app.py:1207 flask.app.Flask.url_for event=line locals={}
2026-08-22 23:51:55.661 /testbed/src/flask/app.py:1208 flask.app.Flask.url_for event=line locals={}
2026-08-22 23:51:55.661 /testbed/src/flask/app.py:1209 flask.app.Flask.url_for event=line locals={}
2026-08-22 23:51:55.661 /testbed/src/flask/app.py:1210 flask.app.Flask.url_for event=line locals={}
2026-08-22 23:51:55.661 /testbed/src/flask/app.py:1205 flask.app.Flask.url_for event=line locals={}
2026-08-22 23:51:55.662 /testbed/src/flask/app.py:1218 flask.app.Flask.url_for event=line locals={'rv': "'https://api.example.test/myapp/g3dvr7056/sv1-0xs6/1318/sopvmsyl-%25upswvg%251-4mnc41j18g-_hv/h%25d-f?batch=75&signature=29645&phase=44'"}
2026-08-22 23:51:55.662 /testbed/src/flask/app.py:1219 flask.app.Flask.url_for event=line locals={}
2026-08-22 23:51:55.662 /testbed/src/flask/app.py:1220 flask.app.Flask.url_for event=line locals={'_anchor': "'xz%c5%20/%202946%20/%2060ew%-n4%20/%20_3wx'"}
2026-08-22 23:51:55.662 /testbed/src/flask/app.py:1222 flask.app.Flask.url_for event=line locals={'rv': "'https://api.example.test/myapp/g3dvr7056/sv1-0xs6/1318/sopvmsyl-%25upswvg%251-4mnc41j18g-_hv/h%25d-f?batch=75&signature=29645&phase=44#xz%c5%20/%202946%20/%2060ew%-n4%20/%20_3wx'"}
2026-08-22 23:51:55.662 /testbed/src/flask/app.py:1222 flask.app.Flask.url_for event=return retval='https://api.example.test/myapp/g3dvr7056/sv1-0xs6/1318/sopvmsyl-%25upswvg%251-4mnc41j18g-_hv/h%25d-f?batch=75&signature=29645&phase=44#xz%c5%20/%202946%20/%2060ew%-n4%20/%20_3wx' locals={'_anchor': "'xz%c5%20/%202946%20/%2060ew%-n4%20/%20_3wx'", '_external': 'True', '_method': "'POST'", '_scheme': 'None', 'blueprint_name': "'lx5vctr60lx'", 'ctx': "<AppContext 132672011232272 of testcase, GET 'https://api.example.test/myapp/g3dvr7056/h9iajtghvq1k'>", 'endpoint': "'lx5vctr60lx.mtdt3q6%ccwr6'", 'rv': "'https://api.example.test/myapp/g3dvr7056/sv1-0xs6/1318/sopvmsyl-%25upswvg%251-4mnc41j18g-_hv/h%25d-f?batch=75&signature=29645&phase=44#xz%c5%20/%202946%20/%2060ew%-n4%20/%20_3wx'", 'self': "<Flask 'testcase'>", 'url_adapter': '<werkzeug.routing.map.MapAdapter object at 0x78aa1d2f8890>', 'values': "{'item_id': 1318, 'slug': 'sopvmsyl-%upswvg%1-4mnc41j18g-_hv', 'batch': 75, 'signature': '29645', 'phase': 44}"}
