2026-08-23 01:28:24.296 [TRACE][START] pid=50 TRACE_OUT='/testbed/logs/click_qa/globals_resolve_color_default_s6_calls__pert_llm_s0/trace.log' TRACE_FILE='src/click/globals.py' TRACE_FUNCS=['get_current_context', 'resolve_color_default'] TRACE_EVENTS=['call', 'exception', 'line', 'return']
2026-08-23 01:28:24.306 /testbed/src/click/globals.py:54 click.globals.resolve_color_default event=call locals={'color': 'False'}
2026-08-23 01:28:24.306 /testbed/src/click/globals.py:59 click.globals.resolve_color_default event=line locals={}
2026-08-23 01:28:24.306 /testbed/src/click/globals.py:60 click.globals.resolve_color_default event=line locals={}
2026-08-23 01:28:24.306 /testbed/src/click/globals.py:60 click.globals.resolve_color_default event=return retval=False locals={'color': 'False'}
2026-08-23 01:28:24.307 /testbed/src/click/globals.py:54 click.globals.resolve_color_default event=call locals={'color': 'None'}
2026-08-23 01:28:24.307 /testbed/src/click/globals.py:59 click.globals.resolve_color_default event=line locals={}
2026-08-23 01:28:24.307 /testbed/src/click/globals.py:62 click.globals.resolve_color_default event=line locals={}
2026-08-23 01:28:24.307 /testbed/src/click/globals.py:20 click.globals.get_current_context event=call locals={'silent': 'True'}
2026-08-23 01:28:24.307 /testbed/src/click/globals.py:35 click.globals.get_current_context event=line locals={}
2026-08-23 01:28:24.307 /testbed/src/click/globals.py:36 click.globals.get_current_context event=line locals={}
2026-08-23 01:28:24.307 /testbed/src/click/globals.py:36 click.globals.get_current_context event=return retval=<click.core.Context object at 0x7f3130bd6b10> locals={'silent': 'True'}
2026-08-23 01:28:24.307 /testbed/src/click/globals.py:64 click.globals.resolve_color_default event=line locals={'ctx': '<click.core.Context object at 0x7f3130bd6b10>'}
2026-08-23 01:28:24.307 /testbed/src/click/globals.py:65 click.globals.resolve_color_default event=line locals={}
2026-08-23 01:28:24.307 /testbed/src/click/globals.py:65 click.globals.resolve_color_default event=return retval=True locals={'color': 'None', 'ctx': '<click.core.Context object at 0x7f3130bd6b10>'}
2026-08-23 01:28:24.307 /testbed/src/click/globals.py:54 click.globals.resolve_color_default event=call locals={'color': 'None'}
2026-08-23 01:28:24.307 /testbed/src/click/globals.py:59 click.globals.resolve_color_default event=line locals={}
2026-08-23 01:28:24.307 /testbed/src/click/globals.py:62 click.globals.resolve_color_default event=line locals={}
2026-08-23 01:28:24.307 /testbed/src/click/globals.py:20 click.globals.get_current_context event=call locals={'silent': 'True'}
2026-08-23 01:28:24.307 /testbed/src/click/globals.py:35 click.globals.get_current_context event=line locals={}
2026-08-23 01:28:24.307 /testbed/src/click/globals.py:36 click.globals.get_current_context event=line locals={}
2026-08-23 01:28:24.307 /testbed/src/click/globals.py:36 click.globals.get_current_context event=return retval=<click.core.Context object at 0x7f3130bd65d0> locals={'silent': 'True'}
2026-08-23 01:28:24.307 /testbed/src/click/globals.py:64 click.globals.resolve_color_default event=line locals={'ctx': '<click.core.Context object at 0x7f3130bd65d0>'}
2026-08-23 01:28:24.307 /testbed/src/click/globals.py:65 click.globals.resolve_color_default event=line locals={}
2026-08-23 01:28:24.307 /testbed/src/click/globals.py:65 click.globals.resolve_color_default event=return retval=True locals={'color': 'None', 'ctx': '<click.core.Context object at 0x7f3130bd65d0>'}
2026-08-23 01:28:24.307 /testbed/src/click/globals.py:54 click.globals.resolve_color_default event=call locals={'color': 'None'}
2026-08-23 01:28:24.307 /testbed/src/click/globals.py:59 click.globals.resolve_color_default event=line locals={}
2026-08-23 01:28:24.307 /testbed/src/click/globals.py:62 click.globals.resolve_color_default event=line locals={}
2026-08-23 01:28:24.307 /testbed/src/click/globals.py:20 click.globals.get_current_context event=call locals={'silent': 'True'}
2026-08-23 01:28:24.307 /testbed/src/click/globals.py:35 click.globals.get_current_context event=line locals={}
2026-08-23 01:28:24.307 /testbed/src/click/globals.py:36 click.globals.get_current_context event=line locals={}
2026-08-23 01:28:24.307 /testbed/src/click/globals.py:36 click.globals.get_current_context event=exception exc=IndexError: IndexError('list index out of range') locals={}
2026-08-23 01:28:24.307 /testbed/src/click/globals.py:37 click.globals.get_current_context event=line locals={'silent': 'True'}
2026-08-23 01:28:24.307 /testbed/src/click/globals.py:38 click.globals.get_current_context event=line locals={'e': "IndexError('list index out of range')"}
2026-08-23 01:28:24.307 /testbed/src/click/globals.py:41 click.globals.get_current_context event=line locals={}
2026-08-23 01:28:24.307 /testbed/src/click/globals.py:41 click.globals.get_current_context event=return retval=None locals={'silent': 'True'}
2026-08-23 01:28:24.307 /testbed/src/click/globals.py:64 click.globals.resolve_color_default event=line locals={'ctx': 'None'}
2026-08-23 01:28:24.307 /testbed/src/click/globals.py:67 click.globals.resolve_color_default event=line locals={}
2026-08-23 01:28:24.307 /testbed/src/click/globals.py:67 click.globals.resolve_color_default event=return retval=None locals={'color': 'None', 'ctx': 'None'}
2026-08-23 01:28:24.307 /testbed/src/click/globals.py:54 click.globals.resolve_color_default event=call locals={'color': 'True'}
2026-08-23 01:28:24.307 /testbed/src/click/globals.py:59 click.globals.resolve_color_default event=line locals={}
2026-08-23 01:28:24.307 /testbed/src/click/globals.py:60 click.globals.resolve_color_default event=line locals={}
2026-08-23 01:28:24.307 /testbed/src/click/globals.py:60 click.globals.resolve_color_default event=return retval=True locals={'color': 'True'}
2026-08-23 01:28:24.307 /testbed/src/click/globals.py:54 click.globals.resolve_color_default event=call locals={'color': 'None'}
2026-08-23 01:28:24.307 /testbed/src/click/globals.py:59 click.globals.resolve_color_default event=line locals={}
2026-08-23 01:28:24.307 /testbed/src/click/globals.py:62 click.globals.resolve_color_default event=line locals={}
2026-08-23 01:28:24.307 /testbed/src/click/globals.py:20 click.globals.get_current_context event=call locals={'silent': 'True'}
2026-08-23 01:28:24.307 /testbed/src/click/globals.py:35 click.globals.get_current_context event=line locals={}
2026-08-23 01:28:24.307 /testbed/src/click/globals.py:36 click.globals.get_current_context event=line locals={}
2026-08-23 01:28:24.307 /testbed/src/click/globals.py:36 click.globals.get_current_context event=return retval=<click.core.Context object at 0x7f3130bf1010> locals={'silent': 'True'}
2026-08-23 01:28:24.307 /testbed/src/click/globals.py:64 click.globals.resolve_color_default event=line locals={'ctx': '<click.core.Context object at 0x7f3130bf1010>'}
2026-08-23 01:28:24.307 /testbed/src/click/globals.py:65 click.globals.resolve_color_default event=line locals={}
2026-08-23 01:28:24.307 /testbed/src/click/globals.py:65 click.globals.resolve_color_default event=return retval=True locals={'color': 'None', 'ctx': '<click.core.Context object at 0x7f3130bf1010>'}
2026-08-23 01:28:24.307 /testbed/src/click/globals.py:54 click.globals.resolve_color_default event=call locals={'color': 'True'}
2026-08-23 01:28:24.307 /testbed/src/click/globals.py:59 click.globals.resolve_color_default event=line locals={}
2026-08-23 01:28:24.307 /testbed/src/click/globals.py:60 click.globals.resolve_color_default event=line locals={}
2026-08-23 01:28:24.307 /testbed/src/click/globals.py:60 click.globals.resolve_color_default event=return retval=True locals={'color': 'True'}
2026-08-23 01:28:24.307 /testbed/src/click/globals.py:54 click.globals.resolve_color_default event=call locals={'color': 'False'}
2026-08-23 01:28:24.307 /testbed/src/click/globals.py:59 click.globals.resolve_color_default event=line locals={}
2026-08-23 01:28:24.307 /testbed/src/click/globals.py:60 click.globals.resolve_color_default event=line locals={}
2026-08-23 01:28:24.307 /testbed/src/click/globals.py:60 click.globals.resolve_color_default event=return retval=False locals={'color': 'False'}
2026-08-23 01:28:24.307 /testbed/src/click/globals.py:54 click.globals.resolve_color_default event=call locals={'color': 'None'}
2026-08-23 01:28:24.307 /testbed/src/click/globals.py:59 click.globals.resolve_color_default event=line locals={}
2026-08-23 01:28:24.307 /testbed/src/click/globals.py:62 click.globals.resolve_color_default event=line locals={}
2026-08-23 01:28:24.307 /testbed/src/click/globals.py:20 click.globals.get_current_context event=call locals={'silent': 'True'}
2026-08-23 01:28:24.307 /testbed/src/click/globals.py:35 click.globals.get_current_context event=line locals={}
2026-08-23 01:28:24.307 /testbed/src/click/globals.py:36 click.globals.get_current_context event=line locals={}
2026-08-23 01:28:24.307 /testbed/src/click/globals.py:36 click.globals.get_current_context event=exception exc=IndexError: IndexError('list index out of range') locals={}
2026-08-23 01:28:24.307 /testbed/src/click/globals.py:37 click.globals.get_current_context event=line locals={'silent': 'True'}
2026-08-23 01:28:24.307 /testbed/src/click/globals.py:38 click.globals.get_current_context event=line locals={'e': "IndexError('list index out of range')"}
2026-08-23 01:28:24.307 /testbed/src/click/globals.py:41 click.globals.get_current_context event=line locals={}
2026-08-23 01:28:24.307 /testbed/src/click/globals.py:41 click.globals.get_current_context event=return retval=None locals={'silent': 'True'}
2026-08-23 01:28:24.307 /testbed/src/click/globals.py:64 click.globals.resolve_color_default event=line locals={'ctx': 'None'}
2026-08-23 01:28:24.307 /testbed/src/click/globals.py:67 click.globals.resolve_color_default event=line locals={}
2026-08-23 01:28:24.307 /testbed/src/click/globals.py:67 click.globals.resolve_color_default event=return retval=None locals={'color': 'None', 'ctx': 'None'}
2026-08-23 01:28:24.307 /testbed/src/click/globals.py:54 click.globals.resolve_color_default event=call locals={'color': 'False'}
2026-08-23 01:28:24.307 /testbed/src/click/globals.py:59 click.globals.resolve_color_default event=line locals={}
2026-08-23 01:28:24.307 /testbed/src/click/globals.py:60 click.globals.resolve_color_default event=line locals={}
2026-08-23 01:28:24.307 /testbed/src/click/globals.py:60 click.globals.resolve_color_default event=return retval=False locals={'color': 'False'}
2026-08-23 01:28:24.307 /testbed/src/click/globals.py:54 click.globals.resolve_color_default event=call locals={'color': 'True'}
2026-08-23 01:28:24.307 /testbed/src/click/globals.py:59 click.globals.resolve_color_default event=line locals={}
2026-08-23 01:28:24.307 /testbed/src/click/globals.py:60 click.globals.resolve_color_default event=line locals={}
2026-08-23 01:28:24.307 /testbed/src/click/globals.py:60 click.globals.resolve_color_default event=return retval=True locals={'color': 'True'}
2026-08-23 01:28:24.308 /testbed/src/click/globals.py:54 click.globals.resolve_color_default event=call locals={'color': 'False'}
2026-08-23 01:28:24.308 /testbed/src/click/globals.py:59 click.globals.resolve_color_default event=line locals={}
2026-08-23 01:28:24.308 /testbed/src/click/globals.py:60 click.globals.resolve_color_default event=line locals={}
2026-08-23 01:28:24.308 /testbed/src/click/globals.py:60 click.globals.resolve_color_default event=return retval=False locals={'color': 'False'}
2026-08-23 01:28:24.308 /testbed/src/click/globals.py:54 click.globals.resolve_color_default event=call locals={'color': 'True'}
2026-08-23 01:28:24.308 /testbed/src/click/globals.py:59 click.globals.resolve_color_default event=line locals={}
2026-08-23 01:28:24.308 /testbed/src/click/globals.py:60 click.globals.resolve_color_default event=line locals={}
2026-08-23 01:28:24.308 /testbed/src/click/globals.py:60 click.globals.resolve_color_default event=return retval=True locals={'color': 'True'}
2026-08-23 01:28:24.308 /testbed/src/click/globals.py:54 click.globals.resolve_color_default event=call locals={'color': 'True'}
2026-08-23 01:28:24.308 /testbed/src/click/globals.py:59 click.globals.resolve_color_default event=line locals={}
2026-08-23 01:28:24.308 /testbed/src/click/globals.py:60 click.globals.resolve_color_default event=line locals={}
2026-08-23 01:28:24.308 /testbed/src/click/globals.py:60 click.globals.resolve_color_default event=return retval=True locals={'color': 'True'}
2026-08-23 01:28:24.308 /testbed/src/click/globals.py:54 click.globals.resolve_color_default event=call locals={'color': 'False'}
2026-08-23 01:28:24.308 /testbed/src/click/globals.py:59 click.globals.resolve_color_default event=line locals={}
2026-08-23 01:28:24.308 /testbed/src/click/globals.py:60 click.globals.resolve_color_default event=line locals={}
2026-08-23 01:28:24.308 /testbed/src/click/globals.py:60 click.globals.resolve_color_default event=return retval=False locals={'color': 'False'}
2026-08-23 01:28:24.308 /testbed/src/click/globals.py:54 click.globals.resolve_color_default event=call locals={'color': 'False'}
2026-08-23 01:28:24.308 /testbed/src/click/globals.py:59 click.globals.resolve_color_default event=line locals={}
2026-08-23 01:28:24.308 /testbed/src/click/globals.py:60 click.globals.resolve_color_default event=line locals={}
2026-08-23 01:28:24.308 /testbed/src/click/globals.py:60 click.globals.resolve_color_default event=return retval=False locals={'color': 'False'}
2026-08-23 01:28:24.308 /testbed/src/click/globals.py:54 click.globals.resolve_color_default event=call locals={'color': 'None'}
2026-08-23 01:28:24.308 /testbed/src/click/globals.py:59 click.globals.resolve_color_default event=line locals={}
2026-08-23 01:28:24.308 /testbed/src/click/globals.py:62 click.globals.resolve_color_default event=line locals={}
2026-08-23 01:28:24.308 /testbed/src/click/globals.py:20 click.globals.get_current_context event=call locals={'silent': 'True'}
2026-08-23 01:28:24.308 /testbed/src/click/globals.py:35 click.globals.get_current_context event=line locals={}
2026-08-23 01:28:24.308 /testbed/src/click/globals.py:36 click.globals.get_current_context event=line locals={}
2026-08-23 01:28:24.308 /testbed/src/click/globals.py:36 click.globals.get_current_context event=return retval=<click.core.Context object at 0x7f3130bf1010> locals={'silent': 'True'}
2026-08-23 01:28:24.308 /testbed/src/click/globals.py:64 click.globals.resolve_color_default event=line locals={'ctx': '<click.core.Context object at 0x7f3130bf1010>'}
2026-08-23 01:28:24.308 /testbed/src/click/globals.py:65 click.globals.resolve_color_default event=line locals={}
2026-08-23 01:28:24.308 /testbed/src/click/globals.py:65 click.globals.resolve_color_default event=return retval=True locals={'color': 'None', 'ctx': '<click.core.Context object at 0x7f3130bf1010>'}
2026-08-23 01:28:24.308 /testbed/src/click/globals.py:54 click.globals.resolve_color_default event=call locals={'color': 'False'}
2026-08-23 01:28:24.308 /testbed/src/click/globals.py:59 click.globals.resolve_color_default event=line locals={}
2026-08-23 01:28:24.308 /testbed/src/click/globals.py:60 click.globals.resolve_color_default event=line locals={}
2026-08-23 01:28:24.308 /testbed/src/click/globals.py:60 click.globals.resolve_color_default event=return retval=False locals={'color': 'False'}
2026-08-23 01:28:24.308 /testbed/src/click/globals.py:54 click.globals.resolve_color_default event=call locals={'color': 'None'}
2026-08-23 01:28:24.308 /testbed/src/click/globals.py:59 click.globals.resolve_color_default event=line locals={}
2026-08-23 01:28:24.308 /testbed/src/click/globals.py:62 click.globals.resolve_color_default event=line locals={}
2026-08-23 01:28:24.308 /testbed/src/click/globals.py:20 click.globals.get_current_context event=call locals={'silent': 'True'}
2026-08-23 01:28:24.308 /testbed/src/click/globals.py:35 click.globals.get_current_context event=line locals={}
2026-08-23 01:28:24.308 /testbed/src/click/globals.py:36 click.globals.get_current_context event=line locals={}
2026-08-23 01:28:24.308 /testbed/src/click/globals.py:36 click.globals.get_current_context event=return retval=<click.core.Context object at 0x7f3130bf0ad0> locals={'silent': 'True'}
2026-08-23 01:28:24.308 /testbed/src/click/globals.py:64 click.globals.resolve_color_default event=line locals={'ctx': '<click.core.Context object at 0x7f3130bf0ad0>'}
2026-08-23 01:28:24.308 /testbed/src/click/globals.py:65 click.globals.resolve_color_default event=line locals={}
2026-08-23 01:28:24.308 /testbed/src/click/globals.py:65 click.globals.resolve_color_default event=return retval=True locals={'color': 'None', 'ctx': '<click.core.Context object at 0x7f3130bf0ad0>'}
2026-08-23 01:28:24.308 /testbed/src/click/globals.py:54 click.globals.resolve_color_default event=call locals={'color': 'None'}
2026-08-23 01:28:24.308 /testbed/src/click/globals.py:59 click.globals.resolve_color_default event=line locals={}
2026-08-23 01:28:24.308 /testbed/src/click/globals.py:62 click.globals.resolve_color_default event=line locals={}
2026-08-23 01:28:24.308 /testbed/src/click/globals.py:20 click.globals.get_current_context event=call locals={'silent': 'True'}
2026-08-23 01:28:24.308 /testbed/src/click/globals.py:35 click.globals.get_current_context event=line locals={}
2026-08-23 01:28:24.308 /testbed/src/click/globals.py:36 click.globals.get_current_context event=line locals={}
2026-08-23 01:28:24.308 /testbed/src/click/globals.py:36 click.globals.get_current_context event=return retval=<click.core.Context object at 0x7f3130bf0ad0> locals={'silent': 'True'}
2026-08-23 01:28:24.308 /testbed/src/click/globals.py:64 click.globals.resolve_color_default event=line locals={'ctx': '<click.core.Context object at 0x7f3130bf0ad0>'}
2026-08-23 01:28:24.308 /testbed/src/click/globals.py:65 click.globals.resolve_color_default event=line locals={}
2026-08-23 01:28:24.308 /testbed/src/click/globals.py:65 click.globals.resolve_color_default event=return retval=True locals={'color': 'None', 'ctx': '<click.core.Context object at 0x7f3130bf0ad0>'}
2026-08-23 01:28:24.308 /testbed/src/click/globals.py:54 click.globals.resolve_color_default event=call locals={'color': 'None'}
2026-08-23 01:28:24.308 /testbed/src/click/globals.py:59 click.globals.resolve_color_default event=line locals={}
2026-08-23 01:28:24.308 /testbed/src/click/globals.py:62 click.globals.resolve_color_default event=line locals={}
2026-08-23 01:28:24.308 /testbed/src/click/globals.py:20 click.globals.get_current_context event=call locals={'silent': 'True'}
2026-08-23 01:28:24.308 /testbed/src/click/globals.py:35 click.globals.get_current_context event=line locals={}
2026-08-23 01:28:24.308 /testbed/src/click/globals.py:36 click.globals.get_current_context event=line locals={}
2026-08-23 01:28:24.308 /testbed/src/click/globals.py:36 click.globals.get_current_context event=exception exc=IndexError: IndexError('list index out of range') locals={}
2026-08-23 01:28:24.308 /testbed/src/click/globals.py:37 click.globals.get_current_context event=line locals={'silent': 'True'}
2026-08-23 01:28:24.308 /testbed/src/click/globals.py:38 click.globals.get_current_context event=line locals={'e': "IndexError('list index out of range')"}
2026-08-23 01:28:24.308 /testbed/src/click/globals.py:41 click.globals.get_current_context event=line locals={}
2026-08-23 01:28:24.308 /testbed/src/click/globals.py:41 click.globals.get_current_context event=return retval=None locals={'silent': 'True'}
2026-08-23 01:28:24.308 /testbed/src/click/globals.py:64 click.globals.resolve_color_default event=line locals={'ctx': 'None'}
2026-08-23 01:28:24.308 /testbed/src/click/globals.py:67 click.globals.resolve_color_default event=line locals={}
2026-08-23 01:28:24.308 /testbed/src/click/globals.py:67 click.globals.resolve_color_default event=return retval=None locals={'color': 'None', 'ctx': 'None'}
2026-08-23 01:28:24.308 /testbed/src/click/globals.py:54 click.globals.resolve_color_default event=call locals={'color': 'True'}
2026-08-23 01:28:24.308 /testbed/src/click/globals.py:59 click.globals.resolve_color_default event=line locals={}
2026-08-23 01:28:24.308 /testbed/src/click/globals.py:60 click.globals.resolve_color_default event=line locals={}
2026-08-23 01:28:24.308 /testbed/src/click/globals.py:60 click.globals.resolve_color_default event=return retval=True locals={'color': 'True'}
2026-08-23 01:28:24.309 /testbed/src/click/globals.py:54 click.globals.resolve_color_default event=call locals={'color': 'None'}
2026-08-23 01:28:24.309 /testbed/src/click/globals.py:59 click.globals.resolve_color_default event=line locals={}
2026-08-23 01:28:24.309 /testbed/src/click/globals.py:62 click.globals.resolve_color_default event=line locals={}
2026-08-23 01:28:24.309 /testbed/src/click/globals.py:20 click.globals.get_current_context event=call locals={'silent': 'True'}
2026-08-23 01:28:24.309 /testbed/src/click/globals.py:35 click.globals.get_current_context event=line locals={}
2026-08-23 01:28:24.309 /testbed/src/click/globals.py:36 click.globals.get_current_context event=line locals={}
2026-08-23 01:28:24.309 /testbed/src/click/globals.py:36 click.globals.get_current_context event=exception exc=IndexError: IndexError('list index out of range') locals={}
2026-08-23 01:28:24.309 /testbed/src/click/globals.py:37 click.globals.get_current_context event=line locals={'silent': 'True'}
2026-08-23 01:28:24.309 /testbed/src/click/globals.py:38 click.globals.get_current_context event=line locals={'e': "IndexError('list index out of range')"}
2026-08-23 01:28:24.309 /testbed/src/click/globals.py:41 click.globals.get_current_context event=line locals={}
2026-08-23 01:28:24.309 /testbed/src/click/globals.py:41 click.globals.get_current_context event=return retval=None locals={'silent': 'True'}
2026-08-23 01:28:24.309 /testbed/src/click/globals.py:64 click.globals.resolve_color_default event=line locals={'ctx': 'None'}
2026-08-23 01:28:24.309 /testbed/src/click/globals.py:67 click.globals.resolve_color_default event=line locals={}
2026-08-23 01:28:24.309 /testbed/src/click/globals.py:67 click.globals.resolve_color_default event=return retval=None locals={'color': 'None', 'ctx': 'None'}
2026-08-23 01:28:24.309 /testbed/src/click/globals.py:54 click.globals.resolve_color_default event=call locals={'color': 'False'}
2026-08-23 01:28:24.309 /testbed/src/click/globals.py:59 click.globals.resolve_color_default event=line locals={}
2026-08-23 01:28:24.309 /testbed/src/click/globals.py:60 click.globals.resolve_color_default event=line locals={}
2026-08-23 01:28:24.309 /testbed/src/click/globals.py:60 click.globals.resolve_color_default event=return retval=False locals={'color': 'False'}
2026-08-23 01:28:24.309 /testbed/src/click/globals.py:54 click.globals.resolve_color_default event=call locals={'color': 'True'}
2026-08-23 01:28:24.309 /testbed/src/click/globals.py:59 click.globals.resolve_color_default event=line locals={}
2026-08-23 01:28:24.309 /testbed/src/click/globals.py:60 click.globals.resolve_color_default event=line locals={}
2026-08-23 01:28:24.309 /testbed/src/click/globals.py:60 click.globals.resolve_color_default event=return retval=True locals={'color': 'True'}
2026-08-23 01:28:24.309 /testbed/src/click/globals.py:54 click.globals.resolve_color_default event=call locals={'color': 'None'}
2026-08-23 01:28:24.309 /testbed/src/click/globals.py:59 click.globals.resolve_color_default event=line locals={}
2026-08-23 01:28:24.309 /testbed/src/click/globals.py:62 click.globals.resolve_color_default event=line locals={}
2026-08-23 01:28:24.309 /testbed/src/click/globals.py:20 click.globals.get_current_context event=call locals={'silent': 'True'}
2026-08-23 01:28:24.309 /testbed/src/click/globals.py:35 click.globals.get_current_context event=line locals={}
2026-08-23 01:28:24.309 /testbed/src/click/globals.py:36 click.globals.get_current_context event=line locals={}
2026-08-23 01:28:24.309 /testbed/src/click/globals.py:36 click.globals.get_current_context event=return retval=<click.core.Context object at 0x7f3130bf0350> locals={'silent': 'True'}
2026-08-23 01:28:24.309 /testbed/src/click/globals.py:64 click.globals.resolve_color_default event=line locals={'ctx': '<click.core.Context object at 0x7f3130bf0350>'}
2026-08-23 01:28:24.309 /testbed/src/click/globals.py:65 click.globals.resolve_color_default event=line locals={}
2026-08-23 01:28:24.309 /testbed/src/click/globals.py:65 click.globals.resolve_color_default event=return retval=True locals={'color': 'None', 'ctx': '<click.core.Context object at 0x7f3130bf0350>'}
2026-08-23 01:28:24.309 /testbed/src/click/globals.py:54 click.globals.resolve_color_default event=call locals={'color': 'False'}
2026-08-23 01:28:24.309 /testbed/src/click/globals.py:59 click.globals.resolve_color_default event=line locals={}
2026-08-23 01:28:24.309 /testbed/src/click/globals.py:60 click.globals.resolve_color_default event=line locals={}
2026-08-23 01:28:24.309 /testbed/src/click/globals.py:60 click.globals.resolve_color_default event=return retval=False locals={'color': 'False'}
2026-08-23 01:28:24.309 /testbed/src/click/globals.py:54 click.globals.resolve_color_default event=call locals={'color': 'False'}
2026-08-23 01:28:24.309 /testbed/src/click/globals.py:59 click.globals.resolve_color_default event=line locals={}
2026-08-23 01:28:24.309 /testbed/src/click/globals.py:60 click.globals.resolve_color_default event=line locals={}
2026-08-23 01:28:24.309 /testbed/src/click/globals.py:60 click.globals.resolve_color_default event=return retval=False locals={'color': 'False'}
2026-08-23 01:28:24.309 /testbed/src/click/globals.py:54 click.globals.resolve_color_default event=call locals={'color': 'False'}
2026-08-23 01:28:24.309 /testbed/src/click/globals.py:59 click.globals.resolve_color_default event=line locals={}
2026-08-23 01:28:24.309 /testbed/src/click/globals.py:60 click.globals.resolve_color_default event=line locals={}
2026-08-23 01:28:24.309 /testbed/src/click/globals.py:60 click.globals.resolve_color_default event=return retval=False locals={'color': 'False'}
2026-08-23 01:28:24.309 /testbed/src/click/globals.py:54 click.globals.resolve_color_default event=call locals={'color': 'None'}
2026-08-23 01:28:24.309 /testbed/src/click/globals.py:59 click.globals.resolve_color_default event=line locals={}
2026-08-23 01:28:24.309 /testbed/src/click/globals.py:62 click.globals.resolve_color_default event=line locals={}
2026-08-23 01:28:24.309 /testbed/src/click/globals.py:20 click.globals.get_current_context event=call locals={'silent': 'True'}
2026-08-23 01:28:24.309 /testbed/src/click/globals.py:35 click.globals.get_current_context event=line locals={}
2026-08-23 01:28:24.309 /testbed/src/click/globals.py:36 click.globals.get_current_context event=line locals={}
2026-08-23 01:28:24.309 /testbed/src/click/globals.py:36 click.globals.get_current_context event=return retval=<click.core.Context object at 0x7f31310f7c50> locals={'silent': 'True'}
2026-08-23 01:28:24.309 /testbed/src/click/globals.py:64 click.globals.resolve_color_default event=line locals={'ctx': '<click.core.Context object at 0x7f31310f7c50>'}
2026-08-23 01:28:24.309 /testbed/src/click/globals.py:65 click.globals.resolve_color_default event=line locals={}
2026-08-23 01:28:24.309 /testbed/src/click/globals.py:65 click.globals.resolve_color_default event=return retval=True locals={'color': 'None', 'ctx': '<click.core.Context object at 0x7f31310f7c50>'}
2026-08-23 01:28:24.309 /testbed/src/click/globals.py:54 click.globals.resolve_color_default event=call locals={'color': 'False'}
2026-08-23 01:28:24.309 /testbed/src/click/globals.py:59 click.globals.resolve_color_default event=line locals={}
2026-08-23 01:28:24.309 /testbed/src/click/globals.py:60 click.globals.resolve_color_default event=line locals={}
2026-08-23 01:28:24.309 /testbed/src/click/globals.py:60 click.globals.resolve_color_default event=return retval=False locals={'color': 'False'}
2026-08-23 01:28:24.309 /testbed/src/click/globals.py:54 click.globals.resolve_color_default event=call locals={'color': 'None'}
2026-08-23 01:28:24.309 /testbed/src/click/globals.py:59 click.globals.resolve_color_default event=line locals={}
2026-08-23 01:28:24.309 /testbed/src/click/globals.py:62 click.globals.resolve_color_default event=line locals={}
2026-08-23 01:28:24.309 /testbed/src/click/globals.py:20 click.globals.get_current_context event=call locals={'silent': 'True'}
2026-08-23 01:28:24.309 /testbed/src/click/globals.py:35 click.globals.get_current_context event=line locals={}
2026-08-23 01:28:24.309 /testbed/src/click/globals.py:36 click.globals.get_current_context event=line locals={}
2026-08-23 01:28:24.309 /testbed/src/click/globals.py:36 click.globals.get_current_context event=return retval=<click.core.Context object at 0x7f3130bf0ad0> locals={'silent': 'True'}
2026-08-23 01:28:24.309 /testbed/src/click/globals.py:64 click.globals.resolve_color_default event=line locals={'ctx': '<click.core.Context object at 0x7f3130bf0ad0>'}
2026-08-23 01:28:24.309 /testbed/src/click/globals.py:65 click.globals.resolve_color_default event=line locals={}
2026-08-23 01:28:24.309 /testbed/src/click/globals.py:65 click.globals.resolve_color_default event=return retval=True locals={'color': 'None', 'ctx': '<click.core.Context object at 0x7f3130bf0ad0>'}
2026-08-23 01:28:24.309 /testbed/src/click/globals.py:54 click.globals.resolve_color_default event=call locals={'color': 'None'}
2026-08-23 01:28:24.309 /testbed/src/click/globals.py:59 click.globals.resolve_color_default event=line locals={}
2026-08-23 01:28:24.309 /testbed/src/click/globals.py:62 click.globals.resolve_color_default event=line locals={}
2026-08-23 01:28:24.309 /testbed/src/click/globals.py:20 click.globals.get_current_context event=call locals={'silent': 'True'}
2026-08-23 01:28:24.309 /testbed/src/click/globals.py:35 click.globals.get_current_context event=line locals={}
2026-08-23 01:28:24.309 /testbed/src/click/globals.py:36 click.globals.get_current_context event=line locals={}
2026-08-23 01:28:24.309 /testbed/src/click/globals.py:36 click.globals.get_current_context event=exception exc=IndexError: IndexError('list index out of range') locals={}
2026-08-23 01:28:24.309 /testbed/src/click/globals.py:37 click.globals.get_current_context event=line locals={'silent': 'True'}
2026-08-23 01:28:24.309 /testbed/src/click/globals.py:38 click.globals.get_current_context event=line locals={'e': "IndexError('list index out of range')"}
2026-08-23 01:28:24.309 /testbed/src/click/globals.py:41 click.globals.get_current_context event=line locals={}
2026-08-23 01:28:24.309 /testbed/src/click/globals.py:41 click.globals.get_current_context event=return retval=None locals={'silent': 'True'}
2026-08-23 01:28:24.309 /testbed/src/click/globals.py:64 click.globals.resolve_color_default event=line locals={'ctx': 'None'}
2026-08-23 01:28:24.309 /testbed/src/click/globals.py:67 click.globals.resolve_color_default event=line locals={}
2026-08-23 01:28:24.309 /testbed/src/click/globals.py:67 click.globals.resolve_color_default event=return retval=None locals={'color': 'None', 'ctx': 'None'}
2026-08-23 01:28:24.309 /testbed/src/click/globals.py:54 click.globals.resolve_color_default event=call locals={'color': 'False'}
2026-08-23 01:28:24.309 /testbed/src/click/globals.py:59 click.globals.resolve_color_default event=line locals={}
2026-08-23 01:28:24.309 /testbed/src/click/globals.py:60 click.globals.resolve_color_default event=line locals={}
2026-08-23 01:28:24.309 /testbed/src/click/globals.py:60 click.globals.resolve_color_default event=return retval=False locals={'color': 'False'}
2026-08-23 01:28:24.309 /testbed/src/click/globals.py:54 click.globals.resolve_color_default event=call locals={'color': 'None'}
2026-08-23 01:28:24.309 /testbed/src/click/globals.py:59 click.globals.resolve_color_default event=line locals={}
2026-08-23 01:28:24.309 /testbed/src/click/globals.py:62 click.globals.resolve_color_default event=line locals={}
2026-08-23 01:28:24.309 /testbed/src/click/globals.py:20 click.globals.get_current_context event=call locals={'silent': 'True'}
2026-08-23 01:28:24.309 /testbed/src/click/globals.py:35 click.globals.get_current_context event=line locals={}
2026-08-23 01:28:24.309 /testbed/src/click/globals.py:36 click.globals.get_current_context event=line locals={}
2026-08-23 01:28:24.309 /testbed/src/click/globals.py:36 click.globals.get_current_context event=return retval=<click.core.Context object at 0x7f3130bd6c90> locals={'silent': 'True'}
2026-08-23 01:28:24.309 /testbed/src/click/globals.py:64 click.globals.resolve_color_default event=line locals={'ctx': '<click.core.Context object at 0x7f3130bd6c90>'}
2026-08-23 01:28:24.310 /testbed/src/click/globals.py:65 click.globals.resolve_color_default event=line locals={}
2026-08-23 01:28:24.310 /testbed/src/click/globals.py:65 click.globals.resolve_color_default event=return retval=True locals={'color': 'None', 'ctx': '<click.core.Context object at 0x7f3130bd6c90>'}
2026-08-23 01:28:24.310 /testbed/src/click/globals.py:54 click.globals.resolve_color_default event=call locals={'color': 'None'}
2026-08-23 01:28:24.310 /testbed/src/click/globals.py:59 click.globals.resolve_color_default event=line locals={}
2026-08-23 01:28:24.310 /testbed/src/click/globals.py:62 click.globals.resolve_color_default event=line locals={}
2026-08-23 01:28:24.310 /testbed/src/click/globals.py:20 click.globals.get_current_context event=call locals={'silent': 'True'}
2026-08-23 01:28:24.310 /testbed/src/click/globals.py:35 click.globals.get_current_context event=line locals={}
2026-08-23 01:28:24.310 /testbed/src/click/globals.py:36 click.globals.get_current_context event=line locals={}
2026-08-23 01:28:24.310 /testbed/src/click/globals.py:36 click.globals.get_current_context event=return retval=<click.core.Context object at 0x7f3130bd72d0> locals={'silent': 'True'}
2026-08-23 01:28:24.310 /testbed/src/click/globals.py:64 click.globals.resolve_color_default event=line locals={'ctx': '<click.core.Context object at 0x7f3130bd72d0>'}
2026-08-23 01:28:24.310 /testbed/src/click/globals.py:65 click.globals.resolve_color_default event=line locals={}
2026-08-23 01:28:24.310 /testbed/src/click/globals.py:65 click.globals.resolve_color_default event=return retval=True locals={'color': 'None', 'ctx': '<click.core.Context object at 0x7f3130bd72d0>'}
2026-08-23 01:28:24.310 /testbed/src/click/globals.py:54 click.globals.resolve_color_default event=call locals={'color': 'None'}
2026-08-23 01:28:24.310 /testbed/src/click/globals.py:59 click.globals.resolve_color_default event=line locals={}
2026-08-23 01:28:24.310 /testbed/src/click/globals.py:62 click.globals.resolve_color_default event=line locals={}
2026-08-23 01:28:24.310 /testbed/src/click/globals.py:20 click.globals.get_current_context event=call locals={'silent': 'True'}
2026-08-23 01:28:24.310 /testbed/src/click/globals.py:35 click.globals.get_current_context event=line locals={}
2026-08-23 01:28:24.310 /testbed/src/click/globals.py:36 click.globals.get_current_context event=line locals={}
2026-08-23 01:28:24.310 /testbed/src/click/globals.py:36 click.globals.get_current_context event=return retval=<click.core.Context object at 0x7f3130bd7910> locals={'silent': 'True'}
2026-08-23 01:28:24.310 /testbed/src/click/globals.py:64 click.globals.resolve_color_default event=line locals={'ctx': '<click.core.Context object at 0x7f3130bd7910>'}
2026-08-23 01:28:24.310 /testbed/src/click/globals.py:65 click.globals.resolve_color_default event=line locals={}
2026-08-23 01:28:24.310 /testbed/src/click/globals.py:65 click.globals.resolve_color_default event=return retval=True locals={'color': 'None', 'ctx': '<click.core.Context object at 0x7f3130bd7910>'}
2026-08-23 01:28:24.310 /testbed/src/click/globals.py:54 click.globals.resolve_color_default event=call locals={'color': 'None'}
2026-08-23 01:28:24.310 /testbed/src/click/globals.py:59 click.globals.resolve_color_default event=line locals={}
2026-08-23 01:28:24.310 /testbed/src/click/globals.py:62 click.globals.resolve_color_default event=line locals={}
2026-08-23 01:28:24.310 /testbed/src/click/globals.py:20 click.globals.get_current_context event=call locals={'silent': 'True'}
2026-08-23 01:28:24.310 /testbed/src/click/globals.py:35 click.globals.get_current_context event=line locals={}
2026-08-23 01:28:24.310 /testbed/src/click/globals.py:36 click.globals.get_current_context event=line locals={}
2026-08-23 01:28:24.310 /testbed/src/click/globals.py:36 click.globals.get_current_context event=exception exc=IndexError: IndexError('list index out of range') locals={}
2026-08-23 01:28:24.310 /testbed/src/click/globals.py:37 click.globals.get_current_context event=line locals={'silent': 'True'}
2026-08-23 01:28:24.310 /testbed/src/click/globals.py:38 click.globals.get_current_context event=line locals={'e': "IndexError('list index out of range')"}
2026-08-23 01:28:24.310 /testbed/src/click/globals.py:41 click.globals.get_current_context event=line locals={}
2026-08-23 01:28:24.310 /testbed/src/click/globals.py:41 click.globals.get_current_context event=return retval=None locals={'silent': 'True'}
2026-08-23 01:28:24.310 /testbed/src/click/globals.py:64 click.globals.resolve_color_default event=line locals={'ctx': 'None'}
2026-08-23 01:28:24.310 /testbed/src/click/globals.py:67 click.globals.resolve_color_default event=line locals={}
2026-08-23 01:28:24.310 /testbed/src/click/globals.py:67 click.globals.resolve_color_default event=return retval=None locals={'color': 'None', 'ctx': 'None'}
2026-08-23 01:28:24.310 /testbed/src/click/globals.py:54 click.globals.resolve_color_default event=call locals={'color': 'False'}
2026-08-23 01:28:24.310 /testbed/src/click/globals.py:59 click.globals.resolve_color_default event=line locals={}
2026-08-23 01:28:24.310 /testbed/src/click/globals.py:60 click.globals.resolve_color_default event=line locals={}
2026-08-23 01:28:24.310 /testbed/src/click/globals.py:60 click.globals.resolve_color_default event=return retval=False locals={'color': 'False'}
2026-08-23 01:28:24.310 /testbed/src/click/globals.py:54 click.globals.resolve_color_default event=call locals={'color': 'None'}
2026-08-23 01:28:24.310 /testbed/src/click/globals.py:59 click.globals.resolve_color_default event=line locals={}
2026-08-23 01:28:24.310 /testbed/src/click/globals.py:62 click.globals.resolve_color_default event=line locals={}
2026-08-23 01:28:24.310 /testbed/src/click/globals.py:20 click.globals.get_current_context event=call locals={'silent': 'True'}
2026-08-23 01:28:24.310 /testbed/src/click/globals.py:35 click.globals.get_current_context event=line locals={}
2026-08-23 01:28:24.310 /testbed/src/click/globals.py:36 click.globals.get_current_context event=line locals={}
2026-08-23 01:28:24.310 /testbed/src/click/globals.py:36 click.globals.get_current_context event=exception exc=IndexError: IndexError('list index out of range') locals={}
2026-08-23 01:28:24.310 /testbed/src/click/globals.py:37 click.globals.get_current_context event=line locals={'silent': 'True'}
2026-08-23 01:28:24.310 /testbed/src/click/globals.py:38 click.globals.get_current_context event=line locals={'e': "IndexError('list index out of range')"}
2026-08-23 01:28:24.310 /testbed/src/click/globals.py:41 click.globals.get_current_context event=line locals={}
2026-08-23 01:28:24.310 /testbed/src/click/globals.py:41 click.globals.get_current_context event=return retval=None locals={'silent': 'True'}
2026-08-23 01:28:24.310 /testbed/src/click/globals.py:64 click.globals.resolve_color_default event=line locals={'ctx': 'None'}
2026-08-23 01:28:24.310 /testbed/src/click/globals.py:67 click.globals.resolve_color_default event=line locals={}
2026-08-23 01:28:24.310 /testbed/src/click/globals.py:67 click.globals.resolve_color_default event=return retval=None locals={'color': 'None', 'ctx': 'None'}
2026-08-23 01:28:24.310 /testbed/src/click/globals.py:54 click.globals.resolve_color_default event=call locals={'color': 'None'}
2026-08-23 01:28:24.310 /testbed/src/click/globals.py:59 click.globals.resolve_color_default event=line locals={}
2026-08-23 01:28:24.310 /testbed/src/click/globals.py:62 click.globals.resolve_color_default event=line locals={}
2026-08-23 01:28:24.310 /testbed/src/click/globals.py:20 click.globals.get_current_context event=call locals={'silent': 'True'}
2026-08-23 01:28:24.310 /testbed/src/click/globals.py:35 click.globals.get_current_context event=line locals={}
2026-08-23 01:28:24.310 /testbed/src/click/globals.py:36 click.globals.get_current_context event=line locals={}
2026-08-23 01:28:24.310 /testbed/src/click/globals.py:36 click.globals.get_current_context event=return retval=<click.core.Context object at 0x7f3130dbe5d0> locals={'silent': 'True'}
2026-08-23 01:28:24.310 /testbed/src/click/globals.py:64 click.globals.resolve_color_default event=line locals={'ctx': '<click.core.Context object at 0x7f3130dbe5d0>'}
2026-08-23 01:28:24.310 /testbed/src/click/globals.py:65 click.globals.resolve_color_default event=line locals={}
2026-08-23 01:28:24.310 /testbed/src/click/globals.py:65 click.globals.resolve_color_default event=return retval=True locals={'color': 'None', 'ctx': '<click.core.Context object at 0x7f3130dbe5d0>'}
2026-08-23 01:28:24.310 /testbed/src/click/globals.py:54 click.globals.resolve_color_default event=call locals={'color': 'None'}
2026-08-23 01:28:24.310 /testbed/src/click/globals.py:59 click.globals.resolve_color_default event=line locals={}
2026-08-23 01:28:24.310 /testbed/src/click/globals.py:62 click.globals.resolve_color_default event=line locals={}
2026-08-23 01:28:24.310 /testbed/src/click/globals.py:20 click.globals.get_current_context event=call locals={'silent': 'True'}
2026-08-23 01:28:24.310 /testbed/src/click/globals.py:35 click.globals.get_current_context event=line locals={}
2026-08-23 01:28:24.310 /testbed/src/click/globals.py:36 click.globals.get_current_context event=line locals={}
2026-08-23 01:28:24.310 /testbed/src/click/globals.py:36 click.globals.get_current_context event=return retval=<click.core.Context object at 0x7f3130bd7910> locals={'silent': 'True'}
2026-08-23 01:28:24.310 /testbed/src/click/globals.py:64 click.globals.resolve_color_default event=line locals={'ctx': '<click.core.Context object at 0x7f3130bd7910>'}
2026-08-23 01:28:24.310 /testbed/src/click/globals.py:65 click.globals.resolve_color_default event=line locals={}
2026-08-23 01:28:24.310 /testbed/src/click/globals.py:65 click.globals.resolve_color_default event=return retval=True locals={'color': 'None', 'ctx': '<click.core.Context object at 0x7f3130bd7910>'}
2026-08-23 01:28:24.310 /testbed/src/click/globals.py:54 click.globals.resolve_color_default event=call locals={'color': 'False'}
2026-08-23 01:28:24.310 /testbed/src/click/globals.py:59 click.globals.resolve_color_default event=line locals={}
2026-08-23 01:28:24.310 /testbed/src/click/globals.py:60 click.globals.resolve_color_default event=line locals={}
2026-08-23 01:28:24.310 /testbed/src/click/globals.py:60 click.globals.resolve_color_default event=return retval=False locals={'color': 'False'}
2026-08-23 01:28:24.310 /testbed/src/click/globals.py:54 click.globals.resolve_color_default event=call locals={'color': 'None'}
2026-08-23 01:28:24.310 /testbed/src/click/globals.py:59 click.globals.resolve_color_default event=line locals={}
2026-08-23 01:28:24.310 /testbed/src/click/globals.py:62 click.globals.resolve_color_default event=line locals={}
2026-08-23 01:28:24.310 /testbed/src/click/globals.py:20 click.globals.get_current_context event=call locals={'silent': 'True'}
2026-08-23 01:28:24.310 /testbed/src/click/globals.py:35 click.globals.get_current_context event=line locals={}
2026-08-23 01:28:24.310 /testbed/src/click/globals.py:36 click.globals.get_current_context event=line locals={}
2026-08-23 01:28:24.310 /testbed/src/click/globals.py:36 click.globals.get_current_context event=return retval=<click.core.Context object at 0x7f3130bd7150> locals={'silent': 'True'}
2026-08-23 01:28:24.310 /testbed/src/click/globals.py:64 click.globals.resolve_color_default event=line locals={'ctx': '<click.core.Context object at 0x7f3130bd7150>'}
2026-08-23 01:28:24.310 /testbed/src/click/globals.py:65 click.globals.resolve_color_default event=line locals={}
2026-08-23 01:28:24.310 /testbed/src/click/globals.py:65 click.globals.resolve_color_default event=return retval=True locals={'color': 'None', 'ctx': '<click.core.Context object at 0x7f3130bd7150>'}
2026-08-23 01:28:24.311 /testbed/src/click/globals.py:54 click.globals.resolve_color_default event=call locals={'color': 'True'}
2026-08-23 01:28:24.311 /testbed/src/click/globals.py:59 click.globals.resolve_color_default event=line locals={}
2026-08-23 01:28:24.311 /testbed/src/click/globals.py:60 click.globals.resolve_color_default event=line locals={}
2026-08-23 01:28:24.311 /testbed/src/click/globals.py:60 click.globals.resolve_color_default event=return retval=True locals={'color': 'True'}
2026-08-23 01:28:24.311 /testbed/src/click/globals.py:54 click.globals.resolve_color_default event=call locals={'color': 'None'}
2026-08-23 01:28:24.311 /testbed/src/click/globals.py:59 click.globals.resolve_color_default event=line locals={}
2026-08-23 01:28:24.311 /testbed/src/click/globals.py:62 click.globals.resolve_color_default event=line locals={}
2026-08-23 01:28:24.311 /testbed/src/click/globals.py:20 click.globals.get_current_context event=call locals={'silent': 'True'}
2026-08-23 01:28:24.311 /testbed/src/click/globals.py:35 click.globals.get_current_context event=line locals={}
2026-08-23 01:28:24.311 /testbed/src/click/globals.py:36 click.globals.get_current_context event=line locals={}
2026-08-23 01:28:24.311 /testbed/src/click/globals.py:36 click.globals.get_current_context event=exception exc=IndexError: IndexError('list index out of range') locals={}
2026-08-23 01:28:24.311 /testbed/src/click/globals.py:37 click.globals.get_current_context event=line locals={'silent': 'True'}
2026-08-23 01:28:24.311 /testbed/src/click/globals.py:38 click.globals.get_current_context event=line locals={'e': "IndexError('list index out of range')"}
2026-08-23 01:28:24.311 /testbed/src/click/globals.py:41 click.globals.get_current_context event=line locals={}
2026-08-23 01:28:24.311 /testbed/src/click/globals.py:41 click.globals.get_current_context event=return retval=None locals={'silent': 'True'}
2026-08-23 01:28:24.311 /testbed/src/click/globals.py:64 click.globals.resolve_color_default event=line locals={'ctx': 'None'}
2026-08-23 01:28:24.311 /testbed/src/click/globals.py:67 click.globals.resolve_color_default event=line locals={}
2026-08-23 01:28:24.311 /testbed/src/click/globals.py:67 click.globals.resolve_color_default event=return retval=None locals={'color': 'None', 'ctx': 'None'}
2026-08-23 01:28:24.311 /testbed/src/click/globals.py:54 click.globals.resolve_color_default event=call locals={'color': 'True'}
2026-08-23 01:28:24.311 /testbed/src/click/globals.py:59 click.globals.resolve_color_default event=line locals={}
2026-08-23 01:28:24.311 /testbed/src/click/globals.py:60 click.globals.resolve_color_default event=line locals={}
2026-08-23 01:28:24.311 /testbed/src/click/globals.py:60 click.globals.resolve_color_default event=return retval=True locals={'color': 'True'}
2026-08-23 01:28:24.311 /testbed/src/click/globals.py:54 click.globals.resolve_color_default event=call locals={'color': 'None'}
2026-08-23 01:28:24.311 /testbed/src/click/globals.py:59 click.globals.resolve_color_default event=line locals={}
2026-08-23 01:28:24.311 /testbed/src/click/globals.py:62 click.globals.resolve_color_default event=line locals={}
2026-08-23 01:28:24.311 /testbed/src/click/globals.py:20 click.globals.get_current_context event=call locals={'silent': 'True'}
2026-08-23 01:28:24.311 /testbed/src/click/globals.py:35 click.globals.get_current_context event=line locals={}
2026-08-23 01:28:24.311 /testbed/src/click/globals.py:36 click.globals.get_current_context event=line locals={}
2026-08-23 01:28:24.311 /testbed/src/click/globals.py:36 click.globals.get_current_context event=return retval=<click.core.Context object at 0x7f3130bd7e10> locals={'silent': 'True'}
2026-08-23 01:28:24.311 /testbed/src/click/globals.py:64 click.globals.resolve_color_default event=line locals={'ctx': '<click.core.Context object at 0x7f3130bd7e10>'}
2026-08-23 01:28:24.311 /testbed/src/click/globals.py:65 click.globals.resolve_color_default event=line locals={}
2026-08-23 01:28:24.311 /testbed/src/click/globals.py:65 click.globals.resolve_color_default event=return retval=True locals={'color': 'None', 'ctx': '<click.core.Context object at 0x7f3130bd7e10>'}
2026-08-23 01:28:24.311 /testbed/src/click/globals.py:54 click.globals.resolve_color_default event=call locals={'color': 'False'}
2026-08-23 01:28:24.311 /testbed/src/click/globals.py:59 click.globals.resolve_color_default event=line locals={}
2026-08-23 01:28:24.311 /testbed/src/click/globals.py:60 click.globals.resolve_color_default event=line locals={}
2026-08-23 01:28:24.311 /testbed/src/click/globals.py:60 click.globals.resolve_color_default event=return retval=False locals={'color': 'False'}
2026-08-23 01:28:24.311 /testbed/src/click/globals.py:54 click.globals.resolve_color_default event=call locals={'color': 'None'}
2026-08-23 01:28:24.311 /testbed/src/click/globals.py:59 click.globals.resolve_color_default event=line locals={}
2026-08-23 01:28:24.311 /testbed/src/click/globals.py:62 click.globals.resolve_color_default event=line locals={}
2026-08-23 01:28:24.311 /testbed/src/click/globals.py:20 click.globals.get_current_context event=call locals={'silent': 'True'}
2026-08-23 01:28:24.311 /testbed/src/click/globals.py:35 click.globals.get_current_context event=line locals={}
2026-08-23 01:28:24.311 /testbed/src/click/globals.py:36 click.globals.get_current_context event=line locals={}
2026-08-23 01:28:24.311 /testbed/src/click/globals.py:36 click.globals.get_current_context event=return retval=<click.core.Context object at 0x7f3130bd7910> locals={'silent': 'True'}
2026-08-23 01:28:24.311 /testbed/src/click/globals.py:64 click.globals.resolve_color_default event=line locals={'ctx': '<click.core.Context object at 0x7f3130bd7910>'}
2026-08-23 01:28:24.311 /testbed/src/click/globals.py:65 click.globals.resolve_color_default event=line locals={}
2026-08-23 01:28:24.311 /testbed/src/click/globals.py:65 click.globals.resolve_color_default event=return retval=True locals={'color': 'None', 'ctx': '<click.core.Context object at 0x7f3130bd7910>'}
2026-08-23 01:28:24.311 /testbed/src/click/globals.py:54 click.globals.resolve_color_default event=call locals={'color': 'False'}
2026-08-23 01:28:24.311 /testbed/src/click/globals.py:59 click.globals.resolve_color_default event=line locals={}
2026-08-23 01:28:24.311 /testbed/src/click/globals.py:60 click.globals.resolve_color_default event=line locals={}
2026-08-23 01:28:24.311 /testbed/src/click/globals.py:60 click.globals.resolve_color_default event=return retval=False locals={'color': 'False'}
2026-08-23 01:28:24.311 /testbed/src/click/globals.py:54 click.globals.resolve_color_default event=call locals={'color': 'True'}
2026-08-23 01:28:24.311 /testbed/src/click/globals.py:59 click.globals.resolve_color_default event=line locals={}
2026-08-23 01:28:24.311 /testbed/src/click/globals.py:60 click.globals.resolve_color_default event=line locals={}
2026-08-23 01:28:24.311 /testbed/src/click/globals.py:60 click.globals.resolve_color_default event=return retval=True locals={'color': 'True'}
2026-08-23 01:28:24.311 /testbed/src/click/globals.py:54 click.globals.resolve_color_default event=call locals={'color': 'False'}
2026-08-23 01:28:24.311 /testbed/src/click/globals.py:59 click.globals.resolve_color_default event=line locals={}
2026-08-23 01:28:24.311 /testbed/src/click/globals.py:60 click.globals.resolve_color_default event=line locals={}
2026-08-23 01:28:24.311 /testbed/src/click/globals.py:60 click.globals.resolve_color_default event=return retval=False locals={'color': 'False'}
2026-08-23 01:28:24.311 /testbed/src/click/globals.py:54 click.globals.resolve_color_default event=call locals={'color': 'None'}
2026-08-23 01:28:24.311 /testbed/src/click/globals.py:59 click.globals.resolve_color_default event=line locals={}
2026-08-23 01:28:24.311 /testbed/src/click/globals.py:62 click.globals.resolve_color_default event=line locals={}
2026-08-23 01:28:24.311 /testbed/src/click/globals.py:20 click.globals.get_current_context event=call locals={'silent': 'True'}
2026-08-23 01:28:24.311 /testbed/src/click/globals.py:35 click.globals.get_current_context event=line locals={}
2026-08-23 01:28:24.311 /testbed/src/click/globals.py:36 click.globals.get_current_context event=line locals={}
2026-08-23 01:28:24.311 /testbed/src/click/globals.py:36 click.globals.get_current_context event=exception exc=IndexError: IndexError('list index out of range') locals={}
2026-08-23 01:28:24.311 /testbed/src/click/globals.py:37 click.globals.get_current_context event=line locals={'silent': 'True'}
2026-08-23 01:28:24.311 /testbed/src/click/globals.py:38 click.globals.get_current_context event=line locals={'e': "IndexError('list index out of range')"}
2026-08-23 01:28:24.311 /testbed/src/click/globals.py:41 click.globals.get_current_context event=line locals={}
2026-08-23 01:28:24.311 /testbed/src/click/globals.py:41 click.globals.get_current_context event=return retval=None locals={'silent': 'True'}
2026-08-23 01:28:24.311 /testbed/src/click/globals.py:64 click.globals.resolve_color_default event=line locals={'ctx': 'None'}
2026-08-23 01:28:24.311 /testbed/src/click/globals.py:67 click.globals.resolve_color_default event=line locals={}
2026-08-23 01:28:24.311 /testbed/src/click/globals.py:67 click.globals.resolve_color_default event=return retval=None locals={'color': 'None', 'ctx': 'None'}
2026-08-23 01:28:24.311 /testbed/src/click/globals.py:54 click.globals.resolve_color_default event=call locals={'color': 'None'}
2026-08-23 01:28:24.311 /testbed/src/click/globals.py:59 click.globals.resolve_color_default event=line locals={}
2026-08-23 01:28:24.311 /testbed/src/click/globals.py:62 click.globals.resolve_color_default event=line locals={}
2026-08-23 01:28:24.311 /testbed/src/click/globals.py:20 click.globals.get_current_context event=call locals={'silent': 'True'}
2026-08-23 01:28:24.311 /testbed/src/click/globals.py:35 click.globals.get_current_context event=line locals={}
2026-08-23 01:28:24.311 /testbed/src/click/globals.py:36 click.globals.get_current_context event=line locals={}
2026-08-23 01:28:24.311 /testbed/src/click/globals.py:36 click.globals.get_current_context event=exception exc=IndexError: IndexError('list index out of range') locals={}
2026-08-23 01:28:24.311 /testbed/src/click/globals.py:37 click.globals.get_current_context event=line locals={'silent': 'True'}
2026-08-23 01:28:24.311 /testbed/src/click/globals.py:38 click.globals.get_current_context event=line locals={'e': "IndexError('list index out of range')"}
2026-08-23 01:28:24.311 /testbed/src/click/globals.py:41 click.globals.get_current_context event=line locals={}
2026-08-23 01:28:24.311 /testbed/src/click/globals.py:41 click.globals.get_current_context event=return retval=None locals={'silent': 'True'}
2026-08-23 01:28:24.311 /testbed/src/click/globals.py:64 click.globals.resolve_color_default event=line locals={'ctx': 'None'}
2026-08-23 01:28:24.311 /testbed/src/click/globals.py:67 click.globals.resolve_color_default event=line locals={}
2026-08-23 01:28:24.312 /testbed/src/click/globals.py:67 click.globals.resolve_color_default event=return retval=None locals={'color': 'None', 'ctx': 'None'}
2026-08-23 01:28:24.312 /testbed/src/click/globals.py:54 click.globals.resolve_color_default event=call locals={'color': 'False'}
2026-08-23 01:28:24.312 /testbed/src/click/globals.py:59 click.globals.resolve_color_default event=line locals={}
2026-08-23 01:28:24.312 /testbed/src/click/globals.py:60 click.globals.resolve_color_default event=line locals={}
2026-08-23 01:28:24.312 /testbed/src/click/globals.py:60 click.globals.resolve_color_default event=return retval=False locals={'color': 'False'}
2026-08-23 01:28:24.312 /testbed/src/click/globals.py:54 click.globals.resolve_color_default event=call locals={'color': 'None'}
2026-08-23 01:28:24.312 /testbed/src/click/globals.py:59 click.globals.resolve_color_default event=line locals={}
2026-08-23 01:28:24.312 /testbed/src/click/globals.py:62 click.globals.resolve_color_default event=line locals={}
2026-08-23 01:28:24.312 /testbed/src/click/globals.py:20 click.globals.get_current_context event=call locals={'silent': 'True'}
2026-08-23 01:28:24.312 /testbed/src/click/globals.py:35 click.globals.get_current_context event=line locals={}
2026-08-23 01:28:24.312 /testbed/src/click/globals.py:36 click.globals.get_current_context event=line locals={}
2026-08-23 01:28:24.312 /testbed/src/click/globals.py:36 click.globals.get_current_context event=return retval=<click.core.Context object at 0x7f31310f7c50> locals={'silent': 'True'}
2026-08-23 01:28:24.312 /testbed/src/click/globals.py:64 click.globals.resolve_color_default event=line locals={'ctx': '<click.core.Context object at 0x7f31310f7c50>'}
2026-08-23 01:28:24.312 /testbed/src/click/globals.py:65 click.globals.resolve_color_default event=line locals={}
2026-08-23 01:28:24.312 /testbed/src/click/globals.py:65 click.globals.resolve_color_default event=return retval=True locals={'color': 'None', 'ctx': '<click.core.Context object at 0x7f31310f7c50>'}
2026-08-23 01:28:24.312 /testbed/src/click/globals.py:54 click.globals.resolve_color_default event=call locals={'color': 'False'}
2026-08-23 01:28:24.312 /testbed/src/click/globals.py:59 click.globals.resolve_color_default event=line locals={}
2026-08-23 01:28:24.312 /testbed/src/click/globals.py:60 click.globals.resolve_color_default event=line locals={}
2026-08-23 01:28:24.312 /testbed/src/click/globals.py:60 click.globals.resolve_color_default event=return retval=False locals={'color': 'False'}
2026-08-23 01:28:24.312 /testbed/src/click/globals.py:54 click.globals.resolve_color_default event=call locals={'color': 'False'}
2026-08-23 01:28:24.312 /testbed/src/click/globals.py:59 click.globals.resolve_color_default event=line locals={}
2026-08-23 01:28:24.312 /testbed/src/click/globals.py:60 click.globals.resolve_color_default event=line locals={}
2026-08-23 01:28:24.312 /testbed/src/click/globals.py:60 click.globals.resolve_color_default event=return retval=False locals={'color': 'False'}
2026-08-23 01:28:24.312 /testbed/src/click/globals.py:54 click.globals.resolve_color_default event=call locals={'color': 'False'}
2026-08-23 01:28:24.312 /testbed/src/click/globals.py:59 click.globals.resolve_color_default event=line locals={}
2026-08-23 01:28:24.312 /testbed/src/click/globals.py:60 click.globals.resolve_color_default event=line locals={}
2026-08-23 01:28:24.312 /testbed/src/click/globals.py:60 click.globals.resolve_color_default event=return retval=False locals={'color': 'False'}
2026-08-23 01:28:24.312 /testbed/src/click/globals.py:54 click.globals.resolve_color_default event=call locals={'color': 'True'}
2026-08-23 01:28:24.312 /testbed/src/click/globals.py:59 click.globals.resolve_color_default event=line locals={}
2026-08-23 01:28:24.312 /testbed/src/click/globals.py:60 click.globals.resolve_color_default event=line locals={}
2026-08-23 01:28:24.312 /testbed/src/click/globals.py:60 click.globals.resolve_color_default event=return retval=True locals={'color': 'True'}
2026-08-23 01:28:24.312 /testbed/src/click/globals.py:54 click.globals.resolve_color_default event=call locals={'color': 'None'}
2026-08-23 01:28:24.312 /testbed/src/click/globals.py:59 click.globals.resolve_color_default event=line locals={}
2026-08-23 01:28:24.312 /testbed/src/click/globals.py:62 click.globals.resolve_color_default event=line locals={}
2026-08-23 01:28:24.312 /testbed/src/click/globals.py:20 click.globals.get_current_context event=call locals={'silent': 'True'}
2026-08-23 01:28:24.312 /testbed/src/click/globals.py:35 click.globals.get_current_context event=line locals={}
2026-08-23 01:28:24.312 /testbed/src/click/globals.py:36 click.globals.get_current_context event=line locals={}
2026-08-23 01:28:24.312 /testbed/src/click/globals.py:36 click.globals.get_current_context event=return retval=<click.core.Context object at 0x7f3130bd7590> locals={'silent': 'True'}
2026-08-23 01:28:24.312 /testbed/src/click/globals.py:64 click.globals.resolve_color_default event=line locals={'ctx': '<click.core.Context object at 0x7f3130bd7590>'}
2026-08-23 01:28:24.312 /testbed/src/click/globals.py:65 click.globals.resolve_color_default event=line locals={}
2026-08-23 01:28:24.312 /testbed/src/click/globals.py:65 click.globals.resolve_color_default event=return retval=True locals={'color': 'None', 'ctx': '<click.core.Context object at 0x7f3130bd7590>'}
2026-08-23 01:28:24.312 /testbed/src/click/globals.py:54 click.globals.resolve_color_default event=call locals={'color': 'False'}
2026-08-23 01:28:24.312 /testbed/src/click/globals.py:59 click.globals.resolve_color_default event=line locals={}
2026-08-23 01:28:24.312 /testbed/src/click/globals.py:60 click.globals.resolve_color_default event=line locals={}
2026-08-23 01:28:24.312 /testbed/src/click/globals.py:60 click.globals.resolve_color_default event=return retval=False locals={'color': 'False'}
2026-08-23 01:28:24.312 /testbed/src/click/globals.py:54 click.globals.resolve_color_default event=call locals={'color': 'None'}
2026-08-23 01:28:24.312 /testbed/src/click/globals.py:59 click.globals.resolve_color_default event=line locals={}
2026-08-23 01:28:24.312 /testbed/src/click/globals.py:62 click.globals.resolve_color_default event=line locals={}
2026-08-23 01:28:24.312 /testbed/src/click/globals.py:20 click.globals.get_current_context event=call locals={'silent': 'True'}
2026-08-23 01:28:24.312 /testbed/src/click/globals.py:35 click.globals.get_current_context event=line locals={}
2026-08-23 01:28:24.312 /testbed/src/click/globals.py:36 click.globals.get_current_context event=line locals={}
2026-08-23 01:28:24.312 /testbed/src/click/globals.py:36 click.globals.get_current_context event=exception exc=IndexError: IndexError('list index out of range') locals={}
2026-08-23 01:28:24.312 /testbed/src/click/globals.py:37 click.globals.get_current_context event=line locals={'silent': 'True'}
2026-08-23 01:28:24.312 /testbed/src/click/globals.py:38 click.globals.get_current_context event=line locals={'e': "IndexError('list index out of range')"}
2026-08-23 01:28:24.312 /testbed/src/click/globals.py:41 click.globals.get_current_context event=line locals={}
2026-08-23 01:28:24.312 /testbed/src/click/globals.py:41 click.globals.get_current_context event=return retval=None locals={'silent': 'True'}
2026-08-23 01:28:24.312 /testbed/src/click/globals.py:64 click.globals.resolve_color_default event=line locals={'ctx': 'None'}
2026-08-23 01:28:24.312 /testbed/src/click/globals.py:67 click.globals.resolve_color_default event=line locals={}
2026-08-23 01:28:24.312 /testbed/src/click/globals.py:67 click.globals.resolve_color_default event=return retval=None locals={'color': 'None', 'ctx': 'None'}
2026-08-23 01:28:24.312 /testbed/src/click/globals.py:54 click.globals.resolve_color_default event=call locals={'color': 'None'}
2026-08-23 01:28:24.312 /testbed/src/click/globals.py:59 click.globals.resolve_color_default event=line locals={}
2026-08-23 01:28:24.312 /testbed/src/click/globals.py:62 click.globals.resolve_color_default event=line locals={}
2026-08-23 01:28:24.312 /testbed/src/click/globals.py:20 click.globals.get_current_context event=call locals={'silent': 'True'}
2026-08-23 01:28:24.312 /testbed/src/click/globals.py:35 click.globals.get_current_context event=line locals={}
2026-08-23 01:28:24.312 /testbed/src/click/globals.py:36 click.globals.get_current_context event=line locals={}
2026-08-23 01:28:24.312 /testbed/src/click/globals.py:36 click.globals.get_current_context event=return retval=<click.core.Context object at 0x7f3130bf0850> locals={'silent': 'True'}
2026-08-23 01:28:24.312 /testbed/src/click/globals.py:64 click.globals.resolve_color_default event=line locals={'ctx': '<click.core.Context object at 0x7f3130bf0850>'}
2026-08-23 01:28:24.312 /testbed/src/click/globals.py:65 click.globals.resolve_color_default event=line locals={}
2026-08-23 01:28:24.312 /testbed/src/click/globals.py:65 click.globals.resolve_color_default event=return retval=True locals={'color': 'None', 'ctx': '<click.core.Context object at 0x7f3130bf0850>'}
2026-08-23 01:28:24.312 /testbed/src/click/globals.py:54 click.globals.resolve_color_default event=call locals={'color': 'False'}
2026-08-23 01:28:24.312 /testbed/src/click/globals.py:59 click.globals.resolve_color_default event=line locals={}
2026-08-23 01:28:24.312 /testbed/src/click/globals.py:60 click.globals.resolve_color_default event=line locals={}
2026-08-23 01:28:24.312 /testbed/src/click/globals.py:60 click.globals.resolve_color_default event=return retval=False locals={'color': 'False'}
2026-08-23 01:28:24.312 /testbed/src/click/globals.py:54 click.globals.resolve_color_default event=call locals={'color': 'None'}
2026-08-23 01:28:24.312 /testbed/src/click/globals.py:59 click.globals.resolve_color_default event=line locals={}
2026-08-23 01:28:24.313 /testbed/src/click/globals.py:62 click.globals.resolve_color_default event=line locals={}
2026-08-23 01:28:24.313 /testbed/src/click/globals.py:20 click.globals.get_current_context event=call locals={'silent': 'True'}
2026-08-23 01:28:24.313 /testbed/src/click/globals.py:35 click.globals.get_current_context event=line locals={}
2026-08-23 01:28:24.313 /testbed/src/click/globals.py:36 click.globals.get_current_context event=line locals={}
2026-08-23 01:28:24.313 /testbed/src/click/globals.py:36 click.globals.get_current_context event=return retval=<click.core.Context object at 0x7f3130bd7910> locals={'silent': 'True'}
2026-08-23 01:28:24.313 /testbed/src/click/globals.py:64 click.globals.resolve_color_default event=line locals={'ctx': '<click.core.Context object at 0x7f3130bd7910>'}
2026-08-23 01:28:24.313 /testbed/src/click/globals.py:65 click.globals.resolve_color_default event=line locals={}
2026-08-23 01:28:24.313 /testbed/src/click/globals.py:65 click.globals.resolve_color_default event=return retval=True locals={'color': 'None', 'ctx': '<click.core.Context object at 0x7f3130bd7910>'}
2026-08-23 01:28:24.313 /testbed/src/click/globals.py:54 click.globals.resolve_color_default event=call locals={'color': 'False'}
2026-08-23 01:28:24.313 /testbed/src/click/globals.py:59 click.globals.resolve_color_default event=line locals={}
2026-08-23 01:28:24.313 /testbed/src/click/globals.py:60 click.globals.resolve_color_default event=line locals={}
2026-08-23 01:28:24.313 /testbed/src/click/globals.py:60 click.globals.resolve_color_default event=return retval=False locals={'color': 'False'}
2026-08-23 01:28:24.313 /testbed/src/click/globals.py:54 click.globals.resolve_color_default event=call locals={'color': 'None'}
2026-08-23 01:28:24.313 /testbed/src/click/globals.py:59 click.globals.resolve_color_default event=line locals={}
2026-08-23 01:28:24.313 /testbed/src/click/globals.py:62 click.globals.resolve_color_default event=line locals={}
2026-08-23 01:28:24.313 /testbed/src/click/globals.py:20 click.globals.get_current_context event=call locals={'silent': 'True'}
2026-08-23 01:28:24.313 /testbed/src/click/globals.py:35 click.globals.get_current_context event=line locals={}
2026-08-23 01:28:24.313 /testbed/src/click/globals.py:36 click.globals.get_current_context event=line locals={}
2026-08-23 01:28:24.313 /testbed/src/click/globals.py:36 click.globals.get_current_context event=return retval=<click.core.Context object at 0x7f3130bd7590> locals={'silent': 'True'}
2026-08-23 01:28:24.313 /testbed/src/click/globals.py:64 click.globals.resolve_color_default event=line locals={'ctx': '<click.core.Context object at 0x7f3130bd7590>'}
2026-08-23 01:28:24.313 /testbed/src/click/globals.py:65 click.globals.resolve_color_default event=line locals={}
2026-08-23 01:28:24.313 /testbed/src/click/globals.py:65 click.globals.resolve_color_default event=return retval=True locals={'color': 'None', 'ctx': '<click.core.Context object at 0x7f3130bd7590>'}
2026-08-23 01:28:24.313 /testbed/src/click/globals.py:54 click.globals.resolve_color_default event=call locals={'color': 'None'}
2026-08-23 01:28:24.313 /testbed/src/click/globals.py:59 click.globals.resolve_color_default event=line locals={}
2026-08-23 01:28:24.313 /testbed/src/click/globals.py:62 click.globals.resolve_color_default event=line locals={}
2026-08-23 01:28:24.313 /testbed/src/click/globals.py:20 click.globals.get_current_context event=call locals={'silent': 'True'}
2026-08-23 01:28:24.313 /testbed/src/click/globals.py:35 click.globals.get_current_context event=line locals={}
2026-08-23 01:28:24.313 /testbed/src/click/globals.py:36 click.globals.get_current_context event=line locals={}
2026-08-23 01:28:24.313 /testbed/src/click/globals.py:36 click.globals.get_current_context event=return retval=<click.core.Context object at 0x7f3130bf1010> locals={'silent': 'True'}
2026-08-23 01:28:24.313 /testbed/src/click/globals.py:64 click.globals.resolve_color_default event=line locals={'ctx': '<click.core.Context object at 0x7f3130bf1010>'}
2026-08-23 01:28:24.313 /testbed/src/click/globals.py:65 click.globals.resolve_color_default event=line locals={}
2026-08-23 01:28:24.313 /testbed/src/click/globals.py:65 click.globals.resolve_color_default event=return retval=True locals={'color': 'None', 'ctx': '<click.core.Context object at 0x7f3130bf1010>'}
2026-08-23 01:28:24.313 /testbed/src/click/globals.py:54 click.globals.resolve_color_default event=call locals={'color': 'None'}
2026-08-23 01:28:24.313 /testbed/src/click/globals.py:59 click.globals.resolve_color_default event=line locals={}
2026-08-23 01:28:24.313 /testbed/src/click/globals.py:62 click.globals.resolve_color_default event=line locals={}
2026-08-23 01:28:24.313 /testbed/src/click/globals.py:20 click.globals.get_current_context event=call locals={'silent': 'True'}
2026-08-23 01:28:24.313 /testbed/src/click/globals.py:35 click.globals.get_current_context event=line locals={}
2026-08-23 01:28:24.313 /testbed/src/click/globals.py:36 click.globals.get_current_context event=line locals={}
2026-08-23 01:28:24.313 /testbed/src/click/globals.py:36 click.globals.get_current_context event=return retval=<click.core.Context object at 0x7f3130bd72d0> locals={'silent': 'True'}
2026-08-23 01:28:24.313 /testbed/src/click/globals.py:64 click.globals.resolve_color_default event=line locals={'ctx': '<click.core.Context object at 0x7f3130bd72d0>'}
2026-08-23 01:28:24.313 /testbed/src/click/globals.py:65 click.globals.resolve_color_default event=line locals={}
2026-08-23 01:28:24.313 /testbed/src/click/globals.py:65 click.globals.resolve_color_default event=return retval=True locals={'color': 'None', 'ctx': '<click.core.Context object at 0x7f3130bd72d0>'}
2026-08-23 01:28:24.313 /testbed/src/click/globals.py:54 click.globals.resolve_color_default event=call locals={'color': 'False'}
2026-08-23 01:28:24.313 /testbed/src/click/globals.py:59 click.globals.resolve_color_default event=line locals={}
2026-08-23 01:28:24.313 /testbed/src/click/globals.py:60 click.globals.resolve_color_default event=line locals={}
2026-08-23 01:28:24.313 /testbed/src/click/globals.py:60 click.globals.resolve_color_default event=return retval=False locals={'color': 'False'}
2026-08-23 01:28:24.313 /testbed/src/click/globals.py:54 click.globals.resolve_color_default event=call locals={'color': 'None'}
2026-08-23 01:28:24.313 /testbed/src/click/globals.py:59 click.globals.resolve_color_default event=line locals={}
2026-08-23 01:28:24.313 /testbed/src/click/globals.py:62 click.globals.resolve_color_default event=line locals={}
2026-08-23 01:28:24.313 /testbed/src/click/globals.py:20 click.globals.get_current_context event=call locals={'silent': 'True'}
2026-08-23 01:28:24.313 /testbed/src/click/globals.py:35 click.globals.get_current_context event=line locals={}
2026-08-23 01:28:24.313 /testbed/src/click/globals.py:36 click.globals.get_current_context event=line locals={}
2026-08-23 01:28:24.313 /testbed/src/click/globals.py:36 click.globals.get_current_context event=return retval=<click.core.Context object at 0x7f3130dbe5d0> locals={'silent': 'True'}
2026-08-23 01:28:24.313 /testbed/src/click/globals.py:64 click.globals.resolve_color_default event=line locals={'ctx': '<click.core.Context object at 0x7f3130dbe5d0>'}
2026-08-23 01:28:24.313 /testbed/src/click/globals.py:65 click.globals.resolve_color_default event=line locals={}
2026-08-23 01:28:24.313 /testbed/src/click/globals.py:65 click.globals.resolve_color_default event=return retval=True locals={'color': 'None', 'ctx': '<click.core.Context object at 0x7f3130dbe5d0>'}
2026-08-23 01:28:24.313 /testbed/src/click/globals.py:54 click.globals.resolve_color_default event=call locals={'color': 'False'}
2026-08-23 01:28:24.313 /testbed/src/click/globals.py:59 click.globals.resolve_color_default event=line locals={}
2026-08-23 01:28:24.313 /testbed/src/click/globals.py:60 click.globals.resolve_color_default event=line locals={}
2026-08-23 01:28:24.313 /testbed/src/click/globals.py:60 click.globals.resolve_color_default event=return retval=False locals={'color': 'False'}
2026-08-23 01:28:24.313 /testbed/src/click/globals.py:54 click.globals.resolve_color_default event=call locals={'color': 'None'}
2026-08-23 01:28:24.313 /testbed/src/click/globals.py:59 click.globals.resolve_color_default event=line locals={}
2026-08-23 01:28:24.313 /testbed/src/click/globals.py:62 click.globals.resolve_color_default event=line locals={}
2026-08-23 01:28:24.313 /testbed/src/click/globals.py:20 click.globals.get_current_context event=call locals={'silent': 'True'}
2026-08-23 01:28:24.313 /testbed/src/click/globals.py:35 click.globals.get_current_context event=line locals={}
2026-08-23 01:28:24.313 /testbed/src/click/globals.py:36 click.globals.get_current_context event=line locals={}
2026-08-23 01:28:24.313 /testbed/src/click/globals.py:36 click.globals.get_current_context event=exception exc=IndexError: IndexError('list index out of range') locals={}
2026-08-23 01:28:24.313 /testbed/src/click/globals.py:37 click.globals.get_current_context event=line locals={'silent': 'True'}
2026-08-23 01:28:24.313 /testbed/src/click/globals.py:38 click.globals.get_current_context event=line locals={'e': "IndexError('list index out of range')"}
2026-08-23 01:28:24.313 /testbed/src/click/globals.py:41 click.globals.get_current_context event=line locals={}
2026-08-23 01:28:24.313 /testbed/src/click/globals.py:41 click.globals.get_current_context event=return retval=None locals={'silent': 'True'}
2026-08-23 01:28:24.313 /testbed/src/click/globals.py:64 click.globals.resolve_color_default event=line locals={'ctx': 'None'}
2026-08-23 01:28:24.313 /testbed/src/click/globals.py:67 click.globals.resolve_color_default event=line locals={}
2026-08-23 01:28:24.313 /testbed/src/click/globals.py:67 click.globals.resolve_color_default event=return retval=None locals={'color': 'None', 'ctx': 'None'}
2026-08-23 01:28:24.313 /testbed/src/click/globals.py:54 click.globals.resolve_color_default event=call locals={'color': 'None'}
2026-08-23 01:28:24.313 /testbed/src/click/globals.py:59 click.globals.resolve_color_default event=line locals={}
2026-08-23 01:28:24.313 /testbed/src/click/globals.py:62 click.globals.resolve_color_default event=line locals={}
2026-08-23 01:28:24.313 /testbed/src/click/globals.py:20 click.globals.get_current_context event=call locals={'silent': 'True'}
2026-08-23 01:28:24.313 /testbed/src/click/globals.py:35 click.globals.get_current_context event=line locals={}
2026-08-23 01:28:24.314 /testbed/src/click/globals.py:36 click.globals.get_current_context event=line locals={}
2026-08-23 01:28:24.314 /testbed/src/click/globals.py:36 click.globals.get_current_context event=return retval=<click.core.Context object at 0x7f3130dbe5d0> locals={'silent': 'True'}
2026-08-23 01:28:24.314 /testbed/src/click/globals.py:64 click.globals.resolve_color_default event=line locals={'ctx': '<click.core.Context object at 0x7f3130dbe5d0>'}
2026-08-23 01:28:24.314 /testbed/src/click/globals.py:65 click.globals.resolve_color_default event=line locals={}
2026-08-23 01:28:24.314 /testbed/src/click/globals.py:65 click.globals.resolve_color_default event=return retval=True locals={'color': 'None', 'ctx': '<click.core.Context object at 0x7f3130dbe5d0>'}
2026-08-23 01:28:24.314 /testbed/src/click/globals.py:54 click.globals.resolve_color_default event=call locals={'color': 'True'}
2026-08-23 01:28:24.314 /testbed/src/click/globals.py:59 click.globals.resolve_color_default event=line locals={}
2026-08-23 01:28:24.314 /testbed/src/click/globals.py:60 click.globals.resolve_color_default event=line locals={}
2026-08-23 01:28:24.314 /testbed/src/click/globals.py:60 click.globals.resolve_color_default event=return retval=True locals={'color': 'True'}
2026-08-23 01:28:24.314 /testbed/src/click/globals.py:54 click.globals.resolve_color_default event=call locals={'color': 'False'}
2026-08-23 01:28:24.314 /testbed/src/click/globals.py:59 click.globals.resolve_color_default event=line locals={}
2026-08-23 01:28:24.314 /testbed/src/click/globals.py:60 click.globals.resolve_color_default event=line locals={}
2026-08-23 01:28:24.314 /testbed/src/click/globals.py:60 click.globals.resolve_color_default event=return retval=False locals={'color': 'False'}
2026-08-23 01:28:24.314 /testbed/src/click/globals.py:54 click.globals.resolve_color_default event=call locals={'color': 'False'}
2026-08-23 01:28:24.314 /testbed/src/click/globals.py:59 click.globals.resolve_color_default event=line locals={}
2026-08-23 01:28:24.314 /testbed/src/click/globals.py:60 click.globals.resolve_color_default event=line locals={}
2026-08-23 01:28:24.314 /testbed/src/click/globals.py:60 click.globals.resolve_color_default event=return retval=False locals={'color': 'False'}
2026-08-23 01:28:24.314 /testbed/src/click/globals.py:54 click.globals.resolve_color_default event=call locals={'color': 'False'}
2026-08-23 01:28:24.314 /testbed/src/click/globals.py:59 click.globals.resolve_color_default event=line locals={}
2026-08-23 01:28:24.314 /testbed/src/click/globals.py:60 click.globals.resolve_color_default event=line locals={}
2026-08-23 01:28:24.314 /testbed/src/click/globals.py:60 click.globals.resolve_color_default event=return retval=False locals={'color': 'False'}
2026-08-23 01:28:24.314 /testbed/src/click/globals.py:54 click.globals.resolve_color_default event=call locals={'color': 'False'}
2026-08-23 01:28:24.314 /testbed/src/click/globals.py:59 click.globals.resolve_color_default event=line locals={}
2026-08-23 01:28:24.314 /testbed/src/click/globals.py:60 click.globals.resolve_color_default event=line locals={}
2026-08-23 01:28:24.314 /testbed/src/click/globals.py:60 click.globals.resolve_color_default event=return retval=False locals={'color': 'False'}
2026-08-23 01:28:24.314 /testbed/src/click/globals.py:54 click.globals.resolve_color_default event=call locals={'color': 'None'}
2026-08-23 01:28:24.314 /testbed/src/click/globals.py:59 click.globals.resolve_color_default event=line locals={}
2026-08-23 01:28:24.314 /testbed/src/click/globals.py:62 click.globals.resolve_color_default event=line locals={}
2026-08-23 01:28:24.314 /testbed/src/click/globals.py:20 click.globals.get_current_context event=call locals={'silent': 'True'}
2026-08-23 01:28:24.314 /testbed/src/click/globals.py:35 click.globals.get_current_context event=line locals={}
2026-08-23 01:28:24.314 /testbed/src/click/globals.py:36 click.globals.get_current_context event=line locals={}
2026-08-23 01:28:24.314 /testbed/src/click/globals.py:36 click.globals.get_current_context event=return retval=<click.core.Context object at 0x7f3130bd7150> locals={'silent': 'True'}
2026-08-23 01:28:24.314 /testbed/src/click/globals.py:64 click.globals.resolve_color_default event=line locals={'ctx': '<click.core.Context object at 0x7f3130bd7150>'}
2026-08-23 01:28:24.314 /testbed/src/click/globals.py:65 click.globals.resolve_color_default event=line locals={}
2026-08-23 01:28:24.314 /testbed/src/click/globals.py:65 click.globals.resolve_color_default event=return retval=True locals={'color': 'None', 'ctx': '<click.core.Context object at 0x7f3130bd7150>'}
2026-08-23 01:28:24.314 /testbed/src/click/globals.py:54 click.globals.resolve_color_default event=call locals={'color': 'None'}
2026-08-23 01:28:24.314 /testbed/src/click/globals.py:59 click.globals.resolve_color_default event=line locals={}
2026-08-23 01:28:24.314 /testbed/src/click/globals.py:62 click.globals.resolve_color_default event=line locals={}
2026-08-23 01:28:24.314 /testbed/src/click/globals.py:20 click.globals.get_current_context event=call locals={'silent': 'True'}
2026-08-23 01:28:24.314 /testbed/src/click/globals.py:35 click.globals.get_current_context event=line locals={}
2026-08-23 01:28:24.314 /testbed/src/click/globals.py:36 click.globals.get_current_context event=line locals={}
2026-08-23 01:28:24.314 /testbed/src/click/globals.py:36 click.globals.get_current_context event=return retval=<click.core.Context object at 0x7f3130bd7e10> locals={'silent': 'True'}
2026-08-23 01:28:24.314 /testbed/src/click/globals.py:64 click.globals.resolve_color_default event=line locals={'ctx': '<click.core.Context object at 0x7f3130bd7e10>'}
2026-08-23 01:28:24.314 /testbed/src/click/globals.py:65 click.globals.resolve_color_default event=line locals={}
2026-08-23 01:28:24.314 /testbed/src/click/globals.py:65 click.globals.resolve_color_default event=return retval=True locals={'color': 'None', 'ctx': '<click.core.Context object at 0x7f3130bd7e10>'}
2026-08-23 01:28:24.314 /testbed/src/click/globals.py:54 click.globals.resolve_color_default event=call locals={'color': 'True'}
2026-08-23 01:28:24.314 /testbed/src/click/globals.py:59 click.globals.resolve_color_default event=line locals={}
2026-08-23 01:28:24.314 /testbed/src/click/globals.py:60 click.globals.resolve_color_default event=line locals={}
2026-08-23 01:28:24.314 /testbed/src/click/globals.py:60 click.globals.resolve_color_default event=return retval=True locals={'color': 'True'}
2026-08-23 01:28:24.314 /testbed/src/click/globals.py:54 click.globals.resolve_color_default event=call locals={'color': 'True'}
2026-08-23 01:28:24.314 /testbed/src/click/globals.py:59 click.globals.resolve_color_default event=line locals={}
2026-08-23 01:28:24.314 /testbed/src/click/globals.py:60 click.globals.resolve_color_default event=line locals={}
2026-08-23 01:28:24.314 /testbed/src/click/globals.py:60 click.globals.resolve_color_default event=return retval=True locals={'color': 'True'}
2026-08-23 01:28:24.314 /testbed/src/click/globals.py:54 click.globals.resolve_color_default event=call locals={'color': 'True'}
2026-08-23 01:28:24.314 /testbed/src/click/globals.py:59 click.globals.resolve_color_default event=line locals={}
2026-08-23 01:28:24.314 /testbed/src/click/globals.py:60 click.globals.resolve_color_default event=line locals={}
2026-08-23 01:28:24.314 /testbed/src/click/globals.py:60 click.globals.resolve_color_default event=return retval=True locals={'color': 'True'}
2026-08-23 01:28:24.314 /testbed/src/click/globals.py:54 click.globals.resolve_color_default event=call locals={'color': 'None'}
2026-08-23 01:28:24.314 /testbed/src/click/globals.py:59 click.globals.resolve_color_default event=line locals={}
2026-08-23 01:28:24.314 /testbed/src/click/globals.py:62 click.globals.resolve_color_default event=line locals={}
2026-08-23 01:28:24.314 /testbed/src/click/globals.py:20 click.globals.get_current_context event=call locals={'silent': 'True'}
2026-08-23 01:28:24.314 /testbed/src/click/globals.py:35 click.globals.get_current_context event=line locals={}
2026-08-23 01:28:24.314 /testbed/src/click/globals.py:36 click.globals.get_current_context event=line locals={}
2026-08-23 01:28:24.314 /testbed/src/click/globals.py:36 click.globals.get_current_context event=return retval=<click.core.Context object at 0x7f3130bf0ad0> locals={'silent': 'True'}
2026-08-23 01:28:24.314 /testbed/src/click/globals.py:64 click.globals.resolve_color_default event=line locals={'ctx': '<click.core.Context object at 0x7f3130bf0ad0>'}
2026-08-23 01:28:24.314 /testbed/src/click/globals.py:65 click.globals.resolve_color_default event=line locals={}
2026-08-23 01:28:24.314 /testbed/src/click/globals.py:65 click.globals.resolve_color_default event=return retval=True locals={'color': 'None', 'ctx': '<click.core.Context object at 0x7f3130bf0ad0>'}
2026-08-23 01:28:24.314 /testbed/src/click/globals.py:54 click.globals.resolve_color_default event=call locals={'color': 'False'}
2026-08-23 01:28:24.314 /testbed/src/click/globals.py:59 click.globals.resolve_color_default event=line locals={}
2026-08-23 01:28:24.314 /testbed/src/click/globals.py:60 click.globals.resolve_color_default event=line locals={}
2026-08-23 01:28:24.314 /testbed/src/click/globals.py:60 click.globals.resolve_color_default event=return retval=False locals={'color': 'False'}
2026-08-23 01:28:24.315 /testbed/src/click/globals.py:54 click.globals.resolve_color_default event=call locals={'color': 'False'}
2026-08-23 01:28:24.315 /testbed/src/click/globals.py:59 click.globals.resolve_color_default event=line locals={}
2026-08-23 01:28:24.315 /testbed/src/click/globals.py:60 click.globals.resolve_color_default event=line locals={}
2026-08-23 01:28:24.315 /testbed/src/click/globals.py:60 click.globals.resolve_color_default event=return retval=False locals={'color': 'False'}
2026-08-23 01:28:24.315 /testbed/src/click/globals.py:54 click.globals.resolve_color_default event=call locals={'color': 'None'}
2026-08-23 01:28:24.315 /testbed/src/click/globals.py:59 click.globals.resolve_color_default event=line locals={}
2026-08-23 01:28:24.315 /testbed/src/click/globals.py:62 click.globals.resolve_color_default event=line locals={}
2026-08-23 01:28:24.315 /testbed/src/click/globals.py:20 click.globals.get_current_context event=call locals={'silent': 'True'}
2026-08-23 01:28:24.315 /testbed/src/click/globals.py:35 click.globals.get_current_context event=line locals={}
2026-08-23 01:28:24.315 /testbed/src/click/globals.py:36 click.globals.get_current_context event=line locals={}
2026-08-23 01:28:24.315 /testbed/src/click/globals.py:36 click.globals.get_current_context event=exception exc=IndexError: IndexError('list index out of range') locals={}
2026-08-23 01:28:24.315 /testbed/src/click/globals.py:37 click.globals.get_current_context event=line locals={'silent': 'True'}
2026-08-23 01:28:24.315 /testbed/src/click/globals.py:38 click.globals.get_current_context event=line locals={'e': "IndexError('list index out of range')"}
2026-08-23 01:28:24.315 /testbed/src/click/globals.py:41 click.globals.get_current_context event=line locals={}
2026-08-23 01:28:24.315 /testbed/src/click/globals.py:41 click.globals.get_current_context event=return retval=None locals={'silent': 'True'}
2026-08-23 01:28:24.315 /testbed/src/click/globals.py:64 click.globals.resolve_color_default event=line locals={'ctx': 'None'}
2026-08-23 01:28:24.315 /testbed/src/click/globals.py:67 click.globals.resolve_color_default event=line locals={}
2026-08-23 01:28:24.315 /testbed/src/click/globals.py:67 click.globals.resolve_color_default event=return retval=None locals={'color': 'None', 'ctx': 'None'}
2026-08-23 01:28:24.315 /testbed/src/click/globals.py:54 click.globals.resolve_color_default event=call locals={'color': 'None'}
2026-08-23 01:28:24.315 /testbed/src/click/globals.py:59 click.globals.resolve_color_default event=line locals={}
2026-08-23 01:28:24.315 /testbed/src/click/globals.py:62 click.globals.resolve_color_default event=line locals={}
2026-08-23 01:28:24.315 /testbed/src/click/globals.py:20 click.globals.get_current_context event=call locals={'silent': 'True'}
2026-08-23 01:28:24.315 /testbed/src/click/globals.py:35 click.globals.get_current_context event=line locals={}
2026-08-23 01:28:24.315 /testbed/src/click/globals.py:36 click.globals.get_current_context event=line locals={}
2026-08-23 01:28:24.315 /testbed/src/click/globals.py:36 click.globals.get_current_context event=return retval=<click.core.Context object at 0x7f3130dbe5d0> locals={'silent': 'True'}
2026-08-23 01:28:24.315 /testbed/src/click/globals.py:64 click.globals.resolve_color_default event=line locals={'ctx': '<click.core.Context object at 0x7f3130dbe5d0>'}
2026-08-23 01:28:24.315 /testbed/src/click/globals.py:65 click.globals.resolve_color_default event=line locals={}
2026-08-23 01:28:24.315 /testbed/src/click/globals.py:65 click.globals.resolve_color_default event=return retval=True locals={'color': 'None', 'ctx': '<click.core.Context object at 0x7f3130dbe5d0>'}
2026-08-23 01:28:24.315 /testbed/src/click/globals.py:54 click.globals.resolve_color_default event=call locals={'color': 'False'}
2026-08-23 01:28:24.315 /testbed/src/click/globals.py:59 click.globals.resolve_color_default event=line locals={}
2026-08-23 01:28:24.315 /testbed/src/click/globals.py:60 click.globals.resolve_color_default event=line locals={}
2026-08-23 01:28:24.315 /testbed/src/click/globals.py:60 click.globals.resolve_color_default event=return retval=False locals={'color': 'False'}
2026-08-23 01:28:24.315 /testbed/src/click/globals.py:54 click.globals.resolve_color_default event=call locals={'color': 'False'}
2026-08-23 01:28:24.315 /testbed/src/click/globals.py:59 click.globals.resolve_color_default event=line locals={}
2026-08-23 01:28:24.315 /testbed/src/click/globals.py:60 click.globals.resolve_color_default event=line locals={}
2026-08-23 01:28:24.315 /testbed/src/click/globals.py:60 click.globals.resolve_color_default event=return retval=False locals={'color': 'False'}
2026-08-23 01:28:24.315 /testbed/src/click/globals.py:54 click.globals.resolve_color_default event=call locals={'color': 'True'}
2026-08-23 01:28:24.315 /testbed/src/click/globals.py:59 click.globals.resolve_color_default event=line locals={}
2026-08-23 01:28:24.315 /testbed/src/click/globals.py:60 click.globals.resolve_color_default event=line locals={}
2026-08-23 01:28:24.315 /testbed/src/click/globals.py:60 click.globals.resolve_color_default event=return retval=True locals={'color': 'True'}
2026-08-23 01:28:24.315 /testbed/src/click/globals.py:54 click.globals.resolve_color_default event=call locals={'color': 'False'}
2026-08-23 01:28:24.315 /testbed/src/click/globals.py:59 click.globals.resolve_color_default event=line locals={}
2026-08-23 01:28:24.315 /testbed/src/click/globals.py:60 click.globals.resolve_color_default event=line locals={}
2026-08-23 01:28:24.315 /testbed/src/click/globals.py:60 click.globals.resolve_color_default event=return retval=False locals={'color': 'False'}
2026-08-23 01:28:24.315 /testbed/src/click/globals.py:54 click.globals.resolve_color_default event=call locals={'color': 'False'}
2026-08-23 01:28:24.315 /testbed/src/click/globals.py:59 click.globals.resolve_color_default event=line locals={}
2026-08-23 01:28:24.315 /testbed/src/click/globals.py:60 click.globals.resolve_color_default event=line locals={}
2026-08-23 01:28:24.315 /testbed/src/click/globals.py:60 click.globals.resolve_color_default event=return retval=False locals={'color': 'False'}
2026-08-23 01:28:24.315 /testbed/src/click/globals.py:54 click.globals.resolve_color_default event=call locals={'color': 'None'}
2026-08-23 01:28:24.315 /testbed/src/click/globals.py:59 click.globals.resolve_color_default event=line locals={}
2026-08-23 01:28:24.315 /testbed/src/click/globals.py:62 click.globals.resolve_color_default event=line locals={}
2026-08-23 01:28:24.315 /testbed/src/click/globals.py:20 click.globals.get_current_context event=call locals={'silent': 'True'}
2026-08-23 01:28:24.315 /testbed/src/click/globals.py:35 click.globals.get_current_context event=line locals={}
2026-08-23 01:28:24.315 /testbed/src/click/globals.py:36 click.globals.get_current_context event=line locals={}
2026-08-23 01:28:24.315 /testbed/src/click/globals.py:36 click.globals.get_current_context event=exception exc=IndexError: IndexError('list index out of range') locals={}
2026-08-23 01:28:24.315 /testbed/src/click/globals.py:37 click.globals.get_current_context event=line locals={'silent': 'True'}
2026-08-23 01:28:24.315 /testbed/src/click/globals.py:38 click.globals.get_current_context event=line locals={'e': "IndexError('list index out of range')"}
2026-08-23 01:28:24.315 /testbed/src/click/globals.py:41 click.globals.get_current_context event=line locals={}
2026-08-23 01:28:24.315 /testbed/src/click/globals.py:41 click.globals.get_current_context event=return retval=None locals={'silent': 'True'}
2026-08-23 01:28:24.315 /testbed/src/click/globals.py:64 click.globals.resolve_color_default event=line locals={'ctx': 'None'}
2026-08-23 01:28:24.315 /testbed/src/click/globals.py:67 click.globals.resolve_color_default event=line locals={}
2026-08-23 01:28:24.315 /testbed/src/click/globals.py:67 click.globals.resolve_color_default event=return retval=None locals={'color': 'None', 'ctx': 'None'}
2026-08-23 01:28:24.315 /testbed/src/click/globals.py:54 click.globals.resolve_color_default event=call locals={'color': 'False'}
2026-08-23 01:28:24.315 /testbed/src/click/globals.py:59 click.globals.resolve_color_default event=line locals={}
2026-08-23 01:28:24.315 /testbed/src/click/globals.py:60 click.globals.resolve_color_default event=line locals={}
2026-08-23 01:28:24.315 /testbed/src/click/globals.py:60 click.globals.resolve_color_default event=return retval=False locals={'color': 'False'}
2026-08-23 01:28:24.315 /testbed/src/click/globals.py:54 click.globals.resolve_color_default event=call locals={'color': 'False'}
2026-08-23 01:28:24.315 /testbed/src/click/globals.py:59 click.globals.resolve_color_default event=line locals={}
2026-08-23 01:28:24.315 /testbed/src/click/globals.py:60 click.globals.resolve_color_default event=line locals={}
2026-08-23 01:28:24.315 /testbed/src/click/globals.py:60 click.globals.resolve_color_default event=return retval=False locals={'color': 'False'}
2026-08-23 01:28:24.316 /testbed/src/click/globals.py:54 click.globals.resolve_color_default event=call locals={'color': 'False'}
2026-08-23 01:28:24.316 /testbed/src/click/globals.py:59 click.globals.resolve_color_default event=line locals={}
2026-08-23 01:28:24.316 /testbed/src/click/globals.py:60 click.globals.resolve_color_default event=line locals={}
2026-08-23 01:28:24.316 /testbed/src/click/globals.py:60 click.globals.resolve_color_default event=return retval=False locals={'color': 'False'}
2026-08-23 01:28:24.316 /testbed/src/click/globals.py:54 click.globals.resolve_color_default event=call locals={'color': 'True'}
2026-08-23 01:28:24.316 /testbed/src/click/globals.py:59 click.globals.resolve_color_default event=line locals={}
2026-08-23 01:28:24.316 /testbed/src/click/globals.py:60 click.globals.resolve_color_default event=line locals={}
2026-08-23 01:28:24.316 /testbed/src/click/globals.py:60 click.globals.resolve_color_default event=return retval=True locals={'color': 'True'}
2026-08-23 01:28:24.316 /testbed/src/click/globals.py:54 click.globals.resolve_color_default event=call locals={'color': 'None'}
2026-08-23 01:28:24.316 /testbed/src/click/globals.py:59 click.globals.resolve_color_default event=line locals={}
2026-08-23 01:28:24.316 /testbed/src/click/globals.py:62 click.globals.resolve_color_default event=line locals={}
2026-08-23 01:28:24.316 /testbed/src/click/globals.py:20 click.globals.get_current_context event=call locals={'silent': 'True'}
2026-08-23 01:28:24.316 /testbed/src/click/globals.py:35 click.globals.get_current_context event=line locals={}
2026-08-23 01:28:24.316 /testbed/src/click/globals.py:36 click.globals.get_current_context event=line locals={}
2026-08-23 01:28:24.316 /testbed/src/click/globals.py:36 click.globals.get_current_context event=return retval=<click.core.Context object at 0x7f3130bd6c90> locals={'silent': 'True'}
2026-08-23 01:28:24.316 /testbed/src/click/globals.py:64 click.globals.resolve_color_default event=line locals={'ctx': '<click.core.Context object at 0x7f3130bd6c90>'}
2026-08-23 01:28:24.316 /testbed/src/click/globals.py:65 click.globals.resolve_color_default event=line locals={}
2026-08-23 01:28:24.316 /testbed/src/click/globals.py:65 click.globals.resolve_color_default event=return retval=True locals={'color': 'None', 'ctx': '<click.core.Context object at 0x7f3130bd6c90>'}
2026-08-23 01:28:24.316 /testbed/src/click/globals.py:54 click.globals.resolve_color_default event=call locals={'color': 'None'}
2026-08-23 01:28:24.316 /testbed/src/click/globals.py:59 click.globals.resolve_color_default event=line locals={}
2026-08-23 01:28:24.316 /testbed/src/click/globals.py:62 click.globals.resolve_color_default event=line locals={}
2026-08-23 01:28:24.316 /testbed/src/click/globals.py:20 click.globals.get_current_context event=call locals={'silent': 'True'}
2026-08-23 01:28:24.316 /testbed/src/click/globals.py:35 click.globals.get_current_context event=line locals={}
2026-08-23 01:28:24.316 /testbed/src/click/globals.py:36 click.globals.get_current_context event=line locals={}
2026-08-23 01:28:24.316 /testbed/src/click/globals.py:36 click.globals.get_current_context event=exception exc=IndexError: IndexError('list index out of range') locals={}
2026-08-23 01:28:24.316 /testbed/src/click/globals.py:37 click.globals.get_current_context event=line locals={'silent': 'True'}
2026-08-23 01:28:24.316 /testbed/src/click/globals.py:38 click.globals.get_current_context event=line locals={'e': "IndexError('list index out of range')"}
2026-08-23 01:28:24.316 /testbed/src/click/globals.py:41 click.globals.get_current_context event=line locals={}
2026-08-23 01:28:24.316 /testbed/src/click/globals.py:41 click.globals.get_current_context event=return retval=None locals={'silent': 'True'}
2026-08-23 01:28:24.316 /testbed/src/click/globals.py:64 click.globals.resolve_color_default event=line locals={'ctx': 'None'}
2026-08-23 01:28:24.316 /testbed/src/click/globals.py:67 click.globals.resolve_color_default event=line locals={}
2026-08-23 01:28:24.316 /testbed/src/click/globals.py:67 click.globals.resolve_color_default event=return retval=None locals={'color': 'None', 'ctx': 'None'}
2026-08-23 01:28:24.316 /testbed/src/click/globals.py:54 click.globals.resolve_color_default event=call locals={'color': 'True'}
2026-08-23 01:28:24.316 /testbed/src/click/globals.py:59 click.globals.resolve_color_default event=line locals={}
2026-08-23 01:28:24.316 /testbed/src/click/globals.py:60 click.globals.resolve_color_default event=line locals={}
2026-08-23 01:28:24.316 /testbed/src/click/globals.py:60 click.globals.resolve_color_default event=return retval=True locals={'color': 'True'}
2026-08-23 01:28:24.316 /testbed/src/click/globals.py:54 click.globals.resolve_color_default event=call locals={'color': 'None'}
2026-08-23 01:28:24.316 /testbed/src/click/globals.py:59 click.globals.resolve_color_default event=line locals={}
2026-08-23 01:28:24.316 /testbed/src/click/globals.py:62 click.globals.resolve_color_default event=line locals={}
2026-08-23 01:28:24.316 /testbed/src/click/globals.py:20 click.globals.get_current_context event=call locals={'silent': 'True'}
2026-08-23 01:28:24.316 /testbed/src/click/globals.py:35 click.globals.get_current_context event=line locals={}
2026-08-23 01:28:24.316 /testbed/src/click/globals.py:36 click.globals.get_current_context event=line locals={}
2026-08-23 01:28:24.316 /testbed/src/click/globals.py:36 click.globals.get_current_context event=return retval=<click.core.Context object at 0x7f3130bd6e50> locals={'silent': 'True'}
2026-08-23 01:28:24.316 /testbed/src/click/globals.py:64 click.globals.resolve_color_default event=line locals={'ctx': '<click.core.Context object at 0x7f3130bd6e50>'}
2026-08-23 01:28:24.316 /testbed/src/click/globals.py:65 click.globals.resolve_color_default event=line locals={}
2026-08-23 01:28:24.316 /testbed/src/click/globals.py:65 click.globals.resolve_color_default event=return retval=True locals={'color': 'None', 'ctx': '<click.core.Context object at 0x7f3130bd6e50>'}
2026-08-23 01:28:24.316 /testbed/src/click/globals.py:54 click.globals.resolve_color_default event=call locals={'color': 'None'}
2026-08-23 01:28:24.316 /testbed/src/click/globals.py:59 click.globals.resolve_color_default event=line locals={}
2026-08-23 01:28:24.316 /testbed/src/click/globals.py:62 click.globals.resolve_color_default event=line locals={}
2026-08-23 01:28:24.316 /testbed/src/click/globals.py:20 click.globals.get_current_context event=call locals={'silent': 'True'}
2026-08-23 01:28:24.316 /testbed/src/click/globals.py:35 click.globals.get_current_context event=line locals={}
2026-08-23 01:28:24.316 /testbed/src/click/globals.py:36 click.globals.get_current_context event=line locals={}
2026-08-23 01:28:24.316 /testbed/src/click/globals.py:36 click.globals.get_current_context event=return retval=<click.core.Context object at 0x7f3130bf0350> locals={'silent': 'True'}
2026-08-23 01:28:24.316 /testbed/src/click/globals.py:64 click.globals.resolve_color_default event=line locals={'ctx': '<click.core.Context object at 0x7f3130bf0350>'}
2026-08-23 01:28:24.316 /testbed/src/click/globals.py:65 click.globals.resolve_color_default event=line locals={}
2026-08-23 01:28:24.316 /testbed/src/click/globals.py:65 click.globals.resolve_color_default event=return retval=True locals={'color': 'None', 'ctx': '<click.core.Context object at 0x7f3130bf0350>'}
2026-08-23 01:28:24.316 /testbed/src/click/globals.py:54 click.globals.resolve_color_default event=call locals={'color': 'True'}
2026-08-23 01:28:24.316 /testbed/src/click/globals.py:59 click.globals.resolve_color_default event=line locals={}
2026-08-23 01:28:24.316 /testbed/src/click/globals.py:60 click.globals.resolve_color_default event=line locals={}
2026-08-23 01:28:24.316 /testbed/src/click/globals.py:60 click.globals.resolve_color_default event=return retval=True locals={'color': 'True'}
2026-08-23 01:28:24.316 /testbed/src/click/globals.py:54 click.globals.resolve_color_default event=call locals={'color': 'False'}
2026-08-23 01:28:24.316 /testbed/src/click/globals.py:59 click.globals.resolve_color_default event=line locals={}
2026-08-23 01:28:24.316 /testbed/src/click/globals.py:60 click.globals.resolve_color_default event=line locals={}
2026-08-23 01:28:24.316 /testbed/src/click/globals.py:60 click.globals.resolve_color_default event=return retval=False locals={'color': 'False'}
2026-08-23 01:28:24.316 /testbed/src/click/globals.py:54 click.globals.resolve_color_default event=call locals={'color': 'None'}
2026-08-23 01:28:24.316 /testbed/src/click/globals.py:59 click.globals.resolve_color_default event=line locals={}
2026-08-23 01:28:24.316 /testbed/src/click/globals.py:62 click.globals.resolve_color_default event=line locals={}
2026-08-23 01:28:24.316 /testbed/src/click/globals.py:20 click.globals.get_current_context event=call locals={'silent': 'True'}
2026-08-23 01:28:24.316 /testbed/src/click/globals.py:35 click.globals.get_current_context event=line locals={}
2026-08-23 01:28:24.316 /testbed/src/click/globals.py:36 click.globals.get_current_context event=line locals={}
2026-08-23 01:28:24.317 /testbed/src/click/globals.py:36 click.globals.get_current_context event=return retval=<click.core.Context object at 0x7f3130bf0d90> locals={'silent': 'True'}
2026-08-23 01:28:24.317 /testbed/src/click/globals.py:64 click.globals.resolve_color_default event=line locals={'ctx': '<click.core.Context object at 0x7f3130bf0d90>'}
2026-08-23 01:28:24.317 /testbed/src/click/globals.py:65 click.globals.resolve_color_default event=line locals={}
2026-08-23 01:28:24.317 /testbed/src/click/globals.py:65 click.globals.resolve_color_default event=return retval=True locals={'color': 'None', 'ctx': '<click.core.Context object at 0x7f3130bf0d90>'}
2026-08-23 01:28:24.317 /testbed/src/click/globals.py:54 click.globals.resolve_color_default event=call locals={'color': 'False'}
2026-08-23 01:28:24.317 /testbed/src/click/globals.py:59 click.globals.resolve_color_default event=line locals={}
2026-08-23 01:28:24.317 /testbed/src/click/globals.py:60 click.globals.resolve_color_default event=line locals={}
2026-08-23 01:28:24.317 /testbed/src/click/globals.py:60 click.globals.resolve_color_default event=return retval=False locals={'color': 'False'}
2026-08-23 01:28:24.317 /testbed/src/click/globals.py:54 click.globals.resolve_color_default event=call locals={'color': 'True'}
2026-08-23 01:28:24.317 /testbed/src/click/globals.py:59 click.globals.resolve_color_default event=line locals={}
2026-08-23 01:28:24.317 /testbed/src/click/globals.py:60 click.globals.resolve_color_default event=line locals={}
2026-08-23 01:28:24.317 /testbed/src/click/globals.py:60 click.globals.resolve_color_default event=return retval=True locals={'color': 'True'}
2026-08-23 01:28:24.317 /testbed/src/click/globals.py:54 click.globals.resolve_color_default event=call locals={'color': 'None'}
2026-08-23 01:28:24.317 /testbed/src/click/globals.py:59 click.globals.resolve_color_default event=line locals={}
2026-08-23 01:28:24.317 /testbed/src/click/globals.py:62 click.globals.resolve_color_default event=line locals={}
2026-08-23 01:28:24.317 /testbed/src/click/globals.py:20 click.globals.get_current_context event=call locals={'silent': 'True'}
2026-08-23 01:28:24.317 /testbed/src/click/globals.py:35 click.globals.get_current_context event=line locals={}
2026-08-23 01:28:24.317 /testbed/src/click/globals.py:36 click.globals.get_current_context event=line locals={}
2026-08-23 01:28:24.317 /testbed/src/click/globals.py:36 click.globals.get_current_context event=return retval=<click.core.Context object at 0x7f3130bd7b90> locals={'silent': 'True'}
2026-08-23 01:28:24.317 /testbed/src/click/globals.py:64 click.globals.resolve_color_default event=line locals={'ctx': '<click.core.Context object at 0x7f3130bd7b90>'}
2026-08-23 01:28:24.317 /testbed/src/click/globals.py:65 click.globals.resolve_color_default event=line locals={}
2026-08-23 01:28:24.317 /testbed/src/click/globals.py:65 click.globals.resolve_color_default event=return retval=True locals={'color': 'None', 'ctx': '<click.core.Context object at 0x7f3130bd7b90>'}
2026-08-23 01:28:24.317 /testbed/src/click/globals.py:54 click.globals.resolve_color_default event=call locals={'color': 'None'}
2026-08-23 01:28:24.317 /testbed/src/click/globals.py:59 click.globals.resolve_color_default event=line locals={}
2026-08-23 01:28:24.317 /testbed/src/click/globals.py:62 click.globals.resolve_color_default event=line locals={}
2026-08-23 01:28:24.317 /testbed/src/click/globals.py:20 click.globals.get_current_context event=call locals={'silent': 'True'}
2026-08-23 01:28:24.317 /testbed/src/click/globals.py:35 click.globals.get_current_context event=line locals={}
2026-08-23 01:28:24.317 /testbed/src/click/globals.py:36 click.globals.get_current_context event=line locals={}
2026-08-23 01:28:24.317 /testbed/src/click/globals.py:36 click.globals.get_current_context event=return retval=<click.core.Context object at 0x7f3130bf1290> locals={'silent': 'True'}
2026-08-23 01:28:24.317 /testbed/src/click/globals.py:64 click.globals.resolve_color_default event=line locals={'ctx': '<click.core.Context object at 0x7f3130bf1290>'}
2026-08-23 01:28:24.317 /testbed/src/click/globals.py:65 click.globals.resolve_color_default event=line locals={}
2026-08-23 01:28:24.317 /testbed/src/click/globals.py:65 click.globals.resolve_color_default event=return retval=True locals={'color': 'None', 'ctx': '<click.core.Context object at 0x7f3130bf1290>'}
2026-08-23 01:28:24.317 /testbed/src/click/globals.py:54 click.globals.resolve_color_default event=call locals={'color': 'True'}
2026-08-23 01:28:24.317 /testbed/src/click/globals.py:59 click.globals.resolve_color_default event=line locals={}
2026-08-23 01:28:24.317 /testbed/src/click/globals.py:60 click.globals.resolve_color_default event=line locals={}
2026-08-23 01:28:24.317 /testbed/src/click/globals.py:60 click.globals.resolve_color_default event=return retval=True locals={'color': 'True'}
2026-08-23 01:28:24.317 /testbed/src/click/globals.py:54 click.globals.resolve_color_default event=call locals={'color': 'None'}
2026-08-23 01:28:24.317 /testbed/src/click/globals.py:59 click.globals.resolve_color_default event=line locals={}
2026-08-23 01:28:24.317 /testbed/src/click/globals.py:62 click.globals.resolve_color_default event=line locals={}
2026-08-23 01:28:24.317 /testbed/src/click/globals.py:20 click.globals.get_current_context event=call locals={'silent': 'True'}
2026-08-23 01:28:24.317 /testbed/src/click/globals.py:35 click.globals.get_current_context event=line locals={}
2026-08-23 01:28:24.317 /testbed/src/click/globals.py:36 click.globals.get_current_context event=line locals={}
2026-08-23 01:28:24.317 /testbed/src/click/globals.py:36 click.globals.get_current_context event=exception exc=IndexError: IndexError('list index out of range') locals={}
2026-08-23 01:28:24.317 /testbed/src/click/globals.py:37 click.globals.get_current_context event=line locals={'silent': 'True'}
2026-08-23 01:28:24.317 /testbed/src/click/globals.py:38 click.globals.get_current_context event=line locals={'e': "IndexError('list index out of range')"}
2026-08-23 01:28:24.317 /testbed/src/click/globals.py:41 click.globals.get_current_context event=line locals={}
2026-08-23 01:28:24.317 /testbed/src/click/globals.py:41 click.globals.get_current_context event=return retval=None locals={'silent': 'True'}
2026-08-23 01:28:24.317 /testbed/src/click/globals.py:64 click.globals.resolve_color_default event=line locals={'ctx': 'None'}
2026-08-23 01:28:24.317 /testbed/src/click/globals.py:67 click.globals.resolve_color_default event=line locals={}
2026-08-23 01:28:24.317 /testbed/src/click/globals.py:67 click.globals.resolve_color_default event=return retval=None locals={'color': 'None', 'ctx': 'None'}
2026-08-23 01:28:24.317 /testbed/src/click/globals.py:54 click.globals.resolve_color_default event=call locals={'color': 'None'}
2026-08-23 01:28:24.317 /testbed/src/click/globals.py:59 click.globals.resolve_color_default event=line locals={}
2026-08-23 01:28:24.317 /testbed/src/click/globals.py:62 click.globals.resolve_color_default event=line locals={}
2026-08-23 01:28:24.317 /testbed/src/click/globals.py:20 click.globals.get_current_context event=call locals={'silent': 'True'}
2026-08-23 01:28:24.317 /testbed/src/click/globals.py:35 click.globals.get_current_context event=line locals={}
2026-08-23 01:28:24.317 /testbed/src/click/globals.py:36 click.globals.get_current_context event=line locals={}
2026-08-23 01:28:24.317 /testbed/src/click/globals.py:36 click.globals.get_current_context event=return retval=<click.core.Context object at 0x7f3130bf0850> locals={'silent': 'True'}
2026-08-23 01:28:24.317 /testbed/src/click/globals.py:64 click.globals.resolve_color_default event=line locals={'ctx': '<click.core.Context object at 0x7f3130bf0850>'}
2026-08-23 01:28:24.317 /testbed/src/click/globals.py:65 click.globals.resolve_color_default event=line locals={}
2026-08-23 01:28:24.317 /testbed/src/click/globals.py:65 click.globals.resolve_color_default event=return retval=True locals={'color': 'None', 'ctx': '<click.core.Context object at 0x7f3130bf0850>'}
2026-08-23 01:28:24.317 /testbed/src/click/globals.py:54 click.globals.resolve_color_default event=call locals={'color': 'False'}
2026-08-23 01:28:24.317 /testbed/src/click/globals.py:59 click.globals.resolve_color_default event=line locals={}
2026-08-23 01:28:24.317 /testbed/src/click/globals.py:60 click.globals.resolve_color_default event=line locals={}
2026-08-23 01:28:24.317 /testbed/src/click/globals.py:60 click.globals.resolve_color_default event=return retval=False locals={'color': 'False'}
2026-08-23 01:28:24.317 /testbed/src/click/globals.py:54 click.globals.resolve_color_default event=call locals={'color': 'False'}
2026-08-23 01:28:24.317 /testbed/src/click/globals.py:59 click.globals.resolve_color_default event=line locals={}
2026-08-23 01:28:24.317 /testbed/src/click/globals.py:60 click.globals.resolve_color_default event=line locals={}
2026-08-23 01:28:24.317 /testbed/src/click/globals.py:60 click.globals.resolve_color_default event=return retval=False locals={'color': 'False'}
2026-08-23 01:28:24.318 /testbed/src/click/globals.py:54 click.globals.resolve_color_default event=call locals={'color': 'None'}
2026-08-23 01:28:24.318 /testbed/src/click/globals.py:59 click.globals.resolve_color_default event=line locals={}
2026-08-23 01:28:24.318 /testbed/src/click/globals.py:62 click.globals.resolve_color_default event=line locals={}
2026-08-23 01:28:24.318 /testbed/src/click/globals.py:20 click.globals.get_current_context event=call locals={'silent': 'True'}
2026-08-23 01:28:24.318 /testbed/src/click/globals.py:35 click.globals.get_current_context event=line locals={}
2026-08-23 01:28:24.318 /testbed/src/click/globals.py:36 click.globals.get_current_context event=line locals={}
2026-08-23 01:28:24.318 /testbed/src/click/globals.py:36 click.globals.get_current_context event=return retval=<click.core.Context object at 0x7f3130bd6c90> locals={'silent': 'True'}
2026-08-23 01:28:24.318 /testbed/src/click/globals.py:64 click.globals.resolve_color_default event=line locals={'ctx': '<click.core.Context object at 0x7f3130bd6c90>'}
2026-08-23 01:28:24.318 /testbed/src/click/globals.py:65 click.globals.resolve_color_default event=line locals={}
2026-08-23 01:28:24.318 /testbed/src/click/globals.py:65 click.globals.resolve_color_default event=return retval=True locals={'color': 'None', 'ctx': '<click.core.Context object at 0x7f3130bd6c90>'}
2026-08-23 01:28:24.318 /testbed/src/click/globals.py:54 click.globals.resolve_color_default event=call locals={'color': 'None'}
2026-08-23 01:28:24.318 /testbed/src/click/globals.py:59 click.globals.resolve_color_default event=line locals={}
2026-08-23 01:28:24.318 /testbed/src/click/globals.py:62 click.globals.resolve_color_default event=line locals={}
2026-08-23 01:28:24.318 /testbed/src/click/globals.py:20 click.globals.get_current_context event=call locals={'silent': 'True'}
2026-08-23 01:28:24.318 /testbed/src/click/globals.py:35 click.globals.get_current_context event=line locals={}
2026-08-23 01:28:24.318 /testbed/src/click/globals.py:36 click.globals.get_current_context event=line locals={}
2026-08-23 01:28:24.318 /testbed/src/click/globals.py:36 click.globals.get_current_context event=exception exc=IndexError: IndexError('list index out of range') locals={}
2026-08-23 01:28:24.318 /testbed/src/click/globals.py:37 click.globals.get_current_context event=line locals={'silent': 'True'}
2026-08-23 01:28:24.318 /testbed/src/click/globals.py:38 click.globals.get_current_context event=line locals={'e': "IndexError('list index out of range')"}
2026-08-23 01:28:24.318 /testbed/src/click/globals.py:41 click.globals.get_current_context event=line locals={}
2026-08-23 01:28:24.318 /testbed/src/click/globals.py:41 click.globals.get_current_context event=return retval=None locals={'silent': 'True'}
2026-08-23 01:28:24.318 /testbed/src/click/globals.py:64 click.globals.resolve_color_default event=line locals={'ctx': 'None'}
2026-08-23 01:28:24.318 /testbed/src/click/globals.py:67 click.globals.resolve_color_default event=line locals={}
2026-08-23 01:28:24.318 /testbed/src/click/globals.py:67 click.globals.resolve_color_default event=return retval=None locals={'color': 'None', 'ctx': 'None'}
2026-08-23 01:28:24.318 /testbed/src/click/globals.py:54 click.globals.resolve_color_default event=call locals={'color': 'None'}
2026-08-23 01:28:24.318 /testbed/src/click/globals.py:59 click.globals.resolve_color_default event=line locals={}
2026-08-23 01:28:24.318 /testbed/src/click/globals.py:62 click.globals.resolve_color_default event=line locals={}
2026-08-23 01:28:24.318 /testbed/src/click/globals.py:20 click.globals.get_current_context event=call locals={'silent': 'True'}
2026-08-23 01:28:24.318 /testbed/src/click/globals.py:35 click.globals.get_current_context event=line locals={}
2026-08-23 01:28:24.318 /testbed/src/click/globals.py:36 click.globals.get_current_context event=line locals={}
2026-08-23 01:28:24.318 /testbed/src/click/globals.py:36 click.globals.get_current_context event=return retval=<click.core.Context object at 0x7f3130bf0850> locals={'silent': 'True'}
2026-08-23 01:28:24.318 /testbed/src/click/globals.py:64 click.globals.resolve_color_default event=line locals={'ctx': '<click.core.Context object at 0x7f3130bf0850>'}
2026-08-23 01:28:24.318 /testbed/src/click/globals.py:65 click.globals.resolve_color_default event=line locals={}
2026-08-23 01:28:24.318 /testbed/src/click/globals.py:65 click.globals.resolve_color_default event=return retval=True locals={'color': 'None', 'ctx': '<click.core.Context object at 0x7f3130bf0850>'}
2026-08-23 01:28:24.318 /testbed/src/click/globals.py:54 click.globals.resolve_color_default event=call locals={'color': 'True'}
2026-08-23 01:28:24.318 /testbed/src/click/globals.py:59 click.globals.resolve_color_default event=line locals={}
2026-08-23 01:28:24.318 /testbed/src/click/globals.py:60 click.globals.resolve_color_default event=line locals={}
2026-08-23 01:28:24.318 /testbed/src/click/globals.py:60 click.globals.resolve_color_default event=return retval=True locals={'color': 'True'}
2026-08-23 01:28:24.318 /testbed/src/click/globals.py:54 click.globals.resolve_color_default event=call locals={'color': 'None'}
2026-08-23 01:28:24.318 /testbed/src/click/globals.py:59 click.globals.resolve_color_default event=line locals={}
2026-08-23 01:28:24.318 /testbed/src/click/globals.py:62 click.globals.resolve_color_default event=line locals={}
2026-08-23 01:28:24.318 /testbed/src/click/globals.py:20 click.globals.get_current_context event=call locals={'silent': 'True'}
2026-08-23 01:28:24.318 /testbed/src/click/globals.py:35 click.globals.get_current_context event=line locals={}
2026-08-23 01:28:24.318 /testbed/src/click/globals.py:36 click.globals.get_current_context event=line locals={}
2026-08-23 01:28:24.318 /testbed/src/click/globals.py:36 click.globals.get_current_context event=exception exc=IndexError: IndexError('list index out of range') locals={}
2026-08-23 01:28:24.318 /testbed/src/click/globals.py:37 click.globals.get_current_context event=line locals={'silent': 'True'}
2026-08-23 01:28:24.318 /testbed/src/click/globals.py:38 click.globals.get_current_context event=line locals={'e': "IndexError('list index out of range')"}
2026-08-23 01:28:24.318 /testbed/src/click/globals.py:41 click.globals.get_current_context event=line locals={}
2026-08-23 01:28:24.318 /testbed/src/click/globals.py:41 click.globals.get_current_context event=return retval=None locals={'silent': 'True'}
2026-08-23 01:28:24.318 /testbed/src/click/globals.py:64 click.globals.resolve_color_default event=line locals={'ctx': 'None'}
2026-08-23 01:28:24.318 /testbed/src/click/globals.py:67 click.globals.resolve_color_default event=line locals={}
2026-08-23 01:28:24.318 /testbed/src/click/globals.py:67 click.globals.resolve_color_default event=return retval=None locals={'color': 'None', 'ctx': 'None'}
2026-08-23 01:28:24.318 /testbed/src/click/globals.py:54 click.globals.resolve_color_default event=call locals={'color': 'None'}
2026-08-23 01:28:24.318 /testbed/src/click/globals.py:59 click.globals.resolve_color_default event=line locals={}
2026-08-23 01:28:24.318 /testbed/src/click/globals.py:62 click.globals.resolve_color_default event=line locals={}
2026-08-23 01:28:24.318 /testbed/src/click/globals.py:20 click.globals.get_current_context event=call locals={'silent': 'True'}
2026-08-23 01:28:24.318 /testbed/src/click/globals.py:35 click.globals.get_current_context event=line locals={}
2026-08-23 01:28:24.318 /testbed/src/click/globals.py:36 click.globals.get_current_context event=line locals={}
2026-08-23 01:28:24.318 /testbed/src/click/globals.py:36 click.globals.get_current_context event=return retval=<click.core.Context object at 0x7f3130bd7b90> locals={'silent': 'True'}
2026-08-23 01:28:24.318 /testbed/src/click/globals.py:64 click.globals.resolve_color_default event=line locals={'ctx': '<click.core.Context object at 0x7f3130bd7b90>'}
2026-08-23 01:28:24.318 /testbed/src/click/globals.py:65 click.globals.resolve_color_default event=line locals={}
2026-08-23 01:28:24.318 /testbed/src/click/globals.py:65 click.globals.resolve_color_default event=return retval=True locals={'color': 'None', 'ctx': '<click.core.Context object at 0x7f3130bd7b90>'}
2026-08-23 01:28:24.318 /testbed/src/click/globals.py:54 click.globals.resolve_color_default event=call locals={'color': 'False'}
2026-08-23 01:28:24.318 /testbed/src/click/globals.py:59 click.globals.resolve_color_default event=line locals={}
2026-08-23 01:28:24.318 /testbed/src/click/globals.py:60 click.globals.resolve_color_default event=line locals={}
2026-08-23 01:28:24.318 /testbed/src/click/globals.py:60 click.globals.resolve_color_default event=return retval=False locals={'color': 'False'}
2026-08-23 01:28:24.318 /testbed/src/click/globals.py:54 click.globals.resolve_color_default event=call locals={'color': 'False'}
2026-08-23 01:28:24.318 /testbed/src/click/globals.py:59 click.globals.resolve_color_default event=line locals={}
2026-08-23 01:28:24.318 /testbed/src/click/globals.py:60 click.globals.resolve_color_default event=line locals={}
2026-08-23 01:28:24.318 /testbed/src/click/globals.py:60 click.globals.resolve_color_default event=return retval=False locals={'color': 'False'}
2026-08-23 01:28:24.318 /testbed/src/click/globals.py:54 click.globals.resolve_color_default event=call locals={'color': 'None'}
2026-08-23 01:28:24.318 /testbed/src/click/globals.py:59 click.globals.resolve_color_default event=line locals={}
2026-08-23 01:28:24.318 /testbed/src/click/globals.py:62 click.globals.resolve_color_default event=line locals={}
2026-08-23 01:28:24.318 /testbed/src/click/globals.py:20 click.globals.get_current_context event=call locals={'silent': 'True'}
2026-08-23 01:28:24.318 /testbed/src/click/globals.py:35 click.globals.get_current_context event=line locals={}
2026-08-23 01:28:24.318 /testbed/src/click/globals.py:36 click.globals.get_current_context event=line locals={}
2026-08-23 01:28:24.318 /testbed/src/click/globals.py:36 click.globals.get_current_context event=return retval=<click.core.Context object at 0x7f3130bd72d0> locals={'silent': 'True'}
2026-08-23 01:28:24.318 /testbed/src/click/globals.py:64 click.globals.resolve_color_default event=line locals={'ctx': '<click.core.Context object at 0x7f3130bd72d0>'}
2026-08-23 01:28:24.318 /testbed/src/click/globals.py:65 click.globals.resolve_color_default event=line locals={}
2026-08-23 01:28:24.318 /testbed/src/click/globals.py:65 click.globals.resolve_color_default event=return retval=True locals={'color': 'None', 'ctx': '<click.core.Context object at 0x7f3130bd72d0>'}
2026-08-23 01:28:24.319 /testbed/src/click/globals.py:54 click.globals.resolve_color_default event=call locals={'color': 'True'}
2026-08-23 01:28:24.319 /testbed/src/click/globals.py:59 click.globals.resolve_color_default event=line locals={}
2026-08-23 01:28:24.319 /testbed/src/click/globals.py:60 click.globals.resolve_color_default event=line locals={}
2026-08-23 01:28:24.319 /testbed/src/click/globals.py:60 click.globals.resolve_color_default event=return retval=True locals={'color': 'True'}
2026-08-23 01:28:24.319 /testbed/src/click/globals.py:54 click.globals.resolve_color_default event=call locals={'color': 'None'}
2026-08-23 01:28:24.319 /testbed/src/click/globals.py:59 click.globals.resolve_color_default event=line locals={}
2026-08-23 01:28:24.319 /testbed/src/click/globals.py:62 click.globals.resolve_color_default event=line locals={}
2026-08-23 01:28:24.319 /testbed/src/click/globals.py:20 click.globals.get_current_context event=call locals={'silent': 'True'}
2026-08-23 01:28:24.319 /testbed/src/click/globals.py:35 click.globals.get_current_context event=line locals={}
2026-08-23 01:28:24.319 /testbed/src/click/globals.py:36 click.globals.get_current_context event=line locals={}
2026-08-23 01:28:24.319 /testbed/src/click/globals.py:36 click.globals.get_current_context event=return retval=<click.core.Context object at 0x7f31310f7c50> locals={'silent': 'True'}
2026-08-23 01:28:24.319 /testbed/src/click/globals.py:64 click.globals.resolve_color_default event=line locals={'ctx': '<click.core.Context object at 0x7f31310f7c50>'}
2026-08-23 01:28:24.319 /testbed/src/click/globals.py:65 click.globals.resolve_color_default event=line locals={}
2026-08-23 01:28:24.319 /testbed/src/click/globals.py:65 click.globals.resolve_color_default event=return retval=True locals={'color': 'None', 'ctx': '<click.core.Context object at 0x7f31310f7c50>'}
2026-08-23 01:28:24.319 /testbed/src/click/globals.py:54 click.globals.resolve_color_default event=call locals={'color': 'None'}
2026-08-23 01:28:24.319 /testbed/src/click/globals.py:59 click.globals.resolve_color_default event=line locals={}
2026-08-23 01:28:24.319 /testbed/src/click/globals.py:62 click.globals.resolve_color_default event=line locals={}
2026-08-23 01:28:24.319 /testbed/src/click/globals.py:20 click.globals.get_current_context event=call locals={'silent': 'True'}
2026-08-23 01:28:24.319 /testbed/src/click/globals.py:35 click.globals.get_current_context event=line locals={}
2026-08-23 01:28:24.319 /testbed/src/click/globals.py:36 click.globals.get_current_context event=line locals={}
2026-08-23 01:28:24.319 /testbed/src/click/globals.py:36 click.globals.get_current_context event=return retval=<click.core.Context object at 0x7f3130bd7150> locals={'silent': 'True'}
2026-08-23 01:28:24.319 /testbed/src/click/globals.py:64 click.globals.resolve_color_default event=line locals={'ctx': '<click.core.Context object at 0x7f3130bd7150>'}
2026-08-23 01:28:24.319 /testbed/src/click/globals.py:65 click.globals.resolve_color_default event=line locals={}
2026-08-23 01:28:24.319 /testbed/src/click/globals.py:65 click.globals.resolve_color_default event=return retval=True locals={'color': 'None', 'ctx': '<click.core.Context object at 0x7f3130bd7150>'}
2026-08-23 01:28:24.319 /testbed/src/click/globals.py:54 click.globals.resolve_color_default event=call locals={'color': 'None'}
2026-08-23 01:28:24.319 /testbed/src/click/globals.py:59 click.globals.resolve_color_default event=line locals={}
2026-08-23 01:28:24.319 /testbed/src/click/globals.py:62 click.globals.resolve_color_default event=line locals={}
2026-08-23 01:28:24.319 /testbed/src/click/globals.py:20 click.globals.get_current_context event=call locals={'silent': 'True'}
2026-08-23 01:28:24.319 /testbed/src/click/globals.py:35 click.globals.get_current_context event=line locals={}
2026-08-23 01:28:24.319 /testbed/src/click/globals.py:36 click.globals.get_current_context event=line locals={}
2026-08-23 01:28:24.319 /testbed/src/click/globals.py:36 click.globals.get_current_context event=return retval=<click.core.Context object at 0x7f3130bd7150> locals={'silent': 'True'}
2026-08-23 01:28:24.319 /testbed/src/click/globals.py:64 click.globals.resolve_color_default event=line locals={'ctx': '<click.core.Context object at 0x7f3130bd7150>'}
2026-08-23 01:28:24.319 /testbed/src/click/globals.py:65 click.globals.resolve_color_default event=line locals={}
2026-08-23 01:28:24.319 /testbed/src/click/globals.py:65 click.globals.resolve_color_default event=return retval=True locals={'color': 'None', 'ctx': '<click.core.Context object at 0x7f3130bd7150>'}
2026-08-23 01:28:24.319 /testbed/src/click/globals.py:54 click.globals.resolve_color_default event=call locals={'color': 'None'}
2026-08-23 01:28:24.319 /testbed/src/click/globals.py:59 click.globals.resolve_color_default event=line locals={}
2026-08-23 01:28:24.319 /testbed/src/click/globals.py:62 click.globals.resolve_color_default event=line locals={}
2026-08-23 01:28:24.319 /testbed/src/click/globals.py:20 click.globals.get_current_context event=call locals={'silent': 'True'}
2026-08-23 01:28:24.319 /testbed/src/click/globals.py:35 click.globals.get_current_context event=line locals={}
2026-08-23 01:28:24.319 /testbed/src/click/globals.py:36 click.globals.get_current_context event=line locals={}
2026-08-23 01:28:24.319 /testbed/src/click/globals.py:36 click.globals.get_current_context event=return retval=<click.core.Context object at 0x7f3130bd7b90> locals={'silent': 'True'}
2026-08-23 01:28:24.319 /testbed/src/click/globals.py:64 click.globals.resolve_color_default event=line locals={'ctx': '<click.core.Context object at 0x7f3130bd7b90>'}
2026-08-23 01:28:24.319 /testbed/src/click/globals.py:65 click.globals.resolve_color_default event=line locals={}
2026-08-23 01:28:24.319 /testbed/src/click/globals.py:65 click.globals.resolve_color_default event=return retval=True locals={'color': 'None', 'ctx': '<click.core.Context object at 0x7f3130bd7b90>'}
2026-08-23 01:28:24.319 /testbed/src/click/globals.py:54 click.globals.resolve_color_default event=call locals={'color': 'None'}
2026-08-23 01:28:24.319 /testbed/src/click/globals.py:59 click.globals.resolve_color_default event=line locals={}
2026-08-23 01:28:24.319 /testbed/src/click/globals.py:62 click.globals.resolve_color_default event=line locals={}
2026-08-23 01:28:24.319 /testbed/src/click/globals.py:20 click.globals.get_current_context event=call locals={'silent': 'True'}
2026-08-23 01:28:24.319 /testbed/src/click/globals.py:35 click.globals.get_current_context event=line locals={}
2026-08-23 01:28:24.319 /testbed/src/click/globals.py:36 click.globals.get_current_context event=line locals={}
2026-08-23 01:28:24.319 /testbed/src/click/globals.py:36 click.globals.get_current_context event=return retval=<click.core.Context object at 0x7f3130bd6e10> locals={'silent': 'True'}
2026-08-23 01:28:24.319 /testbed/src/click/globals.py:64 click.globals.resolve_color_default event=line locals={'ctx': '<click.core.Context object at 0x7f3130bd6e10>'}
2026-08-23 01:28:24.319 /testbed/src/click/globals.py:65 click.globals.resolve_color_default event=line locals={}
2026-08-23 01:28:24.319 /testbed/src/click/globals.py:65 click.globals.resolve_color_default event=return retval=True locals={'color': 'None', 'ctx': '<click.core.Context object at 0x7f3130bd6e10>'}
2026-08-23 01:28:24.319 /testbed/src/click/globals.py:54 click.globals.resolve_color_default event=call locals={'color': 'None'}
2026-08-23 01:28:24.319 /testbed/src/click/globals.py:59 click.globals.resolve_color_default event=line locals={}
2026-08-23 01:28:24.319 /testbed/src/click/globals.py:62 click.globals.resolve_color_default event=line locals={}
2026-08-23 01:28:24.319 /testbed/src/click/globals.py:20 click.globals.get_current_context event=call locals={'silent': 'True'}
2026-08-23 01:28:24.319 /testbed/src/click/globals.py:35 click.globals.get_current_context event=line locals={}
2026-08-23 01:28:24.319 /testbed/src/click/globals.py:36 click.globals.get_current_context event=line locals={}
2026-08-23 01:28:24.319 /testbed/src/click/globals.py:36 click.globals.get_current_context event=return retval=<click.core.Context object at 0x7f3130bd7710> locals={'silent': 'True'}
2026-08-23 01:28:24.319 /testbed/src/click/globals.py:64 click.globals.resolve_color_default event=line locals={'ctx': '<click.core.Context object at 0x7f3130bd7710>'}
2026-08-23 01:28:24.319 /testbed/src/click/globals.py:65 click.globals.resolve_color_default event=line locals={}
2026-08-23 01:28:24.319 /testbed/src/click/globals.py:65 click.globals.resolve_color_default event=return retval=True locals={'color': 'None', 'ctx': '<click.core.Context object at 0x7f3130bd7710>'}
2026-08-23 01:28:24.319 /testbed/src/click/globals.py:54 click.globals.resolve_color_default event=call locals={'color': 'None'}
2026-08-23 01:28:24.319 /testbed/src/click/globals.py:59 click.globals.resolve_color_default event=line locals={}
2026-08-23 01:28:24.319 /testbed/src/click/globals.py:62 click.globals.resolve_color_default event=line locals={}
2026-08-23 01:28:24.319 /testbed/src/click/globals.py:20 click.globals.get_current_context event=call locals={'silent': 'True'}
2026-08-23 01:28:24.319 /testbed/src/click/globals.py:35 click.globals.get_current_context event=line locals={}
2026-08-23 01:28:24.319 /testbed/src/click/globals.py:36 click.globals.get_current_context event=line locals={}
2026-08-23 01:28:24.319 /testbed/src/click/globals.py:36 click.globals.get_current_context event=return retval=<click.core.Context object at 0x7f3130bd65d0> locals={'silent': 'True'}
2026-08-23 01:28:24.319 /testbed/src/click/globals.py:64 click.globals.resolve_color_default event=line locals={'ctx': '<click.core.Context object at 0x7f3130bd65d0>'}
2026-08-23 01:28:24.319 /testbed/src/click/globals.py:65 click.globals.resolve_color_default event=line locals={}
2026-08-23 01:28:24.319 /testbed/src/click/globals.py:65 click.globals.resolve_color_default event=return retval=True locals={'color': 'None', 'ctx': '<click.core.Context object at 0x7f3130bd65d0>'}
2026-08-23 01:28:24.320 /testbed/src/click/globals.py:54 click.globals.resolve_color_default event=call locals={'color': 'True'}
2026-08-23 01:28:24.320 /testbed/src/click/globals.py:59 click.globals.resolve_color_default event=line locals={}
2026-08-23 01:28:24.320 /testbed/src/click/globals.py:60 click.globals.resolve_color_default event=line locals={}
2026-08-23 01:28:24.320 /testbed/src/click/globals.py:60 click.globals.resolve_color_default event=return retval=True locals={'color': 'True'}
2026-08-23 01:28:24.320 /testbed/src/click/globals.py:54 click.globals.resolve_color_default event=call locals={'color': 'False'}
2026-08-23 01:28:24.320 /testbed/src/click/globals.py:59 click.globals.resolve_color_default event=line locals={}
2026-08-23 01:28:24.320 /testbed/src/click/globals.py:60 click.globals.resolve_color_default event=line locals={}
2026-08-23 01:28:24.320 /testbed/src/click/globals.py:60 click.globals.resolve_color_default event=return retval=False locals={'color': 'False'}
2026-08-23 01:28:24.320 /testbed/src/click/globals.py:54 click.globals.resolve_color_default event=call locals={'color': 'None'}
2026-08-23 01:28:24.320 /testbed/src/click/globals.py:59 click.globals.resolve_color_default event=line locals={}
2026-08-23 01:28:24.320 /testbed/src/click/globals.py:62 click.globals.resolve_color_default event=line locals={}
2026-08-23 01:28:24.320 /testbed/src/click/globals.py:20 click.globals.get_current_context event=call locals={'silent': 'True'}
2026-08-23 01:28:24.320 /testbed/src/click/globals.py:35 click.globals.get_current_context event=line locals={}
2026-08-23 01:28:24.320 /testbed/src/click/globals.py:36 click.globals.get_current_context event=line locals={}
2026-08-23 01:28:24.320 /testbed/src/click/globals.py:36 click.globals.get_current_context event=exception exc=IndexError: IndexError('list index out of range') locals={}
2026-08-23 01:28:24.320 /testbed/src/click/globals.py:37 click.globals.get_current_context event=line locals={'silent': 'True'}
2026-08-23 01:28:24.320 /testbed/src/click/globals.py:38 click.globals.get_current_context event=line locals={'e': "IndexError('list index out of range')"}
2026-08-23 01:28:24.320 /testbed/src/click/globals.py:41 click.globals.get_current_context event=line locals={}
2026-08-23 01:28:24.320 /testbed/src/click/globals.py:41 click.globals.get_current_context event=return retval=None locals={'silent': 'True'}
2026-08-23 01:28:24.320 /testbed/src/click/globals.py:64 click.globals.resolve_color_default event=line locals={'ctx': 'None'}
2026-08-23 01:28:24.320 /testbed/src/click/globals.py:67 click.globals.resolve_color_default event=line locals={}
2026-08-23 01:28:24.320 /testbed/src/click/globals.py:67 click.globals.resolve_color_default event=return retval=None locals={'color': 'None', 'ctx': 'None'}
2026-08-23 01:28:24.320 /testbed/src/click/globals.py:54 click.globals.resolve_color_default event=call locals={'color': 'None'}
2026-08-23 01:28:24.320 /testbed/src/click/globals.py:59 click.globals.resolve_color_default event=line locals={}
2026-08-23 01:28:24.320 /testbed/src/click/globals.py:62 click.globals.resolve_color_default event=line locals={}
2026-08-23 01:28:24.320 /testbed/src/click/globals.py:20 click.globals.get_current_context event=call locals={'silent': 'True'}
2026-08-23 01:28:24.320 /testbed/src/click/globals.py:35 click.globals.get_current_context event=line locals={}
2026-08-23 01:28:24.320 /testbed/src/click/globals.py:36 click.globals.get_current_context event=line locals={}
2026-08-23 01:28:24.320 /testbed/src/click/globals.py:36 click.globals.get_current_context event=exception exc=IndexError: IndexError('list index out of range') locals={}
2026-08-23 01:28:24.320 /testbed/src/click/globals.py:37 click.globals.get_current_context event=line locals={'silent': 'True'}
2026-08-23 01:28:24.320 /testbed/src/click/globals.py:38 click.globals.get_current_context event=line locals={'e': "IndexError('list index out of range')"}
2026-08-23 01:28:24.320 /testbed/src/click/globals.py:41 click.globals.get_current_context event=line locals={}
2026-08-23 01:28:24.320 /testbed/src/click/globals.py:41 click.globals.get_current_context event=return retval=None locals={'silent': 'True'}
2026-08-23 01:28:24.320 /testbed/src/click/globals.py:64 click.globals.resolve_color_default event=line locals={'ctx': 'None'}
2026-08-23 01:28:24.320 /testbed/src/click/globals.py:67 click.globals.resolve_color_default event=line locals={}
2026-08-23 01:28:24.320 /testbed/src/click/globals.py:67 click.globals.resolve_color_default event=return retval=None locals={'color': 'None', 'ctx': 'None'}
2026-08-23 01:28:24.320 /testbed/src/click/globals.py:54 click.globals.resolve_color_default event=call locals={'color': 'False'}
2026-08-23 01:28:24.320 /testbed/src/click/globals.py:59 click.globals.resolve_color_default event=line locals={}
2026-08-23 01:28:24.320 /testbed/src/click/globals.py:60 click.globals.resolve_color_default event=line locals={}
2026-08-23 01:28:24.320 /testbed/src/click/globals.py:60 click.globals.resolve_color_default event=return retval=False locals={'color': 'False'}
2026-08-23 01:28:24.320 /testbed/src/click/globals.py:54 click.globals.resolve_color_default event=call locals={'color': 'False'}
2026-08-23 01:28:24.320 /testbed/src/click/globals.py:59 click.globals.resolve_color_default event=line locals={}
2026-08-23 01:28:24.320 /testbed/src/click/globals.py:60 click.globals.resolve_color_default event=line locals={}
2026-08-23 01:28:24.320 /testbed/src/click/globals.py:60 click.globals.resolve_color_default event=return retval=False locals={'color': 'False'}
2026-08-23 01:28:24.320 /testbed/src/click/globals.py:54 click.globals.resolve_color_default event=call locals={'color': 'False'}
2026-08-23 01:28:24.320 /testbed/src/click/globals.py:59 click.globals.resolve_color_default event=line locals={}
2026-08-23 01:28:24.320 /testbed/src/click/globals.py:60 click.globals.resolve_color_default event=line locals={}
2026-08-23 01:28:24.320 /testbed/src/click/globals.py:60 click.globals.resolve_color_default event=return retval=False locals={'color': 'False'}
2026-08-23 01:28:24.320 /testbed/src/click/globals.py:54 click.globals.resolve_color_default event=call locals={'color': 'None'}
2026-08-23 01:28:24.320 /testbed/src/click/globals.py:59 click.globals.resolve_color_default event=line locals={}
2026-08-23 01:28:24.320 /testbed/src/click/globals.py:62 click.globals.resolve_color_default event=line locals={}
2026-08-23 01:28:24.320 /testbed/src/click/globals.py:20 click.globals.get_current_context event=call locals={'silent': 'True'}
2026-08-23 01:28:24.320 /testbed/src/click/globals.py:35 click.globals.get_current_context event=line locals={}
2026-08-23 01:28:24.320 /testbed/src/click/globals.py:36 click.globals.get_current_context event=line locals={}
2026-08-23 01:28:24.320 /testbed/src/click/globals.py:36 click.globals.get_current_context event=return retval=<click.core.Context object at 0x7f3130bd6e10> locals={'silent': 'True'}
2026-08-23 01:28:24.320 /testbed/src/click/globals.py:64 click.globals.resolve_color_default event=line locals={'ctx': '<click.core.Context object at 0x7f3130bd6e10>'}
2026-08-23 01:28:24.320 /testbed/src/click/globals.py:65 click.globals.resolve_color_default event=line locals={}
2026-08-23 01:28:24.320 /testbed/src/click/globals.py:65 click.globals.resolve_color_default event=return retval=True locals={'color': 'None', 'ctx': '<click.core.Context object at 0x7f3130bd6e10>'}
2026-08-23 01:28:24.320 /testbed/src/click/globals.py:54 click.globals.resolve_color_default event=call locals={'color': 'False'}
2026-08-23 01:28:24.320 /testbed/src/click/globals.py:59 click.globals.resolve_color_default event=line locals={}
2026-08-23 01:28:24.320 /testbed/src/click/globals.py:60 click.globals.resolve_color_default event=line locals={}
2026-08-23 01:28:24.320 /testbed/src/click/globals.py:60 click.globals.resolve_color_default event=return retval=False locals={'color': 'False'}
2026-08-23 01:28:24.320 /testbed/src/click/globals.py:54 click.globals.resolve_color_default event=call locals={'color': 'False'}
2026-08-23 01:28:24.320 /testbed/src/click/globals.py:59 click.globals.resolve_color_default event=line locals={}
2026-08-23 01:28:24.320 /testbed/src/click/globals.py:60 click.globals.resolve_color_default event=line locals={}
2026-08-23 01:28:24.320 /testbed/src/click/globals.py:60 click.globals.resolve_color_default event=return retval=False locals={'color': 'False'}
2026-08-23 01:28:24.320 /testbed/src/click/globals.py:54 click.globals.resolve_color_default event=call locals={'color': 'False'}
2026-08-23 01:28:24.320 /testbed/src/click/globals.py:59 click.globals.resolve_color_default event=line locals={}
2026-08-23 01:28:24.320 /testbed/src/click/globals.py:60 click.globals.resolve_color_default event=line locals={}
2026-08-23 01:28:24.320 /testbed/src/click/globals.py:60 click.globals.resolve_color_default event=return retval=False locals={'color': 'False'}
2026-08-23 01:28:24.320 /testbed/src/click/globals.py:54 click.globals.resolve_color_default event=call locals={'color': 'None'}
2026-08-23 01:28:24.320 /testbed/src/click/globals.py:59 click.globals.resolve_color_default event=line locals={}
2026-08-23 01:28:24.320 /testbed/src/click/globals.py:62 click.globals.resolve_color_default event=line locals={}
2026-08-23 01:28:24.320 /testbed/src/click/globals.py:20 click.globals.get_current_context event=call locals={'silent': 'True'}
2026-08-23 01:28:24.320 /testbed/src/click/globals.py:35 click.globals.get_current_context event=line locals={}
2026-08-23 01:28:24.320 /testbed/src/click/globals.py:36 click.globals.get_current_context event=line locals={}
2026-08-23 01:28:24.320 /testbed/src/click/globals.py:36 click.globals.get_current_context event=return retval=<click.core.Context object at 0x7f3130bd7710> locals={'silent': 'True'}
2026-08-23 01:28:24.321 /testbed/src/click/globals.py:64 click.globals.resolve_color_default event=line locals={'ctx': '<click.core.Context object at 0x7f3130bd7710>'}
2026-08-23 01:28:24.321 /testbed/src/click/globals.py:65 click.globals.resolve_color_default event=line locals={}
2026-08-23 01:28:24.321 /testbed/src/click/globals.py:65 click.globals.resolve_color_default event=return retval=True locals={'color': 'None', 'ctx': '<click.core.Context object at 0x7f3130bd7710>'}
2026-08-23 01:28:24.321 /testbed/src/click/globals.py:54 click.globals.resolve_color_default event=call locals={'color': 'True'}
2026-08-23 01:28:24.321 /testbed/src/click/globals.py:59 click.globals.resolve_color_default event=line locals={}
2026-08-23 01:28:24.321 /testbed/src/click/globals.py:60 click.globals.resolve_color_default event=line locals={}
2026-08-23 01:28:24.321 /testbed/src/click/globals.py:60 click.globals.resolve_color_default event=return retval=True locals={'color': 'True'}
2026-08-23 01:28:24.321 /testbed/src/click/globals.py:54 click.globals.resolve_color_default event=call locals={'color': 'False'}
2026-08-23 01:28:24.321 /testbed/src/click/globals.py:59 click.globals.resolve_color_default event=line locals={}
2026-08-23 01:28:24.321 /testbed/src/click/globals.py:60 click.globals.resolve_color_default event=line locals={}
2026-08-23 01:28:24.321 /testbed/src/click/globals.py:60 click.globals.resolve_color_default event=return retval=False locals={'color': 'False'}
2026-08-23 01:28:24.321 /testbed/src/click/globals.py:54 click.globals.resolve_color_default event=call locals={'color': 'False'}
2026-08-23 01:28:24.321 /testbed/src/click/globals.py:59 click.globals.resolve_color_default event=line locals={}
2026-08-23 01:28:24.321 /testbed/src/click/globals.py:60 click.globals.resolve_color_default event=line locals={}
2026-08-23 01:28:24.321 /testbed/src/click/globals.py:60 click.globals.resolve_color_default event=return retval=False locals={'color': 'False'}
2026-08-23 01:28:24.321 /testbed/src/click/globals.py:54 click.globals.resolve_color_default event=call locals={'color': 'None'}
2026-08-23 01:28:24.321 /testbed/src/click/globals.py:59 click.globals.resolve_color_default event=line locals={}
2026-08-23 01:28:24.321 /testbed/src/click/globals.py:62 click.globals.resolve_color_default event=line locals={}
2026-08-23 01:28:24.321 /testbed/src/click/globals.py:20 click.globals.get_current_context event=call locals={'silent': 'True'}
2026-08-23 01:28:24.321 /testbed/src/click/globals.py:35 click.globals.get_current_context event=line locals={}
2026-08-23 01:28:24.321 /testbed/src/click/globals.py:36 click.globals.get_current_context event=line locals={}
2026-08-23 01:28:24.321 /testbed/src/click/globals.py:36 click.globals.get_current_context event=exception exc=IndexError: IndexError('list index out of range') locals={}
2026-08-23 01:28:24.321 /testbed/src/click/globals.py:37 click.globals.get_current_context event=line locals={'silent': 'True'}
2026-08-23 01:28:24.321 /testbed/src/click/globals.py:38 click.globals.get_current_context event=line locals={'e': "IndexError('list index out of range')"}
2026-08-23 01:28:24.321 /testbed/src/click/globals.py:41 click.globals.get_current_context event=line locals={}
2026-08-23 01:28:24.321 /testbed/src/click/globals.py:41 click.globals.get_current_context event=return retval=None locals={'silent': 'True'}
2026-08-23 01:28:24.321 /testbed/src/click/globals.py:64 click.globals.resolve_color_default event=line locals={'ctx': 'None'}
2026-08-23 01:28:24.321 /testbed/src/click/globals.py:67 click.globals.resolve_color_default event=line locals={}
2026-08-23 01:28:24.321 /testbed/src/click/globals.py:67 click.globals.resolve_color_default event=return retval=None locals={'color': 'None', 'ctx': 'None'}
2026-08-23 01:28:24.321 /testbed/src/click/globals.py:54 click.globals.resolve_color_default event=call locals={'color': 'False'}
2026-08-23 01:28:24.321 /testbed/src/click/globals.py:59 click.globals.resolve_color_default event=line locals={}
2026-08-23 01:28:24.321 /testbed/src/click/globals.py:60 click.globals.resolve_color_default event=line locals={}
2026-08-23 01:28:24.321 /testbed/src/click/globals.py:60 click.globals.resolve_color_default event=return retval=False locals={'color': 'False'}
2026-08-23 01:28:24.321 /testbed/src/click/globals.py:54 click.globals.resolve_color_default event=call locals={'color': 'False'}
2026-08-23 01:28:24.321 /testbed/src/click/globals.py:59 click.globals.resolve_color_default event=line locals={}
2026-08-23 01:28:24.321 /testbed/src/click/globals.py:60 click.globals.resolve_color_default event=line locals={}
2026-08-23 01:28:24.321 /testbed/src/click/globals.py:60 click.globals.resolve_color_default event=return retval=False locals={'color': 'False'}
2026-08-23 01:28:24.321 /testbed/src/click/globals.py:54 click.globals.resolve_color_default event=call locals={'color': 'None'}
2026-08-23 01:28:24.321 /testbed/src/click/globals.py:59 click.globals.resolve_color_default event=line locals={}
2026-08-23 01:28:24.321 /testbed/src/click/globals.py:62 click.globals.resolve_color_default event=line locals={}
2026-08-23 01:28:24.321 /testbed/src/click/globals.py:20 click.globals.get_current_context event=call locals={'silent': 'True'}
2026-08-23 01:28:24.321 /testbed/src/click/globals.py:35 click.globals.get_current_context event=line locals={}
2026-08-23 01:28:24.321 /testbed/src/click/globals.py:36 click.globals.get_current_context event=line locals={}
2026-08-23 01:28:24.321 /testbed/src/click/globals.py:36 click.globals.get_current_context event=return retval=<click.core.Context object at 0x7f3130bf0d90> locals={'silent': 'True'}
2026-08-23 01:28:24.321 /testbed/src/click/globals.py:64 click.globals.resolve_color_default event=line locals={'ctx': '<click.core.Context object at 0x7f3130bf0d90>'}
2026-08-23 01:28:24.321 /testbed/src/click/globals.py:65 click.globals.resolve_color_default event=line locals={}
2026-08-23 01:28:24.321 /testbed/src/click/globals.py:65 click.globals.resolve_color_default event=return retval=True locals={'color': 'None', 'ctx': '<click.core.Context object at 0x7f3130bf0d90>'}
2026-08-23 01:28:24.321 /testbed/src/click/globals.py:54 click.globals.resolve_color_default event=call locals={'color': 'None'}
2026-08-23 01:28:24.321 /testbed/src/click/globals.py:59 click.globals.resolve_color_default event=line locals={}
2026-08-23 01:28:24.321 /testbed/src/click/globals.py:62 click.globals.resolve_color_default event=line locals={}
2026-08-23 01:28:24.321 /testbed/src/click/globals.py:20 click.globals.get_current_context event=call locals={'silent': 'True'}
2026-08-23 01:28:24.321 /testbed/src/click/globals.py:35 click.globals.get_current_context event=line locals={}
2026-08-23 01:28:24.321 /testbed/src/click/globals.py:36 click.globals.get_current_context event=line locals={}
2026-08-23 01:28:24.321 /testbed/src/click/globals.py:36 click.globals.get_current_context event=return retval=<click.core.Context object at 0x7f3130bf0350> locals={'silent': 'True'}
2026-08-23 01:28:24.321 /testbed/src/click/globals.py:64 click.globals.resolve_color_default event=line locals={'ctx': '<click.core.Context object at 0x7f3130bf0350>'}
2026-08-23 01:28:24.321 /testbed/src/click/globals.py:65 click.globals.resolve_color_default event=line locals={}
2026-08-23 01:28:24.321 /testbed/src/click/globals.py:65 click.globals.resolve_color_default event=return retval=True locals={'color': 'None', 'ctx': '<click.core.Context object at 0x7f3130bf0350>'}
2026-08-23 01:28:24.321 /testbed/src/click/globals.py:54 click.globals.resolve_color_default event=call locals={'color': 'False'}
2026-08-23 01:28:24.321 /testbed/src/click/globals.py:59 click.globals.resolve_color_default event=line locals={}
2026-08-23 01:28:24.321 /testbed/src/click/globals.py:60 click.globals.resolve_color_default event=line locals={}
2026-08-23 01:28:24.321 /testbed/src/click/globals.py:60 click.globals.resolve_color_default event=return retval=False locals={'color': 'False'}
2026-08-23 01:28:24.321 /testbed/src/click/globals.py:54 click.globals.resolve_color_default event=call locals={'color': 'True'}
2026-08-23 01:28:24.322 /testbed/src/click/globals.py:59 click.globals.resolve_color_default event=line locals={}
2026-08-23 01:28:24.322 /testbed/src/click/globals.py:60 click.globals.resolve_color_default event=line locals={}
2026-08-23 01:28:24.322 /testbed/src/click/globals.py:60 click.globals.resolve_color_default event=return retval=True locals={'color': 'True'}
2026-08-23 01:28:24.322 /testbed/src/click/globals.py:54 click.globals.resolve_color_default event=call locals={'color': 'True'}
2026-08-23 01:28:24.322 /testbed/src/click/globals.py:59 click.globals.resolve_color_default event=line locals={}
2026-08-23 01:28:24.322 /testbed/src/click/globals.py:60 click.globals.resolve_color_default event=line locals={}
2026-08-23 01:28:24.322 /testbed/src/click/globals.py:60 click.globals.resolve_color_default event=return retval=True locals={'color': 'True'}
2026-08-23 01:28:24.322 /testbed/src/click/globals.py:54 click.globals.resolve_color_default event=call locals={'color': 'None'}
2026-08-23 01:28:24.322 /testbed/src/click/globals.py:59 click.globals.resolve_color_default event=line locals={}
2026-08-23 01:28:24.322 /testbed/src/click/globals.py:62 click.globals.resolve_color_default event=line locals={}
2026-08-23 01:28:24.322 /testbed/src/click/globals.py:20 click.globals.get_current_context event=call locals={'silent': 'True'}
2026-08-23 01:28:24.322 /testbed/src/click/globals.py:35 click.globals.get_current_context event=line locals={}
2026-08-23 01:28:24.322 /testbed/src/click/globals.py:36 click.globals.get_current_context event=line locals={}
2026-08-23 01:28:24.322 /testbed/src/click/globals.py:36 click.globals.get_current_context event=exception exc=IndexError: IndexError('list index out of range') locals={}
2026-08-23 01:28:24.322 /testbed/src/click/globals.py:37 click.globals.get_current_context event=line locals={'silent': 'True'}
2026-08-23 01:28:24.322 /testbed/src/click/globals.py:38 click.globals.get_current_context event=line locals={'e': "IndexError('list index out of range')"}
2026-08-23 01:28:24.322 /testbed/src/click/globals.py:41 click.globals.get_current_context event=line locals={}
2026-08-23 01:28:24.322 /testbed/src/click/globals.py:41 click.globals.get_current_context event=return retval=None locals={'silent': 'True'}
2026-08-23 01:28:24.322 /testbed/src/click/globals.py:64 click.globals.resolve_color_default event=line locals={'ctx': 'None'}
2026-08-23 01:28:24.322 /testbed/src/click/globals.py:67 click.globals.resolve_color_default event=line locals={}
2026-08-23 01:28:24.322 /testbed/src/click/globals.py:67 click.globals.resolve_color_default event=return retval=None locals={'color': 'None', 'ctx': 'None'}
2026-08-23 01:28:24.322 /testbed/src/click/globals.py:54 click.globals.resolve_color_default event=call locals={'color': 'None'}
2026-08-23 01:28:24.322 /testbed/src/click/globals.py:59 click.globals.resolve_color_default event=line locals={}
2026-08-23 01:28:24.322 /testbed/src/click/globals.py:62 click.globals.resolve_color_default event=line locals={}
2026-08-23 01:28:24.322 /testbed/src/click/globals.py:20 click.globals.get_current_context event=call locals={'silent': 'True'}
2026-08-23 01:28:24.322 /testbed/src/click/globals.py:35 click.globals.get_current_context event=line locals={}
2026-08-23 01:28:24.322 /testbed/src/click/globals.py:36 click.globals.get_current_context event=line locals={}
2026-08-23 01:28:24.322 /testbed/src/click/globals.py:36 click.globals.get_current_context event=return retval=<click.core.Context object at 0x7f3130bd7b90> locals={'silent': 'True'}
2026-08-23 01:28:24.322 /testbed/src/click/globals.py:64 click.globals.resolve_color_default event=line locals={'ctx': '<click.core.Context object at 0x7f3130bd7b90>'}
2026-08-23 01:28:24.322 /testbed/src/click/globals.py:65 click.globals.resolve_color_default event=line locals={}
2026-08-23 01:28:24.322 /testbed/src/click/globals.py:65 click.globals.resolve_color_default event=return retval=True locals={'color': 'None', 'ctx': '<click.core.Context object at 0x7f3130bd7b90>'}
2026-08-23 01:28:24.322 /testbed/src/click/globals.py:54 click.globals.resolve_color_default event=call locals={'color': 'True'}
2026-08-23 01:28:24.322 /testbed/src/click/globals.py:59 click.globals.resolve_color_default event=line locals={}
2026-08-23 01:28:24.322 /testbed/src/click/globals.py:60 click.globals.resolve_color_default event=line locals={}
2026-08-23 01:28:24.322 /testbed/src/click/globals.py:60 click.globals.resolve_color_default event=return retval=True locals={'color': 'True'}
2026-08-23 01:28:24.322 /testbed/src/click/globals.py:54 click.globals.resolve_color_default event=call locals={'color': 'False'}
2026-08-23 01:28:24.322 /testbed/src/click/globals.py:59 click.globals.resolve_color_default event=line locals={}
2026-08-23 01:28:24.322 /testbed/src/click/globals.py:60 click.globals.resolve_color_default event=line locals={}
2026-08-23 01:28:24.322 /testbed/src/click/globals.py:60 click.globals.resolve_color_default event=return retval=False locals={'color': 'False'}
2026-08-23 01:28:24.322 /testbed/src/click/globals.py:54 click.globals.resolve_color_default event=call locals={'color': 'False'}
2026-08-23 01:28:24.322 /testbed/src/click/globals.py:59 click.globals.resolve_color_default event=line locals={}
2026-08-23 01:28:24.322 /testbed/src/click/globals.py:60 click.globals.resolve_color_default event=line locals={}
2026-08-23 01:28:24.322 /testbed/src/click/globals.py:60 click.globals.resolve_color_default event=return retval=False locals={'color': 'False'}
2026-08-23 01:28:24.322 /testbed/src/click/globals.py:54 click.globals.resolve_color_default event=call locals={'color': 'None'}
2026-08-23 01:28:24.322 /testbed/src/click/globals.py:59 click.globals.resolve_color_default event=line locals={}
2026-08-23 01:28:24.322 /testbed/src/click/globals.py:62 click.globals.resolve_color_default event=line locals={}
2026-08-23 01:28:24.322 /testbed/src/click/globals.py:20 click.globals.get_current_context event=call locals={'silent': 'True'}
2026-08-23 01:28:24.322 /testbed/src/click/globals.py:35 click.globals.get_current_context event=line locals={}
2026-08-23 01:28:24.322 /testbed/src/click/globals.py:36 click.globals.get_current_context event=line locals={}
2026-08-23 01:28:24.322 /testbed/src/click/globals.py:36 click.globals.get_current_context event=return retval=<click.core.Context object at 0x7f31310f7c50> locals={'silent': 'True'}
2026-08-23 01:28:24.322 /testbed/src/click/globals.py:64 click.globals.resolve_color_default event=line locals={'ctx': '<click.core.Context object at 0x7f31310f7c50>'}
2026-08-23 01:28:24.322 /testbed/src/click/globals.py:65 click.globals.resolve_color_default event=line locals={}
2026-08-23 01:28:24.322 /testbed/src/click/globals.py:65 click.globals.resolve_color_default event=return retval=True locals={'color': 'None', 'ctx': '<click.core.Context object at 0x7f31310f7c50>'}
2026-08-23 01:28:24.322 /testbed/src/click/globals.py:54 click.globals.resolve_color_default event=call locals={'color': 'None'}
2026-08-23 01:28:24.322 /testbed/src/click/globals.py:59 click.globals.resolve_color_default event=line locals={}
2026-08-23 01:28:24.322 /testbed/src/click/globals.py:62 click.globals.resolve_color_default event=line locals={}
2026-08-23 01:28:24.322 /testbed/src/click/globals.py:20 click.globals.get_current_context event=call locals={'silent': 'True'}
2026-08-23 01:28:24.322 /testbed/src/click/globals.py:35 click.globals.get_current_context event=line locals={}
2026-08-23 01:28:24.322 /testbed/src/click/globals.py:36 click.globals.get_current_context event=line locals={}
2026-08-23 01:28:24.322 /testbed/src/click/globals.py:36 click.globals.get_current_context event=return retval=<click.core.Context object at 0x7f3130bf0850> locals={'silent': 'True'}
2026-08-23 01:28:24.322 /testbed/src/click/globals.py:64 click.globals.resolve_color_default event=line locals={'ctx': '<click.core.Context object at 0x7f3130bf0850>'}
2026-08-23 01:28:24.322 /testbed/src/click/globals.py:65 click.globals.resolve_color_default event=line locals={}
2026-08-23 01:28:24.322 /testbed/src/click/globals.py:65 click.globals.resolve_color_default event=return retval=True locals={'color': 'None', 'ctx': '<click.core.Context object at 0x7f3130bf0850>'}
2026-08-23 01:28:24.323 /testbed/src/click/globals.py:54 click.globals.resolve_color_default event=call locals={'color': 'None'}
2026-08-23 01:28:24.323 /testbed/src/click/globals.py:59 click.globals.resolve_color_default event=line locals={}
2026-08-23 01:28:24.323 /testbed/src/click/globals.py:62 click.globals.resolve_color_default event=line locals={}
2026-08-23 01:28:24.323 /testbed/src/click/globals.py:20 click.globals.get_current_context event=call locals={'silent': 'True'}
2026-08-23 01:28:24.323 /testbed/src/click/globals.py:35 click.globals.get_current_context event=line locals={}
2026-08-23 01:28:24.323 /testbed/src/click/globals.py:36 click.globals.get_current_context event=line locals={}
2026-08-23 01:28:24.323 /testbed/src/click/globals.py:36 click.globals.get_current_context event=return retval=<click.core.Context object at 0x7f3130bd6e10> locals={'silent': 'True'}
2026-08-23 01:28:24.323 /testbed/src/click/globals.py:64 click.globals.resolve_color_default event=line locals={'ctx': '<click.core.Context object at 0x7f3130bd6e10>'}
2026-08-23 01:28:24.323 /testbed/src/click/globals.py:65 click.globals.resolve_color_default event=line locals={}
2026-08-23 01:28:24.323 /testbed/src/click/globals.py:65 click.globals.resolve_color_default event=return retval=True locals={'color': 'None', 'ctx': '<click.core.Context object at 0x7f3130bd6e10>'}
2026-08-23 01:28:24.323 /testbed/src/click/globals.py:54 click.globals.resolve_color_default event=call locals={'color': 'False'}
2026-08-23 01:28:24.323 /testbed/src/click/globals.py:59 click.globals.resolve_color_default event=line locals={}
2026-08-23 01:28:24.323 /testbed/src/click/globals.py:60 click.globals.resolve_color_default event=line locals={}
2026-08-23 01:28:24.323 /testbed/src/click/globals.py:60 click.globals.resolve_color_default event=return retval=False locals={'color': 'False'}
2026-08-23 01:28:24.323 /testbed/src/click/globals.py:54 click.globals.resolve_color_default event=call locals={'color': 'None'}
2026-08-23 01:28:24.323 /testbed/src/click/globals.py:59 click.globals.resolve_color_default event=line locals={}
2026-08-23 01:28:24.323 /testbed/src/click/globals.py:62 click.globals.resolve_color_default event=line locals={}
2026-08-23 01:28:24.323 /testbed/src/click/globals.py:20 click.globals.get_current_context event=call locals={'silent': 'True'}
2026-08-23 01:28:24.323 /testbed/src/click/globals.py:35 click.globals.get_current_context event=line locals={}
2026-08-23 01:28:24.323 /testbed/src/click/globals.py:36 click.globals.get_current_context event=line locals={}
2026-08-23 01:28:24.323 /testbed/src/click/globals.py:36 click.globals.get_current_context event=return retval=<click.core.Context object at 0x7f3130bd6c90> locals={'silent': 'True'}
2026-08-23 01:28:24.323 /testbed/src/click/globals.py:64 click.globals.resolve_color_default event=line locals={'ctx': '<click.core.Context object at 0x7f3130bd6c90>'}
2026-08-23 01:28:24.323 /testbed/src/click/globals.py:65 click.globals.resolve_color_default event=line locals={}
2026-08-23 01:28:24.323 /testbed/src/click/globals.py:65 click.globals.resolve_color_default event=return retval=True locals={'color': 'None', 'ctx': '<click.core.Context object at 0x7f3130bd6c90>'}
2026-08-23 01:28:24.323 /testbed/src/click/globals.py:54 click.globals.resolve_color_default event=call locals={'color': 'None'}
2026-08-23 01:28:24.323 /testbed/src/click/globals.py:59 click.globals.resolve_color_default event=line locals={}
2026-08-23 01:28:24.323 /testbed/src/click/globals.py:62 click.globals.resolve_color_default event=line locals={}
2026-08-23 01:28:24.323 /testbed/src/click/globals.py:20 click.globals.get_current_context event=call locals={'silent': 'True'}
2026-08-23 01:28:24.323 /testbed/src/click/globals.py:35 click.globals.get_current_context event=line locals={}
2026-08-23 01:28:24.323 /testbed/src/click/globals.py:36 click.globals.get_current_context event=line locals={}
2026-08-23 01:28:24.323 /testbed/src/click/globals.py:36 click.globals.get_current_context event=return retval=<click.core.Context object at 0x7f3130bd65d0> locals={'silent': 'True'}
2026-08-23 01:28:24.323 /testbed/src/click/globals.py:64 click.globals.resolve_color_default event=line locals={'ctx': '<click.core.Context object at 0x7f3130bd65d0>'}
2026-08-23 01:28:24.323 /testbed/src/click/globals.py:65 click.globals.resolve_color_default event=line locals={}
2026-08-23 01:28:24.323 /testbed/src/click/globals.py:65 click.globals.resolve_color_default event=return retval=True locals={'color': 'None', 'ctx': '<click.core.Context object at 0x7f3130bd65d0>'}
2026-08-23 01:28:24.323 /testbed/src/click/globals.py:54 click.globals.resolve_color_default event=call locals={'color': 'True'}
2026-08-23 01:28:24.323 /testbed/src/click/globals.py:59 click.globals.resolve_color_default event=line locals={}
2026-08-23 01:28:24.323 /testbed/src/click/globals.py:60 click.globals.resolve_color_default event=line locals={}
2026-08-23 01:28:24.323 /testbed/src/click/globals.py:60 click.globals.resolve_color_default event=return retval=True locals={'color': 'True'}
2026-08-23 01:28:24.323 /testbed/src/click/globals.py:54 click.globals.resolve_color_default event=call locals={'color': 'None'}
2026-08-23 01:28:24.323 /testbed/src/click/globals.py:59 click.globals.resolve_color_default event=line locals={}
2026-08-23 01:28:24.323 /testbed/src/click/globals.py:62 click.globals.resolve_color_default event=line locals={}
2026-08-23 01:28:24.323 /testbed/src/click/globals.py:20 click.globals.get_current_context event=call locals={'silent': 'True'}
2026-08-23 01:28:24.323 /testbed/src/click/globals.py:35 click.globals.get_current_context event=line locals={}
2026-08-23 01:28:24.323 /testbed/src/click/globals.py:36 click.globals.get_current_context event=line locals={}
2026-08-23 01:28:24.323 /testbed/src/click/globals.py:36 click.globals.get_current_context event=exception exc=IndexError: IndexError('list index out of range') locals={}
2026-08-23 01:28:24.323 /testbed/src/click/globals.py:37 click.globals.get_current_context event=line locals={'silent': 'True'}
2026-08-23 01:28:24.323 /testbed/src/click/globals.py:38 click.globals.get_current_context event=line locals={'e': "IndexError('list index out of range')"}
2026-08-23 01:28:24.323 /testbed/src/click/globals.py:41 click.globals.get_current_context event=line locals={}
2026-08-23 01:28:24.323 /testbed/src/click/globals.py:41 click.globals.get_current_context event=return retval=None locals={'silent': 'True'}
2026-08-23 01:28:24.323 /testbed/src/click/globals.py:64 click.globals.resolve_color_default event=line locals={'ctx': 'None'}
2026-08-23 01:28:24.323 /testbed/src/click/globals.py:67 click.globals.resolve_color_default event=line locals={}
2026-08-23 01:28:24.323 /testbed/src/click/globals.py:67 click.globals.resolve_color_default event=return retval=None locals={'color': 'None', 'ctx': 'None'}
2026-08-23 01:28:24.323 /testbed/src/click/globals.py:54 click.globals.resolve_color_default event=call locals={'color': 'None'}
2026-08-23 01:28:24.323 /testbed/src/click/globals.py:59 click.globals.resolve_color_default event=line locals={}
2026-08-23 01:28:24.323 /testbed/src/click/globals.py:62 click.globals.resolve_color_default event=line locals={}
2026-08-23 01:28:24.323 /testbed/src/click/globals.py:20 click.globals.get_current_context event=call locals={'silent': 'True'}
2026-08-23 01:28:24.323 /testbed/src/click/globals.py:35 click.globals.get_current_context event=line locals={}
2026-08-23 01:28:24.323 /testbed/src/click/globals.py:36 click.globals.get_current_context event=line locals={}
2026-08-23 01:28:24.323 /testbed/src/click/globals.py:36 click.globals.get_current_context event=return retval=<click.core.Context object at 0x7f3130bf05d0> locals={'silent': 'True'}
2026-08-23 01:28:24.323 /testbed/src/click/globals.py:64 click.globals.resolve_color_default event=line locals={'ctx': '<click.core.Context object at 0x7f3130bf05d0>'}
2026-08-23 01:28:24.323 /testbed/src/click/globals.py:65 click.globals.resolve_color_default event=line locals={}
2026-08-23 01:28:24.323 /testbed/src/click/globals.py:65 click.globals.resolve_color_default event=return retval=True locals={'color': 'None', 'ctx': '<click.core.Context object at 0x7f3130bf05d0>'}
2026-08-23 01:28:24.323 /testbed/src/click/globals.py:54 click.globals.resolve_color_default event=call locals={'color': 'False'}
2026-08-23 01:28:24.323 /testbed/src/click/globals.py:59 click.globals.resolve_color_default event=line locals={}
2026-08-23 01:28:24.323 /testbed/src/click/globals.py:60 click.globals.resolve_color_default event=line locals={}
2026-08-23 01:28:24.323 /testbed/src/click/globals.py:60 click.globals.resolve_color_default event=return retval=False locals={'color': 'False'}
2026-08-23 01:28:24.323 /testbed/src/click/globals.py:54 click.globals.resolve_color_default event=call locals={'color': 'None'}
2026-08-23 01:28:24.323 /testbed/src/click/globals.py:59 click.globals.resolve_color_default event=line locals={}
2026-08-23 01:28:24.323 /testbed/src/click/globals.py:62 click.globals.resolve_color_default event=line locals={}
2026-08-23 01:28:24.323 /testbed/src/click/globals.py:20 click.globals.get_current_context event=call locals={'silent': 'True'}
2026-08-23 01:28:24.323 /testbed/src/click/globals.py:35 click.globals.get_current_context event=line locals={}
2026-08-23 01:28:24.323 /testbed/src/click/globals.py:36 click.globals.get_current_context event=line locals={}
2026-08-23 01:28:24.323 /testbed/src/click/globals.py:36 click.globals.get_current_context event=return retval=<click.core.Context object at 0x7f3130bf0850> locals={'silent': 'True'}
2026-08-23 01:28:24.323 /testbed/src/click/globals.py:64 click.globals.resolve_color_default event=line locals={'ctx': '<click.core.Context object at 0x7f3130bf0850>'}
2026-08-23 01:28:24.323 /testbed/src/click/globals.py:65 click.globals.resolve_color_default event=line locals={}
2026-08-23 01:28:24.323 /testbed/src/click/globals.py:65 click.globals.resolve_color_default event=return retval=True locals={'color': 'None', 'ctx': '<click.core.Context object at 0x7f3130bf0850>'}
2026-08-23 01:28:24.324 /testbed/src/click/globals.py:54 click.globals.resolve_color_default event=call locals={'color': 'None'}
2026-08-23 01:28:24.324 /testbed/src/click/globals.py:59 click.globals.resolve_color_default event=line locals={}
2026-08-23 01:28:24.324 /testbed/src/click/globals.py:62 click.globals.resolve_color_default event=line locals={}
2026-08-23 01:28:24.324 /testbed/src/click/globals.py:20 click.globals.get_current_context event=call locals={'silent': 'True'}
2026-08-23 01:28:24.324 /testbed/src/click/globals.py:35 click.globals.get_current_context event=line locals={}
2026-08-23 01:28:24.324 /testbed/src/click/globals.py:36 click.globals.get_current_context event=line locals={}
2026-08-23 01:28:24.324 /testbed/src/click/globals.py:36 click.globals.get_current_context event=exception exc=IndexError: IndexError('list index out of range') locals={}
2026-08-23 01:28:24.324 /testbed/src/click/globals.py:37 click.globals.get_current_context event=line locals={'silent': 'True'}
2026-08-23 01:28:24.324 /testbed/src/click/globals.py:38 click.globals.get_current_context event=line locals={'e': "IndexError('list index out of range')"}
2026-08-23 01:28:24.324 /testbed/src/click/globals.py:41 click.globals.get_current_context event=line locals={}
2026-08-23 01:28:24.324 /testbed/src/click/globals.py:41 click.globals.get_current_context event=return retval=None locals={'silent': 'True'}
2026-08-23 01:28:24.324 /testbed/src/click/globals.py:64 click.globals.resolve_color_default event=line locals={'ctx': 'None'}
2026-08-23 01:28:24.324 /testbed/src/click/globals.py:67 click.globals.resolve_color_default event=line locals={}
2026-08-23 01:28:24.324 /testbed/src/click/globals.py:67 click.globals.resolve_color_default event=return retval=None locals={'color': 'None', 'ctx': 'None'}
2026-08-23 01:28:24.324 /testbed/src/click/globals.py:54 click.globals.resolve_color_default event=call locals={'color': 'None'}
2026-08-23 01:28:24.324 /testbed/src/click/globals.py:59 click.globals.resolve_color_default event=line locals={}
2026-08-23 01:28:24.324 /testbed/src/click/globals.py:62 click.globals.resolve_color_default event=line locals={}
2026-08-23 01:28:24.324 /testbed/src/click/globals.py:20 click.globals.get_current_context event=call locals={'silent': 'True'}
2026-08-23 01:28:24.324 /testbed/src/click/globals.py:35 click.globals.get_current_context event=line locals={}
2026-08-23 01:28:24.324 /testbed/src/click/globals.py:36 click.globals.get_current_context event=line locals={}
2026-08-23 01:28:24.324 /testbed/src/click/globals.py:36 click.globals.get_current_context event=return retval=<click.core.Context object at 0x7f3130bd6e50> locals={'silent': 'True'}
2026-08-23 01:28:24.324 /testbed/src/click/globals.py:64 click.globals.resolve_color_default event=line locals={'ctx': '<click.core.Context object at 0x7f3130bd6e50>'}
2026-08-23 01:28:24.324 /testbed/src/click/globals.py:65 click.globals.resolve_color_default event=line locals={}
2026-08-23 01:28:24.324 /testbed/src/click/globals.py:65 click.globals.resolve_color_default event=return retval=True locals={'color': 'None', 'ctx': '<click.core.Context object at 0x7f3130bd6e50>'}
2026-08-23 01:28:24.324 /testbed/src/click/globals.py:54 click.globals.resolve_color_default event=call locals={'color': 'False'}
2026-08-23 01:28:24.324 /testbed/src/click/globals.py:59 click.globals.resolve_color_default event=line locals={}
2026-08-23 01:28:24.324 /testbed/src/click/globals.py:60 click.globals.resolve_color_default event=line locals={}
2026-08-23 01:28:24.324 /testbed/src/click/globals.py:60 click.globals.resolve_color_default event=return retval=False locals={'color': 'False'}
2026-08-23 01:28:24.324 /testbed/src/click/globals.py:54 click.globals.resolve_color_default event=call locals={'color': 'None'}
2026-08-23 01:28:24.324 /testbed/src/click/globals.py:59 click.globals.resolve_color_default event=line locals={}
2026-08-23 01:28:24.324 /testbed/src/click/globals.py:62 click.globals.resolve_color_default event=line locals={}
2026-08-23 01:28:24.324 /testbed/src/click/globals.py:20 click.globals.get_current_context event=call locals={'silent': 'True'}
2026-08-23 01:28:24.324 /testbed/src/click/globals.py:35 click.globals.get_current_context event=line locals={}
2026-08-23 01:28:24.324 /testbed/src/click/globals.py:36 click.globals.get_current_context event=line locals={}
2026-08-23 01:28:24.324 /testbed/src/click/globals.py:36 click.globals.get_current_context event=return retval=<click.core.Context object at 0x7f3130dbe5d0> locals={'silent': 'True'}
2026-08-23 01:28:24.324 /testbed/src/click/globals.py:64 click.globals.resolve_color_default event=line locals={'ctx': '<click.core.Context object at 0x7f3130dbe5d0>'}
2026-08-23 01:28:24.324 /testbed/src/click/globals.py:65 click.globals.resolve_color_default event=line locals={}
2026-08-23 01:28:24.324 /testbed/src/click/globals.py:65 click.globals.resolve_color_default event=return retval=True locals={'color': 'None', 'ctx': '<click.core.Context object at 0x7f3130dbe5d0>'}
2026-08-23 01:28:24.324 /testbed/src/click/globals.py:54 click.globals.resolve_color_default event=call locals={'color': 'True'}
2026-08-23 01:28:24.324 /testbed/src/click/globals.py:59 click.globals.resolve_color_default event=line locals={}
2026-08-23 01:28:24.324 /testbed/src/click/globals.py:60 click.globals.resolve_color_default event=line locals={}
2026-08-23 01:28:24.324 /testbed/src/click/globals.py:60 click.globals.resolve_color_default event=return retval=True locals={'color': 'True'}
2026-08-23 01:28:24.324 /testbed/src/click/globals.py:54 click.globals.resolve_color_default event=call locals={'color': 'False'}
2026-08-23 01:28:24.324 /testbed/src/click/globals.py:59 click.globals.resolve_color_default event=line locals={}
2026-08-23 01:28:24.324 /testbed/src/click/globals.py:60 click.globals.resolve_color_default event=line locals={}
2026-08-23 01:28:24.324 /testbed/src/click/globals.py:60 click.globals.resolve_color_default event=return retval=False locals={'color': 'False'}
2026-08-23 01:28:24.324 /testbed/src/click/globals.py:54 click.globals.resolve_color_default event=call locals={'color': 'False'}
2026-08-23 01:28:24.324 /testbed/src/click/globals.py:59 click.globals.resolve_color_default event=line locals={}
2026-08-23 01:28:24.324 /testbed/src/click/globals.py:60 click.globals.resolve_color_default event=line locals={}
2026-08-23 01:28:24.324 /testbed/src/click/globals.py:60 click.globals.resolve_color_default event=return retval=False locals={'color': 'False'}
2026-08-23 01:28:24.324 /testbed/src/click/globals.py:54 click.globals.resolve_color_default event=call locals={'color': 'False'}
2026-08-23 01:28:24.324 /testbed/src/click/globals.py:59 click.globals.resolve_color_default event=line locals={}
2026-08-23 01:28:24.324 /testbed/src/click/globals.py:60 click.globals.resolve_color_default event=line locals={}
2026-08-23 01:28:24.324 /testbed/src/click/globals.py:60 click.globals.resolve_color_default event=return retval=False locals={'color': 'False'}
2026-08-23 01:28:24.324 /testbed/src/click/globals.py:54 click.globals.resolve_color_default event=call locals={'color': 'None'}
2026-08-23 01:28:24.324 /testbed/src/click/globals.py:59 click.globals.resolve_color_default event=line locals={}
2026-08-23 01:28:24.324 /testbed/src/click/globals.py:62 click.globals.resolve_color_default event=line locals={}
2026-08-23 01:28:24.324 /testbed/src/click/globals.py:20 click.globals.get_current_context event=call locals={'silent': 'True'}
2026-08-23 01:28:24.324 /testbed/src/click/globals.py:35 click.globals.get_current_context event=line locals={}
2026-08-23 01:28:24.324 /testbed/src/click/globals.py:36 click.globals.get_current_context event=line locals={}
2026-08-23 01:28:24.324 /testbed/src/click/globals.py:36 click.globals.get_current_context event=return retval=<click.core.Context object at 0x7f3130bf00d0> locals={'silent': 'True'}
2026-08-23 01:28:24.324 /testbed/src/click/globals.py:64 click.globals.resolve_color_default event=line locals={'ctx': '<click.core.Context object at 0x7f3130bf00d0>'}
2026-08-23 01:28:24.324 /testbed/src/click/globals.py:65 click.globals.resolve_color_default event=line locals={}
2026-08-23 01:28:24.324 /testbed/src/click/globals.py:65 click.globals.resolve_color_default event=return retval=True locals={'color': 'None', 'ctx': '<click.core.Context object at 0x7f3130bf00d0>'}
2026-08-23 01:28:24.325 /testbed/src/click/globals.py:54 click.globals.resolve_color_default event=call locals={'color': 'False'}
2026-08-23 01:28:24.325 /testbed/src/click/globals.py:59 click.globals.resolve_color_default event=line locals={}
2026-08-23 01:28:24.325 /testbed/src/click/globals.py:60 click.globals.resolve_color_default event=line locals={}
2026-08-23 01:28:24.325 /testbed/src/click/globals.py:60 click.globals.resolve_color_default event=return retval=False locals={'color': 'False'}
2026-08-23 01:28:24.325 /testbed/src/click/globals.py:54 click.globals.resolve_color_default event=call locals={'color': 'True'}
2026-08-23 01:28:24.325 /testbed/src/click/globals.py:59 click.globals.resolve_color_default event=line locals={}
2026-08-23 01:28:24.325 /testbed/src/click/globals.py:60 click.globals.resolve_color_default event=line locals={}
2026-08-23 01:28:24.325 /testbed/src/click/globals.py:60 click.globals.resolve_color_default event=return retval=True locals={'color': 'True'}
2026-08-23 01:28:24.325 /testbed/src/click/globals.py:54 click.globals.resolve_color_default event=call locals={'color': 'None'}
2026-08-23 01:28:24.325 /testbed/src/click/globals.py:59 click.globals.resolve_color_default event=line locals={}
2026-08-23 01:28:24.325 /testbed/src/click/globals.py:62 click.globals.resolve_color_default event=line locals={}
2026-08-23 01:28:24.325 /testbed/src/click/globals.py:20 click.globals.get_current_context event=call locals={'silent': 'True'}
2026-08-23 01:28:24.325 /testbed/src/click/globals.py:35 click.globals.get_current_context event=line locals={}
2026-08-23 01:28:24.325 /testbed/src/click/globals.py:36 click.globals.get_current_context event=line locals={}
2026-08-23 01:28:24.325 /testbed/src/click/globals.py:36 click.globals.get_current_context event=exception exc=IndexError: IndexError('list index out of range') locals={}
2026-08-23 01:28:24.325 /testbed/src/click/globals.py:37 click.globals.get_current_context event=line locals={'silent': 'True'}
2026-08-23 01:28:24.325 /testbed/src/click/globals.py:38 click.globals.get_current_context event=line locals={'e': "IndexError('list index out of range')"}
2026-08-23 01:28:24.325 /testbed/src/click/globals.py:41 click.globals.get_current_context event=line locals={}
2026-08-23 01:28:24.325 /testbed/src/click/globals.py:41 click.globals.get_current_context event=return retval=None locals={'silent': 'True'}
2026-08-23 01:28:24.325 /testbed/src/click/globals.py:64 click.globals.resolve_color_default event=line locals={'ctx': 'None'}
2026-08-23 01:28:24.325 /testbed/src/click/globals.py:67 click.globals.resolve_color_default event=line locals={}
2026-08-23 01:28:24.325 /testbed/src/click/globals.py:67 click.globals.resolve_color_default event=return retval=None locals={'color': 'None', 'ctx': 'None'}
2026-08-23 01:28:24.325 /testbed/src/click/globals.py:54 click.globals.resolve_color_default event=call locals={'color': 'False'}
2026-08-23 01:28:24.325 /testbed/src/click/globals.py:59 click.globals.resolve_color_default event=line locals={}
2026-08-23 01:28:24.325 /testbed/src/click/globals.py:60 click.globals.resolve_color_default event=line locals={}
2026-08-23 01:28:24.325 /testbed/src/click/globals.py:60 click.globals.resolve_color_default event=return retval=False locals={'color': 'False'}
2026-08-23 01:28:24.325 /testbed/src/click/globals.py:54 click.globals.resolve_color_default event=call locals={'color': 'True'}
2026-08-23 01:28:24.325 /testbed/src/click/globals.py:59 click.globals.resolve_color_default event=line locals={}
2026-08-23 01:28:24.325 /testbed/src/click/globals.py:60 click.globals.resolve_color_default event=line locals={}
2026-08-23 01:28:24.325 /testbed/src/click/globals.py:60 click.globals.resolve_color_default event=return retval=True locals={'color': 'True'}
2026-08-23 01:28:24.325 /testbed/src/click/globals.py:54 click.globals.resolve_color_default event=call locals={'color': 'None'}
2026-08-23 01:28:24.325 /testbed/src/click/globals.py:59 click.globals.resolve_color_default event=line locals={}
2026-08-23 01:28:24.325 /testbed/src/click/globals.py:62 click.globals.resolve_color_default event=line locals={}
2026-08-23 01:28:24.325 /testbed/src/click/globals.py:20 click.globals.get_current_context event=call locals={'silent': 'True'}
2026-08-23 01:28:24.325 /testbed/src/click/globals.py:35 click.globals.get_current_context event=line locals={}
2026-08-23 01:28:24.325 /testbed/src/click/globals.py:36 click.globals.get_current_context event=line locals={}
2026-08-23 01:28:24.325 /testbed/src/click/globals.py:36 click.globals.get_current_context event=return retval=<click.core.Context object at 0x7f3130bf0350> locals={'silent': 'True'}
2026-08-23 01:28:24.325 /testbed/src/click/globals.py:64 click.globals.resolve_color_default event=line locals={'ctx': '<click.core.Context object at 0x7f3130bf0350>'}
2026-08-23 01:28:24.325 /testbed/src/click/globals.py:65 click.globals.resolve_color_default event=line locals={}
2026-08-23 01:28:24.325 /testbed/src/click/globals.py:65 click.globals.resolve_color_default event=return retval=True locals={'color': 'None', 'ctx': '<click.core.Context object at 0x7f3130bf0350>'}
2026-08-23 01:28:24.325 /testbed/src/click/globals.py:54 click.globals.resolve_color_default event=call locals={'color': 'True'}
2026-08-23 01:28:24.325 /testbed/src/click/globals.py:59 click.globals.resolve_color_default event=line locals={}
2026-08-23 01:28:24.325 /testbed/src/click/globals.py:60 click.globals.resolve_color_default event=line locals={}
2026-08-23 01:28:24.325 /testbed/src/click/globals.py:60 click.globals.resolve_color_default event=return retval=True locals={'color': 'True'}
2026-08-23 01:28:24.325 /testbed/src/click/globals.py:54 click.globals.resolve_color_default event=call locals={'color': 'None'}
2026-08-23 01:28:24.325 /testbed/src/click/globals.py:59 click.globals.resolve_color_default event=line locals={}
2026-08-23 01:28:24.325 /testbed/src/click/globals.py:62 click.globals.resolve_color_default event=line locals={}
2026-08-23 01:28:24.325 /testbed/src/click/globals.py:20 click.globals.get_current_context event=call locals={'silent': 'True'}
2026-08-23 01:28:24.325 /testbed/src/click/globals.py:35 click.globals.get_current_context event=line locals={}
2026-08-23 01:28:24.325 /testbed/src/click/globals.py:36 click.globals.get_current_context event=line locals={}
2026-08-23 01:28:24.325 /testbed/src/click/globals.py:36 click.globals.get_current_context event=return retval=<click.core.Context object at 0x7f3130bd6c90> locals={'silent': 'True'}
2026-08-23 01:28:24.325 /testbed/src/click/globals.py:64 click.globals.resolve_color_default event=line locals={'ctx': '<click.core.Context object at 0x7f3130bd6c90>'}
2026-08-23 01:28:24.325 /testbed/src/click/globals.py:65 click.globals.resolve_color_default event=line locals={}
2026-08-23 01:28:24.325 /testbed/src/click/globals.py:65 click.globals.resolve_color_default event=return retval=True locals={'color': 'None', 'ctx': '<click.core.Context object at 0x7f3130bd6c90>'}
2026-08-23 01:28:24.325 /testbed/src/click/globals.py:54 click.globals.resolve_color_default event=call locals={'color': 'None'}
2026-08-23 01:28:24.325 /testbed/src/click/globals.py:59 click.globals.resolve_color_default event=line locals={}
2026-08-23 01:28:24.325 /testbed/src/click/globals.py:62 click.globals.resolve_color_default event=line locals={}
2026-08-23 01:28:24.325 /testbed/src/click/globals.py:20 click.globals.get_current_context event=call locals={'silent': 'True'}
2026-08-23 01:28:24.325 /testbed/src/click/globals.py:35 click.globals.get_current_context event=line locals={}
2026-08-23 01:28:24.325 /testbed/src/click/globals.py:36 click.globals.get_current_context event=line locals={}
2026-08-23 01:28:24.325 /testbed/src/click/globals.py:36 click.globals.get_current_context event=return retval=<click.core.Context object at 0x7f3130bd6b10> locals={'silent': 'True'}
2026-08-23 01:28:24.325 /testbed/src/click/globals.py:64 click.globals.resolve_color_default event=line locals={'ctx': '<click.core.Context object at 0x7f3130bd6b10>'}
2026-08-23 01:28:24.325 /testbed/src/click/globals.py:65 click.globals.resolve_color_default event=line locals={}
2026-08-23 01:28:24.325 /testbed/src/click/globals.py:65 click.globals.resolve_color_default event=return retval=True locals={'color': 'None', 'ctx': '<click.core.Context object at 0x7f3130bd6b10>'}
2026-08-23 01:28:24.325 /testbed/src/click/globals.py:54 click.globals.resolve_color_default event=call locals={'color': 'None'}
2026-08-23 01:28:24.325 /testbed/src/click/globals.py:59 click.globals.resolve_color_default event=line locals={}
2026-08-23 01:28:24.325 /testbed/src/click/globals.py:62 click.globals.resolve_color_default event=line locals={}
2026-08-23 01:28:24.325 /testbed/src/click/globals.py:20 click.globals.get_current_context event=call locals={'silent': 'True'}
2026-08-23 01:28:24.325 /testbed/src/click/globals.py:35 click.globals.get_current_context event=line locals={}
2026-08-23 01:28:24.325 /testbed/src/click/globals.py:36 click.globals.get_current_context event=line locals={}
2026-08-23 01:28:24.325 /testbed/src/click/globals.py:36 click.globals.get_current_context event=return retval=<click.core.Context object at 0x7f3130bd7590> locals={'silent': 'True'}
2026-08-23 01:28:24.325 /testbed/src/click/globals.py:64 click.globals.resolve_color_default event=line locals={'ctx': '<click.core.Context object at 0x7f3130bd7590>'}
2026-08-23 01:28:24.325 /testbed/src/click/globals.py:65 click.globals.resolve_color_default event=line locals={}
2026-08-23 01:28:24.325 /testbed/src/click/globals.py:65 click.globals.resolve_color_default event=return retval=True locals={'color': 'None', 'ctx': '<click.core.Context object at 0x7f3130bd7590>'}
2026-08-23 01:28:24.325 /testbed/src/click/globals.py:54 click.globals.resolve_color_default event=call locals={'color': 'None'}
2026-08-23 01:28:24.325 /testbed/src/click/globals.py:59 click.globals.resolve_color_default event=line locals={}
2026-08-23 01:28:24.325 /testbed/src/click/globals.py:62 click.globals.resolve_color_default event=line locals={}
2026-08-23 01:28:24.325 /testbed/src/click/globals.py:20 click.globals.get_current_context event=call locals={'silent': 'True'}
2026-08-23 01:28:24.325 /testbed/src/click/globals.py:35 click.globals.get_current_context event=line locals={}
2026-08-23 01:28:24.325 /testbed/src/click/globals.py:36 click.globals.get_current_context event=line locals={}
2026-08-23 01:28:24.326 /testbed/src/click/globals.py:36 click.globals.get_current_context event=return retval=<click.core.Context object at 0x7f3130bf05d0> locals={'silent': 'True'}
2026-08-23 01:28:24.326 /testbed/src/click/globals.py:64 click.globals.resolve_color_default event=line locals={'ctx': '<click.core.Context object at 0x7f3130bf05d0>'}
2026-08-23 01:28:24.326 /testbed/src/click/globals.py:65 click.globals.resolve_color_default event=line locals={}
2026-08-23 01:28:24.326 /testbed/src/click/globals.py:65 click.globals.resolve_color_default event=return retval=True locals={'color': 'None', 'ctx': '<click.core.Context object at 0x7f3130bf05d0>'}
2026-08-23 01:28:24.326 /testbed/src/click/globals.py:54 click.globals.resolve_color_default event=call locals={'color': 'None'}
2026-08-23 01:28:24.326 /testbed/src/click/globals.py:59 click.globals.resolve_color_default event=line locals={}
2026-08-23 01:28:24.326 /testbed/src/click/globals.py:62 click.globals.resolve_color_default event=line locals={}
2026-08-23 01:28:24.326 /testbed/src/click/globals.py:20 click.globals.get_current_context event=call locals={'silent': 'True'}
2026-08-23 01:28:24.326 /testbed/src/click/globals.py:35 click.globals.get_current_context event=line locals={}
2026-08-23 01:28:24.326 /testbed/src/click/globals.py:36 click.globals.get_current_context event=line locals={}
2026-08-23 01:28:24.326 /testbed/src/click/globals.py:36 click.globals.get_current_context event=exception exc=IndexError: IndexError('list index out of range') locals={}
2026-08-23 01:28:24.326 /testbed/src/click/globals.py:37 click.globals.get_current_context event=line locals={'silent': 'True'}
2026-08-23 01:28:24.326 /testbed/src/click/globals.py:38 click.globals.get_current_context event=line locals={'e': "IndexError('list index out of range')"}
2026-08-23 01:28:24.326 /testbed/src/click/globals.py:41 click.globals.get_current_context event=line locals={}
2026-08-23 01:28:24.326 /testbed/src/click/globals.py:41 click.globals.get_current_context event=return retval=None locals={'silent': 'True'}
2026-08-23 01:28:24.326 /testbed/src/click/globals.py:64 click.globals.resolve_color_default event=line locals={'ctx': 'None'}
2026-08-23 01:28:24.326 /testbed/src/click/globals.py:67 click.globals.resolve_color_default event=line locals={}
2026-08-23 01:28:24.326 /testbed/src/click/globals.py:67 click.globals.resolve_color_default event=return retval=None locals={'color': 'None', 'ctx': 'None'}
2026-08-23 01:28:24.326 /testbed/src/click/globals.py:54 click.globals.resolve_color_default event=call locals={'color': 'False'}
2026-08-23 01:28:24.326 /testbed/src/click/globals.py:59 click.globals.resolve_color_default event=line locals={}
2026-08-23 01:28:24.326 /testbed/src/click/globals.py:60 click.globals.resolve_color_default event=line locals={}
2026-08-23 01:28:24.326 /testbed/src/click/globals.py:60 click.globals.resolve_color_default event=return retval=False locals={'color': 'False'}
2026-08-23 01:28:24.326 /testbed/src/click/globals.py:54 click.globals.resolve_color_default event=call locals={'color': 'None'}
2026-08-23 01:28:24.326 /testbed/src/click/globals.py:59 click.globals.resolve_color_default event=line locals={}
2026-08-23 01:28:24.326 /testbed/src/click/globals.py:62 click.globals.resolve_color_default event=line locals={}
2026-08-23 01:28:24.326 /testbed/src/click/globals.py:20 click.globals.get_current_context event=call locals={'silent': 'True'}
2026-08-23 01:28:24.326 /testbed/src/click/globals.py:35 click.globals.get_current_context event=line locals={}
2026-08-23 01:28:24.326 /testbed/src/click/globals.py:36 click.globals.get_current_context event=line locals={}
2026-08-23 01:28:24.326 /testbed/src/click/globals.py:36 click.globals.get_current_context event=return retval=<click.core.Context object at 0x7f31310f7c50> locals={'silent': 'True'}
2026-08-23 01:28:24.326 /testbed/src/click/globals.py:64 click.globals.resolve_color_default event=line locals={'ctx': '<click.core.Context object at 0x7f31310f7c50>'}
2026-08-23 01:28:24.326 /testbed/src/click/globals.py:65 click.globals.resolve_color_default event=line locals={}
2026-08-23 01:28:24.326 /testbed/src/click/globals.py:65 click.globals.resolve_color_default event=return retval=True locals={'color': 'None', 'ctx': '<click.core.Context object at 0x7f31310f7c50>'}
2026-08-23 01:28:24.326 /testbed/src/click/globals.py:54 click.globals.resolve_color_default event=call locals={'color': 'False'}
2026-08-23 01:28:24.326 /testbed/src/click/globals.py:59 click.globals.resolve_color_default event=line locals={}
2026-08-23 01:28:24.326 /testbed/src/click/globals.py:60 click.globals.resolve_color_default event=line locals={}
2026-08-23 01:28:24.326 /testbed/src/click/globals.py:60 click.globals.resolve_color_default event=return retval=False locals={'color': 'False'}
2026-08-23 01:28:24.326 /testbed/src/click/globals.py:54 click.globals.resolve_color_default event=call locals={'color': 'True'}
2026-08-23 01:28:24.326 /testbed/src/click/globals.py:59 click.globals.resolve_color_default event=line locals={}
2026-08-23 01:28:24.326 /testbed/src/click/globals.py:60 click.globals.resolve_color_default event=line locals={}
2026-08-23 01:28:24.326 /testbed/src/click/globals.py:60 click.globals.resolve_color_default event=return retval=True locals={'color': 'True'}
2026-08-23 01:28:24.326 /testbed/src/click/globals.py:54 click.globals.resolve_color_default event=call locals={'color': 'None'}
2026-08-23 01:28:24.326 /testbed/src/click/globals.py:59 click.globals.resolve_color_default event=line locals={}
2026-08-23 01:28:24.326 /testbed/src/click/globals.py:62 click.globals.resolve_color_default event=line locals={}
2026-08-23 01:28:24.326 /testbed/src/click/globals.py:20 click.globals.get_current_context event=call locals={'silent': 'True'}
2026-08-23 01:28:24.326 /testbed/src/click/globals.py:35 click.globals.get_current_context event=line locals={}
2026-08-23 01:28:24.326 /testbed/src/click/globals.py:36 click.globals.get_current_context event=line locals={}
2026-08-23 01:28:24.326 /testbed/src/click/globals.py:36 click.globals.get_current_context event=exception exc=IndexError: IndexError('list index out of range') locals={}
2026-08-23 01:28:24.326 /testbed/src/click/globals.py:37 click.globals.get_current_context event=line locals={'silent': 'True'}
2026-08-23 01:28:24.326 /testbed/src/click/globals.py:38 click.globals.get_current_context event=line locals={'e': "IndexError('list index out of range')"}
2026-08-23 01:28:24.326 /testbed/src/click/globals.py:41 click.globals.get_current_context event=line locals={}
2026-08-23 01:28:24.326 /testbed/src/click/globals.py:41 click.globals.get_current_context event=return retval=None locals={'silent': 'True'}
2026-08-23 01:28:24.326 /testbed/src/click/globals.py:64 click.globals.resolve_color_default event=line locals={'ctx': 'None'}
2026-08-23 01:28:24.326 /testbed/src/click/globals.py:67 click.globals.resolve_color_default event=line locals={}
2026-08-23 01:28:24.326 /testbed/src/click/globals.py:67 click.globals.resolve_color_default event=return retval=None locals={'color': 'None', 'ctx': 'None'}
