2026-08-23 04:04:17.513 [TRACE][START] pid=47 TRACE_OUT='/testbed/logs/rich_qa/progress_update_s6_calls__pert_llm_s0/trace.log' TRACE_FILE='rich/progress.py' TRACE_FUNCS=['_reset', 'get_time', 'refresh', 'update'] TRACE_EVENTS=['call', 'exception', 'line', 'return']
2026-08-23 04:04:17.565 /testbed/rich/progress.py:1547 rich.progress.Progress.refresh event=call locals={'self': '<rich.progress.Progress object at 0x77f20acd3ad0>'}
2026-08-23 04:04:17.565 /testbed/rich/progress.py:1549 rich.progress.Progress.refresh event=line locals={}
2026-08-23 04:04:17.565 /testbed/rich/progress.py:1550 rich.progress.Progress.refresh event=line locals={}
2026-08-23 04:04:17.566 /testbed/rich/progress.py:983 rich.progress.Task.get_time event=call locals={'self': "Task(id=0, description='ingest', total=238, completed=0, _get_time=<function TestProgressUpdateCallOrder.test_indirect_progress_via_reader_and_track.<locals>.fake_get_time at 0x77f20acd7ce0>, finished_time=None, visible=True, fields={}, finished_speed=None)"}
2026-08-23 04:04:17.566 /testbed/rich/progress.py:985 rich.progress.Task.get_time event=line locals={}
2026-08-23 04:04:17.566 /testbed/rich/progress.py:985 rich.progress.Task.get_time event=return retval=1.46 locals={'self': "Task(id=0, description='ingest', total=238, completed=0, _get_time=<function TestProgressUpdateCallOrder.test_indirect_progress_via_reader_and_track.<locals>.fake_get_time at 0x77f20acd7ce0>, finished_time=None, visible=True, fields={}, finished_speed=None)"}
2026-08-23 04:04:17.586 /testbed/rich/progress.py:983 rich.progress.Task.get_time event=call locals={'self': "Task(id=0, description='ingest', total=238, completed=0, _get_time=<function TestProgressUpdateCallOrder.test_indirect_progress_via_reader_and_track.<locals>.fake_get_time at 0x77f20acd7ce0>, finished_time=None, visible=True, fields={}, finished_speed=None)"}
2026-08-23 04:04:17.587 /testbed/rich/progress.py:985 rich.progress.Task.get_time event=line locals={}
2026-08-23 04:04:17.587 /testbed/rich/progress.py:985 rich.progress.Task.get_time event=return retval=2.19 locals={'self': "Task(id=0, description='ingest', total=238, completed=0, _get_time=<function TestProgressUpdateCallOrder.test_indirect_progress_via_reader_and_track.<locals>.fake_get_time at 0x77f20acd7ce0>, finished_time=None, visible=True, fields={}, finished_speed=None)"}
2026-08-23 04:04:17.587 /testbed/rich/progress.py:983 rich.progress.Task.get_time event=call locals={'self': "Task(id=0, description='ingest', total=238, completed=0, _get_time=<function TestProgressUpdateCallOrder.test_indirect_progress_via_reader_and_track.<locals>.fake_get_time at 0x77f20acd7ce0>, finished_time=None, visible=True, fields={}, finished_speed=None)"}
2026-08-23 04:04:17.587 /testbed/rich/progress.py:985 rich.progress.Task.get_time event=line locals={}
2026-08-23 04:04:17.587 /testbed/rich/progress.py:985 rich.progress.Task.get_time event=return retval=2.92 locals={'self': "Task(id=0, description='ingest', total=238, completed=0, _get_time=<function TestProgressUpdateCallOrder.test_indirect_progress_via_reader_and_track.<locals>.fake_get_time at 0x77f20acd7ce0>, finished_time=None, visible=True, fields={}, finished_speed=None)"}
2026-08-23 04:04:17.587 /testbed/rich/progress.py:983 rich.progress.Task.get_time event=call locals={'self': "Task(id=0, description='ingest', total=238, completed=0, _get_time=<function TestProgressUpdateCallOrder.test_indirect_progress_via_reader_and_track.<locals>.fake_get_time at 0x77f20acd7ce0>, finished_time=None, visible=True, fields={}, finished_speed=None)"}
2026-08-23 04:04:17.587 /testbed/rich/progress.py:985 rich.progress.Task.get_time event=line locals={}
2026-08-23 04:04:17.587 /testbed/rich/progress.py:985 rich.progress.Task.get_time event=return retval=3.65 locals={'self': "Task(id=0, description='ingest', total=238, completed=0, _get_time=<function TestProgressUpdateCallOrder.test_indirect_progress_via_reader_and_track.<locals>.fake_get_time at 0x77f20acd7ce0>, finished_time=None, visible=True, fields={}, finished_speed=None)"}
2026-08-23 04:04:17.587 /testbed/rich/progress.py:983 rich.progress.Task.get_time event=call locals={'self': "Task(id=0, description='ingest', total=238, completed=0, _get_time=<function TestProgressUpdateCallOrder.test_indirect_progress_via_reader_and_track.<locals>.fake_get_time at 0x77f20acd7ce0>, finished_time=None, visible=True, fields={}, finished_speed=None)"}
2026-08-23 04:04:17.587 /testbed/rich/progress.py:985 rich.progress.Task.get_time event=line locals={}
2026-08-23 04:04:17.587 /testbed/rich/progress.py:985 rich.progress.Task.get_time event=return retval=4.38 locals={'self': "Task(id=0, description='ingest', total=238, completed=0, _get_time=<function TestProgressUpdateCallOrder.test_indirect_progress_via_reader_and_track.<locals>.fake_get_time at 0x77f20acd7ce0>, finished_time=None, visible=True, fields={}, finished_speed=None)"}
2026-08-23 04:04:17.588 /testbed/rich/progress.py:1550 rich.progress.Progress.refresh event=return retval=None locals={'self': '<rich.progress.Progress object at 0x77f20acd3ad0>'}
2026-08-23 04:04:17.588 /testbed/rich/progress.py:1417 rich.progress.Progress.update event=call locals={'advance': 'None', 'completed': 'None', 'description': 'None', 'fields': '{}', 'refresh': 'False', 'self': '<rich.progress.Progress object at 0x77f20acd3ad0>', 'task_id': '0', 'total': '808', 'visible': 'None'}
2026-08-23 04:04:17.588 /testbed/rich/progress.py:1441 rich.progress.Progress.update event=line locals={}
2026-08-23 04:04:17.588 /testbed/rich/progress.py:1442 rich.progress.Progress.update event=line locals={}
2026-08-23 04:04:17.588 /testbed/rich/progress.py:1443 rich.progress.Progress.update event=line locals={'task': "Task(id=0, description='ingest', total=238, completed=0, _get_time=<function TestProgressUpdateCallOrder.test_indirect_progress_via_reader_and_track.<locals>.fake_get_time at 0x77f20acd7ce0>, finished_time=None, visible=True, fields={}, finished_speed=None)"}
2026-08-23 04:04:17.588 /testbed/rich/progress.py:1445 rich.progress.Progress.update event=line locals={'completed_start': '0'}
2026-08-23 04:04:17.588 /testbed/rich/progress.py:1446 rich.progress.Progress.update event=line locals={}
2026-08-23 04:04:17.588 /testbed/rich/progress.py:1447 rich.progress.Progress.update event=line locals={'task': "Task(id=0, description='ingest', total=808, completed=0, _get_time=<function TestProgressUpdateCallOrder.test_indirect_progress_via_reader_and_track.<locals>.fake_get_time at 0x77f20acd7ce0>, finished_time=None, visible=True, fields={}, finished_speed=None)"}
2026-08-23 04:04:17.588 /testbed/rich/progress.py:1054 rich.progress.Task._reset event=call locals={'self': "Task(id=0, description='ingest', total=808, completed=0, _get_time=<function TestProgressUpdateCallOrder.test_indirect_progress_via_reader_and_track.<locals>.fake_get_time at 0x77f20acd7ce0>, finished_time=None, visible=True, fields={}, finished_speed=None)"}
2026-08-23 04:04:17.588 /testbed/rich/progress.py:1056 rich.progress.Task._reset event=line locals={}
2026-08-23 04:04:17.588 /testbed/rich/progress.py:1057 rich.progress.Task._reset event=line locals={}
2026-08-23 04:04:17.588 /testbed/rich/progress.py:1058 rich.progress.Task._reset event=line locals={}
2026-08-23 04:04:17.588 /testbed/rich/progress.py:1058 rich.progress.Task._reset event=return retval=None locals={'self': "Task(id=0, description='ingest', total=808, completed=0, _get_time=<function TestProgressUpdateCallOrder.test_indirect_progress_via_reader_and_track.<locals>.fake_get_time at 0x77f20acd7ce0>, finished_time=None, visible=True, fields={}, finished_speed=None)"}
2026-08-23 04:04:17.588 /testbed/rich/progress.py:1448 rich.progress.Progress.update event=line locals={}
2026-08-23 04:04:17.588 /testbed/rich/progress.py:1450 rich.progress.Progress.update event=line locals={}
2026-08-23 04:04:17.588 /testbed/rich/progress.py:1452 rich.progress.Progress.update event=line locals={}
2026-08-23 04:04:17.588 /testbed/rich/progress.py:1454 rich.progress.Progress.update event=line locals={}
2026-08-23 04:04:17.588 /testbed/rich/progress.py:1456 rich.progress.Progress.update event=line locals={}
2026-08-23 04:04:17.588 /testbed/rich/progress.py:1457 rich.progress.Progress.update event=line locals={}
2026-08-23 04:04:17.588 /testbed/rich/progress.py:1459 rich.progress.Progress.update event=line locals={'update_completed': '0'}
2026-08-23 04:04:17.588 /testbed/rich/progress.py:1460 rich.progress.Progress.update event=line locals={'current_time': '5.109999999999999'}
2026-08-23 04:04:17.588 /testbed/rich/progress.py:1461 rich.progress.Progress.update event=line locals={'old_sample_time': '4.859999999999999'}
2026-08-23 04:04:17.588 /testbed/rich/progress.py:1463 rich.progress.Progress.update event=line locals={}
2026-08-23 04:04:17.588 /testbed/rich/progress.py:1464 rich.progress.Progress.update event=line locals={'popleft': '<built-in method popleft of collections.deque object at 0x77f20ac6f5b0>'}
2026-08-23 04:04:17.588 /testbed/rich/progress.py:1466 rich.progress.Progress.update event=line locals={}
2026-08-23 04:04:17.588 /testbed/rich/progress.py:1469 rich.progress.Progress.update event=line locals={}
2026-08-23 04:04:17.588 /testbed/rich/progress.py:1470 rich.progress.Progress.update event=line locals={}
2026-08-23 04:04:17.588 /testbed/rich/progress.py:1441 rich.progress.Progress.update event=line locals={}
2026-08-23 04:04:17.588 /testbed/rich/progress.py:1475 rich.progress.Progress.update event=line locals={}
2026-08-23 04:04:17.588 /testbed/rich/progress.py:1475 rich.progress.Progress.update event=return retval=None locals={'advance': 'None', 'completed': 'None', 'completed_start': '0', 'current_time': '5.109999999999999', 'description': 'None', 'fields': '{}', 'old_sample_time': '4.859999999999999', 'popleft': '<built-in method popleft of collections.deque object at 0x77f20ac6f5b0>', 'refresh': 'False', 'self': '<rich.progress.Progress object at 0x77f20acd3ad0>', 'task': "Task(id=0, description='ingest', total=808, completed=0, _get_time=<function TestProgressUpdateCallOrder.test_indirect_progress_via_reader_and_track.<locals>.fake_get_time at 0x77f20acd7ce0>, finished_time=None, visible=True, fields={}, finished_speed=None)", 'task_id': '0', 'total': '808', 'update_completed': '0', 'visible': 'None'}
2026-08-23 04:04:17.588 /testbed/rich/progress.py:1417 rich.progress.Progress.update event=call locals={'advance': 'None', 'completed': '8', 'description': 'None', 'fields': '{}', 'refresh': 'False', 'self': '<rich.progress.Progress object at 0x77f20acd3ad0>', 'task_id': '0', 'total': 'None', 'visible': 'None'}
2026-08-23 04:04:17.588 /testbed/rich/progress.py:1441 rich.progress.Progress.update event=line locals={}
2026-08-23 04:04:17.588 /testbed/rich/progress.py:1442 rich.progress.Progress.update event=line locals={}
2026-08-23 04:04:17.588 /testbed/rich/progress.py:1443 rich.progress.Progress.update event=line locals={'task': "Task(id=0, description='ingest', total=808, completed=0, _get_time=<function TestProgressUpdateCallOrder.test_indirect_progress_via_reader_and_track.<locals>.fake_get_time at 0x77f20acd7ce0>, finished_time=None, visible=True, fields={}, finished_speed=None)"}
2026-08-23 04:04:17.588 /testbed/rich/progress.py:1445 rich.progress.Progress.update event=line locals={'completed_start': '0'}
2026-08-23 04:04:17.588 /testbed/rich/progress.py:1448 rich.progress.Progress.update event=line locals={}
2026-08-23 04:04:17.588 /testbed/rich/progress.py:1450 rich.progress.Progress.update event=line locals={}
2026-08-23 04:04:17.588 /testbed/rich/progress.py:1451 rich.progress.Progress.update event=line locals={}
2026-08-23 04:04:17.588 /testbed/rich/progress.py:1452 rich.progress.Progress.update event=line locals={'task': "Task(id=0, description='ingest', total=808, completed=8, _get_time=<function TestProgressUpdateCallOrder.test_indirect_progress_via_reader_and_track.<locals>.fake_get_time at 0x77f20acd7ce0>, finished_time=None, visible=True, fields={}, finished_speed=None)"}
2026-08-23 04:04:17.588 /testbed/rich/progress.py:1454 rich.progress.Progress.update event=line locals={}
2026-08-23 04:04:17.588 /testbed/rich/progress.py:1456 rich.progress.Progress.update event=line locals={}
2026-08-23 04:04:17.588 /testbed/rich/progress.py:1457 rich.progress.Progress.update event=line locals={}
2026-08-23 04:04:17.588 /testbed/rich/progress.py:1459 rich.progress.Progress.update event=line locals={'update_completed': '8'}
2026-08-23 04:04:17.588 /testbed/rich/progress.py:1460 rich.progress.Progress.update event=line locals={'current_time': '5.84'}
2026-08-23 04:04:17.588 /testbed/rich/progress.py:1461 rich.progress.Progress.update event=line locals={'old_sample_time': '5.59'}
2026-08-23 04:04:17.588 /testbed/rich/progress.py:1463 rich.progress.Progress.update event=line locals={}
2026-08-23 04:04:17.588 /testbed/rich/progress.py:1464 rich.progress.Progress.update event=line locals={'popleft': '<built-in method popleft of collections.deque object at 0x77f20ac6f5b0>'}
2026-08-23 04:04:17.588 /testbed/rich/progress.py:1466 rich.progress.Progress.update event=line locals={}
2026-08-23 04:04:17.588 /testbed/rich/progress.py:1467 rich.progress.Progress.update event=line locals={}
2026-08-23 04:04:17.588 /testbed/rich/progress.py:1469 rich.progress.Progress.update event=line locals={}
2026-08-23 04:04:17.589 /testbed/rich/progress.py:1470 rich.progress.Progress.update event=line locals={}
2026-08-23 04:04:17.589 /testbed/rich/progress.py:1441 rich.progress.Progress.update event=line locals={}
2026-08-23 04:04:17.589 /testbed/rich/progress.py:1475 rich.progress.Progress.update event=line locals={}
2026-08-23 04:04:17.589 /testbed/rich/progress.py:1475 rich.progress.Progress.update event=return retval=None locals={'advance': 'None', 'completed': '8', 'completed_start': '0', 'current_time': '5.84', 'description': 'None', 'fields': '{}', 'old_sample_time': '5.59', 'popleft': '<built-in method popleft of collections.deque object at 0x77f20ac6f5b0>', 'refresh': 'False', 'self': '<rich.progress.Progress object at 0x77f20acd3ad0>', 'task': "Task(id=0, description='ingest', total=808, completed=8, _get_time=<function TestProgressUpdateCallOrder.test_indirect_progress_via_reader_and_track.<locals>.fake_get_time at 0x77f20acd7ce0>, finished_time=None, visible=True, fields={}, finished_speed=None)", 'task_id': '0', 'total': 'None', 'update_completed': '8', 'visible': 'None'}
2026-08-23 04:04:17.589 /testbed/rich/progress.py:1417 rich.progress.Progress.update event=call locals={'advance': 'None', 'completed': '22', 'description': 'None', 'fields': '{}', 'refresh': 'False', 'self': '<rich.progress.Progress object at 0x77f20acd3ad0>', 'task_id': '0', 'total': 'None', 'visible': 'None'}
2026-08-23 04:04:17.589 /testbed/rich/progress.py:1441 rich.progress.Progress.update event=line locals={}
2026-08-23 04:04:17.589 /testbed/rich/progress.py:1442 rich.progress.Progress.update event=line locals={}
2026-08-23 04:04:17.589 /testbed/rich/progress.py:1443 rich.progress.Progress.update event=line locals={'task': "Task(id=0, description='ingest', total=808, completed=8, _get_time=<function TestProgressUpdateCallOrder.test_indirect_progress_via_reader_and_track.<locals>.fake_get_time at 0x77f20acd7ce0>, finished_time=None, visible=True, fields={}, finished_speed=None)"}
2026-08-23 04:04:17.589 /testbed/rich/progress.py:1445 rich.progress.Progress.update event=line locals={'completed_start': '8'}
2026-08-23 04:04:17.589 /testbed/rich/progress.py:1448 rich.progress.Progress.update event=line locals={}
2026-08-23 04:04:17.589 /testbed/rich/progress.py:1450 rich.progress.Progress.update event=line locals={}
2026-08-23 04:04:17.589 /testbed/rich/progress.py:1451 rich.progress.Progress.update event=line locals={}
2026-08-23 04:04:17.589 /testbed/rich/progress.py:1452 rich.progress.Progress.update event=line locals={'task': "Task(id=0, description='ingest', total=808, completed=22, _get_time=<function TestProgressUpdateCallOrder.test_indirect_progress_via_reader_and_track.<locals>.fake_get_time at 0x77f20acd7ce0>, finished_time=None, visible=True, fields={}, finished_speed=None)"}
2026-08-23 04:04:17.589 /testbed/rich/progress.py:1454 rich.progress.Progress.update event=line locals={}
2026-08-23 04:04:17.589 /testbed/rich/progress.py:1456 rich.progress.Progress.update event=line locals={}
2026-08-23 04:04:17.589 /testbed/rich/progress.py:1457 rich.progress.Progress.update event=line locals={}
2026-08-23 04:04:17.589 /testbed/rich/progress.py:1459 rich.progress.Progress.update event=line locals={'update_completed': '14'}
2026-08-23 04:04:17.589 /testbed/rich/progress.py:1460 rich.progress.Progress.update event=line locals={'current_time': '6.57'}
2026-08-23 04:04:17.589 /testbed/rich/progress.py:1461 rich.progress.Progress.update event=line locals={'old_sample_time': '6.32'}
2026-08-23 04:04:17.589 /testbed/rich/progress.py:1463 rich.progress.Progress.update event=line locals={}
2026-08-23 04:04:17.589 /testbed/rich/progress.py:1464 rich.progress.Progress.update event=line locals={'popleft': '<built-in method popleft of collections.deque object at 0x77f20ac6f5b0>'}
2026-08-23 04:04:17.589 /testbed/rich/progress.py:1465 rich.progress.Progress.update event=line locals={}
2026-08-23 04:04:17.589 /testbed/rich/progress.py:1464 rich.progress.Progress.update event=line locals={}
2026-08-23 04:04:17.589 /testbed/rich/progress.py:1466 rich.progress.Progress.update event=line locals={}
2026-08-23 04:04:17.589 /testbed/rich/progress.py:1467 rich.progress.Progress.update event=line locals={}
2026-08-23 04:04:17.589 /testbed/rich/progress.py:1469 rich.progress.Progress.update event=line locals={}
2026-08-23 04:04:17.589 /testbed/rich/progress.py:1470 rich.progress.Progress.update event=line locals={}
2026-08-23 04:04:17.589 /testbed/rich/progress.py:1441 rich.progress.Progress.update event=line locals={}
2026-08-23 04:04:17.589 /testbed/rich/progress.py:1475 rich.progress.Progress.update event=line locals={}
2026-08-23 04:04:17.589 /testbed/rich/progress.py:1475 rich.progress.Progress.update event=return retval=None locals={'advance': 'None', 'completed': '22', 'completed_start': '8', 'current_time': '6.57', 'description': 'None', 'fields': '{}', 'old_sample_time': '6.32', 'popleft': '<built-in method popleft of collections.deque object at 0x77f20ac6f5b0>', 'refresh': 'False', 'self': '<rich.progress.Progress object at 0x77f20acd3ad0>', 'task': "Task(id=0, description='ingest', total=808, completed=22, _get_time=<function TestProgressUpdateCallOrder.test_indirect_progress_via_reader_and_track.<locals>.fake_get_time at 0x77f20acd7ce0>, finished_time=None, visible=True, fields={}, finished_speed=None)", 'task_id': '0', 'total': 'None', 'update_completed': '14', 'visible': 'None'}
2026-08-23 04:04:17.589 /testbed/rich/progress.py:1417 rich.progress.Progress.update event=call locals={'advance': 'None', 'completed': '43', 'description': 'None', 'fields': '{}', 'refresh': 'False', 'self': '<rich.progress.Progress object at 0x77f20acd3ad0>', 'task_id': '0', 'total': 'None', 'visible': 'None'}
2026-08-23 04:04:17.589 /testbed/rich/progress.py:1441 rich.progress.Progress.update event=line locals={}
2026-08-23 04:04:17.589 /testbed/rich/progress.py:1442 rich.progress.Progress.update event=line locals={}
2026-08-23 04:04:17.589 /testbed/rich/progress.py:1443 rich.progress.Progress.update event=line locals={'task': "Task(id=0, description='ingest', total=808, completed=22, _get_time=<function TestProgressUpdateCallOrder.test_indirect_progress_via_reader_and_track.<locals>.fake_get_time at 0x77f20acd7ce0>, finished_time=None, visible=True, fields={}, finished_speed=None)"}
2026-08-23 04:04:17.589 /testbed/rich/progress.py:1445 rich.progress.Progress.update event=line locals={'completed_start': '22'}
2026-08-23 04:04:17.589 /testbed/rich/progress.py:1448 rich.progress.Progress.update event=line locals={}
2026-08-23 04:04:17.589 /testbed/rich/progress.py:1450 rich.progress.Progress.update event=line locals={}
2026-08-23 04:04:17.589 /testbed/rich/progress.py:1451 rich.progress.Progress.update event=line locals={}
2026-08-23 04:04:17.589 /testbed/rich/progress.py:1452 rich.progress.Progress.update event=line locals={'task': "Task(id=0, description='ingest', total=808, completed=43, _get_time=<function TestProgressUpdateCallOrder.test_indirect_progress_via_reader_and_track.<locals>.fake_get_time at 0x77f20acd7ce0>, finished_time=None, visible=True, fields={}, finished_speed=None)"}
2026-08-23 04:04:17.589 /testbed/rich/progress.py:1454 rich.progress.Progress.update event=line locals={}
2026-08-23 04:04:17.589 /testbed/rich/progress.py:1456 rich.progress.Progress.update event=line locals={}
2026-08-23 04:04:17.589 /testbed/rich/progress.py:1457 rich.progress.Progress.update event=line locals={}
2026-08-23 04:04:17.589 /testbed/rich/progress.py:1459 rich.progress.Progress.update event=line locals={'update_completed': '21'}
2026-08-23 04:04:17.589 /testbed/rich/progress.py:1460 rich.progress.Progress.update event=line locals={'current_time': '7.300000000000001'}
2026-08-23 04:04:17.589 /testbed/rich/progress.py:1461 rich.progress.Progress.update event=line locals={'old_sample_time': '7.050000000000001'}
2026-08-23 04:04:17.589 /testbed/rich/progress.py:1463 rich.progress.Progress.update event=line locals={}
2026-08-23 04:04:17.589 /testbed/rich/progress.py:1464 rich.progress.Progress.update event=line locals={'popleft': '<built-in method popleft of collections.deque object at 0x77f20ac6f5b0>'}
2026-08-23 04:04:17.589 /testbed/rich/progress.py:1465 rich.progress.Progress.update event=line locals={}
2026-08-23 04:04:17.589 /testbed/rich/progress.py:1464 rich.progress.Progress.update event=line locals={}
2026-08-23 04:04:17.589 /testbed/rich/progress.py:1466 rich.progress.Progress.update event=line locals={}
2026-08-23 04:04:17.589 /testbed/rich/progress.py:1467 rich.progress.Progress.update event=line locals={}
2026-08-23 04:04:17.589 /testbed/rich/progress.py:1469 rich.progress.Progress.update event=line locals={}
2026-08-23 04:04:17.589 /testbed/rich/progress.py:1470 rich.progress.Progress.update event=line locals={}
2026-08-23 04:04:17.589 /testbed/rich/progress.py:1441 rich.progress.Progress.update event=line locals={}
2026-08-23 04:04:17.589 /testbed/rich/progress.py:1475 rich.progress.Progress.update event=line locals={}
2026-08-23 04:04:17.589 /testbed/rich/progress.py:1475 rich.progress.Progress.update event=return retval=None locals={'advance': 'None', 'completed': '43', 'completed_start': '22', 'current_time': '7.300000000000001', 'description': 'None', 'fields': '{}', 'old_sample_time': '7.050000000000001', 'popleft': '<built-in method popleft of collections.deque object at 0x77f20ac6f5b0>', 'refresh': 'False', 'self': '<rich.progress.Progress object at 0x77f20acd3ad0>', 'task': "Task(id=0, description='ingest', total=808, completed=43, _get_time=<function TestProgressUpdateCallOrder.test_indirect_progress_via_reader_and_track.<locals>.fake_get_time at 0x77f20acd7ce0>, finished_time=None, visible=True, fields={}, finished_speed=None)", 'task_id': '0', 'total': 'None', 'update_completed': '21', 'visible': 'None'}
2026-08-23 04:04:17.589 /testbed/rich/progress.py:1417 rich.progress.Progress.update event=call locals={'advance': 'None', 'completed': '73', 'description': 'None', 'fields': '{}', 'refresh': 'False', 'self': '<rich.progress.Progress object at 0x77f20acd3ad0>', 'task_id': '0', 'total': 'None', 'visible': 'None'}
2026-08-23 04:04:17.589 /testbed/rich/progress.py:1441 rich.progress.Progress.update event=line locals={}
2026-08-23 04:04:17.589 /testbed/rich/progress.py:1442 rich.progress.Progress.update event=line locals={}
2026-08-23 04:04:17.589 /testbed/rich/progress.py:1443 rich.progress.Progress.update event=line locals={'task': "Task(id=0, description='ingest', total=808, completed=43, _get_time=<function TestProgressUpdateCallOrder.test_indirect_progress_via_reader_and_track.<locals>.fake_get_time at 0x77f20acd7ce0>, finished_time=None, visible=True, fields={}, finished_speed=None)"}
2026-08-23 04:04:17.589 /testbed/rich/progress.py:1445 rich.progress.Progress.update event=line locals={'completed_start': '43'}
2026-08-23 04:04:17.589 /testbed/rich/progress.py:1448 rich.progress.Progress.update event=line locals={}
2026-08-23 04:04:17.589 /testbed/rich/progress.py:1450 rich.progress.Progress.update event=line locals={}
2026-08-23 04:04:17.589 /testbed/rich/progress.py:1451 rich.progress.Progress.update event=line locals={}
2026-08-23 04:04:17.589 /testbed/rich/progress.py:1452 rich.progress.Progress.update event=line locals={'task': "Task(id=0, description='ingest', total=808, completed=73, _get_time=<function TestProgressUpdateCallOrder.test_indirect_progress_via_reader_and_track.<locals>.fake_get_time at 0x77f20acd7ce0>, finished_time=None, visible=True, fields={}, finished_speed=None)"}
2026-08-23 04:04:17.589 /testbed/rich/progress.py:1454 rich.progress.Progress.update event=line locals={}
2026-08-23 04:04:17.589 /testbed/rich/progress.py:1456 rich.progress.Progress.update event=line locals={}
2026-08-23 04:04:17.589 /testbed/rich/progress.py:1457 rich.progress.Progress.update event=line locals={}
2026-08-23 04:04:17.589 /testbed/rich/progress.py:1459 rich.progress.Progress.update event=line locals={'update_completed': '30'}
2026-08-23 04:04:17.589 /testbed/rich/progress.py:1460 rich.progress.Progress.update event=line locals={'current_time': '8.030000000000001'}
2026-08-23 04:04:17.589 /testbed/rich/progress.py:1461 rich.progress.Progress.update event=line locals={'old_sample_time': '7.780000000000001'}
2026-08-23 04:04:17.589 /testbed/rich/progress.py:1463 rich.progress.Progress.update event=line locals={}
2026-08-23 04:04:17.589 /testbed/rich/progress.py:1464 rich.progress.Progress.update event=line locals={'popleft': '<built-in method popleft of collections.deque object at 0x77f20ac6f5b0>'}
2026-08-23 04:04:17.589 /testbed/rich/progress.py:1465 rich.progress.Progress.update event=line locals={}
2026-08-23 04:04:17.589 /testbed/rich/progress.py:1464 rich.progress.Progress.update event=line locals={}
2026-08-23 04:04:17.589 /testbed/rich/progress.py:1466 rich.progress.Progress.update event=line locals={}
2026-08-23 04:04:17.589 /testbed/rich/progress.py:1467 rich.progress.Progress.update event=line locals={}
2026-08-23 04:04:17.590 /testbed/rich/progress.py:1469 rich.progress.Progress.update event=line locals={}
2026-08-23 04:04:17.590 /testbed/rich/progress.py:1470 rich.progress.Progress.update event=line locals={}
2026-08-23 04:04:17.590 /testbed/rich/progress.py:1441 rich.progress.Progress.update event=line locals={}
2026-08-23 04:04:17.590 /testbed/rich/progress.py:1475 rich.progress.Progress.update event=line locals={}
2026-08-23 04:04:17.590 /testbed/rich/progress.py:1475 rich.progress.Progress.update event=return retval=None locals={'advance': 'None', 'completed': '73', 'completed_start': '43', 'current_time': '8.030000000000001', 'description': 'None', 'fields': '{}', 'old_sample_time': '7.780000000000001', 'popleft': '<built-in method popleft of collections.deque object at 0x77f20ac6f5b0>', 'refresh': 'False', 'self': '<rich.progress.Progress object at 0x77f20acd3ad0>', 'task': "Task(id=0, description='ingest', total=808, completed=73, _get_time=<function TestProgressUpdateCallOrder.test_indirect_progress_via_reader_and_track.<locals>.fake_get_time at 0x77f20acd7ce0>, finished_time=None, visible=True, fields={}, finished_speed=None)", 'task_id': '0', 'total': 'None', 'update_completed': '30', 'visible': 'None'}
2026-08-23 04:04:17.590 /testbed/rich/progress.py:1417 rich.progress.Progress.update event=call locals={'advance': 'None', 'completed': '95', 'description': 'None', 'fields': '{}', 'refresh': 'False', 'self': '<rich.progress.Progress object at 0x77f20acd3ad0>', 'task_id': '0', 'total': 'None', 'visible': 'None'}
2026-08-23 04:04:17.590 /testbed/rich/progress.py:1441 rich.progress.Progress.update event=line locals={}
2026-08-23 04:04:17.590 /testbed/rich/progress.py:1442 rich.progress.Progress.update event=line locals={}
2026-08-23 04:04:17.590 /testbed/rich/progress.py:1443 rich.progress.Progress.update event=line locals={'task': "Task(id=0, description='ingest', total=808, completed=73, _get_time=<function TestProgressUpdateCallOrder.test_indirect_progress_via_reader_and_track.<locals>.fake_get_time at 0x77f20acd7ce0>, finished_time=None, visible=True, fields={}, finished_speed=None)"}
2026-08-23 04:04:17.590 /testbed/rich/progress.py:1445 rich.progress.Progress.update event=line locals={'completed_start': '73'}
2026-08-23 04:04:17.590 /testbed/rich/progress.py:1448 rich.progress.Progress.update event=line locals={}
2026-08-23 04:04:17.590 /testbed/rich/progress.py:1450 rich.progress.Progress.update event=line locals={}
2026-08-23 04:04:17.590 /testbed/rich/progress.py:1451 rich.progress.Progress.update event=line locals={}
2026-08-23 04:04:17.590 /testbed/rich/progress.py:1452 rich.progress.Progress.update event=line locals={'task': "Task(id=0, description='ingest', total=808, completed=95, _get_time=<function TestProgressUpdateCallOrder.test_indirect_progress_via_reader_and_track.<locals>.fake_get_time at 0x77f20acd7ce0>, finished_time=None, visible=True, fields={}, finished_speed=None)"}
2026-08-23 04:04:17.590 /testbed/rich/progress.py:1454 rich.progress.Progress.update event=line locals={}
2026-08-23 04:04:17.590 /testbed/rich/progress.py:1456 rich.progress.Progress.update event=line locals={}
2026-08-23 04:04:17.590 /testbed/rich/progress.py:1457 rich.progress.Progress.update event=line locals={}
2026-08-23 04:04:17.590 /testbed/rich/progress.py:1459 rich.progress.Progress.update event=line locals={'update_completed': '22'}
2026-08-23 04:04:17.590 /testbed/rich/progress.py:1460 rich.progress.Progress.update event=line locals={'current_time': '8.760000000000002'}
2026-08-23 04:04:17.590 /testbed/rich/progress.py:1461 rich.progress.Progress.update event=line locals={'old_sample_time': '8.510000000000002'}
2026-08-23 04:04:17.590 /testbed/rich/progress.py:1463 rich.progress.Progress.update event=line locals={}
2026-08-23 04:04:17.590 /testbed/rich/progress.py:1464 rich.progress.Progress.update event=line locals={'popleft': '<built-in method popleft of collections.deque object at 0x77f20ac6f5b0>'}
2026-08-23 04:04:17.590 /testbed/rich/progress.py:1465 rich.progress.Progress.update event=line locals={}
2026-08-23 04:04:17.590 /testbed/rich/progress.py:1464 rich.progress.Progress.update event=line locals={}
2026-08-23 04:04:17.590 /testbed/rich/progress.py:1466 rich.progress.Progress.update event=line locals={}
2026-08-23 04:04:17.590 /testbed/rich/progress.py:1467 rich.progress.Progress.update event=line locals={}
2026-08-23 04:04:17.590 /testbed/rich/progress.py:1469 rich.progress.Progress.update event=line locals={}
2026-08-23 04:04:17.590 /testbed/rich/progress.py:1470 rich.progress.Progress.update event=line locals={}
2026-08-23 04:04:17.590 /testbed/rich/progress.py:1441 rich.progress.Progress.update event=line locals={}
2026-08-23 04:04:17.590 /testbed/rich/progress.py:1475 rich.progress.Progress.update event=line locals={}
2026-08-23 04:04:17.590 /testbed/rich/progress.py:1475 rich.progress.Progress.update event=return retval=None locals={'advance': 'None', 'completed': '95', 'completed_start': '73', 'current_time': '8.760000000000002', 'description': 'None', 'fields': '{}', 'old_sample_time': '8.510000000000002', 'popleft': '<built-in method popleft of collections.deque object at 0x77f20ac6f5b0>', 'refresh': 'False', 'self': '<rich.progress.Progress object at 0x77f20acd3ad0>', 'task': "Task(id=0, description='ingest', total=808, completed=95, _get_time=<function TestProgressUpdateCallOrder.test_indirect_progress_via_reader_and_track.<locals>.fake_get_time at 0x77f20acd7ce0>, finished_time=None, visible=True, fields={}, finished_speed=None)", 'task_id': '0', 'total': 'None', 'update_completed': '22', 'visible': 'None'}
2026-08-23 04:04:17.590 /testbed/rich/progress.py:1417 rich.progress.Progress.update event=call locals={'advance': 'None', 'completed': '140', 'description': 'None', 'fields': '{}', 'refresh': 'False', 'self': '<rich.progress.Progress object at 0x77f20acd3ad0>', 'task_id': '0', 'total': 'None', 'visible': 'None'}
2026-08-23 04:04:17.590 /testbed/rich/progress.py:1441 rich.progress.Progress.update event=line locals={}
2026-08-23 04:04:17.590 /testbed/rich/progress.py:1442 rich.progress.Progress.update event=line locals={}
2026-08-23 04:04:17.590 /testbed/rich/progress.py:1443 rich.progress.Progress.update event=line locals={'task': "Task(id=0, description='ingest', total=808, completed=95, _get_time=<function TestProgressUpdateCallOrder.test_indirect_progress_via_reader_and_track.<locals>.fake_get_time at 0x77f20acd7ce0>, finished_time=None, visible=True, fields={}, finished_speed=None)"}
2026-08-23 04:04:17.590 /testbed/rich/progress.py:1445 rich.progress.Progress.update event=line locals={'completed_start': '95'}
2026-08-23 04:04:17.590 /testbed/rich/progress.py:1448 rich.progress.Progress.update event=line locals={}
2026-08-23 04:04:17.590 /testbed/rich/progress.py:1450 rich.progress.Progress.update event=line locals={}
2026-08-23 04:04:17.590 /testbed/rich/progress.py:1451 rich.progress.Progress.update event=line locals={}
2026-08-23 04:04:17.590 /testbed/rich/progress.py:1452 rich.progress.Progress.update event=line locals={'task': "Task(id=0, description='ingest', total=808, completed=140, _get_time=<function TestProgressUpdateCallOrder.test_indirect_progress_via_reader_and_track.<locals>.fake_get_time at 0x77f20acd7ce0>, finished_time=None, visible=True, fields={}, finished_speed=None)"}
2026-08-23 04:04:17.590 /testbed/rich/progress.py:1454 rich.progress.Progress.update event=line locals={}
2026-08-23 04:04:17.590 /testbed/rich/progress.py:1456 rich.progress.Progress.update event=line locals={}
2026-08-23 04:04:17.590 /testbed/rich/progress.py:1457 rich.progress.Progress.update event=line locals={}
2026-08-23 04:04:17.590 /testbed/rich/progress.py:1459 rich.progress.Progress.update event=line locals={'update_completed': '45'}
2026-08-23 04:04:17.590 /testbed/rich/progress.py:1460 rich.progress.Progress.update event=line locals={'current_time': '9.490000000000002'}
2026-08-23 04:04:17.590 /testbed/rich/progress.py:1461 rich.progress.Progress.update event=line locals={'old_sample_time': '9.240000000000002'}
2026-08-23 04:04:17.590 /testbed/rich/progress.py:1463 rich.progress.Progress.update event=line locals={}
2026-08-23 04:04:17.590 /testbed/rich/progress.py:1464 rich.progress.Progress.update event=line locals={'popleft': '<built-in method popleft of collections.deque object at 0x77f20ac6f5b0>'}
2026-08-23 04:04:17.590 /testbed/rich/progress.py:1465 rich.progress.Progress.update event=line locals={}
2026-08-23 04:04:17.590 /testbed/rich/progress.py:1464 rich.progress.Progress.update event=line locals={}
2026-08-23 04:04:17.590 /testbed/rich/progress.py:1466 rich.progress.Progress.update event=line locals={}
2026-08-23 04:04:17.590 /testbed/rich/progress.py:1467 rich.progress.Progress.update event=line locals={}
2026-08-23 04:04:17.590 /testbed/rich/progress.py:1469 rich.progress.Progress.update event=line locals={}
2026-08-23 04:04:17.590 /testbed/rich/progress.py:1470 rich.progress.Progress.update event=line locals={}
2026-08-23 04:04:17.590 /testbed/rich/progress.py:1441 rich.progress.Progress.update event=line locals={}
2026-08-23 04:04:17.590 /testbed/rich/progress.py:1475 rich.progress.Progress.update event=line locals={}
2026-08-23 04:04:17.590 /testbed/rich/progress.py:1475 rich.progress.Progress.update event=return retval=None locals={'advance': 'None', 'completed': '140', 'completed_start': '95', 'current_time': '9.490000000000002', 'description': 'None', 'fields': '{}', 'old_sample_time': '9.240000000000002', 'popleft': '<built-in method popleft of collections.deque object at 0x77f20ac6f5b0>', 'refresh': 'False', 'self': '<rich.progress.Progress object at 0x77f20acd3ad0>', 'task': "Task(id=0, description='ingest', total=808, completed=140, _get_time=<function TestProgressUpdateCallOrder.test_indirect_progress_via_reader_and_track.<locals>.fake_get_time at 0x77f20acd7ce0>, finished_time=None, visible=True, fields={}, finished_speed=None)", 'task_id': '0', 'total': 'None', 'update_completed': '45', 'visible': 'None'}
2026-08-23 04:04:17.590 /testbed/rich/progress.py:1417 rich.progress.Progress.update event=call locals={'advance': 'None', 'completed': '188', 'description': 'None', 'fields': '{}', 'refresh': 'False', 'self': '<rich.progress.Progress object at 0x77f20acd3ad0>', 'task_id': '0', 'total': 'None', 'visible': 'None'}
2026-08-23 04:04:17.590 /testbed/rich/progress.py:1441 rich.progress.Progress.update event=line locals={}
2026-08-23 04:04:17.590 /testbed/rich/progress.py:1442 rich.progress.Progress.update event=line locals={}
2026-08-23 04:04:17.590 /testbed/rich/progress.py:1443 rich.progress.Progress.update event=line locals={'task': "Task(id=0, description='ingest', total=808, completed=140, _get_time=<function TestProgressUpdateCallOrder.test_indirect_progress_via_reader_and_track.<locals>.fake_get_time at 0x77f20acd7ce0>, finished_time=None, visible=True, fields={}, finished_speed=None)"}
2026-08-23 04:04:17.590 /testbed/rich/progress.py:1445 rich.progress.Progress.update event=line locals={'completed_start': '140'}
2026-08-23 04:04:17.590 /testbed/rich/progress.py:1448 rich.progress.Progress.update event=line locals={}
2026-08-23 04:04:17.590 /testbed/rich/progress.py:1450 rich.progress.Progress.update event=line locals={}
2026-08-23 04:04:17.590 /testbed/rich/progress.py:1451 rich.progress.Progress.update event=line locals={}
2026-08-23 04:04:17.590 /testbed/rich/progress.py:1452 rich.progress.Progress.update event=line locals={'task': "Task(id=0, description='ingest', total=808, completed=188, _get_time=<function TestProgressUpdateCallOrder.test_indirect_progress_via_reader_and_track.<locals>.fake_get_time at 0x77f20acd7ce0>, finished_time=None, visible=True, fields={}, finished_speed=None)"}
2026-08-23 04:04:17.590 /testbed/rich/progress.py:1454 rich.progress.Progress.update event=line locals={}
2026-08-23 04:04:17.590 /testbed/rich/progress.py:1456 rich.progress.Progress.update event=line locals={}
2026-08-23 04:04:17.590 /testbed/rich/progress.py:1457 rich.progress.Progress.update event=line locals={}
2026-08-23 04:04:17.590 /testbed/rich/progress.py:1459 rich.progress.Progress.update event=line locals={'update_completed': '48'}
2026-08-23 04:04:17.590 /testbed/rich/progress.py:1460 rich.progress.Progress.update event=line locals={'current_time': '10.220000000000002'}
2026-08-23 04:04:17.590 /testbed/rich/progress.py:1461 rich.progress.Progress.update event=line locals={'old_sample_time': '9.970000000000002'}
2026-08-23 04:04:17.590 /testbed/rich/progress.py:1463 rich.progress.Progress.update event=line locals={}
2026-08-23 04:04:17.590 /testbed/rich/progress.py:1464 rich.progress.Progress.update event=line locals={'popleft': '<built-in method popleft of collections.deque object at 0x77f20ac6f5b0>'}
2026-08-23 04:04:17.590 /testbed/rich/progress.py:1465 rich.progress.Progress.update event=line locals={}
2026-08-23 04:04:17.590 /testbed/rich/progress.py:1464 rich.progress.Progress.update event=line locals={}
2026-08-23 04:04:17.590 /testbed/rich/progress.py:1466 rich.progress.Progress.update event=line locals={}
2026-08-23 04:04:17.591 /testbed/rich/progress.py:1467 rich.progress.Progress.update event=line locals={}
2026-08-23 04:04:17.591 /testbed/rich/progress.py:1469 rich.progress.Progress.update event=line locals={}
2026-08-23 04:04:17.591 /testbed/rich/progress.py:1470 rich.progress.Progress.update event=line locals={}
2026-08-23 04:04:17.591 /testbed/rich/progress.py:1441 rich.progress.Progress.update event=line locals={}
2026-08-23 04:04:17.591 /testbed/rich/progress.py:1475 rich.progress.Progress.update event=line locals={}
2026-08-23 04:04:17.591 /testbed/rich/progress.py:1475 rich.progress.Progress.update event=return retval=None locals={'advance': 'None', 'completed': '188', 'completed_start': '140', 'current_time': '10.220000000000002', 'description': 'None', 'fields': '{}', 'old_sample_time': '9.970000000000002', 'popleft': '<built-in method popleft of collections.deque object at 0x77f20ac6f5b0>', 'refresh': 'False', 'self': '<rich.progress.Progress object at 0x77f20acd3ad0>', 'task': "Task(id=0, description='ingest', total=808, completed=188, _get_time=<function TestProgressUpdateCallOrder.test_indirect_progress_via_reader_and_track.<locals>.fake_get_time at 0x77f20acd7ce0>, finished_time=None, visible=True, fields={}, finished_speed=None)", 'task_id': '0', 'total': 'None', 'update_completed': '48', 'visible': 'None'}
2026-08-23 04:04:17.591 /testbed/rich/progress.py:1417 rich.progress.Progress.update event=call locals={'advance': 'None', 'completed': '245', 'description': 'None', 'fields': '{}', 'refresh': 'False', 'self': '<rich.progress.Progress object at 0x77f20acd3ad0>', 'task_id': '0', 'total': 'None', 'visible': 'None'}
2026-08-23 04:04:17.591 /testbed/rich/progress.py:1441 rich.progress.Progress.update event=line locals={}
2026-08-23 04:04:17.591 /testbed/rich/progress.py:1442 rich.progress.Progress.update event=line locals={}
2026-08-23 04:04:17.591 /testbed/rich/progress.py:1443 rich.progress.Progress.update event=line locals={'task': "Task(id=0, description='ingest', total=808, completed=188, _get_time=<function TestProgressUpdateCallOrder.test_indirect_progress_via_reader_and_track.<locals>.fake_get_time at 0x77f20acd7ce0>, finished_time=None, visible=True, fields={}, finished_speed=None)"}
2026-08-23 04:04:17.591 /testbed/rich/progress.py:1445 rich.progress.Progress.update event=line locals={'completed_start': '188'}
2026-08-23 04:04:17.591 /testbed/rich/progress.py:1448 rich.progress.Progress.update event=line locals={}
2026-08-23 04:04:17.591 /testbed/rich/progress.py:1450 rich.progress.Progress.update event=line locals={}
2026-08-23 04:04:17.591 /testbed/rich/progress.py:1451 rich.progress.Progress.update event=line locals={}
2026-08-23 04:04:17.591 /testbed/rich/progress.py:1452 rich.progress.Progress.update event=line locals={'task': "Task(id=0, description='ingest', total=808, completed=245, _get_time=<function TestProgressUpdateCallOrder.test_indirect_progress_via_reader_and_track.<locals>.fake_get_time at 0x77f20acd7ce0>, finished_time=None, visible=True, fields={}, finished_speed=None)"}
2026-08-23 04:04:17.591 /testbed/rich/progress.py:1454 rich.progress.Progress.update event=line locals={}
2026-08-23 04:04:17.591 /testbed/rich/progress.py:1456 rich.progress.Progress.update event=line locals={}
2026-08-23 04:04:17.591 /testbed/rich/progress.py:1457 rich.progress.Progress.update event=line locals={}
2026-08-23 04:04:17.591 /testbed/rich/progress.py:1459 rich.progress.Progress.update event=line locals={'update_completed': '57'}
2026-08-23 04:04:17.591 /testbed/rich/progress.py:1460 rich.progress.Progress.update event=line locals={'current_time': '10.950000000000003'}
2026-08-23 04:04:17.591 /testbed/rich/progress.py:1461 rich.progress.Progress.update event=line locals={'old_sample_time': '10.700000000000003'}
2026-08-23 04:04:17.591 /testbed/rich/progress.py:1463 rich.progress.Progress.update event=line locals={}
2026-08-23 04:04:17.591 /testbed/rich/progress.py:1464 rich.progress.Progress.update event=line locals={'popleft': '<built-in method popleft of collections.deque object at 0x77f20ac6f5b0>'}
2026-08-23 04:04:17.591 /testbed/rich/progress.py:1465 rich.progress.Progress.update event=line locals={}
2026-08-23 04:04:17.591 /testbed/rich/progress.py:1464 rich.progress.Progress.update event=line locals={}
2026-08-23 04:04:17.591 /testbed/rich/progress.py:1466 rich.progress.Progress.update event=line locals={}
2026-08-23 04:04:17.591 /testbed/rich/progress.py:1467 rich.progress.Progress.update event=line locals={}
2026-08-23 04:04:17.591 /testbed/rich/progress.py:1469 rich.progress.Progress.update event=line locals={}
2026-08-23 04:04:17.591 /testbed/rich/progress.py:1470 rich.progress.Progress.update event=line locals={}
2026-08-23 04:04:17.591 /testbed/rich/progress.py:1441 rich.progress.Progress.update event=line locals={}
2026-08-23 04:04:17.591 /testbed/rich/progress.py:1475 rich.progress.Progress.update event=line locals={}
2026-08-23 04:04:17.591 /testbed/rich/progress.py:1475 rich.progress.Progress.update event=return retval=None locals={'advance': 'None', 'completed': '245', 'completed_start': '188', 'current_time': '10.950000000000003', 'description': 'None', 'fields': '{}', 'old_sample_time': '10.700000000000003', 'popleft': '<built-in method popleft of collections.deque object at 0x77f20ac6f5b0>', 'refresh': 'False', 'self': '<rich.progress.Progress object at 0x77f20acd3ad0>', 'task': "Task(id=0, description='ingest', total=808, completed=245, _get_time=<function TestProgressUpdateCallOrder.test_indirect_progress_via_reader_and_track.<locals>.fake_get_time at 0x77f20acd7ce0>, finished_time=None, visible=True, fields={}, finished_speed=None)", 'task_id': '0', 'total': 'None', 'update_completed': '57', 'visible': 'None'}
2026-08-23 04:04:17.591 /testbed/rich/progress.py:1417 rich.progress.Progress.update event=call locals={'advance': 'None', 'completed': '310', 'description': 'None', 'fields': '{}', 'refresh': 'False', 'self': '<rich.progress.Progress object at 0x77f20acd3ad0>', 'task_id': '0', 'total': 'None', 'visible': 'None'}
2026-08-23 04:04:17.591 /testbed/rich/progress.py:1441 rich.progress.Progress.update event=line locals={}
2026-08-23 04:04:17.591 /testbed/rich/progress.py:1442 rich.progress.Progress.update event=line locals={}
2026-08-23 04:04:17.591 /testbed/rich/progress.py:1443 rich.progress.Progress.update event=line locals={'task': "Task(id=0, description='ingest', total=808, completed=245, _get_time=<function TestProgressUpdateCallOrder.test_indirect_progress_via_reader_and_track.<locals>.fake_get_time at 0x77f20acd7ce0>, finished_time=None, visible=True, fields={}, finished_speed=None)"}
2026-08-23 04:04:17.591 /testbed/rich/progress.py:1445 rich.progress.Progress.update event=line locals={'completed_start': '245'}
2026-08-23 04:04:17.591 /testbed/rich/progress.py:1448 rich.progress.Progress.update event=line locals={}
2026-08-23 04:04:17.591 /testbed/rich/progress.py:1450 rich.progress.Progress.update event=line locals={}
2026-08-23 04:04:17.591 /testbed/rich/progress.py:1451 rich.progress.Progress.update event=line locals={}
2026-08-23 04:04:17.591 /testbed/rich/progress.py:1452 rich.progress.Progress.update event=line locals={'task': "Task(id=0, description='ingest', total=808, completed=310, _get_time=<function TestProgressUpdateCallOrder.test_indirect_progress_via_reader_and_track.<locals>.fake_get_time at 0x77f20acd7ce0>, finished_time=None, visible=True, fields={}, finished_speed=None)"}
2026-08-23 04:04:17.591 /testbed/rich/progress.py:1454 rich.progress.Progress.update event=line locals={}
2026-08-23 04:04:17.591 /testbed/rich/progress.py:1456 rich.progress.Progress.update event=line locals={}
2026-08-23 04:04:17.591 /testbed/rich/progress.py:1457 rich.progress.Progress.update event=line locals={}
2026-08-23 04:04:17.591 /testbed/rich/progress.py:1459 rich.progress.Progress.update event=line locals={'update_completed': '65'}
2026-08-23 04:04:17.591 /testbed/rich/progress.py:1460 rich.progress.Progress.update event=line locals={'current_time': '11.680000000000003'}
2026-08-23 04:04:17.591 /testbed/rich/progress.py:1461 rich.progress.Progress.update event=line locals={'old_sample_time': '11.430000000000003'}
2026-08-23 04:04:17.591 /testbed/rich/progress.py:1463 rich.progress.Progress.update event=line locals={}
2026-08-23 04:04:17.591 /testbed/rich/progress.py:1464 rich.progress.Progress.update event=line locals={'popleft': '<built-in method popleft of collections.deque object at 0x77f20ac6f5b0>'}
2026-08-23 04:04:17.591 /testbed/rich/progress.py:1465 rich.progress.Progress.update event=line locals={}
2026-08-23 04:04:17.591 /testbed/rich/progress.py:1464 rich.progress.Progress.update event=line locals={}
2026-08-23 04:04:17.591 /testbed/rich/progress.py:1466 rich.progress.Progress.update event=line locals={}
2026-08-23 04:04:17.591 /testbed/rich/progress.py:1467 rich.progress.Progress.update event=line locals={}
2026-08-23 04:04:17.591 /testbed/rich/progress.py:1469 rich.progress.Progress.update event=line locals={}
2026-08-23 04:04:17.591 /testbed/rich/progress.py:1470 rich.progress.Progress.update event=line locals={}
2026-08-23 04:04:17.591 /testbed/rich/progress.py:1441 rich.progress.Progress.update event=line locals={}
2026-08-23 04:04:17.591 /testbed/rich/progress.py:1475 rich.progress.Progress.update event=line locals={}
2026-08-23 04:04:17.591 /testbed/rich/progress.py:1475 rich.progress.Progress.update event=return retval=None locals={'advance': 'None', 'completed': '310', 'completed_start': '245', 'current_time': '11.680000000000003', 'description': 'None', 'fields': '{}', 'old_sample_time': '11.430000000000003', 'popleft': '<built-in method popleft of collections.deque object at 0x77f20ac6f5b0>', 'refresh': 'False', 'self': '<rich.progress.Progress object at 0x77f20acd3ad0>', 'task': "Task(id=0, description='ingest', total=808, completed=310, _get_time=<function TestProgressUpdateCallOrder.test_indirect_progress_via_reader_and_track.<locals>.fake_get_time at 0x77f20acd7ce0>, finished_time=None, visible=True, fields={}, finished_speed=None)", 'task_id': '0', 'total': 'None', 'update_completed': '65', 'visible': 'None'}
2026-08-23 04:04:17.591 /testbed/rich/progress.py:1417 rich.progress.Progress.update event=call locals={'advance': 'None', 'completed': '376', 'description': 'None', 'fields': '{}', 'refresh': 'False', 'self': '<rich.progress.Progress object at 0x77f20acd3ad0>', 'task_id': '0', 'total': 'None', 'visible': 'None'}
2026-08-23 04:04:17.591 /testbed/rich/progress.py:1441 rich.progress.Progress.update event=line locals={}
2026-08-23 04:04:17.591 /testbed/rich/progress.py:1442 rich.progress.Progress.update event=line locals={}
2026-08-23 04:04:17.591 /testbed/rich/progress.py:1443 rich.progress.Progress.update event=line locals={'task': "Task(id=0, description='ingest', total=808, completed=310, _get_time=<function TestProgressUpdateCallOrder.test_indirect_progress_via_reader_and_track.<locals>.fake_get_time at 0x77f20acd7ce0>, finished_time=None, visible=True, fields={}, finished_speed=None)"}
2026-08-23 04:04:17.591 /testbed/rich/progress.py:1445 rich.progress.Progress.update event=line locals={'completed_start': '310'}
2026-08-23 04:04:17.591 /testbed/rich/progress.py:1448 rich.progress.Progress.update event=line locals={}
2026-08-23 04:04:17.591 /testbed/rich/progress.py:1450 rich.progress.Progress.update event=line locals={}
2026-08-23 04:04:17.591 /testbed/rich/progress.py:1451 rich.progress.Progress.update event=line locals={}
2026-08-23 04:04:17.591 /testbed/rich/progress.py:1452 rich.progress.Progress.update event=line locals={'task': "Task(id=0, description='ingest', total=808, completed=376, _get_time=<function TestProgressUpdateCallOrder.test_indirect_progress_via_reader_and_track.<locals>.fake_get_time at 0x77f20acd7ce0>, finished_time=None, visible=True, fields={}, finished_speed=None)"}
2026-08-23 04:04:17.591 /testbed/rich/progress.py:1454 rich.progress.Progress.update event=line locals={}
2026-08-23 04:04:17.591 /testbed/rich/progress.py:1456 rich.progress.Progress.update event=line locals={}
2026-08-23 04:04:17.591 /testbed/rich/progress.py:1457 rich.progress.Progress.update event=line locals={}
2026-08-23 04:04:17.591 /testbed/rich/progress.py:1459 rich.progress.Progress.update event=line locals={'update_completed': '66'}
2026-08-23 04:04:17.591 /testbed/rich/progress.py:1460 rich.progress.Progress.update event=line locals={'current_time': '12.410000000000004'}
2026-08-23 04:04:17.591 /testbed/rich/progress.py:1461 rich.progress.Progress.update event=line locals={'old_sample_time': '12.160000000000004'}
2026-08-23 04:04:17.591 /testbed/rich/progress.py:1463 rich.progress.Progress.update event=line locals={}
2026-08-23 04:04:17.591 /testbed/rich/progress.py:1464 rich.progress.Progress.update event=line locals={'popleft': '<built-in method popleft of collections.deque object at 0x77f20ac6f5b0>'}
2026-08-23 04:04:17.591 /testbed/rich/progress.py:1465 rich.progress.Progress.update event=line locals={}
2026-08-23 04:04:17.592 /testbed/rich/progress.py:1464 rich.progress.Progress.update event=line locals={}
2026-08-23 04:04:17.592 /testbed/rich/progress.py:1466 rich.progress.Progress.update event=line locals={}
2026-08-23 04:04:17.592 /testbed/rich/progress.py:1467 rich.progress.Progress.update event=line locals={}
2026-08-23 04:04:17.592 /testbed/rich/progress.py:1469 rich.progress.Progress.update event=line locals={}
2026-08-23 04:04:17.592 /testbed/rich/progress.py:1470 rich.progress.Progress.update event=line locals={}
2026-08-23 04:04:17.592 /testbed/rich/progress.py:1441 rich.progress.Progress.update event=line locals={}
2026-08-23 04:04:17.592 /testbed/rich/progress.py:1475 rich.progress.Progress.update event=line locals={}
2026-08-23 04:04:17.592 /testbed/rich/progress.py:1475 rich.progress.Progress.update event=return retval=None locals={'advance': 'None', 'completed': '376', 'completed_start': '310', 'current_time': '12.410000000000004', 'description': 'None', 'fields': '{}', 'old_sample_time': '12.160000000000004', 'popleft': '<built-in method popleft of collections.deque object at 0x77f20ac6f5b0>', 'refresh': 'False', 'self': '<rich.progress.Progress object at 0x77f20acd3ad0>', 'task': "Task(id=0, description='ingest', total=808, completed=376, _get_time=<function TestProgressUpdateCallOrder.test_indirect_progress_via_reader_and_track.<locals>.fake_get_time at 0x77f20acd7ce0>, finished_time=None, visible=True, fields={}, finished_speed=None)", 'task_id': '0', 'total': 'None', 'update_completed': '66', 'visible': 'None'}
2026-08-23 04:04:17.592 /testbed/rich/progress.py:1417 rich.progress.Progress.update event=call locals={'advance': 'None', 'completed': '448', 'description': 'None', 'fields': '{}', 'refresh': 'False', 'self': '<rich.progress.Progress object at 0x77f20acd3ad0>', 'task_id': '0', 'total': 'None', 'visible': 'None'}
2026-08-23 04:04:17.592 /testbed/rich/progress.py:1441 rich.progress.Progress.update event=line locals={}
2026-08-23 04:04:17.592 /testbed/rich/progress.py:1442 rich.progress.Progress.update event=line locals={}
2026-08-23 04:04:17.592 /testbed/rich/progress.py:1443 rich.progress.Progress.update event=line locals={'task': "Task(id=0, description='ingest', total=808, completed=376, _get_time=<function TestProgressUpdateCallOrder.test_indirect_progress_via_reader_and_track.<locals>.fake_get_time at 0x77f20acd7ce0>, finished_time=None, visible=True, fields={}, finished_speed=None)"}
2026-08-23 04:04:17.592 /testbed/rich/progress.py:1445 rich.progress.Progress.update event=line locals={'completed_start': '376'}
2026-08-23 04:04:17.592 /testbed/rich/progress.py:1448 rich.progress.Progress.update event=line locals={}
2026-08-23 04:04:17.592 /testbed/rich/progress.py:1450 rich.progress.Progress.update event=line locals={}
2026-08-23 04:04:17.592 /testbed/rich/progress.py:1451 rich.progress.Progress.update event=line locals={}
2026-08-23 04:04:17.592 /testbed/rich/progress.py:1452 rich.progress.Progress.update event=line locals={'task': "Task(id=0, description='ingest', total=808, completed=448, _get_time=<function TestProgressUpdateCallOrder.test_indirect_progress_via_reader_and_track.<locals>.fake_get_time at 0x77f20acd7ce0>, finished_time=None, visible=True, fields={}, finished_speed=None)"}
2026-08-23 04:04:17.592 /testbed/rich/progress.py:1454 rich.progress.Progress.update event=line locals={}
2026-08-23 04:04:17.592 /testbed/rich/progress.py:1456 rich.progress.Progress.update event=line locals={}
2026-08-23 04:04:17.592 /testbed/rich/progress.py:1457 rich.progress.Progress.update event=line locals={}
2026-08-23 04:04:17.592 /testbed/rich/progress.py:1459 rich.progress.Progress.update event=line locals={'update_completed': '72'}
2026-08-23 04:04:17.592 /testbed/rich/progress.py:1460 rich.progress.Progress.update event=line locals={'current_time': '13.140000000000004'}
2026-08-23 04:04:17.592 /testbed/rich/progress.py:1461 rich.progress.Progress.update event=line locals={'old_sample_time': '12.890000000000004'}
2026-08-23 04:04:17.592 /testbed/rich/progress.py:1463 rich.progress.Progress.update event=line locals={}
2026-08-23 04:04:17.592 /testbed/rich/progress.py:1464 rich.progress.Progress.update event=line locals={'popleft': '<built-in method popleft of collections.deque object at 0x77f20ac6f5b0>'}
2026-08-23 04:04:17.592 /testbed/rich/progress.py:1465 rich.progress.Progress.update event=line locals={}
2026-08-23 04:04:17.592 /testbed/rich/progress.py:1464 rich.progress.Progress.update event=line locals={}
2026-08-23 04:04:17.592 /testbed/rich/progress.py:1466 rich.progress.Progress.update event=line locals={}
2026-08-23 04:04:17.592 /testbed/rich/progress.py:1467 rich.progress.Progress.update event=line locals={}
2026-08-23 04:04:17.592 /testbed/rich/progress.py:1469 rich.progress.Progress.update event=line locals={}
2026-08-23 04:04:17.592 /testbed/rich/progress.py:1470 rich.progress.Progress.update event=line locals={}
2026-08-23 04:04:17.592 /testbed/rich/progress.py:1441 rich.progress.Progress.update event=line locals={}
2026-08-23 04:04:17.592 /testbed/rich/progress.py:1475 rich.progress.Progress.update event=line locals={}
2026-08-23 04:04:17.592 /testbed/rich/progress.py:1475 rich.progress.Progress.update event=return retval=None locals={'advance': 'None', 'completed': '448', 'completed_start': '376', 'current_time': '13.140000000000004', 'description': 'None', 'fields': '{}', 'old_sample_time': '12.890000000000004', 'popleft': '<built-in method popleft of collections.deque object at 0x77f20ac6f5b0>', 'refresh': 'False', 'self': '<rich.progress.Progress object at 0x77f20acd3ad0>', 'task': "Task(id=0, description='ingest', total=808, completed=448, _get_time=<function TestProgressUpdateCallOrder.test_indirect_progress_via_reader_and_track.<locals>.fake_get_time at 0x77f20acd7ce0>, finished_time=None, visible=True, fields={}, finished_speed=None)", 'task_id': '0', 'total': 'None', 'update_completed': '72', 'visible': 'None'}
2026-08-23 04:04:17.592 /testbed/rich/progress.py:1417 rich.progress.Progress.update event=call locals={'advance': 'None', 'completed': '533', 'description': 'None', 'fields': '{}', 'refresh': 'False', 'self': '<rich.progress.Progress object at 0x77f20acd3ad0>', 'task_id': '0', 'total': 'None', 'visible': 'None'}
2026-08-23 04:04:17.592 /testbed/rich/progress.py:1441 rich.progress.Progress.update event=line locals={}
2026-08-23 04:04:17.592 /testbed/rich/progress.py:1442 rich.progress.Progress.update event=line locals={}
2026-08-23 04:04:17.592 /testbed/rich/progress.py:1443 rich.progress.Progress.update event=line locals={'task': "Task(id=0, description='ingest', total=808, completed=448, _get_time=<function TestProgressUpdateCallOrder.test_indirect_progress_via_reader_and_track.<locals>.fake_get_time at 0x77f20acd7ce0>, finished_time=None, visible=True, fields={}, finished_speed=None)"}
2026-08-23 04:04:17.592 /testbed/rich/progress.py:1445 rich.progress.Progress.update event=line locals={'completed_start': '448'}
2026-08-23 04:04:17.592 /testbed/rich/progress.py:1448 rich.progress.Progress.update event=line locals={}
2026-08-23 04:04:17.592 /testbed/rich/progress.py:1450 rich.progress.Progress.update event=line locals={}
2026-08-23 04:04:17.592 /testbed/rich/progress.py:1451 rich.progress.Progress.update event=line locals={}
2026-08-23 04:04:17.592 /testbed/rich/progress.py:1452 rich.progress.Progress.update event=line locals={'task': "Task(id=0, description='ingest', total=808, completed=533, _get_time=<function TestProgressUpdateCallOrder.test_indirect_progress_via_reader_and_track.<locals>.fake_get_time at 0x77f20acd7ce0>, finished_time=None, visible=True, fields={}, finished_speed=None)"}
2026-08-23 04:04:17.592 /testbed/rich/progress.py:1454 rich.progress.Progress.update event=line locals={}
2026-08-23 04:04:17.592 /testbed/rich/progress.py:1456 rich.progress.Progress.update event=line locals={}
2026-08-23 04:04:17.592 /testbed/rich/progress.py:1457 rich.progress.Progress.update event=line locals={}
2026-08-23 04:04:17.592 /testbed/rich/progress.py:1459 rich.progress.Progress.update event=line locals={'update_completed': '85'}
2026-08-23 04:04:17.592 /testbed/rich/progress.py:1460 rich.progress.Progress.update event=line locals={'current_time': '13.870000000000005'}
2026-08-23 04:04:17.592 /testbed/rich/progress.py:1461 rich.progress.Progress.update event=line locals={'old_sample_time': '13.620000000000005'}
2026-08-23 04:04:17.592 /testbed/rich/progress.py:1463 rich.progress.Progress.update event=line locals={}
2026-08-23 04:04:17.592 /testbed/rich/progress.py:1464 rich.progress.Progress.update event=line locals={'popleft': '<built-in method popleft of collections.deque object at 0x77f20ac6f5b0>'}
2026-08-23 04:04:17.592 /testbed/rich/progress.py:1465 rich.progress.Progress.update event=line locals={}
2026-08-23 04:04:17.592 /testbed/rich/progress.py:1464 rich.progress.Progress.update event=line locals={}
2026-08-23 04:04:17.592 /testbed/rich/progress.py:1466 rich.progress.Progress.update event=line locals={}
2026-08-23 04:04:17.592 /testbed/rich/progress.py:1467 rich.progress.Progress.update event=line locals={}
2026-08-23 04:04:17.592 /testbed/rich/progress.py:1469 rich.progress.Progress.update event=line locals={}
2026-08-23 04:04:17.592 /testbed/rich/progress.py:1470 rich.progress.Progress.update event=line locals={}
2026-08-23 04:04:17.592 /testbed/rich/progress.py:1441 rich.progress.Progress.update event=line locals={}
2026-08-23 04:04:17.592 /testbed/rich/progress.py:1475 rich.progress.Progress.update event=line locals={}
2026-08-23 04:04:17.592 /testbed/rich/progress.py:1475 rich.progress.Progress.update event=return retval=None locals={'advance': 'None', 'completed': '533', 'completed_start': '448', 'current_time': '13.870000000000005', 'description': 'None', 'fields': '{}', 'old_sample_time': '13.620000000000005', 'popleft': '<built-in method popleft of collections.deque object at 0x77f20ac6f5b0>', 'refresh': 'False', 'self': '<rich.progress.Progress object at 0x77f20acd3ad0>', 'task': "Task(id=0, description='ingest', total=808, completed=533, _get_time=<function TestProgressUpdateCallOrder.test_indirect_progress_via_reader_and_track.<locals>.fake_get_time at 0x77f20acd7ce0>, finished_time=None, visible=True, fields={}, finished_speed=None)", 'task_id': '0', 'total': 'None', 'update_completed': '85', 'visible': 'None'}
2026-08-23 04:04:17.592 /testbed/rich/progress.py:1417 rich.progress.Progress.update event=call locals={'advance': 'None', 'completed': '624', 'description': 'None', 'fields': '{}', 'refresh': 'False', 'self': '<rich.progress.Progress object at 0x77f20acd3ad0>', 'task_id': '0', 'total': 'None', 'visible': 'None'}
2026-08-23 04:04:17.592 /testbed/rich/progress.py:1441 rich.progress.Progress.update event=line locals={}
2026-08-23 04:04:17.592 /testbed/rich/progress.py:1442 rich.progress.Progress.update event=line locals={}
2026-08-23 04:04:17.592 /testbed/rich/progress.py:1443 rich.progress.Progress.update event=line locals={'task': "Task(id=0, description='ingest', total=808, completed=533, _get_time=<function TestProgressUpdateCallOrder.test_indirect_progress_via_reader_and_track.<locals>.fake_get_time at 0x77f20acd7ce0>, finished_time=None, visible=True, fields={}, finished_speed=None)"}
2026-08-23 04:04:17.592 /testbed/rich/progress.py:1445 rich.progress.Progress.update event=line locals={'completed_start': '533'}
2026-08-23 04:04:17.592 /testbed/rich/progress.py:1448 rich.progress.Progress.update event=line locals={}
2026-08-23 04:04:17.592 /testbed/rich/progress.py:1450 rich.progress.Progress.update event=line locals={}
2026-08-23 04:04:17.592 /testbed/rich/progress.py:1451 rich.progress.Progress.update event=line locals={}
2026-08-23 04:04:17.592 /testbed/rich/progress.py:1452 rich.progress.Progress.update event=line locals={'task': "Task(id=0, description='ingest', total=808, completed=624, _get_time=<function TestProgressUpdateCallOrder.test_indirect_progress_via_reader_and_track.<locals>.fake_get_time at 0x77f20acd7ce0>, finished_time=None, visible=True, fields={}, finished_speed=None)"}
2026-08-23 04:04:17.592 /testbed/rich/progress.py:1454 rich.progress.Progress.update event=line locals={}
2026-08-23 04:04:17.592 /testbed/rich/progress.py:1456 rich.progress.Progress.update event=line locals={}
2026-08-23 04:04:17.592 /testbed/rich/progress.py:1457 rich.progress.Progress.update event=line locals={}
2026-08-23 04:04:17.592 /testbed/rich/progress.py:1459 rich.progress.Progress.update event=line locals={'update_completed': '91'}
2026-08-23 04:04:17.592 /testbed/rich/progress.py:1460 rich.progress.Progress.update event=line locals={'current_time': '14.600000000000005'}
2026-08-23 04:04:17.592 /testbed/rich/progress.py:1461 rich.progress.Progress.update event=line locals={'old_sample_time': '14.350000000000005'}
2026-08-23 04:04:17.592 /testbed/rich/progress.py:1463 rich.progress.Progress.update event=line locals={}
2026-08-23 04:04:17.592 /testbed/rich/progress.py:1464 rich.progress.Progress.update event=line locals={'popleft': '<built-in method popleft of collections.deque object at 0x77f20ac6f5b0>'}
2026-08-23 04:04:17.593 /testbed/rich/progress.py:1465 rich.progress.Progress.update event=line locals={}
2026-08-23 04:04:17.593 /testbed/rich/progress.py:1464 rich.progress.Progress.update event=line locals={}
2026-08-23 04:04:17.593 /testbed/rich/progress.py:1466 rich.progress.Progress.update event=line locals={}
2026-08-23 04:04:17.593 /testbed/rich/progress.py:1467 rich.progress.Progress.update event=line locals={}
2026-08-23 04:04:17.593 /testbed/rich/progress.py:1469 rich.progress.Progress.update event=line locals={}
2026-08-23 04:04:17.593 /testbed/rich/progress.py:1470 rich.progress.Progress.update event=line locals={}
2026-08-23 04:04:17.593 /testbed/rich/progress.py:1441 rich.progress.Progress.update event=line locals={}
2026-08-23 04:04:17.593 /testbed/rich/progress.py:1475 rich.progress.Progress.update event=line locals={}
2026-08-23 04:04:17.593 /testbed/rich/progress.py:1475 rich.progress.Progress.update event=return retval=None locals={'advance': 'None', 'completed': '624', 'completed_start': '533', 'current_time': '14.600000000000005', 'description': 'None', 'fields': '{}', 'old_sample_time': '14.350000000000005', 'popleft': '<built-in method popleft of collections.deque object at 0x77f20ac6f5b0>', 'refresh': 'False', 'self': '<rich.progress.Progress object at 0x77f20acd3ad0>', 'task': "Task(id=0, description='ingest', total=808, completed=624, _get_time=<function TestProgressUpdateCallOrder.test_indirect_progress_via_reader_and_track.<locals>.fake_get_time at 0x77f20acd7ce0>, finished_time=None, visible=True, fields={}, finished_speed=None)", 'task_id': '0', 'total': 'None', 'update_completed': '91', 'visible': 'None'}
2026-08-23 04:04:17.593 /testbed/rich/progress.py:1417 rich.progress.Progress.update event=call locals={'advance': 'None', 'completed': '724', 'description': 'None', 'fields': '{}', 'refresh': 'False', 'self': '<rich.progress.Progress object at 0x77f20acd3ad0>', 'task_id': '0', 'total': 'None', 'visible': 'None'}
2026-08-23 04:04:17.593 /testbed/rich/progress.py:1441 rich.progress.Progress.update event=line locals={}
2026-08-23 04:04:17.593 /testbed/rich/progress.py:1442 rich.progress.Progress.update event=line locals={}
2026-08-23 04:04:17.593 /testbed/rich/progress.py:1443 rich.progress.Progress.update event=line locals={'task': "Task(id=0, description='ingest', total=808, completed=624, _get_time=<function TestProgressUpdateCallOrder.test_indirect_progress_via_reader_and_track.<locals>.fake_get_time at 0x77f20acd7ce0>, finished_time=None, visible=True, fields={}, finished_speed=None)"}
2026-08-23 04:04:17.593 /testbed/rich/progress.py:1445 rich.progress.Progress.update event=line locals={'completed_start': '624'}
2026-08-23 04:04:17.593 /testbed/rich/progress.py:1448 rich.progress.Progress.update event=line locals={}
2026-08-23 04:04:17.593 /testbed/rich/progress.py:1450 rich.progress.Progress.update event=line locals={}
2026-08-23 04:04:17.593 /testbed/rich/progress.py:1451 rich.progress.Progress.update event=line locals={}
2026-08-23 04:04:17.593 /testbed/rich/progress.py:1452 rich.progress.Progress.update event=line locals={'task': "Task(id=0, description='ingest', total=808, completed=724, _get_time=<function TestProgressUpdateCallOrder.test_indirect_progress_via_reader_and_track.<locals>.fake_get_time at 0x77f20acd7ce0>, finished_time=None, visible=True, fields={}, finished_speed=None)"}
2026-08-23 04:04:17.593 /testbed/rich/progress.py:1454 rich.progress.Progress.update event=line locals={}
2026-08-23 04:04:17.593 /testbed/rich/progress.py:1456 rich.progress.Progress.update event=line locals={}
2026-08-23 04:04:17.593 /testbed/rich/progress.py:1457 rich.progress.Progress.update event=line locals={}
2026-08-23 04:04:17.593 /testbed/rich/progress.py:1459 rich.progress.Progress.update event=line locals={'update_completed': '100'}
2026-08-23 04:04:17.593 /testbed/rich/progress.py:1460 rich.progress.Progress.update event=line locals={'current_time': '15.330000000000005'}
2026-08-23 04:04:17.593 /testbed/rich/progress.py:1461 rich.progress.Progress.update event=line locals={'old_sample_time': '15.080000000000005'}
2026-08-23 04:04:17.593 /testbed/rich/progress.py:1463 rich.progress.Progress.update event=line locals={}
2026-08-23 04:04:17.593 /testbed/rich/progress.py:1464 rich.progress.Progress.update event=line locals={'popleft': '<built-in method popleft of collections.deque object at 0x77f20ac6f5b0>'}
2026-08-23 04:04:17.593 /testbed/rich/progress.py:1465 rich.progress.Progress.update event=line locals={}
2026-08-23 04:04:17.593 /testbed/rich/progress.py:1464 rich.progress.Progress.update event=line locals={}
2026-08-23 04:04:17.593 /testbed/rich/progress.py:1466 rich.progress.Progress.update event=line locals={}
2026-08-23 04:04:17.593 /testbed/rich/progress.py:1467 rich.progress.Progress.update event=line locals={}
2026-08-23 04:04:17.593 /testbed/rich/progress.py:1469 rich.progress.Progress.update event=line locals={}
2026-08-23 04:04:17.593 /testbed/rich/progress.py:1470 rich.progress.Progress.update event=line locals={}
2026-08-23 04:04:17.593 /testbed/rich/progress.py:1441 rich.progress.Progress.update event=line locals={}
2026-08-23 04:04:17.593 /testbed/rich/progress.py:1475 rich.progress.Progress.update event=line locals={}
2026-08-23 04:04:17.593 /testbed/rich/progress.py:1475 rich.progress.Progress.update event=return retval=None locals={'advance': 'None', 'completed': '724', 'completed_start': '624', 'current_time': '15.330000000000005', 'description': 'None', 'fields': '{}', 'old_sample_time': '15.080000000000005', 'popleft': '<built-in method popleft of collections.deque object at 0x77f20ac6f5b0>', 'refresh': 'False', 'self': '<rich.progress.Progress object at 0x77f20acd3ad0>', 'task': "Task(id=0, description='ingest', total=808, completed=724, _get_time=<function TestProgressUpdateCallOrder.test_indirect_progress_via_reader_and_track.<locals>.fake_get_time at 0x77f20acd7ce0>, finished_time=None, visible=True, fields={}, finished_speed=None)", 'task_id': '0', 'total': 'None', 'update_completed': '100', 'visible': 'None'}
2026-08-23 04:04:17.593 /testbed/rich/progress.py:1417 rich.progress.Progress.update event=call locals={'advance': 'None', 'completed': '809', 'description': 'None', 'fields': '{}', 'refresh': 'False', 'self': '<rich.progress.Progress object at 0x77f20acd3ad0>', 'task_id': '0', 'total': 'None', 'visible': 'None'}
2026-08-23 04:04:17.593 /testbed/rich/progress.py:1441 rich.progress.Progress.update event=line locals={}
2026-08-23 04:04:17.593 /testbed/rich/progress.py:1442 rich.progress.Progress.update event=line locals={}
2026-08-23 04:04:17.593 /testbed/rich/progress.py:1443 rich.progress.Progress.update event=line locals={'task': "Task(id=0, description='ingest', total=808, completed=724, _get_time=<function TestProgressUpdateCallOrder.test_indirect_progress_via_reader_and_track.<locals>.fake_get_time at 0x77f20acd7ce0>, finished_time=None, visible=True, fields={}, finished_speed=None)"}
2026-08-23 04:04:17.593 /testbed/rich/progress.py:1445 rich.progress.Progress.update event=line locals={'completed_start': '724'}
2026-08-23 04:04:17.593 /testbed/rich/progress.py:1448 rich.progress.Progress.update event=line locals={}
2026-08-23 04:04:17.593 /testbed/rich/progress.py:1450 rich.progress.Progress.update event=line locals={}
2026-08-23 04:04:17.593 /testbed/rich/progress.py:1451 rich.progress.Progress.update event=line locals={}
2026-08-23 04:04:17.593 /testbed/rich/progress.py:1452 rich.progress.Progress.update event=line locals={'task': "Task(id=0, description='ingest', total=808, completed=809, _get_time=<function TestProgressUpdateCallOrder.test_indirect_progress_via_reader_and_track.<locals>.fake_get_time at 0x77f20acd7ce0>, finished_time=None, visible=True, fields={}, finished_speed=None)"}
2026-08-23 04:04:17.593 /testbed/rich/progress.py:1454 rich.progress.Progress.update event=line locals={}
2026-08-23 04:04:17.593 /testbed/rich/progress.py:1456 rich.progress.Progress.update event=line locals={}
2026-08-23 04:04:17.593 /testbed/rich/progress.py:1457 rich.progress.Progress.update event=line locals={}
2026-08-23 04:04:17.593 /testbed/rich/progress.py:1459 rich.progress.Progress.update event=line locals={'update_completed': '85'}
2026-08-23 04:04:17.593 /testbed/rich/progress.py:1460 rich.progress.Progress.update event=line locals={'current_time': '16.060000000000006'}
2026-08-23 04:04:17.593 /testbed/rich/progress.py:1461 rich.progress.Progress.update event=line locals={'old_sample_time': '15.810000000000006'}
2026-08-23 04:04:17.593 /testbed/rich/progress.py:1463 rich.progress.Progress.update event=line locals={}
2026-08-23 04:04:17.593 /testbed/rich/progress.py:1464 rich.progress.Progress.update event=line locals={'popleft': '<built-in method popleft of collections.deque object at 0x77f20ac6f5b0>'}
2026-08-23 04:04:17.593 /testbed/rich/progress.py:1465 rich.progress.Progress.update event=line locals={}
2026-08-23 04:04:17.593 /testbed/rich/progress.py:1464 rich.progress.Progress.update event=line locals={}
2026-08-23 04:04:17.593 /testbed/rich/progress.py:1466 rich.progress.Progress.update event=line locals={}
2026-08-23 04:04:17.593 /testbed/rich/progress.py:1467 rich.progress.Progress.update event=line locals={}
2026-08-23 04:04:17.593 /testbed/rich/progress.py:1469 rich.progress.Progress.update event=line locals={}
2026-08-23 04:04:17.593 /testbed/rich/progress.py:1470 rich.progress.Progress.update event=line locals={}
2026-08-23 04:04:17.593 /testbed/rich/progress.py:1471 rich.progress.Progress.update event=line locals={}
2026-08-23 04:04:17.593 /testbed/rich/progress.py:1473 rich.progress.Progress.update event=line locals={}
2026-08-23 04:04:17.593 /testbed/rich/progress.py:983 rich.progress.Task.get_time event=call locals={'self': "Task(id=0, description='ingest', total=808, completed=809, _get_time=<function TestProgressUpdateCallOrder.test_indirect_progress_via_reader_and_track.<locals>.fake_get_time at 0x77f20acd7ce0>, finished_time=None, visible=True, fields={}, finished_speed=None)"}
2026-08-23 04:04:17.593 /testbed/rich/progress.py:985 rich.progress.Task.get_time event=line locals={}
2026-08-23 04:04:17.593 /testbed/rich/progress.py:985 rich.progress.Task.get_time event=return retval=16.790000000000006 locals={'self': "Task(id=0, description='ingest', total=808, completed=809, _get_time=<function TestProgressUpdateCallOrder.test_indirect_progress_via_reader_and_track.<locals>.fake_get_time at 0x77f20acd7ce0>, finished_time=None, visible=True, fields={}, finished_speed=None)"}
2026-08-23 04:04:17.593 /testbed/rich/progress.py:1441 rich.progress.Progress.update event=line locals={'task': "Task(id=0, description='ingest', total=808, completed=809, _get_time=<function TestProgressUpdateCallOrder.test_indirect_progress_via_reader_and_track.<locals>.fake_get_time at 0x77f20acd7ce0>, finished_time=16.060000000000006, visible=True, fields={}, finished_speed=None)"}
2026-08-23 04:04:17.593 /testbed/rich/progress.py:1475 rich.progress.Progress.update event=line locals={}
2026-08-23 04:04:17.593 /testbed/rich/progress.py:1475 rich.progress.Progress.update event=return retval=None locals={'advance': 'None', 'completed': '809', 'completed_start': '724', 'current_time': '16.060000000000006', 'description': 'None', 'fields': '{}', 'old_sample_time': '15.810000000000006', 'popleft': '<built-in method popleft of collections.deque object at 0x77f20ac6f5b0>', 'refresh': 'False', 'self': '<rich.progress.Progress object at 0x77f20acd3ad0>', 'task': "Task(id=0, description='ingest', total=808, completed=809, _get_time=<function TestProgressUpdateCallOrder.test_indirect_progress_via_reader_and_track.<locals>.fake_get_time at 0x77f20acd7ce0>, finished_time=16.060000000000006, visible=True, fields={}, finished_speed=None)", 'task_id': '0', 'total': 'None', 'update_completed': '85', 'visible': 'None'}
2026-08-23 04:04:17.593 /testbed/rich/progress.py:1417 rich.progress.Progress.update event=call locals={'advance': 'None', 'completed': 'None', 'description': 'None', 'fields': '{}', 'refresh': 'False', 'self': '<rich.progress.Progress object at 0x77f20acd3ad0>', 'task_id': '0', 'total': '775', 'visible': 'None'}
2026-08-23 04:04:17.593 /testbed/rich/progress.py:1441 rich.progress.Progress.update event=line locals={}
2026-08-23 04:04:17.593 /testbed/rich/progress.py:1442 rich.progress.Progress.update event=line locals={}
2026-08-23 04:04:17.593 /testbed/rich/progress.py:1443 rich.progress.Progress.update event=line locals={'task': "Task(id=0, description='ingest', total=808, completed=809, _get_time=<function TestProgressUpdateCallOrder.test_indirect_progress_via_reader_and_track.<locals>.fake_get_time at 0x77f20acd7ce0>, finished_time=16.060000000000006, visible=True, fields={}, finished_speed=None)"}
2026-08-23 04:04:17.593 /testbed/rich/progress.py:1445 rich.progress.Progress.update event=line locals={'completed_start': '809'}
2026-08-23 04:04:17.593 /testbed/rich/progress.py:1446 rich.progress.Progress.update event=line locals={}
2026-08-23 04:04:17.593 /testbed/rich/progress.py:1447 rich.progress.Progress.update event=line locals={'task': "Task(id=0, description='ingest', total=775, completed=809, _get_time=<function TestProgressUpdateCallOrder.test_indirect_progress_via_reader_and_track.<locals>.fake_get_time at 0x77f20acd7ce0>, finished_time=16.060000000000006, visible=True, fields={}, finished_speed=None)"}
2026-08-23 04:04:17.593 /testbed/rich/progress.py:1054 rich.progress.Task._reset event=call locals={'self': "Task(id=0, description='ingest', total=775, completed=809, _get_time=<function TestProgressUpdateCallOrder.test_indirect_progress_via_reader_and_track.<locals>.fake_get_time at 0x77f20acd7ce0>, finished_time=16.060000000000006, visible=True, fields={}, finished_speed=None)"}
2026-08-23 04:04:17.593 /testbed/rich/progress.py:1056 rich.progress.Task._reset event=line locals={}
2026-08-23 04:04:17.594 /testbed/rich/progress.py:1057 rich.progress.Task._reset event=line locals={}
2026-08-23 04:04:17.594 /testbed/rich/progress.py:1058 rich.progress.Task._reset event=line locals={'self': "Task(id=0, description='ingest', total=775, completed=809, _get_time=<function TestProgressUpdateCallOrder.test_indirect_progress_via_reader_and_track.<locals>.fake_get_time at 0x77f20acd7ce0>, finished_time=None, visible=True, fields={}, finished_speed=None)"}
2026-08-23 04:04:17.594 /testbed/rich/progress.py:1058 rich.progress.Task._reset event=return retval=None locals={'self': "Task(id=0, description='ingest', total=775, completed=809, _get_time=<function TestProgressUpdateCallOrder.test_indirect_progress_via_reader_and_track.<locals>.fake_get_time at 0x77f20acd7ce0>, finished_time=None, visible=True, fields={}, finished_speed=None)"}
2026-08-23 04:04:17.594 /testbed/rich/progress.py:1448 rich.progress.Progress.update event=line locals={'task': "Task(id=0, description='ingest', total=775, completed=809, _get_time=<function TestProgressUpdateCallOrder.test_indirect_progress_via_reader_and_track.<locals>.fake_get_time at 0x77f20acd7ce0>, finished_time=None, visible=True, fields={}, finished_speed=None)"}
2026-08-23 04:04:17.594 /testbed/rich/progress.py:1450 rich.progress.Progress.update event=line locals={}
2026-08-23 04:04:17.594 /testbed/rich/progress.py:1452 rich.progress.Progress.update event=line locals={}
2026-08-23 04:04:17.594 /testbed/rich/progress.py:1454 rich.progress.Progress.update event=line locals={}
2026-08-23 04:04:17.594 /testbed/rich/progress.py:1456 rich.progress.Progress.update event=line locals={}
2026-08-23 04:04:17.594 /testbed/rich/progress.py:1457 rich.progress.Progress.update event=line locals={}
2026-08-23 04:04:17.594 /testbed/rich/progress.py:1459 rich.progress.Progress.update event=line locals={'update_completed': '0'}
2026-08-23 04:04:17.594 /testbed/rich/progress.py:1460 rich.progress.Progress.update event=line locals={'current_time': '17.520000000000007'}
2026-08-23 04:04:17.594 /testbed/rich/progress.py:1461 rich.progress.Progress.update event=line locals={'old_sample_time': '17.270000000000007'}
2026-08-23 04:04:17.594 /testbed/rich/progress.py:1463 rich.progress.Progress.update event=line locals={}
2026-08-23 04:04:17.594 /testbed/rich/progress.py:1464 rich.progress.Progress.update event=line locals={'popleft': '<built-in method popleft of collections.deque object at 0x77f20ac6f5b0>'}
2026-08-23 04:04:17.594 /testbed/rich/progress.py:1466 rich.progress.Progress.update event=line locals={}
2026-08-23 04:04:17.594 /testbed/rich/progress.py:1469 rich.progress.Progress.update event=line locals={}
2026-08-23 04:04:17.594 /testbed/rich/progress.py:1470 rich.progress.Progress.update event=line locals={}
2026-08-23 04:04:17.594 /testbed/rich/progress.py:1471 rich.progress.Progress.update event=line locals={}
2026-08-23 04:04:17.594 /testbed/rich/progress.py:1473 rich.progress.Progress.update event=line locals={}
2026-08-23 04:04:17.594 /testbed/rich/progress.py:983 rich.progress.Task.get_time event=call locals={'self': "Task(id=0, description='ingest', total=775, completed=809, _get_time=<function TestProgressUpdateCallOrder.test_indirect_progress_via_reader_and_track.<locals>.fake_get_time at 0x77f20acd7ce0>, finished_time=None, visible=True, fields={}, finished_speed=None)"}
2026-08-23 04:04:17.594 /testbed/rich/progress.py:985 rich.progress.Task.get_time event=line locals={}
2026-08-23 04:04:17.594 /testbed/rich/progress.py:985 rich.progress.Task.get_time event=return retval=18.250000000000007 locals={'self': "Task(id=0, description='ingest', total=775, completed=809, _get_time=<function TestProgressUpdateCallOrder.test_indirect_progress_via_reader_and_track.<locals>.fake_get_time at 0x77f20acd7ce0>, finished_time=None, visible=True, fields={}, finished_speed=None)"}
2026-08-23 04:04:17.594 /testbed/rich/progress.py:1441 rich.progress.Progress.update event=line locals={'task': "Task(id=0, description='ingest', total=775, completed=809, _get_time=<function TestProgressUpdateCallOrder.test_indirect_progress_via_reader_and_track.<locals>.fake_get_time at 0x77f20acd7ce0>, finished_time=17.520000000000007, visible=True, fields={}, finished_speed=None)"}
2026-08-23 04:04:17.594 /testbed/rich/progress.py:1475 rich.progress.Progress.update event=line locals={}
2026-08-23 04:04:17.594 /testbed/rich/progress.py:1475 rich.progress.Progress.update event=return retval=None locals={'advance': 'None', 'completed': 'None', 'completed_start': '809', 'current_time': '17.520000000000007', 'description': 'None', 'fields': '{}', 'old_sample_time': '17.270000000000007', 'popleft': '<built-in method popleft of collections.deque object at 0x77f20ac6f5b0>', 'refresh': 'False', 'self': '<rich.progress.Progress object at 0x77f20acd3ad0>', 'task': "Task(id=0, description='ingest', total=775, completed=809, _get_time=<function TestProgressUpdateCallOrder.test_indirect_progress_via_reader_and_track.<locals>.fake_get_time at 0x77f20acd7ce0>, finished_time=17.520000000000007, visible=True, fields={}, finished_speed=None)", 'task_id': '0', 'total': '775', 'update_completed': '0', 'visible': 'None'}
2026-08-23 04:04:17.594 /testbed/rich/progress.py:1417 rich.progress.Progress.update event=call locals={'advance': 'None', 'completed': '923', 'description': 'None', 'fields': '{}', 'refresh': 'False', 'self': '<rich.progress.Progress object at 0x77f20acd3ad0>', 'task_id': '0', 'total': 'None', 'visible': 'None'}
2026-08-23 04:04:17.594 /testbed/rich/progress.py:1441 rich.progress.Progress.update event=line locals={}
2026-08-23 04:04:17.594 /testbed/rich/progress.py:1442 rich.progress.Progress.update event=line locals={}
2026-08-23 04:04:17.594 /testbed/rich/progress.py:1443 rich.progress.Progress.update event=line locals={'task': "Task(id=0, description='ingest', total=775, completed=809, _get_time=<function TestProgressUpdateCallOrder.test_indirect_progress_via_reader_and_track.<locals>.fake_get_time at 0x77f20acd7ce0>, finished_time=17.520000000000007, visible=True, fields={}, finished_speed=None)"}
2026-08-23 04:04:17.594 /testbed/rich/progress.py:1445 rich.progress.Progress.update event=line locals={'completed_start': '809'}
2026-08-23 04:04:17.594 /testbed/rich/progress.py:1448 rich.progress.Progress.update event=line locals={}
2026-08-23 04:04:17.594 /testbed/rich/progress.py:1450 rich.progress.Progress.update event=line locals={}
2026-08-23 04:04:17.594 /testbed/rich/progress.py:1451 rich.progress.Progress.update event=line locals={}
2026-08-23 04:04:17.594 /testbed/rich/progress.py:1452 rich.progress.Progress.update event=line locals={'task': "Task(id=0, description='ingest', total=775, completed=923, _get_time=<function TestProgressUpdateCallOrder.test_indirect_progress_via_reader_and_track.<locals>.fake_get_time at 0x77f20acd7ce0>, finished_time=17.520000000000007, visible=True, fields={}, finished_speed=None)"}
2026-08-23 04:04:17.594 /testbed/rich/progress.py:1454 rich.progress.Progress.update event=line locals={}
2026-08-23 04:04:17.594 /testbed/rich/progress.py:1456 rich.progress.Progress.update event=line locals={}
2026-08-23 04:04:17.594 /testbed/rich/progress.py:1457 rich.progress.Progress.update event=line locals={}
2026-08-23 04:04:17.594 /testbed/rich/progress.py:1459 rich.progress.Progress.update event=line locals={'update_completed': '114'}
2026-08-23 04:04:17.594 /testbed/rich/progress.py:1460 rich.progress.Progress.update event=line locals={'current_time': '18.980000000000008'}
2026-08-23 04:04:17.594 /testbed/rich/progress.py:1461 rich.progress.Progress.update event=line locals={'old_sample_time': '18.730000000000008'}
2026-08-23 04:04:17.594 /testbed/rich/progress.py:1463 rich.progress.Progress.update event=line locals={}
2026-08-23 04:04:17.594 /testbed/rich/progress.py:1464 rich.progress.Progress.update event=line locals={'popleft': '<built-in method popleft of collections.deque object at 0x77f20ac6f5b0>'}
2026-08-23 04:04:17.594 /testbed/rich/progress.py:1466 rich.progress.Progress.update event=line locals={}
2026-08-23 04:04:17.594 /testbed/rich/progress.py:1467 rich.progress.Progress.update event=line locals={}
2026-08-23 04:04:17.594 /testbed/rich/progress.py:1469 rich.progress.Progress.update event=line locals={}
2026-08-23 04:04:17.594 /testbed/rich/progress.py:1470 rich.progress.Progress.update event=line locals={}
2026-08-23 04:04:17.594 /testbed/rich/progress.py:1471 rich.progress.Progress.update event=line locals={}
2026-08-23 04:04:17.594 /testbed/rich/progress.py:1441 rich.progress.Progress.update event=line locals={}
2026-08-23 04:04:17.594 /testbed/rich/progress.py:1475 rich.progress.Progress.update event=line locals={}
2026-08-23 04:04:17.594 /testbed/rich/progress.py:1475 rich.progress.Progress.update event=return retval=None locals={'advance': 'None', 'completed': '923', 'completed_start': '809', 'current_time': '18.980000000000008', 'description': 'None', 'fields': '{}', 'old_sample_time': '18.730000000000008', 'popleft': '<built-in method popleft of collections.deque object at 0x77f20ac6f5b0>', 'refresh': 'False', 'self': '<rich.progress.Progress object at 0x77f20acd3ad0>', 'task': "Task(id=0, description='ingest', total=775, completed=923, _get_time=<function TestProgressUpdateCallOrder.test_indirect_progress_via_reader_and_track.<locals>.fake_get_time at 0x77f20acd7ce0>, finished_time=17.520000000000007, visible=True, fields={}, finished_speed=None)", 'task_id': '0', 'total': 'None', 'update_completed': '114', 'visible': 'None'}
2026-08-23 04:04:17.594 /testbed/rich/progress.py:1417 rich.progress.Progress.update event=call locals={'advance': 'None', 'completed': '1039', 'description': 'None', 'fields': '{}', 'refresh': 'False', 'self': '<rich.progress.Progress object at 0x77f20acd3ad0>', 'task_id': '0', 'total': 'None', 'visible': 'None'}
2026-08-23 04:04:17.594 /testbed/rich/progress.py:1441 rich.progress.Progress.update event=line locals={}
2026-08-23 04:04:17.594 /testbed/rich/progress.py:1442 rich.progress.Progress.update event=line locals={}
2026-08-23 04:04:17.594 /testbed/rich/progress.py:1443 rich.progress.Progress.update event=line locals={'task': "Task(id=0, description='ingest', total=775, completed=923, _get_time=<function TestProgressUpdateCallOrder.test_indirect_progress_via_reader_and_track.<locals>.fake_get_time at 0x77f20acd7ce0>, finished_time=17.520000000000007, visible=True, fields={}, finished_speed=None)"}
2026-08-23 04:04:17.594 /testbed/rich/progress.py:1445 rich.progress.Progress.update event=line locals={'completed_start': '923'}
2026-08-23 04:04:17.594 /testbed/rich/progress.py:1448 rich.progress.Progress.update event=line locals={}
2026-08-23 04:04:17.594 /testbed/rich/progress.py:1450 rich.progress.Progress.update event=line locals={}
2026-08-23 04:04:17.594 /testbed/rich/progress.py:1451 rich.progress.Progress.update event=line locals={}
2026-08-23 04:04:17.594 /testbed/rich/progress.py:1452 rich.progress.Progress.update event=line locals={'task': "Task(id=0, description='ingest', total=775, completed=1039, _get_time=<function TestProgressUpdateCallOrder.test_indirect_progress_via_reader_and_track.<locals>.fake_get_time at 0x77f20acd7ce0>, finished_time=17.520000000000007, visible=True, fields={}, finished_speed=None)"}
2026-08-23 04:04:17.594 /testbed/rich/progress.py:1454 rich.progress.Progress.update event=line locals={}
2026-08-23 04:04:17.594 /testbed/rich/progress.py:1456 rich.progress.Progress.update event=line locals={}
2026-08-23 04:04:17.594 /testbed/rich/progress.py:1457 rich.progress.Progress.update event=line locals={}
2026-08-23 04:04:17.594 /testbed/rich/progress.py:1459 rich.progress.Progress.update event=line locals={'update_completed': '116'}
2026-08-23 04:04:17.594 /testbed/rich/progress.py:1460 rich.progress.Progress.update event=line locals={'current_time': '19.710000000000008'}
2026-08-23 04:04:17.594 /testbed/rich/progress.py:1461 rich.progress.Progress.update event=line locals={'old_sample_time': '19.460000000000008'}
2026-08-23 04:04:17.594 /testbed/rich/progress.py:1463 rich.progress.Progress.update event=line locals={}
2026-08-23 04:04:17.594 /testbed/rich/progress.py:1464 rich.progress.Progress.update event=line locals={'popleft': '<built-in method popleft of collections.deque object at 0x77f20ac6f5b0>'}
2026-08-23 04:04:17.594 /testbed/rich/progress.py:1465 rich.progress.Progress.update event=line locals={}
2026-08-23 04:04:17.594 /testbed/rich/progress.py:1464 rich.progress.Progress.update event=line locals={}
2026-08-23 04:04:17.594 /testbed/rich/progress.py:1466 rich.progress.Progress.update event=line locals={}
2026-08-23 04:04:17.594 /testbed/rich/progress.py:1467 rich.progress.Progress.update event=line locals={}
2026-08-23 04:04:17.594 /testbed/rich/progress.py:1469 rich.progress.Progress.update event=line locals={}
2026-08-23 04:04:17.594 /testbed/rich/progress.py:1470 rich.progress.Progress.update event=line locals={}
2026-08-23 04:04:17.594 /testbed/rich/progress.py:1471 rich.progress.Progress.update event=line locals={}
2026-08-23 04:04:17.594 /testbed/rich/progress.py:1441 rich.progress.Progress.update event=line locals={}
2026-08-23 04:04:17.595 /testbed/rich/progress.py:1475 rich.progress.Progress.update event=line locals={}
2026-08-23 04:04:17.595 /testbed/rich/progress.py:1475 rich.progress.Progress.update event=return retval=None locals={'advance': 'None', 'completed': '1039', 'completed_start': '923', 'current_time': '19.710000000000008', 'description': 'None', 'fields': '{}', 'old_sample_time': '19.460000000000008', 'popleft': '<built-in method popleft of collections.deque object at 0x77f20ac6f5b0>', 'refresh': 'False', 'self': '<rich.progress.Progress object at 0x77f20acd3ad0>', 'task': "Task(id=0, description='ingest', total=775, completed=1039, _get_time=<function TestProgressUpdateCallOrder.test_indirect_progress_via_reader_and_track.<locals>.fake_get_time at 0x77f20acd7ce0>, finished_time=17.520000000000007, visible=True, fields={}, finished_speed=None)", 'task_id': '0', 'total': 'None', 'update_completed': '116', 'visible': 'None'}
2026-08-23 04:04:17.595 /testbed/rich/progress.py:1417 rich.progress.Progress.update event=call locals={'advance': 'None', 'completed': '1160', 'description': 'None', 'fields': '{}', 'refresh': 'False', 'self': '<rich.progress.Progress object at 0x77f20acd3ad0>', 'task_id': '0', 'total': 'None', 'visible': 'None'}
2026-08-23 04:04:17.595 /testbed/rich/progress.py:1441 rich.progress.Progress.update event=line locals={}
2026-08-23 04:04:17.595 /testbed/rich/progress.py:1442 rich.progress.Progress.update event=line locals={}
2026-08-23 04:04:17.595 /testbed/rich/progress.py:1443 rich.progress.Progress.update event=line locals={'task': "Task(id=0, description='ingest', total=775, completed=1039, _get_time=<function TestProgressUpdateCallOrder.test_indirect_progress_via_reader_and_track.<locals>.fake_get_time at 0x77f20acd7ce0>, finished_time=17.520000000000007, visible=True, fields={}, finished_speed=None)"}
2026-08-23 04:04:17.595 /testbed/rich/progress.py:1445 rich.progress.Progress.update event=line locals={'completed_start': '1039'}
2026-08-23 04:04:17.595 /testbed/rich/progress.py:1448 rich.progress.Progress.update event=line locals={}
2026-08-23 04:04:17.595 /testbed/rich/progress.py:1450 rich.progress.Progress.update event=line locals={}
2026-08-23 04:04:17.595 /testbed/rich/progress.py:1451 rich.progress.Progress.update event=line locals={}
2026-08-23 04:04:17.595 /testbed/rich/progress.py:1452 rich.progress.Progress.update event=line locals={'task': "Task(id=0, description='ingest', total=775, completed=1160, _get_time=<function TestProgressUpdateCallOrder.test_indirect_progress_via_reader_and_track.<locals>.fake_get_time at 0x77f20acd7ce0>, finished_time=17.520000000000007, visible=True, fields={}, finished_speed=None)"}
2026-08-23 04:04:17.595 /testbed/rich/progress.py:1454 rich.progress.Progress.update event=line locals={}
2026-08-23 04:04:17.595 /testbed/rich/progress.py:1456 rich.progress.Progress.update event=line locals={}
2026-08-23 04:04:17.595 /testbed/rich/progress.py:1457 rich.progress.Progress.update event=line locals={}
2026-08-23 04:04:17.595 /testbed/rich/progress.py:1459 rich.progress.Progress.update event=line locals={'update_completed': '121'}
2026-08-23 04:04:17.595 /testbed/rich/progress.py:1460 rich.progress.Progress.update event=line locals={'current_time': '20.44000000000001'}
2026-08-23 04:04:17.595 /testbed/rich/progress.py:1461 rich.progress.Progress.update event=line locals={'old_sample_time': '20.19000000000001'}
2026-08-23 04:04:17.595 /testbed/rich/progress.py:1463 rich.progress.Progress.update event=line locals={}
2026-08-23 04:04:17.595 /testbed/rich/progress.py:1464 rich.progress.Progress.update event=line locals={'popleft': '<built-in method popleft of collections.deque object at 0x77f20ac6f5b0>'}
2026-08-23 04:04:17.595 /testbed/rich/progress.py:1465 rich.progress.Progress.update event=line locals={}
2026-08-23 04:04:17.595 /testbed/rich/progress.py:1464 rich.progress.Progress.update event=line locals={}
2026-08-23 04:04:17.595 /testbed/rich/progress.py:1466 rich.progress.Progress.update event=line locals={}
2026-08-23 04:04:17.595 /testbed/rich/progress.py:1467 rich.progress.Progress.update event=line locals={}
2026-08-23 04:04:17.595 /testbed/rich/progress.py:1469 rich.progress.Progress.update event=line locals={}
2026-08-23 04:04:17.595 /testbed/rich/progress.py:1470 rich.progress.Progress.update event=line locals={}
2026-08-23 04:04:17.595 /testbed/rich/progress.py:1471 rich.progress.Progress.update event=line locals={}
2026-08-23 04:04:17.595 /testbed/rich/progress.py:1441 rich.progress.Progress.update event=line locals={}
2026-08-23 04:04:17.595 /testbed/rich/progress.py:1475 rich.progress.Progress.update event=line locals={}
2026-08-23 04:04:17.595 /testbed/rich/progress.py:1475 rich.progress.Progress.update event=return retval=None locals={'advance': 'None', 'completed': '1160', 'completed_start': '1039', 'current_time': '20.44000000000001', 'description': 'None', 'fields': '{}', 'old_sample_time': '20.19000000000001', 'popleft': '<built-in method popleft of collections.deque object at 0x77f20ac6f5b0>', 'refresh': 'False', 'self': '<rich.progress.Progress object at 0x77f20acd3ad0>', 'task': "Task(id=0, description='ingest', total=775, completed=1160, _get_time=<function TestProgressUpdateCallOrder.test_indirect_progress_via_reader_and_track.<locals>.fake_get_time at 0x77f20acd7ce0>, finished_time=17.520000000000007, visible=True, fields={}, finished_speed=None)", 'task_id': '0', 'total': 'None', 'update_completed': '121', 'visible': 'None'}
2026-08-23 04:04:17.595 /testbed/rich/progress.py:1417 rich.progress.Progress.update event=call locals={'advance': 'None', 'completed': '1288', 'description': 'None', 'fields': '{}', 'refresh': 'False', 'self': '<rich.progress.Progress object at 0x77f20acd3ad0>', 'task_id': '0', 'total': 'None', 'visible': 'None'}
2026-08-23 04:04:17.595 /testbed/rich/progress.py:1441 rich.progress.Progress.update event=line locals={}
2026-08-23 04:04:17.595 /testbed/rich/progress.py:1442 rich.progress.Progress.update event=line locals={}
2026-08-23 04:04:17.595 /testbed/rich/progress.py:1443 rich.progress.Progress.update event=line locals={'task': "Task(id=0, description='ingest', total=775, completed=1160, _get_time=<function TestProgressUpdateCallOrder.test_indirect_progress_via_reader_and_track.<locals>.fake_get_time at 0x77f20acd7ce0>, finished_time=17.520000000000007, visible=True, fields={}, finished_speed=None)"}
2026-08-23 04:04:17.595 /testbed/rich/progress.py:1445 rich.progress.Progress.update event=line locals={'completed_start': '1160'}
2026-08-23 04:04:17.595 /testbed/rich/progress.py:1448 rich.progress.Progress.update event=line locals={}
2026-08-23 04:04:17.595 /testbed/rich/progress.py:1450 rich.progress.Progress.update event=line locals={}
2026-08-23 04:04:17.595 /testbed/rich/progress.py:1451 rich.progress.Progress.update event=line locals={}
2026-08-23 04:04:17.595 /testbed/rich/progress.py:1452 rich.progress.Progress.update event=line locals={'task': "Task(id=0, description='ingest', total=775, completed=1288, _get_time=<function TestProgressUpdateCallOrder.test_indirect_progress_via_reader_and_track.<locals>.fake_get_time at 0x77f20acd7ce0>, finished_time=17.520000000000007, visible=True, fields={}, finished_speed=None)"}
2026-08-23 04:04:17.595 /testbed/rich/progress.py:1454 rich.progress.Progress.update event=line locals={}
2026-08-23 04:04:17.595 /testbed/rich/progress.py:1456 rich.progress.Progress.update event=line locals={}
2026-08-23 04:04:17.595 /testbed/rich/progress.py:1457 rich.progress.Progress.update event=line locals={}
2026-08-23 04:04:17.595 /testbed/rich/progress.py:1459 rich.progress.Progress.update event=line locals={'update_completed': '128'}
2026-08-23 04:04:17.595 /testbed/rich/progress.py:1460 rich.progress.Progress.update event=line locals={'current_time': '21.17000000000001'}
2026-08-23 04:04:17.595 /testbed/rich/progress.py:1461 rich.progress.Progress.update event=line locals={'old_sample_time': '20.92000000000001'}
2026-08-23 04:04:17.595 /testbed/rich/progress.py:1463 rich.progress.Progress.update event=line locals={}
2026-08-23 04:04:17.595 /testbed/rich/progress.py:1464 rich.progress.Progress.update event=line locals={'popleft': '<built-in method popleft of collections.deque object at 0x77f20ac6f5b0>'}
2026-08-23 04:04:17.595 /testbed/rich/progress.py:1465 rich.progress.Progress.update event=line locals={}
2026-08-23 04:04:17.595 /testbed/rich/progress.py:1464 rich.progress.Progress.update event=line locals={}
2026-08-23 04:04:17.595 /testbed/rich/progress.py:1466 rich.progress.Progress.update event=line locals={}
2026-08-23 04:04:17.595 /testbed/rich/progress.py:1467 rich.progress.Progress.update event=line locals={}
2026-08-23 04:04:17.595 /testbed/rich/progress.py:1469 rich.progress.Progress.update event=line locals={}
2026-08-23 04:04:17.595 /testbed/rich/progress.py:1470 rich.progress.Progress.update event=line locals={}
2026-08-23 04:04:17.595 /testbed/rich/progress.py:1471 rich.progress.Progress.update event=line locals={}
2026-08-23 04:04:17.595 /testbed/rich/progress.py:1441 rich.progress.Progress.update event=line locals={}
2026-08-23 04:04:17.595 /testbed/rich/progress.py:1475 rich.progress.Progress.update event=line locals={}
2026-08-23 04:04:17.595 /testbed/rich/progress.py:1475 rich.progress.Progress.update event=return retval=None locals={'advance': 'None', 'completed': '1288', 'completed_start': '1160', 'current_time': '21.17000000000001', 'description': 'None', 'fields': '{}', 'old_sample_time': '20.92000000000001', 'popleft': '<built-in method popleft of collections.deque object at 0x77f20ac6f5b0>', 'refresh': 'False', 'self': '<rich.progress.Progress object at 0x77f20acd3ad0>', 'task': "Task(id=0, description='ingest', total=775, completed=1288, _get_time=<function TestProgressUpdateCallOrder.test_indirect_progress_via_reader_and_track.<locals>.fake_get_time at 0x77f20acd7ce0>, finished_time=17.520000000000007, visible=True, fields={}, finished_speed=None)", 'task_id': '0', 'total': 'None', 'update_completed': '128', 'visible': 'None'}
2026-08-23 04:04:17.595 /testbed/rich/progress.py:1417 rich.progress.Progress.update event=call locals={'advance': 'None', 'completed': '1415', 'description': 'None', 'fields': '{}', 'refresh': 'False', 'self': '<rich.progress.Progress object at 0x77f20acd3ad0>', 'task_id': '0', 'total': 'None', 'visible': 'None'}
2026-08-23 04:04:17.595 /testbed/rich/progress.py:1441 rich.progress.Progress.update event=line locals={}
2026-08-23 04:04:17.595 /testbed/rich/progress.py:1442 rich.progress.Progress.update event=line locals={}
2026-08-23 04:04:17.595 /testbed/rich/progress.py:1443 rich.progress.Progress.update event=line locals={'task': "Task(id=0, description='ingest', total=775, completed=1288, _get_time=<function TestProgressUpdateCallOrder.test_indirect_progress_via_reader_and_track.<locals>.fake_get_time at 0x77f20acd7ce0>, finished_time=17.520000000000007, visible=True, fields={}, finished_speed=None)"}
2026-08-23 04:04:17.595 /testbed/rich/progress.py:1445 rich.progress.Progress.update event=line locals={'completed_start': '1288'}
2026-08-23 04:04:17.595 /testbed/rich/progress.py:1448 rich.progress.Progress.update event=line locals={}
2026-08-23 04:04:17.595 /testbed/rich/progress.py:1450 rich.progress.Progress.update event=line locals={}
2026-08-23 04:04:17.595 /testbed/rich/progress.py:1451 rich.progress.Progress.update event=line locals={}
2026-08-23 04:04:17.595 /testbed/rich/progress.py:1452 rich.progress.Progress.update event=line locals={'task': "Task(id=0, description='ingest', total=775, completed=1415, _get_time=<function TestProgressUpdateCallOrder.test_indirect_progress_via_reader_and_track.<locals>.fake_get_time at 0x77f20acd7ce0>, finished_time=17.520000000000007, visible=True, fields={}, finished_speed=None)"}
2026-08-23 04:04:17.595 /testbed/rich/progress.py:1454 rich.progress.Progress.update event=line locals={}
2026-08-23 04:04:17.595 /testbed/rich/progress.py:1456 rich.progress.Progress.update event=line locals={}
2026-08-23 04:04:17.595 /testbed/rich/progress.py:1457 rich.progress.Progress.update event=line locals={}
2026-08-23 04:04:17.595 /testbed/rich/progress.py:1459 rich.progress.Progress.update event=line locals={'update_completed': '127'}
2026-08-23 04:04:17.595 /testbed/rich/progress.py:1460 rich.progress.Progress.update event=line locals={'current_time': '21.90000000000001'}
2026-08-23 04:04:17.595 /testbed/rich/progress.py:1461 rich.progress.Progress.update event=line locals={'old_sample_time': '21.65000000000001'}
2026-08-23 04:04:17.595 /testbed/rich/progress.py:1463 rich.progress.Progress.update event=line locals={}
2026-08-23 04:04:17.595 /testbed/rich/progress.py:1464 rich.progress.Progress.update event=line locals={'popleft': '<built-in method popleft of collections.deque object at 0x77f20ac6f5b0>'}
2026-08-23 04:04:17.595 /testbed/rich/progress.py:1465 rich.progress.Progress.update event=line locals={}
2026-08-23 04:04:17.595 /testbed/rich/progress.py:1464 rich.progress.Progress.update event=line locals={}
2026-08-23 04:04:17.595 /testbed/rich/progress.py:1466 rich.progress.Progress.update event=line locals={}
2026-08-23 04:04:17.595 /testbed/rich/progress.py:1467 rich.progress.Progress.update event=line locals={}
2026-08-23 04:04:17.596 /testbed/rich/progress.py:1469 rich.progress.Progress.update event=line locals={}
2026-08-23 04:04:17.596 /testbed/rich/progress.py:1470 rich.progress.Progress.update event=line locals={}
2026-08-23 04:04:17.596 /testbed/rich/progress.py:1471 rich.progress.Progress.update event=line locals={}
2026-08-23 04:04:17.596 /testbed/rich/progress.py:1441 rich.progress.Progress.update event=line locals={}
2026-08-23 04:04:17.596 /testbed/rich/progress.py:1475 rich.progress.Progress.update event=line locals={}
2026-08-23 04:04:17.596 /testbed/rich/progress.py:1475 rich.progress.Progress.update event=return retval=None locals={'advance': 'None', 'completed': '1415', 'completed_start': '1288', 'current_time': '21.90000000000001', 'description': 'None', 'fields': '{}', 'old_sample_time': '21.65000000000001', 'popleft': '<built-in method popleft of collections.deque object at 0x77f20ac6f5b0>', 'refresh': 'False', 'self': '<rich.progress.Progress object at 0x77f20acd3ad0>', 'task': "Task(id=0, description='ingest', total=775, completed=1415, _get_time=<function TestProgressUpdateCallOrder.test_indirect_progress_via_reader_and_track.<locals>.fake_get_time at 0x77f20acd7ce0>, finished_time=17.520000000000007, visible=True, fields={}, finished_speed=None)", 'task_id': '0', 'total': 'None', 'update_completed': '127', 'visible': 'None'}
2026-08-23 04:04:17.596 /testbed/rich/progress.py:1417 rich.progress.Progress.update event=call locals={'advance': 'None', 'completed': '1562', 'description': 'None', 'fields': '{}', 'refresh': 'False', 'self': '<rich.progress.Progress object at 0x77f20acd3ad0>', 'task_id': '0', 'total': 'None', 'visible': 'None'}
2026-08-23 04:04:17.596 /testbed/rich/progress.py:1441 rich.progress.Progress.update event=line locals={}
2026-08-23 04:04:17.596 /testbed/rich/progress.py:1442 rich.progress.Progress.update event=line locals={}
2026-08-23 04:04:17.596 /testbed/rich/progress.py:1443 rich.progress.Progress.update event=line locals={'task': "Task(id=0, description='ingest', total=775, completed=1415, _get_time=<function TestProgressUpdateCallOrder.test_indirect_progress_via_reader_and_track.<locals>.fake_get_time at 0x77f20acd7ce0>, finished_time=17.520000000000007, visible=True, fields={}, finished_speed=None)"}
2026-08-23 04:04:17.596 /testbed/rich/progress.py:1445 rich.progress.Progress.update event=line locals={'completed_start': '1415'}
2026-08-23 04:04:17.596 /testbed/rich/progress.py:1448 rich.progress.Progress.update event=line locals={}
2026-08-23 04:04:17.596 /testbed/rich/progress.py:1450 rich.progress.Progress.update event=line locals={}
2026-08-23 04:04:17.596 /testbed/rich/progress.py:1451 rich.progress.Progress.update event=line locals={}
2026-08-23 04:04:17.596 /testbed/rich/progress.py:1452 rich.progress.Progress.update event=line locals={'task': "Task(id=0, description='ingest', total=775, completed=1562, _get_time=<function TestProgressUpdateCallOrder.test_indirect_progress_via_reader_and_track.<locals>.fake_get_time at 0x77f20acd7ce0>, finished_time=17.520000000000007, visible=True, fields={}, finished_speed=None)"}
2026-08-23 04:04:17.596 /testbed/rich/progress.py:1454 rich.progress.Progress.update event=line locals={}
2026-08-23 04:04:17.596 /testbed/rich/progress.py:1456 rich.progress.Progress.update event=line locals={}
2026-08-23 04:04:17.596 /testbed/rich/progress.py:1457 rich.progress.Progress.update event=line locals={}
2026-08-23 04:04:17.596 /testbed/rich/progress.py:1459 rich.progress.Progress.update event=line locals={'update_completed': '147'}
2026-08-23 04:04:17.596 /testbed/rich/progress.py:1460 rich.progress.Progress.update event=line locals={'current_time': '22.63000000000001'}
2026-08-23 04:04:17.596 /testbed/rich/progress.py:1461 rich.progress.Progress.update event=line locals={'old_sample_time': '22.38000000000001'}
2026-08-23 04:04:17.596 /testbed/rich/progress.py:1463 rich.progress.Progress.update event=line locals={}
2026-08-23 04:04:17.596 /testbed/rich/progress.py:1464 rich.progress.Progress.update event=line locals={'popleft': '<built-in method popleft of collections.deque object at 0x77f20ac6f5b0>'}
2026-08-23 04:04:17.596 /testbed/rich/progress.py:1465 rich.progress.Progress.update event=line locals={}
2026-08-23 04:04:17.596 /testbed/rich/progress.py:1464 rich.progress.Progress.update event=line locals={}
2026-08-23 04:04:17.596 /testbed/rich/progress.py:1466 rich.progress.Progress.update event=line locals={}
2026-08-23 04:04:17.596 /testbed/rich/progress.py:1467 rich.progress.Progress.update event=line locals={}
2026-08-23 04:04:17.596 /testbed/rich/progress.py:1469 rich.progress.Progress.update event=line locals={}
2026-08-23 04:04:17.596 /testbed/rich/progress.py:1470 rich.progress.Progress.update event=line locals={}
2026-08-23 04:04:17.596 /testbed/rich/progress.py:1471 rich.progress.Progress.update event=line locals={}
2026-08-23 04:04:17.596 /testbed/rich/progress.py:1441 rich.progress.Progress.update event=line locals={}
2026-08-23 04:04:17.596 /testbed/rich/progress.py:1475 rich.progress.Progress.update event=line locals={}
2026-08-23 04:04:17.596 /testbed/rich/progress.py:1475 rich.progress.Progress.update event=return retval=None locals={'advance': 'None', 'completed': '1562', 'completed_start': '1415', 'current_time': '22.63000000000001', 'description': 'None', 'fields': '{}', 'old_sample_time': '22.38000000000001', 'popleft': '<built-in method popleft of collections.deque object at 0x77f20ac6f5b0>', 'refresh': 'False', 'self': '<rich.progress.Progress object at 0x77f20acd3ad0>', 'task': "Task(id=0, description='ingest', total=775, completed=1562, _get_time=<function TestProgressUpdateCallOrder.test_indirect_progress_via_reader_and_track.<locals>.fake_get_time at 0x77f20acd7ce0>, finished_time=17.520000000000007, visible=True, fields={}, finished_speed=None)", 'task_id': '0', 'total': 'None', 'update_completed': '147', 'visible': 'None'}
2026-08-23 04:04:17.596 /testbed/rich/progress.py:1417 rich.progress.Progress.update event=call locals={'advance': 'None', 'completed': '1711', 'description': 'None', 'fields': '{}', 'refresh': 'False', 'self': '<rich.progress.Progress object at 0x77f20acd3ad0>', 'task_id': '0', 'total': 'None', 'visible': 'None'}
2026-08-23 04:04:17.596 /testbed/rich/progress.py:1441 rich.progress.Progress.update event=line locals={}
2026-08-23 04:04:17.596 /testbed/rich/progress.py:1442 rich.progress.Progress.update event=line locals={}
2026-08-23 04:04:17.596 /testbed/rich/progress.py:1443 rich.progress.Progress.update event=line locals={'task': "Task(id=0, description='ingest', total=775, completed=1562, _get_time=<function TestProgressUpdateCallOrder.test_indirect_progress_via_reader_and_track.<locals>.fake_get_time at 0x77f20acd7ce0>, finished_time=17.520000000000007, visible=True, fields={}, finished_speed=None)"}
2026-08-23 04:04:17.596 /testbed/rich/progress.py:1445 rich.progress.Progress.update event=line locals={'completed_start': '1562'}
2026-08-23 04:04:17.596 /testbed/rich/progress.py:1448 rich.progress.Progress.update event=line locals={}
2026-08-23 04:04:17.596 /testbed/rich/progress.py:1450 rich.progress.Progress.update event=line locals={}
2026-08-23 04:04:17.596 /testbed/rich/progress.py:1451 rich.progress.Progress.update event=line locals={}
2026-08-23 04:04:17.596 /testbed/rich/progress.py:1452 rich.progress.Progress.update event=line locals={'task': "Task(id=0, description='ingest', total=775, completed=1711, _get_time=<function TestProgressUpdateCallOrder.test_indirect_progress_via_reader_and_track.<locals>.fake_get_time at 0x77f20acd7ce0>, finished_time=17.520000000000007, visible=True, fields={}, finished_speed=None)"}
2026-08-23 04:04:17.596 /testbed/rich/progress.py:1454 rich.progress.Progress.update event=line locals={}
2026-08-23 04:04:17.596 /testbed/rich/progress.py:1456 rich.progress.Progress.update event=line locals={}
2026-08-23 04:04:17.596 /testbed/rich/progress.py:1457 rich.progress.Progress.update event=line locals={}
2026-08-23 04:04:17.596 /testbed/rich/progress.py:1459 rich.progress.Progress.update event=line locals={'update_completed': '149'}
2026-08-23 04:04:17.596 /testbed/rich/progress.py:1460 rich.progress.Progress.update event=line locals={'current_time': '23.36000000000001'}
2026-08-23 04:04:17.596 /testbed/rich/progress.py:1461 rich.progress.Progress.update event=line locals={'old_sample_time': '23.11000000000001'}
2026-08-23 04:04:17.596 /testbed/rich/progress.py:1463 rich.progress.Progress.update event=line locals={}
2026-08-23 04:04:17.596 /testbed/rich/progress.py:1464 rich.progress.Progress.update event=line locals={'popleft': '<built-in method popleft of collections.deque object at 0x77f20ac6f5b0>'}
2026-08-23 04:04:17.596 /testbed/rich/progress.py:1465 rich.progress.Progress.update event=line locals={}
2026-08-23 04:04:17.596 /testbed/rich/progress.py:1464 rich.progress.Progress.update event=line locals={}
2026-08-23 04:04:17.596 /testbed/rich/progress.py:1466 rich.progress.Progress.update event=line locals={}
2026-08-23 04:04:17.596 /testbed/rich/progress.py:1467 rich.progress.Progress.update event=line locals={}
2026-08-23 04:04:17.596 /testbed/rich/progress.py:1469 rich.progress.Progress.update event=line locals={}
2026-08-23 04:04:17.596 /testbed/rich/progress.py:1470 rich.progress.Progress.update event=line locals={}
2026-08-23 04:04:17.596 /testbed/rich/progress.py:1471 rich.progress.Progress.update event=line locals={}
2026-08-23 04:04:17.596 /testbed/rich/progress.py:1441 rich.progress.Progress.update event=line locals={}
2026-08-23 04:04:17.596 /testbed/rich/progress.py:1475 rich.progress.Progress.update event=line locals={}
2026-08-23 04:04:17.596 /testbed/rich/progress.py:1475 rich.progress.Progress.update event=return retval=None locals={'advance': 'None', 'completed': '1711', 'completed_start': '1562', 'current_time': '23.36000000000001', 'description': 'None', 'fields': '{}', 'old_sample_time': '23.11000000000001', 'popleft': '<built-in method popleft of collections.deque object at 0x77f20ac6f5b0>', 'refresh': 'False', 'self': '<rich.progress.Progress object at 0x77f20acd3ad0>', 'task': "Task(id=0, description='ingest', total=775, completed=1711, _get_time=<function TestProgressUpdateCallOrder.test_indirect_progress_via_reader_and_track.<locals>.fake_get_time at 0x77f20acd7ce0>, finished_time=17.520000000000007, visible=True, fields={}, finished_speed=None)", 'task_id': '0', 'total': 'None', 'update_completed': '149', 'visible': 'None'}
2026-08-23 04:04:17.596 /testbed/rich/progress.py:1417 rich.progress.Progress.update event=call locals={'advance': 'None', 'completed': '1873', 'description': 'None', 'fields': '{}', 'refresh': 'False', 'self': '<rich.progress.Progress object at 0x77f20acd3ad0>', 'task_id': '0', 'total': 'None', 'visible': 'None'}
2026-08-23 04:04:17.596 /testbed/rich/progress.py:1441 rich.progress.Progress.update event=line locals={}
2026-08-23 04:04:17.596 /testbed/rich/progress.py:1442 rich.progress.Progress.update event=line locals={}
2026-08-23 04:04:17.596 /testbed/rich/progress.py:1443 rich.progress.Progress.update event=line locals={'task': "Task(id=0, description='ingest', total=775, completed=1711, _get_time=<function TestProgressUpdateCallOrder.test_indirect_progress_via_reader_and_track.<locals>.fake_get_time at 0x77f20acd7ce0>, finished_time=17.520000000000007, visible=True, fields={}, finished_speed=None)"}
2026-08-23 04:04:17.596 /testbed/rich/progress.py:1445 rich.progress.Progress.update event=line locals={'completed_start': '1711'}
2026-08-23 04:04:17.596 /testbed/rich/progress.py:1448 rich.progress.Progress.update event=line locals={}
2026-08-23 04:04:17.596 /testbed/rich/progress.py:1450 rich.progress.Progress.update event=line locals={}
2026-08-23 04:04:17.596 /testbed/rich/progress.py:1451 rich.progress.Progress.update event=line locals={}
2026-08-23 04:04:17.596 /testbed/rich/progress.py:1452 rich.progress.Progress.update event=line locals={'task': "Task(id=0, description='ingest', total=775, completed=1873, _get_time=<function TestProgressUpdateCallOrder.test_indirect_progress_via_reader_and_track.<locals>.fake_get_time at 0x77f20acd7ce0>, finished_time=17.520000000000007, visible=True, fields={}, finished_speed=None)"}
2026-08-23 04:04:17.596 /testbed/rich/progress.py:1454 rich.progress.Progress.update event=line locals={}
2026-08-23 04:04:17.596 /testbed/rich/progress.py:1456 rich.progress.Progress.update event=line locals={}
2026-08-23 04:04:17.596 /testbed/rich/progress.py:1457 rich.progress.Progress.update event=line locals={}
2026-08-23 04:04:17.596 /testbed/rich/progress.py:1459 rich.progress.Progress.update event=line locals={'update_completed': '162'}
2026-08-23 04:04:17.596 /testbed/rich/progress.py:1460 rich.progress.Progress.update event=line locals={'current_time': '24.09000000000001'}
2026-08-23 04:04:17.596 /testbed/rich/progress.py:1461 rich.progress.Progress.update event=line locals={'old_sample_time': '23.84000000000001'}
2026-08-23 04:04:17.597 /testbed/rich/progress.py:1463 rich.progress.Progress.update event=line locals={}
2026-08-23 04:04:17.597 /testbed/rich/progress.py:1464 rich.progress.Progress.update event=line locals={'popleft': '<built-in method popleft of collections.deque object at 0x77f20ac6f5b0>'}
2026-08-23 04:04:17.597 /testbed/rich/progress.py:1465 rich.progress.Progress.update event=line locals={}
2026-08-23 04:04:17.597 /testbed/rich/progress.py:1464 rich.progress.Progress.update event=line locals={}
2026-08-23 04:04:17.597 /testbed/rich/progress.py:1466 rich.progress.Progress.update event=line locals={}
2026-08-23 04:04:17.597 /testbed/rich/progress.py:1467 rich.progress.Progress.update event=line locals={}
2026-08-23 04:04:17.597 /testbed/rich/progress.py:1469 rich.progress.Progress.update event=line locals={}
2026-08-23 04:04:17.597 /testbed/rich/progress.py:1470 rich.progress.Progress.update event=line locals={}
2026-08-23 04:04:17.597 /testbed/rich/progress.py:1471 rich.progress.Progress.update event=line locals={}
2026-08-23 04:04:17.597 /testbed/rich/progress.py:1441 rich.progress.Progress.update event=line locals={}
2026-08-23 04:04:17.597 /testbed/rich/progress.py:1475 rich.progress.Progress.update event=line locals={}
2026-08-23 04:04:17.597 /testbed/rich/progress.py:1475 rich.progress.Progress.update event=return retval=None locals={'advance': 'None', 'completed': '1873', 'completed_start': '1711', 'current_time': '24.09000000000001', 'description': 'None', 'fields': '{}', 'old_sample_time': '23.84000000000001', 'popleft': '<built-in method popleft of collections.deque object at 0x77f20ac6f5b0>', 'refresh': 'False', 'self': '<rich.progress.Progress object at 0x77f20acd3ad0>', 'task': "Task(id=0, description='ingest', total=775, completed=1873, _get_time=<function TestProgressUpdateCallOrder.test_indirect_progress_via_reader_and_track.<locals>.fake_get_time at 0x77f20acd7ce0>, finished_time=17.520000000000007, visible=True, fields={}, finished_speed=None)", 'task_id': '0', 'total': 'None', 'update_completed': '162', 'visible': 'None'}
2026-08-23 04:04:17.597 /testbed/rich/progress.py:1417 rich.progress.Progress.update event=call locals={'advance': 'None', 'completed': '2037', 'description': 'None', 'fields': '{}', 'refresh': 'False', 'self': '<rich.progress.Progress object at 0x77f20acd3ad0>', 'task_id': '0', 'total': 'None', 'visible': 'None'}
2026-08-23 04:04:17.597 /testbed/rich/progress.py:1441 rich.progress.Progress.update event=line locals={}
2026-08-23 04:04:17.597 /testbed/rich/progress.py:1442 rich.progress.Progress.update event=line locals={}
2026-08-23 04:04:17.597 /testbed/rich/progress.py:1443 rich.progress.Progress.update event=line locals={'task': "Task(id=0, description='ingest', total=775, completed=1873, _get_time=<function TestProgressUpdateCallOrder.test_indirect_progress_via_reader_and_track.<locals>.fake_get_time at 0x77f20acd7ce0>, finished_time=17.520000000000007, visible=True, fields={}, finished_speed=None)"}
2026-08-23 04:04:17.597 /testbed/rich/progress.py:1445 rich.progress.Progress.update event=line locals={'completed_start': '1873'}
2026-08-23 04:04:17.597 /testbed/rich/progress.py:1448 rich.progress.Progress.update event=line locals={}
2026-08-23 04:04:17.597 /testbed/rich/progress.py:1450 rich.progress.Progress.update event=line locals={}
2026-08-23 04:04:17.597 /testbed/rich/progress.py:1451 rich.progress.Progress.update event=line locals={}
2026-08-23 04:04:17.597 /testbed/rich/progress.py:1452 rich.progress.Progress.update event=line locals={'task': "Task(id=0, description='ingest', total=775, completed=2037, _get_time=<function TestProgressUpdateCallOrder.test_indirect_progress_via_reader_and_track.<locals>.fake_get_time at 0x77f20acd7ce0>, finished_time=17.520000000000007, visible=True, fields={}, finished_speed=None)"}
2026-08-23 04:04:17.597 /testbed/rich/progress.py:1454 rich.progress.Progress.update event=line locals={}
2026-08-23 04:04:17.597 /testbed/rich/progress.py:1456 rich.progress.Progress.update event=line locals={}
2026-08-23 04:04:17.597 /testbed/rich/progress.py:1457 rich.progress.Progress.update event=line locals={}
2026-08-23 04:04:17.597 /testbed/rich/progress.py:1459 rich.progress.Progress.update event=line locals={'update_completed': '164'}
2026-08-23 04:04:17.597 /testbed/rich/progress.py:1460 rich.progress.Progress.update event=line locals={'current_time': '24.82000000000001'}
2026-08-23 04:04:17.597 /testbed/rich/progress.py:1461 rich.progress.Progress.update event=line locals={'old_sample_time': '24.57000000000001'}
2026-08-23 04:04:17.597 /testbed/rich/progress.py:1463 rich.progress.Progress.update event=line locals={}
2026-08-23 04:04:17.597 /testbed/rich/progress.py:1464 rich.progress.Progress.update event=line locals={'popleft': '<built-in method popleft of collections.deque object at 0x77f20ac6f5b0>'}
2026-08-23 04:04:17.597 /testbed/rich/progress.py:1465 rich.progress.Progress.update event=line locals={}
2026-08-23 04:04:17.597 /testbed/rich/progress.py:1464 rich.progress.Progress.update event=line locals={}
2026-08-23 04:04:17.597 /testbed/rich/progress.py:1466 rich.progress.Progress.update event=line locals={}
2026-08-23 04:04:17.597 /testbed/rich/progress.py:1467 rich.progress.Progress.update event=line locals={}
2026-08-23 04:04:17.597 /testbed/rich/progress.py:1469 rich.progress.Progress.update event=line locals={}
2026-08-23 04:04:17.597 /testbed/rich/progress.py:1470 rich.progress.Progress.update event=line locals={}
2026-08-23 04:04:17.597 /testbed/rich/progress.py:1471 rich.progress.Progress.update event=line locals={}
2026-08-23 04:04:17.597 /testbed/rich/progress.py:1441 rich.progress.Progress.update event=line locals={}
2026-08-23 04:04:17.597 /testbed/rich/progress.py:1475 rich.progress.Progress.update event=line locals={}
2026-08-23 04:04:17.597 /testbed/rich/progress.py:1475 rich.progress.Progress.update event=return retval=None locals={'advance': 'None', 'completed': '2037', 'completed_start': '1873', 'current_time': '24.82000000000001', 'description': 'None', 'fields': '{}', 'old_sample_time': '24.57000000000001', 'popleft': '<built-in method popleft of collections.deque object at 0x77f20ac6f5b0>', 'refresh': 'False', 'self': '<rich.progress.Progress object at 0x77f20acd3ad0>', 'task': "Task(id=0, description='ingest', total=775, completed=2037, _get_time=<function TestProgressUpdateCallOrder.test_indirect_progress_via_reader_and_track.<locals>.fake_get_time at 0x77f20acd7ce0>, finished_time=17.520000000000007, visible=True, fields={}, finished_speed=None)", 'task_id': '0', 'total': 'None', 'update_completed': '164', 'visible': 'None'}
2026-08-23 04:04:17.597 /testbed/rich/progress.py:1417 rich.progress.Progress.update event=call locals={'advance': 'None', 'completed': '0', 'description': 'None', 'fields': '{}', 'refresh': 'False', 'self': '<rich.progress.Progress object at 0x77f20acd3ad0>', 'task_id': '0', 'total': '1187.0', 'visible': 'None'}
2026-08-23 04:04:17.597 /testbed/rich/progress.py:1441 rich.progress.Progress.update event=line locals={}
2026-08-23 04:04:17.597 /testbed/rich/progress.py:1442 rich.progress.Progress.update event=line locals={}
2026-08-23 04:04:17.597 /testbed/rich/progress.py:1443 rich.progress.Progress.update event=line locals={'task': "Task(id=0, description='ingest', total=775, completed=2037, _get_time=<function TestProgressUpdateCallOrder.test_indirect_progress_via_reader_and_track.<locals>.fake_get_time at 0x77f20acd7ce0>, finished_time=17.520000000000007, visible=True, fields={}, finished_speed=None)"}
2026-08-23 04:04:17.597 /testbed/rich/progress.py:1445 rich.progress.Progress.update event=line locals={'completed_start': '2037'}
2026-08-23 04:04:17.597 /testbed/rich/progress.py:1446 rich.progress.Progress.update event=line locals={}
2026-08-23 04:04:17.597 /testbed/rich/progress.py:1447 rich.progress.Progress.update event=line locals={'task': "Task(id=0, description='ingest', total=1187.0, completed=2037, _get_time=<function TestProgressUpdateCallOrder.test_indirect_progress_via_reader_and_track.<locals>.fake_get_time at 0x77f20acd7ce0>, finished_time=17.520000000000007, visible=True, fields={}, finished_speed=None)"}
2026-08-23 04:04:17.597 /testbed/rich/progress.py:1054 rich.progress.Task._reset event=call locals={'self': "Task(id=0, description='ingest', total=1187.0, completed=2037, _get_time=<function TestProgressUpdateCallOrder.test_indirect_progress_via_reader_and_track.<locals>.fake_get_time at 0x77f20acd7ce0>, finished_time=17.520000000000007, visible=True, fields={}, finished_speed=None)"}
2026-08-23 04:04:17.597 /testbed/rich/progress.py:1056 rich.progress.Task._reset event=line locals={}
2026-08-23 04:04:17.597 /testbed/rich/progress.py:1057 rich.progress.Task._reset event=line locals={}
2026-08-23 04:04:17.597 /testbed/rich/progress.py:1058 rich.progress.Task._reset event=line locals={'self': "Task(id=0, description='ingest', total=1187.0, completed=2037, _get_time=<function TestProgressUpdateCallOrder.test_indirect_progress_via_reader_and_track.<locals>.fake_get_time at 0x77f20acd7ce0>, finished_time=None, visible=True, fields={}, finished_speed=None)"}
2026-08-23 04:04:17.597 /testbed/rich/progress.py:1058 rich.progress.Task._reset event=return retval=None locals={'self': "Task(id=0, description='ingest', total=1187.0, completed=2037, _get_time=<function TestProgressUpdateCallOrder.test_indirect_progress_via_reader_and_track.<locals>.fake_get_time at 0x77f20acd7ce0>, finished_time=None, visible=True, fields={}, finished_speed=None)"}
2026-08-23 04:04:17.597 /testbed/rich/progress.py:1448 rich.progress.Progress.update event=line locals={'task': "Task(id=0, description='ingest', total=1187.0, completed=2037, _get_time=<function TestProgressUpdateCallOrder.test_indirect_progress_via_reader_and_track.<locals>.fake_get_time at 0x77f20acd7ce0>, finished_time=None, visible=True, fields={}, finished_speed=None)"}
2026-08-23 04:04:17.597 /testbed/rich/progress.py:1450 rich.progress.Progress.update event=line locals={}
2026-08-23 04:04:17.597 /testbed/rich/progress.py:1451 rich.progress.Progress.update event=line locals={}
2026-08-23 04:04:17.597 /testbed/rich/progress.py:1452 rich.progress.Progress.update event=line locals={'task': "Task(id=0, description='ingest', total=1187.0, completed=0, _get_time=<function TestProgressUpdateCallOrder.test_indirect_progress_via_reader_and_track.<locals>.fake_get_time at 0x77f20acd7ce0>, finished_time=None, visible=True, fields={}, finished_speed=None)"}
2026-08-23 04:04:17.597 /testbed/rich/progress.py:1454 rich.progress.Progress.update event=line locals={}
2026-08-23 04:04:17.597 /testbed/rich/progress.py:1456 rich.progress.Progress.update event=line locals={}
2026-08-23 04:04:17.597 /testbed/rich/progress.py:1457 rich.progress.Progress.update event=line locals={}
2026-08-23 04:04:17.597 /testbed/rich/progress.py:1459 rich.progress.Progress.update event=line locals={'update_completed': '-2037'}
2026-08-23 04:04:17.597 /testbed/rich/progress.py:1460 rich.progress.Progress.update event=line locals={'current_time': '25.55000000000001'}
2026-08-23 04:04:17.597 /testbed/rich/progress.py:1461 rich.progress.Progress.update event=line locals={'old_sample_time': '25.30000000000001'}
2026-08-23 04:04:17.597 /testbed/rich/progress.py:1463 rich.progress.Progress.update event=line locals={}
2026-08-23 04:04:17.597 /testbed/rich/progress.py:1464 rich.progress.Progress.update event=line locals={'popleft': '<built-in method popleft of collections.deque object at 0x77f20ac6f5b0>'}
2026-08-23 04:04:17.597 /testbed/rich/progress.py:1466 rich.progress.Progress.update event=line locals={}
2026-08-23 04:04:17.597 /testbed/rich/progress.py:1469 rich.progress.Progress.update event=line locals={}
2026-08-23 04:04:17.597 /testbed/rich/progress.py:1470 rich.progress.Progress.update event=line locals={}
2026-08-23 04:04:17.597 /testbed/rich/progress.py:1441 rich.progress.Progress.update event=line locals={}
2026-08-23 04:04:17.597 /testbed/rich/progress.py:1475 rich.progress.Progress.update event=line locals={}
2026-08-23 04:04:17.598 /testbed/rich/progress.py:1475 rich.progress.Progress.update event=return retval=None locals={'advance': 'None', 'completed': '0', 'completed_start': '2037', 'current_time': '25.55000000000001', 'description': 'None', 'fields': '{}', 'old_sample_time': '25.30000000000001', 'popleft': '<built-in method popleft of collections.deque object at 0x77f20ac6f5b0>', 'refresh': 'False', 'self': '<rich.progress.Progress object at 0x77f20acd3ad0>', 'task': "Task(id=0, description='ingest', total=1187.0, completed=0, _get_time=<function TestProgressUpdateCallOrder.test_indirect_progress_via_reader_and_track.<locals>.fake_get_time at 0x77f20acd7ce0>, finished_time=None, visible=True, fields={}, finished_speed=None)", 'task_id': '0', 'total': '1187.0', 'update_completed': '-2037', 'visible': 'None'}
2026-08-23 04:04:17.598 /testbed/rich/progress.py:1417 rich.progress.Progress.update event=call locals={'advance': 'None', 'completed': '28', 'description': 'None', 'fields': '{}', 'refresh': 'True', 'self': '<rich.progress.Progress object at 0x77f20acd3ad0>', 'task_id': '0', 'total': 'None', 'visible': 'None'}
2026-08-23 04:04:17.598 /testbed/rich/progress.py:1441 rich.progress.Progress.update event=line locals={}
2026-08-23 04:04:17.598 /testbed/rich/progress.py:1442 rich.progress.Progress.update event=line locals={}
2026-08-23 04:04:17.598 /testbed/rich/progress.py:1443 rich.progress.Progress.update event=line locals={'task': "Task(id=0, description='ingest', total=1187.0, completed=0, _get_time=<function TestProgressUpdateCallOrder.test_indirect_progress_via_reader_and_track.<locals>.fake_get_time at 0x77f20acd7ce0>, finished_time=None, visible=True, fields={}, finished_speed=None)"}
2026-08-23 04:04:17.598 /testbed/rich/progress.py:1445 rich.progress.Progress.update event=line locals={'completed_start': '0'}
2026-08-23 04:04:17.598 /testbed/rich/progress.py:1448 rich.progress.Progress.update event=line locals={}
2026-08-23 04:04:17.598 /testbed/rich/progress.py:1450 rich.progress.Progress.update event=line locals={}
2026-08-23 04:04:17.598 /testbed/rich/progress.py:1451 rich.progress.Progress.update event=line locals={}
2026-08-23 04:04:17.598 /testbed/rich/progress.py:1452 rich.progress.Progress.update event=line locals={'task': "Task(id=0, description='ingest', total=1187.0, completed=28, _get_time=<function TestProgressUpdateCallOrder.test_indirect_progress_via_reader_and_track.<locals>.fake_get_time at 0x77f20acd7ce0>, finished_time=None, visible=True, fields={}, finished_speed=None)"}
2026-08-23 04:04:17.598 /testbed/rich/progress.py:1454 rich.progress.Progress.update event=line locals={}
2026-08-23 04:04:17.598 /testbed/rich/progress.py:1456 rich.progress.Progress.update event=line locals={}
2026-08-23 04:04:17.598 /testbed/rich/progress.py:1457 rich.progress.Progress.update event=line locals={}
2026-08-23 04:04:17.598 /testbed/rich/progress.py:1459 rich.progress.Progress.update event=line locals={'update_completed': '28'}
2026-08-23 04:04:17.598 /testbed/rich/progress.py:1460 rich.progress.Progress.update event=line locals={'current_time': '26.280000000000012'}
2026-08-23 04:04:17.598 /testbed/rich/progress.py:1461 rich.progress.Progress.update event=line locals={'old_sample_time': '26.030000000000012'}
2026-08-23 04:04:17.598 /testbed/rich/progress.py:1463 rich.progress.Progress.update event=line locals={}
2026-08-23 04:04:17.598 /testbed/rich/progress.py:1464 rich.progress.Progress.update event=line locals={'popleft': '<built-in method popleft of collections.deque object at 0x77f20ac6f5b0>'}
2026-08-23 04:04:17.598 /testbed/rich/progress.py:1466 rich.progress.Progress.update event=line locals={}
2026-08-23 04:04:17.598 /testbed/rich/progress.py:1467 rich.progress.Progress.update event=line locals={}
2026-08-23 04:04:17.598 /testbed/rich/progress.py:1469 rich.progress.Progress.update event=line locals={}
2026-08-23 04:04:17.598 /testbed/rich/progress.py:1470 rich.progress.Progress.update event=line locals={}
2026-08-23 04:04:17.599 /testbed/rich/progress.py:1441 rich.progress.Progress.update event=line locals={}
2026-08-23 04:04:17.599 /testbed/rich/progress.py:1475 rich.progress.Progress.update event=line locals={}
2026-08-23 04:04:17.599 /testbed/rich/progress.py:1476 rich.progress.Progress.update event=line locals={}
2026-08-23 04:04:17.599 /testbed/rich/progress.py:1547 rich.progress.Progress.refresh event=call locals={'self': '<rich.progress.Progress object at 0x77f20acd3ad0>'}
2026-08-23 04:04:17.599 /testbed/rich/progress.py:1549 rich.progress.Progress.refresh event=line locals={}
2026-08-23 04:04:17.599 /testbed/rich/progress.py:1550 rich.progress.Progress.refresh event=line locals={}
2026-08-23 04:04:17.600 /testbed/rich/progress.py:983 rich.progress.Task.get_time event=call locals={'self': "Task(id=0, description='ingest', total=1187.0, completed=28, _get_time=<function TestProgressUpdateCallOrder.test_indirect_progress_via_reader_and_track.<locals>.fake_get_time at 0x77f20acd7ce0>, finished_time=None, visible=True, fields={}, finished_speed=None)"}
2026-08-23 04:04:17.600 /testbed/rich/progress.py:985 rich.progress.Task.get_time event=line locals={}
2026-08-23 04:04:17.600 /testbed/rich/progress.py:985 rich.progress.Task.get_time event=return retval=27.010000000000012 locals={'self': "Task(id=0, description='ingest', total=1187.0, completed=28, _get_time=<function TestProgressUpdateCallOrder.test_indirect_progress_via_reader_and_track.<locals>.fake_get_time at 0x77f20acd7ce0>, finished_time=None, visible=True, fields={}, finished_speed=None)"}
2026-08-23 04:04:17.601 /testbed/rich/progress.py:983 rich.progress.Task.get_time event=call locals={'self': "Task(id=0, description='ingest', total=1187.0, completed=28, _get_time=<function TestProgressUpdateCallOrder.test_indirect_progress_via_reader_and_track.<locals>.fake_get_time at 0x77f20acd7ce0>, finished_time=None, visible=True, fields={}, finished_speed=None)"}
2026-08-23 04:04:17.601 /testbed/rich/progress.py:985 rich.progress.Task.get_time event=line locals={}
2026-08-23 04:04:17.601 /testbed/rich/progress.py:985 rich.progress.Task.get_time event=return retval=27.740000000000013 locals={'self': "Task(id=0, description='ingest', total=1187.0, completed=28, _get_time=<function TestProgressUpdateCallOrder.test_indirect_progress_via_reader_and_track.<locals>.fake_get_time at 0x77f20acd7ce0>, finished_time=None, visible=True, fields={}, finished_speed=None)"}
2026-08-23 04:04:17.601 /testbed/rich/progress.py:983 rich.progress.Task.get_time event=call locals={'self': "Task(id=0, description='ingest', total=1187.0, completed=28, _get_time=<function TestProgressUpdateCallOrder.test_indirect_progress_via_reader_and_track.<locals>.fake_get_time at 0x77f20acd7ce0>, finished_time=None, visible=True, fields={}, finished_speed=None)"}
2026-08-23 04:04:17.601 /testbed/rich/progress.py:985 rich.progress.Task.get_time event=line locals={}
2026-08-23 04:04:17.601 /testbed/rich/progress.py:985 rich.progress.Task.get_time event=return retval=28.470000000000013 locals={'self': "Task(id=0, description='ingest', total=1187.0, completed=28, _get_time=<function TestProgressUpdateCallOrder.test_indirect_progress_via_reader_and_track.<locals>.fake_get_time at 0x77f20acd7ce0>, finished_time=None, visible=True, fields={}, finished_speed=None)"}
2026-08-23 04:04:17.601 /testbed/rich/progress.py:983 rich.progress.Task.get_time event=call locals={'self': "Task(id=0, description='ingest', total=1187.0, completed=28, _get_time=<function TestProgressUpdateCallOrder.test_indirect_progress_via_reader_and_track.<locals>.fake_get_time at 0x77f20acd7ce0>, finished_time=None, visible=True, fields={}, finished_speed=None)"}
2026-08-23 04:04:17.601 /testbed/rich/progress.py:985 rich.progress.Task.get_time event=line locals={}
2026-08-23 04:04:17.601 /testbed/rich/progress.py:985 rich.progress.Task.get_time event=return retval=29.200000000000014 locals={'self': "Task(id=0, description='ingest', total=1187.0, completed=28, _get_time=<function TestProgressUpdateCallOrder.test_indirect_progress_via_reader_and_track.<locals>.fake_get_time at 0x77f20acd7ce0>, finished_time=None, visible=True, fields={}, finished_speed=None)"}
2026-08-23 04:04:17.601 /testbed/rich/progress.py:983 rich.progress.Task.get_time event=call locals={'self': "Task(id=0, description='ingest', total=1187.0, completed=28, _get_time=<function TestProgressUpdateCallOrder.test_indirect_progress_via_reader_and_track.<locals>.fake_get_time at 0x77f20acd7ce0>, finished_time=None, visible=True, fields={}, finished_speed=None)"}
2026-08-23 04:04:17.601 /testbed/rich/progress.py:985 rich.progress.Task.get_time event=line locals={}
2026-08-23 04:04:17.601 /testbed/rich/progress.py:985 rich.progress.Task.get_time event=return retval=29.930000000000014 locals={'self': "Task(id=0, description='ingest', total=1187.0, completed=28, _get_time=<function TestProgressUpdateCallOrder.test_indirect_progress_via_reader_and_track.<locals>.fake_get_time at 0x77f20acd7ce0>, finished_time=None, visible=True, fields={}, finished_speed=None)"}
2026-08-23 04:04:17.602 /testbed/rich/progress.py:1550 rich.progress.Progress.refresh event=return retval=None locals={'self': '<rich.progress.Progress object at 0x77f20acd3ad0>'}
2026-08-23 04:04:17.602 /testbed/rich/progress.py:1476 rich.progress.Progress.update event=return retval=None locals={'advance': 'None', 'completed': '28', 'completed_start': '0', 'current_time': '26.280000000000012', 'description': 'None', 'fields': '{}', 'old_sample_time': '26.030000000000012', 'popleft': '<built-in method popleft of collections.deque object at 0x77f20ac6f5b0>', 'refresh': 'True', 'self': '<rich.progress.Progress object at 0x77f20acd3ad0>', 'task': "Task(id=0, description='ingest', total=1187.0, completed=28, _get_time=<function TestProgressUpdateCallOrder.test_indirect_progress_via_reader_and_track.<locals>.fake_get_time at 0x77f20acd7ce0>, finished_time=None, visible=True, fields={}, finished_speed=None)", 'task_id': '0', 'total': 'None', 'update_completed': '28', 'visible': 'None'}
2026-08-23 04:04:17.603 /testbed/rich/progress.py:983 rich.progress.Task.get_time event=call locals={'self': "Task(id=0, description='ingest', total=1187.0, completed=28, _get_time=<function TestProgressUpdateCallOrder.test_indirect_progress_via_reader_and_track.<locals>.fake_get_time at 0x77f20acd7ce0>, finished_time=None, visible=True, fields={}, finished_speed=None)"}
2026-08-23 04:04:17.603 /testbed/rich/progress.py:985 rich.progress.Task.get_time event=line locals={}
2026-08-23 04:04:17.603 /testbed/rich/progress.py:985 rich.progress.Task.get_time event=return retval=30.660000000000014 locals={'self': "Task(id=0, description='ingest', total=1187.0, completed=28, _get_time=<function TestProgressUpdateCallOrder.test_indirect_progress_via_reader_and_track.<locals>.fake_get_time at 0x77f20acd7ce0>, finished_time=None, visible=True, fields={}, finished_speed=None)"}
2026-08-23 04:04:17.604 /testbed/rich/progress.py:983 rich.progress.Task.get_time event=call locals={'self': "Task(id=0, description='ingest', total=1187.0, completed=28, _get_time=<function TestProgressUpdateCallOrder.test_indirect_progress_via_reader_and_track.<locals>.fake_get_time at 0x77f20acd7ce0>, finished_time=None, visible=True, fields={}, finished_speed=None)"}
2026-08-23 04:04:17.604 /testbed/rich/progress.py:985 rich.progress.Task.get_time event=line locals={}
2026-08-23 04:04:17.604 /testbed/rich/progress.py:985 rich.progress.Task.get_time event=return retval=31.390000000000015 locals={'self': "Task(id=0, description='ingest', total=1187.0, completed=28, _get_time=<function TestProgressUpdateCallOrder.test_indirect_progress_via_reader_and_track.<locals>.fake_get_time at 0x77f20acd7ce0>, finished_time=None, visible=True, fields={}, finished_speed=None)"}
2026-08-23 04:04:17.604 /testbed/rich/progress.py:983 rich.progress.Task.get_time event=call locals={'self': "Task(id=0, description='ingest', total=1187.0, completed=28, _get_time=<function TestProgressUpdateCallOrder.test_indirect_progress_via_reader_and_track.<locals>.fake_get_time at 0x77f20acd7ce0>, finished_time=None, visible=True, fields={}, finished_speed=None)"}
2026-08-23 04:04:17.604 /testbed/rich/progress.py:985 rich.progress.Task.get_time event=line locals={}
2026-08-23 04:04:17.604 /testbed/rich/progress.py:985 rich.progress.Task.get_time event=return retval=32.12000000000001 locals={'self': "Task(id=0, description='ingest', total=1187.0, completed=28, _get_time=<function TestProgressUpdateCallOrder.test_indirect_progress_via_reader_and_track.<locals>.fake_get_time at 0x77f20acd7ce0>, finished_time=None, visible=True, fields={}, finished_speed=None)"}
2026-08-23 04:04:17.604 /testbed/rich/progress.py:983 rich.progress.Task.get_time event=call locals={'self': "Task(id=0, description='ingest', total=1187.0, completed=28, _get_time=<function TestProgressUpdateCallOrder.test_indirect_progress_via_reader_and_track.<locals>.fake_get_time at 0x77f20acd7ce0>, finished_time=None, visible=True, fields={}, finished_speed=None)"}
2026-08-23 04:04:17.604 /testbed/rich/progress.py:985 rich.progress.Task.get_time event=line locals={}
2026-08-23 04:04:17.604 /testbed/rich/progress.py:985 rich.progress.Task.get_time event=return retval=32.85000000000001 locals={'self': "Task(id=0, description='ingest', total=1187.0, completed=28, _get_time=<function TestProgressUpdateCallOrder.test_indirect_progress_via_reader_and_track.<locals>.fake_get_time at 0x77f20acd7ce0>, finished_time=None, visible=True, fields={}, finished_speed=None)"}
2026-08-23 04:04:17.604 /testbed/rich/progress.py:983 rich.progress.Task.get_time event=call locals={'self': "Task(id=0, description='ingest', total=1187.0, completed=28, _get_time=<function TestProgressUpdateCallOrder.test_indirect_progress_via_reader_and_track.<locals>.fake_get_time at 0x77f20acd7ce0>, finished_time=None, visible=True, fields={}, finished_speed=None)"}
2026-08-23 04:04:17.604 /testbed/rich/progress.py:985 rich.progress.Task.get_time event=line locals={}
2026-08-23 04:04:17.604 /testbed/rich/progress.py:985 rich.progress.Task.get_time event=return retval=33.580000000000005 locals={'self': "Task(id=0, description='ingest', total=1187.0, completed=28, _get_time=<function TestProgressUpdateCallOrder.test_indirect_progress_via_reader_and_track.<locals>.fake_get_time at 0x77f20acd7ce0>, finished_time=None, visible=True, fields={}, finished_speed=None)"}
