2026-08-23 04:33:14.140 [TRACE][START] pid=47 TRACE_OUT='/testbed/logs/scrapy_qa/sitemap_process_sitemap_element_s2_loops__pert_llm_s0/trace.log' TRACE_FILE='scrapy/utils/sitemap.py' TRACE_FUNCS=['Sitemap._process_sitemap_element'] TRACE_EVENTS=['call', 'exception', 'line', 'return']
2026-08-23 04:33:14.183 /testbed/scrapy/utils/sitemap.py:62 scrapy.utils.sitemap.Sitemap._process_sitemap_element event=call locals={'elem': '<Element url at 0x7ac8b2f46ac0>', 'self': '<scrapy.utils.sitemap.Sitemap object at 0x7ac8b2f27760>'}
2026-08-23 04:33:14.183 /testbed/scrapy/utils/sitemap.py:65 scrapy.utils.sitemap.Sitemap._process_sitemap_element event=line locals={}
2026-08-23 04:33:14.183 /testbed/scrapy/utils/sitemap.py:66 scrapy.utils.sitemap.Sitemap._process_sitemap_element event=line locals={'d': '{}'}
2026-08-23 04:33:14.183 /testbed/scrapy/utils/sitemap.py:67 scrapy.utils.sitemap.Sitemap._process_sitemap_element event=line locals={'alternate': '[]'}
2026-08-23 04:33:14.183 /testbed/scrapy/utils/sitemap.py:69 scrapy.utils.sitemap.Sitemap._process_sitemap_element event=line locals={'has_loc': 'False'}
2026-08-23 04:33:14.183 /testbed/scrapy/utils/sitemap.py:70 scrapy.utils.sitemap.Sitemap._process_sitemap_element event=line locals={'el': '<Element {http://www.w3.org/1999/xhtml}link at 0x7ac8b2f46d00>'}
2026-08-23 04:33:14.183 /testbed/scrapy/utils/sitemap.py:71 scrapy.utils.sitemap.Sitemap._process_sitemap_element event=line locals={}
2026-08-23 04:33:14.183 /testbed/scrapy/utils/sitemap.py:72 scrapy.utils.sitemap.Sitemap._process_sitemap_element event=line locals={'tag_name': "'link'"}
2026-08-23 04:33:14.183 /testbed/scrapy/utils/sitemap.py:75 scrapy.utils.sitemap.Sitemap._process_sitemap_element event=line locals={}
2026-08-23 04:33:14.183 /testbed/scrapy/utils/sitemap.py:76 scrapy.utils.sitemap.Sitemap._process_sitemap_element event=line locals={}
2026-08-23 04:33:14.183 /testbed/scrapy/utils/sitemap.py:77 scrapy.utils.sitemap.Sitemap._process_sitemap_element event=line locals={'href': "'https://mirror.invalid/0/1'"}
2026-08-23 04:33:14.183 /testbed/scrapy/utils/sitemap.py:83 scrapy.utils.sitemap.Sitemap._process_sitemap_element event=line locals={'alternate': "['https://mirror.invalid/0/1']"}
2026-08-23 04:33:14.183 /testbed/scrapy/utils/sitemap.py:69 scrapy.utils.sitemap.Sitemap._process_sitemap_element event=line locals={}
2026-08-23 04:33:14.183 /testbed/scrapy/utils/sitemap.py:70 scrapy.utils.sitemap.Sitemap._process_sitemap_element event=line locals={'el': '<Element {http://www.w3.org/1999/xhtml}link at 0x7ac8b2f46dc0>'}
2026-08-23 04:33:14.183 /testbed/scrapy/utils/sitemap.py:71 scrapy.utils.sitemap.Sitemap._process_sitemap_element event=line locals={}
2026-08-23 04:33:14.183 /testbed/scrapy/utils/sitemap.py:72 scrapy.utils.sitemap.Sitemap._process_sitemap_element event=line locals={}
2026-08-23 04:33:14.183 /testbed/scrapy/utils/sitemap.py:75 scrapy.utils.sitemap.Sitemap._process_sitemap_element event=line locals={}
2026-08-23 04:33:14.183 /testbed/scrapy/utils/sitemap.py:76 scrapy.utils.sitemap.Sitemap._process_sitemap_element event=line locals={}
2026-08-23 04:33:14.183 /testbed/scrapy/utils/sitemap.py:77 scrapy.utils.sitemap.Sitemap._process_sitemap_element event=line locals={'href': "'https://mirror.invalid/1/1'"}
2026-08-23 04:33:14.183 /testbed/scrapy/utils/sitemap.py:83 scrapy.utils.sitemap.Sitemap._process_sitemap_element event=line locals={'alternate': "['https://mirror.invalid/0/1', 'https://mirror.invalid/1/1']"}
2026-08-23 04:33:14.183 /testbed/scrapy/utils/sitemap.py:69 scrapy.utils.sitemap.Sitemap._process_sitemap_element event=line locals={}
2026-08-23 04:33:14.183 /testbed/scrapy/utils/sitemap.py:70 scrapy.utils.sitemap.Sitemap._process_sitemap_element event=line locals={'el': '<Element changefreq at 0x7ac8b2f46ec0>'}
2026-08-23 04:33:14.183 /testbed/scrapy/utils/sitemap.py:71 scrapy.utils.sitemap.Sitemap._process_sitemap_element event=line locals={}
2026-08-23 04:33:14.183 /testbed/scrapy/utils/sitemap.py:72 scrapy.utils.sitemap.Sitemap._process_sitemap_element event=line locals={'tag_name': "'changefreq'"}
2026-08-23 04:33:14.183 /testbed/scrapy/utils/sitemap.py:75 scrapy.utils.sitemap.Sitemap._process_sitemap_element event=line locals={}
2026-08-23 04:33:14.183 /testbed/scrapy/utils/sitemap.py:79 scrapy.utils.sitemap.Sitemap._process_sitemap_element event=line locals={}
2026-08-23 04:33:14.183 /testbed/scrapy/utils/sitemap.py:80 scrapy.utils.sitemap.Sitemap._process_sitemap_element event=line locals={'d': "{'changefreq': 'value-64'}"}
2026-08-23 04:33:14.183 /testbed/scrapy/utils/sitemap.py:83 scrapy.utils.sitemap.Sitemap._process_sitemap_element event=line locals={}
2026-08-23 04:33:14.183 /testbed/scrapy/utils/sitemap.py:69 scrapy.utils.sitemap.Sitemap._process_sitemap_element event=line locals={}
2026-08-23 04:33:14.183 /testbed/scrapy/utils/sitemap.py:70 scrapy.utils.sitemap.Sitemap._process_sitemap_element event=line locals={'el': '<Element loc at 0x7ac8b2f46bc0>'}
2026-08-23 04:33:14.183 /testbed/scrapy/utils/sitemap.py:71 scrapy.utils.sitemap.Sitemap._process_sitemap_element event=line locals={}
2026-08-23 04:33:14.183 /testbed/scrapy/utils/sitemap.py:72 scrapy.utils.sitemap.Sitemap._process_sitemap_element event=line locals={'tag_name': "'loc'"}
2026-08-23 04:33:14.183 /testbed/scrapy/utils/sitemap.py:75 scrapy.utils.sitemap.Sitemap._process_sitemap_element event=line locals={}
2026-08-23 04:33:14.183 /testbed/scrapy/utils/sitemap.py:79 scrapy.utils.sitemap.Sitemap._process_sitemap_element event=line locals={}
2026-08-23 04:33:14.183 /testbed/scrapy/utils/sitemap.py:80 scrapy.utils.sitemap.Sitemap._process_sitemap_element event=line locals={'d': "{'changefreq': 'value-64', 'loc': 'https://example.invalid/155/3'}"}
2026-08-23 04:33:14.183 /testbed/scrapy/utils/sitemap.py:81 scrapy.utils.sitemap.Sitemap._process_sitemap_element event=line locals={}
2026-08-23 04:33:14.183 /testbed/scrapy/utils/sitemap.py:83 scrapy.utils.sitemap.Sitemap._process_sitemap_element event=line locals={'has_loc': 'True'}
2026-08-23 04:33:14.183 /testbed/scrapy/utils/sitemap.py:69 scrapy.utils.sitemap.Sitemap._process_sitemap_element event=line locals={}
2026-08-23 04:33:14.183 /testbed/scrapy/utils/sitemap.py:70 scrapy.utils.sitemap.Sitemap._process_sitemap_element event=line locals={'el': '<Element changefreq at 0x7ac8b2f46f40>'}
2026-08-23 04:33:14.183 /testbed/scrapy/utils/sitemap.py:71 scrapy.utils.sitemap.Sitemap._process_sitemap_element event=line locals={}
2026-08-23 04:33:14.183 /testbed/scrapy/utils/sitemap.py:72 scrapy.utils.sitemap.Sitemap._process_sitemap_element event=line locals={'tag_name': "'changefreq'"}
2026-08-23 04:33:14.183 /testbed/scrapy/utils/sitemap.py:75 scrapy.utils.sitemap.Sitemap._process_sitemap_element event=line locals={}
2026-08-23 04:33:14.183 /testbed/scrapy/utils/sitemap.py:79 scrapy.utils.sitemap.Sitemap._process_sitemap_element event=line locals={}
2026-08-23 04:33:14.183 /testbed/scrapy/utils/sitemap.py:80 scrapy.utils.sitemap.Sitemap._process_sitemap_element event=line locals={'d': "{'changefreq': 'value-90', 'loc': 'https://example.invalid/155/3'}"}
2026-08-23 04:33:14.183 /testbed/scrapy/utils/sitemap.py:83 scrapy.utils.sitemap.Sitemap._process_sitemap_element event=line locals={}
2026-08-23 04:33:14.183 /testbed/scrapy/utils/sitemap.py:69 scrapy.utils.sitemap.Sitemap._process_sitemap_element event=line locals={}
2026-08-23 04:33:14.183 /testbed/scrapy/utils/sitemap.py:70 scrapy.utils.sitemap.Sitemap._process_sitemap_element event=line locals={'el': '<!--generated-5-->'}
2026-08-23 04:33:14.183 /testbed/scrapy/utils/sitemap.py:71 scrapy.utils.sitemap.Sitemap._process_sitemap_element event=line locals={}
2026-08-23 04:33:14.183 /testbed/scrapy/utils/sitemap.py:72 scrapy.utils.sitemap.Sitemap._process_sitemap_element event=line locals={'tag_name': "''"}
2026-08-23 04:33:14.183 /testbed/scrapy/utils/sitemap.py:73 scrapy.utils.sitemap.Sitemap._process_sitemap_element event=line locals={}
2026-08-23 04:33:14.184 /testbed/scrapy/utils/sitemap.py:83 scrapy.utils.sitemap.Sitemap._process_sitemap_element event=line locals={}
2026-08-23 04:33:14.184 /testbed/scrapy/utils/sitemap.py:69 scrapy.utils.sitemap.Sitemap._process_sitemap_element event=line locals={}
2026-08-23 04:33:14.184 /testbed/scrapy/utils/sitemap.py:70 scrapy.utils.sitemap.Sitemap._process_sitemap_element event=line locals={'el': '<Element lastmod at 0x7ac8b2f46dc0>'}
2026-08-23 04:33:14.184 /testbed/scrapy/utils/sitemap.py:71 scrapy.utils.sitemap.Sitemap._process_sitemap_element event=line locals={}
2026-08-23 04:33:14.184 /testbed/scrapy/utils/sitemap.py:72 scrapy.utils.sitemap.Sitemap._process_sitemap_element event=line locals={'tag_name': "'lastmod'"}
2026-08-23 04:33:14.184 /testbed/scrapy/utils/sitemap.py:75 scrapy.utils.sitemap.Sitemap._process_sitemap_element event=line locals={}
2026-08-23 04:33:14.184 /testbed/scrapy/utils/sitemap.py:79 scrapy.utils.sitemap.Sitemap._process_sitemap_element event=line locals={}
2026-08-23 04:33:14.184 /testbed/scrapy/utils/sitemap.py:80 scrapy.utils.sitemap.Sitemap._process_sitemap_element event=line locals={'d': "{'changefreq': 'value-90', 'loc': 'https://example.invalid/155/3', 'lastmod': 'value-15'}"}
2026-08-23 04:33:14.184 /testbed/scrapy/utils/sitemap.py:83 scrapy.utils.sitemap.Sitemap._process_sitemap_element event=line locals={}
2026-08-23 04:33:14.184 /testbed/scrapy/utils/sitemap.py:69 scrapy.utils.sitemap.Sitemap._process_sitemap_element event=line locals={}
2026-08-23 04:33:14.184 /testbed/scrapy/utils/sitemap.py:70 scrapy.utils.sitemap.Sitemap._process_sitemap_element event=line locals={'el': '<Element priority at 0x7ac8b2f46d80>'}
2026-08-23 04:33:14.184 /testbed/scrapy/utils/sitemap.py:71 scrapy.utils.sitemap.Sitemap._process_sitemap_element event=line locals={}
2026-08-23 04:33:14.184 /testbed/scrapy/utils/sitemap.py:72 scrapy.utils.sitemap.Sitemap._process_sitemap_element event=line locals={'tag_name': "'priority'"}
2026-08-23 04:33:14.184 /testbed/scrapy/utils/sitemap.py:75 scrapy.utils.sitemap.Sitemap._process_sitemap_element event=line locals={}
2026-08-23 04:33:14.184 /testbed/scrapy/utils/sitemap.py:79 scrapy.utils.sitemap.Sitemap._process_sitemap_element event=line locals={}
2026-08-23 04:33:14.184 /testbed/scrapy/utils/sitemap.py:80 scrapy.utils.sitemap.Sitemap._process_sitemap_element event=line locals={'d': "{'changefreq': 'value-90', 'loc': 'https://example.invalid/155/3', 'lastmod': 'value-15', 'priority': 'value-28'}"}
2026-08-23 04:33:14.184 /testbed/scrapy/utils/sitemap.py:83 scrapy.utils.sitemap.Sitemap._process_sitemap_element event=line locals={}
2026-08-23 04:33:14.184 /testbed/scrapy/utils/sitemap.py:69 scrapy.utils.sitemap.Sitemap._process_sitemap_element event=line locals={}
2026-08-23 04:33:14.184 /testbed/scrapy/utils/sitemap.py:70 scrapy.utils.sitemap.Sitemap._process_sitemap_element event=line locals={'el': '<Element changefreq at 0x7ac8b2f46f40>'}
2026-08-23 04:33:14.184 /testbed/scrapy/utils/sitemap.py:71 scrapy.utils.sitemap.Sitemap._process_sitemap_element event=line locals={}
2026-08-23 04:33:14.184 /testbed/scrapy/utils/sitemap.py:72 scrapy.utils.sitemap.Sitemap._process_sitemap_element event=line locals={'tag_name': "'changefreq'"}
2026-08-23 04:33:14.184 /testbed/scrapy/utils/sitemap.py:75 scrapy.utils.sitemap.Sitemap._process_sitemap_element event=line locals={}
2026-08-23 04:33:14.184 /testbed/scrapy/utils/sitemap.py:79 scrapy.utils.sitemap.Sitemap._process_sitemap_element event=line locals={}
2026-08-23 04:33:14.184 /testbed/scrapy/utils/sitemap.py:80 scrapy.utils.sitemap.Sitemap._process_sitemap_element event=line locals={'d': "{'changefreq': 'value-41', 'loc': 'https://example.invalid/155/3', 'lastmod': 'value-15', 'priority': 'value-28'}"}
2026-08-23 04:33:14.184 /testbed/scrapy/utils/sitemap.py:83 scrapy.utils.sitemap.Sitemap._process_sitemap_element event=line locals={}
2026-08-23 04:33:14.184 /testbed/scrapy/utils/sitemap.py:69 scrapy.utils.sitemap.Sitemap._process_sitemap_element event=line locals={}
2026-08-23 04:33:14.184 /testbed/scrapy/utils/sitemap.py:70 scrapy.utils.sitemap.Sitemap._process_sitemap_element event=line locals={'el': '<Element {http://www.w3.org/1999/xhtml}link at 0x7ac8b2f46f00>'}
2026-08-23 04:33:14.184 /testbed/scrapy/utils/sitemap.py:71 scrapy.utils.sitemap.Sitemap._process_sitemap_element event=line locals={}
2026-08-23 04:33:14.184 /testbed/scrapy/utils/sitemap.py:72 scrapy.utils.sitemap.Sitemap._process_sitemap_element event=line locals={'tag_name': "'link'"}
2026-08-23 04:33:14.184 /testbed/scrapy/utils/sitemap.py:75 scrapy.utils.sitemap.Sitemap._process_sitemap_element event=line locals={}
2026-08-23 04:33:14.184 /testbed/scrapy/utils/sitemap.py:76 scrapy.utils.sitemap.Sitemap._process_sitemap_element event=line locals={}
2026-08-23 04:33:14.184 /testbed/scrapy/utils/sitemap.py:77 scrapy.utils.sitemap.Sitemap._process_sitemap_element event=line locals={'href': "'https://mirror.invalid/9/1'"}
2026-08-23 04:33:14.184 /testbed/scrapy/utils/sitemap.py:83 scrapy.utils.sitemap.Sitemap._process_sitemap_element event=line locals={'alternate': "['https://mirror.invalid/0/1', 'https://mirror.invalid/1/1', 'https://mirror.invalid/9/1']"}
2026-08-23 04:33:14.184 /testbed/scrapy/utils/sitemap.py:69 scrapy.utils.sitemap.Sitemap._process_sitemap_element event=line locals={}
2026-08-23 04:33:14.184 /testbed/scrapy/utils/sitemap.py:70 scrapy.utils.sitemap.Sitemap._process_sitemap_element event=line locals={'el': '<Element {http://www.w3.org/1999/xhtml}link at 0x7ac8b2f46fc0>'}
2026-08-23 04:33:14.184 /testbed/scrapy/utils/sitemap.py:71 scrapy.utils.sitemap.Sitemap._process_sitemap_element event=line locals={}
2026-08-23 04:33:14.184 /testbed/scrapy/utils/sitemap.py:72 scrapy.utils.sitemap.Sitemap._process_sitemap_element event=line locals={}
2026-08-23 04:33:14.184 /testbed/scrapy/utils/sitemap.py:75 scrapy.utils.sitemap.Sitemap._process_sitemap_element event=line locals={}
2026-08-23 04:33:14.184 /testbed/scrapy/utils/sitemap.py:76 scrapy.utils.sitemap.Sitemap._process_sitemap_element event=line locals={}
2026-08-23 04:33:14.184 /testbed/scrapy/utils/sitemap.py:77 scrapy.utils.sitemap.Sitemap._process_sitemap_element event=line locals={'href': "'https://mirror.invalid/a/1'"}
2026-08-23 04:33:14.184 /testbed/scrapy/utils/sitemap.py:83 scrapy.utils.sitemap.Sitemap._process_sitemap_element event=line locals={'alternate': "['https://mirror.invalid/0/1', 'https://mirror.invalid/1/1', 'https://mirror.invalid/9/1', 'https://mirror.invalid/a/1']"}
2026-08-23 04:33:14.184 /testbed/scrapy/utils/sitemap.py:69 scrapy.utils.sitemap.Sitemap._process_sitemap_element event=line locals={}
2026-08-23 04:33:14.184 /testbed/scrapy/utils/sitemap.py:70 scrapy.utils.sitemap.Sitemap._process_sitemap_element event=line locals={'el': '<Element priority at 0x7ac8b2f46ec0>'}
2026-08-23 04:33:14.184 /testbed/scrapy/utils/sitemap.py:71 scrapy.utils.sitemap.Sitemap._process_sitemap_element event=line locals={}
2026-08-23 04:33:14.184 /testbed/scrapy/utils/sitemap.py:72 scrapy.utils.sitemap.Sitemap._process_sitemap_element event=line locals={'tag_name': "'priority'"}
2026-08-23 04:33:14.184 /testbed/scrapy/utils/sitemap.py:75 scrapy.utils.sitemap.Sitemap._process_sitemap_element event=line locals={}
2026-08-23 04:33:14.184 /testbed/scrapy/utils/sitemap.py:79 scrapy.utils.sitemap.Sitemap._process_sitemap_element event=line locals={}
2026-08-23 04:33:14.184 /testbed/scrapy/utils/sitemap.py:80 scrapy.utils.sitemap.Sitemap._process_sitemap_element event=line locals={'d': "{'changefreq': 'value-41', 'loc': 'https://example.invalid/155/3', 'lastmod': 'value-15', 'priority': 'value-80'}"}
2026-08-23 04:33:14.184 /testbed/scrapy/utils/sitemap.py:83 scrapy.utils.sitemap.Sitemap._process_sitemap_element event=line locals={}
2026-08-23 04:33:14.184 /testbed/scrapy/utils/sitemap.py:69 scrapy.utils.sitemap.Sitemap._process_sitemap_element event=line locals={}
2026-08-23 04:33:14.184 /testbed/scrapy/utils/sitemap.py:70 scrapy.utils.sitemap.Sitemap._process_sitemap_element event=line locals={'el': '<Element priority at 0x7ac8b2f46f80>'}
2026-08-23 04:33:14.184 /testbed/scrapy/utils/sitemap.py:71 scrapy.utils.sitemap.Sitemap._process_sitemap_element event=line locals={}
2026-08-23 04:33:14.184 /testbed/scrapy/utils/sitemap.py:72 scrapy.utils.sitemap.Sitemap._process_sitemap_element event=line locals={}
2026-08-23 04:33:14.184 /testbed/scrapy/utils/sitemap.py:75 scrapy.utils.sitemap.Sitemap._process_sitemap_element event=line locals={}
2026-08-23 04:33:14.184 /testbed/scrapy/utils/sitemap.py:79 scrapy.utils.sitemap.Sitemap._process_sitemap_element event=line locals={}
2026-08-23 04:33:14.184 /testbed/scrapy/utils/sitemap.py:80 scrapy.utils.sitemap.Sitemap._process_sitemap_element event=line locals={'d': "{'changefreq': 'value-41', 'loc': 'https://example.invalid/155/3', 'lastmod': 'value-15', 'priority': 'value-93'}"}
2026-08-23 04:33:14.184 /testbed/scrapy/utils/sitemap.py:83 scrapy.utils.sitemap.Sitemap._process_sitemap_element event=line locals={}
2026-08-23 04:33:14.184 /testbed/scrapy/utils/sitemap.py:69 scrapy.utils.sitemap.Sitemap._process_sitemap_element event=line locals={}
2026-08-23 04:33:14.184 /testbed/scrapy/utils/sitemap.py:70 scrapy.utils.sitemap.Sitemap._process_sitemap_element event=line locals={'el': '<Element changefreq at 0x7ac8b2f46fc0>'}
2026-08-23 04:33:14.185 /testbed/scrapy/utils/sitemap.py:71 scrapy.utils.sitemap.Sitemap._process_sitemap_element event=line locals={}
2026-08-23 04:33:14.185 /testbed/scrapy/utils/sitemap.py:72 scrapy.utils.sitemap.Sitemap._process_sitemap_element event=line locals={'tag_name': "'changefreq'"}
2026-08-23 04:33:14.185 /testbed/scrapy/utils/sitemap.py:75 scrapy.utils.sitemap.Sitemap._process_sitemap_element event=line locals={}
2026-08-23 04:33:14.185 /testbed/scrapy/utils/sitemap.py:79 scrapy.utils.sitemap.Sitemap._process_sitemap_element event=line locals={}
2026-08-23 04:33:14.185 /testbed/scrapy/utils/sitemap.py:80 scrapy.utils.sitemap.Sitemap._process_sitemap_element event=line locals={'d': "{'changefreq': 'value-5', 'loc': 'https://example.invalid/155/3', 'lastmod': 'value-15', 'priority': 'value-93'}"}
2026-08-23 04:33:14.185 /testbed/scrapy/utils/sitemap.py:83 scrapy.utils.sitemap.Sitemap._process_sitemap_element event=line locals={}
2026-08-23 04:33:14.185 /testbed/scrapy/utils/sitemap.py:69 scrapy.utils.sitemap.Sitemap._process_sitemap_element event=line locals={}
2026-08-23 04:33:14.185 /testbed/scrapy/utils/sitemap.py:70 scrapy.utils.sitemap.Sitemap._process_sitemap_element event=line locals={'el': '<Element lastmod at 0x7ac8b2f46ec0>'}
2026-08-23 04:33:14.185 /testbed/scrapy/utils/sitemap.py:71 scrapy.utils.sitemap.Sitemap._process_sitemap_element event=line locals={}
2026-08-23 04:33:14.185 /testbed/scrapy/utils/sitemap.py:72 scrapy.utils.sitemap.Sitemap._process_sitemap_element event=line locals={'tag_name': "'lastmod'"}
2026-08-23 04:33:14.185 /testbed/scrapy/utils/sitemap.py:75 scrapy.utils.sitemap.Sitemap._process_sitemap_element event=line locals={}
2026-08-23 04:33:14.185 /testbed/scrapy/utils/sitemap.py:79 scrapy.utils.sitemap.Sitemap._process_sitemap_element event=line locals={}
2026-08-23 04:33:14.185 /testbed/scrapy/utils/sitemap.py:80 scrapy.utils.sitemap.Sitemap._process_sitemap_element event=line locals={'d': "{'changefreq': 'value-5', 'loc': 'https://example.invalid/155/3', 'lastmod': 'value-18', 'priority': 'value-93'}"}
2026-08-23 04:33:14.185 /testbed/scrapy/utils/sitemap.py:83 scrapy.utils.sitemap.Sitemap._process_sitemap_element event=line locals={}
2026-08-23 04:33:14.185 /testbed/scrapy/utils/sitemap.py:69 scrapy.utils.sitemap.Sitemap._process_sitemap_element event=line locals={}
2026-08-23 04:33:14.185 /testbed/scrapy/utils/sitemap.py:70 scrapy.utils.sitemap.Sitemap._process_sitemap_element event=line locals={'el': '<Element changefreq at 0x7ac8b2f46f80>'}
2026-08-23 04:33:14.185 /testbed/scrapy/utils/sitemap.py:71 scrapy.utils.sitemap.Sitemap._process_sitemap_element event=line locals={}
2026-08-23 04:33:14.185 /testbed/scrapy/utils/sitemap.py:72 scrapy.utils.sitemap.Sitemap._process_sitemap_element event=line locals={'tag_name': "'changefreq'"}
2026-08-23 04:33:14.185 /testbed/scrapy/utils/sitemap.py:75 scrapy.utils.sitemap.Sitemap._process_sitemap_element event=line locals={}
2026-08-23 04:33:14.185 /testbed/scrapy/utils/sitemap.py:79 scrapy.utils.sitemap.Sitemap._process_sitemap_element event=line locals={}
2026-08-23 04:33:14.185 /testbed/scrapy/utils/sitemap.py:80 scrapy.utils.sitemap.Sitemap._process_sitemap_element event=line locals={'d': "{'changefreq': 'value-31', 'loc': 'https://example.invalid/155/3', 'lastmod': 'value-18', 'priority': 'value-93'}"}
2026-08-23 04:33:14.185 /testbed/scrapy/utils/sitemap.py:83 scrapy.utils.sitemap.Sitemap._process_sitemap_element event=line locals={}
2026-08-23 04:33:14.185 /testbed/scrapy/utils/sitemap.py:69 scrapy.utils.sitemap.Sitemap._process_sitemap_element event=line locals={}
2026-08-23 04:33:14.185 /testbed/scrapy/utils/sitemap.py:70 scrapy.utils.sitemap.Sitemap._process_sitemap_element event=line locals={'el': '<Element changefreq at 0x7ac8b2f46fc0>'}
2026-08-23 04:33:14.185 /testbed/scrapy/utils/sitemap.py:71 scrapy.utils.sitemap.Sitemap._process_sitemap_element event=line locals={}
2026-08-23 04:33:14.185 /testbed/scrapy/utils/sitemap.py:72 scrapy.utils.sitemap.Sitemap._process_sitemap_element event=line locals={}
2026-08-23 04:33:14.185 /testbed/scrapy/utils/sitemap.py:75 scrapy.utils.sitemap.Sitemap._process_sitemap_element event=line locals={}
2026-08-23 04:33:14.185 /testbed/scrapy/utils/sitemap.py:79 scrapy.utils.sitemap.Sitemap._process_sitemap_element event=line locals={}
2026-08-23 04:33:14.185 /testbed/scrapy/utils/sitemap.py:80 scrapy.utils.sitemap.Sitemap._process_sitemap_element event=line locals={'d': "{'changefreq': 'value-44', 'loc': 'https://example.invalid/155/3', 'lastmod': 'value-18', 'priority': 'value-93'}"}
2026-08-23 04:33:14.185 /testbed/scrapy/utils/sitemap.py:83 scrapy.utils.sitemap.Sitemap._process_sitemap_element event=line locals={}
2026-08-23 04:33:14.185 /testbed/scrapy/utils/sitemap.py:69 scrapy.utils.sitemap.Sitemap._process_sitemap_element event=line locals={}
2026-08-23 04:33:14.185 /testbed/scrapy/utils/sitemap.py:70 scrapy.utils.sitemap.Sitemap._process_sitemap_element event=line locals={'el': '<Element changefreq at 0x7ac8b2f46ec0>'}
2026-08-23 04:33:14.185 /testbed/scrapy/utils/sitemap.py:71 scrapy.utils.sitemap.Sitemap._process_sitemap_element event=line locals={}
2026-08-23 04:33:14.185 /testbed/scrapy/utils/sitemap.py:72 scrapy.utils.sitemap.Sitemap._process_sitemap_element event=line locals={}
2026-08-23 04:33:14.185 /testbed/scrapy/utils/sitemap.py:75 scrapy.utils.sitemap.Sitemap._process_sitemap_element event=line locals={}
2026-08-23 04:33:14.185 /testbed/scrapy/utils/sitemap.py:79 scrapy.utils.sitemap.Sitemap._process_sitemap_element event=line locals={}
2026-08-23 04:33:14.185 /testbed/scrapy/utils/sitemap.py:80 scrapy.utils.sitemap.Sitemap._process_sitemap_element event=line locals={'d': "{'changefreq': 'value-57', 'loc': 'https://example.invalid/155/3', 'lastmod': 'value-18', 'priority': 'value-93'}"}
2026-08-23 04:33:14.185 /testbed/scrapy/utils/sitemap.py:83 scrapy.utils.sitemap.Sitemap._process_sitemap_element event=line locals={}
2026-08-23 04:33:14.185 /testbed/scrapy/utils/sitemap.py:69 scrapy.utils.sitemap.Sitemap._process_sitemap_element event=line locals={}
2026-08-23 04:33:14.185 /testbed/scrapy/utils/sitemap.py:70 scrapy.utils.sitemap.Sitemap._process_sitemap_element event=line locals={'el': '<Element changefreq at 0x7ac8b2f46f80>'}
2026-08-23 04:33:14.185 /testbed/scrapy/utils/sitemap.py:71 scrapy.utils.sitemap.Sitemap._process_sitemap_element event=line locals={}
2026-08-23 04:33:14.185 /testbed/scrapy/utils/sitemap.py:72 scrapy.utils.sitemap.Sitemap._process_sitemap_element event=line locals={}
2026-08-23 04:33:14.185 /testbed/scrapy/utils/sitemap.py:75 scrapy.utils.sitemap.Sitemap._process_sitemap_element event=line locals={}
2026-08-23 04:33:14.185 /testbed/scrapy/utils/sitemap.py:79 scrapy.utils.sitemap.Sitemap._process_sitemap_element event=line locals={}
2026-08-23 04:33:14.185 /testbed/scrapy/utils/sitemap.py:80 scrapy.utils.sitemap.Sitemap._process_sitemap_element event=line locals={'d': "{'changefreq': 'value-70', 'loc': 'https://example.invalid/155/3', 'lastmod': 'value-18', 'priority': 'value-93'}"}
2026-08-23 04:33:14.185 /testbed/scrapy/utils/sitemap.py:83 scrapy.utils.sitemap.Sitemap._process_sitemap_element event=line locals={}
2026-08-23 04:33:14.185 /testbed/scrapy/utils/sitemap.py:69 scrapy.utils.sitemap.Sitemap._process_sitemap_element event=line locals={}
2026-08-23 04:33:14.185 /testbed/scrapy/utils/sitemap.py:70 scrapy.utils.sitemap.Sitemap._process_sitemap_element event=line locals={'el': '<Element {http://www.w3.org/1999/xhtml}link at 0x7ac8b2f46fc0>'}
2026-08-23 04:33:14.185 /testbed/scrapy/utils/sitemap.py:71 scrapy.utils.sitemap.Sitemap._process_sitemap_element event=line locals={}
2026-08-23 04:33:14.185 /testbed/scrapy/utils/sitemap.py:72 scrapy.utils.sitemap.Sitemap._process_sitemap_element event=line locals={'tag_name': "'link'"}
2026-08-23 04:33:14.185 /testbed/scrapy/utils/sitemap.py:75 scrapy.utils.sitemap.Sitemap._process_sitemap_element event=line locals={}
2026-08-23 04:33:14.185 /testbed/scrapy/utils/sitemap.py:76 scrapy.utils.sitemap.Sitemap._process_sitemap_element event=line locals={}
2026-08-23 04:33:14.185 /testbed/scrapy/utils/sitemap.py:83 scrapy.utils.sitemap.Sitemap._process_sitemap_element event=line locals={'href': 'None'}
2026-08-23 04:33:14.185 /testbed/scrapy/utils/sitemap.py:69 scrapy.utils.sitemap.Sitemap._process_sitemap_element event=line locals={}
2026-08-23 04:33:14.185 /testbed/scrapy/utils/sitemap.py:70 scrapy.utils.sitemap.Sitemap._process_sitemap_element event=line locals={'el': '<Element changefreq at 0x7ac8b2f46ec0>'}
2026-08-23 04:33:14.185 /testbed/scrapy/utils/sitemap.py:71 scrapy.utils.sitemap.Sitemap._process_sitemap_element event=line locals={}
2026-08-23 04:33:14.185 /testbed/scrapy/utils/sitemap.py:72 scrapy.utils.sitemap.Sitemap._process_sitemap_element event=line locals={'tag_name': "'changefreq'"}
2026-08-23 04:33:14.185 /testbed/scrapy/utils/sitemap.py:75 scrapy.utils.sitemap.Sitemap._process_sitemap_element event=line locals={}
2026-08-23 04:33:14.185 /testbed/scrapy/utils/sitemap.py:79 scrapy.utils.sitemap.Sitemap._process_sitemap_element event=line locals={}
2026-08-23 04:33:14.185 /testbed/scrapy/utils/sitemap.py:80 scrapy.utils.sitemap.Sitemap._process_sitemap_element event=line locals={'d': "{'changefreq': 'value-96', 'loc': 'https://example.invalid/155/3', 'lastmod': 'value-18', 'priority': 'value-93'}"}
2026-08-23 04:33:14.185 /testbed/scrapy/utils/sitemap.py:83 scrapy.utils.sitemap.Sitemap._process_sitemap_element event=line locals={}
2026-08-23 04:33:14.185 /testbed/scrapy/utils/sitemap.py:69 scrapy.utils.sitemap.Sitemap._process_sitemap_element event=line locals={}
2026-08-23 04:33:14.186 /testbed/scrapy/utils/sitemap.py:70 scrapy.utils.sitemap.Sitemap._process_sitemap_element event=line locals={'el': '<!--generated-21-->'}
2026-08-23 04:33:14.186 /testbed/scrapy/utils/sitemap.py:71 scrapy.utils.sitemap.Sitemap._process_sitemap_element event=line locals={}
2026-08-23 04:33:14.186 /testbed/scrapy/utils/sitemap.py:72 scrapy.utils.sitemap.Sitemap._process_sitemap_element event=line locals={'tag_name': "''"}
2026-08-23 04:33:14.186 /testbed/scrapy/utils/sitemap.py:73 scrapy.utils.sitemap.Sitemap._process_sitemap_element event=line locals={}
2026-08-23 04:33:14.186 /testbed/scrapy/utils/sitemap.py:83 scrapy.utils.sitemap.Sitemap._process_sitemap_element event=line locals={}
2026-08-23 04:33:14.186 /testbed/scrapy/utils/sitemap.py:69 scrapy.utils.sitemap.Sitemap._process_sitemap_element event=line locals={}
2026-08-23 04:33:14.186 /testbed/scrapy/utils/sitemap.py:70 scrapy.utils.sitemap.Sitemap._process_sitemap_element event=line locals={'el': '<Element lastmod at 0x7ac8b2f47040>'}
2026-08-23 04:33:14.186 /testbed/scrapy/utils/sitemap.py:71 scrapy.utils.sitemap.Sitemap._process_sitemap_element event=line locals={}
2026-08-23 04:33:14.186 /testbed/scrapy/utils/sitemap.py:72 scrapy.utils.sitemap.Sitemap._process_sitemap_element event=line locals={'tag_name': "'lastmod'"}
2026-08-23 04:33:14.186 /testbed/scrapy/utils/sitemap.py:75 scrapy.utils.sitemap.Sitemap._process_sitemap_element event=line locals={}
2026-08-23 04:33:14.186 /testbed/scrapy/utils/sitemap.py:79 scrapy.utils.sitemap.Sitemap._process_sitemap_element event=line locals={}
2026-08-23 04:33:14.186 /testbed/scrapy/utils/sitemap.py:80 scrapy.utils.sitemap.Sitemap._process_sitemap_element event=line locals={'d': "{'changefreq': 'value-96', 'loc': 'https://example.invalid/155/3', 'lastmod': 'value-21', 'priority': 'value-93'}"}
2026-08-23 04:33:14.186 /testbed/scrapy/utils/sitemap.py:83 scrapy.utils.sitemap.Sitemap._process_sitemap_element event=line locals={}
2026-08-23 04:33:14.186 /testbed/scrapy/utils/sitemap.py:69 scrapy.utils.sitemap.Sitemap._process_sitemap_element event=line locals={}
2026-08-23 04:33:14.186 /testbed/scrapy/utils/sitemap.py:70 scrapy.utils.sitemap.Sitemap._process_sitemap_element event=line locals={'el': '<Element changefreq at 0x7ac8b2f46f80>'}
2026-08-23 04:33:14.186 /testbed/scrapy/utils/sitemap.py:71 scrapy.utils.sitemap.Sitemap._process_sitemap_element event=line locals={}
2026-08-23 04:33:14.186 /testbed/scrapy/utils/sitemap.py:72 scrapy.utils.sitemap.Sitemap._process_sitemap_element event=line locals={'tag_name': "'changefreq'"}
2026-08-23 04:33:14.186 /testbed/scrapy/utils/sitemap.py:75 scrapy.utils.sitemap.Sitemap._process_sitemap_element event=line locals={}
2026-08-23 04:33:14.186 /testbed/scrapy/utils/sitemap.py:79 scrapy.utils.sitemap.Sitemap._process_sitemap_element event=line locals={}
2026-08-23 04:33:14.186 /testbed/scrapy/utils/sitemap.py:80 scrapy.utils.sitemap.Sitemap._process_sitemap_element event=line locals={'d': "{'changefreq': 'value-34', 'loc': 'https://example.invalid/155/3', 'lastmod': 'value-21', 'priority': 'value-93'}"}
2026-08-23 04:33:14.186 /testbed/scrapy/utils/sitemap.py:83 scrapy.utils.sitemap.Sitemap._process_sitemap_element event=line locals={}
2026-08-23 04:33:14.186 /testbed/scrapy/utils/sitemap.py:69 scrapy.utils.sitemap.Sitemap._process_sitemap_element event=line locals={}
2026-08-23 04:33:14.186 /testbed/scrapy/utils/sitemap.py:70 scrapy.utils.sitemap.Sitemap._process_sitemap_element event=line locals={'el': '<Element lastmod at 0x7ac8b2f47080>'}
2026-08-23 04:33:14.186 /testbed/scrapy/utils/sitemap.py:71 scrapy.utils.sitemap.Sitemap._process_sitemap_element event=line locals={}
2026-08-23 04:33:14.186 /testbed/scrapy/utils/sitemap.py:72 scrapy.utils.sitemap.Sitemap._process_sitemap_element event=line locals={'tag_name': "'lastmod'"}
2026-08-23 04:33:14.186 /testbed/scrapy/utils/sitemap.py:75 scrapy.utils.sitemap.Sitemap._process_sitemap_element event=line locals={}
2026-08-23 04:33:14.186 /testbed/scrapy/utils/sitemap.py:79 scrapy.utils.sitemap.Sitemap._process_sitemap_element event=line locals={}
2026-08-23 04:33:14.186 /testbed/scrapy/utils/sitemap.py:80 scrapy.utils.sitemap.Sitemap._process_sitemap_element event=line locals={'d': "{'changefreq': 'value-34', 'loc': 'https://example.invalid/155/3', 'lastmod': 'value-47', 'priority': 'value-93'}"}
2026-08-23 04:33:14.186 /testbed/scrapy/utils/sitemap.py:83 scrapy.utils.sitemap.Sitemap._process_sitemap_element event=line locals={}
2026-08-23 04:33:14.186 /testbed/scrapy/utils/sitemap.py:69 scrapy.utils.sitemap.Sitemap._process_sitemap_element event=line locals={}
2026-08-23 04:33:14.186 /testbed/scrapy/utils/sitemap.py:70 scrapy.utils.sitemap.Sitemap._process_sitemap_element event=line locals={'el': '<Element changefreq at 0x7ac8b2f46ec0>'}
2026-08-23 04:33:14.186 /testbed/scrapy/utils/sitemap.py:71 scrapy.utils.sitemap.Sitemap._process_sitemap_element event=line locals={}
2026-08-23 04:33:14.186 /testbed/scrapy/utils/sitemap.py:72 scrapy.utils.sitemap.Sitemap._process_sitemap_element event=line locals={'tag_name': "'changefreq'"}
2026-08-23 04:33:14.186 /testbed/scrapy/utils/sitemap.py:75 scrapy.utils.sitemap.Sitemap._process_sitemap_element event=line locals={}
2026-08-23 04:33:14.186 /testbed/scrapy/utils/sitemap.py:79 scrapy.utils.sitemap.Sitemap._process_sitemap_element event=line locals={}
2026-08-23 04:33:14.186 /testbed/scrapy/utils/sitemap.py:80 scrapy.utils.sitemap.Sitemap._process_sitemap_element event=line locals={'d': "{'changefreq': 'value-60', 'loc': 'https://example.invalid/155/3', 'lastmod': 'value-47', 'priority': 'value-93'}"}
2026-08-23 04:33:14.186 /testbed/scrapy/utils/sitemap.py:83 scrapy.utils.sitemap.Sitemap._process_sitemap_element event=line locals={}
2026-08-23 04:33:14.186 /testbed/scrapy/utils/sitemap.py:69 scrapy.utils.sitemap.Sitemap._process_sitemap_element event=line locals={}
2026-08-23 04:33:14.186 /testbed/scrapy/utils/sitemap.py:70 scrapy.utils.sitemap.Sitemap._process_sitemap_element event=line locals={'el': '<!--generated-26-->'}
2026-08-23 04:33:14.186 /testbed/scrapy/utils/sitemap.py:71 scrapy.utils.sitemap.Sitemap._process_sitemap_element event=line locals={}
2026-08-23 04:33:14.186 /testbed/scrapy/utils/sitemap.py:72 scrapy.utils.sitemap.Sitemap._process_sitemap_element event=line locals={'tag_name': "''"}
2026-08-23 04:33:14.186 /testbed/scrapy/utils/sitemap.py:73 scrapy.utils.sitemap.Sitemap._process_sitemap_element event=line locals={}
2026-08-23 04:33:14.186 /testbed/scrapy/utils/sitemap.py:83 scrapy.utils.sitemap.Sitemap._process_sitemap_element event=line locals={}
2026-08-23 04:33:14.186 /testbed/scrapy/utils/sitemap.py:69 scrapy.utils.sitemap.Sitemap._process_sitemap_element event=line locals={}
2026-08-23 04:33:14.186 /testbed/scrapy/utils/sitemap.py:70 scrapy.utils.sitemap.Sitemap._process_sitemap_element event=line locals={'el': '<Element lastmod at 0x7ac8b2f46fc0>'}
2026-08-23 04:33:14.186 /testbed/scrapy/utils/sitemap.py:71 scrapy.utils.sitemap.Sitemap._process_sitemap_element event=line locals={}
2026-08-23 04:33:14.186 /testbed/scrapy/utils/sitemap.py:72 scrapy.utils.sitemap.Sitemap._process_sitemap_element event=line locals={'tag_name': "'lastmod'"}
2026-08-23 04:33:14.186 /testbed/scrapy/utils/sitemap.py:75 scrapy.utils.sitemap.Sitemap._process_sitemap_element event=line locals={}
2026-08-23 04:33:14.186 /testbed/scrapy/utils/sitemap.py:79 scrapy.utils.sitemap.Sitemap._process_sitemap_element event=line locals={}
2026-08-23 04:33:14.186 /testbed/scrapy/utils/sitemap.py:80 scrapy.utils.sitemap.Sitemap._process_sitemap_element event=line locals={'d': "{'changefreq': 'value-60', 'loc': 'https://example.invalid/155/3', 'lastmod': 'value-86', 'priority': 'value-93'}"}
2026-08-23 04:33:14.186 /testbed/scrapy/utils/sitemap.py:83 scrapy.utils.sitemap.Sitemap._process_sitemap_element event=line locals={}
2026-08-23 04:33:14.186 /testbed/scrapy/utils/sitemap.py:69 scrapy.utils.sitemap.Sitemap._process_sitemap_element event=line locals={}
2026-08-23 04:33:14.186 /testbed/scrapy/utils/sitemap.py:70 scrapy.utils.sitemap.Sitemap._process_sitemap_element event=line locals={'el': '<!--generated-28-->'}
2026-08-23 04:33:14.186 /testbed/scrapy/utils/sitemap.py:71 scrapy.utils.sitemap.Sitemap._process_sitemap_element event=line locals={}
2026-08-23 04:33:14.186 /testbed/scrapy/utils/sitemap.py:72 scrapy.utils.sitemap.Sitemap._process_sitemap_element event=line locals={'tag_name': "''"}
2026-08-23 04:33:14.186 /testbed/scrapy/utils/sitemap.py:73 scrapy.utils.sitemap.Sitemap._process_sitemap_element event=line locals={}
2026-08-23 04:33:14.186 /testbed/scrapy/utils/sitemap.py:83 scrapy.utils.sitemap.Sitemap._process_sitemap_element event=line locals={}
2026-08-23 04:33:14.186 /testbed/scrapy/utils/sitemap.py:69 scrapy.utils.sitemap.Sitemap._process_sitemap_element event=line locals={}
2026-08-23 04:33:14.186 /testbed/scrapy/utils/sitemap.py:70 scrapy.utils.sitemap.Sitemap._process_sitemap_element event=line locals={'el': '<Element lastmod at 0x7ac8b2f47000>'}
2026-08-23 04:33:14.186 /testbed/scrapy/utils/sitemap.py:71 scrapy.utils.sitemap.Sitemap._process_sitemap_element event=line locals={}
2026-08-23 04:33:14.187 /testbed/scrapy/utils/sitemap.py:72 scrapy.utils.sitemap.Sitemap._process_sitemap_element event=line locals={'tag_name': "'lastmod'"}
2026-08-23 04:33:14.187 /testbed/scrapy/utils/sitemap.py:75 scrapy.utils.sitemap.Sitemap._process_sitemap_element event=line locals={}
2026-08-23 04:33:14.187 /testbed/scrapy/utils/sitemap.py:79 scrapy.utils.sitemap.Sitemap._process_sitemap_element event=line locals={}
2026-08-23 04:33:14.187 /testbed/scrapy/utils/sitemap.py:80 scrapy.utils.sitemap.Sitemap._process_sitemap_element event=line locals={'d': "{'changefreq': 'value-60', 'loc': 'https://example.invalid/155/3', 'lastmod': 'value-11', 'priority': 'value-93'}"}
2026-08-23 04:33:14.187 /testbed/scrapy/utils/sitemap.py:83 scrapy.utils.sitemap.Sitemap._process_sitemap_element event=line locals={}
2026-08-23 04:33:14.187 /testbed/scrapy/utils/sitemap.py:69 scrapy.utils.sitemap.Sitemap._process_sitemap_element event=line locals={}
2026-08-23 04:33:14.187 /testbed/scrapy/utils/sitemap.py:70 scrapy.utils.sitemap.Sitemap._process_sitemap_element event=line locals={'el': '<Element changefreq at 0x7ac8b2f46d80>'}
2026-08-23 04:33:14.187 /testbed/scrapy/utils/sitemap.py:71 scrapy.utils.sitemap.Sitemap._process_sitemap_element event=line locals={}
2026-08-23 04:33:14.187 /testbed/scrapy/utils/sitemap.py:72 scrapy.utils.sitemap.Sitemap._process_sitemap_element event=line locals={'tag_name': "'changefreq'"}
2026-08-23 04:33:14.187 /testbed/scrapy/utils/sitemap.py:75 scrapy.utils.sitemap.Sitemap._process_sitemap_element event=line locals={}
2026-08-23 04:33:14.187 /testbed/scrapy/utils/sitemap.py:79 scrapy.utils.sitemap.Sitemap._process_sitemap_element event=line locals={}
2026-08-23 04:33:14.187 /testbed/scrapy/utils/sitemap.py:80 scrapy.utils.sitemap.Sitemap._process_sitemap_element event=line locals={'d': "{'changefreq': 'value-24', 'loc': 'https://example.invalid/155/3', 'lastmod': 'value-11', 'priority': 'value-93'}"}
2026-08-23 04:33:14.187 /testbed/scrapy/utils/sitemap.py:83 scrapy.utils.sitemap.Sitemap._process_sitemap_element event=line locals={}
2026-08-23 04:33:14.187 /testbed/scrapy/utils/sitemap.py:69 scrapy.utils.sitemap.Sitemap._process_sitemap_element event=line locals={}
2026-08-23 04:33:14.187 /testbed/scrapy/utils/sitemap.py:70 scrapy.utils.sitemap.Sitemap._process_sitemap_element event=line locals={'el': '<Element lastmod at 0x7ac8b2f47040>'}
2026-08-23 04:33:14.187 /testbed/scrapy/utils/sitemap.py:71 scrapy.utils.sitemap.Sitemap._process_sitemap_element event=line locals={}
2026-08-23 04:33:14.187 /testbed/scrapy/utils/sitemap.py:72 scrapy.utils.sitemap.Sitemap._process_sitemap_element event=line locals={'tag_name': "'lastmod'"}
2026-08-23 04:33:14.187 /testbed/scrapy/utils/sitemap.py:75 scrapy.utils.sitemap.Sitemap._process_sitemap_element event=line locals={}
2026-08-23 04:33:14.187 /testbed/scrapy/utils/sitemap.py:79 scrapy.utils.sitemap.Sitemap._process_sitemap_element event=line locals={}
2026-08-23 04:33:14.187 /testbed/scrapy/utils/sitemap.py:80 scrapy.utils.sitemap.Sitemap._process_sitemap_element event=line locals={'d': "{'changefreq': 'value-24', 'loc': 'https://example.invalid/155/3', 'lastmod': 'value-37', 'priority': 'value-93'}"}
2026-08-23 04:33:14.187 /testbed/scrapy/utils/sitemap.py:83 scrapy.utils.sitemap.Sitemap._process_sitemap_element event=line locals={}
2026-08-23 04:33:14.187 /testbed/scrapy/utils/sitemap.py:69 scrapy.utils.sitemap.Sitemap._process_sitemap_element event=line locals={}
2026-08-23 04:33:14.187 /testbed/scrapy/utils/sitemap.py:70 scrapy.utils.sitemap.Sitemap._process_sitemap_element event=line locals={'el': '<Element lastmod at 0x7ac8b2f46fc0>'}
2026-08-23 04:33:14.187 /testbed/scrapy/utils/sitemap.py:71 scrapy.utils.sitemap.Sitemap._process_sitemap_element event=line locals={}
2026-08-23 04:33:14.187 /testbed/scrapy/utils/sitemap.py:72 scrapy.utils.sitemap.Sitemap._process_sitemap_element event=line locals={}
2026-08-23 04:33:14.187 /testbed/scrapy/utils/sitemap.py:75 scrapy.utils.sitemap.Sitemap._process_sitemap_element event=line locals={}
2026-08-23 04:33:14.187 /testbed/scrapy/utils/sitemap.py:79 scrapy.utils.sitemap.Sitemap._process_sitemap_element event=line locals={}
2026-08-23 04:33:14.187 /testbed/scrapy/utils/sitemap.py:80 scrapy.utils.sitemap.Sitemap._process_sitemap_element event=line locals={'d': "{'changefreq': 'value-24', 'loc': 'https://example.invalid/155/3', 'lastmod': 'value-50', 'priority': 'value-93'}"}
2026-08-23 04:33:14.187 /testbed/scrapy/utils/sitemap.py:83 scrapy.utils.sitemap.Sitemap._process_sitemap_element event=line locals={}
2026-08-23 04:33:14.187 /testbed/scrapy/utils/sitemap.py:69 scrapy.utils.sitemap.Sitemap._process_sitemap_element event=line locals={}
2026-08-23 04:33:14.187 /testbed/scrapy/utils/sitemap.py:70 scrapy.utils.sitemap.Sitemap._process_sitemap_element event=line locals={'el': '<Element changefreq at 0x7ac8b2f46e80>'}
2026-08-23 04:33:14.187 /testbed/scrapy/utils/sitemap.py:71 scrapy.utils.sitemap.Sitemap._process_sitemap_element event=line locals={}
2026-08-23 04:33:14.187 /testbed/scrapy/utils/sitemap.py:72 scrapy.utils.sitemap.Sitemap._process_sitemap_element event=line locals={'tag_name': "'changefreq'"}
2026-08-23 04:33:14.187 /testbed/scrapy/utils/sitemap.py:75 scrapy.utils.sitemap.Sitemap._process_sitemap_element event=line locals={}
2026-08-23 04:33:14.187 /testbed/scrapy/utils/sitemap.py:79 scrapy.utils.sitemap.Sitemap._process_sitemap_element event=line locals={}
2026-08-23 04:33:14.187 /testbed/scrapy/utils/sitemap.py:80 scrapy.utils.sitemap.Sitemap._process_sitemap_element event=line locals={'d': "{'changefreq': 'value-63', 'loc': 'https://example.invalid/155/3', 'lastmod': 'value-50', 'priority': 'value-93'}"}
2026-08-23 04:33:14.187 /testbed/scrapy/utils/sitemap.py:83 scrapy.utils.sitemap.Sitemap._process_sitemap_element event=line locals={}
2026-08-23 04:33:14.187 /testbed/scrapy/utils/sitemap.py:69 scrapy.utils.sitemap.Sitemap._process_sitemap_element event=line locals={}
2026-08-23 04:33:14.187 /testbed/scrapy/utils/sitemap.py:70 scrapy.utils.sitemap.Sitemap._process_sitemap_element event=line locals={'el': '<Element lastmod at 0x7ac8b2f47080>'}
2026-08-23 04:33:14.187 /testbed/scrapy/utils/sitemap.py:71 scrapy.utils.sitemap.Sitemap._process_sitemap_element event=line locals={}
2026-08-23 04:33:14.187 /testbed/scrapy/utils/sitemap.py:72 scrapy.utils.sitemap.Sitemap._process_sitemap_element event=line locals={'tag_name': "'lastmod'"}
2026-08-23 04:33:14.187 /testbed/scrapy/utils/sitemap.py:75 scrapy.utils.sitemap.Sitemap._process_sitemap_element event=line locals={}
2026-08-23 04:33:14.187 /testbed/scrapy/utils/sitemap.py:79 scrapy.utils.sitemap.Sitemap._process_sitemap_element event=line locals={}
2026-08-23 04:33:14.187 /testbed/scrapy/utils/sitemap.py:80 scrapy.utils.sitemap.Sitemap._process_sitemap_element event=line locals={'d': "{'changefreq': 'value-63', 'loc': 'https://example.invalid/155/3', 'lastmod': 'value-76', 'priority': 'value-93'}"}
2026-08-23 04:33:14.187 /testbed/scrapy/utils/sitemap.py:83 scrapy.utils.sitemap.Sitemap._process_sitemap_element event=line locals={}
2026-08-23 04:33:14.187 /testbed/scrapy/utils/sitemap.py:69 scrapy.utils.sitemap.Sitemap._process_sitemap_element event=line locals={}
2026-08-23 04:33:14.187 /testbed/scrapy/utils/sitemap.py:70 scrapy.utils.sitemap.Sitemap._process_sitemap_element event=line locals={'el': '<Element lastmod at 0x7ac8b2f470c0>'}
2026-08-23 04:33:14.187 /testbed/scrapy/utils/sitemap.py:71 scrapy.utils.sitemap.Sitemap._process_sitemap_element event=line locals={}
2026-08-23 04:33:14.187 /testbed/scrapy/utils/sitemap.py:72 scrapy.utils.sitemap.Sitemap._process_sitemap_element event=line locals={}
2026-08-23 04:33:14.187 /testbed/scrapy/utils/sitemap.py:75 scrapy.utils.sitemap.Sitemap._process_sitemap_element event=line locals={}
2026-08-23 04:33:14.187 /testbed/scrapy/utils/sitemap.py:79 scrapy.utils.sitemap.Sitemap._process_sitemap_element event=line locals={}
2026-08-23 04:33:14.187 /testbed/scrapy/utils/sitemap.py:80 scrapy.utils.sitemap.Sitemap._process_sitemap_element event=line locals={'d': "{'changefreq': 'value-63', 'loc': 'https://example.invalid/155/3', 'lastmod': 'value-89', 'priority': 'value-93'}"}
2026-08-23 04:33:14.187 /testbed/scrapy/utils/sitemap.py:83 scrapy.utils.sitemap.Sitemap._process_sitemap_element event=line locals={}
2026-08-23 04:33:14.187 /testbed/scrapy/utils/sitemap.py:69 scrapy.utils.sitemap.Sitemap._process_sitemap_element event=line locals={}
2026-08-23 04:33:14.187 /testbed/scrapy/utils/sitemap.py:70 scrapy.utils.sitemap.Sitemap._process_sitemap_element event=line locals={'el': '<Element {http://www.w3.org/1999/xhtml}link at 0x7ac8b2f46d80>'}
2026-08-23 04:33:14.187 /testbed/scrapy/utils/sitemap.py:71 scrapy.utils.sitemap.Sitemap._process_sitemap_element event=line locals={}
2026-08-23 04:33:14.187 /testbed/scrapy/utils/sitemap.py:72 scrapy.utils.sitemap.Sitemap._process_sitemap_element event=line locals={'tag_name': "'link'"}
2026-08-23 04:33:14.187 /testbed/scrapy/utils/sitemap.py:75 scrapy.utils.sitemap.Sitemap._process_sitemap_element event=line locals={}
2026-08-23 04:33:14.187 /testbed/scrapy/utils/sitemap.py:76 scrapy.utils.sitemap.Sitemap._process_sitemap_element event=line locals={}
2026-08-23 04:33:14.187 /testbed/scrapy/utils/sitemap.py:77 scrapy.utils.sitemap.Sitemap._process_sitemap_element event=line locals={'href': "'https://mirror.invalid/24/1'"}
2026-08-23 04:33:14.187 /testbed/scrapy/utils/sitemap.py:83 scrapy.utils.sitemap.Sitemap._process_sitemap_element event=line locals={'alternate': "['https://mirror.invalid/0/1', 'https://mirror.invalid/1/1', 'https://mirror.invalid/9/1', 'https://mirror.invalid/a/1', 'https://mirror.invalid/24/1']"}
2026-08-23 04:33:14.187 /testbed/scrapy/utils/sitemap.py:69 scrapy.utils.sitemap.Sitemap._process_sitemap_element event=line locals={}
2026-08-23 04:33:14.188 /testbed/scrapy/utils/sitemap.py:70 scrapy.utils.sitemap.Sitemap._process_sitemap_element event=line locals={'el': '<Element changefreq at 0x7ac8b2f47000>'}
2026-08-23 04:33:14.188 /testbed/scrapy/utils/sitemap.py:71 scrapy.utils.sitemap.Sitemap._process_sitemap_element event=line locals={}
2026-08-23 04:33:14.188 /testbed/scrapy/utils/sitemap.py:72 scrapy.utils.sitemap.Sitemap._process_sitemap_element event=line locals={'tag_name': "'changefreq'"}
2026-08-23 04:33:14.188 /testbed/scrapy/utils/sitemap.py:75 scrapy.utils.sitemap.Sitemap._process_sitemap_element event=line locals={}
2026-08-23 04:33:14.188 /testbed/scrapy/utils/sitemap.py:79 scrapy.utils.sitemap.Sitemap._process_sitemap_element event=line locals={}
2026-08-23 04:33:14.188 /testbed/scrapy/utils/sitemap.py:80 scrapy.utils.sitemap.Sitemap._process_sitemap_element event=line locals={'d': "{'changefreq': 'value-14', 'loc': 'https://example.invalid/155/3', 'lastmod': 'value-89', 'priority': 'value-93'}"}
2026-08-23 04:33:14.188 /testbed/scrapy/utils/sitemap.py:83 scrapy.utils.sitemap.Sitemap._process_sitemap_element event=line locals={}
2026-08-23 04:33:14.188 /testbed/scrapy/utils/sitemap.py:69 scrapy.utils.sitemap.Sitemap._process_sitemap_element event=line locals={}
2026-08-23 04:33:14.188 /testbed/scrapy/utils/sitemap.py:70 scrapy.utils.sitemap.Sitemap._process_sitemap_element event=line locals={'el': '<Element {http://www.w3.org/1999/xhtml}link at 0x7ac8b2f46e80>'}
2026-08-23 04:33:14.188 /testbed/scrapy/utils/sitemap.py:71 scrapy.utils.sitemap.Sitemap._process_sitemap_element event=line locals={}
2026-08-23 04:33:14.188 /testbed/scrapy/utils/sitemap.py:72 scrapy.utils.sitemap.Sitemap._process_sitemap_element event=line locals={'tag_name': "'link'"}
2026-08-23 04:33:14.188 /testbed/scrapy/utils/sitemap.py:75 scrapy.utils.sitemap.Sitemap._process_sitemap_element event=line locals={}
2026-08-23 04:33:14.188 /testbed/scrapy/utils/sitemap.py:76 scrapy.utils.sitemap.Sitemap._process_sitemap_element event=line locals={}
2026-08-23 04:33:14.188 /testbed/scrapy/utils/sitemap.py:77 scrapy.utils.sitemap.Sitemap._process_sitemap_element event=line locals={'href': "'https://mirror.invalid/26/1'"}
2026-08-23 04:33:14.188 /testbed/scrapy/utils/sitemap.py:83 scrapy.utils.sitemap.Sitemap._process_sitemap_element event=line locals={'alternate': "['https://mirror.invalid/0/1', 'https://mirror.invalid/1/1', 'https://mirror.invalid/9/1', 'https://mirror.invalid/a/1', 'https://mirror.invalid/24/1', 'https://mirror.invalid/26/1']"}
2026-08-23 04:33:14.188 /testbed/scrapy/utils/sitemap.py:69 scrapy.utils.sitemap.Sitemap._process_sitemap_element event=line locals={}
2026-08-23 04:33:14.188 /testbed/scrapy/utils/sitemap.py:70 scrapy.utils.sitemap.Sitemap._process_sitemap_element event=line locals={'el': '<!--generated-39-->'}
2026-08-23 04:33:14.188 /testbed/scrapy/utils/sitemap.py:71 scrapy.utils.sitemap.Sitemap._process_sitemap_element event=line locals={}
2026-08-23 04:33:14.188 /testbed/scrapy/utils/sitemap.py:72 scrapy.utils.sitemap.Sitemap._process_sitemap_element event=line locals={'tag_name': "''"}
2026-08-23 04:33:14.188 /testbed/scrapy/utils/sitemap.py:73 scrapy.utils.sitemap.Sitemap._process_sitemap_element event=line locals={}
2026-08-23 04:33:14.188 /testbed/scrapy/utils/sitemap.py:83 scrapy.utils.sitemap.Sitemap._process_sitemap_element event=line locals={}
2026-08-23 04:33:14.188 /testbed/scrapy/utils/sitemap.py:69 scrapy.utils.sitemap.Sitemap._process_sitemap_element event=line locals={}
2026-08-23 04:33:14.188 /testbed/scrapy/utils/sitemap.py:70 scrapy.utils.sitemap.Sitemap._process_sitemap_element event=line locals={'el': '<Element lastmod at 0x7ac8b2f47040>'}
2026-08-23 04:33:14.188 /testbed/scrapy/utils/sitemap.py:71 scrapy.utils.sitemap.Sitemap._process_sitemap_element event=line locals={}
2026-08-23 04:33:14.188 /testbed/scrapy/utils/sitemap.py:72 scrapy.utils.sitemap.Sitemap._process_sitemap_element event=line locals={'tag_name': "'lastmod'"}
2026-08-23 04:33:14.188 /testbed/scrapy/utils/sitemap.py:75 scrapy.utils.sitemap.Sitemap._process_sitemap_element event=line locals={}
2026-08-23 04:33:14.188 /testbed/scrapy/utils/sitemap.py:79 scrapy.utils.sitemap.Sitemap._process_sitemap_element event=line locals={}
2026-08-23 04:33:14.188 /testbed/scrapy/utils/sitemap.py:80 scrapy.utils.sitemap.Sitemap._process_sitemap_element event=line locals={'d': "{'changefreq': 'value-14', 'loc': 'https://example.invalid/155/3', 'lastmod': 'value-53', 'priority': 'value-93'}"}
2026-08-23 04:33:14.188 /testbed/scrapy/utils/sitemap.py:83 scrapy.utils.sitemap.Sitemap._process_sitemap_element event=line locals={}
2026-08-23 04:33:14.188 /testbed/scrapy/utils/sitemap.py:69 scrapy.utils.sitemap.Sitemap._process_sitemap_element event=line locals={}
2026-08-23 04:33:14.188 /testbed/scrapy/utils/sitemap.py:70 scrapy.utils.sitemap.Sitemap._process_sitemap_element event=line locals={'el': '<Element changefreq at 0x7ac8b2f46e80>'}
2026-08-23 04:33:14.188 /testbed/scrapy/utils/sitemap.py:71 scrapy.utils.sitemap.Sitemap._process_sitemap_element event=line locals={}
2026-08-23 04:33:14.188 /testbed/scrapy/utils/sitemap.py:72 scrapy.utils.sitemap.Sitemap._process_sitemap_element event=line locals={'tag_name': "'changefreq'"}
2026-08-23 04:33:14.188 /testbed/scrapy/utils/sitemap.py:75 scrapy.utils.sitemap.Sitemap._process_sitemap_element event=line locals={}
2026-08-23 04:33:14.188 /testbed/scrapy/utils/sitemap.py:79 scrapy.utils.sitemap.Sitemap._process_sitemap_element event=line locals={}
2026-08-23 04:33:14.188 /testbed/scrapy/utils/sitemap.py:80 scrapy.utils.sitemap.Sitemap._process_sitemap_element event=line locals={'d': "{'changefreq': 'value-66', 'loc': 'https://example.invalid/155/3', 'lastmod': 'value-53', 'priority': 'value-93'}"}
2026-08-23 04:33:14.188 /testbed/scrapy/utils/sitemap.py:83 scrapy.utils.sitemap.Sitemap._process_sitemap_element event=line locals={}
2026-08-23 04:33:14.188 /testbed/scrapy/utils/sitemap.py:69 scrapy.utils.sitemap.Sitemap._process_sitemap_element event=line locals={}
2026-08-23 04:33:14.188 /testbed/scrapy/utils/sitemap.py:70 scrapy.utils.sitemap.Sitemap._process_sitemap_element event=line locals={'el': '<Element lastmod at 0x7ac8b2f46d40>'}
2026-08-23 04:33:14.188 /testbed/scrapy/utils/sitemap.py:71 scrapy.utils.sitemap.Sitemap._process_sitemap_element event=line locals={}
2026-08-23 04:33:14.188 /testbed/scrapy/utils/sitemap.py:72 scrapy.utils.sitemap.Sitemap._process_sitemap_element event=line locals={'tag_name': "'lastmod'"}
2026-08-23 04:33:14.188 /testbed/scrapy/utils/sitemap.py:75 scrapy.utils.sitemap.Sitemap._process_sitemap_element event=line locals={}
2026-08-23 04:33:14.188 /testbed/scrapy/utils/sitemap.py:79 scrapy.utils.sitemap.Sitemap._process_sitemap_element event=line locals={}
2026-08-23 04:33:14.188 /testbed/scrapy/utils/sitemap.py:80 scrapy.utils.sitemap.Sitemap._process_sitemap_element event=line locals={'d': "{'changefreq': 'value-66', 'loc': 'https://example.invalid/155/3', 'lastmod': 'value-79', 'priority': 'value-93'}"}
2026-08-23 04:33:14.188 /testbed/scrapy/utils/sitemap.py:83 scrapy.utils.sitemap.Sitemap._process_sitemap_element event=line locals={}
2026-08-23 04:33:14.188 /testbed/scrapy/utils/sitemap.py:69 scrapy.utils.sitemap.Sitemap._process_sitemap_element event=line locals={}
2026-08-23 04:33:14.188 /testbed/scrapy/utils/sitemap.py:70 scrapy.utils.sitemap.Sitemap._process_sitemap_element event=line locals={'el': '<Element lastmod at 0x7ac8b2f47040>'}
2026-08-23 04:33:14.188 /testbed/scrapy/utils/sitemap.py:71 scrapy.utils.sitemap.Sitemap._process_sitemap_element event=line locals={}
2026-08-23 04:33:14.188 /testbed/scrapy/utils/sitemap.py:72 scrapy.utils.sitemap.Sitemap._process_sitemap_element event=line locals={}
2026-08-23 04:33:14.188 /testbed/scrapy/utils/sitemap.py:75 scrapy.utils.sitemap.Sitemap._process_sitemap_element event=line locals={}
2026-08-23 04:33:14.188 /testbed/scrapy/utils/sitemap.py:79 scrapy.utils.sitemap.Sitemap._process_sitemap_element event=line locals={}
2026-08-23 04:33:14.188 /testbed/scrapy/utils/sitemap.py:80 scrapy.utils.sitemap.Sitemap._process_sitemap_element event=line locals={'d': "{'changefreq': 'value-66', 'loc': 'https://example.invalid/155/3', 'lastmod': 'value-92', 'priority': 'value-93'}"}
2026-08-23 04:33:14.188 /testbed/scrapy/utils/sitemap.py:83 scrapy.utils.sitemap.Sitemap._process_sitemap_element event=line locals={}
2026-08-23 04:33:14.188 /testbed/scrapy/utils/sitemap.py:69 scrapy.utils.sitemap.Sitemap._process_sitemap_element event=line locals={}
2026-08-23 04:33:14.188 /testbed/scrapy/utils/sitemap.py:70 scrapy.utils.sitemap.Sitemap._process_sitemap_element event=line locals={'el': '<!--generated-44-->'}
2026-08-23 04:33:14.188 /testbed/scrapy/utils/sitemap.py:71 scrapy.utils.sitemap.Sitemap._process_sitemap_element event=line locals={}
2026-08-23 04:33:14.188 /testbed/scrapy/utils/sitemap.py:72 scrapy.utils.sitemap.Sitemap._process_sitemap_element event=line locals={'tag_name': "''"}
2026-08-23 04:33:14.188 /testbed/scrapy/utils/sitemap.py:73 scrapy.utils.sitemap.Sitemap._process_sitemap_element event=line locals={}
2026-08-23 04:33:14.188 /testbed/scrapy/utils/sitemap.py:83 scrapy.utils.sitemap.Sitemap._process_sitemap_element event=line locals={}
2026-08-23 04:33:14.188 /testbed/scrapy/utils/sitemap.py:69 scrapy.utils.sitemap.Sitemap._process_sitemap_element event=line locals={}
2026-08-23 04:33:14.188 /testbed/scrapy/utils/sitemap.py:70 scrapy.utils.sitemap.Sitemap._process_sitemap_element event=line locals={'el': '<Element priority at 0x7ac8b2f46d40>'}
2026-08-23 04:33:14.189 /testbed/scrapy/utils/sitemap.py:71 scrapy.utils.sitemap.Sitemap._process_sitemap_element event=line locals={}
2026-08-23 04:33:14.189 /testbed/scrapy/utils/sitemap.py:72 scrapy.utils.sitemap.Sitemap._process_sitemap_element event=line locals={'tag_name': "'priority'"}
2026-08-23 04:33:14.189 /testbed/scrapy/utils/sitemap.py:75 scrapy.utils.sitemap.Sitemap._process_sitemap_element event=line locals={}
2026-08-23 04:33:14.189 /testbed/scrapy/utils/sitemap.py:79 scrapy.utils.sitemap.Sitemap._process_sitemap_element event=line locals={}
2026-08-23 04:33:14.189 /testbed/scrapy/utils/sitemap.py:80 scrapy.utils.sitemap.Sitemap._process_sitemap_element event=line locals={'d': "{'changefreq': 'value-66', 'loc': 'https://example.invalid/155/3', 'lastmod': 'value-92', 'priority': 'value-17'}"}
2026-08-23 04:33:14.189 /testbed/scrapy/utils/sitemap.py:83 scrapy.utils.sitemap.Sitemap._process_sitemap_element event=line locals={}
2026-08-23 04:33:14.189 /testbed/scrapy/utils/sitemap.py:69 scrapy.utils.sitemap.Sitemap._process_sitemap_element event=line locals={}
2026-08-23 04:33:14.189 /testbed/scrapy/utils/sitemap.py:70 scrapy.utils.sitemap.Sitemap._process_sitemap_element event=line locals={'el': '<Element changefreq at 0x7ac8b2f47040>'}
2026-08-23 04:33:14.189 /testbed/scrapy/utils/sitemap.py:71 scrapy.utils.sitemap.Sitemap._process_sitemap_element event=line locals={}
2026-08-23 04:33:14.189 /testbed/scrapy/utils/sitemap.py:72 scrapy.utils.sitemap.Sitemap._process_sitemap_element event=line locals={'tag_name': "'changefreq'"}
2026-08-23 04:33:14.189 /testbed/scrapy/utils/sitemap.py:75 scrapy.utils.sitemap.Sitemap._process_sitemap_element event=line locals={}
2026-08-23 04:33:14.189 /testbed/scrapy/utils/sitemap.py:79 scrapy.utils.sitemap.Sitemap._process_sitemap_element event=line locals={}
2026-08-23 04:33:14.189 /testbed/scrapy/utils/sitemap.py:80 scrapy.utils.sitemap.Sitemap._process_sitemap_element event=line locals={'d': "{'changefreq': 'value-30', 'loc': 'https://example.invalid/155/3', 'lastmod': 'value-92', 'priority': 'value-17'}"}
2026-08-23 04:33:14.189 /testbed/scrapy/utils/sitemap.py:83 scrapy.utils.sitemap.Sitemap._process_sitemap_element event=line locals={}
2026-08-23 04:33:14.189 /testbed/scrapy/utils/sitemap.py:69 scrapy.utils.sitemap.Sitemap._process_sitemap_element event=line locals={}
2026-08-23 04:33:14.189 /testbed/scrapy/utils/sitemap.py:70 scrapy.utils.sitemap.Sitemap._process_sitemap_element event=line locals={'el': '<Element {http://www.w3.org/1999/xhtml}link at 0x7ac8b2f46fc0>'}
2026-08-23 04:33:14.189 /testbed/scrapy/utils/sitemap.py:71 scrapy.utils.sitemap.Sitemap._process_sitemap_element event=line locals={}
2026-08-23 04:33:14.189 /testbed/scrapy/utils/sitemap.py:72 scrapy.utils.sitemap.Sitemap._process_sitemap_element event=line locals={'tag_name': "'link'"}
2026-08-23 04:33:14.189 /testbed/scrapy/utils/sitemap.py:75 scrapy.utils.sitemap.Sitemap._process_sitemap_element event=line locals={}
2026-08-23 04:33:14.189 /testbed/scrapy/utils/sitemap.py:76 scrapy.utils.sitemap.Sitemap._process_sitemap_element event=line locals={}
2026-08-23 04:33:14.189 /testbed/scrapy/utils/sitemap.py:77 scrapy.utils.sitemap.Sitemap._process_sitemap_element event=line locals={'href': "'https://mirror.invalid/2f/1'"}
2026-08-23 04:33:14.189 /testbed/scrapy/utils/sitemap.py:83 scrapy.utils.sitemap.Sitemap._process_sitemap_element event=line locals={'alternate': "['https://mirror.invalid/0/1', 'https://mirror.invalid/1/1', 'https://mirror.invalid/9/1', 'https://mirror.invalid/a/1', 'https://mirror.invalid/24/1', 'https://mirror.invalid/26/1', 'https://mirror.invalid/2f/1']"}
2026-08-23 04:33:14.189 /testbed/scrapy/utils/sitemap.py:69 scrapy.utils.sitemap.Sitemap._process_sitemap_element event=line locals={}
2026-08-23 04:33:14.189 /testbed/scrapy/utils/sitemap.py:70 scrapy.utils.sitemap.Sitemap._process_sitemap_element event=line locals={'el': '<Element priority at 0x7ac8b2f46d40>'}
2026-08-23 04:33:14.189 /testbed/scrapy/utils/sitemap.py:71 scrapy.utils.sitemap.Sitemap._process_sitemap_element event=line locals={}
2026-08-23 04:33:14.189 /testbed/scrapy/utils/sitemap.py:72 scrapy.utils.sitemap.Sitemap._process_sitemap_element event=line locals={'tag_name': "'priority'"}
2026-08-23 04:33:14.189 /testbed/scrapy/utils/sitemap.py:75 scrapy.utils.sitemap.Sitemap._process_sitemap_element event=line locals={}
2026-08-23 04:33:14.189 /testbed/scrapy/utils/sitemap.py:79 scrapy.utils.sitemap.Sitemap._process_sitemap_element event=line locals={}
2026-08-23 04:33:14.189 /testbed/scrapy/utils/sitemap.py:80 scrapy.utils.sitemap.Sitemap._process_sitemap_element event=line locals={'d': "{'changefreq': 'value-30', 'loc': 'https://example.invalid/155/3', 'lastmod': 'value-92', 'priority': 'value-56'}"}
2026-08-23 04:33:14.189 /testbed/scrapy/utils/sitemap.py:83 scrapy.utils.sitemap.Sitemap._process_sitemap_element event=line locals={}
2026-08-23 04:33:14.189 /testbed/scrapy/utils/sitemap.py:69 scrapy.utils.sitemap.Sitemap._process_sitemap_element event=line locals={}
2026-08-23 04:33:14.189 /testbed/scrapy/utils/sitemap.py:70 scrapy.utils.sitemap.Sitemap._process_sitemap_element event=line locals={'el': '<Element priority at 0x7ac8b2f46f00>'}
2026-08-23 04:33:14.189 /testbed/scrapy/utils/sitemap.py:71 scrapy.utils.sitemap.Sitemap._process_sitemap_element event=line locals={}
2026-08-23 04:33:14.189 /testbed/scrapy/utils/sitemap.py:72 scrapy.utils.sitemap.Sitemap._process_sitemap_element event=line locals={}
2026-08-23 04:33:14.189 /testbed/scrapy/utils/sitemap.py:75 scrapy.utils.sitemap.Sitemap._process_sitemap_element event=line locals={}
2026-08-23 04:33:14.189 /testbed/scrapy/utils/sitemap.py:79 scrapy.utils.sitemap.Sitemap._process_sitemap_element event=line locals={}
2026-08-23 04:33:14.189 /testbed/scrapy/utils/sitemap.py:80 scrapy.utils.sitemap.Sitemap._process_sitemap_element event=line locals={'d': "{'changefreq': 'value-30', 'loc': 'https://example.invalid/155/3', 'lastmod': 'value-92', 'priority': 'value-69'}"}
2026-08-23 04:33:14.189 /testbed/scrapy/utils/sitemap.py:83 scrapy.utils.sitemap.Sitemap._process_sitemap_element event=line locals={}
2026-08-23 04:33:14.189 /testbed/scrapy/utils/sitemap.py:69 scrapy.utils.sitemap.Sitemap._process_sitemap_element event=line locals={}
2026-08-23 04:33:14.189 /testbed/scrapy/utils/sitemap.py:70 scrapy.utils.sitemap.Sitemap._process_sitemap_element event=line locals={'el': '<Element changefreq at 0x7ac8b2f46fc0>'}
2026-08-23 04:33:14.189 /testbed/scrapy/utils/sitemap.py:71 scrapy.utils.sitemap.Sitemap._process_sitemap_element event=line locals={}
2026-08-23 04:33:14.189 /testbed/scrapy/utils/sitemap.py:72 scrapy.utils.sitemap.Sitemap._process_sitemap_element event=line locals={'tag_name': "'changefreq'"}
2026-08-23 04:33:14.189 /testbed/scrapy/utils/sitemap.py:75 scrapy.utils.sitemap.Sitemap._process_sitemap_element event=line locals={}
2026-08-23 04:33:14.189 /testbed/scrapy/utils/sitemap.py:79 scrapy.utils.sitemap.Sitemap._process_sitemap_element event=line locals={}
2026-08-23 04:33:14.189 /testbed/scrapy/utils/sitemap.py:80 scrapy.utils.sitemap.Sitemap._process_sitemap_element event=line locals={'d': "{'changefreq': 'value-82', 'loc': 'https://example.invalid/155/3', 'lastmod': 'value-92', 'priority': 'value-69'}"}
2026-08-23 04:33:14.189 /testbed/scrapy/utils/sitemap.py:83 scrapy.utils.sitemap.Sitemap._process_sitemap_element event=line locals={}
2026-08-23 04:33:14.189 /testbed/scrapy/utils/sitemap.py:69 scrapy.utils.sitemap.Sitemap._process_sitemap_element event=line locals={}
2026-08-23 04:33:14.189 /testbed/scrapy/utils/sitemap.py:70 scrapy.utils.sitemap.Sitemap._process_sitemap_element event=line locals={'el': '<Element changefreq at 0x7ac8b2f46d40>'}
2026-08-23 04:33:14.189 /testbed/scrapy/utils/sitemap.py:71 scrapy.utils.sitemap.Sitemap._process_sitemap_element event=line locals={}
2026-08-23 04:33:14.189 /testbed/scrapy/utils/sitemap.py:72 scrapy.utils.sitemap.Sitemap._process_sitemap_element event=line locals={}
2026-08-23 04:33:14.189 /testbed/scrapy/utils/sitemap.py:75 scrapy.utils.sitemap.Sitemap._process_sitemap_element event=line locals={}
2026-08-23 04:33:14.189 /testbed/scrapy/utils/sitemap.py:79 scrapy.utils.sitemap.Sitemap._process_sitemap_element event=line locals={}
2026-08-23 04:33:14.189 /testbed/scrapy/utils/sitemap.py:80 scrapy.utils.sitemap.Sitemap._process_sitemap_element event=line locals={'d': "{'changefreq': 'value-95', 'loc': 'https://example.invalid/155/3', 'lastmod': 'value-92', 'priority': 'value-69'}"}
2026-08-23 04:33:14.189 /testbed/scrapy/utils/sitemap.py:83 scrapy.utils.sitemap.Sitemap._process_sitemap_element event=line locals={}
2026-08-23 04:33:14.189 /testbed/scrapy/utils/sitemap.py:69 scrapy.utils.sitemap.Sitemap._process_sitemap_element event=line locals={}
2026-08-23 04:33:14.189 /testbed/scrapy/utils/sitemap.py:70 scrapy.utils.sitemap.Sitemap._process_sitemap_element event=line locals={'el': '<Element lastmod at 0x7ac8b2f46f00>'}
2026-08-23 04:33:14.189 /testbed/scrapy/utils/sitemap.py:71 scrapy.utils.sitemap.Sitemap._process_sitemap_element event=line locals={}
2026-08-23 04:33:14.189 /testbed/scrapy/utils/sitemap.py:72 scrapy.utils.sitemap.Sitemap._process_sitemap_element event=line locals={'tag_name': "'lastmod'"}
2026-08-23 04:33:14.190 /testbed/scrapy/utils/sitemap.py:75 scrapy.utils.sitemap.Sitemap._process_sitemap_element event=line locals={}
2026-08-23 04:33:14.190 /testbed/scrapy/utils/sitemap.py:79 scrapy.utils.sitemap.Sitemap._process_sitemap_element event=line locals={}
2026-08-23 04:33:14.190 /testbed/scrapy/utils/sitemap.py:80 scrapy.utils.sitemap.Sitemap._process_sitemap_element event=line locals={'d': "{'changefreq': 'value-95', 'loc': 'https://example.invalid/155/3', 'lastmod': 'value-7', 'priority': 'value-69'}"}
2026-08-23 04:33:14.190 /testbed/scrapy/utils/sitemap.py:83 scrapy.utils.sitemap.Sitemap._process_sitemap_element event=line locals={}
2026-08-23 04:33:14.190 /testbed/scrapy/utils/sitemap.py:69 scrapy.utils.sitemap.Sitemap._process_sitemap_element event=line locals={}
2026-08-23 04:33:14.190 /testbed/scrapy/utils/sitemap.py:70 scrapy.utils.sitemap.Sitemap._process_sitemap_element event=line locals={'el': '<Element {http://www.w3.org/1999/xhtml}link at 0x7ac8b2f46fc0>'}
2026-08-23 04:33:14.190 /testbed/scrapy/utils/sitemap.py:71 scrapy.utils.sitemap.Sitemap._process_sitemap_element event=line locals={}
2026-08-23 04:33:14.190 /testbed/scrapy/utils/sitemap.py:72 scrapy.utils.sitemap.Sitemap._process_sitemap_element event=line locals={'tag_name': "'link'"}
2026-08-23 04:33:14.190 /testbed/scrapy/utils/sitemap.py:75 scrapy.utils.sitemap.Sitemap._process_sitemap_element event=line locals={}
2026-08-23 04:33:14.190 /testbed/scrapy/utils/sitemap.py:76 scrapy.utils.sitemap.Sitemap._process_sitemap_element event=line locals={}
2026-08-23 04:33:14.190 /testbed/scrapy/utils/sitemap.py:77 scrapy.utils.sitemap.Sitemap._process_sitemap_element event=line locals={'href': "'https://mirror.invalid/35/1'"}
2026-08-23 04:33:14.190 /testbed/scrapy/utils/sitemap.py:83 scrapy.utils.sitemap.Sitemap._process_sitemap_element event=line locals={'alternate': "['https://mirror.invalid/0/1', 'https://mirror.invalid/1/1', 'https://mirror.invalid/9/1', 'https://mirror.invalid/a/1', 'https://mirror.invalid/24/1', 'https://mirror.invalid/26/1', 'https://mirror.invalid/2f/1', 'https://mirror.invalid/35/1']"}
2026-08-23 04:33:14.190 /testbed/scrapy/utils/sitemap.py:69 scrapy.utils.sitemap.Sitemap._process_sitemap_element event=line locals={}
2026-08-23 04:33:14.190 /testbed/scrapy/utils/sitemap.py:70 scrapy.utils.sitemap.Sitemap._process_sitemap_element event=line locals={'el': '<Element changefreq at 0x7ac8b2f46d40>'}
2026-08-23 04:33:14.190 /testbed/scrapy/utils/sitemap.py:71 scrapy.utils.sitemap.Sitemap._process_sitemap_element event=line locals={}
2026-08-23 04:33:14.190 /testbed/scrapy/utils/sitemap.py:72 scrapy.utils.sitemap.Sitemap._process_sitemap_element event=line locals={'tag_name': "'changefreq'"}
2026-08-23 04:33:14.190 /testbed/scrapy/utils/sitemap.py:75 scrapy.utils.sitemap.Sitemap._process_sitemap_element event=line locals={}
2026-08-23 04:33:14.190 /testbed/scrapy/utils/sitemap.py:79 scrapy.utils.sitemap.Sitemap._process_sitemap_element event=line locals={}
2026-08-23 04:33:14.190 /testbed/scrapy/utils/sitemap.py:80 scrapy.utils.sitemap.Sitemap._process_sitemap_element event=line locals={'d': "{'changefreq': 'value-33', 'loc': 'https://example.invalid/155/3', 'lastmod': 'value-7', 'priority': 'value-69'}"}
2026-08-23 04:33:14.190 /testbed/scrapy/utils/sitemap.py:83 scrapy.utils.sitemap.Sitemap._process_sitemap_element event=line locals={}
2026-08-23 04:33:14.190 /testbed/scrapy/utils/sitemap.py:69 scrapy.utils.sitemap.Sitemap._process_sitemap_element event=line locals={}
2026-08-23 04:33:14.190 /testbed/scrapy/utils/sitemap.py:70 scrapy.utils.sitemap.Sitemap._process_sitemap_element event=line locals={'el': '<Element changefreq at 0x7ac8b2f47040>'}
2026-08-23 04:33:14.190 /testbed/scrapy/utils/sitemap.py:71 scrapy.utils.sitemap.Sitemap._process_sitemap_element event=line locals={}
2026-08-23 04:33:14.190 /testbed/scrapy/utils/sitemap.py:72 scrapy.utils.sitemap.Sitemap._process_sitemap_element event=line locals={}
2026-08-23 04:33:14.190 /testbed/scrapy/utils/sitemap.py:75 scrapy.utils.sitemap.Sitemap._process_sitemap_element event=line locals={}
2026-08-23 04:33:14.190 /testbed/scrapy/utils/sitemap.py:79 scrapy.utils.sitemap.Sitemap._process_sitemap_element event=line locals={}
2026-08-23 04:33:14.190 /testbed/scrapy/utils/sitemap.py:80 scrapy.utils.sitemap.Sitemap._process_sitemap_element event=line locals={'d': "{'changefreq': 'value-46', 'loc': 'https://example.invalid/155/3', 'lastmod': 'value-7', 'priority': 'value-69'}"}
2026-08-23 04:33:14.190 /testbed/scrapy/utils/sitemap.py:83 scrapy.utils.sitemap.Sitemap._process_sitemap_element event=line locals={}
2026-08-23 04:33:14.190 /testbed/scrapy/utils/sitemap.py:69 scrapy.utils.sitemap.Sitemap._process_sitemap_element event=line locals={}
2026-08-23 04:33:14.190 /testbed/scrapy/utils/sitemap.py:70 scrapy.utils.sitemap.Sitemap._process_sitemap_element event=line locals={'el': '<Element priority at 0x7ac8b2f46fc0>'}
2026-08-23 04:33:14.190 /testbed/scrapy/utils/sitemap.py:71 scrapy.utils.sitemap.Sitemap._process_sitemap_element event=line locals={}
2026-08-23 04:33:14.190 /testbed/scrapy/utils/sitemap.py:72 scrapy.utils.sitemap.Sitemap._process_sitemap_element event=line locals={'tag_name': "'priority'"}
2026-08-23 04:33:14.190 /testbed/scrapy/utils/sitemap.py:75 scrapy.utils.sitemap.Sitemap._process_sitemap_element event=line locals={}
2026-08-23 04:33:14.190 /testbed/scrapy/utils/sitemap.py:79 scrapy.utils.sitemap.Sitemap._process_sitemap_element event=line locals={}
2026-08-23 04:33:14.190 /testbed/scrapy/utils/sitemap.py:80 scrapy.utils.sitemap.Sitemap._process_sitemap_element event=line locals={'d': "{'changefreq': 'value-46', 'loc': 'https://example.invalid/155/3', 'lastmod': 'value-7', 'priority': 'value-59'}"}
2026-08-23 04:33:14.190 /testbed/scrapy/utils/sitemap.py:83 scrapy.utils.sitemap.Sitemap._process_sitemap_element event=line locals={}
2026-08-23 04:33:14.190 /testbed/scrapy/utils/sitemap.py:69 scrapy.utils.sitemap.Sitemap._process_sitemap_element event=line locals={}
2026-08-23 04:33:14.190 /testbed/scrapy/utils/sitemap.py:70 scrapy.utils.sitemap.Sitemap._process_sitemap_element event=line locals={'el': '<Element priority at 0x7ac8b2f46d40>'}
2026-08-23 04:33:14.190 /testbed/scrapy/utils/sitemap.py:71 scrapy.utils.sitemap.Sitemap._process_sitemap_element event=line locals={}
2026-08-23 04:33:14.190 /testbed/scrapy/utils/sitemap.py:72 scrapy.utils.sitemap.Sitemap._process_sitemap_element event=line locals={}
2026-08-23 04:33:14.190 /testbed/scrapy/utils/sitemap.py:75 scrapy.utils.sitemap.Sitemap._process_sitemap_element event=line locals={}
2026-08-23 04:33:14.190 /testbed/scrapy/utils/sitemap.py:79 scrapy.utils.sitemap.Sitemap._process_sitemap_element event=line locals={}
2026-08-23 04:33:14.190 /testbed/scrapy/utils/sitemap.py:80 scrapy.utils.sitemap.Sitemap._process_sitemap_element event=line locals={'d': "{'changefreq': 'value-46', 'loc': 'https://example.invalid/155/3', 'lastmod': 'value-7', 'priority': 'value-72'}"}
2026-08-23 04:33:14.190 /testbed/scrapy/utils/sitemap.py:83 scrapy.utils.sitemap.Sitemap._process_sitemap_element event=line locals={}
2026-08-23 04:33:14.190 /testbed/scrapy/utils/sitemap.py:69 scrapy.utils.sitemap.Sitemap._process_sitemap_element event=line locals={}
2026-08-23 04:33:14.190 /testbed/scrapy/utils/sitemap.py:70 scrapy.utils.sitemap.Sitemap._process_sitemap_element event=line locals={'el': '<Element priority at 0x7ac8b2f47040>'}
2026-08-23 04:33:14.190 /testbed/scrapy/utils/sitemap.py:71 scrapy.utils.sitemap.Sitemap._process_sitemap_element event=line locals={}
2026-08-23 04:33:14.190 /testbed/scrapy/utils/sitemap.py:72 scrapy.utils.sitemap.Sitemap._process_sitemap_element event=line locals={}
2026-08-23 04:33:14.190 /testbed/scrapy/utils/sitemap.py:75 scrapy.utils.sitemap.Sitemap._process_sitemap_element event=line locals={}
2026-08-23 04:33:14.190 /testbed/scrapy/utils/sitemap.py:79 scrapy.utils.sitemap.Sitemap._process_sitemap_element event=line locals={}
2026-08-23 04:33:14.190 /testbed/scrapy/utils/sitemap.py:80 scrapy.utils.sitemap.Sitemap._process_sitemap_element event=line locals={'d': "{'changefreq': 'value-46', 'loc': 'https://example.invalid/155/3', 'lastmod': 'value-7', 'priority': 'value-85'}"}
2026-08-23 04:33:14.190 /testbed/scrapy/utils/sitemap.py:83 scrapy.utils.sitemap.Sitemap._process_sitemap_element event=line locals={}
2026-08-23 04:33:14.190 /testbed/scrapy/utils/sitemap.py:69 scrapy.utils.sitemap.Sitemap._process_sitemap_element event=line locals={}
2026-08-23 04:33:14.190 /testbed/scrapy/utils/sitemap.py:70 scrapy.utils.sitemap.Sitemap._process_sitemap_element event=line locals={'el': '<Element {http://www.w3.org/1999/xhtml}link at 0x7ac8b2f46fc0>'}
2026-08-23 04:33:14.190 /testbed/scrapy/utils/sitemap.py:71 scrapy.utils.sitemap.Sitemap._process_sitemap_element event=line locals={}
2026-08-23 04:33:14.190 /testbed/scrapy/utils/sitemap.py:72 scrapy.utils.sitemap.Sitemap._process_sitemap_element event=line locals={'tag_name': "'link'"}
2026-08-23 04:33:14.190 /testbed/scrapy/utils/sitemap.py:75 scrapy.utils.sitemap.Sitemap._process_sitemap_element event=line locals={}
2026-08-23 04:33:14.190 /testbed/scrapy/utils/sitemap.py:76 scrapy.utils.sitemap.Sitemap._process_sitemap_element event=line locals={}
2026-08-23 04:33:14.190 /testbed/scrapy/utils/sitemap.py:77 scrapy.utils.sitemap.Sitemap._process_sitemap_element event=line locals={'href': "'https://mirror.invalid/3b/1'"}
2026-08-23 04:33:14.190 /testbed/scrapy/utils/sitemap.py:83 scrapy.utils.sitemap.Sitemap._process_sitemap_element event=line locals={'alternate': "['https://mirror.invalid/0/1', 'https://mirror.invalid/1/1', 'https://mirror.invalid/9/1', 'https://mirror.invalid/a/1', 'https://mirror.invalid/24/1', 'https://mirror.invalid/26/1', 'https://mirror.invalid/2f/1', 'https://mirror.invalid/35/1', 'https://mirror.invalid/3b/1']"}
2026-08-23 04:33:14.190 /testbed/scrapy/utils/sitemap.py:69 scrapy.utils.sitemap.Sitemap._process_sitemap_element event=line locals={}
2026-08-23 04:33:14.190 /testbed/scrapy/utils/sitemap.py:70 scrapy.utils.sitemap.Sitemap._process_sitemap_element event=line locals={'el': '<Element changefreq at 0x7ac8b2f46d40>'}
2026-08-23 04:33:14.191 /testbed/scrapy/utils/sitemap.py:71 scrapy.utils.sitemap.Sitemap._process_sitemap_element event=line locals={}
2026-08-23 04:33:14.191 /testbed/scrapy/utils/sitemap.py:72 scrapy.utils.sitemap.Sitemap._process_sitemap_element event=line locals={'tag_name': "'changefreq'"}
2026-08-23 04:33:14.191 /testbed/scrapy/utils/sitemap.py:75 scrapy.utils.sitemap.Sitemap._process_sitemap_element event=line locals={}
2026-08-23 04:33:14.191 /testbed/scrapy/utils/sitemap.py:79 scrapy.utils.sitemap.Sitemap._process_sitemap_element event=line locals={}
2026-08-23 04:33:14.191 /testbed/scrapy/utils/sitemap.py:80 scrapy.utils.sitemap.Sitemap._process_sitemap_element event=line locals={'d': "{'changefreq': 'value-10', 'loc': 'https://example.invalid/155/3', 'lastmod': 'value-7', 'priority': 'value-85'}"}
2026-08-23 04:33:14.191 /testbed/scrapy/utils/sitemap.py:83 scrapy.utils.sitemap.Sitemap._process_sitemap_element event=line locals={}
2026-08-23 04:33:14.191 /testbed/scrapy/utils/sitemap.py:69 scrapy.utils.sitemap.Sitemap._process_sitemap_element event=line locals={}
2026-08-23 04:33:14.191 /testbed/scrapy/utils/sitemap.py:70 scrapy.utils.sitemap.Sitemap._process_sitemap_element event=line locals={'el': '<Element lastmod at 0x7ac8b2f46dc0>'}
2026-08-23 04:33:14.191 /testbed/scrapy/utils/sitemap.py:71 scrapy.utils.sitemap.Sitemap._process_sitemap_element event=line locals={}
2026-08-23 04:33:14.191 /testbed/scrapy/utils/sitemap.py:72 scrapy.utils.sitemap.Sitemap._process_sitemap_element event=line locals={'tag_name': "'lastmod'"}
2026-08-23 04:33:14.191 /testbed/scrapy/utils/sitemap.py:75 scrapy.utils.sitemap.Sitemap._process_sitemap_element event=line locals={}
2026-08-23 04:33:14.191 /testbed/scrapy/utils/sitemap.py:79 scrapy.utils.sitemap.Sitemap._process_sitemap_element event=line locals={}
2026-08-23 04:33:14.191 /testbed/scrapy/utils/sitemap.py:80 scrapy.utils.sitemap.Sitemap._process_sitemap_element event=line locals={'d': "{'changefreq': 'value-10', 'loc': 'https://example.invalid/155/3', 'lastmod': 'value-23', 'priority': 'value-85'}"}
2026-08-23 04:33:14.191 /testbed/scrapy/utils/sitemap.py:83 scrapy.utils.sitemap.Sitemap._process_sitemap_element event=line locals={}
2026-08-23 04:33:14.191 /testbed/scrapy/utils/sitemap.py:69 scrapy.utils.sitemap.Sitemap._process_sitemap_element event=line locals={}
2026-08-23 04:33:14.191 /testbed/scrapy/utils/sitemap.py:70 scrapy.utils.sitemap.Sitemap._process_sitemap_element event=line locals={'el': '<Element priority at 0x7ac8b2f46fc0>'}
2026-08-23 04:33:14.191 /testbed/scrapy/utils/sitemap.py:71 scrapy.utils.sitemap.Sitemap._process_sitemap_element event=line locals={}
2026-08-23 04:33:14.191 /testbed/scrapy/utils/sitemap.py:72 scrapy.utils.sitemap.Sitemap._process_sitemap_element event=line locals={'tag_name': "'priority'"}
2026-08-23 04:33:14.191 /testbed/scrapy/utils/sitemap.py:75 scrapy.utils.sitemap.Sitemap._process_sitemap_element event=line locals={}
2026-08-23 04:33:14.191 /testbed/scrapy/utils/sitemap.py:79 scrapy.utils.sitemap.Sitemap._process_sitemap_element event=line locals={}
2026-08-23 04:33:14.191 /testbed/scrapy/utils/sitemap.py:80 scrapy.utils.sitemap.Sitemap._process_sitemap_element event=line locals={'d': "{'changefreq': 'value-10', 'loc': 'https://example.invalid/155/3', 'lastmod': 'value-23', 'priority': 'value-36'}"}
2026-08-23 04:33:14.191 /testbed/scrapy/utils/sitemap.py:83 scrapy.utils.sitemap.Sitemap._process_sitemap_element event=line locals={}
2026-08-23 04:33:14.191 /testbed/scrapy/utils/sitemap.py:69 scrapy.utils.sitemap.Sitemap._process_sitemap_element event=line locals={}
2026-08-23 04:33:14.191 /testbed/scrapy/utils/sitemap.py:70 scrapy.utils.sitemap.Sitemap._process_sitemap_element event=line locals={'el': '<Element lastmod at 0x7ac8b2f46d40>'}
2026-08-23 04:33:14.191 /testbed/scrapy/utils/sitemap.py:71 scrapy.utils.sitemap.Sitemap._process_sitemap_element event=line locals={}
2026-08-23 04:33:14.191 /testbed/scrapy/utils/sitemap.py:72 scrapy.utils.sitemap.Sitemap._process_sitemap_element event=line locals={'tag_name': "'lastmod'"}
2026-08-23 04:33:14.191 /testbed/scrapy/utils/sitemap.py:75 scrapy.utils.sitemap.Sitemap._process_sitemap_element event=line locals={}
2026-08-23 04:33:14.191 /testbed/scrapy/utils/sitemap.py:79 scrapy.utils.sitemap.Sitemap._process_sitemap_element event=line locals={}
2026-08-23 04:33:14.191 /testbed/scrapy/utils/sitemap.py:80 scrapy.utils.sitemap.Sitemap._process_sitemap_element event=line locals={'d': "{'changefreq': 'value-10', 'loc': 'https://example.invalid/155/3', 'lastmod': 'value-49', 'priority': 'value-36'}"}
2026-08-23 04:33:14.191 /testbed/scrapy/utils/sitemap.py:83 scrapy.utils.sitemap.Sitemap._process_sitemap_element event=line locals={}
2026-08-23 04:33:14.191 /testbed/scrapy/utils/sitemap.py:69 scrapy.utils.sitemap.Sitemap._process_sitemap_element event=line locals={}
2026-08-23 04:33:14.191 /testbed/scrapy/utils/sitemap.py:70 scrapy.utils.sitemap.Sitemap._process_sitemap_element event=line locals={'el': '<Element changefreq at 0x7ac8b2f46dc0>'}
2026-08-23 04:33:14.191 /testbed/scrapy/utils/sitemap.py:71 scrapy.utils.sitemap.Sitemap._process_sitemap_element event=line locals={}
2026-08-23 04:33:14.191 /testbed/scrapy/utils/sitemap.py:72 scrapy.utils.sitemap.Sitemap._process_sitemap_element event=line locals={'tag_name': "'changefreq'"}
2026-08-23 04:33:14.191 /testbed/scrapy/utils/sitemap.py:75 scrapy.utils.sitemap.Sitemap._process_sitemap_element event=line locals={}
2026-08-23 04:33:14.191 /testbed/scrapy/utils/sitemap.py:79 scrapy.utils.sitemap.Sitemap._process_sitemap_element event=line locals={}
2026-08-23 04:33:14.191 /testbed/scrapy/utils/sitemap.py:80 scrapy.utils.sitemap.Sitemap._process_sitemap_element event=line locals={'d': "{'changefreq': 'value-62', 'loc': 'https://example.invalid/155/3', 'lastmod': 'value-49', 'priority': 'value-36'}"}
2026-08-23 04:33:14.191 /testbed/scrapy/utils/sitemap.py:83 scrapy.utils.sitemap.Sitemap._process_sitemap_element event=line locals={}
2026-08-23 04:33:14.191 /testbed/scrapy/utils/sitemap.py:69 scrapy.utils.sitemap.Sitemap._process_sitemap_element event=line locals={}
2026-08-23 04:33:14.191 /testbed/scrapy/utils/sitemap.py:70 scrapy.utils.sitemap.Sitemap._process_sitemap_element event=line locals={'el': '<Element lastmod at 0x7ac8b2f46fc0>'}
2026-08-23 04:33:14.191 /testbed/scrapy/utils/sitemap.py:71 scrapy.utils.sitemap.Sitemap._process_sitemap_element event=line locals={}
2026-08-23 04:33:14.191 /testbed/scrapy/utils/sitemap.py:72 scrapy.utils.sitemap.Sitemap._process_sitemap_element event=line locals={'tag_name': "'lastmod'"}
2026-08-23 04:33:14.191 /testbed/scrapy/utils/sitemap.py:75 scrapy.utils.sitemap.Sitemap._process_sitemap_element event=line locals={}
2026-08-23 04:33:14.191 /testbed/scrapy/utils/sitemap.py:79 scrapy.utils.sitemap.Sitemap._process_sitemap_element event=line locals={}
2026-08-23 04:33:14.191 /testbed/scrapy/utils/sitemap.py:80 scrapy.utils.sitemap.Sitemap._process_sitemap_element event=line locals={'d': "{'changefreq': 'value-62', 'loc': 'https://example.invalid/155/3', 'lastmod': 'value-75', 'priority': 'value-36'}"}
2026-08-23 04:33:14.191 /testbed/scrapy/utils/sitemap.py:83 scrapy.utils.sitemap.Sitemap._process_sitemap_element event=line locals={}
2026-08-23 04:33:14.191 /testbed/scrapy/utils/sitemap.py:69 scrapy.utils.sitemap.Sitemap._process_sitemap_element event=line locals={}
2026-08-23 04:33:14.191 /testbed/scrapy/utils/sitemap.py:70 scrapy.utils.sitemap.Sitemap._process_sitemap_element event=line locals={'el': '<Element lastmod at 0x7ac8b2f46d40>'}
2026-08-23 04:33:14.191 /testbed/scrapy/utils/sitemap.py:71 scrapy.utils.sitemap.Sitemap._process_sitemap_element event=line locals={}
2026-08-23 04:33:14.191 /testbed/scrapy/utils/sitemap.py:72 scrapy.utils.sitemap.Sitemap._process_sitemap_element event=line locals={}
2026-08-23 04:33:14.191 /testbed/scrapy/utils/sitemap.py:75 scrapy.utils.sitemap.Sitemap._process_sitemap_element event=line locals={}
2026-08-23 04:33:14.191 /testbed/scrapy/utils/sitemap.py:79 scrapy.utils.sitemap.Sitemap._process_sitemap_element event=line locals={}
2026-08-23 04:33:14.191 /testbed/scrapy/utils/sitemap.py:80 scrapy.utils.sitemap.Sitemap._process_sitemap_element event=line locals={'d': "{'changefreq': 'value-62', 'loc': 'https://example.invalid/155/3', 'lastmod': 'value-88', 'priority': 'value-36'}"}
2026-08-23 04:33:14.191 /testbed/scrapy/utils/sitemap.py:83 scrapy.utils.sitemap.Sitemap._process_sitemap_element event=line locals={}
2026-08-23 04:33:14.191 /testbed/scrapy/utils/sitemap.py:69 scrapy.utils.sitemap.Sitemap._process_sitemap_element event=line locals={}
2026-08-23 04:33:14.191 /testbed/scrapy/utils/sitemap.py:70 scrapy.utils.sitemap.Sitemap._process_sitemap_element event=line locals={'el': '<Element priority at 0x7ac8b2f46dc0>'}
2026-08-23 04:33:14.191 /testbed/scrapy/utils/sitemap.py:71 scrapy.utils.sitemap.Sitemap._process_sitemap_element event=line locals={}
2026-08-23 04:33:14.191 /testbed/scrapy/utils/sitemap.py:72 scrapy.utils.sitemap.Sitemap._process_sitemap_element event=line locals={'tag_name': "'priority'"}
2026-08-23 04:33:14.191 /testbed/scrapy/utils/sitemap.py:75 scrapy.utils.sitemap.Sitemap._process_sitemap_element event=line locals={}
2026-08-23 04:33:14.191 /testbed/scrapy/utils/sitemap.py:79 scrapy.utils.sitemap.Sitemap._process_sitemap_element event=line locals={}
2026-08-23 04:33:14.191 /testbed/scrapy/utils/sitemap.py:80 scrapy.utils.sitemap.Sitemap._process_sitemap_element event=line locals={'d': "{'changefreq': 'value-62', 'loc': 'https://example.invalid/155/3', 'lastmod': 'value-88', 'priority': 'value-0'}"}
2026-08-23 04:33:14.192 /testbed/scrapy/utils/sitemap.py:83 scrapy.utils.sitemap.Sitemap._process_sitemap_element event=line locals={}
2026-08-23 04:33:14.192 /testbed/scrapy/utils/sitemap.py:69 scrapy.utils.sitemap.Sitemap._process_sitemap_element event=line locals={}
2026-08-23 04:33:14.192 /testbed/scrapy/utils/sitemap.py:70 scrapy.utils.sitemap.Sitemap._process_sitemap_element event=line locals={'el': '<Element changefreq at 0x7ac8b2f46fc0>'}
2026-08-23 04:33:14.192 /testbed/scrapy/utils/sitemap.py:71 scrapy.utils.sitemap.Sitemap._process_sitemap_element event=line locals={}
2026-08-23 04:33:14.192 /testbed/scrapy/utils/sitemap.py:72 scrapy.utils.sitemap.Sitemap._process_sitemap_element event=line locals={'tag_name': "'changefreq'"}
2026-08-23 04:33:14.192 /testbed/scrapy/utils/sitemap.py:75 scrapy.utils.sitemap.Sitemap._process_sitemap_element event=line locals={}
2026-08-23 04:33:14.192 /testbed/scrapy/utils/sitemap.py:79 scrapy.utils.sitemap.Sitemap._process_sitemap_element event=line locals={}
2026-08-23 04:33:14.192 /testbed/scrapy/utils/sitemap.py:80 scrapy.utils.sitemap.Sitemap._process_sitemap_element event=line locals={'d': "{'changefreq': 'value-13', 'loc': 'https://example.invalid/155/3', 'lastmod': 'value-88', 'priority': 'value-0'}"}
2026-08-23 04:33:14.192 /testbed/scrapy/utils/sitemap.py:83 scrapy.utils.sitemap.Sitemap._process_sitemap_element event=line locals={}
2026-08-23 04:33:14.192 /testbed/scrapy/utils/sitemap.py:69 scrapy.utils.sitemap.Sitemap._process_sitemap_element event=line locals={}
2026-08-23 04:33:14.192 /testbed/scrapy/utils/sitemap.py:70 scrapy.utils.sitemap.Sitemap._process_sitemap_element event=line locals={'el': '<Element lastmod at 0x7ac8b2f46d40>'}
2026-08-23 04:33:14.192 /testbed/scrapy/utils/sitemap.py:71 scrapy.utils.sitemap.Sitemap._process_sitemap_element event=line locals={}
2026-08-23 04:33:14.192 /testbed/scrapy/utils/sitemap.py:72 scrapy.utils.sitemap.Sitemap._process_sitemap_element event=line locals={'tag_name': "'lastmod'"}
2026-08-23 04:33:14.192 /testbed/scrapy/utils/sitemap.py:75 scrapy.utils.sitemap.Sitemap._process_sitemap_element event=line locals={}
2026-08-23 04:33:14.192 /testbed/scrapy/utils/sitemap.py:79 scrapy.utils.sitemap.Sitemap._process_sitemap_element event=line locals={}
2026-08-23 04:33:14.192 /testbed/scrapy/utils/sitemap.py:80 scrapy.utils.sitemap.Sitemap._process_sitemap_element event=line locals={'d': "{'changefreq': 'value-13', 'loc': 'https://example.invalid/155/3', 'lastmod': 'value-26', 'priority': 'value-0'}"}
2026-08-23 04:33:14.192 /testbed/scrapy/utils/sitemap.py:83 scrapy.utils.sitemap.Sitemap._process_sitemap_element event=line locals={}
2026-08-23 04:33:14.192 /testbed/scrapy/utils/sitemap.py:69 scrapy.utils.sitemap.Sitemap._process_sitemap_element event=line locals={}
2026-08-23 04:33:14.192 /testbed/scrapy/utils/sitemap.py:70 scrapy.utils.sitemap.Sitemap._process_sitemap_element event=line locals={'el': '<Element lastmod at 0x7ac8b2f46dc0>'}
2026-08-23 04:33:14.192 /testbed/scrapy/utils/sitemap.py:71 scrapy.utils.sitemap.Sitemap._process_sitemap_element event=line locals={}
2026-08-23 04:33:14.192 /testbed/scrapy/utils/sitemap.py:72 scrapy.utils.sitemap.Sitemap._process_sitemap_element event=line locals={}
2026-08-23 04:33:14.192 /testbed/scrapy/utils/sitemap.py:75 scrapy.utils.sitemap.Sitemap._process_sitemap_element event=line locals={}
2026-08-23 04:33:14.192 /testbed/scrapy/utils/sitemap.py:79 scrapy.utils.sitemap.Sitemap._process_sitemap_element event=line locals={}
2026-08-23 04:33:14.192 /testbed/scrapy/utils/sitemap.py:80 scrapy.utils.sitemap.Sitemap._process_sitemap_element event=line locals={'d': "{'changefreq': 'value-13', 'loc': 'https://example.invalid/155/3', 'lastmod': 'value-39', 'priority': 'value-0'}"}
2026-08-23 04:33:14.192 /testbed/scrapy/utils/sitemap.py:83 scrapy.utils.sitemap.Sitemap._process_sitemap_element event=line locals={}
2026-08-23 04:33:14.192 /testbed/scrapy/utils/sitemap.py:69 scrapy.utils.sitemap.Sitemap._process_sitemap_element event=line locals={}
2026-08-23 04:33:14.192 /testbed/scrapy/utils/sitemap.py:70 scrapy.utils.sitemap.Sitemap._process_sitemap_element event=line locals={'el': '<Element lastmod at 0x7ac8b2f46fc0>'}
2026-08-23 04:33:14.192 /testbed/scrapy/utils/sitemap.py:71 scrapy.utils.sitemap.Sitemap._process_sitemap_element event=line locals={}
2026-08-23 04:33:14.192 /testbed/scrapy/utils/sitemap.py:72 scrapy.utils.sitemap.Sitemap._process_sitemap_element event=line locals={}
2026-08-23 04:33:14.192 /testbed/scrapy/utils/sitemap.py:75 scrapy.utils.sitemap.Sitemap._process_sitemap_element event=line locals={}
2026-08-23 04:33:14.192 /testbed/scrapy/utils/sitemap.py:79 scrapy.utils.sitemap.Sitemap._process_sitemap_element event=line locals={}
2026-08-23 04:33:14.192 /testbed/scrapy/utils/sitemap.py:80 scrapy.utils.sitemap.Sitemap._process_sitemap_element event=line locals={'d': "{'changefreq': 'value-13', 'loc': 'https://example.invalid/155/3', 'lastmod': 'value-52', 'priority': 'value-0'}"}
2026-08-23 04:33:14.192 /testbed/scrapy/utils/sitemap.py:83 scrapy.utils.sitemap.Sitemap._process_sitemap_element event=line locals={}
2026-08-23 04:33:14.192 /testbed/scrapy/utils/sitemap.py:69 scrapy.utils.sitemap.Sitemap._process_sitemap_element event=line locals={}
2026-08-23 04:33:14.192 /testbed/scrapy/utils/sitemap.py:70 scrapy.utils.sitemap.Sitemap._process_sitemap_element event=line locals={'el': '<!--generated-72-->'}
2026-08-23 04:33:14.192 /testbed/scrapy/utils/sitemap.py:71 scrapy.utils.sitemap.Sitemap._process_sitemap_element event=line locals={}
2026-08-23 04:33:14.192 /testbed/scrapy/utils/sitemap.py:72 scrapy.utils.sitemap.Sitemap._process_sitemap_element event=line locals={'tag_name': "''"}
2026-08-23 04:33:14.192 /testbed/scrapy/utils/sitemap.py:73 scrapy.utils.sitemap.Sitemap._process_sitemap_element event=line locals={}
2026-08-23 04:33:14.192 /testbed/scrapy/utils/sitemap.py:83 scrapy.utils.sitemap.Sitemap._process_sitemap_element event=line locals={}
2026-08-23 04:33:14.192 /testbed/scrapy/utils/sitemap.py:69 scrapy.utils.sitemap.Sitemap._process_sitemap_element event=line locals={}
2026-08-23 04:33:14.192 /testbed/scrapy/utils/sitemap.py:70 scrapy.utils.sitemap.Sitemap._process_sitemap_element event=line locals={'el': '<Element priority at 0x7ac8b2f46dc0>'}
2026-08-23 04:33:14.192 /testbed/scrapy/utils/sitemap.py:71 scrapy.utils.sitemap.Sitemap._process_sitemap_element event=line locals={}
2026-08-23 04:33:14.192 /testbed/scrapy/utils/sitemap.py:72 scrapy.utils.sitemap.Sitemap._process_sitemap_element event=line locals={'tag_name': "'priority'"}
2026-08-23 04:33:14.192 /testbed/scrapy/utils/sitemap.py:75 scrapy.utils.sitemap.Sitemap._process_sitemap_element event=line locals={}
2026-08-23 04:33:14.192 /testbed/scrapy/utils/sitemap.py:79 scrapy.utils.sitemap.Sitemap._process_sitemap_element event=line locals={}
2026-08-23 04:33:14.192 /testbed/scrapy/utils/sitemap.py:80 scrapy.utils.sitemap.Sitemap._process_sitemap_element event=line locals={'d': "{'changefreq': 'value-13', 'loc': 'https://example.invalid/155/3', 'lastmod': 'value-52', 'priority': 'value-78'}"}
2026-08-23 04:33:14.192 /testbed/scrapy/utils/sitemap.py:83 scrapy.utils.sitemap.Sitemap._process_sitemap_element event=line locals={}
2026-08-23 04:33:14.192 /testbed/scrapy/utils/sitemap.py:69 scrapy.utils.sitemap.Sitemap._process_sitemap_element event=line locals={}
2026-08-23 04:33:14.192 /testbed/scrapy/utils/sitemap.py:70 scrapy.utils.sitemap.Sitemap._process_sitemap_element event=line locals={'el': '<Element priority at 0x7ac8b2f46fc0>'}
2026-08-23 04:33:14.192 /testbed/scrapy/utils/sitemap.py:71 scrapy.utils.sitemap.Sitemap._process_sitemap_element event=line locals={}
2026-08-23 04:33:14.192 /testbed/scrapy/utils/sitemap.py:72 scrapy.utils.sitemap.Sitemap._process_sitemap_element event=line locals={}
2026-08-23 04:33:14.192 /testbed/scrapy/utils/sitemap.py:75 scrapy.utils.sitemap.Sitemap._process_sitemap_element event=line locals={}
2026-08-23 04:33:14.192 /testbed/scrapy/utils/sitemap.py:79 scrapy.utils.sitemap.Sitemap._process_sitemap_element event=line locals={}
2026-08-23 04:33:14.192 /testbed/scrapy/utils/sitemap.py:80 scrapy.utils.sitemap.Sitemap._process_sitemap_element event=line locals={'d': "{'changefreq': 'value-13', 'loc': 'https://example.invalid/155/3', 'lastmod': 'value-52', 'priority': 'value-91'}"}
2026-08-23 04:33:14.192 /testbed/scrapy/utils/sitemap.py:83 scrapy.utils.sitemap.Sitemap._process_sitemap_element event=line locals={}
2026-08-23 04:33:14.192 /testbed/scrapy/utils/sitemap.py:69 scrapy.utils.sitemap.Sitemap._process_sitemap_element event=line locals={}
2026-08-23 04:33:14.192 /testbed/scrapy/utils/sitemap.py:70 scrapy.utils.sitemap.Sitemap._process_sitemap_element event=line locals={'el': '<Element {http://www.w3.org/1999/xhtml}link at 0x7ac8b2f470c0>'}
2026-08-23 04:33:14.192 /testbed/scrapy/utils/sitemap.py:71 scrapy.utils.sitemap.Sitemap._process_sitemap_element event=line locals={}
2026-08-23 04:33:14.192 /testbed/scrapy/utils/sitemap.py:72 scrapy.utils.sitemap.Sitemap._process_sitemap_element event=line locals={'tag_name': "'link'"}
2026-08-23 04:33:14.192 /testbed/scrapy/utils/sitemap.py:75 scrapy.utils.sitemap.Sitemap._process_sitemap_element event=line locals={}
2026-08-23 04:33:14.192 /testbed/scrapy/utils/sitemap.py:76 scrapy.utils.sitemap.Sitemap._process_sitemap_element event=line locals={}
2026-08-23 04:33:14.193 /testbed/scrapy/utils/sitemap.py:83 scrapy.utils.sitemap.Sitemap._process_sitemap_element event=line locals={'href': 'None'}
2026-08-23 04:33:14.193 /testbed/scrapy/utils/sitemap.py:69 scrapy.utils.sitemap.Sitemap._process_sitemap_element event=line locals={}
2026-08-23 04:33:14.193 /testbed/scrapy/utils/sitemap.py:70 scrapy.utils.sitemap.Sitemap._process_sitemap_element event=line locals={'el': '<Element priority at 0x7ac8b2f46dc0>'}
2026-08-23 04:33:14.193 /testbed/scrapy/utils/sitemap.py:71 scrapy.utils.sitemap.Sitemap._process_sitemap_element event=line locals={}
2026-08-23 04:33:14.193 /testbed/scrapy/utils/sitemap.py:72 scrapy.utils.sitemap.Sitemap._process_sitemap_element event=line locals={'tag_name': "'priority'"}
2026-08-23 04:33:14.193 /testbed/scrapy/utils/sitemap.py:75 scrapy.utils.sitemap.Sitemap._process_sitemap_element event=line locals={}
2026-08-23 04:33:14.193 /testbed/scrapy/utils/sitemap.py:79 scrapy.utils.sitemap.Sitemap._process_sitemap_element event=line locals={}
2026-08-23 04:33:14.193 /testbed/scrapy/utils/sitemap.py:80 scrapy.utils.sitemap.Sitemap._process_sitemap_element event=line locals={'d': "{'changefreq': 'value-13', 'loc': 'https://example.invalid/155/3', 'lastmod': 'value-52', 'priority': 'value-16'}"}
2026-08-23 04:33:14.193 /testbed/scrapy/utils/sitemap.py:83 scrapy.utils.sitemap.Sitemap._process_sitemap_element event=line locals={}
2026-08-23 04:33:14.193 /testbed/scrapy/utils/sitemap.py:69 scrapy.utils.sitemap.Sitemap._process_sitemap_element event=line locals={}
2026-08-23 04:33:14.193 /testbed/scrapy/utils/sitemap.py:70 scrapy.utils.sitemap.Sitemap._process_sitemap_element event=line locals={'el': '<Element changefreq at 0x7ac8b2f47080>'}
2026-08-23 04:33:14.193 /testbed/scrapy/utils/sitemap.py:71 scrapy.utils.sitemap.Sitemap._process_sitemap_element event=line locals={}
2026-08-23 04:33:14.193 /testbed/scrapy/utils/sitemap.py:72 scrapy.utils.sitemap.Sitemap._process_sitemap_element event=line locals={'tag_name': "'changefreq'"}
2026-08-23 04:33:14.193 /testbed/scrapy/utils/sitemap.py:75 scrapy.utils.sitemap.Sitemap._process_sitemap_element event=line locals={}
2026-08-23 04:33:14.193 /testbed/scrapy/utils/sitemap.py:79 scrapy.utils.sitemap.Sitemap._process_sitemap_element event=line locals={}
2026-08-23 04:33:14.193 /testbed/scrapy/utils/sitemap.py:80 scrapy.utils.sitemap.Sitemap._process_sitemap_element event=line locals={'d': "{'changefreq': 'value-29', 'loc': 'https://example.invalid/155/3', 'lastmod': 'value-52', 'priority': 'value-16'}"}
2026-08-23 04:33:14.193 /testbed/scrapy/utils/sitemap.py:83 scrapy.utils.sitemap.Sitemap._process_sitemap_element event=line locals={}
2026-08-23 04:33:14.193 /testbed/scrapy/utils/sitemap.py:69 scrapy.utils.sitemap.Sitemap._process_sitemap_element event=line locals={}
2026-08-23 04:33:14.193 /testbed/scrapy/utils/sitemap.py:70 scrapy.utils.sitemap.Sitemap._process_sitemap_element event=line locals={'el': '<Element priority at 0x7ac8b2f46f00>'}
2026-08-23 04:33:14.193 /testbed/scrapy/utils/sitemap.py:71 scrapy.utils.sitemap.Sitemap._process_sitemap_element event=line locals={}
2026-08-23 04:33:14.193 /testbed/scrapy/utils/sitemap.py:72 scrapy.utils.sitemap.Sitemap._process_sitemap_element event=line locals={'tag_name': "'priority'"}
2026-08-23 04:33:14.193 /testbed/scrapy/utils/sitemap.py:75 scrapy.utils.sitemap.Sitemap._process_sitemap_element event=line locals={}
2026-08-23 04:33:14.193 /testbed/scrapy/utils/sitemap.py:79 scrapy.utils.sitemap.Sitemap._process_sitemap_element event=line locals={}
2026-08-23 04:33:14.193 /testbed/scrapy/utils/sitemap.py:80 scrapy.utils.sitemap.Sitemap._process_sitemap_element event=line locals={'d': "{'changefreq': 'value-29', 'loc': 'https://example.invalid/155/3', 'lastmod': 'value-52', 'priority': 'value-42'}"}
2026-08-23 04:33:14.193 /testbed/scrapy/utils/sitemap.py:83 scrapy.utils.sitemap.Sitemap._process_sitemap_element event=line locals={}
2026-08-23 04:33:14.193 /testbed/scrapy/utils/sitemap.py:69 scrapy.utils.sitemap.Sitemap._process_sitemap_element event=line locals={}
2026-08-23 04:33:14.193 /testbed/scrapy/utils/sitemap.py:70 scrapy.utils.sitemap.Sitemap._process_sitemap_element event=line locals={'el': '<Element changefreq at 0x7ac8b2f46ec0>'}
2026-08-23 04:33:14.193 /testbed/scrapy/utils/sitemap.py:71 scrapy.utils.sitemap.Sitemap._process_sitemap_element event=line locals={}
2026-08-23 04:33:14.193 /testbed/scrapy/utils/sitemap.py:72 scrapy.utils.sitemap.Sitemap._process_sitemap_element event=line locals={'tag_name': "'changefreq'"}
2026-08-23 04:33:14.193 /testbed/scrapy/utils/sitemap.py:75 scrapy.utils.sitemap.Sitemap._process_sitemap_element event=line locals={}
2026-08-23 04:33:14.193 /testbed/scrapy/utils/sitemap.py:79 scrapy.utils.sitemap.Sitemap._process_sitemap_element event=line locals={}
2026-08-23 04:33:14.193 /testbed/scrapy/utils/sitemap.py:80 scrapy.utils.sitemap.Sitemap._process_sitemap_element event=line locals={'d': "{'changefreq': 'value-55', 'loc': 'https://example.invalid/155/3', 'lastmod': 'value-52', 'priority': 'value-42'}"}
2026-08-23 04:33:14.193 /testbed/scrapy/utils/sitemap.py:83 scrapy.utils.sitemap.Sitemap._process_sitemap_element event=line locals={}
2026-08-23 04:33:14.193 /testbed/scrapy/utils/sitemap.py:69 scrapy.utils.sitemap.Sitemap._process_sitemap_element event=line locals={}
2026-08-23 04:33:14.193 /testbed/scrapy/utils/sitemap.py:70 scrapy.utils.sitemap.Sitemap._process_sitemap_element event=line locals={'el': '<Element {http://www.w3.org/1999/xhtml}link at 0x7ac8b2f46e80>'}
2026-08-23 04:33:14.193 /testbed/scrapy/utils/sitemap.py:71 scrapy.utils.sitemap.Sitemap._process_sitemap_element event=line locals={}
2026-08-23 04:33:14.193 /testbed/scrapy/utils/sitemap.py:72 scrapy.utils.sitemap.Sitemap._process_sitemap_element event=line locals={'tag_name': "'link'"}
2026-08-23 04:33:14.193 /testbed/scrapy/utils/sitemap.py:75 scrapy.utils.sitemap.Sitemap._process_sitemap_element event=line locals={}
2026-08-23 04:33:14.193 /testbed/scrapy/utils/sitemap.py:76 scrapy.utils.sitemap.Sitemap._process_sitemap_element event=line locals={}
2026-08-23 04:33:14.193 /testbed/scrapy/utils/sitemap.py:77 scrapy.utils.sitemap.Sitemap._process_sitemap_element event=line locals={'href': "'https://mirror.invalid/50/1'"}
2026-08-23 04:33:14.193 /testbed/scrapy/utils/sitemap.py:83 scrapy.utils.sitemap.Sitemap._process_sitemap_element event=line locals={'alternate': "['https://mirror.invalid/0/1', 'https://mirror.invalid/1/1', 'https://mirror.invalid/9/1', 'https://mirror.invalid/a/1', 'https://mirror.invalid/24/1', 'https://mirror.invalid/26/1', 'https://mirror.invalid/2f/1', 'https://mirror.invalid/35/1', 'https://mirror.invalid/3b/1', 'https://mirror.invalid/50/1']"}
2026-08-23 04:33:14.193 /testbed/scrapy/utils/sitemap.py:69 scrapy.utils.sitemap.Sitemap._process_sitemap_element event=line locals={}
2026-08-23 04:33:14.193 /testbed/scrapy/utils/sitemap.py:70 scrapy.utils.sitemap.Sitemap._process_sitemap_element event=line locals={'el': '<Element lastmod at 0x7ac8b2f47000>'}
2026-08-23 04:33:14.193 /testbed/scrapy/utils/sitemap.py:71 scrapy.utils.sitemap.Sitemap._process_sitemap_element event=line locals={}
2026-08-23 04:33:14.193 /testbed/scrapy/utils/sitemap.py:72 scrapy.utils.sitemap.Sitemap._process_sitemap_element event=line locals={'tag_name': "'lastmod'"}
2026-08-23 04:33:14.193 /testbed/scrapy/utils/sitemap.py:75 scrapy.utils.sitemap.Sitemap._process_sitemap_element event=line locals={}
2026-08-23 04:33:14.193 /testbed/scrapy/utils/sitemap.py:79 scrapy.utils.sitemap.Sitemap._process_sitemap_element event=line locals={}
2026-08-23 04:33:14.193 /testbed/scrapy/utils/sitemap.py:80 scrapy.utils.sitemap.Sitemap._process_sitemap_element event=line locals={'d': "{'changefreq': 'value-55', 'loc': 'https://example.invalid/155/3', 'lastmod': 'value-81', 'priority': 'value-42'}"}
2026-08-23 04:33:14.193 /testbed/scrapy/utils/sitemap.py:83 scrapy.utils.sitemap.Sitemap._process_sitemap_element event=line locals={}
2026-08-23 04:33:14.193 /testbed/scrapy/utils/sitemap.py:69 scrapy.utils.sitemap.Sitemap._process_sitemap_element event=line locals={}
2026-08-23 04:33:14.193 /testbed/scrapy/utils/sitemap.py:70 scrapy.utils.sitemap.Sitemap._process_sitemap_element event=line locals={'el': '<Element lastmod at 0x7ac8b2f46d40>'}
2026-08-23 04:33:14.193 /testbed/scrapy/utils/sitemap.py:71 scrapy.utils.sitemap.Sitemap._process_sitemap_element event=line locals={}
2026-08-23 04:33:14.193 /testbed/scrapy/utils/sitemap.py:72 scrapy.utils.sitemap.Sitemap._process_sitemap_element event=line locals={}
2026-08-23 04:33:14.193 /testbed/scrapy/utils/sitemap.py:75 scrapy.utils.sitemap.Sitemap._process_sitemap_element event=line locals={}
2026-08-23 04:33:14.193 /testbed/scrapy/utils/sitemap.py:79 scrapy.utils.sitemap.Sitemap._process_sitemap_element event=line locals={}
2026-08-23 04:33:14.193 /testbed/scrapy/utils/sitemap.py:80 scrapy.utils.sitemap.Sitemap._process_sitemap_element event=line locals={'d': "{'changefreq': 'value-55', 'loc': 'https://example.invalid/155/3', 'lastmod': 'value-94', 'priority': 'value-42'}"}
2026-08-23 04:33:14.193 /testbed/scrapy/utils/sitemap.py:83 scrapy.utils.sitemap.Sitemap._process_sitemap_element event=line locals={}
2026-08-23 04:33:14.194 /testbed/scrapy/utils/sitemap.py:69 scrapy.utils.sitemap.Sitemap._process_sitemap_element event=line locals={}
2026-08-23 04:33:14.194 /testbed/scrapy/utils/sitemap.py:70 scrapy.utils.sitemap.Sitemap._process_sitemap_element event=line locals={'el': '<Element {http://www.w3.org/1999/xhtml}link at 0x7ac8b2f46e80>'}
2026-08-23 04:33:14.194 /testbed/scrapy/utils/sitemap.py:71 scrapy.utils.sitemap.Sitemap._process_sitemap_element event=line locals={}
2026-08-23 04:33:14.194 /testbed/scrapy/utils/sitemap.py:72 scrapy.utils.sitemap.Sitemap._process_sitemap_element event=line locals={'tag_name': "'link'"}
2026-08-23 04:33:14.194 /testbed/scrapy/utils/sitemap.py:75 scrapy.utils.sitemap.Sitemap._process_sitemap_element event=line locals={}
2026-08-23 04:33:14.194 /testbed/scrapy/utils/sitemap.py:76 scrapy.utils.sitemap.Sitemap._process_sitemap_element event=line locals={}
2026-08-23 04:33:14.194 /testbed/scrapy/utils/sitemap.py:77 scrapy.utils.sitemap.Sitemap._process_sitemap_element event=line locals={'href': "'https://mirror.invalid/53/1'"}
2026-08-23 04:33:14.194 /testbed/scrapy/utils/sitemap.py:83 scrapy.utils.sitemap.Sitemap._process_sitemap_element event=line locals={'alternate': "['https://mirror.invalid/0/1', 'https://mirror.invalid/1/1', 'https://mirror.invalid/9/1', 'https://mirror.invalid/a/1', 'https://mirror.invalid/24/1', 'https://mirror.invalid/26/1', 'https://mirror.invalid/2f/1', 'https://mirror.invalid/35/1', 'https://mirror.invalid/3b/1', 'https://mirror.invalid/50/1', 'https://mirror.invalid/53/1']"}
2026-08-23 04:33:14.194 /testbed/scrapy/utils/sitemap.py:69 scrapy.utils.sitemap.Sitemap._process_sitemap_element event=line locals={}
2026-08-23 04:33:14.194 /testbed/scrapy/utils/sitemap.py:70 scrapy.utils.sitemap.Sitemap._process_sitemap_element event=line locals={'el': '<Element lastmod at 0x7ac8b2f47000>'}
2026-08-23 04:33:14.194 /testbed/scrapy/utils/sitemap.py:71 scrapy.utils.sitemap.Sitemap._process_sitemap_element event=line locals={}
2026-08-23 04:33:14.194 /testbed/scrapy/utils/sitemap.py:72 scrapy.utils.sitemap.Sitemap._process_sitemap_element event=line locals={'tag_name': "'lastmod'"}
2026-08-23 04:33:14.194 /testbed/scrapy/utils/sitemap.py:75 scrapy.utils.sitemap.Sitemap._process_sitemap_element event=line locals={}
2026-08-23 04:33:14.194 /testbed/scrapy/utils/sitemap.py:79 scrapy.utils.sitemap.Sitemap._process_sitemap_element event=line locals={}
2026-08-23 04:33:14.194 /testbed/scrapy/utils/sitemap.py:80 scrapy.utils.sitemap.Sitemap._process_sitemap_element event=line locals={'d': "{'changefreq': 'value-55', 'loc': 'https://example.invalid/155/3', 'lastmod': 'value-19', 'priority': 'value-42'}"}
2026-08-23 04:33:14.194 /testbed/scrapy/utils/sitemap.py:83 scrapy.utils.sitemap.Sitemap._process_sitemap_element event=line locals={}
2026-08-23 04:33:14.194 /testbed/scrapy/utils/sitemap.py:69 scrapy.utils.sitemap.Sitemap._process_sitemap_element event=line locals={}
2026-08-23 04:33:14.194 /testbed/scrapy/utils/sitemap.py:70 scrapy.utils.sitemap.Sitemap._process_sitemap_element event=line locals={'el': '<Element changefreq at 0x7ac8b2f46d80>'}
2026-08-23 04:33:14.194 /testbed/scrapy/utils/sitemap.py:71 scrapy.utils.sitemap.Sitemap._process_sitemap_element event=line locals={}
2026-08-23 04:33:14.194 /testbed/scrapy/utils/sitemap.py:72 scrapy.utils.sitemap.Sitemap._process_sitemap_element event=line locals={'tag_name': "'changefreq'"}
2026-08-23 04:33:14.194 /testbed/scrapy/utils/sitemap.py:75 scrapy.utils.sitemap.Sitemap._process_sitemap_element event=line locals={}
2026-08-23 04:33:14.194 /testbed/scrapy/utils/sitemap.py:79 scrapy.utils.sitemap.Sitemap._process_sitemap_element event=line locals={}
2026-08-23 04:33:14.194 /testbed/scrapy/utils/sitemap.py:80 scrapy.utils.sitemap.Sitemap._process_sitemap_element event=line locals={'d': "{'changefreq': 'value-32', 'loc': 'https://example.invalid/155/3', 'lastmod': 'value-19', 'priority': 'value-42'}"}
2026-08-23 04:33:14.194 /testbed/scrapy/utils/sitemap.py:83 scrapy.utils.sitemap.Sitemap._process_sitemap_element event=line locals={}
2026-08-23 04:33:14.194 /testbed/scrapy/utils/sitemap.py:69 scrapy.utils.sitemap.Sitemap._process_sitemap_element event=line locals={}
2026-08-23 04:33:14.194 /testbed/scrapy/utils/sitemap.py:70 scrapy.utils.sitemap.Sitemap._process_sitemap_element event=line locals={'el': '<Element {http://www.w3.org/1999/xhtml}link at 0x7ac8b2f46e80>'}
2026-08-23 04:33:14.194 /testbed/scrapy/utils/sitemap.py:71 scrapy.utils.sitemap.Sitemap._process_sitemap_element event=line locals={}
2026-08-23 04:33:14.194 /testbed/scrapy/utils/sitemap.py:72 scrapy.utils.sitemap.Sitemap._process_sitemap_element event=line locals={'tag_name': "'link'"}
2026-08-23 04:33:14.194 /testbed/scrapy/utils/sitemap.py:75 scrapy.utils.sitemap.Sitemap._process_sitemap_element event=line locals={}
2026-08-23 04:33:14.194 /testbed/scrapy/utils/sitemap.py:76 scrapy.utils.sitemap.Sitemap._process_sitemap_element event=line locals={}
2026-08-23 04:33:14.194 /testbed/scrapy/utils/sitemap.py:83 scrapy.utils.sitemap.Sitemap._process_sitemap_element event=line locals={'href': 'None'}
2026-08-23 04:33:14.194 /testbed/scrapy/utils/sitemap.py:69 scrapy.utils.sitemap.Sitemap._process_sitemap_element event=line locals={}
2026-08-23 04:33:14.194 /testbed/scrapy/utils/sitemap.py:70 scrapy.utils.sitemap.Sitemap._process_sitemap_element event=line locals={'el': '<Element lastmod at 0x7ac8b2f47000>'}
2026-08-23 04:33:14.194 /testbed/scrapy/utils/sitemap.py:71 scrapy.utils.sitemap.Sitemap._process_sitemap_element event=line locals={}
2026-08-23 04:33:14.194 /testbed/scrapy/utils/sitemap.py:72 scrapy.utils.sitemap.Sitemap._process_sitemap_element event=line locals={'tag_name': "'lastmod'"}
2026-08-23 04:33:14.194 /testbed/scrapy/utils/sitemap.py:75 scrapy.utils.sitemap.Sitemap._process_sitemap_element event=line locals={}
2026-08-23 04:33:14.194 /testbed/scrapy/utils/sitemap.py:79 scrapy.utils.sitemap.Sitemap._process_sitemap_element event=line locals={}
2026-08-23 04:33:14.194 /testbed/scrapy/utils/sitemap.py:80 scrapy.utils.sitemap.Sitemap._process_sitemap_element event=line locals={'d': "{'changefreq': 'value-32', 'loc': 'https://example.invalid/155/3', 'lastmod': 'value-58', 'priority': 'value-42'}"}
2026-08-23 04:33:14.194 /testbed/scrapy/utils/sitemap.py:83 scrapy.utils.sitemap.Sitemap._process_sitemap_element event=line locals={}
2026-08-23 04:33:14.194 /testbed/scrapy/utils/sitemap.py:69 scrapy.utils.sitemap.Sitemap._process_sitemap_element event=line locals={}
2026-08-23 04:33:14.194 /testbed/scrapy/utils/sitemap.py:70 scrapy.utils.sitemap.Sitemap._process_sitemap_element event=line locals={'el': '<Element {http://www.w3.org/1999/xhtml}link at 0x7ac8b2f46f80>'}
2026-08-23 04:33:14.194 /testbed/scrapy/utils/sitemap.py:71 scrapy.utils.sitemap.Sitemap._process_sitemap_element event=line locals={}
2026-08-23 04:33:14.194 /testbed/scrapy/utils/sitemap.py:72 scrapy.utils.sitemap.Sitemap._process_sitemap_element event=line locals={'tag_name': "'link'"}
2026-08-23 04:33:14.194 /testbed/scrapy/utils/sitemap.py:75 scrapy.utils.sitemap.Sitemap._process_sitemap_element event=line locals={}
2026-08-23 04:33:14.194 /testbed/scrapy/utils/sitemap.py:76 scrapy.utils.sitemap.Sitemap._process_sitemap_element event=line locals={}
2026-08-23 04:33:14.194 /testbed/scrapy/utils/sitemap.py:77 scrapy.utils.sitemap.Sitemap._process_sitemap_element event=line locals={'href': "'https://mirror.invalid/58/1'"}
2026-08-23 04:33:14.194 /testbed/scrapy/utils/sitemap.py:83 scrapy.utils.sitemap.Sitemap._process_sitemap_element event=line locals={'alternate': "['https://mirror.invalid/0/1', 'https://mirror.invalid/1/1', 'https://mirror.invalid/9/1', 'https://mirror.invalid/a/1', 'https://mirror.invalid/24/1', 'https://mirror.invalid/26/1', 'https://mirror.invalid/2f/1', 'https://mirror.invalid/35/1', 'https://mirror.invalid/3b/1', 'https://mirror.invalid/50/1', 'https://mirror.invalid/53/1', 'https://mirror.invalid/58/1']"}
2026-08-23 04:33:14.194 /testbed/scrapy/utils/sitemap.py:69 scrapy.utils.sitemap.Sitemap._process_sitemap_element event=line locals={}
2026-08-23 04:33:14.194 /testbed/scrapy/utils/sitemap.py:70 scrapy.utils.sitemap.Sitemap._process_sitemap_element event=line locals={'el': '<Element changefreq at 0x7ac8b2f46f40>'}
2026-08-23 04:33:14.194 /testbed/scrapy/utils/sitemap.py:71 scrapy.utils.sitemap.Sitemap._process_sitemap_element event=line locals={}
2026-08-23 04:33:14.194 /testbed/scrapy/utils/sitemap.py:72 scrapy.utils.sitemap.Sitemap._process_sitemap_element event=line locals={'tag_name': "'changefreq'"}
2026-08-23 04:33:14.194 /testbed/scrapy/utils/sitemap.py:75 scrapy.utils.sitemap.Sitemap._process_sitemap_element event=line locals={}
2026-08-23 04:33:14.194 /testbed/scrapy/utils/sitemap.py:79 scrapy.utils.sitemap.Sitemap._process_sitemap_element event=line locals={}
2026-08-23 04:33:14.194 /testbed/scrapy/utils/sitemap.py:80 scrapy.utils.sitemap.Sitemap._process_sitemap_element event=line locals={'d': "{'changefreq': 'value-84', 'loc': 'https://example.invalid/155/3', 'lastmod': 'value-58', 'priority': 'value-42'}"}
2026-08-23 04:33:14.194 /testbed/scrapy/utils/sitemap.py:83 scrapy.utils.sitemap.Sitemap._process_sitemap_element event=line locals={}
2026-08-23 04:33:14.194 /testbed/scrapy/utils/sitemap.py:69 scrapy.utils.sitemap.Sitemap._process_sitemap_element event=line locals={}
2026-08-23 04:33:14.194 /testbed/scrapy/utils/sitemap.py:70 scrapy.utils.sitemap.Sitemap._process_sitemap_element event=line locals={'el': '<Element lastmod at 0x7ac8b2f46d80>'}
2026-08-23 04:33:14.194 /testbed/scrapy/utils/sitemap.py:71 scrapy.utils.sitemap.Sitemap._process_sitemap_element event=line locals={}
2026-08-23 04:33:14.195 /testbed/scrapy/utils/sitemap.py:72 scrapy.utils.sitemap.Sitemap._process_sitemap_element event=line locals={'tag_name': "'lastmod'"}
2026-08-23 04:33:14.195 /testbed/scrapy/utils/sitemap.py:75 scrapy.utils.sitemap.Sitemap._process_sitemap_element event=line locals={}
2026-08-23 04:33:14.195 /testbed/scrapy/utils/sitemap.py:79 scrapy.utils.sitemap.Sitemap._process_sitemap_element event=line locals={}
2026-08-23 04:33:14.195 /testbed/scrapy/utils/sitemap.py:80 scrapy.utils.sitemap.Sitemap._process_sitemap_element event=line locals={'d': "{'changefreq': 'value-84', 'loc': 'https://example.invalid/155/3', 'lastmod': 'value-97', 'priority': 'value-42'}"}
2026-08-23 04:33:14.195 /testbed/scrapy/utils/sitemap.py:83 scrapy.utils.sitemap.Sitemap._process_sitemap_element event=line locals={}
2026-08-23 04:33:14.195 /testbed/scrapy/utils/sitemap.py:69 scrapy.utils.sitemap.Sitemap._process_sitemap_element event=line locals={}
2026-08-23 04:33:14.195 /testbed/scrapy/utils/sitemap.py:70 scrapy.utils.sitemap.Sitemap._process_sitemap_element event=line locals={'el': '<Element lastmod at 0x7ac8b2f46f80>'}
2026-08-23 04:33:14.195 /testbed/scrapy/utils/sitemap.py:71 scrapy.utils.sitemap.Sitemap._process_sitemap_element event=line locals={}
2026-08-23 04:33:14.195 /testbed/scrapy/utils/sitemap.py:72 scrapy.utils.sitemap.Sitemap._process_sitemap_element event=line locals={}
2026-08-23 04:33:14.195 /testbed/scrapy/utils/sitemap.py:75 scrapy.utils.sitemap.Sitemap._process_sitemap_element event=line locals={}
2026-08-23 04:33:14.195 /testbed/scrapy/utils/sitemap.py:79 scrapy.utils.sitemap.Sitemap._process_sitemap_element event=line locals={}
2026-08-23 04:33:14.195 /testbed/scrapy/utils/sitemap.py:80 scrapy.utils.sitemap.Sitemap._process_sitemap_element event=line locals={'d': "{'changefreq': 'value-84', 'loc': 'https://example.invalid/155/3', 'lastmod': 'value-9', 'priority': 'value-42'}"}
2026-08-23 04:33:14.195 /testbed/scrapy/utils/sitemap.py:83 scrapy.utils.sitemap.Sitemap._process_sitemap_element event=line locals={}
2026-08-23 04:33:14.195 /testbed/scrapy/utils/sitemap.py:69 scrapy.utils.sitemap.Sitemap._process_sitemap_element event=line locals={}
2026-08-23 04:33:14.195 /testbed/scrapy/utils/sitemap.py:70 scrapy.utils.sitemap.Sitemap._process_sitemap_element event=line locals={'el': '<Element lastmod at 0x7ac8b2f46f40>'}
2026-08-23 04:33:14.195 /testbed/scrapy/utils/sitemap.py:71 scrapy.utils.sitemap.Sitemap._process_sitemap_element event=line locals={}
2026-08-23 04:33:14.195 /testbed/scrapy/utils/sitemap.py:72 scrapy.utils.sitemap.Sitemap._process_sitemap_element event=line locals={}
2026-08-23 04:33:14.195 /testbed/scrapy/utils/sitemap.py:75 scrapy.utils.sitemap.Sitemap._process_sitemap_element event=line locals={}
2026-08-23 04:33:14.195 /testbed/scrapy/utils/sitemap.py:79 scrapy.utils.sitemap.Sitemap._process_sitemap_element event=line locals={}
2026-08-23 04:33:14.195 /testbed/scrapy/utils/sitemap.py:80 scrapy.utils.sitemap.Sitemap._process_sitemap_element event=line locals={'d': "{'changefreq': 'value-84', 'loc': 'https://example.invalid/155/3', 'lastmod': 'value-22', 'priority': 'value-42'}"}
2026-08-23 04:33:14.195 /testbed/scrapy/utils/sitemap.py:83 scrapy.utils.sitemap.Sitemap._process_sitemap_element event=line locals={}
2026-08-23 04:33:14.195 /testbed/scrapy/utils/sitemap.py:69 scrapy.utils.sitemap.Sitemap._process_sitemap_element event=line locals={}
2026-08-23 04:33:14.195 /testbed/scrapy/utils/sitemap.py:70 scrapy.utils.sitemap.Sitemap._process_sitemap_element event=line locals={'el': '<Element lastmod at 0x7ac8b2f46d80>'}
2026-08-23 04:33:14.195 /testbed/scrapy/utils/sitemap.py:71 scrapy.utils.sitemap.Sitemap._process_sitemap_element event=line locals={}
2026-08-23 04:33:14.195 /testbed/scrapy/utils/sitemap.py:72 scrapy.utils.sitemap.Sitemap._process_sitemap_element event=line locals={}
2026-08-23 04:33:14.195 /testbed/scrapy/utils/sitemap.py:75 scrapy.utils.sitemap.Sitemap._process_sitemap_element event=line locals={}
2026-08-23 04:33:14.195 /testbed/scrapy/utils/sitemap.py:79 scrapy.utils.sitemap.Sitemap._process_sitemap_element event=line locals={}
2026-08-23 04:33:14.195 /testbed/scrapy/utils/sitemap.py:80 scrapy.utils.sitemap.Sitemap._process_sitemap_element event=line locals={'d': "{'changefreq': 'value-84', 'loc': 'https://example.invalid/155/3', 'lastmod': 'value-35', 'priority': 'value-42'}"}
2026-08-23 04:33:14.195 /testbed/scrapy/utils/sitemap.py:83 scrapy.utils.sitemap.Sitemap._process_sitemap_element event=line locals={}
2026-08-23 04:33:14.195 /testbed/scrapy/utils/sitemap.py:69 scrapy.utils.sitemap.Sitemap._process_sitemap_element event=line locals={}
2026-08-23 04:33:14.195 /testbed/scrapy/utils/sitemap.py:70 scrapy.utils.sitemap.Sitemap._process_sitemap_element event=line locals={'el': '<Element lastmod at 0x7ac8b2f46f80>'}
2026-08-23 04:33:14.195 /testbed/scrapy/utils/sitemap.py:71 scrapy.utils.sitemap.Sitemap._process_sitemap_element event=line locals={}
2026-08-23 04:33:14.195 /testbed/scrapy/utils/sitemap.py:72 scrapy.utils.sitemap.Sitemap._process_sitemap_element event=line locals={}
2026-08-23 04:33:14.195 /testbed/scrapy/utils/sitemap.py:75 scrapy.utils.sitemap.Sitemap._process_sitemap_element event=line locals={}
2026-08-23 04:33:14.195 /testbed/scrapy/utils/sitemap.py:79 scrapy.utils.sitemap.Sitemap._process_sitemap_element event=line locals={}
2026-08-23 04:33:14.195 /testbed/scrapy/utils/sitemap.py:80 scrapy.utils.sitemap.Sitemap._process_sitemap_element event=line locals={'d': "{'changefreq': 'value-84', 'loc': 'https://example.invalid/155/3', 'lastmod': 'value-48', 'priority': 'value-42'}"}
2026-08-23 04:33:14.195 /testbed/scrapy/utils/sitemap.py:83 scrapy.utils.sitemap.Sitemap._process_sitemap_element event=line locals={}
2026-08-23 04:33:14.195 /testbed/scrapy/utils/sitemap.py:69 scrapy.utils.sitemap.Sitemap._process_sitemap_element event=line locals={}
2026-08-23 04:33:14.195 /testbed/scrapy/utils/sitemap.py:70 scrapy.utils.sitemap.Sitemap._process_sitemap_element event=line locals={'el': '<Element changefreq at 0x7ac8b2f46f40>'}
2026-08-23 04:33:14.195 /testbed/scrapy/utils/sitemap.py:71 scrapy.utils.sitemap.Sitemap._process_sitemap_element event=line locals={}
2026-08-23 04:33:14.195 /testbed/scrapy/utils/sitemap.py:72 scrapy.utils.sitemap.Sitemap._process_sitemap_element event=line locals={'tag_name': "'changefreq'"}
2026-08-23 04:33:14.195 /testbed/scrapy/utils/sitemap.py:75 scrapy.utils.sitemap.Sitemap._process_sitemap_element event=line locals={}
2026-08-23 04:33:14.195 /testbed/scrapy/utils/sitemap.py:79 scrapy.utils.sitemap.Sitemap._process_sitemap_element event=line locals={}
2026-08-23 04:33:14.195 /testbed/scrapy/utils/sitemap.py:80 scrapy.utils.sitemap.Sitemap._process_sitemap_element event=line locals={'d': "{'changefreq': 'value-61', 'loc': 'https://example.invalid/155/3', 'lastmod': 'value-48', 'priority': 'value-42'}"}
2026-08-23 04:33:14.195 /testbed/scrapy/utils/sitemap.py:83 scrapy.utils.sitemap.Sitemap._process_sitemap_element event=line locals={}
2026-08-23 04:33:14.195 /testbed/scrapy/utils/sitemap.py:69 scrapy.utils.sitemap.Sitemap._process_sitemap_element event=line locals={}
2026-08-23 04:33:14.195 /testbed/scrapy/utils/sitemap.py:70 scrapy.utils.sitemap.Sitemap._process_sitemap_element event=line locals={'el': '<Element lastmod at 0x7ac8b2f46d80>'}
2026-08-23 04:33:14.195 /testbed/scrapy/utils/sitemap.py:71 scrapy.utils.sitemap.Sitemap._process_sitemap_element event=line locals={}
2026-08-23 04:33:14.195 /testbed/scrapy/utils/sitemap.py:72 scrapy.utils.sitemap.Sitemap._process_sitemap_element event=line locals={'tag_name': "'lastmod'"}
2026-08-23 04:33:14.195 /testbed/scrapy/utils/sitemap.py:75 scrapy.utils.sitemap.Sitemap._process_sitemap_element event=line locals={}
2026-08-23 04:33:14.195 /testbed/scrapy/utils/sitemap.py:79 scrapy.utils.sitemap.Sitemap._process_sitemap_element event=line locals={}
2026-08-23 04:33:14.195 /testbed/scrapy/utils/sitemap.py:80 scrapy.utils.sitemap.Sitemap._process_sitemap_element event=line locals={'d': "{'changefreq': 'value-61', 'loc': 'https://example.invalid/155/3', 'lastmod': 'value-74', 'priority': 'value-42'}"}
2026-08-23 04:33:14.195 /testbed/scrapy/utils/sitemap.py:83 scrapy.utils.sitemap.Sitemap._process_sitemap_element event=line locals={}
2026-08-23 04:33:14.195 /testbed/scrapy/utils/sitemap.py:69 scrapy.utils.sitemap.Sitemap._process_sitemap_element event=line locals={}
2026-08-23 04:33:14.195 /testbed/scrapy/utils/sitemap.py:70 scrapy.utils.sitemap.Sitemap._process_sitemap_element event=line locals={'el': '<Element priority at 0x7ac8b2f46f80>'}
2026-08-23 04:33:14.195 /testbed/scrapy/utils/sitemap.py:71 scrapy.utils.sitemap.Sitemap._process_sitemap_element event=line locals={}
2026-08-23 04:33:14.195 /testbed/scrapy/utils/sitemap.py:72 scrapy.utils.sitemap.Sitemap._process_sitemap_element event=line locals={'tag_name': "'priority'"}
2026-08-23 04:33:14.195 /testbed/scrapy/utils/sitemap.py:75 scrapy.utils.sitemap.Sitemap._process_sitemap_element event=line locals={}
2026-08-23 04:33:14.195 /testbed/scrapy/utils/sitemap.py:79 scrapy.utils.sitemap.Sitemap._process_sitemap_element event=line locals={}
2026-08-23 04:33:14.196 /testbed/scrapy/utils/sitemap.py:80 scrapy.utils.sitemap.Sitemap._process_sitemap_element event=line locals={'d': "{'changefreq': 'value-61', 'loc': 'https://example.invalid/155/3', 'lastmod': 'value-74', 'priority': 'value-87'}"}
2026-08-23 04:33:14.196 /testbed/scrapy/utils/sitemap.py:83 scrapy.utils.sitemap.Sitemap._process_sitemap_element event=line locals={}
2026-08-23 04:33:14.196 /testbed/scrapy/utils/sitemap.py:69 scrapy.utils.sitemap.Sitemap._process_sitemap_element event=line locals={}
2026-08-23 04:33:14.196 /testbed/scrapy/utils/sitemap.py:70 scrapy.utils.sitemap.Sitemap._process_sitemap_element event=line locals={'el': '<!--generated-98-->'}
2026-08-23 04:33:14.196 /testbed/scrapy/utils/sitemap.py:71 scrapy.utils.sitemap.Sitemap._process_sitemap_element event=line locals={}
2026-08-23 04:33:14.196 /testbed/scrapy/utils/sitemap.py:72 scrapy.utils.sitemap.Sitemap._process_sitemap_element event=line locals={'tag_name': "''"}
2026-08-23 04:33:14.196 /testbed/scrapy/utils/sitemap.py:73 scrapy.utils.sitemap.Sitemap._process_sitemap_element event=line locals={}
2026-08-23 04:33:14.196 /testbed/scrapy/utils/sitemap.py:83 scrapy.utils.sitemap.Sitemap._process_sitemap_element event=line locals={}
2026-08-23 04:33:14.196 /testbed/scrapy/utils/sitemap.py:69 scrapy.utils.sitemap.Sitemap._process_sitemap_element event=line locals={}
2026-08-23 04:33:14.196 /testbed/scrapy/utils/sitemap.py:70 scrapy.utils.sitemap.Sitemap._process_sitemap_element event=line locals={'el': '<Element changefreq at 0x7ac8b2f46d80>'}
2026-08-23 04:33:14.196 /testbed/scrapy/utils/sitemap.py:71 scrapy.utils.sitemap.Sitemap._process_sitemap_element event=line locals={}
2026-08-23 04:33:14.196 /testbed/scrapy/utils/sitemap.py:72 scrapy.utils.sitemap.Sitemap._process_sitemap_element event=line locals={'tag_name': "'changefreq'"}
2026-08-23 04:33:14.196 /testbed/scrapy/utils/sitemap.py:75 scrapy.utils.sitemap.Sitemap._process_sitemap_element event=line locals={}
2026-08-23 04:33:14.196 /testbed/scrapy/utils/sitemap.py:79 scrapy.utils.sitemap.Sitemap._process_sitemap_element event=line locals={}
2026-08-23 04:33:14.196 /testbed/scrapy/utils/sitemap.py:80 scrapy.utils.sitemap.Sitemap._process_sitemap_element event=line locals={'d': "{'changefreq': 'value-12', 'loc': 'https://example.invalid/155/3', 'lastmod': 'value-74', 'priority': 'value-87'}"}
2026-08-23 04:33:14.196 /testbed/scrapy/utils/sitemap.py:83 scrapy.utils.sitemap.Sitemap._process_sitemap_element event=line locals={}
2026-08-23 04:33:14.196 /testbed/scrapy/utils/sitemap.py:69 scrapy.utils.sitemap.Sitemap._process_sitemap_element event=line locals={}
2026-08-23 04:33:14.196 /testbed/scrapy/utils/sitemap.py:70 scrapy.utils.sitemap.Sitemap._process_sitemap_element event=line locals={'el': '<Element lastmod at 0x7ac8b2f46f80>'}
2026-08-23 04:33:14.196 /testbed/scrapy/utils/sitemap.py:71 scrapy.utils.sitemap.Sitemap._process_sitemap_element event=line locals={}
2026-08-23 04:33:14.196 /testbed/scrapy/utils/sitemap.py:72 scrapy.utils.sitemap.Sitemap._process_sitemap_element event=line locals={'tag_name': "'lastmod'"}
2026-08-23 04:33:14.196 /testbed/scrapy/utils/sitemap.py:75 scrapy.utils.sitemap.Sitemap._process_sitemap_element event=line locals={}
2026-08-23 04:33:14.196 /testbed/scrapy/utils/sitemap.py:79 scrapy.utils.sitemap.Sitemap._process_sitemap_element event=line locals={}
2026-08-23 04:33:14.196 /testbed/scrapy/utils/sitemap.py:80 scrapy.utils.sitemap.Sitemap._process_sitemap_element event=line locals={'d': "{'changefreq': 'value-12', 'loc': 'https://example.invalid/155/3', 'lastmod': 'value-25', 'priority': 'value-87'}"}
2026-08-23 04:33:14.196 /testbed/scrapy/utils/sitemap.py:83 scrapy.utils.sitemap.Sitemap._process_sitemap_element event=line locals={}
2026-08-23 04:33:14.196 /testbed/scrapy/utils/sitemap.py:69 scrapy.utils.sitemap.Sitemap._process_sitemap_element event=line locals={}
2026-08-23 04:33:14.196 /testbed/scrapy/utils/sitemap.py:70 scrapy.utils.sitemap.Sitemap._process_sitemap_element event=line locals={'el': '<Element changefreq at 0x7ac8b2f470c0>'}
2026-08-23 04:33:14.196 /testbed/scrapy/utils/sitemap.py:71 scrapy.utils.sitemap.Sitemap._process_sitemap_element event=line locals={}
2026-08-23 04:33:14.196 /testbed/scrapy/utils/sitemap.py:72 scrapy.utils.sitemap.Sitemap._process_sitemap_element event=line locals={'tag_name': "'changefreq'"}
2026-08-23 04:33:14.196 /testbed/scrapy/utils/sitemap.py:75 scrapy.utils.sitemap.Sitemap._process_sitemap_element event=line locals={}
2026-08-23 04:33:14.196 /testbed/scrapy/utils/sitemap.py:79 scrapy.utils.sitemap.Sitemap._process_sitemap_element event=line locals={}
2026-08-23 04:33:14.196 /testbed/scrapy/utils/sitemap.py:80 scrapy.utils.sitemap.Sitemap._process_sitemap_element event=line locals={'d': "{'changefreq': 'value-38', 'loc': 'https://example.invalid/155/3', 'lastmod': 'value-25', 'priority': 'value-87'}"}
2026-08-23 04:33:14.196 /testbed/scrapy/utils/sitemap.py:83 scrapy.utils.sitemap.Sitemap._process_sitemap_element event=line locals={}
2026-08-23 04:33:14.196 /testbed/scrapy/utils/sitemap.py:69 scrapy.utils.sitemap.Sitemap._process_sitemap_element event=line locals={}
2026-08-23 04:33:14.196 /testbed/scrapy/utils/sitemap.py:70 scrapy.utils.sitemap.Sitemap._process_sitemap_element event=line locals={'el': '<Element changefreq at 0x7ac8b2f46d80>'}
2026-08-23 04:33:14.196 /testbed/scrapy/utils/sitemap.py:71 scrapy.utils.sitemap.Sitemap._process_sitemap_element event=line locals={}
2026-08-23 04:33:14.196 /testbed/scrapy/utils/sitemap.py:72 scrapy.utils.sitemap.Sitemap._process_sitemap_element event=line locals={}
2026-08-23 04:33:14.196 /testbed/scrapy/utils/sitemap.py:75 scrapy.utils.sitemap.Sitemap._process_sitemap_element event=line locals={}
2026-08-23 04:33:14.196 /testbed/scrapy/utils/sitemap.py:79 scrapy.utils.sitemap.Sitemap._process_sitemap_element event=line locals={}
2026-08-23 04:33:14.196 /testbed/scrapy/utils/sitemap.py:80 scrapy.utils.sitemap.Sitemap._process_sitemap_element event=line locals={'d': "{'changefreq': 'value-51', 'loc': 'https://example.invalid/155/3', 'lastmod': 'value-25', 'priority': 'value-87'}"}
2026-08-23 04:33:14.196 /testbed/scrapy/utils/sitemap.py:83 scrapy.utils.sitemap.Sitemap._process_sitemap_element event=line locals={}
2026-08-23 04:33:14.196 /testbed/scrapy/utils/sitemap.py:69 scrapy.utils.sitemap.Sitemap._process_sitemap_element event=line locals={}
2026-08-23 04:33:14.196 /testbed/scrapy/utils/sitemap.py:70 scrapy.utils.sitemap.Sitemap._process_sitemap_element event=line locals={'el': '<Element lastmod at 0x7ac8b2f46f80>'}
2026-08-23 04:33:14.196 /testbed/scrapy/utils/sitemap.py:71 scrapy.utils.sitemap.Sitemap._process_sitemap_element event=line locals={}
2026-08-23 04:33:14.196 /testbed/scrapy/utils/sitemap.py:72 scrapy.utils.sitemap.Sitemap._process_sitemap_element event=line locals={'tag_name': "'lastmod'"}
2026-08-23 04:33:14.196 /testbed/scrapy/utils/sitemap.py:75 scrapy.utils.sitemap.Sitemap._process_sitemap_element event=line locals={}
2026-08-23 04:33:14.196 /testbed/scrapy/utils/sitemap.py:79 scrapy.utils.sitemap.Sitemap._process_sitemap_element event=line locals={}
2026-08-23 04:33:14.196 /testbed/scrapy/utils/sitemap.py:80 scrapy.utils.sitemap.Sitemap._process_sitemap_element event=line locals={'d': "{'changefreq': 'value-51', 'loc': 'https://example.invalid/155/3', 'lastmod': 'value-64', 'priority': 'value-87'}"}
2026-08-23 04:33:14.196 /testbed/scrapy/utils/sitemap.py:83 scrapy.utils.sitemap.Sitemap._process_sitemap_element event=line locals={}
2026-08-23 04:33:14.196 /testbed/scrapy/utils/sitemap.py:69 scrapy.utils.sitemap.Sitemap._process_sitemap_element event=line locals={}
2026-08-23 04:33:14.196 /testbed/scrapy/utils/sitemap.py:70 scrapy.utils.sitemap.Sitemap._process_sitemap_element event=line locals={'el': '<Element priority at 0x7ac8b2f470c0>'}
2026-08-23 04:33:14.196 /testbed/scrapy/utils/sitemap.py:71 scrapy.utils.sitemap.Sitemap._process_sitemap_element event=line locals={}
2026-08-23 04:33:14.196 /testbed/scrapy/utils/sitemap.py:72 scrapy.utils.sitemap.Sitemap._process_sitemap_element event=line locals={'tag_name': "'priority'"}
2026-08-23 04:33:14.196 /testbed/scrapy/utils/sitemap.py:75 scrapy.utils.sitemap.Sitemap._process_sitemap_element event=line locals={}
2026-08-23 04:33:14.196 /testbed/scrapy/utils/sitemap.py:79 scrapy.utils.sitemap.Sitemap._process_sitemap_element event=line locals={}
2026-08-23 04:33:14.196 /testbed/scrapy/utils/sitemap.py:80 scrapy.utils.sitemap.Sitemap._process_sitemap_element event=line locals={'d': "{'changefreq': 'value-51', 'loc': 'https://example.invalid/155/3', 'lastmod': 'value-64', 'priority': 'value-77'}"}
2026-08-23 04:33:14.196 /testbed/scrapy/utils/sitemap.py:83 scrapy.utils.sitemap.Sitemap._process_sitemap_element event=line locals={}
2026-08-23 04:33:14.196 /testbed/scrapy/utils/sitemap.py:69 scrapy.utils.sitemap.Sitemap._process_sitemap_element event=line locals={}
2026-08-23 04:33:14.196 /testbed/scrapy/utils/sitemap.py:70 scrapy.utils.sitemap.Sitemap._process_sitemap_element event=line locals={'el': '<Element changefreq at 0x7ac8b2f46d80>'}
2026-08-23 04:33:14.196 /testbed/scrapy/utils/sitemap.py:71 scrapy.utils.sitemap.Sitemap._process_sitemap_element event=line locals={}
2026-08-23 04:33:14.197 /testbed/scrapy/utils/sitemap.py:72 scrapy.utils.sitemap.Sitemap._process_sitemap_element event=line locals={'tag_name': "'changefreq'"}
2026-08-23 04:33:14.197 /testbed/scrapy/utils/sitemap.py:75 scrapy.utils.sitemap.Sitemap._process_sitemap_element event=line locals={}
2026-08-23 04:33:14.197 /testbed/scrapy/utils/sitemap.py:79 scrapy.utils.sitemap.Sitemap._process_sitemap_element event=line locals={}
2026-08-23 04:33:14.197 /testbed/scrapy/utils/sitemap.py:80 scrapy.utils.sitemap.Sitemap._process_sitemap_element event=line locals={'d': "{'changefreq': 'value-90', 'loc': 'https://example.invalid/155/3', 'lastmod': 'value-64', 'priority': 'value-77'}"}
2026-08-23 04:33:14.197 /testbed/scrapy/utils/sitemap.py:83 scrapy.utils.sitemap.Sitemap._process_sitemap_element event=line locals={}
2026-08-23 04:33:14.197 /testbed/scrapy/utils/sitemap.py:69 scrapy.utils.sitemap.Sitemap._process_sitemap_element event=line locals={}
2026-08-23 04:33:14.197 /testbed/scrapy/utils/sitemap.py:70 scrapy.utils.sitemap.Sitemap._process_sitemap_element event=line locals={'el': '<Element priority at 0x7ac8b2f46f80>'}
2026-08-23 04:33:14.197 /testbed/scrapy/utils/sitemap.py:71 scrapy.utils.sitemap.Sitemap._process_sitemap_element event=line locals={}
2026-08-23 04:33:14.197 /testbed/scrapy/utils/sitemap.py:72 scrapy.utils.sitemap.Sitemap._process_sitemap_element event=line locals={'tag_name': "'priority'"}
2026-08-23 04:33:14.197 /testbed/scrapy/utils/sitemap.py:75 scrapy.utils.sitemap.Sitemap._process_sitemap_element event=line locals={}
2026-08-23 04:33:14.197 /testbed/scrapy/utils/sitemap.py:79 scrapy.utils.sitemap.Sitemap._process_sitemap_element event=line locals={}
2026-08-23 04:33:14.197 /testbed/scrapy/utils/sitemap.py:80 scrapy.utils.sitemap.Sitemap._process_sitemap_element event=line locals={'d': "{'changefreq': 'value-90', 'loc': 'https://example.invalid/155/3', 'lastmod': 'value-64', 'priority': 'value-2'}"}
2026-08-23 04:33:14.197 /testbed/scrapy/utils/sitemap.py:83 scrapy.utils.sitemap.Sitemap._process_sitemap_element event=line locals={}
2026-08-23 04:33:14.197 /testbed/scrapy/utils/sitemap.py:69 scrapy.utils.sitemap.Sitemap._process_sitemap_element event=line locals={}
2026-08-23 04:33:14.197 /testbed/scrapy/utils/sitemap.py:70 scrapy.utils.sitemap.Sitemap._process_sitemap_element event=line locals={'el': '<Element lastmod at 0x7ac8b2f470c0>'}
2026-08-23 04:33:14.197 /testbed/scrapy/utils/sitemap.py:71 scrapy.utils.sitemap.Sitemap._process_sitemap_element event=line locals={}
2026-08-23 04:33:14.197 /testbed/scrapy/utils/sitemap.py:72 scrapy.utils.sitemap.Sitemap._process_sitemap_element event=line locals={'tag_name': "'lastmod'"}
2026-08-23 04:33:14.197 /testbed/scrapy/utils/sitemap.py:75 scrapy.utils.sitemap.Sitemap._process_sitemap_element event=line locals={}
2026-08-23 04:33:14.197 /testbed/scrapy/utils/sitemap.py:79 scrapy.utils.sitemap.Sitemap._process_sitemap_element event=line locals={}
2026-08-23 04:33:14.197 /testbed/scrapy/utils/sitemap.py:80 scrapy.utils.sitemap.Sitemap._process_sitemap_element event=line locals={'d': "{'changefreq': 'value-90', 'loc': 'https://example.invalid/155/3', 'lastmod': 'value-15', 'priority': 'value-2'}"}
2026-08-23 04:33:14.197 /testbed/scrapy/utils/sitemap.py:83 scrapy.utils.sitemap.Sitemap._process_sitemap_element event=line locals={}
2026-08-23 04:33:14.197 /testbed/scrapy/utils/sitemap.py:69 scrapy.utils.sitemap.Sitemap._process_sitemap_element event=line locals={}
2026-08-23 04:33:14.197 /testbed/scrapy/utils/sitemap.py:70 scrapy.utils.sitemap.Sitemap._process_sitemap_element event=line locals={'el': '<Element {http://www.w3.org/1999/xhtml}link at 0x7ac8b2f46d80>'}
2026-08-23 04:33:14.197 /testbed/scrapy/utils/sitemap.py:71 scrapy.utils.sitemap.Sitemap._process_sitemap_element event=line locals={}
2026-08-23 04:33:14.197 /testbed/scrapy/utils/sitemap.py:72 scrapy.utils.sitemap.Sitemap._process_sitemap_element event=line locals={'tag_name': "'link'"}
2026-08-23 04:33:14.197 /testbed/scrapy/utils/sitemap.py:75 scrapy.utils.sitemap.Sitemap._process_sitemap_element event=line locals={}
2026-08-23 04:33:14.197 /testbed/scrapy/utils/sitemap.py:76 scrapy.utils.sitemap.Sitemap._process_sitemap_element event=line locals={}
2026-08-23 04:33:14.197 /testbed/scrapy/utils/sitemap.py:83 scrapy.utils.sitemap.Sitemap._process_sitemap_element event=line locals={'href': 'None'}
2026-08-23 04:33:14.197 /testbed/scrapy/utils/sitemap.py:69 scrapy.utils.sitemap.Sitemap._process_sitemap_element event=line locals={}
2026-08-23 04:33:14.197 /testbed/scrapy/utils/sitemap.py:70 scrapy.utils.sitemap.Sitemap._process_sitemap_element event=line locals={'el': '<Element lastmod at 0x7ac8b2f46f80>'}
2026-08-23 04:33:14.197 /testbed/scrapy/utils/sitemap.py:71 scrapy.utils.sitemap.Sitemap._process_sitemap_element event=line locals={}
2026-08-23 04:33:14.197 /testbed/scrapy/utils/sitemap.py:72 scrapy.utils.sitemap.Sitemap._process_sitemap_element event=line locals={'tag_name': "'lastmod'"}
2026-08-23 04:33:14.197 /testbed/scrapy/utils/sitemap.py:75 scrapy.utils.sitemap.Sitemap._process_sitemap_element event=line locals={}
2026-08-23 04:33:14.197 /testbed/scrapy/utils/sitemap.py:79 scrapy.utils.sitemap.Sitemap._process_sitemap_element event=line locals={}
2026-08-23 04:33:14.197 /testbed/scrapy/utils/sitemap.py:80 scrapy.utils.sitemap.Sitemap._process_sitemap_element event=line locals={'d': "{'changefreq': 'value-90', 'loc': 'https://example.invalid/155/3', 'lastmod': 'value-41', 'priority': 'value-2'}"}
2026-08-23 04:33:14.197 /testbed/scrapy/utils/sitemap.py:83 scrapy.utils.sitemap.Sitemap._process_sitemap_element event=line locals={}
2026-08-23 04:33:14.197 /testbed/scrapy/utils/sitemap.py:69 scrapy.utils.sitemap.Sitemap._process_sitemap_element event=line locals={}
2026-08-23 04:33:14.197 /testbed/scrapy/utils/sitemap.py:70 scrapy.utils.sitemap.Sitemap._process_sitemap_element event=line locals={'el': '<Element {http://www.w3.org/1999/xhtml}link at 0x7ac8b2f46dc0>'}
2026-08-23 04:33:14.197 /testbed/scrapy/utils/sitemap.py:71 scrapy.utils.sitemap.Sitemap._process_sitemap_element event=line locals={}
2026-08-23 04:33:14.197 /testbed/scrapy/utils/sitemap.py:72 scrapy.utils.sitemap.Sitemap._process_sitemap_element event=line locals={'tag_name': "'link'"}
2026-08-23 04:33:14.197 /testbed/scrapy/utils/sitemap.py:75 scrapy.utils.sitemap.Sitemap._process_sitemap_element event=line locals={}
2026-08-23 04:33:14.197 /testbed/scrapy/utils/sitemap.py:76 scrapy.utils.sitemap.Sitemap._process_sitemap_element event=line locals={}
2026-08-23 04:33:14.197 /testbed/scrapy/utils/sitemap.py:77 scrapy.utils.sitemap.Sitemap._process_sitemap_element event=line locals={'href': "'https://mirror.invalid/6e/1'"}
2026-08-23 04:33:14.197 /testbed/scrapy/utils/sitemap.py:83 scrapy.utils.sitemap.Sitemap._process_sitemap_element event=line locals={'alternate': "['https://mirror.invalid/0/1', 'https://mirror.invalid/1/1', 'https://mirror.invalid/9/1', 'https://mirror.invalid/a/1', 'https://mirror.invalid/24/1', 'https://mirror.invalid/26/1', 'https://mirror.invalid/2f/1', 'https://mirror.invalid/35/1', 'https://mirror.invalid/3b/1', 'https://mirror.invalid/50/1', 'https://mirror.invalid/53/1', 'https://mirror.invalid/58/1', 'https://mirror.invalid/6e/1']"}
2026-08-23 04:33:14.197 /testbed/scrapy/utils/sitemap.py:69 scrapy.utils.sitemap.Sitemap._process_sitemap_element event=line locals={}
2026-08-23 04:33:14.197 /testbed/scrapy/utils/sitemap.py:70 scrapy.utils.sitemap.Sitemap._process_sitemap_element event=line locals={'el': '<!--generated-111-->'}
2026-08-23 04:33:14.198 /testbed/scrapy/utils/sitemap.py:71 scrapy.utils.sitemap.Sitemap._process_sitemap_element event=line locals={}
2026-08-23 04:33:14.198 /testbed/scrapy/utils/sitemap.py:72 scrapy.utils.sitemap.Sitemap._process_sitemap_element event=line locals={'tag_name': "''"}
2026-08-23 04:33:14.198 /testbed/scrapy/utils/sitemap.py:73 scrapy.utils.sitemap.Sitemap._process_sitemap_element event=line locals={}
2026-08-23 04:33:14.198 /testbed/scrapy/utils/sitemap.py:83 scrapy.utils.sitemap.Sitemap._process_sitemap_element event=line locals={}
2026-08-23 04:33:14.198 /testbed/scrapy/utils/sitemap.py:69 scrapy.utils.sitemap.Sitemap._process_sitemap_element event=line locals={}
2026-08-23 04:33:14.198 /testbed/scrapy/utils/sitemap.py:70 scrapy.utils.sitemap.Sitemap._process_sitemap_element event=line locals={'el': '<Element priority at 0x7ac8b2f470c0>'}
2026-08-23 04:33:14.198 /testbed/scrapy/utils/sitemap.py:71 scrapy.utils.sitemap.Sitemap._process_sitemap_element event=line locals={}
2026-08-23 04:33:14.198 /testbed/scrapy/utils/sitemap.py:72 scrapy.utils.sitemap.Sitemap._process_sitemap_element event=line locals={'tag_name': "'priority'"}
2026-08-23 04:33:14.198 /testbed/scrapy/utils/sitemap.py:75 scrapy.utils.sitemap.Sitemap._process_sitemap_element event=line locals={}
2026-08-23 04:33:14.198 /testbed/scrapy/utils/sitemap.py:79 scrapy.utils.sitemap.Sitemap._process_sitemap_element event=line locals={}
2026-08-23 04:33:14.198 /testbed/scrapy/utils/sitemap.py:80 scrapy.utils.sitemap.Sitemap._process_sitemap_element event=line locals={'d': "{'changefreq': 'value-90', 'loc': 'https://example.invalid/155/3', 'lastmod': 'value-41', 'priority': 'value-80'}"}
2026-08-23 04:33:14.198 /testbed/scrapy/utils/sitemap.py:83 scrapy.utils.sitemap.Sitemap._process_sitemap_element event=line locals={}
2026-08-23 04:33:14.198 /testbed/scrapy/utils/sitemap.py:69 scrapy.utils.sitemap.Sitemap._process_sitemap_element event=line locals={}
2026-08-23 04:33:14.198 /testbed/scrapy/utils/sitemap.py:70 scrapy.utils.sitemap.Sitemap._process_sitemap_element event=line locals={'el': '<Element changefreq at 0x7ac8b2f46dc0>'}
2026-08-23 04:33:14.198 /testbed/scrapy/utils/sitemap.py:71 scrapy.utils.sitemap.Sitemap._process_sitemap_element event=line locals={}
2026-08-23 04:33:14.198 /testbed/scrapy/utils/sitemap.py:72 scrapy.utils.sitemap.Sitemap._process_sitemap_element event=line locals={'tag_name': "'changefreq'"}
2026-08-23 04:33:14.198 /testbed/scrapy/utils/sitemap.py:75 scrapy.utils.sitemap.Sitemap._process_sitemap_element event=line locals={}
2026-08-23 04:33:14.198 /testbed/scrapy/utils/sitemap.py:79 scrapy.utils.sitemap.Sitemap._process_sitemap_element event=line locals={}
2026-08-23 04:33:14.198 /testbed/scrapy/utils/sitemap.py:80 scrapy.utils.sitemap.Sitemap._process_sitemap_element event=line locals={'d': "{'changefreq': 'value-93', 'loc': 'https://example.invalid/155/3', 'lastmod': 'value-41', 'priority': 'value-80'}"}
2026-08-23 04:33:14.198 /testbed/scrapy/utils/sitemap.py:83 scrapy.utils.sitemap.Sitemap._process_sitemap_element event=line locals={}
2026-08-23 04:33:14.198 /testbed/scrapy/utils/sitemap.py:69 scrapy.utils.sitemap.Sitemap._process_sitemap_element event=line locals={}
2026-08-23 04:33:14.198 /testbed/scrapy/utils/sitemap.py:70 scrapy.utils.sitemap.Sitemap._process_sitemap_element event=line locals={'el': '<Element priority at 0x7ac8b2f46ec0>'}
2026-08-23 04:33:14.199 /testbed/scrapy/utils/sitemap.py:71 scrapy.utils.sitemap.Sitemap._process_sitemap_element event=line locals={}
2026-08-23 04:33:14.199 /testbed/scrapy/utils/sitemap.py:72 scrapy.utils.sitemap.Sitemap._process_sitemap_element event=line locals={'tag_name': "'priority'"}
2026-08-23 04:33:14.199 /testbed/scrapy/utils/sitemap.py:75 scrapy.utils.sitemap.Sitemap._process_sitemap_element event=line locals={}
2026-08-23 04:33:14.199 /testbed/scrapy/utils/sitemap.py:79 scrapy.utils.sitemap.Sitemap._process_sitemap_element event=line locals={}
2026-08-23 04:33:14.199 /testbed/scrapy/utils/sitemap.py:80 scrapy.utils.sitemap.Sitemap._process_sitemap_element event=line locals={'d': "{'changefreq': 'value-93', 'loc': 'https://example.invalid/155/3', 'lastmod': 'value-41', 'priority': 'value-5'}"}
2026-08-23 04:33:14.199 /testbed/scrapy/utils/sitemap.py:83 scrapy.utils.sitemap.Sitemap._process_sitemap_element event=line locals={}
2026-08-23 04:33:14.199 /testbed/scrapy/utils/sitemap.py:69 scrapy.utils.sitemap.Sitemap._process_sitemap_element event=line locals={}
2026-08-23 04:33:14.199 /testbed/scrapy/utils/sitemap.py:70 scrapy.utils.sitemap.Sitemap._process_sitemap_element event=line locals={'el': '<Element priority at 0x7ac8b2f470c0>'}
2026-08-23 04:33:14.199 /testbed/scrapy/utils/sitemap.py:71 scrapy.utils.sitemap.Sitemap._process_sitemap_element event=line locals={}
2026-08-23 04:33:14.199 /testbed/scrapy/utils/sitemap.py:72 scrapy.utils.sitemap.Sitemap._process_sitemap_element event=line locals={}
2026-08-23 04:33:14.199 /testbed/scrapy/utils/sitemap.py:75 scrapy.utils.sitemap.Sitemap._process_sitemap_element event=line locals={}
2026-08-23 04:33:14.199 /testbed/scrapy/utils/sitemap.py:79 scrapy.utils.sitemap.Sitemap._process_sitemap_element event=line locals={}
2026-08-23 04:33:14.199 /testbed/scrapy/utils/sitemap.py:80 scrapy.utils.sitemap.Sitemap._process_sitemap_element event=line locals={'d': "{'changefreq': 'value-93', 'loc': 'https://example.invalid/155/3', 'lastmod': 'value-41', 'priority': 'value-18'}"}
2026-08-23 04:33:14.199 /testbed/scrapy/utils/sitemap.py:83 scrapy.utils.sitemap.Sitemap._process_sitemap_element event=line locals={}
2026-08-23 04:33:14.199 /testbed/scrapy/utils/sitemap.py:69 scrapy.utils.sitemap.Sitemap._process_sitemap_element event=line locals={}
2026-08-23 04:33:14.199 /testbed/scrapy/utils/sitemap.py:70 scrapy.utils.sitemap.Sitemap._process_sitemap_element event=line locals={'el': '<Element priority at 0x7ac8b2f46dc0>'}
2026-08-23 04:33:14.199 /testbed/scrapy/utils/sitemap.py:71 scrapy.utils.sitemap.Sitemap._process_sitemap_element event=line locals={}
2026-08-23 04:33:14.199 /testbed/scrapy/utils/sitemap.py:72 scrapy.utils.sitemap.Sitemap._process_sitemap_element event=line locals={}
2026-08-23 04:33:14.199 /testbed/scrapy/utils/sitemap.py:75 scrapy.utils.sitemap.Sitemap._process_sitemap_element event=line locals={}
2026-08-23 04:33:14.199 /testbed/scrapy/utils/sitemap.py:79 scrapy.utils.sitemap.Sitemap._process_sitemap_element event=line locals={}
2026-08-23 04:33:14.199 /testbed/scrapy/utils/sitemap.py:80 scrapy.utils.sitemap.Sitemap._process_sitemap_element event=line locals={'d': "{'changefreq': 'value-93', 'loc': 'https://example.invalid/155/3', 'lastmod': 'value-41', 'priority': 'value-31'}"}
2026-08-23 04:33:14.199 /testbed/scrapy/utils/sitemap.py:83 scrapy.utils.sitemap.Sitemap._process_sitemap_element event=line locals={}
2026-08-23 04:33:14.199 /testbed/scrapy/utils/sitemap.py:69 scrapy.utils.sitemap.Sitemap._process_sitemap_element event=line locals={}
2026-08-23 04:33:14.199 /testbed/scrapy/utils/sitemap.py:70 scrapy.utils.sitemap.Sitemap._process_sitemap_element event=line locals={'el': '<Element lastmod at 0x7ac8b2f46ec0>'}
2026-08-23 04:33:14.200 /testbed/scrapy/utils/sitemap.py:71 scrapy.utils.sitemap.Sitemap._process_sitemap_element event=line locals={}
2026-08-23 04:33:14.200 /testbed/scrapy/utils/sitemap.py:72 scrapy.utils.sitemap.Sitemap._process_sitemap_element event=line locals={'tag_name': "'lastmod'"}
2026-08-23 04:33:14.200 /testbed/scrapy/utils/sitemap.py:75 scrapy.utils.sitemap.Sitemap._process_sitemap_element event=line locals={}
2026-08-23 04:33:14.200 /testbed/scrapy/utils/sitemap.py:79 scrapy.utils.sitemap.Sitemap._process_sitemap_element event=line locals={}
2026-08-23 04:33:14.200 /testbed/scrapy/utils/sitemap.py:80 scrapy.utils.sitemap.Sitemap._process_sitemap_element event=line locals={'d': "{'changefreq': 'value-93', 'loc': 'https://example.invalid/155/3', 'lastmod': 'value-44', 'priority': 'value-31'}"}
2026-08-23 04:33:14.200 /testbed/scrapy/utils/sitemap.py:83 scrapy.utils.sitemap.Sitemap._process_sitemap_element event=line locals={}
2026-08-23 04:33:14.200 /testbed/scrapy/utils/sitemap.py:69 scrapy.utils.sitemap.Sitemap._process_sitemap_element event=line locals={}
2026-08-23 04:33:14.200 /testbed/scrapy/utils/sitemap.py:70 scrapy.utils.sitemap.Sitemap._process_sitemap_element event=line locals={'el': '<!--generated-118-->'}
2026-08-23 04:33:14.200 /testbed/scrapy/utils/sitemap.py:71 scrapy.utils.sitemap.Sitemap._process_sitemap_element event=line locals={}
2026-08-23 04:33:14.200 /testbed/scrapy/utils/sitemap.py:72 scrapy.utils.sitemap.Sitemap._process_sitemap_element event=line locals={'tag_name': "''"}
2026-08-23 04:33:14.200 /testbed/scrapy/utils/sitemap.py:73 scrapy.utils.sitemap.Sitemap._process_sitemap_element event=line locals={}
2026-08-23 04:33:14.200 /testbed/scrapy/utils/sitemap.py:83 scrapy.utils.sitemap.Sitemap._process_sitemap_element event=line locals={}
2026-08-23 04:33:14.200 /testbed/scrapy/utils/sitemap.py:69 scrapy.utils.sitemap.Sitemap._process_sitemap_element event=line locals={}
2026-08-23 04:33:14.200 /testbed/scrapy/utils/sitemap.py:70 scrapy.utils.sitemap.Sitemap._process_sitemap_element event=line locals={'el': '<Element changefreq at 0x7ac8b2f46dc0>'}
2026-08-23 04:33:14.200 /testbed/scrapy/utils/sitemap.py:71 scrapy.utils.sitemap.Sitemap._process_sitemap_element event=line locals={}
2026-08-23 04:33:14.200 /testbed/scrapy/utils/sitemap.py:72 scrapy.utils.sitemap.Sitemap._process_sitemap_element event=line locals={'tag_name': "'changefreq'"}
2026-08-23 04:33:14.200 /testbed/scrapy/utils/sitemap.py:75 scrapy.utils.sitemap.Sitemap._process_sitemap_element event=line locals={}
2026-08-23 04:33:14.200 /testbed/scrapy/utils/sitemap.py:79 scrapy.utils.sitemap.Sitemap._process_sitemap_element event=line locals={}
2026-08-23 04:33:14.200 /testbed/scrapy/utils/sitemap.py:80 scrapy.utils.sitemap.Sitemap._process_sitemap_element event=line locals={'d': "{'changefreq': 'value-70', 'loc': 'https://example.invalid/155/3', 'lastmod': 'value-44', 'priority': 'value-31'}"}
2026-08-23 04:33:14.200 /testbed/scrapy/utils/sitemap.py:83 scrapy.utils.sitemap.Sitemap._process_sitemap_element event=line locals={}
2026-08-23 04:33:14.200 /testbed/scrapy/utils/sitemap.py:69 scrapy.utils.sitemap.Sitemap._process_sitemap_element event=line locals={}
2026-08-23 04:33:14.200 /testbed/scrapy/utils/sitemap.py:70 scrapy.utils.sitemap.Sitemap._process_sitemap_element event=line locals={'el': '<Element lastmod at 0x7ac8b2f46ec0>'}
2026-08-23 04:33:14.200 /testbed/scrapy/utils/sitemap.py:71 scrapy.utils.sitemap.Sitemap._process_sitemap_element event=line locals={}
2026-08-23 04:33:14.201 /testbed/scrapy/utils/sitemap.py:72 scrapy.utils.sitemap.Sitemap._process_sitemap_element event=line locals={'tag_name': "'lastmod'"}
2026-08-23 04:33:14.201 /testbed/scrapy/utils/sitemap.py:75 scrapy.utils.sitemap.Sitemap._process_sitemap_element event=line locals={}
2026-08-23 04:33:14.201 /testbed/scrapy/utils/sitemap.py:79 scrapy.utils.sitemap.Sitemap._process_sitemap_element event=line locals={}
2026-08-23 04:33:14.201 /testbed/scrapy/utils/sitemap.py:80 scrapy.utils.sitemap.Sitemap._process_sitemap_element event=line locals={'d': "{'changefreq': 'value-70', 'loc': 'https://example.invalid/155/3', 'lastmod': 'value-83', 'priority': 'value-31'}"}
2026-08-23 04:33:14.201 /testbed/scrapy/utils/sitemap.py:83 scrapy.utils.sitemap.Sitemap._process_sitemap_element event=line locals={}
2026-08-23 04:33:14.201 /testbed/scrapy/utils/sitemap.py:69 scrapy.utils.sitemap.Sitemap._process_sitemap_element event=line locals={}
2026-08-23 04:33:14.201 /testbed/scrapy/utils/sitemap.py:70 scrapy.utils.sitemap.Sitemap._process_sitemap_element event=line locals={'el': '<Element {http://www.w3.org/1999/xhtml}link at 0x7ac8b2f46d40>'}
2026-08-23 04:33:14.201 /testbed/scrapy/utils/sitemap.py:71 scrapy.utils.sitemap.Sitemap._process_sitemap_element event=line locals={}
2026-08-23 04:33:14.201 /testbed/scrapy/utils/sitemap.py:72 scrapy.utils.sitemap.Sitemap._process_sitemap_element event=line locals={'tag_name': "'link'"}
2026-08-23 04:33:14.201 /testbed/scrapy/utils/sitemap.py:75 scrapy.utils.sitemap.Sitemap._process_sitemap_element event=line locals={}
2026-08-23 04:33:14.201 /testbed/scrapy/utils/sitemap.py:76 scrapy.utils.sitemap.Sitemap._process_sitemap_element event=line locals={}
2026-08-23 04:33:14.201 /testbed/scrapy/utils/sitemap.py:77 scrapy.utils.sitemap.Sitemap._process_sitemap_element event=line locals={'href': "'https://mirror.invalid/79/1'"}
2026-08-23 04:33:14.201 /testbed/scrapy/utils/sitemap.py:83 scrapy.utils.sitemap.Sitemap._process_sitemap_element event=line locals={'alternate': "['https://mirror.invalid/0/1', 'https://mirror.invalid/1/1', 'https://mirror.invalid/9/1', 'https://mirror.invalid/a/1', 'https://mirror.invalid/24/1', 'https://mirror.invalid/26/1', 'https://mirror.invalid/2f/1', 'https://mirror.invalid/35/1', 'https://mirror.invalid/3b/1', 'https://mirror.invalid/50/1', 'https://mirror.invalid/53/1', 'https://mirror.invalid/58/1', 'https://mirror.invalid/6e/1', 'https://mirror.invalid/79/1']"}
2026-08-23 04:33:14.201 /testbed/scrapy/utils/sitemap.py:69 scrapy.utils.sitemap.Sitemap._process_sitemap_element event=line locals={}
2026-08-23 04:33:14.201 /testbed/scrapy/utils/sitemap.py:70 scrapy.utils.sitemap.Sitemap._process_sitemap_element event=line locals={'el': '<Element changefreq at 0x7ac8b2f46dc0>'}
2026-08-23 04:33:14.201 /testbed/scrapy/utils/sitemap.py:71 scrapy.utils.sitemap.Sitemap._process_sitemap_element event=line locals={}
2026-08-23 04:33:14.201 /testbed/scrapy/utils/sitemap.py:72 scrapy.utils.sitemap.Sitemap._process_sitemap_element event=line locals={'tag_name': "'changefreq'"}
2026-08-23 04:33:14.201 /testbed/scrapy/utils/sitemap.py:75 scrapy.utils.sitemap.Sitemap._process_sitemap_element event=line locals={}
2026-08-23 04:33:14.201 /testbed/scrapy/utils/sitemap.py:79 scrapy.utils.sitemap.Sitemap._process_sitemap_element event=line locals={}
2026-08-23 04:33:14.201 /testbed/scrapy/utils/sitemap.py:80 scrapy.utils.sitemap.Sitemap._process_sitemap_element event=line locals={'d': "{'changefreq': 'value-8', 'loc': 'https://example.invalid/155/3', 'lastmod': 'value-83', 'priority': 'value-31'}"}
2026-08-23 04:33:14.201 /testbed/scrapy/utils/sitemap.py:83 scrapy.utils.sitemap.Sitemap._process_sitemap_element event=line locals={}
2026-08-23 04:33:14.201 /testbed/scrapy/utils/sitemap.py:69 scrapy.utils.sitemap.Sitemap._process_sitemap_element event=line locals={}
2026-08-23 04:33:14.201 /testbed/scrapy/utils/sitemap.py:70 scrapy.utils.sitemap.Sitemap._process_sitemap_element event=line locals={'el': '<!--generated-123-->'}
2026-08-23 04:33:14.201 /testbed/scrapy/utils/sitemap.py:71 scrapy.utils.sitemap.Sitemap._process_sitemap_element event=line locals={}
2026-08-23 04:33:14.201 /testbed/scrapy/utils/sitemap.py:72 scrapy.utils.sitemap.Sitemap._process_sitemap_element event=line locals={'tag_name': "''"}
2026-08-23 04:33:14.202 /testbed/scrapy/utils/sitemap.py:73 scrapy.utils.sitemap.Sitemap._process_sitemap_element event=line locals={}
2026-08-23 04:33:14.202 /testbed/scrapy/utils/sitemap.py:83 scrapy.utils.sitemap.Sitemap._process_sitemap_element event=line locals={}
2026-08-23 04:33:14.202 /testbed/scrapy/utils/sitemap.py:69 scrapy.utils.sitemap.Sitemap._process_sitemap_element event=line locals={}
2026-08-23 04:33:14.202 /testbed/scrapy/utils/sitemap.py:70 scrapy.utils.sitemap.Sitemap._process_sitemap_element event=line locals={'el': '<Element {http://www.w3.org/1999/xhtml}link at 0x7ac8b2f46d40>'}
2026-08-23 04:33:14.202 /testbed/scrapy/utils/sitemap.py:71 scrapy.utils.sitemap.Sitemap._process_sitemap_element event=line locals={}
2026-08-23 04:33:14.202 /testbed/scrapy/utils/sitemap.py:72 scrapy.utils.sitemap.Sitemap._process_sitemap_element event=line locals={'tag_name': "'link'"}
2026-08-23 04:33:14.202 /testbed/scrapy/utils/sitemap.py:75 scrapy.utils.sitemap.Sitemap._process_sitemap_element event=line locals={}
2026-08-23 04:33:14.202 /testbed/scrapy/utils/sitemap.py:76 scrapy.utils.sitemap.Sitemap._process_sitemap_element event=line locals={}
2026-08-23 04:33:14.202 /testbed/scrapy/utils/sitemap.py:77 scrapy.utils.sitemap.Sitemap._process_sitemap_element event=line locals={'href': "'https://mirror.invalid/7c/1'"}
2026-08-23 04:33:14.202 /testbed/scrapy/utils/sitemap.py:83 scrapy.utils.sitemap.Sitemap._process_sitemap_element event=line locals={'alternate': "['https://mirror.invalid/0/1', 'https://mirror.invalid/1/1', 'https://mirror.invalid/9/1', 'https://mirror.invalid/a/1', 'https://mirror.invalid/24/1', 'https://mirror.invalid/26/1', 'https://mirror.invalid/2f/1', 'https://mirror.invalid/35/1', 'https://mirror.invalid/3b/1', 'https://mirror.invalid/50/1', 'https://mirror.invalid/53/1', 'https://mirror.invalid/58/1', 'https://mirror.invalid/6e/1', 'https://mirror.invalid/79/1', 'https://mirror.invalid/7c/1']"}
2026-08-23 04:33:14.202 /testbed/scrapy/utils/sitemap.py:69 scrapy.utils.sitemap.Sitemap._process_sitemap_element event=line locals={}
2026-08-23 04:33:14.202 /testbed/scrapy/utils/sitemap.py:70 scrapy.utils.sitemap.Sitemap._process_sitemap_element event=line locals={'el': '<Element lastmod at 0x7ac8b2f46dc0>'}
2026-08-23 04:33:14.202 /testbed/scrapy/utils/sitemap.py:71 scrapy.utils.sitemap.Sitemap._process_sitemap_element event=line locals={}
2026-08-23 04:33:14.202 /testbed/scrapy/utils/sitemap.py:72 scrapy.utils.sitemap.Sitemap._process_sitemap_element event=line locals={'tag_name': "'lastmod'"}
2026-08-23 04:33:14.202 /testbed/scrapy/utils/sitemap.py:75 scrapy.utils.sitemap.Sitemap._process_sitemap_element event=line locals={}
2026-08-23 04:33:14.202 /testbed/scrapy/utils/sitemap.py:79 scrapy.utils.sitemap.Sitemap._process_sitemap_element event=line locals={}
2026-08-23 04:33:14.202 /testbed/scrapy/utils/sitemap.py:80 scrapy.utils.sitemap.Sitemap._process_sitemap_element event=line locals={'d': "{'changefreq': 'value-8', 'loc': 'https://example.invalid/155/3', 'lastmod': 'value-47', 'priority': 'value-31'}"}
2026-08-23 04:33:14.202 /testbed/scrapy/utils/sitemap.py:83 scrapy.utils.sitemap.Sitemap._process_sitemap_element event=line locals={}
2026-08-23 04:33:14.202 /testbed/scrapy/utils/sitemap.py:69 scrapy.utils.sitemap.Sitemap._process_sitemap_element event=line locals={}
2026-08-23 04:33:14.202 /testbed/scrapy/utils/sitemap.py:70 scrapy.utils.sitemap.Sitemap._process_sitemap_element event=line locals={'el': '<Element changefreq at 0x7ac8b2f46fc0>'}
2026-08-23 04:33:14.202 /testbed/scrapy/utils/sitemap.py:71 scrapy.utils.sitemap.Sitemap._process_sitemap_element event=line locals={}
2026-08-23 04:33:14.202 /testbed/scrapy/utils/sitemap.py:72 scrapy.utils.sitemap.Sitemap._process_sitemap_element event=line locals={'tag_name': "'changefreq'"}
2026-08-23 04:33:14.202 /testbed/scrapy/utils/sitemap.py:75 scrapy.utils.sitemap.Sitemap._process_sitemap_element event=line locals={}
2026-08-23 04:33:14.202 /testbed/scrapy/utils/sitemap.py:79 scrapy.utils.sitemap.Sitemap._process_sitemap_element event=line locals={}
2026-08-23 04:33:14.202 /testbed/scrapy/utils/sitemap.py:80 scrapy.utils.sitemap.Sitemap._process_sitemap_element event=line locals={'d': "{'changefreq': 'value-60', 'loc': 'https://example.invalid/155/3', 'lastmod': 'value-47', 'priority': 'value-31'}"}
2026-08-23 04:33:14.202 /testbed/scrapy/utils/sitemap.py:83 scrapy.utils.sitemap.Sitemap._process_sitemap_element event=line locals={}
2026-08-23 04:33:14.202 /testbed/scrapy/utils/sitemap.py:69 scrapy.utils.sitemap.Sitemap._process_sitemap_element event=line locals={}
2026-08-23 04:33:14.202 /testbed/scrapy/utils/sitemap.py:70 scrapy.utils.sitemap.Sitemap._process_sitemap_element event=line locals={'el': '<Element priority at 0x7ac8b2f46d40>'}
2026-08-23 04:33:14.202 /testbed/scrapy/utils/sitemap.py:71 scrapy.utils.sitemap.Sitemap._process_sitemap_element event=line locals={}
2026-08-23 04:33:14.202 /testbed/scrapy/utils/sitemap.py:72 scrapy.utils.sitemap.Sitemap._process_sitemap_element event=line locals={'tag_name': "'priority'"}
2026-08-23 04:33:14.202 /testbed/scrapy/utils/sitemap.py:75 scrapy.utils.sitemap.Sitemap._process_sitemap_element event=line locals={}
2026-08-23 04:33:14.202 /testbed/scrapy/utils/sitemap.py:79 scrapy.utils.sitemap.Sitemap._process_sitemap_element event=line locals={}
2026-08-23 04:33:14.202 /testbed/scrapy/utils/sitemap.py:80 scrapy.utils.sitemap.Sitemap._process_sitemap_element event=line locals={'d': "{'changefreq': 'value-60', 'loc': 'https://example.invalid/155/3', 'lastmod': 'value-47', 'priority': 'value-73'}"}
2026-08-23 04:33:14.202 /testbed/scrapy/utils/sitemap.py:83 scrapy.utils.sitemap.Sitemap._process_sitemap_element event=line locals={}
2026-08-23 04:33:14.202 /testbed/scrapy/utils/sitemap.py:69 scrapy.utils.sitemap.Sitemap._process_sitemap_element event=line locals={}
2026-08-23 04:33:14.202 /testbed/scrapy/utils/sitemap.py:70 scrapy.utils.sitemap.Sitemap._process_sitemap_element event=line locals={'el': '<Element {http://www.w3.org/1999/xhtml}link at 0x7ac8b2f46dc0>'}
2026-08-23 04:33:14.202 /testbed/scrapy/utils/sitemap.py:71 scrapy.utils.sitemap.Sitemap._process_sitemap_element event=line locals={}
2026-08-23 04:33:14.202 /testbed/scrapy/utils/sitemap.py:72 scrapy.utils.sitemap.Sitemap._process_sitemap_element event=line locals={'tag_name': "'link'"}
2026-08-23 04:33:14.202 /testbed/scrapy/utils/sitemap.py:75 scrapy.utils.sitemap.Sitemap._process_sitemap_element event=line locals={}
2026-08-23 04:33:14.202 /testbed/scrapy/utils/sitemap.py:76 scrapy.utils.sitemap.Sitemap._process_sitemap_element event=line locals={}
2026-08-23 04:33:14.202 /testbed/scrapy/utils/sitemap.py:77 scrapy.utils.sitemap.Sitemap._process_sitemap_element event=line locals={'href': "'https://mirror.invalid/80/1'"}
2026-08-23 04:33:14.202 /testbed/scrapy/utils/sitemap.py:83 scrapy.utils.sitemap.Sitemap._process_sitemap_element event=line locals={'alternate': "['https://mirror.invalid/0/1', 'https://mirror.invalid/1/1', 'https://mirror.invalid/9/1', 'https://mirror.invalid/a/1', 'https://mirror.invalid/24/1', 'https://mirror.invalid/26/1', 'https://mirror.invalid/2f/1', 'https://mirror.invalid/35/1', 'https://mirror.invalid/3b/1', 'https://mirror.invalid/50/1', 'https://mirror.invalid/53/1', 'https://mirror.invalid/58/1', 'https://mirror.invalid/6e/1', 'https://mirror.invalid/79/1', 'https://mirror.invalid/7c/1', 'https://mirror.invalid/80/1']"}
2026-08-23 04:33:14.202 /testbed/scrapy/utils/sitemap.py:69 scrapy.utils.sitemap.Sitemap._process_sitemap_element event=line locals={}
2026-08-23 04:33:14.203 /testbed/scrapy/utils/sitemap.py:70 scrapy.utils.sitemap.Sitemap._process_sitemap_element event=line locals={'el': '<Element changefreq at 0x7ac8b2f46fc0>'}
2026-08-23 04:33:14.203 /testbed/scrapy/utils/sitemap.py:71 scrapy.utils.sitemap.Sitemap._process_sitemap_element event=line locals={}
2026-08-23 04:33:14.203 /testbed/scrapy/utils/sitemap.py:72 scrapy.utils.sitemap.Sitemap._process_sitemap_element event=line locals={'tag_name': "'changefreq'"}
2026-08-23 04:33:14.203 /testbed/scrapy/utils/sitemap.py:75 scrapy.utils.sitemap.Sitemap._process_sitemap_element event=line locals={}
2026-08-23 04:33:14.203 /testbed/scrapy/utils/sitemap.py:79 scrapy.utils.sitemap.Sitemap._process_sitemap_element event=line locals={}
2026-08-23 04:33:14.203 /testbed/scrapy/utils/sitemap.py:80 scrapy.utils.sitemap.Sitemap._process_sitemap_element event=line locals={'d': "{'changefreq': 'value-99', 'loc': 'https://example.invalid/155/3', 'lastmod': 'value-47', 'priority': 'value-73'}"}
2026-08-23 04:33:14.203 /testbed/scrapy/utils/sitemap.py:83 scrapy.utils.sitemap.Sitemap._process_sitemap_element event=line locals={}
2026-08-23 04:33:14.203 /testbed/scrapy/utils/sitemap.py:69 scrapy.utils.sitemap.Sitemap._process_sitemap_element event=line locals={}
2026-08-23 04:33:14.203 /testbed/scrapy/utils/sitemap.py:70 scrapy.utils.sitemap.Sitemap._process_sitemap_element event=line locals={'el': '<Element lastmod at 0x7ac8b2f46f40>'}
2026-08-23 04:33:14.203 /testbed/scrapy/utils/sitemap.py:71 scrapy.utils.sitemap.Sitemap._process_sitemap_element event=line locals={}
2026-08-23 04:33:14.203 /testbed/scrapy/utils/sitemap.py:72 scrapy.utils.sitemap.Sitemap._process_sitemap_element event=line locals={'tag_name': "'lastmod'"}
2026-08-23 04:33:14.203 /testbed/scrapy/utils/sitemap.py:75 scrapy.utils.sitemap.Sitemap._process_sitemap_element event=line locals={}
2026-08-23 04:33:14.203 /testbed/scrapy/utils/sitemap.py:79 scrapy.utils.sitemap.Sitemap._process_sitemap_element event=line locals={}
2026-08-23 04:33:14.203 /testbed/scrapy/utils/sitemap.py:80 scrapy.utils.sitemap.Sitemap._process_sitemap_element event=line locals={'d': "{'changefreq': 'value-99', 'loc': 'https://example.invalid/155/3', 'lastmod': 'value-11', 'priority': 'value-73'}"}
2026-08-23 04:33:14.203 /testbed/scrapy/utils/sitemap.py:83 scrapy.utils.sitemap.Sitemap._process_sitemap_element event=line locals={}
2026-08-23 04:33:14.203 /testbed/scrapy/utils/sitemap.py:69 scrapy.utils.sitemap.Sitemap._process_sitemap_element event=line locals={}
2026-08-23 04:33:14.203 /testbed/scrapy/utils/sitemap.py:70 scrapy.utils.sitemap.Sitemap._process_sitemap_element event=line locals={'el': '<Element lastmod at 0x7ac8b2f46dc0>'}
2026-08-23 04:33:14.203 /testbed/scrapy/utils/sitemap.py:71 scrapy.utils.sitemap.Sitemap._process_sitemap_element event=line locals={}
2026-08-23 04:33:14.203 /testbed/scrapy/utils/sitemap.py:72 scrapy.utils.sitemap.Sitemap._process_sitemap_element event=line locals={}
2026-08-23 04:33:14.203 /testbed/scrapy/utils/sitemap.py:75 scrapy.utils.sitemap.Sitemap._process_sitemap_element event=line locals={}
2026-08-23 04:33:14.203 /testbed/scrapy/utils/sitemap.py:79 scrapy.utils.sitemap.Sitemap._process_sitemap_element event=line locals={}
2026-08-23 04:33:14.203 /testbed/scrapy/utils/sitemap.py:80 scrapy.utils.sitemap.Sitemap._process_sitemap_element event=line locals={'d': "{'changefreq': 'value-99', 'loc': 'https://example.invalid/155/3', 'lastmod': 'value-24', 'priority': 'value-73'}"}
2026-08-23 04:33:14.203 /testbed/scrapy/utils/sitemap.py:83 scrapy.utils.sitemap.Sitemap._process_sitemap_element event=line locals={}
2026-08-23 04:33:14.203 /testbed/scrapy/utils/sitemap.py:69 scrapy.utils.sitemap.Sitemap._process_sitemap_element event=line locals={}
2026-08-23 04:33:14.203 /testbed/scrapy/utils/sitemap.py:70 scrapy.utils.sitemap.Sitemap._process_sitemap_element event=line locals={'el': '<Element priority at 0x7ac8b2f46fc0>'}
2026-08-23 04:33:14.203 /testbed/scrapy/utils/sitemap.py:71 scrapy.utils.sitemap.Sitemap._process_sitemap_element event=line locals={}
2026-08-23 04:33:14.203 /testbed/scrapy/utils/sitemap.py:72 scrapy.utils.sitemap.Sitemap._process_sitemap_element event=line locals={'tag_name': "'priority'"}
2026-08-23 04:33:14.203 /testbed/scrapy/utils/sitemap.py:75 scrapy.utils.sitemap.Sitemap._process_sitemap_element event=line locals={}
2026-08-23 04:33:14.203 /testbed/scrapy/utils/sitemap.py:79 scrapy.utils.sitemap.Sitemap._process_sitemap_element event=line locals={}
2026-08-23 04:33:14.203 /testbed/scrapy/utils/sitemap.py:80 scrapy.utils.sitemap.Sitemap._process_sitemap_element event=line locals={'d': "{'changefreq': 'value-99', 'loc': 'https://example.invalid/155/3', 'lastmod': 'value-24', 'priority': 'value-37'}"}
2026-08-23 04:33:14.203 /testbed/scrapy/utils/sitemap.py:83 scrapy.utils.sitemap.Sitemap._process_sitemap_element event=line locals={}
2026-08-23 04:33:14.203 /testbed/scrapy/utils/sitemap.py:69 scrapy.utils.sitemap.Sitemap._process_sitemap_element event=line locals={}
2026-08-23 04:33:14.203 /testbed/scrapy/utils/sitemap.py:70 scrapy.utils.sitemap.Sitemap._process_sitemap_element event=line locals={'el': '<!--generated-133-->'}
2026-08-23 04:33:14.203 /testbed/scrapy/utils/sitemap.py:71 scrapy.utils.sitemap.Sitemap._process_sitemap_element event=line locals={}
2026-08-23 04:33:14.203 /testbed/scrapy/utils/sitemap.py:72 scrapy.utils.sitemap.Sitemap._process_sitemap_element event=line locals={'tag_name': "''"}
2026-08-23 04:33:14.203 /testbed/scrapy/utils/sitemap.py:73 scrapy.utils.sitemap.Sitemap._process_sitemap_element event=line locals={}
2026-08-23 04:33:14.203 /testbed/scrapy/utils/sitemap.py:83 scrapy.utils.sitemap.Sitemap._process_sitemap_element event=line locals={}
2026-08-23 04:33:14.203 /testbed/scrapy/utils/sitemap.py:69 scrapy.utils.sitemap.Sitemap._process_sitemap_element event=line locals={}
2026-08-23 04:33:14.203 /testbed/scrapy/utils/sitemap.py:70 scrapy.utils.sitemap.Sitemap._process_sitemap_element event=line locals={'el': '<Element lastmod at 0x7ac8b2f46dc0>'}
2026-08-23 04:33:14.203 /testbed/scrapy/utils/sitemap.py:71 scrapy.utils.sitemap.Sitemap._process_sitemap_element event=line locals={}
2026-08-23 04:33:14.203 /testbed/scrapy/utils/sitemap.py:72 scrapy.utils.sitemap.Sitemap._process_sitemap_element event=line locals={'tag_name': "'lastmod'"}
2026-08-23 04:33:14.203 /testbed/scrapy/utils/sitemap.py:75 scrapy.utils.sitemap.Sitemap._process_sitemap_element event=line locals={}
2026-08-23 04:33:14.203 /testbed/scrapy/utils/sitemap.py:79 scrapy.utils.sitemap.Sitemap._process_sitemap_element event=line locals={}
2026-08-23 04:33:14.203 /testbed/scrapy/utils/sitemap.py:80 scrapy.utils.sitemap.Sitemap._process_sitemap_element event=line locals={'d': "{'changefreq': 'value-99', 'loc': 'https://example.invalid/155/3', 'lastmod': 'value-63', 'priority': 'value-37'}"}
2026-08-23 04:33:14.203 /testbed/scrapy/utils/sitemap.py:83 scrapy.utils.sitemap.Sitemap._process_sitemap_element event=line locals={}
2026-08-23 04:33:14.203 /testbed/scrapy/utils/sitemap.py:69 scrapy.utils.sitemap.Sitemap._process_sitemap_element event=line locals={}
2026-08-23 04:33:14.203 /testbed/scrapy/utils/sitemap.py:70 scrapy.utils.sitemap.Sitemap._process_sitemap_element event=line locals={'el': '<Element lastmod at 0x7ac8b2f46fc0>'}
2026-08-23 04:33:14.203 /testbed/scrapy/utils/sitemap.py:71 scrapy.utils.sitemap.Sitemap._process_sitemap_element event=line locals={}
2026-08-23 04:33:14.203 /testbed/scrapy/utils/sitemap.py:72 scrapy.utils.sitemap.Sitemap._process_sitemap_element event=line locals={}
2026-08-23 04:33:14.203 /testbed/scrapy/utils/sitemap.py:75 scrapy.utils.sitemap.Sitemap._process_sitemap_element event=line locals={}
2026-08-23 04:33:14.203 /testbed/scrapy/utils/sitemap.py:79 scrapy.utils.sitemap.Sitemap._process_sitemap_element event=line locals={}
2026-08-23 04:33:14.203 /testbed/scrapy/utils/sitemap.py:80 scrapy.utils.sitemap.Sitemap._process_sitemap_element event=line locals={'d': "{'changefreq': 'value-99', 'loc': 'https://example.invalid/155/3', 'lastmod': 'value-76', 'priority': 'value-37'}"}
2026-08-23 04:33:14.203 /testbed/scrapy/utils/sitemap.py:83 scrapy.utils.sitemap.Sitemap._process_sitemap_element event=line locals={}
2026-08-23 04:33:14.203 /testbed/scrapy/utils/sitemap.py:69 scrapy.utils.sitemap.Sitemap._process_sitemap_element event=line locals={}
2026-08-23 04:33:14.203 /testbed/scrapy/utils/sitemap.py:70 scrapy.utils.sitemap.Sitemap._process_sitemap_element event=line locals={'el': '<!--generated-136-->'}
2026-08-23 04:33:14.203 /testbed/scrapy/utils/sitemap.py:71 scrapy.utils.sitemap.Sitemap._process_sitemap_element event=line locals={}
2026-08-23 04:33:14.204 /testbed/scrapy/utils/sitemap.py:72 scrapy.utils.sitemap.Sitemap._process_sitemap_element event=line locals={'tag_name': "''"}
2026-08-23 04:33:14.204 /testbed/scrapy/utils/sitemap.py:73 scrapy.utils.sitemap.Sitemap._process_sitemap_element event=line locals={}
2026-08-23 04:33:14.204 /testbed/scrapy/utils/sitemap.py:83 scrapy.utils.sitemap.Sitemap._process_sitemap_element event=line locals={}
2026-08-23 04:33:14.204 /testbed/scrapy/utils/sitemap.py:69 scrapy.utils.sitemap.Sitemap._process_sitemap_element event=line locals={}
2026-08-23 04:33:14.204 /testbed/scrapy/utils/sitemap.py:70 scrapy.utils.sitemap.Sitemap._process_sitemap_element event=line locals={'el': '<Element priority at 0x7ac8b2f46dc0>'}
2026-08-23 04:33:14.204 /testbed/scrapy/utils/sitemap.py:71 scrapy.utils.sitemap.Sitemap._process_sitemap_element event=line locals={}
2026-08-23 04:33:14.204 /testbed/scrapy/utils/sitemap.py:72 scrapy.utils.sitemap.Sitemap._process_sitemap_element event=line locals={'tag_name': "'priority'"}
2026-08-23 04:33:14.204 /testbed/scrapy/utils/sitemap.py:75 scrapy.utils.sitemap.Sitemap._process_sitemap_element event=line locals={}
2026-08-23 04:33:14.204 /testbed/scrapy/utils/sitemap.py:79 scrapy.utils.sitemap.Sitemap._process_sitemap_element event=line locals={}
2026-08-23 04:33:14.204 /testbed/scrapy/utils/sitemap.py:80 scrapy.utils.sitemap.Sitemap._process_sitemap_element event=line locals={'d': "{'changefreq': 'value-99', 'loc': 'https://example.invalid/155/3', 'lastmod': 'value-76', 'priority': 'value-1'}"}
2026-08-23 04:33:14.204 /testbed/scrapy/utils/sitemap.py:83 scrapy.utils.sitemap.Sitemap._process_sitemap_element event=line locals={}
2026-08-23 04:33:14.204 /testbed/scrapy/utils/sitemap.py:69 scrapy.utils.sitemap.Sitemap._process_sitemap_element event=line locals={}
2026-08-23 04:33:14.204 /testbed/scrapy/utils/sitemap.py:70 scrapy.utils.sitemap.Sitemap._process_sitemap_element event=line locals={'el': '<Element lastmod at 0x7ac8b2f46fc0>'}
2026-08-23 04:33:14.204 /testbed/scrapy/utils/sitemap.py:71 scrapy.utils.sitemap.Sitemap._process_sitemap_element event=line locals={}
2026-08-23 04:33:14.204 /testbed/scrapy/utils/sitemap.py:72 scrapy.utils.sitemap.Sitemap._process_sitemap_element event=line locals={'tag_name': "'lastmod'"}
2026-08-23 04:33:14.204 /testbed/scrapy/utils/sitemap.py:75 scrapy.utils.sitemap.Sitemap._process_sitemap_element event=line locals={}
2026-08-23 04:33:14.204 /testbed/scrapy/utils/sitemap.py:79 scrapy.utils.sitemap.Sitemap._process_sitemap_element event=line locals={}
2026-08-23 04:33:14.204 /testbed/scrapy/utils/sitemap.py:80 scrapy.utils.sitemap.Sitemap._process_sitemap_element event=line locals={'d': "{'changefreq': 'value-99', 'loc': 'https://example.invalid/155/3', 'lastmod': 'value-14', 'priority': 'value-1'}"}
2026-08-23 04:33:14.204 /testbed/scrapy/utils/sitemap.py:83 scrapy.utils.sitemap.Sitemap._process_sitemap_element event=line locals={}
2026-08-23 04:33:14.204 /testbed/scrapy/utils/sitemap.py:69 scrapy.utils.sitemap.Sitemap._process_sitemap_element event=line locals={}
2026-08-23 04:33:14.204 /testbed/scrapy/utils/sitemap.py:70 scrapy.utils.sitemap.Sitemap._process_sitemap_element event=line locals={'el': '<Element changefreq at 0x7ac8b2f47000>'}
2026-08-23 04:33:14.204 /testbed/scrapy/utils/sitemap.py:71 scrapy.utils.sitemap.Sitemap._process_sitemap_element event=line locals={}
2026-08-23 04:33:14.204 /testbed/scrapy/utils/sitemap.py:72 scrapy.utils.sitemap.Sitemap._process_sitemap_element event=line locals={'tag_name': "'changefreq'"}
2026-08-23 04:33:14.204 /testbed/scrapy/utils/sitemap.py:75 scrapy.utils.sitemap.Sitemap._process_sitemap_element event=line locals={}
2026-08-23 04:33:14.204 /testbed/scrapy/utils/sitemap.py:79 scrapy.utils.sitemap.Sitemap._process_sitemap_element event=line locals={}
2026-08-23 04:33:14.204 /testbed/scrapy/utils/sitemap.py:80 scrapy.utils.sitemap.Sitemap._process_sitemap_element event=line locals={'d': "{'changefreq': 'value-27', 'loc': 'https://example.invalid/155/3', 'lastmod': 'value-14', 'priority': 'value-1'}"}
2026-08-23 04:33:14.204 /testbed/scrapy/utils/sitemap.py:83 scrapy.utils.sitemap.Sitemap._process_sitemap_element event=line locals={}
2026-08-23 04:33:14.204 /testbed/scrapy/utils/sitemap.py:69 scrapy.utils.sitemap.Sitemap._process_sitemap_element event=line locals={}
2026-08-23 04:33:14.204 /testbed/scrapy/utils/sitemap.py:70 scrapy.utils.sitemap.Sitemap._process_sitemap_element event=line locals={'el': '<Element lastmod at 0x7ac8b2f46dc0>'}
2026-08-23 04:33:14.204 /testbed/scrapy/utils/sitemap.py:71 scrapy.utils.sitemap.Sitemap._process_sitemap_element event=line locals={}
2026-08-23 04:33:14.204 /testbed/scrapy/utils/sitemap.py:72 scrapy.utils.sitemap.Sitemap._process_sitemap_element event=line locals={'tag_name': "'lastmod'"}
2026-08-23 04:33:14.204 /testbed/scrapy/utils/sitemap.py:75 scrapy.utils.sitemap.Sitemap._process_sitemap_element event=line locals={}
2026-08-23 04:33:14.204 /testbed/scrapy/utils/sitemap.py:79 scrapy.utils.sitemap.Sitemap._process_sitemap_element event=line locals={}
2026-08-23 04:33:14.204 /testbed/scrapy/utils/sitemap.py:80 scrapy.utils.sitemap.Sitemap._process_sitemap_element event=line locals={'d': "{'changefreq': 'value-27', 'loc': 'https://example.invalid/155/3', 'lastmod': 'value-40', 'priority': 'value-1'}"}
2026-08-23 04:33:14.204 /testbed/scrapy/utils/sitemap.py:83 scrapy.utils.sitemap.Sitemap._process_sitemap_element event=line locals={}
2026-08-23 04:33:14.204 /testbed/scrapy/utils/sitemap.py:69 scrapy.utils.sitemap.Sitemap._process_sitemap_element event=line locals={}
2026-08-23 04:33:14.204 /testbed/scrapy/utils/sitemap.py:70 scrapy.utils.sitemap.Sitemap._process_sitemap_element event=line locals={'el': '<Element priority at 0x7ac8b2f46fc0>'}
2026-08-23 04:33:14.204 /testbed/scrapy/utils/sitemap.py:71 scrapy.utils.sitemap.Sitemap._process_sitemap_element event=line locals={}
2026-08-23 04:33:14.204 /testbed/scrapy/utils/sitemap.py:72 scrapy.utils.sitemap.Sitemap._process_sitemap_element event=line locals={'tag_name': "'priority'"}
2026-08-23 04:33:14.204 /testbed/scrapy/utils/sitemap.py:75 scrapy.utils.sitemap.Sitemap._process_sitemap_element event=line locals={}
2026-08-23 04:33:14.204 /testbed/scrapy/utils/sitemap.py:79 scrapy.utils.sitemap.Sitemap._process_sitemap_element event=line locals={}
2026-08-23 04:33:14.204 /testbed/scrapy/utils/sitemap.py:80 scrapy.utils.sitemap.Sitemap._process_sitemap_element event=line locals={'d': "{'changefreq': 'value-27', 'loc': 'https://example.invalid/155/3', 'lastmod': 'value-40', 'priority': 'value-53'}"}
2026-08-23 04:33:14.204 /testbed/scrapy/utils/sitemap.py:83 scrapy.utils.sitemap.Sitemap._process_sitemap_element event=line locals={}
2026-08-23 04:33:14.204 /testbed/scrapy/utils/sitemap.py:69 scrapy.utils.sitemap.Sitemap._process_sitemap_element event=line locals={}
2026-08-23 04:33:14.204 /testbed/scrapy/utils/sitemap.py:70 scrapy.utils.sitemap.Sitemap._process_sitemap_element event=line locals={'el': '<Element {http://www.w3.org/1999/xhtml}link at 0x7ac8b2f47000>'}
2026-08-23 04:33:14.204 /testbed/scrapy/utils/sitemap.py:71 scrapy.utils.sitemap.Sitemap._process_sitemap_element event=line locals={}
2026-08-23 04:33:14.204 /testbed/scrapy/utils/sitemap.py:72 scrapy.utils.sitemap.Sitemap._process_sitemap_element event=line locals={'tag_name': "'link'"}
2026-08-23 04:33:14.204 /testbed/scrapy/utils/sitemap.py:75 scrapy.utils.sitemap.Sitemap._process_sitemap_element event=line locals={}
2026-08-23 04:33:14.204 /testbed/scrapy/utils/sitemap.py:76 scrapy.utils.sitemap.Sitemap._process_sitemap_element event=line locals={}
2026-08-23 04:33:14.204 /testbed/scrapy/utils/sitemap.py:77 scrapy.utils.sitemap.Sitemap._process_sitemap_element event=line locals={'href': "'https://mirror.invalid/8e/1'"}
2026-08-23 04:33:14.204 /testbed/scrapy/utils/sitemap.py:83 scrapy.utils.sitemap.Sitemap._process_sitemap_element event=line locals={'alternate': "['https://mirror.invalid/0/1', 'https://mirror.invalid/1/1', 'https://mirror.invalid/9/1', 'https://mirror.invalid/a/1', 'https://mirror.invalid/24/1', 'https://mirror.invalid/26/1', 'https://mirror.invalid/2f/1', 'https://mirror.invalid/35/1', 'https://mirror.invalid/3b/1', 'https://mirror.invalid/50/1', 'https://mirror.invalid/53/1', 'https://mirror.invalid/58/1', 'https://mirror.invalid/6e/1', 'https://mirror.invalid/79/1', 'https://mirror.invalid/7c/1', 'https://mirror.invalid/80/1', 'https:..."}
2026-08-23 04:33:14.204 /testbed/scrapy/utils/sitemap.py:69 scrapy.utils.sitemap.Sitemap._process_sitemap_element event=line locals={}
2026-08-23 04:33:14.204 /testbed/scrapy/utils/sitemap.py:70 scrapy.utils.sitemap.Sitemap._process_sitemap_element event=line locals={'el': '<Element priority at 0x7ac8b2f46dc0>'}
2026-08-23 04:33:14.204 /testbed/scrapy/utils/sitemap.py:71 scrapy.utils.sitemap.Sitemap._process_sitemap_element event=line locals={}
2026-08-23 04:33:14.205 /testbed/scrapy/utils/sitemap.py:72 scrapy.utils.sitemap.Sitemap._process_sitemap_element event=line locals={'tag_name': "'priority'"}
2026-08-23 04:33:14.205 /testbed/scrapy/utils/sitemap.py:75 scrapy.utils.sitemap.Sitemap._process_sitemap_element event=line locals={}
2026-08-23 04:33:14.205 /testbed/scrapy/utils/sitemap.py:79 scrapy.utils.sitemap.Sitemap._process_sitemap_element event=line locals={}
2026-08-23 04:33:14.205 /testbed/scrapy/utils/sitemap.py:80 scrapy.utils.sitemap.Sitemap._process_sitemap_element event=line locals={'d': "{'changefreq': 'value-27', 'loc': 'https://example.invalid/155/3', 'lastmod': 'value-40', 'priority': 'value-79'}"}
2026-08-23 04:33:14.205 /testbed/scrapy/utils/sitemap.py:83 scrapy.utils.sitemap.Sitemap._process_sitemap_element event=line locals={}
2026-08-23 04:33:14.205 /testbed/scrapy/utils/sitemap.py:69 scrapy.utils.sitemap.Sitemap._process_sitemap_element event=line locals={}
2026-08-23 04:33:14.205 /testbed/scrapy/utils/sitemap.py:70 scrapy.utils.sitemap.Sitemap._process_sitemap_element event=line locals={'el': '<!--generated-144-->'}
2026-08-23 04:33:14.205 /testbed/scrapy/utils/sitemap.py:71 scrapy.utils.sitemap.Sitemap._process_sitemap_element event=line locals={}
2026-08-23 04:33:14.205 /testbed/scrapy/utils/sitemap.py:72 scrapy.utils.sitemap.Sitemap._process_sitemap_element event=line locals={'tag_name': "''"}
2026-08-23 04:33:14.205 /testbed/scrapy/utils/sitemap.py:73 scrapy.utils.sitemap.Sitemap._process_sitemap_element event=line locals={}
2026-08-23 04:33:14.205 /testbed/scrapy/utils/sitemap.py:83 scrapy.utils.sitemap.Sitemap._process_sitemap_element event=line locals={}
2026-08-23 04:33:14.205 /testbed/scrapy/utils/sitemap.py:69 scrapy.utils.sitemap.Sitemap._process_sitemap_element event=line locals={}
2026-08-23 04:33:14.205 /testbed/scrapy/utils/sitemap.py:70 scrapy.utils.sitemap.Sitemap._process_sitemap_element event=line locals={'el': '<!--generated-145-->'}
2026-08-23 04:33:14.205 /testbed/scrapy/utils/sitemap.py:71 scrapy.utils.sitemap.Sitemap._process_sitemap_element event=line locals={}
2026-08-23 04:33:14.205 /testbed/scrapy/utils/sitemap.py:72 scrapy.utils.sitemap.Sitemap._process_sitemap_element event=line locals={}
2026-08-23 04:33:14.205 /testbed/scrapy/utils/sitemap.py:73 scrapy.utils.sitemap.Sitemap._process_sitemap_element event=line locals={}
2026-08-23 04:33:14.205 /testbed/scrapy/utils/sitemap.py:83 scrapy.utils.sitemap.Sitemap._process_sitemap_element event=line locals={}
2026-08-23 04:33:14.205 /testbed/scrapy/utils/sitemap.py:69 scrapy.utils.sitemap.Sitemap._process_sitemap_element event=line locals={}
2026-08-23 04:33:14.205 /testbed/scrapy/utils/sitemap.py:70 scrapy.utils.sitemap.Sitemap._process_sitemap_element event=line locals={'el': '<!--generated-146-->'}
2026-08-23 04:33:14.205 /testbed/scrapy/utils/sitemap.py:71 scrapy.utils.sitemap.Sitemap._process_sitemap_element event=line locals={}
2026-08-23 04:33:14.205 /testbed/scrapy/utils/sitemap.py:72 scrapy.utils.sitemap.Sitemap._process_sitemap_element event=line locals={}
2026-08-23 04:33:14.205 /testbed/scrapy/utils/sitemap.py:73 scrapy.utils.sitemap.Sitemap._process_sitemap_element event=line locals={}
2026-08-23 04:33:14.205 /testbed/scrapy/utils/sitemap.py:83 scrapy.utils.sitemap.Sitemap._process_sitemap_element event=line locals={}
2026-08-23 04:33:14.205 /testbed/scrapy/utils/sitemap.py:69 scrapy.utils.sitemap.Sitemap._process_sitemap_element event=line locals={}
2026-08-23 04:33:14.205 /testbed/scrapy/utils/sitemap.py:70 scrapy.utils.sitemap.Sitemap._process_sitemap_element event=line locals={'el': '<Element changefreq at 0x7ac8b2f47080>'}
2026-08-23 04:33:14.205 /testbed/scrapy/utils/sitemap.py:71 scrapy.utils.sitemap.Sitemap._process_sitemap_element event=line locals={}
2026-08-23 04:33:14.205 /testbed/scrapy/utils/sitemap.py:72 scrapy.utils.sitemap.Sitemap._process_sitemap_element event=line locals={'tag_name': "'changefreq'"}
2026-08-23 04:33:14.205 /testbed/scrapy/utils/sitemap.py:75 scrapy.utils.sitemap.Sitemap._process_sitemap_element event=line locals={}
2026-08-23 04:33:14.205 /testbed/scrapy/utils/sitemap.py:79 scrapy.utils.sitemap.Sitemap._process_sitemap_element event=line locals={}
2026-08-23 04:33:14.205 /testbed/scrapy/utils/sitemap.py:80 scrapy.utils.sitemap.Sitemap._process_sitemap_element event=line locals={'d': "{'changefreq': 'value-30', 'loc': 'https://example.invalid/155/3', 'lastmod': 'value-40', 'priority': 'value-79'}"}
2026-08-23 04:33:14.205 /testbed/scrapy/utils/sitemap.py:83 scrapy.utils.sitemap.Sitemap._process_sitemap_element event=line locals={}
2026-08-23 04:33:14.205 /testbed/scrapy/utils/sitemap.py:69 scrapy.utils.sitemap.Sitemap._process_sitemap_element event=line locals={}
2026-08-23 04:33:14.205 /testbed/scrapy/utils/sitemap.py:70 scrapy.utils.sitemap.Sitemap._process_sitemap_element event=line locals={'el': '<Element priority at 0x7ac8b2f470c0>'}
2026-08-23 04:33:14.205 /testbed/scrapy/utils/sitemap.py:71 scrapy.utils.sitemap.Sitemap._process_sitemap_element event=line locals={}
2026-08-23 04:33:14.205 /testbed/scrapy/utils/sitemap.py:72 scrapy.utils.sitemap.Sitemap._process_sitemap_element event=line locals={'tag_name': "'priority'"}
2026-08-23 04:33:14.205 /testbed/scrapy/utils/sitemap.py:75 scrapy.utils.sitemap.Sitemap._process_sitemap_element event=line locals={}
2026-08-23 04:33:14.205 /testbed/scrapy/utils/sitemap.py:79 scrapy.utils.sitemap.Sitemap._process_sitemap_element event=line locals={}
2026-08-23 04:33:14.205 /testbed/scrapy/utils/sitemap.py:80 scrapy.utils.sitemap.Sitemap._process_sitemap_element event=line locals={'d': "{'changefreq': 'value-30', 'loc': 'https://example.invalid/155/3', 'lastmod': 'value-40', 'priority': 'value-43'}"}
2026-08-23 04:33:14.205 /testbed/scrapy/utils/sitemap.py:83 scrapy.utils.sitemap.Sitemap._process_sitemap_element event=line locals={}
2026-08-23 04:33:14.205 /testbed/scrapy/utils/sitemap.py:69 scrapy.utils.sitemap.Sitemap._process_sitemap_element event=line locals={}
2026-08-23 04:33:14.205 /testbed/scrapy/utils/sitemap.py:70 scrapy.utils.sitemap.Sitemap._process_sitemap_element event=line locals={'el': '<!--generated-149-->'}
2026-08-23 04:33:14.205 /testbed/scrapy/utils/sitemap.py:71 scrapy.utils.sitemap.Sitemap._process_sitemap_element event=line locals={}
2026-08-23 04:33:14.205 /testbed/scrapy/utils/sitemap.py:72 scrapy.utils.sitemap.Sitemap._process_sitemap_element event=line locals={'tag_name': "''"}
2026-08-23 04:33:14.205 /testbed/scrapy/utils/sitemap.py:73 scrapy.utils.sitemap.Sitemap._process_sitemap_element event=line locals={}
2026-08-23 04:33:14.205 /testbed/scrapy/utils/sitemap.py:83 scrapy.utils.sitemap.Sitemap._process_sitemap_element event=line locals={}
2026-08-23 04:33:14.205 /testbed/scrapy/utils/sitemap.py:69 scrapy.utils.sitemap.Sitemap._process_sitemap_element event=line locals={}
2026-08-23 04:33:14.205 /testbed/scrapy/utils/sitemap.py:70 scrapy.utils.sitemap.Sitemap._process_sitemap_element event=line locals={'el': '<Element changefreq at 0x7ac8b2f47080>'}
2026-08-23 04:33:14.205 /testbed/scrapy/utils/sitemap.py:71 scrapy.utils.sitemap.Sitemap._process_sitemap_element event=line locals={}
2026-08-23 04:33:14.205 /testbed/scrapy/utils/sitemap.py:72 scrapy.utils.sitemap.Sitemap._process_sitemap_element event=line locals={'tag_name': "'changefreq'"}
2026-08-23 04:33:14.205 /testbed/scrapy/utils/sitemap.py:75 scrapy.utils.sitemap.Sitemap._process_sitemap_element event=line locals={}
2026-08-23 04:33:14.205 /testbed/scrapy/utils/sitemap.py:79 scrapy.utils.sitemap.Sitemap._process_sitemap_element event=line locals={}
2026-08-23 04:33:14.205 /testbed/scrapy/utils/sitemap.py:80 scrapy.utils.sitemap.Sitemap._process_sitemap_element event=line locals={'d': "{'changefreq': 'value-69', 'loc': 'https://example.invalid/155/3', 'lastmod': 'value-40', 'priority': 'value-43'}"}
2026-08-23 04:33:14.205 /testbed/scrapy/utils/sitemap.py:83 scrapy.utils.sitemap.Sitemap._process_sitemap_element event=line locals={}
2026-08-23 04:33:14.205 /testbed/scrapy/utils/sitemap.py:69 scrapy.utils.sitemap.Sitemap._process_sitemap_element event=line locals={}
2026-08-23 04:33:14.205 /testbed/scrapy/utils/sitemap.py:70 scrapy.utils.sitemap.Sitemap._process_sitemap_element event=line locals={'el': '<Element changefreq at 0x7ac8b2f470c0>'}
2026-08-23 04:33:14.205 /testbed/scrapy/utils/sitemap.py:71 scrapy.utils.sitemap.Sitemap._process_sitemap_element event=line locals={}
2026-08-23 04:33:14.206 /testbed/scrapy/utils/sitemap.py:72 scrapy.utils.sitemap.Sitemap._process_sitemap_element event=line locals={}
2026-08-23 04:33:14.206 /testbed/scrapy/utils/sitemap.py:75 scrapy.utils.sitemap.Sitemap._process_sitemap_element event=line locals={}
2026-08-23 04:33:14.206 /testbed/scrapy/utils/sitemap.py:79 scrapy.utils.sitemap.Sitemap._process_sitemap_element event=line locals={}
2026-08-23 04:33:14.206 /testbed/scrapy/utils/sitemap.py:80 scrapy.utils.sitemap.Sitemap._process_sitemap_element event=line locals={'d': "{'changefreq': 'value-82', 'loc': 'https://example.invalid/155/3', 'lastmod': 'value-40', 'priority': 'value-43'}"}
2026-08-23 04:33:14.206 /testbed/scrapy/utils/sitemap.py:83 scrapy.utils.sitemap.Sitemap._process_sitemap_element event=line locals={}
2026-08-23 04:33:14.206 /testbed/scrapy/utils/sitemap.py:69 scrapy.utils.sitemap.Sitemap._process_sitemap_element event=line locals={}
2026-08-23 04:33:14.206 /testbed/scrapy/utils/sitemap.py:70 scrapy.utils.sitemap.Sitemap._process_sitemap_element event=line locals={'el': '<Element changefreq at 0x7ac8b2f46d80>'}
2026-08-23 04:33:14.206 /testbed/scrapy/utils/sitemap.py:71 scrapy.utils.sitemap.Sitemap._process_sitemap_element event=line locals={}
2026-08-23 04:33:14.206 /testbed/scrapy/utils/sitemap.py:72 scrapy.utils.sitemap.Sitemap._process_sitemap_element event=line locals={}
2026-08-23 04:33:14.206 /testbed/scrapy/utils/sitemap.py:75 scrapy.utils.sitemap.Sitemap._process_sitemap_element event=line locals={}
2026-08-23 04:33:14.206 /testbed/scrapy/utils/sitemap.py:79 scrapy.utils.sitemap.Sitemap._process_sitemap_element event=line locals={}
2026-08-23 04:33:14.206 /testbed/scrapy/utils/sitemap.py:80 scrapy.utils.sitemap.Sitemap._process_sitemap_element event=line locals={'d': "{'changefreq': 'value-95', 'loc': 'https://example.invalid/155/3', 'lastmod': 'value-40', 'priority': 'value-43'}"}
2026-08-23 04:33:14.206 /testbed/scrapy/utils/sitemap.py:83 scrapy.utils.sitemap.Sitemap._process_sitemap_element event=line locals={}
2026-08-23 04:33:14.206 /testbed/scrapy/utils/sitemap.py:69 scrapy.utils.sitemap.Sitemap._process_sitemap_element event=line locals={}
2026-08-23 04:33:14.206 /testbed/scrapy/utils/sitemap.py:70 scrapy.utils.sitemap.Sitemap._process_sitemap_element event=line locals={'el': '<Element lastmod at 0x7ac8b2f47080>'}
2026-08-23 04:33:14.206 /testbed/scrapy/utils/sitemap.py:71 scrapy.utils.sitemap.Sitemap._process_sitemap_element event=line locals={}
2026-08-23 04:33:14.206 /testbed/scrapy/utils/sitemap.py:72 scrapy.utils.sitemap.Sitemap._process_sitemap_element event=line locals={'tag_name': "'lastmod'"}
2026-08-23 04:33:14.206 /testbed/scrapy/utils/sitemap.py:75 scrapy.utils.sitemap.Sitemap._process_sitemap_element event=line locals={}
2026-08-23 04:33:14.206 /testbed/scrapy/utils/sitemap.py:79 scrapy.utils.sitemap.Sitemap._process_sitemap_element event=line locals={}
2026-08-23 04:33:14.206 /testbed/scrapy/utils/sitemap.py:80 scrapy.utils.sitemap.Sitemap._process_sitemap_element event=line locals={'d': "{'changefreq': 'value-95', 'loc': 'https://example.invalid/155/3', 'lastmod': 'value-7', 'priority': 'value-43'}"}
2026-08-23 04:33:14.206 /testbed/scrapy/utils/sitemap.py:83 scrapy.utils.sitemap.Sitemap._process_sitemap_element event=line locals={}
2026-08-23 04:33:14.206 /testbed/scrapy/utils/sitemap.py:69 scrapy.utils.sitemap.Sitemap._process_sitemap_element event=line locals={}
2026-08-23 04:33:14.206 /testbed/scrapy/utils/sitemap.py:70 scrapy.utils.sitemap.Sitemap._process_sitemap_element event=line locals={'el': '<Element {http://www.w3.org/1999/xhtml}link at 0x7ac8b2f470c0>'}
2026-08-23 04:33:14.206 /testbed/scrapy/utils/sitemap.py:71 scrapy.utils.sitemap.Sitemap._process_sitemap_element event=line locals={}
2026-08-23 04:33:14.206 /testbed/scrapy/utils/sitemap.py:72 scrapy.utils.sitemap.Sitemap._process_sitemap_element event=line locals={'tag_name': "'link'"}
2026-08-23 04:33:14.206 /testbed/scrapy/utils/sitemap.py:75 scrapy.utils.sitemap.Sitemap._process_sitemap_element event=line locals={}
2026-08-23 04:33:14.206 /testbed/scrapy/utils/sitemap.py:76 scrapy.utils.sitemap.Sitemap._process_sitemap_element event=line locals={}
2026-08-23 04:33:14.206 /testbed/scrapy/utils/sitemap.py:77 scrapy.utils.sitemap.Sitemap._process_sitemap_element event=line locals={'href': "'https://mirror.invalid/9a/1'"}
2026-08-23 04:33:14.206 /testbed/scrapy/utils/sitemap.py:83 scrapy.utils.sitemap.Sitemap._process_sitemap_element event=line locals={}
2026-08-23 04:33:14.206 /testbed/scrapy/utils/sitemap.py:69 scrapy.utils.sitemap.Sitemap._process_sitemap_element event=line locals={}
2026-08-23 04:33:14.206 /testbed/scrapy/utils/sitemap.py:70 scrapy.utils.sitemap.Sitemap._process_sitemap_element event=line locals={'el': '<Element priority at 0x7ac8b2f46d80>'}
2026-08-23 04:33:14.206 /testbed/scrapy/utils/sitemap.py:71 scrapy.utils.sitemap.Sitemap._process_sitemap_element event=line locals={}
2026-08-23 04:33:14.206 /testbed/scrapy/utils/sitemap.py:72 scrapy.utils.sitemap.Sitemap._process_sitemap_element event=line locals={'tag_name': "'priority'"}
2026-08-23 04:33:14.206 /testbed/scrapy/utils/sitemap.py:75 scrapy.utils.sitemap.Sitemap._process_sitemap_element event=line locals={}
2026-08-23 04:33:14.206 /testbed/scrapy/utils/sitemap.py:79 scrapy.utils.sitemap.Sitemap._process_sitemap_element event=line locals={}
2026-08-23 04:33:14.206 /testbed/scrapy/utils/sitemap.py:80 scrapy.utils.sitemap.Sitemap._process_sitemap_element event=line locals={'d': "{'changefreq': 'value-95', 'loc': 'https://example.invalid/155/3', 'lastmod': 'value-7', 'priority': 'value-33'}"}
2026-08-23 04:33:14.206 /testbed/scrapy/utils/sitemap.py:83 scrapy.utils.sitemap.Sitemap._process_sitemap_element event=line locals={}
2026-08-23 04:33:14.206 /testbed/scrapy/utils/sitemap.py:69 scrapy.utils.sitemap.Sitemap._process_sitemap_element event=line locals={}
2026-08-23 04:33:14.206 /testbed/scrapy/utils/sitemap.py:70 scrapy.utils.sitemap.Sitemap._process_sitemap_element event=line locals={'el': '<Element lastmod at 0x7ac8b2f46e80>'}
2026-08-23 04:33:14.206 /testbed/scrapy/utils/sitemap.py:71 scrapy.utils.sitemap.Sitemap._process_sitemap_element event=line locals={}
2026-08-23 04:33:14.206 /testbed/scrapy/utils/sitemap.py:72 scrapy.utils.sitemap.Sitemap._process_sitemap_element event=line locals={'tag_name': "'lastmod'"}
2026-08-23 04:33:14.206 /testbed/scrapy/utils/sitemap.py:75 scrapy.utils.sitemap.Sitemap._process_sitemap_element event=line locals={}
2026-08-23 04:33:14.206 /testbed/scrapy/utils/sitemap.py:79 scrapy.utils.sitemap.Sitemap._process_sitemap_element event=line locals={}
2026-08-23 04:33:14.206 /testbed/scrapy/utils/sitemap.py:80 scrapy.utils.sitemap.Sitemap._process_sitemap_element event=line locals={'d': "{'changefreq': 'value-95', 'loc': 'https://example.invalid/155/3', 'lastmod': 'value-46', 'priority': 'value-33'}"}
2026-08-23 04:33:14.206 /testbed/scrapy/utils/sitemap.py:83 scrapy.utils.sitemap.Sitemap._process_sitemap_element event=line locals={}
2026-08-23 04:33:14.206 /testbed/scrapy/utils/sitemap.py:69 scrapy.utils.sitemap.Sitemap._process_sitemap_element event=line locals={}
2026-08-23 04:33:14.206 /testbed/scrapy/utils/sitemap.py:70 scrapy.utils.sitemap.Sitemap._process_sitemap_element event=line locals={'el': '<Element {http://www.w3.org/1999/xhtml}link at 0x7ac8b2f470c0>'}
2026-08-23 04:33:14.206 /testbed/scrapy/utils/sitemap.py:71 scrapy.utils.sitemap.Sitemap._process_sitemap_element event=line locals={}
2026-08-23 04:33:14.206 /testbed/scrapy/utils/sitemap.py:72 scrapy.utils.sitemap.Sitemap._process_sitemap_element event=line locals={'tag_name': "'link'"}
2026-08-23 04:33:14.206 /testbed/scrapy/utils/sitemap.py:75 scrapy.utils.sitemap.Sitemap._process_sitemap_element event=line locals={}
2026-08-23 04:33:14.206 /testbed/scrapy/utils/sitemap.py:76 scrapy.utils.sitemap.Sitemap._process_sitemap_element event=line locals={}
2026-08-23 04:33:14.206 /testbed/scrapy/utils/sitemap.py:77 scrapy.utils.sitemap.Sitemap._process_sitemap_element event=line locals={'href': "'https://mirror.invalid/9d/1'"}
2026-08-23 04:33:14.206 /testbed/scrapy/utils/sitemap.py:83 scrapy.utils.sitemap.Sitemap._process_sitemap_element event=line locals={}
2026-08-23 04:33:14.206 /testbed/scrapy/utils/sitemap.py:69 scrapy.utils.sitemap.Sitemap._process_sitemap_element event=line locals={}
2026-08-23 04:33:14.206 /testbed/scrapy/utils/sitemap.py:70 scrapy.utils.sitemap.Sitemap._process_sitemap_element event=line locals={'el': '<Element {http://www.w3.org/1999/xhtml}link at 0x7ac8b2f46d80>'}
2026-08-23 04:33:14.206 /testbed/scrapy/utils/sitemap.py:71 scrapy.utils.sitemap.Sitemap._process_sitemap_element event=line locals={}
2026-08-23 04:33:14.207 /testbed/scrapy/utils/sitemap.py:72 scrapy.utils.sitemap.Sitemap._process_sitemap_element event=line locals={}
2026-08-23 04:33:14.207 /testbed/scrapy/utils/sitemap.py:75 scrapy.utils.sitemap.Sitemap._process_sitemap_element event=line locals={}
2026-08-23 04:33:14.207 /testbed/scrapy/utils/sitemap.py:76 scrapy.utils.sitemap.Sitemap._process_sitemap_element event=line locals={}
2026-08-23 04:33:14.207 /testbed/scrapy/utils/sitemap.py:77 scrapy.utils.sitemap.Sitemap._process_sitemap_element event=line locals={'href': "'https://mirror.invalid/9e/1'"}
2026-08-23 04:33:14.207 /testbed/scrapy/utils/sitemap.py:83 scrapy.utils.sitemap.Sitemap._process_sitemap_element event=line locals={}
2026-08-23 04:33:14.207 /testbed/scrapy/utils/sitemap.py:69 scrapy.utils.sitemap.Sitemap._process_sitemap_element event=line locals={}
2026-08-23 04:33:14.207 /testbed/scrapy/utils/sitemap.py:70 scrapy.utils.sitemap.Sitemap._process_sitemap_element event=line locals={'el': '<Element changefreq at 0x7ac8b2f46d40>'}
2026-08-23 04:33:14.207 /testbed/scrapy/utils/sitemap.py:71 scrapy.utils.sitemap.Sitemap._process_sitemap_element event=line locals={}
2026-08-23 04:33:14.207 /testbed/scrapy/utils/sitemap.py:72 scrapy.utils.sitemap.Sitemap._process_sitemap_element event=line locals={'tag_name': "'changefreq'"}
2026-08-23 04:33:14.207 /testbed/scrapy/utils/sitemap.py:75 scrapy.utils.sitemap.Sitemap._process_sitemap_element event=line locals={}
2026-08-23 04:33:14.207 /testbed/scrapy/utils/sitemap.py:79 scrapy.utils.sitemap.Sitemap._process_sitemap_element event=line locals={}
2026-08-23 04:33:14.207 /testbed/scrapy/utils/sitemap.py:80 scrapy.utils.sitemap.Sitemap._process_sitemap_element event=line locals={'d': "{'changefreq': 'value-85', 'loc': 'https://example.invalid/155/3', 'lastmod': 'value-46', 'priority': 'value-33'}"}
2026-08-23 04:33:14.207 /testbed/scrapy/utils/sitemap.py:83 scrapy.utils.sitemap.Sitemap._process_sitemap_element event=line locals={}
2026-08-23 04:33:14.207 /testbed/scrapy/utils/sitemap.py:69 scrapy.utils.sitemap.Sitemap._process_sitemap_element event=line locals={}
2026-08-23 04:33:14.207 /testbed/scrapy/utils/sitemap.py:70 scrapy.utils.sitemap.Sitemap._process_sitemap_element event=line locals={'el': '<Element {http://www.w3.org/1999/xhtml}link at 0x7ac8b2f47080>'}
2026-08-23 04:33:14.207 /testbed/scrapy/utils/sitemap.py:71 scrapy.utils.sitemap.Sitemap._process_sitemap_element event=line locals={}
2026-08-23 04:33:14.207 /testbed/scrapy/utils/sitemap.py:72 scrapy.utils.sitemap.Sitemap._process_sitemap_element event=line locals={'tag_name': "'link'"}
2026-08-23 04:33:14.207 /testbed/scrapy/utils/sitemap.py:75 scrapy.utils.sitemap.Sitemap._process_sitemap_element event=line locals={}
2026-08-23 04:33:14.207 /testbed/scrapy/utils/sitemap.py:76 scrapy.utils.sitemap.Sitemap._process_sitemap_element event=line locals={}
2026-08-23 04:33:14.207 /testbed/scrapy/utils/sitemap.py:77 scrapy.utils.sitemap.Sitemap._process_sitemap_element event=line locals={'href': "'https://mirror.invalid/a0/1'"}
2026-08-23 04:33:14.207 /testbed/scrapy/utils/sitemap.py:83 scrapy.utils.sitemap.Sitemap._process_sitemap_element event=line locals={}
2026-08-23 04:33:14.207 /testbed/scrapy/utils/sitemap.py:69 scrapy.utils.sitemap.Sitemap._process_sitemap_element event=line locals={}
2026-08-23 04:33:14.207 /testbed/scrapy/utils/sitemap.py:70 scrapy.utils.sitemap.Sitemap._process_sitemap_element event=line locals={'el': '<Element lastmod at 0x7ac8b2f46d80>'}
2026-08-23 04:33:14.207 /testbed/scrapy/utils/sitemap.py:71 scrapy.utils.sitemap.Sitemap._process_sitemap_element event=line locals={}
2026-08-23 04:33:14.207 /testbed/scrapy/utils/sitemap.py:72 scrapy.utils.sitemap.Sitemap._process_sitemap_element event=line locals={'tag_name': "'lastmod'"}
2026-08-23 04:33:14.207 /testbed/scrapy/utils/sitemap.py:75 scrapy.utils.sitemap.Sitemap._process_sitemap_element event=line locals={}
2026-08-23 04:33:14.207 /testbed/scrapy/utils/sitemap.py:79 scrapy.utils.sitemap.Sitemap._process_sitemap_element event=line locals={}
2026-08-23 04:33:14.207 /testbed/scrapy/utils/sitemap.py:80 scrapy.utils.sitemap.Sitemap._process_sitemap_element event=line locals={'d': "{'changefreq': 'value-85', 'loc': 'https://example.invalid/155/3', 'lastmod': 'value-10', 'priority': 'value-33'}"}
2026-08-23 04:33:14.207 /testbed/scrapy/utils/sitemap.py:83 scrapy.utils.sitemap.Sitemap._process_sitemap_element event=line locals={}
2026-08-23 04:33:14.207 /testbed/scrapy/utils/sitemap.py:69 scrapy.utils.sitemap.Sitemap._process_sitemap_element event=line locals={}
2026-08-23 04:33:14.207 /testbed/scrapy/utils/sitemap.py:70 scrapy.utils.sitemap.Sitemap._process_sitemap_element event=line locals={'el': '<Element priority at 0x7ac8b2f46f80>'}
2026-08-23 04:33:14.207 /testbed/scrapy/utils/sitemap.py:71 scrapy.utils.sitemap.Sitemap._process_sitemap_element event=line locals={}
2026-08-23 04:33:14.207 /testbed/scrapy/utils/sitemap.py:72 scrapy.utils.sitemap.Sitemap._process_sitemap_element event=line locals={'tag_name': "'priority'"}
2026-08-23 04:33:14.207 /testbed/scrapy/utils/sitemap.py:75 scrapy.utils.sitemap.Sitemap._process_sitemap_element event=line locals={}
2026-08-23 04:33:14.207 /testbed/scrapy/utils/sitemap.py:79 scrapy.utils.sitemap.Sitemap._process_sitemap_element event=line locals={}
2026-08-23 04:33:14.207 /testbed/scrapy/utils/sitemap.py:80 scrapy.utils.sitemap.Sitemap._process_sitemap_element event=line locals={'d': "{'changefreq': 'value-85', 'loc': 'https://example.invalid/155/3', 'lastmod': 'value-10', 'priority': 'value-23'}"}
2026-08-23 04:33:14.207 /testbed/scrapy/utils/sitemap.py:83 scrapy.utils.sitemap.Sitemap._process_sitemap_element event=line locals={}
2026-08-23 04:33:14.207 /testbed/scrapy/utils/sitemap.py:69 scrapy.utils.sitemap.Sitemap._process_sitemap_element event=line locals={}
2026-08-23 04:33:14.207 /testbed/scrapy/utils/sitemap.py:70 scrapy.utils.sitemap.Sitemap._process_sitemap_element event=line locals={'el': '<!--generated-163-->'}
2026-08-23 04:33:14.207 /testbed/scrapy/utils/sitemap.py:71 scrapy.utils.sitemap.Sitemap._process_sitemap_element event=line locals={}
2026-08-23 04:33:14.207 /testbed/scrapy/utils/sitemap.py:72 scrapy.utils.sitemap.Sitemap._process_sitemap_element event=line locals={'tag_name': "''"}
2026-08-23 04:33:14.207 /testbed/scrapy/utils/sitemap.py:73 scrapy.utils.sitemap.Sitemap._process_sitemap_element event=line locals={}
2026-08-23 04:33:14.207 /testbed/scrapy/utils/sitemap.py:83 scrapy.utils.sitemap.Sitemap._process_sitemap_element event=line locals={}
2026-08-23 04:33:14.207 /testbed/scrapy/utils/sitemap.py:69 scrapy.utils.sitemap.Sitemap._process_sitemap_element event=line locals={}
2026-08-23 04:33:14.207 /testbed/scrapy/utils/sitemap.py:70 scrapy.utils.sitemap.Sitemap._process_sitemap_element event=line locals={'el': '<Element {http://www.w3.org/1999/xhtml}link at 0x7ac8b2f46d80>'}
2026-08-23 04:33:14.207 /testbed/scrapy/utils/sitemap.py:71 scrapy.utils.sitemap.Sitemap._process_sitemap_element event=line locals={}
2026-08-23 04:33:14.207 /testbed/scrapy/utils/sitemap.py:72 scrapy.utils.sitemap.Sitemap._process_sitemap_element event=line locals={'tag_name': "'link'"}
2026-08-23 04:33:14.207 /testbed/scrapy/utils/sitemap.py:75 scrapy.utils.sitemap.Sitemap._process_sitemap_element event=line locals={}
2026-08-23 04:33:14.207 /testbed/scrapy/utils/sitemap.py:76 scrapy.utils.sitemap.Sitemap._process_sitemap_element event=line locals={}
2026-08-23 04:33:14.207 /testbed/scrapy/utils/sitemap.py:77 scrapy.utils.sitemap.Sitemap._process_sitemap_element event=line locals={'href': "'https://mirror.invalid/a4/1'"}
2026-08-23 04:33:14.207 /testbed/scrapy/utils/sitemap.py:83 scrapy.utils.sitemap.Sitemap._process_sitemap_element event=line locals={}
2026-08-23 04:33:14.207 /testbed/scrapy/utils/sitemap.py:69 scrapy.utils.sitemap.Sitemap._process_sitemap_element event=line locals={}
2026-08-23 04:33:14.207 /testbed/scrapy/utils/sitemap.py:70 scrapy.utils.sitemap.Sitemap._process_sitemap_element event=line locals={'el': '<Element changefreq at 0x7ac8b2f46f80>'}
2026-08-23 04:33:14.207 /testbed/scrapy/utils/sitemap.py:71 scrapy.utils.sitemap.Sitemap._process_sitemap_element event=line locals={}
2026-08-23 04:33:14.208 /testbed/scrapy/utils/sitemap.py:72 scrapy.utils.sitemap.Sitemap._process_sitemap_element event=line locals={'tag_name': "'changefreq'"}
2026-08-23 04:33:14.208 /testbed/scrapy/utils/sitemap.py:75 scrapy.utils.sitemap.Sitemap._process_sitemap_element event=line locals={}
2026-08-23 04:33:14.208 /testbed/scrapy/utils/sitemap.py:79 scrapy.utils.sitemap.Sitemap._process_sitemap_element event=line locals={}
2026-08-23 04:33:14.208 /testbed/scrapy/utils/sitemap.py:80 scrapy.utils.sitemap.Sitemap._process_sitemap_element event=line locals={'d': "{'changefreq': 'value-62', 'loc': 'https://example.invalid/155/3', 'lastmod': 'value-10', 'priority': 'value-23'}"}
2026-08-23 04:33:14.208 /testbed/scrapy/utils/sitemap.py:83 scrapy.utils.sitemap.Sitemap._process_sitemap_element event=line locals={}
2026-08-23 04:33:14.208 /testbed/scrapy/utils/sitemap.py:69 scrapy.utils.sitemap.Sitemap._process_sitemap_element event=line locals={}
2026-08-23 04:33:14.208 /testbed/scrapy/utils/sitemap.py:70 scrapy.utils.sitemap.Sitemap._process_sitemap_element event=line locals={'el': '<Element {http://www.w3.org/1999/xhtml}link at 0x7ac8b2f47080>'}
2026-08-23 04:33:14.208 /testbed/scrapy/utils/sitemap.py:71 scrapy.utils.sitemap.Sitemap._process_sitemap_element event=line locals={}
2026-08-23 04:33:14.208 /testbed/scrapy/utils/sitemap.py:72 scrapy.utils.sitemap.Sitemap._process_sitemap_element event=line locals={'tag_name': "'link'"}
2026-08-23 04:33:14.208 /testbed/scrapy/utils/sitemap.py:75 scrapy.utils.sitemap.Sitemap._process_sitemap_element event=line locals={}
2026-08-23 04:33:14.208 /testbed/scrapy/utils/sitemap.py:76 scrapy.utils.sitemap.Sitemap._process_sitemap_element event=line locals={}
2026-08-23 04:33:14.208 /testbed/scrapy/utils/sitemap.py:77 scrapy.utils.sitemap.Sitemap._process_sitemap_element event=line locals={'href': "'https://mirror.invalid/a6/1'"}
2026-08-23 04:33:14.208 /testbed/scrapy/utils/sitemap.py:83 scrapy.utils.sitemap.Sitemap._process_sitemap_element event=line locals={}
2026-08-23 04:33:14.208 /testbed/scrapy/utils/sitemap.py:69 scrapy.utils.sitemap.Sitemap._process_sitemap_element event=line locals={}
2026-08-23 04:33:14.208 /testbed/scrapy/utils/sitemap.py:70 scrapy.utils.sitemap.Sitemap._process_sitemap_element event=line locals={'el': '<Element priority at 0x7ac8b2f46d80>'}
2026-08-23 04:33:14.208 /testbed/scrapy/utils/sitemap.py:71 scrapy.utils.sitemap.Sitemap._process_sitemap_element event=line locals={}
2026-08-23 04:33:14.208 /testbed/scrapy/utils/sitemap.py:72 scrapy.utils.sitemap.Sitemap._process_sitemap_element event=line locals={'tag_name': "'priority'"}
2026-08-23 04:33:14.208 /testbed/scrapy/utils/sitemap.py:75 scrapy.utils.sitemap.Sitemap._process_sitemap_element event=line locals={}
2026-08-23 04:33:14.208 /testbed/scrapy/utils/sitemap.py:79 scrapy.utils.sitemap.Sitemap._process_sitemap_element event=line locals={}
2026-08-23 04:33:14.208 /testbed/scrapy/utils/sitemap.py:80 scrapy.utils.sitemap.Sitemap._process_sitemap_element event=line locals={'d': "{'changefreq': 'value-62', 'loc': 'https://example.invalid/155/3', 'lastmod': 'value-10', 'priority': 'value-88'}"}
2026-08-23 04:33:14.208 /testbed/scrapy/utils/sitemap.py:83 scrapy.utils.sitemap.Sitemap._process_sitemap_element event=line locals={}
2026-08-23 04:33:14.208 /testbed/scrapy/utils/sitemap.py:69 scrapy.utils.sitemap.Sitemap._process_sitemap_element event=line locals={}
2026-08-23 04:33:14.208 /testbed/scrapy/utils/sitemap.py:70 scrapy.utils.sitemap.Sitemap._process_sitemap_element event=line locals={'el': '<Element lastmod at 0x7ac8b2f46fc0>'}
2026-08-23 04:33:14.208 /testbed/scrapy/utils/sitemap.py:71 scrapy.utils.sitemap.Sitemap._process_sitemap_element event=line locals={}
2026-08-23 04:33:14.208 /testbed/scrapy/utils/sitemap.py:72 scrapy.utils.sitemap.Sitemap._process_sitemap_element event=line locals={'tag_name': "'lastmod'"}
2026-08-23 04:33:14.208 /testbed/scrapy/utils/sitemap.py:75 scrapy.utils.sitemap.Sitemap._process_sitemap_element event=line locals={}
2026-08-23 04:33:14.208 /testbed/scrapy/utils/sitemap.py:79 scrapy.utils.sitemap.Sitemap._process_sitemap_element event=line locals={}
2026-08-23 04:33:14.208 /testbed/scrapy/utils/sitemap.py:80 scrapy.utils.sitemap.Sitemap._process_sitemap_element event=line locals={'d': "{'changefreq': 'value-62', 'loc': 'https://example.invalid/155/3', 'lastmod': 'value-0', 'priority': 'value-88'}"}
2026-08-23 04:33:14.208 /testbed/scrapy/utils/sitemap.py:83 scrapy.utils.sitemap.Sitemap._process_sitemap_element event=line locals={}
2026-08-23 04:33:14.208 /testbed/scrapy/utils/sitemap.py:69 scrapy.utils.sitemap.Sitemap._process_sitemap_element event=line locals={}
2026-08-23 04:33:14.208 /testbed/scrapy/utils/sitemap.py:70 scrapy.utils.sitemap.Sitemap._process_sitemap_element event=line locals={'el': '<Element priority at 0x7ac8b2f47080>'}
2026-08-23 04:33:14.208 /testbed/scrapy/utils/sitemap.py:71 scrapy.utils.sitemap.Sitemap._process_sitemap_element event=line locals={}
2026-08-23 04:33:14.208 /testbed/scrapy/utils/sitemap.py:72 scrapy.utils.sitemap.Sitemap._process_sitemap_element event=line locals={'tag_name': "'priority'"}
2026-08-23 04:33:14.208 /testbed/scrapy/utils/sitemap.py:75 scrapy.utils.sitemap.Sitemap._process_sitemap_element event=line locals={}
2026-08-23 04:33:14.208 /testbed/scrapy/utils/sitemap.py:79 scrapy.utils.sitemap.Sitemap._process_sitemap_element event=line locals={}
2026-08-23 04:33:14.208 /testbed/scrapy/utils/sitemap.py:80 scrapy.utils.sitemap.Sitemap._process_sitemap_element event=line locals={'d': "{'changefreq': 'value-62', 'loc': 'https://example.invalid/155/3', 'lastmod': 'value-0', 'priority': 'value-13'}"}
2026-08-23 04:33:14.208 /testbed/scrapy/utils/sitemap.py:83 scrapy.utils.sitemap.Sitemap._process_sitemap_element event=line locals={}
2026-08-23 04:33:14.208 /testbed/scrapy/utils/sitemap.py:69 scrapy.utils.sitemap.Sitemap._process_sitemap_element event=line locals={}
2026-08-23 04:33:14.208 /testbed/scrapy/utils/sitemap.py:70 scrapy.utils.sitemap.Sitemap._process_sitemap_element event=line locals={'el': '<Element {http://www.w3.org/1999/xhtml}link at 0x7ac8b2f46d80>'}
2026-08-23 04:33:14.208 /testbed/scrapy/utils/sitemap.py:71 scrapy.utils.sitemap.Sitemap._process_sitemap_element event=line locals={}
2026-08-23 04:33:14.208 /testbed/scrapy/utils/sitemap.py:72 scrapy.utils.sitemap.Sitemap._process_sitemap_element event=line locals={'tag_name': "'link'"}
2026-08-23 04:33:14.208 /testbed/scrapy/utils/sitemap.py:75 scrapy.utils.sitemap.Sitemap._process_sitemap_element event=line locals={}
2026-08-23 04:33:14.208 /testbed/scrapy/utils/sitemap.py:76 scrapy.utils.sitemap.Sitemap._process_sitemap_element event=line locals={}
2026-08-23 04:33:14.208 /testbed/scrapy/utils/sitemap.py:77 scrapy.utils.sitemap.Sitemap._process_sitemap_element event=line locals={'href': "'https://mirror.invalid/aa/1'"}
2026-08-23 04:33:14.208 /testbed/scrapy/utils/sitemap.py:83 scrapy.utils.sitemap.Sitemap._process_sitemap_element event=line locals={}
2026-08-23 04:33:14.208 /testbed/scrapy/utils/sitemap.py:69 scrapy.utils.sitemap.Sitemap._process_sitemap_element event=line locals={}
2026-08-23 04:33:14.208 /testbed/scrapy/utils/sitemap.py:70 scrapy.utils.sitemap.Sitemap._process_sitemap_element event=line locals={'el': '<Element lastmod at 0x7ac8b2f46fc0>'}
2026-08-23 04:33:14.208 /testbed/scrapy/utils/sitemap.py:71 scrapy.utils.sitemap.Sitemap._process_sitemap_element event=line locals={}
2026-08-23 04:33:14.208 /testbed/scrapy/utils/sitemap.py:72 scrapy.utils.sitemap.Sitemap._process_sitemap_element event=line locals={'tag_name': "'lastmod'"}
2026-08-23 04:33:14.208 /testbed/scrapy/utils/sitemap.py:75 scrapy.utils.sitemap.Sitemap._process_sitemap_element event=line locals={}
2026-08-23 04:33:14.208 /testbed/scrapy/utils/sitemap.py:79 scrapy.utils.sitemap.Sitemap._process_sitemap_element event=line locals={}
2026-08-23 04:33:14.208 /testbed/scrapy/utils/sitemap.py:80 scrapy.utils.sitemap.Sitemap._process_sitemap_element event=line locals={'d': "{'changefreq': 'value-62', 'loc': 'https://example.invalid/155/3', 'lastmod': 'value-39', 'priority': 'value-13'}"}
2026-08-23 04:33:14.208 /testbed/scrapy/utils/sitemap.py:83 scrapy.utils.sitemap.Sitemap._process_sitemap_element event=line locals={}
2026-08-23 04:33:14.208 /testbed/scrapy/utils/sitemap.py:69 scrapy.utils.sitemap.Sitemap._process_sitemap_element event=line locals={}
2026-08-23 04:33:14.209 /testbed/scrapy/utils/sitemap.py:70 scrapy.utils.sitemap.Sitemap._process_sitemap_element event=line locals={'el': '<Element lastmod at 0x7ac8b2f46e80>'}
2026-08-23 04:33:14.209 /testbed/scrapy/utils/sitemap.py:71 scrapy.utils.sitemap.Sitemap._process_sitemap_element event=line locals={}
2026-08-23 04:33:14.209 /testbed/scrapy/utils/sitemap.py:72 scrapy.utils.sitemap.Sitemap._process_sitemap_element event=line locals={}
2026-08-23 04:33:14.209 /testbed/scrapy/utils/sitemap.py:75 scrapy.utils.sitemap.Sitemap._process_sitemap_element event=line locals={}
2026-08-23 04:33:14.209 /testbed/scrapy/utils/sitemap.py:79 scrapy.utils.sitemap.Sitemap._process_sitemap_element event=line locals={}
2026-08-23 04:33:14.209 /testbed/scrapy/utils/sitemap.py:80 scrapy.utils.sitemap.Sitemap._process_sitemap_element event=line locals={'d': "{'changefreq': 'value-62', 'loc': 'https://example.invalid/155/3', 'lastmod': 'value-52', 'priority': 'value-13'}"}
2026-08-23 04:33:14.209 /testbed/scrapy/utils/sitemap.py:83 scrapy.utils.sitemap.Sitemap._process_sitemap_element event=line locals={}
2026-08-23 04:33:14.209 /testbed/scrapy/utils/sitemap.py:69 scrapy.utils.sitemap.Sitemap._process_sitemap_element event=line locals={}
2026-08-23 04:33:14.209 /testbed/scrapy/utils/sitemap.py:70 scrapy.utils.sitemap.Sitemap._process_sitemap_element event=line locals={'el': '<Element lastmod at 0x7ac8b2f46d80>'}
2026-08-23 04:33:14.209 /testbed/scrapy/utils/sitemap.py:71 scrapy.utils.sitemap.Sitemap._process_sitemap_element event=line locals={}
2026-08-23 04:33:14.209 /testbed/scrapy/utils/sitemap.py:72 scrapy.utils.sitemap.Sitemap._process_sitemap_element event=line locals={}
2026-08-23 04:33:14.209 /testbed/scrapy/utils/sitemap.py:75 scrapy.utils.sitemap.Sitemap._process_sitemap_element event=line locals={}
2026-08-23 04:33:14.209 /testbed/scrapy/utils/sitemap.py:79 scrapy.utils.sitemap.Sitemap._process_sitemap_element event=line locals={}
2026-08-23 04:33:14.209 /testbed/scrapy/utils/sitemap.py:80 scrapy.utils.sitemap.Sitemap._process_sitemap_element event=line locals={'d': "{'changefreq': 'value-62', 'loc': 'https://example.invalid/155/3', 'lastmod': 'value-65', 'priority': 'value-13'}"}
2026-08-23 04:33:14.209 /testbed/scrapy/utils/sitemap.py:83 scrapy.utils.sitemap.Sitemap._process_sitemap_element event=line locals={}
2026-08-23 04:33:14.209 /testbed/scrapy/utils/sitemap.py:69 scrapy.utils.sitemap.Sitemap._process_sitemap_element event=line locals={}
2026-08-23 04:33:14.209 /testbed/scrapy/utils/sitemap.py:70 scrapy.utils.sitemap.Sitemap._process_sitemap_element event=line locals={'el': '<Element lastmod at 0x7ac8b2f46fc0>'}
2026-08-23 04:33:14.209 /testbed/scrapy/utils/sitemap.py:71 scrapy.utils.sitemap.Sitemap._process_sitemap_element event=line locals={}
2026-08-23 04:33:14.209 /testbed/scrapy/utils/sitemap.py:72 scrapy.utils.sitemap.Sitemap._process_sitemap_element event=line locals={}
2026-08-23 04:33:14.209 /testbed/scrapy/utils/sitemap.py:75 scrapy.utils.sitemap.Sitemap._process_sitemap_element event=line locals={}
2026-08-23 04:33:14.209 /testbed/scrapy/utils/sitemap.py:79 scrapy.utils.sitemap.Sitemap._process_sitemap_element event=line locals={}
2026-08-23 04:33:14.209 /testbed/scrapy/utils/sitemap.py:80 scrapy.utils.sitemap.Sitemap._process_sitemap_element event=line locals={'d': "{'changefreq': 'value-62', 'loc': 'https://example.invalid/155/3', 'lastmod': 'value-78', 'priority': 'value-13'}"}
2026-08-23 04:33:14.209 /testbed/scrapy/utils/sitemap.py:83 scrapy.utils.sitemap.Sitemap._process_sitemap_element event=line locals={}
2026-08-23 04:33:14.209 /testbed/scrapy/utils/sitemap.py:69 scrapy.utils.sitemap.Sitemap._process_sitemap_element event=line locals={}
2026-08-23 04:33:14.209 /testbed/scrapy/utils/sitemap.py:70 scrapy.utils.sitemap.Sitemap._process_sitemap_element event=line locals={'el': '<Element priority at 0x7ac8b2f46e80>'}
2026-08-23 04:33:14.209 /testbed/scrapy/utils/sitemap.py:71 scrapy.utils.sitemap.Sitemap._process_sitemap_element event=line locals={}
2026-08-23 04:33:14.209 /testbed/scrapy/utils/sitemap.py:72 scrapy.utils.sitemap.Sitemap._process_sitemap_element event=line locals={'tag_name': "'priority'"}
2026-08-23 04:33:14.209 /testbed/scrapy/utils/sitemap.py:75 scrapy.utils.sitemap.Sitemap._process_sitemap_element event=line locals={}
2026-08-23 04:33:14.209 /testbed/scrapy/utils/sitemap.py:79 scrapy.utils.sitemap.Sitemap._process_sitemap_element event=line locals={}
2026-08-23 04:33:14.209 /testbed/scrapy/utils/sitemap.py:80 scrapy.utils.sitemap.Sitemap._process_sitemap_element event=line locals={'d': "{'changefreq': 'value-62', 'loc': 'https://example.invalid/155/3', 'lastmod': 'value-78', 'priority': 'value-91'}"}
2026-08-23 04:33:14.209 /testbed/scrapy/utils/sitemap.py:83 scrapy.utils.sitemap.Sitemap._process_sitemap_element event=line locals={}
2026-08-23 04:33:14.209 /testbed/scrapy/utils/sitemap.py:69 scrapy.utils.sitemap.Sitemap._process_sitemap_element event=line locals={}
2026-08-23 04:33:14.209 /testbed/scrapy/utils/sitemap.py:70 scrapy.utils.sitemap.Sitemap._process_sitemap_element event=line locals={'el': '<Element changefreq at 0x7ac8b2f46d80>'}
2026-08-23 04:33:14.209 /testbed/scrapy/utils/sitemap.py:71 scrapy.utils.sitemap.Sitemap._process_sitemap_element event=line locals={}
2026-08-23 04:33:14.209 /testbed/scrapy/utils/sitemap.py:72 scrapy.utils.sitemap.Sitemap._process_sitemap_element event=line locals={'tag_name': "'changefreq'"}
2026-08-23 04:33:14.209 /testbed/scrapy/utils/sitemap.py:75 scrapy.utils.sitemap.Sitemap._process_sitemap_element event=line locals={}
2026-08-23 04:33:14.209 /testbed/scrapy/utils/sitemap.py:79 scrapy.utils.sitemap.Sitemap._process_sitemap_element event=line locals={}
2026-08-23 04:33:14.209 /testbed/scrapy/utils/sitemap.py:80 scrapy.utils.sitemap.Sitemap._process_sitemap_element event=line locals={'d': "{'changefreq': 'value-3', 'loc': 'https://example.invalid/155/3', 'lastmod': 'value-78', 'priority': 'value-91'}"}
2026-08-23 04:33:14.209 /testbed/scrapy/utils/sitemap.py:83 scrapy.utils.sitemap.Sitemap._process_sitemap_element event=line locals={}
2026-08-23 04:33:14.209 /testbed/scrapy/utils/sitemap.py:69 scrapy.utils.sitemap.Sitemap._process_sitemap_element event=line locals={}
2026-08-23 04:33:14.209 /testbed/scrapy/utils/sitemap.py:70 scrapy.utils.sitemap.Sitemap._process_sitemap_element event=line locals={'el': '<Element {http://www.w3.org/1999/xhtml}link at 0x7ac8b2f46fc0>'}
2026-08-23 04:33:14.209 /testbed/scrapy/utils/sitemap.py:71 scrapy.utils.sitemap.Sitemap._process_sitemap_element event=line locals={}
2026-08-23 04:33:14.209 /testbed/scrapy/utils/sitemap.py:72 scrapy.utils.sitemap.Sitemap._process_sitemap_element event=line locals={'tag_name': "'link'"}
2026-08-23 04:33:14.209 /testbed/scrapy/utils/sitemap.py:75 scrapy.utils.sitemap.Sitemap._process_sitemap_element event=line locals={}
2026-08-23 04:33:14.209 /testbed/scrapy/utils/sitemap.py:76 scrapy.utils.sitemap.Sitemap._process_sitemap_element event=line locals={}
2026-08-23 04:33:14.209 /testbed/scrapy/utils/sitemap.py:77 scrapy.utils.sitemap.Sitemap._process_sitemap_element event=line locals={'href': "'https://mirror.invalid/b1/1'"}
2026-08-23 04:33:14.209 /testbed/scrapy/utils/sitemap.py:83 scrapy.utils.sitemap.Sitemap._process_sitemap_element event=line locals={}
2026-08-23 04:33:14.209 /testbed/scrapy/utils/sitemap.py:69 scrapy.utils.sitemap.Sitemap._process_sitemap_element event=line locals={}
2026-08-23 04:33:14.209 /testbed/scrapy/utils/sitemap.py:70 scrapy.utils.sitemap.Sitemap._process_sitemap_element event=line locals={'el': '<Element changefreq at 0x7ac8b2f46e80>'}
2026-08-23 04:33:14.209 /testbed/scrapy/utils/sitemap.py:71 scrapy.utils.sitemap.Sitemap._process_sitemap_element event=line locals={}
2026-08-23 04:33:14.209 /testbed/scrapy/utils/sitemap.py:72 scrapy.utils.sitemap.Sitemap._process_sitemap_element event=line locals={'tag_name': "'changefreq'"}
2026-08-23 04:33:14.209 /testbed/scrapy/utils/sitemap.py:75 scrapy.utils.sitemap.Sitemap._process_sitemap_element event=line locals={}
2026-08-23 04:33:14.209 /testbed/scrapy/utils/sitemap.py:79 scrapy.utils.sitemap.Sitemap._process_sitemap_element event=line locals={}
2026-08-23 04:33:14.210 /testbed/scrapy/utils/sitemap.py:80 scrapy.utils.sitemap.Sitemap._process_sitemap_element event=line locals={'d': "{'changefreq': 'value-29', 'loc': 'https://example.invalid/155/3', 'lastmod': 'value-78', 'priority': 'value-91'}"}
2026-08-23 04:33:14.210 /testbed/scrapy/utils/sitemap.py:83 scrapy.utils.sitemap.Sitemap._process_sitemap_element event=line locals={}
2026-08-23 04:33:14.210 /testbed/scrapy/utils/sitemap.py:69 scrapy.utils.sitemap.Sitemap._process_sitemap_element event=line locals={}
2026-08-23 04:33:14.210 /testbed/scrapy/utils/sitemap.py:70 scrapy.utils.sitemap.Sitemap._process_sitemap_element event=line locals={'el': '<Element priority at 0x7ac8b2f46f80>'}
2026-08-23 04:33:14.210 /testbed/scrapy/utils/sitemap.py:71 scrapy.utils.sitemap.Sitemap._process_sitemap_element event=line locals={}
2026-08-23 04:33:14.210 /testbed/scrapy/utils/sitemap.py:72 scrapy.utils.sitemap.Sitemap._process_sitemap_element event=line locals={'tag_name': "'priority'"}
2026-08-23 04:33:14.210 /testbed/scrapy/utils/sitemap.py:75 scrapy.utils.sitemap.Sitemap._process_sitemap_element event=line locals={}
2026-08-23 04:33:14.210 /testbed/scrapy/utils/sitemap.py:79 scrapy.utils.sitemap.Sitemap._process_sitemap_element event=line locals={}
2026-08-23 04:33:14.210 /testbed/scrapy/utils/sitemap.py:80 scrapy.utils.sitemap.Sitemap._process_sitemap_element event=line locals={'d': "{'changefreq': 'value-29', 'loc': 'https://example.invalid/155/3', 'lastmod': 'value-78', 'priority': 'value-42'}"}
2026-08-23 04:33:14.210 /testbed/scrapy/utils/sitemap.py:83 scrapy.utils.sitemap.Sitemap._process_sitemap_element event=line locals={}
2026-08-23 04:33:14.210 /testbed/scrapy/utils/sitemap.py:69 scrapy.utils.sitemap.Sitemap._process_sitemap_element event=line locals={}
2026-08-23 04:33:14.210 /testbed/scrapy/utils/sitemap.py:70 scrapy.utils.sitemap.Sitemap._process_sitemap_element event=line locals={'el': '<Element priority at 0x7ac8b2f46fc0>'}
2026-08-23 04:33:14.210 /testbed/scrapy/utils/sitemap.py:71 scrapy.utils.sitemap.Sitemap._process_sitemap_element event=line locals={}
2026-08-23 04:33:14.210 /testbed/scrapy/utils/sitemap.py:72 scrapy.utils.sitemap.Sitemap._process_sitemap_element event=line locals={}
2026-08-23 04:33:14.210 /testbed/scrapy/utils/sitemap.py:75 scrapy.utils.sitemap.Sitemap._process_sitemap_element event=line locals={}
2026-08-23 04:33:14.210 /testbed/scrapy/utils/sitemap.py:79 scrapy.utils.sitemap.Sitemap._process_sitemap_element event=line locals={}
2026-08-23 04:33:14.210 /testbed/scrapy/utils/sitemap.py:80 scrapy.utils.sitemap.Sitemap._process_sitemap_element event=line locals={'d': "{'changefreq': 'value-29', 'loc': 'https://example.invalid/155/3', 'lastmod': 'value-78', 'priority': 'value-55'}"}
2026-08-23 04:33:14.210 /testbed/scrapy/utils/sitemap.py:83 scrapy.utils.sitemap.Sitemap._process_sitemap_element event=line locals={}
2026-08-23 04:33:14.210 /testbed/scrapy/utils/sitemap.py:69 scrapy.utils.sitemap.Sitemap._process_sitemap_element event=line locals={}
2026-08-23 04:33:14.210 /testbed/scrapy/utils/sitemap.py:70 scrapy.utils.sitemap.Sitemap._process_sitemap_element event=line locals={'el': '<Element {http://www.w3.org/1999/xhtml}link at 0x7ac8b2f46e80>'}
2026-08-23 04:33:14.210 /testbed/scrapy/utils/sitemap.py:71 scrapy.utils.sitemap.Sitemap._process_sitemap_element event=line locals={}
2026-08-23 04:33:14.210 /testbed/scrapy/utils/sitemap.py:72 scrapy.utils.sitemap.Sitemap._process_sitemap_element event=line locals={'tag_name': "'link'"}
2026-08-23 04:33:14.210 /testbed/scrapy/utils/sitemap.py:75 scrapy.utils.sitemap.Sitemap._process_sitemap_element event=line locals={}
2026-08-23 04:33:14.210 /testbed/scrapy/utils/sitemap.py:76 scrapy.utils.sitemap.Sitemap._process_sitemap_element event=line locals={}
2026-08-23 04:33:14.210 /testbed/scrapy/utils/sitemap.py:77 scrapy.utils.sitemap.Sitemap._process_sitemap_element event=line locals={'href': "'https://mirror.invalid/b5/1'"}
2026-08-23 04:33:14.210 /testbed/scrapy/utils/sitemap.py:83 scrapy.utils.sitemap.Sitemap._process_sitemap_element event=line locals={}
2026-08-23 04:33:14.210 /testbed/scrapy/utils/sitemap.py:69 scrapy.utils.sitemap.Sitemap._process_sitemap_element event=line locals={}
2026-08-23 04:33:14.210 /testbed/scrapy/utils/sitemap.py:70 scrapy.utils.sitemap.Sitemap._process_sitemap_element event=line locals={'el': '<Element priority at 0x7ac8b2f46f80>'}
2026-08-23 04:33:14.210 /testbed/scrapy/utils/sitemap.py:71 scrapy.utils.sitemap.Sitemap._process_sitemap_element event=line locals={}
2026-08-23 04:33:14.210 /testbed/scrapy/utils/sitemap.py:72 scrapy.utils.sitemap.Sitemap._process_sitemap_element event=line locals={'tag_name': "'priority'"}
2026-08-23 04:33:14.210 /testbed/scrapy/utils/sitemap.py:75 scrapy.utils.sitemap.Sitemap._process_sitemap_element event=line locals={}
2026-08-23 04:33:14.210 /testbed/scrapy/utils/sitemap.py:79 scrapy.utils.sitemap.Sitemap._process_sitemap_element event=line locals={}
2026-08-23 04:33:14.210 /testbed/scrapy/utils/sitemap.py:80 scrapy.utils.sitemap.Sitemap._process_sitemap_element event=line locals={'d': "{'changefreq': 'value-29', 'loc': 'https://example.invalid/155/3', 'lastmod': 'value-78', 'priority': 'value-81'}"}
2026-08-23 04:33:14.210 /testbed/scrapy/utils/sitemap.py:83 scrapy.utils.sitemap.Sitemap._process_sitemap_element event=line locals={}
2026-08-23 04:33:14.210 /testbed/scrapy/utils/sitemap.py:69 scrapy.utils.sitemap.Sitemap._process_sitemap_element event=line locals={}
2026-08-23 04:33:14.210 /testbed/scrapy/utils/sitemap.py:70 scrapy.utils.sitemap.Sitemap._process_sitemap_element event=line locals={'el': '<Element priority at 0x7ac8b2f46d40>'}
2026-08-23 04:33:14.210 /testbed/scrapy/utils/sitemap.py:71 scrapy.utils.sitemap.Sitemap._process_sitemap_element event=line locals={}
2026-08-23 04:33:14.210 /testbed/scrapy/utils/sitemap.py:72 scrapy.utils.sitemap.Sitemap._process_sitemap_element event=line locals={}
2026-08-23 04:33:14.210 /testbed/scrapy/utils/sitemap.py:75 scrapy.utils.sitemap.Sitemap._process_sitemap_element event=line locals={}
2026-08-23 04:33:14.210 /testbed/scrapy/utils/sitemap.py:79 scrapy.utils.sitemap.Sitemap._process_sitemap_element event=line locals={}
2026-08-23 04:33:14.210 /testbed/scrapy/utils/sitemap.py:80 scrapy.utils.sitemap.Sitemap._process_sitemap_element event=line locals={'d': "{'changefreq': 'value-29', 'loc': 'https://example.invalid/155/3', 'lastmod': 'value-78', 'priority': 'value-94'}"}
2026-08-23 04:33:14.210 /testbed/scrapy/utils/sitemap.py:83 scrapy.utils.sitemap.Sitemap._process_sitemap_element event=line locals={}
2026-08-23 04:33:14.210 /testbed/scrapy/utils/sitemap.py:69 scrapy.utils.sitemap.Sitemap._process_sitemap_element event=line locals={}
2026-08-23 04:33:14.210 /testbed/scrapy/utils/sitemap.py:70 scrapy.utils.sitemap.Sitemap._process_sitemap_element event=line locals={'el': '<Element priority at 0x7ac8b2f46e80>'}
2026-08-23 04:33:14.210 /testbed/scrapy/utils/sitemap.py:71 scrapy.utils.sitemap.Sitemap._process_sitemap_element event=line locals={}
2026-08-23 04:33:14.210 /testbed/scrapy/utils/sitemap.py:72 scrapy.utils.sitemap.Sitemap._process_sitemap_element event=line locals={}
2026-08-23 04:33:14.210 /testbed/scrapy/utils/sitemap.py:75 scrapy.utils.sitemap.Sitemap._process_sitemap_element event=line locals={}
2026-08-23 04:33:14.210 /testbed/scrapy/utils/sitemap.py:79 scrapy.utils.sitemap.Sitemap._process_sitemap_element event=line locals={}
2026-08-23 04:33:14.210 /testbed/scrapy/utils/sitemap.py:80 scrapy.utils.sitemap.Sitemap._process_sitemap_element event=line locals={'d': "{'changefreq': 'value-29', 'loc': 'https://example.invalid/155/3', 'lastmod': 'value-78', 'priority': 'value-6'}"}
2026-08-23 04:33:14.210 /testbed/scrapy/utils/sitemap.py:83 scrapy.utils.sitemap.Sitemap._process_sitemap_element event=line locals={}
2026-08-23 04:33:14.210 /testbed/scrapy/utils/sitemap.py:69 scrapy.utils.sitemap.Sitemap._process_sitemap_element event=line locals={}
2026-08-23 04:33:14.210 /testbed/scrapy/utils/sitemap.py:70 scrapy.utils.sitemap.Sitemap._process_sitemap_element event=line locals={'el': '<!--generated-185-->'}
2026-08-23 04:33:14.210 /testbed/scrapy/utils/sitemap.py:71 scrapy.utils.sitemap.Sitemap._process_sitemap_element event=line locals={}
2026-08-23 04:33:14.211 /testbed/scrapy/utils/sitemap.py:72 scrapy.utils.sitemap.Sitemap._process_sitemap_element event=line locals={'tag_name': "''"}
2026-08-23 04:33:14.211 /testbed/scrapy/utils/sitemap.py:73 scrapy.utils.sitemap.Sitemap._process_sitemap_element event=line locals={}
2026-08-23 04:33:14.211 /testbed/scrapy/utils/sitemap.py:83 scrapy.utils.sitemap.Sitemap._process_sitemap_element event=line locals={}
2026-08-23 04:33:14.211 /testbed/scrapy/utils/sitemap.py:69 scrapy.utils.sitemap.Sitemap._process_sitemap_element event=line locals={}
2026-08-23 04:33:14.211 /testbed/scrapy/utils/sitemap.py:70 scrapy.utils.sitemap.Sitemap._process_sitemap_element event=line locals={'el': '<Element {http://www.w3.org/1999/xhtml}link at 0x7ac8b2f46d40>'}
2026-08-23 04:33:14.211 /testbed/scrapy/utils/sitemap.py:71 scrapy.utils.sitemap.Sitemap._process_sitemap_element event=line locals={}
2026-08-23 04:33:14.211 /testbed/scrapy/utils/sitemap.py:72 scrapy.utils.sitemap.Sitemap._process_sitemap_element event=line locals={'tag_name': "'link'"}
2026-08-23 04:33:14.211 /testbed/scrapy/utils/sitemap.py:75 scrapy.utils.sitemap.Sitemap._process_sitemap_element event=line locals={}
2026-08-23 04:33:14.211 /testbed/scrapy/utils/sitemap.py:76 scrapy.utils.sitemap.Sitemap._process_sitemap_element event=line locals={}
2026-08-23 04:33:14.211 /testbed/scrapy/utils/sitemap.py:77 scrapy.utils.sitemap.Sitemap._process_sitemap_element event=line locals={'href': "'https://mirror.invalid/ba/1'"}
2026-08-23 04:33:14.211 /testbed/scrapy/utils/sitemap.py:83 scrapy.utils.sitemap.Sitemap._process_sitemap_element event=line locals={}
2026-08-23 04:33:14.211 /testbed/scrapy/utils/sitemap.py:69 scrapy.utils.sitemap.Sitemap._process_sitemap_element event=line locals={}
2026-08-23 04:33:14.211 /testbed/scrapy/utils/sitemap.py:70 scrapy.utils.sitemap.Sitemap._process_sitemap_element event=line locals={'el': '<Element lastmod at 0x7ac8b2f46e80>'}
2026-08-23 04:33:14.211 /testbed/scrapy/utils/sitemap.py:71 scrapy.utils.sitemap.Sitemap._process_sitemap_element event=line locals={}
2026-08-23 04:33:14.211 /testbed/scrapy/utils/sitemap.py:72 scrapy.utils.sitemap.Sitemap._process_sitemap_element event=line locals={'tag_name': "'lastmod'"}
2026-08-23 04:33:14.211 /testbed/scrapy/utils/sitemap.py:75 scrapy.utils.sitemap.Sitemap._process_sitemap_element event=line locals={}
2026-08-23 04:33:14.211 /testbed/scrapy/utils/sitemap.py:79 scrapy.utils.sitemap.Sitemap._process_sitemap_element event=line locals={}
2026-08-23 04:33:14.211 /testbed/scrapy/utils/sitemap.py:80 scrapy.utils.sitemap.Sitemap._process_sitemap_element event=line locals={'d': "{'changefreq': 'value-29', 'loc': 'https://example.invalid/155/3', 'lastmod': 'value-45', 'priority': 'value-6'}"}
2026-08-23 04:33:14.211 /testbed/scrapy/utils/sitemap.py:83 scrapy.utils.sitemap.Sitemap._process_sitemap_element event=line locals={}
2026-08-23 04:33:14.211 /testbed/scrapy/utils/sitemap.py:69 scrapy.utils.sitemap.Sitemap._process_sitemap_element event=line locals={}
2026-08-23 04:33:14.211 /testbed/scrapy/utils/sitemap.py:70 scrapy.utils.sitemap.Sitemap._process_sitemap_element event=line locals={'el': '<Element lastmod at 0x7ac8b2f46f80>'}
2026-08-23 04:33:14.211 /testbed/scrapy/utils/sitemap.py:71 scrapy.utils.sitemap.Sitemap._process_sitemap_element event=line locals={}
2026-08-23 04:33:14.211 /testbed/scrapy/utils/sitemap.py:72 scrapy.utils.sitemap.Sitemap._process_sitemap_element event=line locals={}
2026-08-23 04:33:14.211 /testbed/scrapy/utils/sitemap.py:75 scrapy.utils.sitemap.Sitemap._process_sitemap_element event=line locals={}
2026-08-23 04:33:14.211 /testbed/scrapy/utils/sitemap.py:79 scrapy.utils.sitemap.Sitemap._process_sitemap_element event=line locals={}
2026-08-23 04:33:14.211 /testbed/scrapy/utils/sitemap.py:80 scrapy.utils.sitemap.Sitemap._process_sitemap_element event=line locals={'d': "{'changefreq': 'value-29', 'loc': 'https://example.invalid/155/3', 'lastmod': 'value-58', 'priority': 'value-6'}"}
2026-08-23 04:33:14.211 /testbed/scrapy/utils/sitemap.py:83 scrapy.utils.sitemap.Sitemap._process_sitemap_element event=line locals={}
2026-08-23 04:33:14.211 /testbed/scrapy/utils/sitemap.py:69 scrapy.utils.sitemap.Sitemap._process_sitemap_element event=line locals={}
2026-08-23 04:33:14.211 /testbed/scrapy/utils/sitemap.py:70 scrapy.utils.sitemap.Sitemap._process_sitemap_element event=line locals={'el': '<Element changefreq at 0x7ac8b2f46d40>'}
2026-08-23 04:33:14.211 /testbed/scrapy/utils/sitemap.py:71 scrapy.utils.sitemap.Sitemap._process_sitemap_element event=line locals={}
2026-08-23 04:33:14.211 /testbed/scrapy/utils/sitemap.py:72 scrapy.utils.sitemap.Sitemap._process_sitemap_element event=line locals={'tag_name': "'changefreq'"}
2026-08-23 04:33:14.211 /testbed/scrapy/utils/sitemap.py:75 scrapy.utils.sitemap.Sitemap._process_sitemap_element event=line locals={}
2026-08-23 04:33:14.211 /testbed/scrapy/utils/sitemap.py:79 scrapy.utils.sitemap.Sitemap._process_sitemap_element event=line locals={}
2026-08-23 04:33:14.211 /testbed/scrapy/utils/sitemap.py:80 scrapy.utils.sitemap.Sitemap._process_sitemap_element event=line locals={'d': "{'changefreq': 'value-71', 'loc': 'https://example.invalid/155/3', 'lastmod': 'value-58', 'priority': 'value-6'}"}
2026-08-23 04:33:14.211 /testbed/scrapy/utils/sitemap.py:83 scrapy.utils.sitemap.Sitemap._process_sitemap_element event=line locals={}
2026-08-23 04:33:14.211 /testbed/scrapy/utils/sitemap.py:69 scrapy.utils.sitemap.Sitemap._process_sitemap_element event=line locals={}
2026-08-23 04:33:14.211 /testbed/scrapy/utils/sitemap.py:70 scrapy.utils.sitemap.Sitemap._process_sitemap_element event=line locals={'el': '<Element priority at 0x7ac8b2f46e80>'}
2026-08-23 04:33:14.211 /testbed/scrapy/utils/sitemap.py:71 scrapy.utils.sitemap.Sitemap._process_sitemap_element event=line locals={}
2026-08-23 04:33:14.211 /testbed/scrapy/utils/sitemap.py:72 scrapy.utils.sitemap.Sitemap._process_sitemap_element event=line locals={'tag_name': "'priority'"}
2026-08-23 04:33:14.211 /testbed/scrapy/utils/sitemap.py:75 scrapy.utils.sitemap.Sitemap._process_sitemap_element event=line locals={}
2026-08-23 04:33:14.211 /testbed/scrapy/utils/sitemap.py:79 scrapy.utils.sitemap.Sitemap._process_sitemap_element event=line locals={}
2026-08-23 04:33:14.211 /testbed/scrapy/utils/sitemap.py:80 scrapy.utils.sitemap.Sitemap._process_sitemap_element event=line locals={'d': "{'changefreq': 'value-71', 'loc': 'https://example.invalid/155/3', 'lastmod': 'value-58', 'priority': 'value-84'}"}
2026-08-23 04:33:14.211 /testbed/scrapy/utils/sitemap.py:83 scrapy.utils.sitemap.Sitemap._process_sitemap_element event=line locals={}
2026-08-23 04:33:14.211 /testbed/scrapy/utils/sitemap.py:69 scrapy.utils.sitemap.Sitemap._process_sitemap_element event=line locals={}
2026-08-23 04:33:14.211 /testbed/scrapy/utils/sitemap.py:70 scrapy.utils.sitemap.Sitemap._process_sitemap_element event=line locals={'el': '<Element changefreq at 0x7ac8b2f46f80>'}
2026-08-23 04:33:14.211 /testbed/scrapy/utils/sitemap.py:71 scrapy.utils.sitemap.Sitemap._process_sitemap_element event=line locals={}
2026-08-23 04:33:14.211 /testbed/scrapy/utils/sitemap.py:72 scrapy.utils.sitemap.Sitemap._process_sitemap_element event=line locals={'tag_name': "'changefreq'"}
2026-08-23 04:33:14.211 /testbed/scrapy/utils/sitemap.py:75 scrapy.utils.sitemap.Sitemap._process_sitemap_element event=line locals={}
2026-08-23 04:33:14.211 /testbed/scrapy/utils/sitemap.py:79 scrapy.utils.sitemap.Sitemap._process_sitemap_element event=line locals={}
2026-08-23 04:33:14.211 /testbed/scrapy/utils/sitemap.py:80 scrapy.utils.sitemap.Sitemap._process_sitemap_element event=line locals={'d': "{'changefreq': 'value-97', 'loc': 'https://example.invalid/155/3', 'lastmod': 'value-58', 'priority': 'value-84'}"}
2026-08-23 04:33:14.212 /testbed/scrapy/utils/sitemap.py:83 scrapy.utils.sitemap.Sitemap._process_sitemap_element event=line locals={}
2026-08-23 04:33:14.212 /testbed/scrapy/utils/sitemap.py:69 scrapy.utils.sitemap.Sitemap._process_sitemap_element event=line locals={}
2026-08-23 04:33:14.212 /testbed/scrapy/utils/sitemap.py:70 scrapy.utils.sitemap.Sitemap._process_sitemap_element event=line locals={'el': '<!--generated-192-->'}
2026-08-23 04:33:14.212 /testbed/scrapy/utils/sitemap.py:71 scrapy.utils.sitemap.Sitemap._process_sitemap_element event=line locals={}
2026-08-23 04:33:14.212 /testbed/scrapy/utils/sitemap.py:72 scrapy.utils.sitemap.Sitemap._process_sitemap_element event=line locals={'tag_name': "''"}
2026-08-23 04:33:14.212 /testbed/scrapy/utils/sitemap.py:73 scrapy.utils.sitemap.Sitemap._process_sitemap_element event=line locals={}
2026-08-23 04:33:14.212 /testbed/scrapy/utils/sitemap.py:83 scrapy.utils.sitemap.Sitemap._process_sitemap_element event=line locals={}
2026-08-23 04:33:14.212 /testbed/scrapy/utils/sitemap.py:69 scrapy.utils.sitemap.Sitemap._process_sitemap_element event=line locals={}
2026-08-23 04:33:14.212 /testbed/scrapy/utils/sitemap.py:70 scrapy.utils.sitemap.Sitemap._process_sitemap_element event=line locals={'el': '<Element priority at 0x7ac8b2f46e80>'}
2026-08-23 04:33:14.212 /testbed/scrapy/utils/sitemap.py:71 scrapy.utils.sitemap.Sitemap._process_sitemap_element event=line locals={}
2026-08-23 04:33:14.212 /testbed/scrapy/utils/sitemap.py:72 scrapy.utils.sitemap.Sitemap._process_sitemap_element event=line locals={'tag_name': "'priority'"}
2026-08-23 04:33:14.212 /testbed/scrapy/utils/sitemap.py:75 scrapy.utils.sitemap.Sitemap._process_sitemap_element event=line locals={}
2026-08-23 04:33:14.212 /testbed/scrapy/utils/sitemap.py:79 scrapy.utils.sitemap.Sitemap._process_sitemap_element event=line locals={}
2026-08-23 04:33:14.212 /testbed/scrapy/utils/sitemap.py:80 scrapy.utils.sitemap.Sitemap._process_sitemap_element event=line locals={'d': "{'changefreq': 'value-97', 'loc': 'https://example.invalid/155/3', 'lastmod': 'value-58', 'priority': 'value-22'}"}
2026-08-23 04:33:14.212 /testbed/scrapy/utils/sitemap.py:83 scrapy.utils.sitemap.Sitemap._process_sitemap_element event=line locals={}
2026-08-23 04:33:14.212 /testbed/scrapy/utils/sitemap.py:69 scrapy.utils.sitemap.Sitemap._process_sitemap_element event=line locals={}
2026-08-23 04:33:14.212 /testbed/scrapy/utils/sitemap.py:70 scrapy.utils.sitemap.Sitemap._process_sitemap_element event=line locals={'el': '<Element lastmod at 0x7ac8b2f46f80>'}
2026-08-23 04:33:14.212 /testbed/scrapy/utils/sitemap.py:71 scrapy.utils.sitemap.Sitemap._process_sitemap_element event=line locals={}
2026-08-23 04:33:14.212 /testbed/scrapy/utils/sitemap.py:72 scrapy.utils.sitemap.Sitemap._process_sitemap_element event=line locals={'tag_name': "'lastmod'"}
2026-08-23 04:33:14.212 /testbed/scrapy/utils/sitemap.py:75 scrapy.utils.sitemap.Sitemap._process_sitemap_element event=line locals={}
2026-08-23 04:33:14.212 /testbed/scrapy/utils/sitemap.py:79 scrapy.utils.sitemap.Sitemap._process_sitemap_element event=line locals={}
2026-08-23 04:33:14.212 /testbed/scrapy/utils/sitemap.py:80 scrapy.utils.sitemap.Sitemap._process_sitemap_element event=line locals={'d': "{'changefreq': 'value-97', 'loc': 'https://example.invalid/155/3', 'lastmod': 'value-35', 'priority': 'value-22'}"}
2026-08-23 04:33:14.212 /testbed/scrapy/utils/sitemap.py:83 scrapy.utils.sitemap.Sitemap._process_sitemap_element event=line locals={}
2026-08-23 04:33:14.212 /testbed/scrapy/utils/sitemap.py:69 scrapy.utils.sitemap.Sitemap._process_sitemap_element event=line locals={}
2026-08-23 04:33:14.212 /testbed/scrapy/utils/sitemap.py:70 scrapy.utils.sitemap.Sitemap._process_sitemap_element event=line locals={'el': '<Element changefreq at 0x7ac8b2f470c0>'}
2026-08-23 04:33:14.212 /testbed/scrapy/utils/sitemap.py:71 scrapy.utils.sitemap.Sitemap._process_sitemap_element event=line locals={}
2026-08-23 04:33:14.212 /testbed/scrapy/utils/sitemap.py:72 scrapy.utils.sitemap.Sitemap._process_sitemap_element event=line locals={'tag_name': "'changefreq'"}
2026-08-23 04:33:14.212 /testbed/scrapy/utils/sitemap.py:75 scrapy.utils.sitemap.Sitemap._process_sitemap_element event=line locals={}
2026-08-23 04:33:14.212 /testbed/scrapy/utils/sitemap.py:79 scrapy.utils.sitemap.Sitemap._process_sitemap_element event=line locals={}
2026-08-23 04:33:14.212 /testbed/scrapy/utils/sitemap.py:80 scrapy.utils.sitemap.Sitemap._process_sitemap_element event=line locals={'d': "{'changefreq': 'value-48', 'loc': 'https://example.invalid/155/3', 'lastmod': 'value-35', 'priority': 'value-22'}"}
2026-08-23 04:33:14.212 /testbed/scrapy/utils/sitemap.py:83 scrapy.utils.sitemap.Sitemap._process_sitemap_element event=line locals={}
2026-08-23 04:33:14.212 /testbed/scrapy/utils/sitemap.py:69 scrapy.utils.sitemap.Sitemap._process_sitemap_element event=line locals={}
2026-08-23 04:33:14.212 /testbed/scrapy/utils/sitemap.py:70 scrapy.utils.sitemap.Sitemap._process_sitemap_element event=line locals={'el': '<Element changefreq at 0x7ac8b2f46e80>'}
2026-08-23 04:33:14.212 /testbed/scrapy/utils/sitemap.py:71 scrapy.utils.sitemap.Sitemap._process_sitemap_element event=line locals={}
2026-08-23 04:33:14.212 /testbed/scrapy/utils/sitemap.py:72 scrapy.utils.sitemap.Sitemap._process_sitemap_element event=line locals={}
2026-08-23 04:33:14.212 /testbed/scrapy/utils/sitemap.py:75 scrapy.utils.sitemap.Sitemap._process_sitemap_element event=line locals={}
2026-08-23 04:33:14.212 /testbed/scrapy/utils/sitemap.py:79 scrapy.utils.sitemap.Sitemap._process_sitemap_element event=line locals={}
2026-08-23 04:33:14.212 /testbed/scrapy/utils/sitemap.py:80 scrapy.utils.sitemap.Sitemap._process_sitemap_element event=line locals={'d': "{'changefreq': 'value-61', 'loc': 'https://example.invalid/155/3', 'lastmod': 'value-35', 'priority': 'value-22'}"}
2026-08-23 04:33:14.212 /testbed/scrapy/utils/sitemap.py:83 scrapy.utils.sitemap.Sitemap._process_sitemap_element event=line locals={}
2026-08-23 04:33:14.212 /testbed/scrapy/utils/sitemap.py:69 scrapy.utils.sitemap.Sitemap._process_sitemap_element event=line locals={}
2026-08-23 04:33:14.212 /testbed/scrapy/utils/sitemap.py:70 scrapy.utils.sitemap.Sitemap._process_sitemap_element event=line locals={'el': '<Element lastmod at 0x7ac8b2f46f80>'}
2026-08-23 04:33:14.212 /testbed/scrapy/utils/sitemap.py:71 scrapy.utils.sitemap.Sitemap._process_sitemap_element event=line locals={}
2026-08-23 04:33:14.212 /testbed/scrapy/utils/sitemap.py:72 scrapy.utils.sitemap.Sitemap._process_sitemap_element event=line locals={'tag_name': "'lastmod'"}
2026-08-23 04:33:14.212 /testbed/scrapy/utils/sitemap.py:75 scrapy.utils.sitemap.Sitemap._process_sitemap_element event=line locals={}
2026-08-23 04:33:14.212 /testbed/scrapy/utils/sitemap.py:79 scrapy.utils.sitemap.Sitemap._process_sitemap_element event=line locals={}
2026-08-23 04:33:14.212 /testbed/scrapy/utils/sitemap.py:80 scrapy.utils.sitemap.Sitemap._process_sitemap_element event=line locals={'d': "{'changefreq': 'value-61', 'loc': 'https://example.invalid/155/3', 'lastmod': 'value-74', 'priority': 'value-22'}"}
2026-08-23 04:33:14.212 /testbed/scrapy/utils/sitemap.py:83 scrapy.utils.sitemap.Sitemap._process_sitemap_element event=line locals={}
2026-08-23 04:33:14.212 /testbed/scrapy/utils/sitemap.py:69 scrapy.utils.sitemap.Sitemap._process_sitemap_element event=line locals={}
2026-08-23 04:33:14.212 /testbed/scrapy/utils/sitemap.py:70 scrapy.utils.sitemap.Sitemap._process_sitemap_element event=line locals={'el': '<Element changefreq at 0x7ac8b2f470c0>'}
2026-08-23 04:33:14.213 /testbed/scrapy/utils/sitemap.py:71 scrapy.utils.sitemap.Sitemap._process_sitemap_element event=line locals={}
2026-08-23 04:33:14.213 /testbed/scrapy/utils/sitemap.py:72 scrapy.utils.sitemap.Sitemap._process_sitemap_element event=line locals={'tag_name': "'changefreq'"}
2026-08-23 04:33:14.213 /testbed/scrapy/utils/sitemap.py:75 scrapy.utils.sitemap.Sitemap._process_sitemap_element event=line locals={}
2026-08-23 04:33:14.213 /testbed/scrapy/utils/sitemap.py:79 scrapy.utils.sitemap.Sitemap._process_sitemap_element event=line locals={}
2026-08-23 04:33:14.213 /testbed/scrapy/utils/sitemap.py:80 scrapy.utils.sitemap.Sitemap._process_sitemap_element event=line locals={'d': "{'changefreq': 'value-87', 'loc': 'https://example.invalid/155/3', 'lastmod': 'value-74', 'priority': 'value-22'}"}
2026-08-23 04:33:14.213 /testbed/scrapy/utils/sitemap.py:83 scrapy.utils.sitemap.Sitemap._process_sitemap_element event=line locals={}
2026-08-23 04:33:14.213 /testbed/scrapy/utils/sitemap.py:69 scrapy.utils.sitemap.Sitemap._process_sitemap_element event=line locals={}
2026-08-23 04:33:14.213 /testbed/scrapy/utils/sitemap.py:70 scrapy.utils.sitemap.Sitemap._process_sitemap_element event=line locals={'el': '<Element changefreq at 0x7ac8b2f46e80>'}
2026-08-23 04:33:14.213 /testbed/scrapy/utils/sitemap.py:71 scrapy.utils.sitemap.Sitemap._process_sitemap_element event=line locals={}
2026-08-23 04:33:14.213 /testbed/scrapy/utils/sitemap.py:72 scrapy.utils.sitemap.Sitemap._process_sitemap_element event=line locals={}
2026-08-23 04:33:14.213 /testbed/scrapy/utils/sitemap.py:75 scrapy.utils.sitemap.Sitemap._process_sitemap_element event=line locals={}
2026-08-23 04:33:14.213 /testbed/scrapy/utils/sitemap.py:79 scrapy.utils.sitemap.Sitemap._process_sitemap_element event=line locals={}
2026-08-23 04:33:14.213 /testbed/scrapy/utils/sitemap.py:80 scrapy.utils.sitemap.Sitemap._process_sitemap_element event=line locals={'d': "{'changefreq': 'value-100', 'loc': 'https://example.invalid/155/3', 'lastmod': 'value-74', 'priority': 'value-22'}"}
2026-08-23 04:33:14.213 /testbed/scrapy/utils/sitemap.py:83 scrapy.utils.sitemap.Sitemap._process_sitemap_element event=line locals={}
2026-08-23 04:33:14.213 /testbed/scrapy/utils/sitemap.py:69 scrapy.utils.sitemap.Sitemap._process_sitemap_element event=line locals={}
2026-08-23 04:33:14.213 /testbed/scrapy/utils/sitemap.py:70 scrapy.utils.sitemap.Sitemap._process_sitemap_element event=line locals={'el': '<Element priority at 0x7ac8b2f46f80>'}
2026-08-23 04:33:14.213 /testbed/scrapy/utils/sitemap.py:71 scrapy.utils.sitemap.Sitemap._process_sitemap_element event=line locals={}
2026-08-23 04:33:14.213 /testbed/scrapy/utils/sitemap.py:72 scrapy.utils.sitemap.Sitemap._process_sitemap_element event=line locals={'tag_name': "'priority'"}
2026-08-23 04:33:14.213 /testbed/scrapy/utils/sitemap.py:75 scrapy.utils.sitemap.Sitemap._process_sitemap_element event=line locals={}
2026-08-23 04:33:14.213 /testbed/scrapy/utils/sitemap.py:79 scrapy.utils.sitemap.Sitemap._process_sitemap_element event=line locals={}
2026-08-23 04:33:14.213 /testbed/scrapy/utils/sitemap.py:80 scrapy.utils.sitemap.Sitemap._process_sitemap_element event=line locals={'d': "{'changefreq': 'value-100', 'loc': 'https://example.invalid/155/3', 'lastmod': 'value-74', 'priority': 'value-12'}"}
2026-08-23 04:33:14.213 /testbed/scrapy/utils/sitemap.py:83 scrapy.utils.sitemap.Sitemap._process_sitemap_element event=line locals={}
2026-08-23 04:33:14.213 /testbed/scrapy/utils/sitemap.py:69 scrapy.utils.sitemap.Sitemap._process_sitemap_element event=line locals={}
2026-08-23 04:33:14.213 /testbed/scrapy/utils/sitemap.py:70 scrapy.utils.sitemap.Sitemap._process_sitemap_element event=line locals={'el': '<Element priority at 0x7ac8b2f470c0>'}
2026-08-23 04:33:14.213 /testbed/scrapy/utils/sitemap.py:71 scrapy.utils.sitemap.Sitemap._process_sitemap_element event=line locals={}
2026-08-23 04:33:14.213 /testbed/scrapy/utils/sitemap.py:72 scrapy.utils.sitemap.Sitemap._process_sitemap_element event=line locals={}
2026-08-23 04:33:14.213 /testbed/scrapy/utils/sitemap.py:75 scrapy.utils.sitemap.Sitemap._process_sitemap_element event=line locals={}
2026-08-23 04:33:14.213 /testbed/scrapy/utils/sitemap.py:79 scrapy.utils.sitemap.Sitemap._process_sitemap_element event=line locals={}
2026-08-23 04:33:14.213 /testbed/scrapy/utils/sitemap.py:80 scrapy.utils.sitemap.Sitemap._process_sitemap_element event=line locals={'d': "{'changefreq': 'value-100', 'loc': 'https://example.invalid/155/3', 'lastmod': 'value-74', 'priority': 'value-25'}"}
2026-08-23 04:33:14.213 /testbed/scrapy/utils/sitemap.py:83 scrapy.utils.sitemap.Sitemap._process_sitemap_element event=line locals={}
2026-08-23 04:33:14.213 /testbed/scrapy/utils/sitemap.py:69 scrapy.utils.sitemap.Sitemap._process_sitemap_element event=line locals={}
2026-08-23 04:33:14.213 /testbed/scrapy/utils/sitemap.py:70 scrapy.utils.sitemap.Sitemap._process_sitemap_element event=line locals={'el': '<Element changefreq at 0x7ac8b2f46e80>'}
2026-08-23 04:33:14.213 /testbed/scrapy/utils/sitemap.py:71 scrapy.utils.sitemap.Sitemap._process_sitemap_element event=line locals={}
2026-08-23 04:33:14.213 /testbed/scrapy/utils/sitemap.py:72 scrapy.utils.sitemap.Sitemap._process_sitemap_element event=line locals={'tag_name': "'changefreq'"}
2026-08-23 04:33:14.213 /testbed/scrapy/utils/sitemap.py:75 scrapy.utils.sitemap.Sitemap._process_sitemap_element event=line locals={}
2026-08-23 04:33:14.213 /testbed/scrapy/utils/sitemap.py:79 scrapy.utils.sitemap.Sitemap._process_sitemap_element event=line locals={}
2026-08-23 04:33:14.213 /testbed/scrapy/utils/sitemap.py:80 scrapy.utils.sitemap.Sitemap._process_sitemap_element event=line locals={'d': "{'changefreq': 'value-38', 'loc': 'https://example.invalid/155/3', 'lastmod': 'value-74', 'priority': 'value-25'}"}
2026-08-23 04:33:14.213 /testbed/scrapy/utils/sitemap.py:83 scrapy.utils.sitemap.Sitemap._process_sitemap_element event=line locals={}
2026-08-23 04:33:14.213 /testbed/scrapy/utils/sitemap.py:69 scrapy.utils.sitemap.Sitemap._process_sitemap_element event=line locals={}
2026-08-23 04:33:14.213 /testbed/scrapy/utils/sitemap.py:70 scrapy.utils.sitemap.Sitemap._process_sitemap_element event=line locals={'el': '<Element lastmod at 0x7ac8b2f46f80>'}
2026-08-23 04:33:14.213 /testbed/scrapy/utils/sitemap.py:71 scrapy.utils.sitemap.Sitemap._process_sitemap_element event=line locals={}
2026-08-23 04:33:14.213 /testbed/scrapy/utils/sitemap.py:72 scrapy.utils.sitemap.Sitemap._process_sitemap_element event=line locals={'tag_name': "'lastmod'"}
2026-08-23 04:33:14.213 /testbed/scrapy/utils/sitemap.py:75 scrapy.utils.sitemap.Sitemap._process_sitemap_element event=line locals={}
2026-08-23 04:33:14.213 /testbed/scrapy/utils/sitemap.py:79 scrapy.utils.sitemap.Sitemap._process_sitemap_element event=line locals={}
2026-08-23 04:33:14.213 /testbed/scrapy/utils/sitemap.py:80 scrapy.utils.sitemap.Sitemap._process_sitemap_element event=line locals={'d': "{'changefreq': 'value-38', 'loc': 'https://example.invalid/155/3', 'lastmod': 'value-51', 'priority': 'value-25'}"}
2026-08-23 04:33:14.213 /testbed/scrapy/utils/sitemap.py:83 scrapy.utils.sitemap.Sitemap._process_sitemap_element event=line locals={}
2026-08-23 04:33:14.213 /testbed/scrapy/utils/sitemap.py:69 scrapy.utils.sitemap.Sitemap._process_sitemap_element event=line locals={}
2026-08-23 04:33:14.213 /testbed/scrapy/utils/sitemap.py:70 scrapy.utils.sitemap.Sitemap._process_sitemap_element event=line locals={'el': '<Element lastmod at 0x7ac8b2f470c0>'}
2026-08-23 04:33:14.213 /testbed/scrapy/utils/sitemap.py:71 scrapy.utils.sitemap.Sitemap._process_sitemap_element event=line locals={}
2026-08-23 04:33:14.213 /testbed/scrapy/utils/sitemap.py:72 scrapy.utils.sitemap.Sitemap._process_sitemap_element event=line locals={}
2026-08-23 04:33:14.213 /testbed/scrapy/utils/sitemap.py:75 scrapy.utils.sitemap.Sitemap._process_sitemap_element event=line locals={}
2026-08-23 04:33:14.214 /testbed/scrapy/utils/sitemap.py:79 scrapy.utils.sitemap.Sitemap._process_sitemap_element event=line locals={}
2026-08-23 04:33:14.214 /testbed/scrapy/utils/sitemap.py:80 scrapy.utils.sitemap.Sitemap._process_sitemap_element event=line locals={'d': "{'changefreq': 'value-38', 'loc': 'https://example.invalid/155/3', 'lastmod': 'value-64', 'priority': 'value-25'}"}
2026-08-23 04:33:14.214 /testbed/scrapy/utils/sitemap.py:83 scrapy.utils.sitemap.Sitemap._process_sitemap_element event=line locals={}
2026-08-23 04:33:14.214 /testbed/scrapy/utils/sitemap.py:69 scrapy.utils.sitemap.Sitemap._process_sitemap_element event=line locals={}
2026-08-23 04:33:14.214 /testbed/scrapy/utils/sitemap.py:70 scrapy.utils.sitemap.Sitemap._process_sitemap_element event=line locals={'el': '<Element changefreq at 0x7ac8b2f46e80>'}
2026-08-23 04:33:14.214 /testbed/scrapy/utils/sitemap.py:71 scrapy.utils.sitemap.Sitemap._process_sitemap_element event=line locals={}
2026-08-23 04:33:14.214 /testbed/scrapy/utils/sitemap.py:72 scrapy.utils.sitemap.Sitemap._process_sitemap_element event=line locals={'tag_name': "'changefreq'"}
2026-08-23 04:33:14.214 /testbed/scrapy/utils/sitemap.py:75 scrapy.utils.sitemap.Sitemap._process_sitemap_element event=line locals={}
2026-08-23 04:33:14.214 /testbed/scrapy/utils/sitemap.py:79 scrapy.utils.sitemap.Sitemap._process_sitemap_element event=line locals={}
2026-08-23 04:33:14.214 /testbed/scrapy/utils/sitemap.py:80 scrapy.utils.sitemap.Sitemap._process_sitemap_element event=line locals={'d': "{'changefreq': 'value-77', 'loc': 'https://example.invalid/155/3', 'lastmod': 'value-64', 'priority': 'value-25'}"}
2026-08-23 04:33:14.214 /testbed/scrapy/utils/sitemap.py:83 scrapy.utils.sitemap.Sitemap._process_sitemap_element event=line locals={}
2026-08-23 04:33:14.214 /testbed/scrapy/utils/sitemap.py:69 scrapy.utils.sitemap.Sitemap._process_sitemap_element event=line locals={}
2026-08-23 04:33:14.214 /testbed/scrapy/utils/sitemap.py:70 scrapy.utils.sitemap.Sitemap._process_sitemap_element event=line locals={'el': '<Element changefreq at 0x7ac8b2f46f80>'}
2026-08-23 04:33:14.214 /testbed/scrapy/utils/sitemap.py:71 scrapy.utils.sitemap.Sitemap._process_sitemap_element event=line locals={}
2026-08-23 04:33:14.214 /testbed/scrapy/utils/sitemap.py:72 scrapy.utils.sitemap.Sitemap._process_sitemap_element event=line locals={}
2026-08-23 04:33:14.214 /testbed/scrapy/utils/sitemap.py:75 scrapy.utils.sitemap.Sitemap._process_sitemap_element event=line locals={}
2026-08-23 04:33:14.214 /testbed/scrapy/utils/sitemap.py:79 scrapy.utils.sitemap.Sitemap._process_sitemap_element event=line locals={}
2026-08-23 04:33:14.214 /testbed/scrapy/utils/sitemap.py:80 scrapy.utils.sitemap.Sitemap._process_sitemap_element event=line locals={'d': "{'changefreq': 'value-90', 'loc': 'https://example.invalid/155/3', 'lastmod': 'value-64', 'priority': 'value-25'}"}
2026-08-23 04:33:14.214 /testbed/scrapy/utils/sitemap.py:83 scrapy.utils.sitemap.Sitemap._process_sitemap_element event=line locals={}
2026-08-23 04:33:14.214 /testbed/scrapy/utils/sitemap.py:69 scrapy.utils.sitemap.Sitemap._process_sitemap_element event=line locals={}
2026-08-23 04:33:14.214 /testbed/scrapy/utils/sitemap.py:70 scrapy.utils.sitemap.Sitemap._process_sitemap_element event=line locals={'el': '<Element {http://www.w3.org/1999/xhtml}link at 0x7ac8b2f470c0>'}
2026-08-23 04:33:14.214 /testbed/scrapy/utils/sitemap.py:71 scrapy.utils.sitemap.Sitemap._process_sitemap_element event=line locals={}
2026-08-23 04:33:14.214 /testbed/scrapy/utils/sitemap.py:72 scrapy.utils.sitemap.Sitemap._process_sitemap_element event=line locals={'tag_name': "'link'"}
2026-08-23 04:33:14.214 /testbed/scrapy/utils/sitemap.py:75 scrapy.utils.sitemap.Sitemap._process_sitemap_element event=line locals={}
2026-08-23 04:33:14.214 /testbed/scrapy/utils/sitemap.py:76 scrapy.utils.sitemap.Sitemap._process_sitemap_element event=line locals={}
2026-08-23 04:33:14.214 /testbed/scrapy/utils/sitemap.py:77 scrapy.utils.sitemap.Sitemap._process_sitemap_element event=line locals={'href': "'https://mirror.invalid/cf/1'"}
2026-08-23 04:33:14.214 /testbed/scrapy/utils/sitemap.py:83 scrapy.utils.sitemap.Sitemap._process_sitemap_element event=line locals={}
2026-08-23 04:33:14.214 /testbed/scrapy/utils/sitemap.py:69 scrapy.utils.sitemap.Sitemap._process_sitemap_element event=line locals={}
2026-08-23 04:33:14.214 /testbed/scrapy/utils/sitemap.py:70 scrapy.utils.sitemap.Sitemap._process_sitemap_element event=line locals={'el': '<Element changefreq at 0x7ac8b2f46e80>'}
2026-08-23 04:33:14.214 /testbed/scrapy/utils/sitemap.py:71 scrapy.utils.sitemap.Sitemap._process_sitemap_element event=line locals={}
2026-08-23 04:33:14.214 /testbed/scrapy/utils/sitemap.py:72 scrapy.utils.sitemap.Sitemap._process_sitemap_element event=line locals={'tag_name': "'changefreq'"}
2026-08-23 04:33:14.214 /testbed/scrapy/utils/sitemap.py:75 scrapy.utils.sitemap.Sitemap._process_sitemap_element event=line locals={}
2026-08-23 04:33:14.214 /testbed/scrapy/utils/sitemap.py:79 scrapy.utils.sitemap.Sitemap._process_sitemap_element event=line locals={}
2026-08-23 04:33:14.214 /testbed/scrapy/utils/sitemap.py:80 scrapy.utils.sitemap.Sitemap._process_sitemap_element event=line locals={'d': "{'changefreq': 'value-15', 'loc': 'https://example.invalid/155/3', 'lastmod': 'value-64', 'priority': 'value-25'}"}
2026-08-23 04:33:14.214 /testbed/scrapy/utils/sitemap.py:83 scrapy.utils.sitemap.Sitemap._process_sitemap_element event=line locals={}
2026-08-23 04:33:14.214 /testbed/scrapy/utils/sitemap.py:69 scrapy.utils.sitemap.Sitemap._process_sitemap_element event=line locals={}
2026-08-23 04:33:14.214 /testbed/scrapy/utils/sitemap.py:70 scrapy.utils.sitemap.Sitemap._process_sitemap_element event=line locals={'el': '<Element lastmod at 0x7ac8b2f46dc0>'}
2026-08-23 04:33:14.214 /testbed/scrapy/utils/sitemap.py:71 scrapy.utils.sitemap.Sitemap._process_sitemap_element event=line locals={}
2026-08-23 04:33:14.214 /testbed/scrapy/utils/sitemap.py:72 scrapy.utils.sitemap.Sitemap._process_sitemap_element event=line locals={'tag_name': "'lastmod'"}
2026-08-23 04:33:14.214 /testbed/scrapy/utils/sitemap.py:75 scrapy.utils.sitemap.Sitemap._process_sitemap_element event=line locals={}
2026-08-23 04:33:14.214 /testbed/scrapy/utils/sitemap.py:79 scrapy.utils.sitemap.Sitemap._process_sitemap_element event=line locals={}
2026-08-23 04:33:14.214 /testbed/scrapy/utils/sitemap.py:80 scrapy.utils.sitemap.Sitemap._process_sitemap_element event=line locals={'d': "{'changefreq': 'value-15', 'loc': 'https://example.invalid/155/3', 'lastmod': 'value-28', 'priority': 'value-25'}"}
2026-08-23 04:33:14.214 /testbed/scrapy/utils/sitemap.py:83 scrapy.utils.sitemap.Sitemap._process_sitemap_element event=line locals={}
2026-08-23 04:33:14.214 /testbed/scrapy/utils/sitemap.py:69 scrapy.utils.sitemap.Sitemap._process_sitemap_element event=line locals={}
2026-08-23 04:33:14.214 /testbed/scrapy/utils/sitemap.py:70 scrapy.utils.sitemap.Sitemap._process_sitemap_element event=line locals={'el': '<Element changefreq at 0x7ac8b2f470c0>'}
2026-08-23 04:33:14.214 /testbed/scrapy/utils/sitemap.py:71 scrapy.utils.sitemap.Sitemap._process_sitemap_element event=line locals={}
2026-08-23 04:33:14.214 /testbed/scrapy/utils/sitemap.py:72 scrapy.utils.sitemap.Sitemap._process_sitemap_element event=line locals={'tag_name': "'changefreq'"}
2026-08-23 04:33:14.214 /testbed/scrapy/utils/sitemap.py:75 scrapy.utils.sitemap.Sitemap._process_sitemap_element event=line locals={}
2026-08-23 04:33:14.214 /testbed/scrapy/utils/sitemap.py:79 scrapy.utils.sitemap.Sitemap._process_sitemap_element event=line locals={}
2026-08-23 04:33:14.214 /testbed/scrapy/utils/sitemap.py:80 scrapy.utils.sitemap.Sitemap._process_sitemap_element event=line locals={'d': "{'changefreq': 'value-41', 'loc': 'https://example.invalid/155/3', 'lastmod': 'value-28', 'priority': 'value-25'}"}
2026-08-23 04:33:14.215 /testbed/scrapy/utils/sitemap.py:83 scrapy.utils.sitemap.Sitemap._process_sitemap_element event=line locals={}
2026-08-23 04:33:14.215 /testbed/scrapy/utils/sitemap.py:69 scrapy.utils.sitemap.Sitemap._process_sitemap_element event=line locals={}
2026-08-23 04:33:14.215 /testbed/scrapy/utils/sitemap.py:70 scrapy.utils.sitemap.Sitemap._process_sitemap_element event=line locals={'el': '<Element lastmod at 0x7ac8b2f46e80>'}
2026-08-23 04:33:14.215 /testbed/scrapy/utils/sitemap.py:71 scrapy.utils.sitemap.Sitemap._process_sitemap_element event=line locals={}
2026-08-23 04:33:14.215 /testbed/scrapy/utils/sitemap.py:72 scrapy.utils.sitemap.Sitemap._process_sitemap_element event=line locals={'tag_name': "'lastmod'"}
2026-08-23 04:33:14.215 /testbed/scrapy/utils/sitemap.py:75 scrapy.utils.sitemap.Sitemap._process_sitemap_element event=line locals={}
2026-08-23 04:33:14.215 /testbed/scrapy/utils/sitemap.py:79 scrapy.utils.sitemap.Sitemap._process_sitemap_element event=line locals={}
2026-08-23 04:33:14.215 /testbed/scrapy/utils/sitemap.py:80 scrapy.utils.sitemap.Sitemap._process_sitemap_element event=line locals={'d': "{'changefreq': 'value-41', 'loc': 'https://example.invalid/155/3', 'lastmod': 'value-54', 'priority': 'value-25'}"}
2026-08-23 04:33:14.215 /testbed/scrapy/utils/sitemap.py:83 scrapy.utils.sitemap.Sitemap._process_sitemap_element event=line locals={}
2026-08-23 04:33:14.215 /testbed/scrapy/utils/sitemap.py:69 scrapy.utils.sitemap.Sitemap._process_sitemap_element event=line locals={}
2026-08-23 04:33:14.215 /testbed/scrapy/utils/sitemap.py:70 scrapy.utils.sitemap.Sitemap._process_sitemap_element event=line locals={'el': '<Element {http://www.w3.org/1999/xhtml}link at 0x7ac8b2f46dc0>'}
2026-08-23 04:33:14.215 /testbed/scrapy/utils/sitemap.py:71 scrapy.utils.sitemap.Sitemap._process_sitemap_element event=line locals={}
2026-08-23 04:33:14.215 /testbed/scrapy/utils/sitemap.py:72 scrapy.utils.sitemap.Sitemap._process_sitemap_element event=line locals={'tag_name': "'link'"}
2026-08-23 04:33:14.215 /testbed/scrapy/utils/sitemap.py:75 scrapy.utils.sitemap.Sitemap._process_sitemap_element event=line locals={}
2026-08-23 04:33:14.215 /testbed/scrapy/utils/sitemap.py:76 scrapy.utils.sitemap.Sitemap._process_sitemap_element event=line locals={}
2026-08-23 04:33:14.215 /testbed/scrapy/utils/sitemap.py:83 scrapy.utils.sitemap.Sitemap._process_sitemap_element event=line locals={'href': 'None'}
2026-08-23 04:33:14.215 /testbed/scrapy/utils/sitemap.py:69 scrapy.utils.sitemap.Sitemap._process_sitemap_element event=line locals={}
2026-08-23 04:33:14.215 /testbed/scrapy/utils/sitemap.py:70 scrapy.utils.sitemap.Sitemap._process_sitemap_element event=line locals={'el': '<!--generated-213-->'}
2026-08-23 04:33:14.215 /testbed/scrapy/utils/sitemap.py:71 scrapy.utils.sitemap.Sitemap._process_sitemap_element event=line locals={}
2026-08-23 04:33:14.215 /testbed/scrapy/utils/sitemap.py:72 scrapy.utils.sitemap.Sitemap._process_sitemap_element event=line locals={'tag_name': "''"}
2026-08-23 04:33:14.215 /testbed/scrapy/utils/sitemap.py:73 scrapy.utils.sitemap.Sitemap._process_sitemap_element event=line locals={}
2026-08-23 04:33:14.215 /testbed/scrapy/utils/sitemap.py:83 scrapy.utils.sitemap.Sitemap._process_sitemap_element event=line locals={}
2026-08-23 04:33:14.215 /testbed/scrapy/utils/sitemap.py:69 scrapy.utils.sitemap.Sitemap._process_sitemap_element event=line locals={}
2026-08-23 04:33:14.215 /testbed/scrapy/utils/sitemap.py:70 scrapy.utils.sitemap.Sitemap._process_sitemap_element event=line locals={'el': '<Element lastmod at 0x7ac8b2f46ec0>'}
2026-08-23 04:33:14.216 /testbed/scrapy/utils/sitemap.py:71 scrapy.utils.sitemap.Sitemap._process_sitemap_element event=line locals={}
2026-08-23 04:33:14.216 /testbed/scrapy/utils/sitemap.py:72 scrapy.utils.sitemap.Sitemap._process_sitemap_element event=line locals={'tag_name': "'lastmod'"}
2026-08-23 04:33:14.216 /testbed/scrapy/utils/sitemap.py:75 scrapy.utils.sitemap.Sitemap._process_sitemap_element event=line locals={}
2026-08-23 04:33:14.216 /testbed/scrapy/utils/sitemap.py:79 scrapy.utils.sitemap.Sitemap._process_sitemap_element event=line locals={}
2026-08-23 04:33:14.216 /testbed/scrapy/utils/sitemap.py:80 scrapy.utils.sitemap.Sitemap._process_sitemap_element event=line locals={'d': "{'changefreq': 'value-41', 'loc': 'https://example.invalid/155/3', 'lastmod': 'value-93', 'priority': 'value-25'}"}
2026-08-23 04:33:14.216 /testbed/scrapy/utils/sitemap.py:83 scrapy.utils.sitemap.Sitemap._process_sitemap_element event=line locals={}
2026-08-23 04:33:14.216 /testbed/scrapy/utils/sitemap.py:69 scrapy.utils.sitemap.Sitemap._process_sitemap_element event=line locals={}
2026-08-23 04:33:14.216 /testbed/scrapy/utils/sitemap.py:70 scrapy.utils.sitemap.Sitemap._process_sitemap_element event=line locals={'el': '<Element lastmod at 0x7ac8b2f46f00>'}
2026-08-23 04:33:14.216 /testbed/scrapy/utils/sitemap.py:71 scrapy.utils.sitemap.Sitemap._process_sitemap_element event=line locals={}
2026-08-23 04:33:14.216 /testbed/scrapy/utils/sitemap.py:72 scrapy.utils.sitemap.Sitemap._process_sitemap_element event=line locals={}
2026-08-23 04:33:14.216 /testbed/scrapy/utils/sitemap.py:75 scrapy.utils.sitemap.Sitemap._process_sitemap_element event=line locals={}
2026-08-23 04:33:14.216 /testbed/scrapy/utils/sitemap.py:79 scrapy.utils.sitemap.Sitemap._process_sitemap_element event=line locals={}
2026-08-23 04:33:14.216 /testbed/scrapy/utils/sitemap.py:80 scrapy.utils.sitemap.Sitemap._process_sitemap_element event=line locals={'d': "{'changefreq': 'value-41', 'loc': 'https://example.invalid/155/3', 'lastmod': 'value-5', 'priority': 'value-25'}"}
2026-08-23 04:33:14.216 /testbed/scrapy/utils/sitemap.py:83 scrapy.utils.sitemap.Sitemap._process_sitemap_element event=line locals={}
2026-08-23 04:33:14.216 /testbed/scrapy/utils/sitemap.py:69 scrapy.utils.sitemap.Sitemap._process_sitemap_element event=line locals={}
2026-08-23 04:33:14.216 /testbed/scrapy/utils/sitemap.py:70 scrapy.utils.sitemap.Sitemap._process_sitemap_element event=line locals={'el': '<Element lastmod at 0x7ac8b2f46d80>'}
2026-08-23 04:33:14.216 /testbed/scrapy/utils/sitemap.py:71 scrapy.utils.sitemap.Sitemap._process_sitemap_element event=line locals={}
2026-08-23 04:33:14.216 /testbed/scrapy/utils/sitemap.py:72 scrapy.utils.sitemap.Sitemap._process_sitemap_element event=line locals={}
2026-08-23 04:33:14.216 /testbed/scrapy/utils/sitemap.py:75 scrapy.utils.sitemap.Sitemap._process_sitemap_element event=line locals={}
2026-08-23 04:33:14.216 /testbed/scrapy/utils/sitemap.py:79 scrapy.utils.sitemap.Sitemap._process_sitemap_element event=line locals={}
2026-08-23 04:33:14.216 /testbed/scrapy/utils/sitemap.py:80 scrapy.utils.sitemap.Sitemap._process_sitemap_element event=line locals={'d': "{'changefreq': 'value-41', 'loc': 'https://example.invalid/155/3', 'lastmod': 'value-18', 'priority': 'value-25'}"}
2026-08-23 04:33:14.216 /testbed/scrapy/utils/sitemap.py:83 scrapy.utils.sitemap.Sitemap._process_sitemap_element event=line locals={}
2026-08-23 04:33:14.216 /testbed/scrapy/utils/sitemap.py:69 scrapy.utils.sitemap.Sitemap._process_sitemap_element event=line locals={}
2026-08-23 04:33:14.216 /testbed/scrapy/utils/sitemap.py:70 scrapy.utils.sitemap.Sitemap._process_sitemap_element event=line locals={'el': '<Element priority at 0x7ac8b2f46dc0>'}
2026-08-23 04:33:14.216 /testbed/scrapy/utils/sitemap.py:71 scrapy.utils.sitemap.Sitemap._process_sitemap_element event=line locals={}
2026-08-23 04:33:14.216 /testbed/scrapy/utils/sitemap.py:72 scrapy.utils.sitemap.Sitemap._process_sitemap_element event=line locals={'tag_name': "'priority'"}
2026-08-23 04:33:14.216 /testbed/scrapy/utils/sitemap.py:75 scrapy.utils.sitemap.Sitemap._process_sitemap_element event=line locals={}
2026-08-23 04:33:14.216 /testbed/scrapy/utils/sitemap.py:79 scrapy.utils.sitemap.Sitemap._process_sitemap_element event=line locals={}
2026-08-23 04:33:14.216 /testbed/scrapy/utils/sitemap.py:80 scrapy.utils.sitemap.Sitemap._process_sitemap_element event=line locals={'d': "{'changefreq': 'value-41', 'loc': 'https://example.invalid/155/3', 'lastmod': 'value-18', 'priority': 'value-31'}"}
2026-08-23 04:33:14.216 /testbed/scrapy/utils/sitemap.py:83 scrapy.utils.sitemap.Sitemap._process_sitemap_element event=line locals={}
2026-08-23 04:33:14.216 /testbed/scrapy/utils/sitemap.py:69 scrapy.utils.sitemap.Sitemap._process_sitemap_element event=line locals={}
2026-08-23 04:33:14.216 /testbed/scrapy/utils/sitemap.py:70 scrapy.utils.sitemap.Sitemap._process_sitemap_element event=line locals={'el': '<Element {http://www.w3.org/1999/xhtml}link at 0x7ac8b2f47080>'}
2026-08-23 04:33:14.216 /testbed/scrapy/utils/sitemap.py:71 scrapy.utils.sitemap.Sitemap._process_sitemap_element event=line locals={}
2026-08-23 04:33:14.217 /testbed/scrapy/utils/sitemap.py:72 scrapy.utils.sitemap.Sitemap._process_sitemap_element event=line locals={'tag_name': "'link'"}
2026-08-23 04:33:14.217 /testbed/scrapy/utils/sitemap.py:75 scrapy.utils.sitemap.Sitemap._process_sitemap_element event=line locals={}
2026-08-23 04:33:14.217 /testbed/scrapy/utils/sitemap.py:76 scrapy.utils.sitemap.Sitemap._process_sitemap_element event=line locals={}
2026-08-23 04:33:14.217 /testbed/scrapy/utils/sitemap.py:77 scrapy.utils.sitemap.Sitemap._process_sitemap_element event=line locals={'href': "'https://mirror.invalid/da/1'"}
2026-08-23 04:33:14.217 /testbed/scrapy/utils/sitemap.py:83 scrapy.utils.sitemap.Sitemap._process_sitemap_element event=line locals={}
2026-08-23 04:33:14.217 /testbed/scrapy/utils/sitemap.py:69 scrapy.utils.sitemap.Sitemap._process_sitemap_element event=line locals={}
2026-08-23 04:33:14.217 /testbed/scrapy/utils/sitemap.py:70 scrapy.utils.sitemap.Sitemap._process_sitemap_element event=line locals={'el': '<Element lastmod at 0x7ac8b2f470c0>'}
2026-08-23 04:33:14.217 /testbed/scrapy/utils/sitemap.py:71 scrapy.utils.sitemap.Sitemap._process_sitemap_element event=line locals={}
2026-08-23 04:33:14.217 /testbed/scrapy/utils/sitemap.py:72 scrapy.utils.sitemap.Sitemap._process_sitemap_element event=line locals={'tag_name': "'lastmod'"}
2026-08-23 04:33:14.217 /testbed/scrapy/utils/sitemap.py:75 scrapy.utils.sitemap.Sitemap._process_sitemap_element event=line locals={}
2026-08-23 04:33:14.217 /testbed/scrapy/utils/sitemap.py:79 scrapy.utils.sitemap.Sitemap._process_sitemap_element event=line locals={}
2026-08-23 04:33:14.217 /testbed/scrapy/utils/sitemap.py:80 scrapy.utils.sitemap.Sitemap._process_sitemap_element event=line locals={'d': "{'changefreq': 'value-41', 'loc': 'https://example.invalid/155/3', 'lastmod': 'value-57', 'priority': 'value-31'}"}
2026-08-23 04:33:14.217 /testbed/scrapy/utils/sitemap.py:83 scrapy.utils.sitemap.Sitemap._process_sitemap_element event=line locals={}
2026-08-23 04:33:14.217 /testbed/scrapy/utils/sitemap.py:69 scrapy.utils.sitemap.Sitemap._process_sitemap_element event=line locals={}
2026-08-23 04:33:14.217 /testbed/scrapy/utils/sitemap.py:70 scrapy.utils.sitemap.Sitemap._process_sitemap_element event=line locals={'el': '<Element {http://www.w3.org/1999/xhtml}link at 0x7ac8b2f46d40>'}
2026-08-23 04:33:14.217 /testbed/scrapy/utils/sitemap.py:71 scrapy.utils.sitemap.Sitemap._process_sitemap_element event=line locals={}
2026-08-23 04:33:14.217 /testbed/scrapy/utils/sitemap.py:72 scrapy.utils.sitemap.Sitemap._process_sitemap_element event=line locals={'tag_name': "'link'"}
2026-08-23 04:33:14.217 /testbed/scrapy/utils/sitemap.py:75 scrapy.utils.sitemap.Sitemap._process_sitemap_element event=line locals={}
2026-08-23 04:33:14.217 /testbed/scrapy/utils/sitemap.py:76 scrapy.utils.sitemap.Sitemap._process_sitemap_element event=line locals={}
2026-08-23 04:33:14.217 /testbed/scrapy/utils/sitemap.py:77 scrapy.utils.sitemap.Sitemap._process_sitemap_element event=line locals={'href': "'https://mirror.invalid/dc/1'"}
2026-08-23 04:33:14.217 /testbed/scrapy/utils/sitemap.py:83 scrapy.utils.sitemap.Sitemap._process_sitemap_element event=line locals={}
2026-08-23 04:33:14.217 /testbed/scrapy/utils/sitemap.py:69 scrapy.utils.sitemap.Sitemap._process_sitemap_element event=line locals={}
2026-08-23 04:33:14.217 /testbed/scrapy/utils/sitemap.py:70 scrapy.utils.sitemap.Sitemap._process_sitemap_element event=line locals={'el': '<Element priority at 0x7ac8b2f47080>'}
2026-08-23 04:33:14.217 /testbed/scrapy/utils/sitemap.py:71 scrapy.utils.sitemap.Sitemap._process_sitemap_element event=line locals={}
2026-08-23 04:33:14.217 /testbed/scrapy/utils/sitemap.py:72 scrapy.utils.sitemap.Sitemap._process_sitemap_element event=line locals={'tag_name': "'priority'"}
2026-08-23 04:33:14.217 /testbed/scrapy/utils/sitemap.py:75 scrapy.utils.sitemap.Sitemap._process_sitemap_element event=line locals={}
2026-08-23 04:33:14.217 /testbed/scrapy/utils/sitemap.py:79 scrapy.utils.sitemap.Sitemap._process_sitemap_element event=line locals={}
2026-08-23 04:33:14.217 /testbed/scrapy/utils/sitemap.py:80 scrapy.utils.sitemap.Sitemap._process_sitemap_element event=line locals={'d': "{'changefreq': 'value-41', 'loc': 'https://example.invalid/155/3', 'lastmod': 'value-57', 'priority': 'value-83'}"}
2026-08-23 04:33:14.218 /testbed/scrapy/utils/sitemap.py:83 scrapy.utils.sitemap.Sitemap._process_sitemap_element event=line locals={}
2026-08-23 04:33:14.218 /testbed/scrapy/utils/sitemap.py:69 scrapy.utils.sitemap.Sitemap._process_sitemap_element event=line locals={}
2026-08-23 04:33:14.218 /testbed/scrapy/utils/sitemap.py:70 scrapy.utils.sitemap.Sitemap._process_sitemap_element event=line locals={'el': '<Element {http://www.w3.org/1999/xhtml}link at 0x7ac8b2f46ec0>'}
2026-08-23 04:33:14.218 /testbed/scrapy/utils/sitemap.py:71 scrapy.utils.sitemap.Sitemap._process_sitemap_element event=line locals={}
2026-08-23 04:33:14.218 /testbed/scrapy/utils/sitemap.py:72 scrapy.utils.sitemap.Sitemap._process_sitemap_element event=line locals={'tag_name': "'link'"}
2026-08-23 04:33:14.218 /testbed/scrapy/utils/sitemap.py:75 scrapy.utils.sitemap.Sitemap._process_sitemap_element event=line locals={}
2026-08-23 04:33:14.218 /testbed/scrapy/utils/sitemap.py:76 scrapy.utils.sitemap.Sitemap._process_sitemap_element event=line locals={}
2026-08-23 04:33:14.218 /testbed/scrapy/utils/sitemap.py:77 scrapy.utils.sitemap.Sitemap._process_sitemap_element event=line locals={'href': "'https://mirror.invalid/de/1'"}
2026-08-23 04:33:14.218 /testbed/scrapy/utils/sitemap.py:83 scrapy.utils.sitemap.Sitemap._process_sitemap_element event=line locals={}
2026-08-23 04:33:14.218 /testbed/scrapy/utils/sitemap.py:69 scrapy.utils.sitemap.Sitemap._process_sitemap_element event=line locals={}
2026-08-23 04:33:14.218 /testbed/scrapy/utils/sitemap.py:70 scrapy.utils.sitemap.Sitemap._process_sitemap_element event=line locals={'el': '<Element changefreq at 0x7ac8b2f46d40>'}
2026-08-23 04:33:14.218 /testbed/scrapy/utils/sitemap.py:71 scrapy.utils.sitemap.Sitemap._process_sitemap_element event=line locals={}
2026-08-23 04:33:14.218 /testbed/scrapy/utils/sitemap.py:72 scrapy.utils.sitemap.Sitemap._process_sitemap_element event=line locals={'tag_name': "'changefreq'"}
2026-08-23 04:33:14.218 /testbed/scrapy/utils/sitemap.py:75 scrapy.utils.sitemap.Sitemap._process_sitemap_element event=line locals={}
2026-08-23 04:33:14.218 /testbed/scrapy/utils/sitemap.py:79 scrapy.utils.sitemap.Sitemap._process_sitemap_element event=line locals={}
2026-08-23 04:33:14.218 /testbed/scrapy/utils/sitemap.py:80 scrapy.utils.sitemap.Sitemap._process_sitemap_element event=line locals={'d': "{'changefreq': 'value-8', 'loc': 'https://example.invalid/155/3', 'lastmod': 'value-57', 'priority': 'value-83'}"}
2026-08-23 04:33:14.218 /testbed/scrapy/utils/sitemap.py:83 scrapy.utils.sitemap.Sitemap._process_sitemap_element event=line locals={}
2026-08-23 04:33:14.218 /testbed/scrapy/utils/sitemap.py:69 scrapy.utils.sitemap.Sitemap._process_sitemap_element event=line locals={}
2026-08-23 04:33:14.218 /testbed/scrapy/utils/sitemap.py:70 scrapy.utils.sitemap.Sitemap._process_sitemap_element event=line locals={'el': '<Element changefreq at 0x7ac8b2f46f00>'}
2026-08-23 04:33:14.218 /testbed/scrapy/utils/sitemap.py:71 scrapy.utils.sitemap.Sitemap._process_sitemap_element event=line locals={}
2026-08-23 04:33:14.218 /testbed/scrapy/utils/sitemap.py:72 scrapy.utils.sitemap.Sitemap._process_sitemap_element event=line locals={}
2026-08-23 04:33:14.218 /testbed/scrapy/utils/sitemap.py:75 scrapy.utils.sitemap.Sitemap._process_sitemap_element event=line locals={}
2026-08-23 04:33:14.218 /testbed/scrapy/utils/sitemap.py:79 scrapy.utils.sitemap.Sitemap._process_sitemap_element event=line locals={}
2026-08-23 04:33:14.218 /testbed/scrapy/utils/sitemap.py:80 scrapy.utils.sitemap.Sitemap._process_sitemap_element event=line locals={'d': "{'changefreq': 'value-21', 'loc': 'https://example.invalid/155/3', 'lastmod': 'value-57', 'priority': 'value-83'}"}
2026-08-23 04:33:14.218 /testbed/scrapy/utils/sitemap.py:83 scrapy.utils.sitemap.Sitemap._process_sitemap_element event=line locals={}
2026-08-23 04:33:14.218 /testbed/scrapy/utils/sitemap.py:69 scrapy.utils.sitemap.Sitemap._process_sitemap_element event=line locals={}
2026-08-23 04:33:14.218 /testbed/scrapy/utils/sitemap.py:70 scrapy.utils.sitemap.Sitemap._process_sitemap_element event=line locals={'el': '<Element lastmod at 0x7ac8b2f46ec0>'}
2026-08-23 04:33:14.218 /testbed/scrapy/utils/sitemap.py:71 scrapy.utils.sitemap.Sitemap._process_sitemap_element event=line locals={}
2026-08-23 04:33:14.218 /testbed/scrapy/utils/sitemap.py:72 scrapy.utils.sitemap.Sitemap._process_sitemap_element event=line locals={'tag_name': "'lastmod'"}
2026-08-23 04:33:14.218 /testbed/scrapy/utils/sitemap.py:75 scrapy.utils.sitemap.Sitemap._process_sitemap_element event=line locals={}
2026-08-23 04:33:14.218 /testbed/scrapy/utils/sitemap.py:79 scrapy.utils.sitemap.Sitemap._process_sitemap_element event=line locals={}
2026-08-23 04:33:14.218 /testbed/scrapy/utils/sitemap.py:80 scrapy.utils.sitemap.Sitemap._process_sitemap_element event=line locals={'d': "{'changefreq': 'value-21', 'loc': 'https://example.invalid/155/3', 'lastmod': 'value-34', 'priority': 'value-83'}"}
2026-08-23 04:33:14.218 /testbed/scrapy/utils/sitemap.py:83 scrapy.utils.sitemap.Sitemap._process_sitemap_element event=line locals={}
2026-08-23 04:33:14.218 /testbed/scrapy/utils/sitemap.py:69 scrapy.utils.sitemap.Sitemap._process_sitemap_element event=line locals={}
2026-08-23 04:33:14.218 /testbed/scrapy/utils/sitemap.py:70 scrapy.utils.sitemap.Sitemap._process_sitemap_element event=line locals={'el': '<Element changefreq at 0x7ac8b2f46d40>'}
2026-08-23 04:33:14.218 /testbed/scrapy/utils/sitemap.py:71 scrapy.utils.sitemap.Sitemap._process_sitemap_element event=line locals={}
2026-08-23 04:33:14.218 /testbed/scrapy/utils/sitemap.py:72 scrapy.utils.sitemap.Sitemap._process_sitemap_element event=line locals={'tag_name': "'changefreq'"}
2026-08-23 04:33:14.218 /testbed/scrapy/utils/sitemap.py:75 scrapy.utils.sitemap.Sitemap._process_sitemap_element event=line locals={}
2026-08-23 04:33:14.218 /testbed/scrapy/utils/sitemap.py:79 scrapy.utils.sitemap.Sitemap._process_sitemap_element event=line locals={}
2026-08-23 04:33:14.218 /testbed/scrapy/utils/sitemap.py:80 scrapy.utils.sitemap.Sitemap._process_sitemap_element event=line locals={'d': "{'changefreq': 'value-47', 'loc': 'https://example.invalid/155/3', 'lastmod': 'value-34', 'priority': 'value-83'}"}
2026-08-23 04:33:14.218 /testbed/scrapy/utils/sitemap.py:83 scrapy.utils.sitemap.Sitemap._process_sitemap_element event=line locals={}
2026-08-23 04:33:14.218 /testbed/scrapy/utils/sitemap.py:69 scrapy.utils.sitemap.Sitemap._process_sitemap_element event=line locals={}
2026-08-23 04:33:14.218 /testbed/scrapy/utils/sitemap.py:70 scrapy.utils.sitemap.Sitemap._process_sitemap_element event=line locals={'el': '<!--generated-227-->'}
2026-08-23 04:33:14.218 /testbed/scrapy/utils/sitemap.py:71 scrapy.utils.sitemap.Sitemap._process_sitemap_element event=line locals={}
2026-08-23 04:33:14.218 /testbed/scrapy/utils/sitemap.py:72 scrapy.utils.sitemap.Sitemap._process_sitemap_element event=line locals={'tag_name': "''"}
2026-08-23 04:33:14.218 /testbed/scrapy/utils/sitemap.py:73 scrapy.utils.sitemap.Sitemap._process_sitemap_element event=line locals={}
2026-08-23 04:33:14.218 /testbed/scrapy/utils/sitemap.py:83 scrapy.utils.sitemap.Sitemap._process_sitemap_element event=line locals={}
2026-08-23 04:33:14.218 /testbed/scrapy/utils/sitemap.py:69 scrapy.utils.sitemap.Sitemap._process_sitemap_element event=line locals={}
2026-08-23 04:33:14.218 /testbed/scrapy/utils/sitemap.py:70 scrapy.utils.sitemap.Sitemap._process_sitemap_element event=line locals={'el': '<Element {http://www.w3.org/1999/xhtml}link at 0x7ac8b2f46ec0>'}
2026-08-23 04:33:14.218 /testbed/scrapy/utils/sitemap.py:71 scrapy.utils.sitemap.Sitemap._process_sitemap_element event=line locals={}
2026-08-23 04:33:14.218 /testbed/scrapy/utils/sitemap.py:72 scrapy.utils.sitemap.Sitemap._process_sitemap_element event=line locals={'tag_name': "'link'"}
2026-08-23 04:33:14.218 /testbed/scrapy/utils/sitemap.py:75 scrapy.utils.sitemap.Sitemap._process_sitemap_element event=line locals={}
2026-08-23 04:33:14.218 /testbed/scrapy/utils/sitemap.py:76 scrapy.utils.sitemap.Sitemap._process_sitemap_element event=line locals={}
2026-08-23 04:33:14.219 /testbed/scrapy/utils/sitemap.py:83 scrapy.utils.sitemap.Sitemap._process_sitemap_element event=line locals={'href': 'None'}
2026-08-23 04:33:14.219 /testbed/scrapy/utils/sitemap.py:69 scrapy.utils.sitemap.Sitemap._process_sitemap_element event=line locals={}
2026-08-23 04:33:14.219 /testbed/scrapy/utils/sitemap.py:70 scrapy.utils.sitemap.Sitemap._process_sitemap_element event=line locals={'el': '<Element lastmod at 0x7ac8b2f46d40>'}
2026-08-23 04:33:14.219 /testbed/scrapy/utils/sitemap.py:71 scrapy.utils.sitemap.Sitemap._process_sitemap_element event=line locals={}
2026-08-23 04:33:14.219 /testbed/scrapy/utils/sitemap.py:72 scrapy.utils.sitemap.Sitemap._process_sitemap_element event=line locals={'tag_name': "'lastmod'"}
2026-08-23 04:33:14.219 /testbed/scrapy/utils/sitemap.py:75 scrapy.utils.sitemap.Sitemap._process_sitemap_element event=line locals={}
2026-08-23 04:33:14.219 /testbed/scrapy/utils/sitemap.py:79 scrapy.utils.sitemap.Sitemap._process_sitemap_element event=line locals={}
2026-08-23 04:33:14.219 /testbed/scrapy/utils/sitemap.py:80 scrapy.utils.sitemap.Sitemap._process_sitemap_element event=line locals={'d': "{'changefreq': 'value-47', 'loc': 'https://example.invalid/155/3', 'lastmod': 'value-86', 'priority': 'value-83'}"}
2026-08-23 04:33:14.219 /testbed/scrapy/utils/sitemap.py:83 scrapy.utils.sitemap.Sitemap._process_sitemap_element event=line locals={}
2026-08-23 04:33:14.219 /testbed/scrapy/utils/sitemap.py:69 scrapy.utils.sitemap.Sitemap._process_sitemap_element event=line locals={}
2026-08-23 04:33:14.219 /testbed/scrapy/utils/sitemap.py:70 scrapy.utils.sitemap.Sitemap._process_sitemap_element event=line locals={'el': '<Element priority at 0x7ac8b2f470c0>'}
2026-08-23 04:33:14.219 /testbed/scrapy/utils/sitemap.py:71 scrapy.utils.sitemap.Sitemap._process_sitemap_element event=line locals={}
2026-08-23 04:33:14.219 /testbed/scrapy/utils/sitemap.py:72 scrapy.utils.sitemap.Sitemap._process_sitemap_element event=line locals={'tag_name': "'priority'"}
2026-08-23 04:33:14.219 /testbed/scrapy/utils/sitemap.py:75 scrapy.utils.sitemap.Sitemap._process_sitemap_element event=line locals={}
2026-08-23 04:33:14.219 /testbed/scrapy/utils/sitemap.py:79 scrapy.utils.sitemap.Sitemap._process_sitemap_element event=line locals={}
2026-08-23 04:33:14.219 /testbed/scrapy/utils/sitemap.py:80 scrapy.utils.sitemap.Sitemap._process_sitemap_element event=line locals={'d': "{'changefreq': 'value-47', 'loc': 'https://example.invalid/155/3', 'lastmod': 'value-86', 'priority': 'value-99'}"}
2026-08-23 04:33:14.219 /testbed/scrapy/utils/sitemap.py:83 scrapy.utils.sitemap.Sitemap._process_sitemap_element event=line locals={}
2026-08-23 04:33:14.219 /testbed/scrapy/utils/sitemap.py:69 scrapy.utils.sitemap.Sitemap._process_sitemap_element event=line locals={}
2026-08-23 04:33:14.219 /testbed/scrapy/utils/sitemap.py:70 scrapy.utils.sitemap.Sitemap._process_sitemap_element event=line locals={'el': '<!--generated-231-->'}
2026-08-23 04:33:14.219 /testbed/scrapy/utils/sitemap.py:71 scrapy.utils.sitemap.Sitemap._process_sitemap_element event=line locals={}
2026-08-23 04:33:14.219 /testbed/scrapy/utils/sitemap.py:72 scrapy.utils.sitemap.Sitemap._process_sitemap_element event=line locals={'tag_name': "''"}
2026-08-23 04:33:14.219 /testbed/scrapy/utils/sitemap.py:73 scrapy.utils.sitemap.Sitemap._process_sitemap_element event=line locals={}
2026-08-23 04:33:14.219 /testbed/scrapy/utils/sitemap.py:83 scrapy.utils.sitemap.Sitemap._process_sitemap_element event=line locals={}
2026-08-23 04:33:14.219 /testbed/scrapy/utils/sitemap.py:69 scrapy.utils.sitemap.Sitemap._process_sitemap_element event=line locals={}
2026-08-23 04:33:14.219 /testbed/scrapy/utils/sitemap.py:70 scrapy.utils.sitemap.Sitemap._process_sitemap_element event=line locals={'el': '<Element lastmod at 0x7ac8b2f46fc0>'}
2026-08-23 04:33:14.219 /testbed/scrapy/utils/sitemap.py:71 scrapy.utils.sitemap.Sitemap._process_sitemap_element event=line locals={}
2026-08-23 04:33:14.219 /testbed/scrapy/utils/sitemap.py:72 scrapy.utils.sitemap.Sitemap._process_sitemap_element event=line locals={'tag_name': "'lastmod'"}
2026-08-23 04:33:14.219 /testbed/scrapy/utils/sitemap.py:75 scrapy.utils.sitemap.Sitemap._process_sitemap_element event=line locals={}
2026-08-23 04:33:14.219 /testbed/scrapy/utils/sitemap.py:79 scrapy.utils.sitemap.Sitemap._process_sitemap_element event=line locals={}
2026-08-23 04:33:14.219 /testbed/scrapy/utils/sitemap.py:80 scrapy.utils.sitemap.Sitemap._process_sitemap_element event=line locals={'d': "{'changefreq': 'value-47', 'loc': 'https://example.invalid/155/3', 'lastmod': 'value-24', 'priority': 'value-99'}"}
2026-08-23 04:33:14.219 /testbed/scrapy/utils/sitemap.py:83 scrapy.utils.sitemap.Sitemap._process_sitemap_element event=line locals={}
2026-08-23 04:33:14.219 /testbed/scrapy/utils/sitemap.py:69 scrapy.utils.sitemap.Sitemap._process_sitemap_element event=line locals={}
2026-08-23 04:33:14.219 /testbed/scrapy/utils/sitemap.py:70 scrapy.utils.sitemap.Sitemap._process_sitemap_element event=line locals={'el': '<Element priority at 0x7ac8b2f46f40>'}
2026-08-23 04:33:14.219 /testbed/scrapy/utils/sitemap.py:71 scrapy.utils.sitemap.Sitemap._process_sitemap_element event=line locals={}
2026-08-23 04:33:14.219 /testbed/scrapy/utils/sitemap.py:72 scrapy.utils.sitemap.Sitemap._process_sitemap_element event=line locals={'tag_name': "'priority'"}
2026-08-23 04:33:14.219 /testbed/scrapy/utils/sitemap.py:75 scrapy.utils.sitemap.Sitemap._process_sitemap_element event=line locals={}
2026-08-23 04:33:14.219 /testbed/scrapy/utils/sitemap.py:79 scrapy.utils.sitemap.Sitemap._process_sitemap_element event=line locals={}
2026-08-23 04:33:14.219 /testbed/scrapy/utils/sitemap.py:80 scrapy.utils.sitemap.Sitemap._process_sitemap_element event=line locals={'d': "{'changefreq': 'value-47', 'loc': 'https://example.invalid/155/3', 'lastmod': 'value-24', 'priority': 'value-37'}"}
2026-08-23 04:33:14.219 /testbed/scrapy/utils/sitemap.py:83 scrapy.utils.sitemap.Sitemap._process_sitemap_element event=line locals={}
2026-08-23 04:33:14.219 /testbed/scrapy/utils/sitemap.py:69 scrapy.utils.sitemap.Sitemap._process_sitemap_element event=line locals={}
2026-08-23 04:33:14.219 /testbed/scrapy/utils/sitemap.py:70 scrapy.utils.sitemap.Sitemap._process_sitemap_element event=line locals={'el': '<Element priority at 0x7ac8b2f46f80>'}
2026-08-23 04:33:14.219 /testbed/scrapy/utils/sitemap.py:71 scrapy.utils.sitemap.Sitemap._process_sitemap_element event=line locals={}
2026-08-23 04:33:14.219 /testbed/scrapy/utils/sitemap.py:72 scrapy.utils.sitemap.Sitemap._process_sitemap_element event=line locals={}
2026-08-23 04:33:14.219 /testbed/scrapy/utils/sitemap.py:75 scrapy.utils.sitemap.Sitemap._process_sitemap_element event=line locals={}
2026-08-23 04:33:14.219 /testbed/scrapy/utils/sitemap.py:79 scrapy.utils.sitemap.Sitemap._process_sitemap_element event=line locals={}
2026-08-23 04:33:14.219 /testbed/scrapy/utils/sitemap.py:80 scrapy.utils.sitemap.Sitemap._process_sitemap_element event=line locals={'d': "{'changefreq': 'value-47', 'loc': 'https://example.invalid/155/3', 'lastmod': 'value-24', 'priority': 'value-50'}"}
2026-08-23 04:33:14.219 /testbed/scrapy/utils/sitemap.py:83 scrapy.utils.sitemap.Sitemap._process_sitemap_element event=line locals={}
2026-08-23 04:33:14.219 /testbed/scrapy/utils/sitemap.py:69 scrapy.utils.sitemap.Sitemap._process_sitemap_element event=line locals={}
2026-08-23 04:33:14.219 /testbed/scrapy/utils/sitemap.py:70 scrapy.utils.sitemap.Sitemap._process_sitemap_element event=line locals={'el': '<Element lastmod at 0x7ac8b2f470c0>'}
2026-08-23 04:33:14.219 /testbed/scrapy/utils/sitemap.py:71 scrapy.utils.sitemap.Sitemap._process_sitemap_element event=line locals={}
2026-08-23 04:33:14.219 /testbed/scrapy/utils/sitemap.py:72 scrapy.utils.sitemap.Sitemap._process_sitemap_element event=line locals={'tag_name': "'lastmod'"}
2026-08-23 04:33:14.219 /testbed/scrapy/utils/sitemap.py:75 scrapy.utils.sitemap.Sitemap._process_sitemap_element event=line locals={}
2026-08-23 04:33:14.220 /testbed/scrapy/utils/sitemap.py:79 scrapy.utils.sitemap.Sitemap._process_sitemap_element event=line locals={}
2026-08-23 04:33:14.220 /testbed/scrapy/utils/sitemap.py:80 scrapy.utils.sitemap.Sitemap._process_sitemap_element event=line locals={'d': "{'changefreq': 'value-47', 'loc': 'https://example.invalid/155/3', 'lastmod': 'value-63', 'priority': 'value-50'}"}
2026-08-23 04:33:14.220 /testbed/scrapy/utils/sitemap.py:83 scrapy.utils.sitemap.Sitemap._process_sitemap_element event=line locals={}
2026-08-23 04:33:14.220 /testbed/scrapy/utils/sitemap.py:69 scrapy.utils.sitemap.Sitemap._process_sitemap_element event=line locals={}
2026-08-23 04:33:14.220 /testbed/scrapy/utils/sitemap.py:70 scrapy.utils.sitemap.Sitemap._process_sitemap_element event=line locals={'el': '<Element lastmod at 0x7ac8b2f46ec0>'}
2026-08-23 04:33:14.220 /testbed/scrapy/utils/sitemap.py:71 scrapy.utils.sitemap.Sitemap._process_sitemap_element event=line locals={}
2026-08-23 04:33:14.220 /testbed/scrapy/utils/sitemap.py:72 scrapy.utils.sitemap.Sitemap._process_sitemap_element event=line locals={}
2026-08-23 04:33:14.220 /testbed/scrapy/utils/sitemap.py:75 scrapy.utils.sitemap.Sitemap._process_sitemap_element event=line locals={}
2026-08-23 04:33:14.220 /testbed/scrapy/utils/sitemap.py:79 scrapy.utils.sitemap.Sitemap._process_sitemap_element event=line locals={}
2026-08-23 04:33:14.220 /testbed/scrapy/utils/sitemap.py:80 scrapy.utils.sitemap.Sitemap._process_sitemap_element event=line locals={'d': "{'changefreq': 'value-47', 'loc': 'https://example.invalid/155/3', 'lastmod': 'value-76', 'priority': 'value-50'}"}
2026-08-23 04:33:14.220 /testbed/scrapy/utils/sitemap.py:83 scrapy.utils.sitemap.Sitemap._process_sitemap_element event=line locals={}
2026-08-23 04:33:14.220 /testbed/scrapy/utils/sitemap.py:69 scrapy.utils.sitemap.Sitemap._process_sitemap_element event=line locals={}
2026-08-23 04:33:14.220 /testbed/scrapy/utils/sitemap.py:70 scrapy.utils.sitemap.Sitemap._process_sitemap_element event=line locals={'el': '<Element lastmod at 0x7ac8b2f46d40>'}
2026-08-23 04:33:14.220 /testbed/scrapy/utils/sitemap.py:71 scrapy.utils.sitemap.Sitemap._process_sitemap_element event=line locals={}
2026-08-23 04:33:14.220 /testbed/scrapy/utils/sitemap.py:72 scrapy.utils.sitemap.Sitemap._process_sitemap_element event=line locals={}
2026-08-23 04:33:14.220 /testbed/scrapy/utils/sitemap.py:75 scrapy.utils.sitemap.Sitemap._process_sitemap_element event=line locals={}
2026-08-23 04:33:14.220 /testbed/scrapy/utils/sitemap.py:79 scrapy.utils.sitemap.Sitemap._process_sitemap_element event=line locals={}
2026-08-23 04:33:14.220 /testbed/scrapy/utils/sitemap.py:80 scrapy.utils.sitemap.Sitemap._process_sitemap_element event=line locals={'d': "{'changefreq': 'value-47', 'loc': 'https://example.invalid/155/3', 'lastmod': 'value-89', 'priority': 'value-50'}"}
2026-08-23 04:33:14.220 /testbed/scrapy/utils/sitemap.py:83 scrapy.utils.sitemap.Sitemap._process_sitemap_element event=line locals={}
2026-08-23 04:33:14.220 /testbed/scrapy/utils/sitemap.py:69 scrapy.utils.sitemap.Sitemap._process_sitemap_element event=line locals={}
2026-08-23 04:33:14.220 /testbed/scrapy/utils/sitemap.py:70 scrapy.utils.sitemap.Sitemap._process_sitemap_element event=line locals={'el': '<Element lastmod at 0x7ac8b2f46fc0>'}
2026-08-23 04:33:14.220 /testbed/scrapy/utils/sitemap.py:71 scrapy.utils.sitemap.Sitemap._process_sitemap_element event=line locals={}
2026-08-23 04:33:14.220 /testbed/scrapy/utils/sitemap.py:72 scrapy.utils.sitemap.Sitemap._process_sitemap_element event=line locals={}
2026-08-23 04:33:14.220 /testbed/scrapy/utils/sitemap.py:75 scrapy.utils.sitemap.Sitemap._process_sitemap_element event=line locals={}
2026-08-23 04:33:14.220 /testbed/scrapy/utils/sitemap.py:79 scrapy.utils.sitemap.Sitemap._process_sitemap_element event=line locals={}
2026-08-23 04:33:14.220 /testbed/scrapy/utils/sitemap.py:80 scrapy.utils.sitemap.Sitemap._process_sitemap_element event=line locals={'d': "{'changefreq': 'value-47', 'loc': 'https://example.invalid/155/3', 'lastmod': 'value-1', 'priority': 'value-50'}"}
2026-08-23 04:33:14.220 /testbed/scrapy/utils/sitemap.py:83 scrapy.utils.sitemap.Sitemap._process_sitemap_element event=line locals={}
2026-08-23 04:33:14.220 /testbed/scrapy/utils/sitemap.py:69 scrapy.utils.sitemap.Sitemap._process_sitemap_element event=line locals={}
2026-08-23 04:33:14.220 /testbed/scrapy/utils/sitemap.py:70 scrapy.utils.sitemap.Sitemap._process_sitemap_element event=line locals={'el': '<Element priority at 0x7ac8b2f46e80>'}
2026-08-23 04:33:14.220 /testbed/scrapy/utils/sitemap.py:71 scrapy.utils.sitemap.Sitemap._process_sitemap_element event=line locals={}
2026-08-23 04:33:14.220 /testbed/scrapy/utils/sitemap.py:72 scrapy.utils.sitemap.Sitemap._process_sitemap_element event=line locals={'tag_name': "'priority'"}
2026-08-23 04:33:14.220 /testbed/scrapy/utils/sitemap.py:75 scrapy.utils.sitemap.Sitemap._process_sitemap_element event=line locals={}
2026-08-23 04:33:14.220 /testbed/scrapy/utils/sitemap.py:79 scrapy.utils.sitemap.Sitemap._process_sitemap_element event=line locals={}
2026-08-23 04:33:14.220 /testbed/scrapy/utils/sitemap.py:80 scrapy.utils.sitemap.Sitemap._process_sitemap_element event=line locals={'d': "{'changefreq': 'value-47', 'loc': 'https://example.invalid/155/3', 'lastmod': 'value-1', 'priority': 'value-14'}"}
2026-08-23 04:33:14.220 /testbed/scrapy/utils/sitemap.py:83 scrapy.utils.sitemap.Sitemap._process_sitemap_element event=line locals={}
2026-08-23 04:33:14.220 /testbed/scrapy/utils/sitemap.py:69 scrapy.utils.sitemap.Sitemap._process_sitemap_element event=line locals={}
2026-08-23 04:33:14.220 /testbed/scrapy/utils/sitemap.py:70 scrapy.utils.sitemap.Sitemap._process_sitemap_element event=line locals={'el': '<Element lastmod at 0x7ac8b2f46f80>'}
2026-08-23 04:33:14.220 /testbed/scrapy/utils/sitemap.py:71 scrapy.utils.sitemap.Sitemap._process_sitemap_element event=line locals={}
2026-08-23 04:33:14.220 /testbed/scrapy/utils/sitemap.py:72 scrapy.utils.sitemap.Sitemap._process_sitemap_element event=line locals={'tag_name': "'lastmod'"}
2026-08-23 04:33:14.220 /testbed/scrapy/utils/sitemap.py:75 scrapy.utils.sitemap.Sitemap._process_sitemap_element event=line locals={}
2026-08-23 04:33:14.220 /testbed/scrapy/utils/sitemap.py:79 scrapy.utils.sitemap.Sitemap._process_sitemap_element event=line locals={}
2026-08-23 04:33:14.220 /testbed/scrapy/utils/sitemap.py:80 scrapy.utils.sitemap.Sitemap._process_sitemap_element event=line locals={'d': "{'changefreq': 'value-47', 'loc': 'https://example.invalid/155/3', 'lastmod': 'value-27', 'priority': 'value-14'}"}
2026-08-23 04:33:14.220 /testbed/scrapy/utils/sitemap.py:83 scrapy.utils.sitemap.Sitemap._process_sitemap_element event=line locals={}
2026-08-23 04:33:14.220 /testbed/scrapy/utils/sitemap.py:69 scrapy.utils.sitemap.Sitemap._process_sitemap_element event=line locals={}
2026-08-23 04:33:14.220 /testbed/scrapy/utils/sitemap.py:70 scrapy.utils.sitemap.Sitemap._process_sitemap_element event=line locals={'el': '<Element priority at 0x7ac8b2f470c0>'}
2026-08-23 04:33:14.220 /testbed/scrapy/utils/sitemap.py:71 scrapy.utils.sitemap.Sitemap._process_sitemap_element event=line locals={}
2026-08-23 04:33:14.220 /testbed/scrapy/utils/sitemap.py:72 scrapy.utils.sitemap.Sitemap._process_sitemap_element event=line locals={'tag_name': "'priority'"}
2026-08-23 04:33:14.220 /testbed/scrapy/utils/sitemap.py:75 scrapy.utils.sitemap.Sitemap._process_sitemap_element event=line locals={}
2026-08-23 04:33:14.220 /testbed/scrapy/utils/sitemap.py:79 scrapy.utils.sitemap.Sitemap._process_sitemap_element event=line locals={}
2026-08-23 04:33:14.220 /testbed/scrapy/utils/sitemap.py:80 scrapy.utils.sitemap.Sitemap._process_sitemap_element event=line locals={'d': "{'changefreq': 'value-47', 'loc': 'https://example.invalid/155/3', 'lastmod': 'value-27', 'priority': 'value-40'}"}
2026-08-23 04:33:14.220 /testbed/scrapy/utils/sitemap.py:83 scrapy.utils.sitemap.Sitemap._process_sitemap_element event=line locals={}
2026-08-23 04:33:14.220 /testbed/scrapy/utils/sitemap.py:69 scrapy.utils.sitemap.Sitemap._process_sitemap_element event=line locals={}
2026-08-23 04:33:14.220 /testbed/scrapy/utils/sitemap.py:70 scrapy.utils.sitemap.Sitemap._process_sitemap_element event=line locals={'el': '<Element {http://www.w3.org/1999/xhtml}link at 0x7ac8b2f46ec0>'}
2026-08-23 04:33:14.220 /testbed/scrapy/utils/sitemap.py:71 scrapy.utils.sitemap.Sitemap._process_sitemap_element event=line locals={}
2026-08-23 04:33:14.221 /testbed/scrapy/utils/sitemap.py:72 scrapy.utils.sitemap.Sitemap._process_sitemap_element event=line locals={'tag_name': "'link'"}
2026-08-23 04:33:14.221 /testbed/scrapy/utils/sitemap.py:75 scrapy.utils.sitemap.Sitemap._process_sitemap_element event=line locals={}
2026-08-23 04:33:14.221 /testbed/scrapy/utils/sitemap.py:76 scrapy.utils.sitemap.Sitemap._process_sitemap_element event=line locals={}
2026-08-23 04:33:14.221 /testbed/scrapy/utils/sitemap.py:77 scrapy.utils.sitemap.Sitemap._process_sitemap_element event=line locals={'href': "'https://mirror.invalid/f2/1'"}
2026-08-23 04:33:14.221 /testbed/scrapy/utils/sitemap.py:83 scrapy.utils.sitemap.Sitemap._process_sitemap_element event=line locals={}
2026-08-23 04:33:14.221 /testbed/scrapy/utils/sitemap.py:69 scrapy.utils.sitemap.Sitemap._process_sitemap_element event=line locals={}
2026-08-23 04:33:14.221 /testbed/scrapy/utils/sitemap.py:70 scrapy.utils.sitemap.Sitemap._process_sitemap_element event=line locals={'el': '<Element lastmod at 0x7ac8b2f46f40>'}
2026-08-23 04:33:14.221 /testbed/scrapy/utils/sitemap.py:71 scrapy.utils.sitemap.Sitemap._process_sitemap_element event=line locals={}
2026-08-23 04:33:14.221 /testbed/scrapy/utils/sitemap.py:72 scrapy.utils.sitemap.Sitemap._process_sitemap_element event=line locals={'tag_name': "'lastmod'"}
2026-08-23 04:33:14.221 /testbed/scrapy/utils/sitemap.py:75 scrapy.utils.sitemap.Sitemap._process_sitemap_element event=line locals={}
2026-08-23 04:33:14.221 /testbed/scrapy/utils/sitemap.py:79 scrapy.utils.sitemap.Sitemap._process_sitemap_element event=line locals={}
2026-08-23 04:33:14.221 /testbed/scrapy/utils/sitemap.py:80 scrapy.utils.sitemap.Sitemap._process_sitemap_element event=line locals={'d': "{'changefreq': 'value-47', 'loc': 'https://example.invalid/155/3', 'lastmod': 'value-66', 'priority': 'value-40'}"}
2026-08-23 04:33:14.221 /testbed/scrapy/utils/sitemap.py:83 scrapy.utils.sitemap.Sitemap._process_sitemap_element event=line locals={}
2026-08-23 04:33:14.221 /testbed/scrapy/utils/sitemap.py:69 scrapy.utils.sitemap.Sitemap._process_sitemap_element event=line locals={}
2026-08-23 04:33:14.221 /testbed/scrapy/utils/sitemap.py:70 scrapy.utils.sitemap.Sitemap._process_sitemap_element event=line locals={'el': '<Element changefreq at 0x7ac8b2f46f00>'}
2026-08-23 04:33:14.221 /testbed/scrapy/utils/sitemap.py:71 scrapy.utils.sitemap.Sitemap._process_sitemap_element event=line locals={}
2026-08-23 04:33:14.221 /testbed/scrapy/utils/sitemap.py:72 scrapy.utils.sitemap.Sitemap._process_sitemap_element event=line locals={'tag_name': "'changefreq'"}
2026-08-23 04:33:14.221 /testbed/scrapy/utils/sitemap.py:75 scrapy.utils.sitemap.Sitemap._process_sitemap_element event=line locals={}
2026-08-23 04:33:14.221 /testbed/scrapy/utils/sitemap.py:79 scrapy.utils.sitemap.Sitemap._process_sitemap_element event=line locals={}
2026-08-23 04:33:14.221 /testbed/scrapy/utils/sitemap.py:80 scrapy.utils.sitemap.Sitemap._process_sitemap_element event=line locals={'d': "{'changefreq': 'value-79', 'loc': 'https://example.invalid/155/3', 'lastmod': 'value-66', 'priority': 'value-40'}"}
2026-08-23 04:33:14.221 /testbed/scrapy/utils/sitemap.py:83 scrapy.utils.sitemap.Sitemap._process_sitemap_element event=line locals={}
2026-08-23 04:33:14.221 /testbed/scrapy/utils/sitemap.py:69 scrapy.utils.sitemap.Sitemap._process_sitemap_element event=line locals={}
2026-08-23 04:33:14.221 /testbed/scrapy/utils/sitemap.py:70 scrapy.utils.sitemap.Sitemap._process_sitemap_element event=line locals={'el': '<Element {http://www.w3.org/1999/xhtml}link at 0x7ac8b2f46ec0>'}
2026-08-23 04:33:14.221 /testbed/scrapy/utils/sitemap.py:71 scrapy.utils.sitemap.Sitemap._process_sitemap_element event=line locals={}
2026-08-23 04:33:14.221 /testbed/scrapy/utils/sitemap.py:72 scrapy.utils.sitemap.Sitemap._process_sitemap_element event=line locals={'tag_name': "'link'"}
2026-08-23 04:33:14.221 /testbed/scrapy/utils/sitemap.py:75 scrapy.utils.sitemap.Sitemap._process_sitemap_element event=line locals={}
2026-08-23 04:33:14.221 /testbed/scrapy/utils/sitemap.py:76 scrapy.utils.sitemap.Sitemap._process_sitemap_element event=line locals={}
2026-08-23 04:33:14.221 /testbed/scrapy/utils/sitemap.py:77 scrapy.utils.sitemap.Sitemap._process_sitemap_element event=line locals={'href': "'https://mirror.invalid/f5/1'"}
2026-08-23 04:33:14.221 /testbed/scrapy/utils/sitemap.py:83 scrapy.utils.sitemap.Sitemap._process_sitemap_element event=line locals={}
2026-08-23 04:33:14.221 /testbed/scrapy/utils/sitemap.py:69 scrapy.utils.sitemap.Sitemap._process_sitemap_element event=line locals={}
2026-08-23 04:33:14.221 /testbed/scrapy/utils/sitemap.py:70 scrapy.utils.sitemap.Sitemap._process_sitemap_element event=line locals={'el': '<Element lastmod at 0x7ac8b2f46f40>'}
2026-08-23 04:33:14.221 /testbed/scrapy/utils/sitemap.py:71 scrapy.utils.sitemap.Sitemap._process_sitemap_element event=line locals={}
2026-08-23 04:33:14.221 /testbed/scrapy/utils/sitemap.py:72 scrapy.utils.sitemap.Sitemap._process_sitemap_element event=line locals={'tag_name': "'lastmod'"}
2026-08-23 04:33:14.221 /testbed/scrapy/utils/sitemap.py:75 scrapy.utils.sitemap.Sitemap._process_sitemap_element event=line locals={}
2026-08-23 04:33:14.221 /testbed/scrapy/utils/sitemap.py:79 scrapy.utils.sitemap.Sitemap._process_sitemap_element event=line locals={}
2026-08-23 04:33:14.221 /testbed/scrapy/utils/sitemap.py:80 scrapy.utils.sitemap.Sitemap._process_sitemap_element event=line locals={'d': "{'changefreq': 'value-79', 'loc': 'https://example.invalid/155/3', 'lastmod': 'value-4', 'priority': 'value-40'}"}
2026-08-23 04:33:14.221 /testbed/scrapy/utils/sitemap.py:83 scrapy.utils.sitemap.Sitemap._process_sitemap_element event=line locals={}
2026-08-23 04:33:14.221 /testbed/scrapy/utils/sitemap.py:69 scrapy.utils.sitemap.Sitemap._process_sitemap_element event=line locals={}
2026-08-23 04:33:14.221 /testbed/scrapy/utils/sitemap.py:70 scrapy.utils.sitemap.Sitemap._process_sitemap_element event=line locals={'el': '<Element lastmod at 0x7ac8b2f46e80>'}
2026-08-23 04:33:14.221 /testbed/scrapy/utils/sitemap.py:71 scrapy.utils.sitemap.Sitemap._process_sitemap_element event=line locals={}
2026-08-23 04:33:14.221 /testbed/scrapy/utils/sitemap.py:72 scrapy.utils.sitemap.Sitemap._process_sitemap_element event=line locals={}
2026-08-23 04:33:14.221 /testbed/scrapy/utils/sitemap.py:75 scrapy.utils.sitemap.Sitemap._process_sitemap_element event=line locals={}
2026-08-23 04:33:14.221 /testbed/scrapy/utils/sitemap.py:79 scrapy.utils.sitemap.Sitemap._process_sitemap_element event=line locals={}
2026-08-23 04:33:14.221 /testbed/scrapy/utils/sitemap.py:80 scrapy.utils.sitemap.Sitemap._process_sitemap_element event=line locals={'d': "{'changefreq': 'value-79', 'loc': 'https://example.invalid/155/3', 'lastmod': 'value-17', 'priority': 'value-40'}"}
2026-08-23 04:33:14.221 /testbed/scrapy/utils/sitemap.py:83 scrapy.utils.sitemap.Sitemap._process_sitemap_element event=line locals={}
2026-08-23 04:33:14.221 /testbed/scrapy/utils/sitemap.py:69 scrapy.utils.sitemap.Sitemap._process_sitemap_element event=line locals={}
2026-08-23 04:33:14.221 /testbed/scrapy/utils/sitemap.py:70 scrapy.utils.sitemap.Sitemap._process_sitemap_element event=line locals={'el': '<Element {http://www.w3.org/1999/xhtml}link at 0x7ac8b2f46ec0>'}
2026-08-23 04:33:14.221 /testbed/scrapy/utils/sitemap.py:71 scrapy.utils.sitemap.Sitemap._process_sitemap_element event=line locals={}
2026-08-23 04:33:14.221 /testbed/scrapy/utils/sitemap.py:72 scrapy.utils.sitemap.Sitemap._process_sitemap_element event=line locals={'tag_name': "'link'"}
2026-08-23 04:33:14.221 /testbed/scrapy/utils/sitemap.py:75 scrapy.utils.sitemap.Sitemap._process_sitemap_element event=line locals={}
2026-08-23 04:33:14.221 /testbed/scrapy/utils/sitemap.py:76 scrapy.utils.sitemap.Sitemap._process_sitemap_element event=line locals={}
2026-08-23 04:33:14.222 /testbed/scrapy/utils/sitemap.py:77 scrapy.utils.sitemap.Sitemap._process_sitemap_element event=line locals={'href': "'https://mirror.invalid/f8/1'"}
2026-08-23 04:33:14.222 /testbed/scrapy/utils/sitemap.py:83 scrapy.utils.sitemap.Sitemap._process_sitemap_element event=line locals={}
2026-08-23 04:33:14.222 /testbed/scrapy/utils/sitemap.py:69 scrapy.utils.sitemap.Sitemap._process_sitemap_element event=line locals={}
2026-08-23 04:33:14.222 /testbed/scrapy/utils/sitemap.py:70 scrapy.utils.sitemap.Sitemap._process_sitemap_element event=line locals={'el': '<Element {http://www.w3.org/1999/xhtml}link at 0x7ac8b2f46f40>'}
2026-08-23 04:33:14.222 /testbed/scrapy/utils/sitemap.py:71 scrapy.utils.sitemap.Sitemap._process_sitemap_element event=line locals={}
2026-08-23 04:33:14.222 /testbed/scrapy/utils/sitemap.py:72 scrapy.utils.sitemap.Sitemap._process_sitemap_element event=line locals={}
2026-08-23 04:33:14.222 /testbed/scrapy/utils/sitemap.py:75 scrapy.utils.sitemap.Sitemap._process_sitemap_element event=line locals={}
2026-08-23 04:33:14.222 /testbed/scrapy/utils/sitemap.py:76 scrapy.utils.sitemap.Sitemap._process_sitemap_element event=line locals={}
2026-08-23 04:33:14.222 /testbed/scrapy/utils/sitemap.py:77 scrapy.utils.sitemap.Sitemap._process_sitemap_element event=line locals={'href': "'https://mirror.invalid/f9/1'"}
2026-08-23 04:33:14.222 /testbed/scrapy/utils/sitemap.py:83 scrapy.utils.sitemap.Sitemap._process_sitemap_element event=line locals={}
2026-08-23 04:33:14.222 /testbed/scrapy/utils/sitemap.py:69 scrapy.utils.sitemap.Sitemap._process_sitemap_element event=line locals={}
2026-08-23 04:33:14.222 /testbed/scrapy/utils/sitemap.py:70 scrapy.utils.sitemap.Sitemap._process_sitemap_element event=line locals={'el': '<Element changefreq at 0x7ac8b2f47080>'}
2026-08-23 04:33:14.222 /testbed/scrapy/utils/sitemap.py:71 scrapy.utils.sitemap.Sitemap._process_sitemap_element event=line locals={}
2026-08-23 04:33:14.222 /testbed/scrapy/utils/sitemap.py:72 scrapy.utils.sitemap.Sitemap._process_sitemap_element event=line locals={'tag_name': "'changefreq'"}
2026-08-23 04:33:14.222 /testbed/scrapy/utils/sitemap.py:75 scrapy.utils.sitemap.Sitemap._process_sitemap_element event=line locals={}
2026-08-23 04:33:14.222 /testbed/scrapy/utils/sitemap.py:79 scrapy.utils.sitemap.Sitemap._process_sitemap_element event=line locals={}
2026-08-23 04:33:14.222 /testbed/scrapy/utils/sitemap.py:80 scrapy.utils.sitemap.Sitemap._process_sitemap_element event=line locals={'d': "{'changefreq': 'value-56', 'loc': 'https://example.invalid/155/3', 'lastmod': 'value-17', 'priority': 'value-40'}"}
2026-08-23 04:33:14.222 /testbed/scrapy/utils/sitemap.py:83 scrapy.utils.sitemap.Sitemap._process_sitemap_element event=line locals={}
2026-08-23 04:33:14.222 /testbed/scrapy/utils/sitemap.py:69 scrapy.utils.sitemap.Sitemap._process_sitemap_element event=line locals={}
2026-08-23 04:33:14.222 /testbed/scrapy/utils/sitemap.py:70 scrapy.utils.sitemap.Sitemap._process_sitemap_element event=line locals={'el': '<Element changefreq at 0x7ac8b2f46f00>'}
2026-08-23 04:33:14.222 /testbed/scrapy/utils/sitemap.py:71 scrapy.utils.sitemap.Sitemap._process_sitemap_element event=line locals={}
2026-08-23 04:33:14.222 /testbed/scrapy/utils/sitemap.py:72 scrapy.utils.sitemap.Sitemap._process_sitemap_element event=line locals={}
2026-08-23 04:33:14.222 /testbed/scrapy/utils/sitemap.py:75 scrapy.utils.sitemap.Sitemap._process_sitemap_element event=line locals={}
2026-08-23 04:33:14.222 /testbed/scrapy/utils/sitemap.py:79 scrapy.utils.sitemap.Sitemap._process_sitemap_element event=line locals={}
2026-08-23 04:33:14.222 /testbed/scrapy/utils/sitemap.py:80 scrapy.utils.sitemap.Sitemap._process_sitemap_element event=line locals={'d': "{'changefreq': 'value-69', 'loc': 'https://example.invalid/155/3', 'lastmod': 'value-17', 'priority': 'value-40'}"}
2026-08-23 04:33:14.222 /testbed/scrapy/utils/sitemap.py:83 scrapy.utils.sitemap.Sitemap._process_sitemap_element event=line locals={}
2026-08-23 04:33:14.222 /testbed/scrapy/utils/sitemap.py:69 scrapy.utils.sitemap.Sitemap._process_sitemap_element event=line locals={}
2026-08-23 04:33:14.222 /testbed/scrapy/utils/sitemap.py:70 scrapy.utils.sitemap.Sitemap._process_sitemap_element event=line locals={'el': '<Element lastmod at 0x7ac8b2f46f40>'}
2026-08-23 04:33:14.222 /testbed/scrapy/utils/sitemap.py:71 scrapy.utils.sitemap.Sitemap._process_sitemap_element event=line locals={}
2026-08-23 04:33:14.222 /testbed/scrapy/utils/sitemap.py:72 scrapy.utils.sitemap.Sitemap._process_sitemap_element event=line locals={'tag_name': "'lastmod'"}
2026-08-23 04:33:14.222 /testbed/scrapy/utils/sitemap.py:75 scrapy.utils.sitemap.Sitemap._process_sitemap_element event=line locals={}
2026-08-23 04:33:14.222 /testbed/scrapy/utils/sitemap.py:79 scrapy.utils.sitemap.Sitemap._process_sitemap_element event=line locals={}
2026-08-23 04:33:14.222 /testbed/scrapy/utils/sitemap.py:80 scrapy.utils.sitemap.Sitemap._process_sitemap_element event=line locals={'d': "{'changefreq': 'value-69', 'loc': 'https://example.invalid/155/3', 'lastmod': 'value-82', 'priority': 'value-40'}"}
2026-08-23 04:33:14.222 /testbed/scrapy/utils/sitemap.py:83 scrapy.utils.sitemap.Sitemap._process_sitemap_element event=line locals={}
2026-08-23 04:33:14.222 /testbed/scrapy/utils/sitemap.py:69 scrapy.utils.sitemap.Sitemap._process_sitemap_element event=line locals={}
2026-08-23 04:33:14.222 /testbed/scrapy/utils/sitemap.py:70 scrapy.utils.sitemap.Sitemap._process_sitemap_element event=line locals={'el': '<Element lastmod at 0x7ac8b2f47080>'}
2026-08-23 04:33:14.222 /testbed/scrapy/utils/sitemap.py:71 scrapy.utils.sitemap.Sitemap._process_sitemap_element event=line locals={}
2026-08-23 04:33:14.222 /testbed/scrapy/utils/sitemap.py:72 scrapy.utils.sitemap.Sitemap._process_sitemap_element event=line locals={}
2026-08-23 04:33:14.222 /testbed/scrapy/utils/sitemap.py:75 scrapy.utils.sitemap.Sitemap._process_sitemap_element event=line locals={}
2026-08-23 04:33:14.222 /testbed/scrapy/utils/sitemap.py:79 scrapy.utils.sitemap.Sitemap._process_sitemap_element event=line locals={}
2026-08-23 04:33:14.222 /testbed/scrapy/utils/sitemap.py:80 scrapy.utils.sitemap.Sitemap._process_sitemap_element event=line locals={'d': "{'changefreq': 'value-69', 'loc': 'https://example.invalid/155/3', 'lastmod': 'value-95', 'priority': 'value-40'}"}
2026-08-23 04:33:14.222 /testbed/scrapy/utils/sitemap.py:83 scrapy.utils.sitemap.Sitemap._process_sitemap_element event=line locals={}
2026-08-23 04:33:14.222 /testbed/scrapy/utils/sitemap.py:69 scrapy.utils.sitemap.Sitemap._process_sitemap_element event=line locals={}
2026-08-23 04:33:14.222 /testbed/scrapy/utils/sitemap.py:70 scrapy.utils.sitemap.Sitemap._process_sitemap_element event=line locals={'el': '<Element lastmod at 0x7ac8b2f46f00>'}
2026-08-23 04:33:14.222 /testbed/scrapy/utils/sitemap.py:71 scrapy.utils.sitemap.Sitemap._process_sitemap_element event=line locals={}
2026-08-23 04:33:14.222 /testbed/scrapy/utils/sitemap.py:72 scrapy.utils.sitemap.Sitemap._process_sitemap_element event=line locals={}
2026-08-23 04:33:14.222 /testbed/scrapy/utils/sitemap.py:75 scrapy.utils.sitemap.Sitemap._process_sitemap_element event=line locals={}
2026-08-23 04:33:14.222 /testbed/scrapy/utils/sitemap.py:79 scrapy.utils.sitemap.Sitemap._process_sitemap_element event=line locals={}
2026-08-23 04:33:14.222 /testbed/scrapy/utils/sitemap.py:80 scrapy.utils.sitemap.Sitemap._process_sitemap_element event=line locals={'d': "{'changefreq': 'value-69', 'loc': 'https://example.invalid/155/3', 'lastmod': 'value-7', 'priority': 'value-40'}"}
2026-08-23 04:33:14.222 /testbed/scrapy/utils/sitemap.py:83 scrapy.utils.sitemap.Sitemap._process_sitemap_element event=line locals={}
2026-08-23 04:33:14.222 /testbed/scrapy/utils/sitemap.py:69 scrapy.utils.sitemap.Sitemap._process_sitemap_element event=line locals={}
2026-08-23 04:33:14.222 /testbed/scrapy/utils/sitemap.py:70 scrapy.utils.sitemap.Sitemap._process_sitemap_element event=line locals={'el': '<Element {http://www.w3.org/1999/xhtml}link at 0x7ac8b2f46f40>'}
2026-08-23 04:33:14.222 /testbed/scrapy/utils/sitemap.py:71 scrapy.utils.sitemap.Sitemap._process_sitemap_element event=line locals={}
2026-08-23 04:33:14.223 /testbed/scrapy/utils/sitemap.py:72 scrapy.utils.sitemap.Sitemap._process_sitemap_element event=line locals={'tag_name': "'link'"}
2026-08-23 04:33:14.223 /testbed/scrapy/utils/sitemap.py:75 scrapy.utils.sitemap.Sitemap._process_sitemap_element event=line locals={}
2026-08-23 04:33:14.223 /testbed/scrapy/utils/sitemap.py:76 scrapy.utils.sitemap.Sitemap._process_sitemap_element event=line locals={}
2026-08-23 04:33:14.223 /testbed/scrapy/utils/sitemap.py:77 scrapy.utils.sitemap.Sitemap._process_sitemap_element event=line locals={'href': "'https://mirror.invalid/ff/1'"}
2026-08-23 04:33:14.223 /testbed/scrapy/utils/sitemap.py:83 scrapy.utils.sitemap.Sitemap._process_sitemap_element event=line locals={}
2026-08-23 04:33:14.223 /testbed/scrapy/utils/sitemap.py:69 scrapy.utils.sitemap.Sitemap._process_sitemap_element event=line locals={}
2026-08-23 04:33:14.223 /testbed/scrapy/utils/sitemap.py:70 scrapy.utils.sitemap.Sitemap._process_sitemap_element event=line locals={'el': '<!--generated-256-->'}
2026-08-23 04:33:14.223 /testbed/scrapy/utils/sitemap.py:71 scrapy.utils.sitemap.Sitemap._process_sitemap_element event=line locals={}
2026-08-23 04:33:14.223 /testbed/scrapy/utils/sitemap.py:72 scrapy.utils.sitemap.Sitemap._process_sitemap_element event=line locals={'tag_name': "''"}
2026-08-23 04:33:14.223 /testbed/scrapy/utils/sitemap.py:73 scrapy.utils.sitemap.Sitemap._process_sitemap_element event=line locals={}
2026-08-23 04:33:14.223 /testbed/scrapy/utils/sitemap.py:83 scrapy.utils.sitemap.Sitemap._process_sitemap_element event=line locals={}
2026-08-23 04:33:14.223 /testbed/scrapy/utils/sitemap.py:69 scrapy.utils.sitemap.Sitemap._process_sitemap_element event=line locals={}
2026-08-23 04:33:14.223 /testbed/scrapy/utils/sitemap.py:70 scrapy.utils.sitemap.Sitemap._process_sitemap_element event=line locals={'el': '<Element priority at 0x7ac8b2f46e80>'}
2026-08-23 04:33:14.223 /testbed/scrapy/utils/sitemap.py:71 scrapy.utils.sitemap.Sitemap._process_sitemap_element event=line locals={}
2026-08-23 04:33:14.223 /testbed/scrapy/utils/sitemap.py:72 scrapy.utils.sitemap.Sitemap._process_sitemap_element event=line locals={'tag_name': "'priority'"}
2026-08-23 04:33:14.223 /testbed/scrapy/utils/sitemap.py:75 scrapy.utils.sitemap.Sitemap._process_sitemap_element event=line locals={}
2026-08-23 04:33:14.223 /testbed/scrapy/utils/sitemap.py:79 scrapy.utils.sitemap.Sitemap._process_sitemap_element event=line locals={}
2026-08-23 04:33:14.223 /testbed/scrapy/utils/sitemap.py:80 scrapy.utils.sitemap.Sitemap._process_sitemap_element event=line locals={'d': "{'changefreq': 'value-69', 'loc': 'https://example.invalid/155/3', 'lastmod': 'value-7', 'priority': 'value-46'}"}
2026-08-23 04:33:14.223 /testbed/scrapy/utils/sitemap.py:83 scrapy.utils.sitemap.Sitemap._process_sitemap_element event=line locals={}
2026-08-23 04:33:14.223 /testbed/scrapy/utils/sitemap.py:69 scrapy.utils.sitemap.Sitemap._process_sitemap_element event=line locals={}
2026-08-23 04:33:14.223 /testbed/scrapy/utils/sitemap.py:70 scrapy.utils.sitemap.Sitemap._process_sitemap_element event=line locals={'el': '<Element lastmod at 0x7ac8b2f46f40>'}
2026-08-23 04:33:14.223 /testbed/scrapy/utils/sitemap.py:71 scrapy.utils.sitemap.Sitemap._process_sitemap_element event=line locals={}
2026-08-23 04:33:14.223 /testbed/scrapy/utils/sitemap.py:72 scrapy.utils.sitemap.Sitemap._process_sitemap_element event=line locals={'tag_name': "'lastmod'"}
2026-08-23 04:33:14.223 /testbed/scrapy/utils/sitemap.py:75 scrapy.utils.sitemap.Sitemap._process_sitemap_element event=line locals={}
2026-08-23 04:33:14.223 /testbed/scrapy/utils/sitemap.py:79 scrapy.utils.sitemap.Sitemap._process_sitemap_element event=line locals={}
2026-08-23 04:33:14.223 /testbed/scrapy/utils/sitemap.py:80 scrapy.utils.sitemap.Sitemap._process_sitemap_element event=line locals={'d': "{'changefreq': 'value-69', 'loc': 'https://example.invalid/155/3', 'lastmod': 'value-59', 'priority': 'value-46'}"}
2026-08-23 04:33:14.223 /testbed/scrapy/utils/sitemap.py:83 scrapy.utils.sitemap.Sitemap._process_sitemap_element event=line locals={}
2026-08-23 04:33:14.223 /testbed/scrapy/utils/sitemap.py:69 scrapy.utils.sitemap.Sitemap._process_sitemap_element event=line locals={}
2026-08-23 04:33:14.223 /testbed/scrapy/utils/sitemap.py:70 scrapy.utils.sitemap.Sitemap._process_sitemap_element event=line locals={'el': '<Element changefreq at 0x7ac8b2f46d40>'}
2026-08-23 04:33:14.223 /testbed/scrapy/utils/sitemap.py:71 scrapy.utils.sitemap.Sitemap._process_sitemap_element event=line locals={}
2026-08-23 04:33:14.223 /testbed/scrapy/utils/sitemap.py:72 scrapy.utils.sitemap.Sitemap._process_sitemap_element event=line locals={'tag_name': "'changefreq'"}
2026-08-23 04:33:14.223 /testbed/scrapy/utils/sitemap.py:75 scrapy.utils.sitemap.Sitemap._process_sitemap_element event=line locals={}
2026-08-23 04:33:14.223 /testbed/scrapy/utils/sitemap.py:79 scrapy.utils.sitemap.Sitemap._process_sitemap_element event=line locals={}
2026-08-23 04:33:14.223 /testbed/scrapy/utils/sitemap.py:80 scrapy.utils.sitemap.Sitemap._process_sitemap_element event=line locals={'d': "{'changefreq': 'value-72', 'loc': 'https://example.invalid/155/3', 'lastmod': 'value-59', 'priority': 'value-46'}"}
2026-08-23 04:33:14.223 /testbed/scrapy/utils/sitemap.py:83 scrapy.utils.sitemap.Sitemap._process_sitemap_element event=line locals={}
2026-08-23 04:33:14.223 /testbed/scrapy/utils/sitemap.py:69 scrapy.utils.sitemap.Sitemap._process_sitemap_element event=line locals={}
2026-08-23 04:33:14.223 /testbed/scrapy/utils/sitemap.py:70 scrapy.utils.sitemap.Sitemap._process_sitemap_element event=line locals={'el': '<Element lastmod at 0x7ac8b2f46e80>'}
2026-08-23 04:33:14.223 /testbed/scrapy/utils/sitemap.py:71 scrapy.utils.sitemap.Sitemap._process_sitemap_element event=line locals={}
2026-08-23 04:33:14.223 /testbed/scrapy/utils/sitemap.py:72 scrapy.utils.sitemap.Sitemap._process_sitemap_element event=line locals={'tag_name': "'lastmod'"}
2026-08-23 04:33:14.223 /testbed/scrapy/utils/sitemap.py:75 scrapy.utils.sitemap.Sitemap._process_sitemap_element event=line locals={}
2026-08-23 04:33:14.223 /testbed/scrapy/utils/sitemap.py:79 scrapy.utils.sitemap.Sitemap._process_sitemap_element event=line locals={}
2026-08-23 04:33:14.223 /testbed/scrapy/utils/sitemap.py:80 scrapy.utils.sitemap.Sitemap._process_sitemap_element event=line locals={'d': "{'changefreq': 'value-72', 'loc': 'https://example.invalid/155/3', 'lastmod': 'value-85', 'priority': 'value-46'}"}
2026-08-23 04:33:14.223 /testbed/scrapy/utils/sitemap.py:83 scrapy.utils.sitemap.Sitemap._process_sitemap_element event=line locals={}
2026-08-23 04:33:14.223 /testbed/scrapy/utils/sitemap.py:69 scrapy.utils.sitemap.Sitemap._process_sitemap_element event=line locals={}
2026-08-23 04:33:14.223 /testbed/scrapy/utils/sitemap.py:70 scrapy.utils.sitemap.Sitemap._process_sitemap_element event=line locals={'el': '<Element priority at 0x7ac8b2f46f40>'}
2026-08-23 04:33:14.223 /testbed/scrapy/utils/sitemap.py:71 scrapy.utils.sitemap.Sitemap._process_sitemap_element event=line locals={}
2026-08-23 04:33:14.223 /testbed/scrapy/utils/sitemap.py:72 scrapy.utils.sitemap.Sitemap._process_sitemap_element event=line locals={'tag_name': "'priority'"}
2026-08-23 04:33:14.223 /testbed/scrapy/utils/sitemap.py:75 scrapy.utils.sitemap.Sitemap._process_sitemap_element event=line locals={}
2026-08-23 04:33:14.223 /testbed/scrapy/utils/sitemap.py:79 scrapy.utils.sitemap.Sitemap._process_sitemap_element event=line locals={}
2026-08-23 04:33:14.223 /testbed/scrapy/utils/sitemap.py:80 scrapy.utils.sitemap.Sitemap._process_sitemap_element event=line locals={'d': "{'changefreq': 'value-72', 'loc': 'https://example.invalid/155/3', 'lastmod': 'value-85', 'priority': 'value-98'}"}
2026-08-23 04:33:14.223 /testbed/scrapy/utils/sitemap.py:83 scrapy.utils.sitemap.Sitemap._process_sitemap_element event=line locals={}
2026-08-23 04:33:14.223 /testbed/scrapy/utils/sitemap.py:69 scrapy.utils.sitemap.Sitemap._process_sitemap_element event=line locals={}
2026-08-23 04:33:14.224 /testbed/scrapy/utils/sitemap.py:70 scrapy.utils.sitemap.Sitemap._process_sitemap_element event=line locals={'el': '<!--generated-262-->'}
2026-08-23 04:33:14.224 /testbed/scrapy/utils/sitemap.py:71 scrapy.utils.sitemap.Sitemap._process_sitemap_element event=line locals={}
2026-08-23 04:33:14.224 /testbed/scrapy/utils/sitemap.py:72 scrapy.utils.sitemap.Sitemap._process_sitemap_element event=line locals={'tag_name': "''"}
2026-08-23 04:33:14.224 /testbed/scrapy/utils/sitemap.py:73 scrapy.utils.sitemap.Sitemap._process_sitemap_element event=line locals={}
2026-08-23 04:33:14.224 /testbed/scrapy/utils/sitemap.py:83 scrapy.utils.sitemap.Sitemap._process_sitemap_element event=line locals={}
2026-08-23 04:33:14.224 /testbed/scrapy/utils/sitemap.py:69 scrapy.utils.sitemap.Sitemap._process_sitemap_element event=line locals={}
2026-08-23 04:33:14.224 /testbed/scrapy/utils/sitemap.py:70 scrapy.utils.sitemap.Sitemap._process_sitemap_element event=line locals={'el': '<Element changefreq at 0x7ac8b2f46e80>'}
2026-08-23 04:33:14.224 /testbed/scrapy/utils/sitemap.py:71 scrapy.utils.sitemap.Sitemap._process_sitemap_element event=line locals={}
2026-08-23 04:33:14.224 /testbed/scrapy/utils/sitemap.py:72 scrapy.utils.sitemap.Sitemap._process_sitemap_element event=line locals={'tag_name': "'changefreq'"}
2026-08-23 04:33:14.224 /testbed/scrapy/utils/sitemap.py:75 scrapy.utils.sitemap.Sitemap._process_sitemap_element event=line locals={}
2026-08-23 04:33:14.224 /testbed/scrapy/utils/sitemap.py:79 scrapy.utils.sitemap.Sitemap._process_sitemap_element event=line locals={}
2026-08-23 04:33:14.224 /testbed/scrapy/utils/sitemap.py:80 scrapy.utils.sitemap.Sitemap._process_sitemap_element event=line locals={'d': "{'changefreq': 'value-23', 'loc': 'https://example.invalid/155/3', 'lastmod': 'value-85', 'priority': 'value-98'}"}
2026-08-23 04:33:14.224 /testbed/scrapy/utils/sitemap.py:83 scrapy.utils.sitemap.Sitemap._process_sitemap_element event=line locals={}
2026-08-23 04:33:14.224 /testbed/scrapy/utils/sitemap.py:69 scrapy.utils.sitemap.Sitemap._process_sitemap_element event=line locals={}
2026-08-23 04:33:14.224 /testbed/scrapy/utils/sitemap.py:70 scrapy.utils.sitemap.Sitemap._process_sitemap_element event=line locals={'el': '<Element lastmod at 0x7ac8b2f46f40>'}
2026-08-23 04:33:14.224 /testbed/scrapy/utils/sitemap.py:71 scrapy.utils.sitemap.Sitemap._process_sitemap_element event=line locals={}
2026-08-23 04:33:14.224 /testbed/scrapy/utils/sitemap.py:72 scrapy.utils.sitemap.Sitemap._process_sitemap_element event=line locals={'tag_name': "'lastmod'"}
2026-08-23 04:33:14.224 /testbed/scrapy/utils/sitemap.py:75 scrapy.utils.sitemap.Sitemap._process_sitemap_element event=line locals={}
2026-08-23 04:33:14.224 /testbed/scrapy/utils/sitemap.py:79 scrapy.utils.sitemap.Sitemap._process_sitemap_element event=line locals={}
2026-08-23 04:33:14.224 /testbed/scrapy/utils/sitemap.py:80 scrapy.utils.sitemap.Sitemap._process_sitemap_element event=line locals={'d': "{'changefreq': 'value-23', 'loc': 'https://example.invalid/155/3', 'lastmod': 'value-36', 'priority': 'value-98'}"}
2026-08-23 04:33:14.224 /testbed/scrapy/utils/sitemap.py:83 scrapy.utils.sitemap.Sitemap._process_sitemap_element event=line locals={}
2026-08-23 04:33:14.224 /testbed/scrapy/utils/sitemap.py:69 scrapy.utils.sitemap.Sitemap._process_sitemap_element event=line locals={}
2026-08-23 04:33:14.224 /testbed/scrapy/utils/sitemap.py:70 scrapy.utils.sitemap.Sitemap._process_sitemap_element event=line locals={'el': '<Element {http://www.w3.org/1999/xhtml}link at 0x7ac8b2f46f80>'}
2026-08-23 04:33:14.224 /testbed/scrapy/utils/sitemap.py:71 scrapy.utils.sitemap.Sitemap._process_sitemap_element event=line locals={}
2026-08-23 04:33:14.224 /testbed/scrapy/utils/sitemap.py:72 scrapy.utils.sitemap.Sitemap._process_sitemap_element event=line locals={'tag_name': "'link'"}
2026-08-23 04:33:14.224 /testbed/scrapy/utils/sitemap.py:75 scrapy.utils.sitemap.Sitemap._process_sitemap_element event=line locals={}
2026-08-23 04:33:14.224 /testbed/scrapy/utils/sitemap.py:76 scrapy.utils.sitemap.Sitemap._process_sitemap_element event=line locals={}
2026-08-23 04:33:14.224 /testbed/scrapy/utils/sitemap.py:77 scrapy.utils.sitemap.Sitemap._process_sitemap_element event=line locals={'href': "'https://mirror.invalid/109/1'"}
2026-08-23 04:33:14.224 /testbed/scrapy/utils/sitemap.py:83 scrapy.utils.sitemap.Sitemap._process_sitemap_element event=line locals={}
2026-08-23 04:33:14.224 /testbed/scrapy/utils/sitemap.py:69 scrapy.utils.sitemap.Sitemap._process_sitemap_element event=line locals={}
2026-08-23 04:33:14.224 /testbed/scrapy/utils/sitemap.py:70 scrapy.utils.sitemap.Sitemap._process_sitemap_element event=line locals={'el': '<!--generated-266-->'}
2026-08-23 04:33:14.224 /testbed/scrapy/utils/sitemap.py:71 scrapy.utils.sitemap.Sitemap._process_sitemap_element event=line locals={}
2026-08-23 04:33:14.224 /testbed/scrapy/utils/sitemap.py:72 scrapy.utils.sitemap.Sitemap._process_sitemap_element event=line locals={'tag_name': "''"}
2026-08-23 04:33:14.224 /testbed/scrapy/utils/sitemap.py:73 scrapy.utils.sitemap.Sitemap._process_sitemap_element event=line locals={}
2026-08-23 04:33:14.224 /testbed/scrapy/utils/sitemap.py:83 scrapy.utils.sitemap.Sitemap._process_sitemap_element event=line locals={}
2026-08-23 04:33:14.224 /testbed/scrapy/utils/sitemap.py:69 scrapy.utils.sitemap.Sitemap._process_sitemap_element event=line locals={}
2026-08-23 04:33:14.224 /testbed/scrapy/utils/sitemap.py:70 scrapy.utils.sitemap.Sitemap._process_sitemap_element event=line locals={'el': '<Element lastmod at 0x7ac8b2f46f00>'}
2026-08-23 04:33:14.224 /testbed/scrapy/utils/sitemap.py:71 scrapy.utils.sitemap.Sitemap._process_sitemap_element event=line locals={}
2026-08-23 04:33:14.224 /testbed/scrapy/utils/sitemap.py:72 scrapy.utils.sitemap.Sitemap._process_sitemap_element event=line locals={'tag_name': "'lastmod'"}
2026-08-23 04:33:14.224 /testbed/scrapy/utils/sitemap.py:75 scrapy.utils.sitemap.Sitemap._process_sitemap_element event=line locals={}
2026-08-23 04:33:14.224 /testbed/scrapy/utils/sitemap.py:79 scrapy.utils.sitemap.Sitemap._process_sitemap_element event=line locals={}
2026-08-23 04:33:14.224 /testbed/scrapy/utils/sitemap.py:80 scrapy.utils.sitemap.Sitemap._process_sitemap_element event=line locals={'d': "{'changefreq': 'value-23', 'loc': 'https://example.invalid/155/3', 'lastmod': 'value-75', 'priority': 'value-98'}"}
2026-08-23 04:33:14.224 /testbed/scrapy/utils/sitemap.py:83 scrapy.utils.sitemap.Sitemap._process_sitemap_element event=line locals={}
2026-08-23 04:33:14.224 /testbed/scrapy/utils/sitemap.py:69 scrapy.utils.sitemap.Sitemap._process_sitemap_element event=line locals={}
2026-08-23 04:33:14.224 /testbed/scrapy/utils/sitemap.py:70 scrapy.utils.sitemap.Sitemap._process_sitemap_element event=line locals={'el': '<Element lastmod at 0x7ac8b2f46f80>'}
2026-08-23 04:33:14.224 /testbed/scrapy/utils/sitemap.py:71 scrapy.utils.sitemap.Sitemap._process_sitemap_element event=line locals={}
2026-08-23 04:33:14.224 /testbed/scrapy/utils/sitemap.py:72 scrapy.utils.sitemap.Sitemap._process_sitemap_element event=line locals={}
2026-08-23 04:33:14.224 /testbed/scrapy/utils/sitemap.py:75 scrapy.utils.sitemap.Sitemap._process_sitemap_element event=line locals={}
2026-08-23 04:33:14.224 /testbed/scrapy/utils/sitemap.py:79 scrapy.utils.sitemap.Sitemap._process_sitemap_element event=line locals={}
2026-08-23 04:33:14.224 /testbed/scrapy/utils/sitemap.py:80 scrapy.utils.sitemap.Sitemap._process_sitemap_element event=line locals={'d': "{'changefreq': 'value-23', 'loc': 'https://example.invalid/155/3', 'lastmod': 'value-88', 'priority': 'value-98'}"}
2026-08-23 04:33:14.224 /testbed/scrapy/utils/sitemap.py:83 scrapy.utils.sitemap.Sitemap._process_sitemap_element event=line locals={}
2026-08-23 04:33:14.225 /testbed/scrapy/utils/sitemap.py:69 scrapy.utils.sitemap.Sitemap._process_sitemap_element event=line locals={}
2026-08-23 04:33:14.225 /testbed/scrapy/utils/sitemap.py:70 scrapy.utils.sitemap.Sitemap._process_sitemap_element event=line locals={'el': '<Element changefreq at 0x7ac8b2f46d80>'}
2026-08-23 04:33:14.225 /testbed/scrapy/utils/sitemap.py:71 scrapy.utils.sitemap.Sitemap._process_sitemap_element event=line locals={}
2026-08-23 04:33:14.225 /testbed/scrapy/utils/sitemap.py:72 scrapy.utils.sitemap.Sitemap._process_sitemap_element event=line locals={'tag_name': "'changefreq'"}
2026-08-23 04:33:14.225 /testbed/scrapy/utils/sitemap.py:75 scrapy.utils.sitemap.Sitemap._process_sitemap_element event=line locals={}
2026-08-23 04:33:14.225 /testbed/scrapy/utils/sitemap.py:79 scrapy.utils.sitemap.Sitemap._process_sitemap_element event=line locals={}
2026-08-23 04:33:14.225 /testbed/scrapy/utils/sitemap.py:80 scrapy.utils.sitemap.Sitemap._process_sitemap_element event=line locals={'d': "{'changefreq': 'value-0', 'loc': 'https://example.invalid/155/3', 'lastmod': 'value-88', 'priority': 'value-98'}"}
2026-08-23 04:33:14.225 /testbed/scrapy/utils/sitemap.py:83 scrapy.utils.sitemap.Sitemap._process_sitemap_element event=line locals={}
2026-08-23 04:33:14.225 /testbed/scrapy/utils/sitemap.py:69 scrapy.utils.sitemap.Sitemap._process_sitemap_element event=line locals={}
2026-08-23 04:33:14.225 /testbed/scrapy/utils/sitemap.py:70 scrapy.utils.sitemap.Sitemap._process_sitemap_element event=line locals={'el': '<Element changefreq at 0x7ac8b2f46f00>'}
2026-08-23 04:33:14.225 /testbed/scrapy/utils/sitemap.py:71 scrapy.utils.sitemap.Sitemap._process_sitemap_element event=line locals={}
2026-08-23 04:33:14.225 /testbed/scrapy/utils/sitemap.py:72 scrapy.utils.sitemap.Sitemap._process_sitemap_element event=line locals={}
2026-08-23 04:33:14.225 /testbed/scrapy/utils/sitemap.py:75 scrapy.utils.sitemap.Sitemap._process_sitemap_element event=line locals={}
2026-08-23 04:33:14.225 /testbed/scrapy/utils/sitemap.py:79 scrapy.utils.sitemap.Sitemap._process_sitemap_element event=line locals={}
2026-08-23 04:33:14.225 /testbed/scrapy/utils/sitemap.py:80 scrapy.utils.sitemap.Sitemap._process_sitemap_element event=line locals={'d': "{'changefreq': 'value-13', 'loc': 'https://example.invalid/155/3', 'lastmod': 'value-88', 'priority': 'value-98'}"}
2026-08-23 04:33:14.225 /testbed/scrapy/utils/sitemap.py:83 scrapy.utils.sitemap.Sitemap._process_sitemap_element event=line locals={}
2026-08-23 04:33:14.225 /testbed/scrapy/utils/sitemap.py:69 scrapy.utils.sitemap.Sitemap._process_sitemap_element event=line locals={}
2026-08-23 04:33:14.225 /testbed/scrapy/utils/sitemap.py:70 scrapy.utils.sitemap.Sitemap._process_sitemap_element event=line locals={'el': '<Element lastmod at 0x7ac8b2f46f80>'}
2026-08-23 04:33:14.225 /testbed/scrapy/utils/sitemap.py:71 scrapy.utils.sitemap.Sitemap._process_sitemap_element event=line locals={}
2026-08-23 04:33:14.225 /testbed/scrapy/utils/sitemap.py:72 scrapy.utils.sitemap.Sitemap._process_sitemap_element event=line locals={'tag_name': "'lastmod'"}
2026-08-23 04:33:14.225 /testbed/scrapy/utils/sitemap.py:75 scrapy.utils.sitemap.Sitemap._process_sitemap_element event=line locals={}
2026-08-23 04:33:14.225 /testbed/scrapy/utils/sitemap.py:79 scrapy.utils.sitemap.Sitemap._process_sitemap_element event=line locals={}
2026-08-23 04:33:14.225 /testbed/scrapy/utils/sitemap.py:80 scrapy.utils.sitemap.Sitemap._process_sitemap_element event=line locals={'d': "{'changefreq': 'value-13', 'loc': 'https://example.invalid/155/3', 'lastmod': 'value-26', 'priority': 'value-98'}"}
2026-08-23 04:33:14.225 /testbed/scrapy/utils/sitemap.py:83 scrapy.utils.sitemap.Sitemap._process_sitemap_element event=line locals={}
2026-08-23 04:33:14.225 /testbed/scrapy/utils/sitemap.py:69 scrapy.utils.sitemap.Sitemap._process_sitemap_element event=line locals={}
2026-08-23 04:33:14.225 /testbed/scrapy/utils/sitemap.py:70 scrapy.utils.sitemap.Sitemap._process_sitemap_element event=line locals={'el': '<Element lastmod at 0x7ac8b2f46d80>'}
2026-08-23 04:33:14.225 /testbed/scrapy/utils/sitemap.py:71 scrapy.utils.sitemap.Sitemap._process_sitemap_element event=line locals={}
2026-08-23 04:33:14.225 /testbed/scrapy/utils/sitemap.py:72 scrapy.utils.sitemap.Sitemap._process_sitemap_element event=line locals={}
2026-08-23 04:33:14.225 /testbed/scrapy/utils/sitemap.py:75 scrapy.utils.sitemap.Sitemap._process_sitemap_element event=line locals={}
2026-08-23 04:33:14.225 /testbed/scrapy/utils/sitemap.py:79 scrapy.utils.sitemap.Sitemap._process_sitemap_element event=line locals={}
2026-08-23 04:33:14.225 /testbed/scrapy/utils/sitemap.py:80 scrapy.utils.sitemap.Sitemap._process_sitemap_element event=line locals={'d': "{'changefreq': 'value-13', 'loc': 'https://example.invalid/155/3', 'lastmod': 'value-39', 'priority': 'value-98'}"}
2026-08-23 04:33:14.225 /testbed/scrapy/utils/sitemap.py:83 scrapy.utils.sitemap.Sitemap._process_sitemap_element event=line locals={}
2026-08-23 04:33:14.225 /testbed/scrapy/utils/sitemap.py:69 scrapy.utils.sitemap.Sitemap._process_sitemap_element event=line locals={}
2026-08-23 04:33:14.225 /testbed/scrapy/utils/sitemap.py:70 scrapy.utils.sitemap.Sitemap._process_sitemap_element event=line locals={'el': '<Element changefreq at 0x7ac8b2f46f00>'}
2026-08-23 04:33:14.225 /testbed/scrapy/utils/sitemap.py:71 scrapy.utils.sitemap.Sitemap._process_sitemap_element event=line locals={}
2026-08-23 04:33:14.225 /testbed/scrapy/utils/sitemap.py:72 scrapy.utils.sitemap.Sitemap._process_sitemap_element event=line locals={'tag_name': "'changefreq'"}
2026-08-23 04:33:14.225 /testbed/scrapy/utils/sitemap.py:75 scrapy.utils.sitemap.Sitemap._process_sitemap_element event=line locals={}
2026-08-23 04:33:14.225 /testbed/scrapy/utils/sitemap.py:79 scrapy.utils.sitemap.Sitemap._process_sitemap_element event=line locals={}
2026-08-23 04:33:14.225 /testbed/scrapy/utils/sitemap.py:80 scrapy.utils.sitemap.Sitemap._process_sitemap_element event=line locals={'d': "{'changefreq': 'value-52', 'loc': 'https://example.invalid/155/3', 'lastmod': 'value-39', 'priority': 'value-98'}"}
2026-08-23 04:33:14.225 /testbed/scrapy/utils/sitemap.py:83 scrapy.utils.sitemap.Sitemap._process_sitemap_element event=line locals={}
2026-08-23 04:33:14.225 /testbed/scrapy/utils/sitemap.py:69 scrapy.utils.sitemap.Sitemap._process_sitemap_element event=line locals={}
2026-08-23 04:33:14.225 /testbed/scrapy/utils/sitemap.py:70 scrapy.utils.sitemap.Sitemap._process_sitemap_element event=line locals={'el': '<Element lastmod at 0x7ac8b2f46f80>'}
2026-08-23 04:33:14.225 /testbed/scrapy/utils/sitemap.py:71 scrapy.utils.sitemap.Sitemap._process_sitemap_element event=line locals={}
2026-08-23 04:33:14.225 /testbed/scrapy/utils/sitemap.py:72 scrapy.utils.sitemap.Sitemap._process_sitemap_element event=line locals={'tag_name': "'lastmod'"}
2026-08-23 04:33:14.225 /testbed/scrapy/utils/sitemap.py:75 scrapy.utils.sitemap.Sitemap._process_sitemap_element event=line locals={}
2026-08-23 04:33:14.225 /testbed/scrapy/utils/sitemap.py:79 scrapy.utils.sitemap.Sitemap._process_sitemap_element event=line locals={}
2026-08-23 04:33:14.225 /testbed/scrapy/utils/sitemap.py:80 scrapy.utils.sitemap.Sitemap._process_sitemap_element event=line locals={'d': "{'changefreq': 'value-52', 'loc': 'https://example.invalid/155/3', 'lastmod': 'value-65', 'priority': 'value-98'}"}
2026-08-23 04:33:14.225 /testbed/scrapy/utils/sitemap.py:83 scrapy.utils.sitemap.Sitemap._process_sitemap_element event=line locals={}
2026-08-23 04:33:14.225 /testbed/scrapy/utils/sitemap.py:69 scrapy.utils.sitemap.Sitemap._process_sitemap_element event=line locals={}
2026-08-23 04:33:14.225 /testbed/scrapy/utils/sitemap.py:70 scrapy.utils.sitemap.Sitemap._process_sitemap_element event=line locals={'el': '<Element lastmod at 0x7ac8b2f46d80>'}
2026-08-23 04:33:14.225 /testbed/scrapy/utils/sitemap.py:71 scrapy.utils.sitemap.Sitemap._process_sitemap_element event=line locals={}
2026-08-23 04:33:14.225 /testbed/scrapy/utils/sitemap.py:72 scrapy.utils.sitemap.Sitemap._process_sitemap_element event=line locals={}
2026-08-23 04:33:14.226 /testbed/scrapy/utils/sitemap.py:75 scrapy.utils.sitemap.Sitemap._process_sitemap_element event=line locals={}
2026-08-23 04:33:14.226 /testbed/scrapy/utils/sitemap.py:79 scrapy.utils.sitemap.Sitemap._process_sitemap_element event=line locals={}
2026-08-23 04:33:14.226 /testbed/scrapy/utils/sitemap.py:80 scrapy.utils.sitemap.Sitemap._process_sitemap_element event=line locals={'d': "{'changefreq': 'value-52', 'loc': 'https://example.invalid/155/3', 'lastmod': 'value-78', 'priority': 'value-98'}"}
2026-08-23 04:33:14.226 /testbed/scrapy/utils/sitemap.py:83 scrapy.utils.sitemap.Sitemap._process_sitemap_element event=line locals={}
2026-08-23 04:33:14.226 /testbed/scrapy/utils/sitemap.py:69 scrapy.utils.sitemap.Sitemap._process_sitemap_element event=line locals={}
2026-08-23 04:33:14.226 /testbed/scrapy/utils/sitemap.py:70 scrapy.utils.sitemap.Sitemap._process_sitemap_element event=line locals={'el': '<Element {http://www.w3.org/1999/xhtml}link at 0x7ac8b2f46f00>'}
2026-08-23 04:33:14.226 /testbed/scrapy/utils/sitemap.py:71 scrapy.utils.sitemap.Sitemap._process_sitemap_element event=line locals={}
2026-08-23 04:33:14.226 /testbed/scrapy/utils/sitemap.py:72 scrapy.utils.sitemap.Sitemap._process_sitemap_element event=line locals={'tag_name': "'link'"}
2026-08-23 04:33:14.226 /testbed/scrapy/utils/sitemap.py:75 scrapy.utils.sitemap.Sitemap._process_sitemap_element event=line locals={}
2026-08-23 04:33:14.226 /testbed/scrapy/utils/sitemap.py:76 scrapy.utils.sitemap.Sitemap._process_sitemap_element event=line locals={}
2026-08-23 04:33:14.226 /testbed/scrapy/utils/sitemap.py:83 scrapy.utils.sitemap.Sitemap._process_sitemap_element event=line locals={'href': 'None'}
2026-08-23 04:33:14.226 /testbed/scrapy/utils/sitemap.py:69 scrapy.utils.sitemap.Sitemap._process_sitemap_element event=line locals={}
2026-08-23 04:33:14.226 /testbed/scrapy/utils/sitemap.py:70 scrapy.utils.sitemap.Sitemap._process_sitemap_element event=line locals={'el': '<Element changefreq at 0x7ac8b2f46f80>'}
2026-08-23 04:33:14.226 /testbed/scrapy/utils/sitemap.py:71 scrapy.utils.sitemap.Sitemap._process_sitemap_element event=line locals={}
2026-08-23 04:33:14.226 /testbed/scrapy/utils/sitemap.py:72 scrapy.utils.sitemap.Sitemap._process_sitemap_element event=line locals={'tag_name': "'changefreq'"}
2026-08-23 04:33:14.226 /testbed/scrapy/utils/sitemap.py:75 scrapy.utils.sitemap.Sitemap._process_sitemap_element event=line locals={}
2026-08-23 04:33:14.226 /testbed/scrapy/utils/sitemap.py:79 scrapy.utils.sitemap.Sitemap._process_sitemap_element event=line locals={}
2026-08-23 04:33:14.226 /testbed/scrapy/utils/sitemap.py:80 scrapy.utils.sitemap.Sitemap._process_sitemap_element event=line locals={'d': "{'changefreq': 'value-3', 'loc': 'https://example.invalid/155/3', 'lastmod': 'value-78', 'priority': 'value-98'}"}
2026-08-23 04:33:14.226 /testbed/scrapy/utils/sitemap.py:83 scrapy.utils.sitemap.Sitemap._process_sitemap_element event=line locals={}
2026-08-23 04:33:14.226 /testbed/scrapy/utils/sitemap.py:69 scrapy.utils.sitemap.Sitemap._process_sitemap_element event=line locals={}
2026-08-23 04:33:14.226 /testbed/scrapy/utils/sitemap.py:70 scrapy.utils.sitemap.Sitemap._process_sitemap_element event=line locals={'el': '<Element changefreq at 0x7ac8b2f47080>'}
2026-08-23 04:33:14.226 /testbed/scrapy/utils/sitemap.py:71 scrapy.utils.sitemap.Sitemap._process_sitemap_element event=line locals={}
2026-08-23 04:33:14.226 /testbed/scrapy/utils/sitemap.py:72 scrapy.utils.sitemap.Sitemap._process_sitemap_element event=line locals={}
2026-08-23 04:33:14.226 /testbed/scrapy/utils/sitemap.py:75 scrapy.utils.sitemap.Sitemap._process_sitemap_element event=line locals={}
2026-08-23 04:33:14.226 /testbed/scrapy/utils/sitemap.py:79 scrapy.utils.sitemap.Sitemap._process_sitemap_element event=line locals={}
2026-08-23 04:33:14.226 /testbed/scrapy/utils/sitemap.py:80 scrapy.utils.sitemap.Sitemap._process_sitemap_element event=line locals={'d': "{'changefreq': 'value-16', 'loc': 'https://example.invalid/155/3', 'lastmod': 'value-78', 'priority': 'value-98'}"}
2026-08-23 04:33:14.226 /testbed/scrapy/utils/sitemap.py:83 scrapy.utils.sitemap.Sitemap._process_sitemap_element event=line locals={}
2026-08-23 04:33:14.226 /testbed/scrapy/utils/sitemap.py:69 scrapy.utils.sitemap.Sitemap._process_sitemap_element event=line locals={}
2026-08-23 04:33:14.226 /testbed/scrapy/utils/sitemap.py:70 scrapy.utils.sitemap.Sitemap._process_sitemap_element event=line locals={'el': '<Element lastmod at 0x7ac8b2f470c0>'}
2026-08-23 04:33:14.226 /testbed/scrapy/utils/sitemap.py:71 scrapy.utils.sitemap.Sitemap._process_sitemap_element event=line locals={}
2026-08-23 04:33:14.226 /testbed/scrapy/utils/sitemap.py:72 scrapy.utils.sitemap.Sitemap._process_sitemap_element event=line locals={'tag_name': "'lastmod'"}
2026-08-23 04:33:14.226 /testbed/scrapy/utils/sitemap.py:75 scrapy.utils.sitemap.Sitemap._process_sitemap_element event=line locals={}
2026-08-23 04:33:14.226 /testbed/scrapy/utils/sitemap.py:79 scrapy.utils.sitemap.Sitemap._process_sitemap_element event=line locals={}
2026-08-23 04:33:14.226 /testbed/scrapy/utils/sitemap.py:80 scrapy.utils.sitemap.Sitemap._process_sitemap_element event=line locals={'d': "{'changefreq': 'value-16', 'loc': 'https://example.invalid/155/3', 'lastmod': 'value-29', 'priority': 'value-98'}"}
2026-08-23 04:33:14.226 /testbed/scrapy/utils/sitemap.py:83 scrapy.utils.sitemap.Sitemap._process_sitemap_element event=line locals={}
2026-08-23 04:33:14.226 /testbed/scrapy/utils/sitemap.py:69 scrapy.utils.sitemap.Sitemap._process_sitemap_element event=line locals={}
2026-08-23 04:33:14.226 /testbed/scrapy/utils/sitemap.py:70 scrapy.utils.sitemap.Sitemap._process_sitemap_element event=line locals={'el': '<Element {http://www.w3.org/1999/xhtml}link at 0x7ac8b2f46ec0>'}
2026-08-23 04:33:14.226 /testbed/scrapy/utils/sitemap.py:71 scrapy.utils.sitemap.Sitemap._process_sitemap_element event=line locals={}
2026-08-23 04:33:14.226 /testbed/scrapy/utils/sitemap.py:72 scrapy.utils.sitemap.Sitemap._process_sitemap_element event=line locals={'tag_name': "'link'"}
2026-08-23 04:33:14.226 /testbed/scrapy/utils/sitemap.py:75 scrapy.utils.sitemap.Sitemap._process_sitemap_element event=line locals={}
2026-08-23 04:33:14.226 /testbed/scrapy/utils/sitemap.py:76 scrapy.utils.sitemap.Sitemap._process_sitemap_element event=line locals={}
2026-08-23 04:33:14.226 /testbed/scrapy/utils/sitemap.py:77 scrapy.utils.sitemap.Sitemap._process_sitemap_element event=line locals={'href': "'https://mirror.invalid/118/1'"}
2026-08-23 04:33:14.226 /testbed/scrapy/utils/sitemap.py:83 scrapy.utils.sitemap.Sitemap._process_sitemap_element event=line locals={}
2026-08-23 04:33:14.226 /testbed/scrapy/utils/sitemap.py:69 scrapy.utils.sitemap.Sitemap._process_sitemap_element event=line locals={}
2026-08-23 04:33:14.226 /testbed/scrapy/utils/sitemap.py:70 scrapy.utils.sitemap.Sitemap._process_sitemap_element event=line locals={'el': '<Element changefreq at 0x7ac8b2f47040>'}
2026-08-23 04:33:14.226 /testbed/scrapy/utils/sitemap.py:71 scrapy.utils.sitemap.Sitemap._process_sitemap_element event=line locals={}
2026-08-23 04:33:14.226 /testbed/scrapy/utils/sitemap.py:72 scrapy.utils.sitemap.Sitemap._process_sitemap_element event=line locals={'tag_name': "'changefreq'"}
2026-08-23 04:33:14.226 /testbed/scrapy/utils/sitemap.py:75 scrapy.utils.sitemap.Sitemap._process_sitemap_element event=line locals={}
2026-08-23 04:33:14.226 /testbed/scrapy/utils/sitemap.py:79 scrapy.utils.sitemap.Sitemap._process_sitemap_element event=line locals={}
2026-08-23 04:33:14.226 /testbed/scrapy/utils/sitemap.py:80 scrapy.utils.sitemap.Sitemap._process_sitemap_element event=line locals={'d': "{'changefreq': 'value-55', 'loc': 'https://example.invalid/155/3', 'lastmod': 'value-29', 'priority': 'value-98'}"}
2026-08-23 04:33:14.226 /testbed/scrapy/utils/sitemap.py:83 scrapy.utils.sitemap.Sitemap._process_sitemap_element event=line locals={}
2026-08-23 04:33:14.226 /testbed/scrapy/utils/sitemap.py:69 scrapy.utils.sitemap.Sitemap._process_sitemap_element event=line locals={}
2026-08-23 04:33:14.226 /testbed/scrapy/utils/sitemap.py:70 scrapy.utils.sitemap.Sitemap._process_sitemap_element event=line locals={'el': '<Element changefreq at 0x7ac8b2f46f40>'}
2026-08-23 04:33:14.227 /testbed/scrapy/utils/sitemap.py:71 scrapy.utils.sitemap.Sitemap._process_sitemap_element event=line locals={}
2026-08-23 04:33:14.227 /testbed/scrapy/utils/sitemap.py:72 scrapy.utils.sitemap.Sitemap._process_sitemap_element event=line locals={}
2026-08-23 04:33:14.227 /testbed/scrapy/utils/sitemap.py:75 scrapy.utils.sitemap.Sitemap._process_sitemap_element event=line locals={}
2026-08-23 04:33:14.227 /testbed/scrapy/utils/sitemap.py:79 scrapy.utils.sitemap.Sitemap._process_sitemap_element event=line locals={}
2026-08-23 04:33:14.227 /testbed/scrapy/utils/sitemap.py:80 scrapy.utils.sitemap.Sitemap._process_sitemap_element event=line locals={'d': "{'changefreq': 'value-68', 'loc': 'https://example.invalid/155/3', 'lastmod': 'value-29', 'priority': 'value-98'}"}
2026-08-23 04:33:14.227 /testbed/scrapy/utils/sitemap.py:83 scrapy.utils.sitemap.Sitemap._process_sitemap_element event=line locals={}
2026-08-23 04:33:14.227 /testbed/scrapy/utils/sitemap.py:69 scrapy.utils.sitemap.Sitemap._process_sitemap_element event=line locals={}
2026-08-23 04:33:14.227 /testbed/scrapy/utils/sitemap.py:70 scrapy.utils.sitemap.Sitemap._process_sitemap_element event=line locals={'el': '<Element changefreq at 0x7ac8b2f46ec0>'}
2026-08-23 04:33:14.227 /testbed/scrapy/utils/sitemap.py:71 scrapy.utils.sitemap.Sitemap._process_sitemap_element event=line locals={}
2026-08-23 04:33:14.227 /testbed/scrapy/utils/sitemap.py:72 scrapy.utils.sitemap.Sitemap._process_sitemap_element event=line locals={}
2026-08-23 04:33:14.227 /testbed/scrapy/utils/sitemap.py:75 scrapy.utils.sitemap.Sitemap._process_sitemap_element event=line locals={}
2026-08-23 04:33:14.227 /testbed/scrapy/utils/sitemap.py:79 scrapy.utils.sitemap.Sitemap._process_sitemap_element event=line locals={}
2026-08-23 04:33:14.227 /testbed/scrapy/utils/sitemap.py:80 scrapy.utils.sitemap.Sitemap._process_sitemap_element event=line locals={'d': "{'changefreq': 'value-81', 'loc': 'https://example.invalid/155/3', 'lastmod': 'value-29', 'priority': 'value-98'}"}
2026-08-23 04:33:14.227 /testbed/scrapy/utils/sitemap.py:83 scrapy.utils.sitemap.Sitemap._process_sitemap_element event=line locals={}
2026-08-23 04:33:14.227 /testbed/scrapy/utils/sitemap.py:69 scrapy.utils.sitemap.Sitemap._process_sitemap_element event=line locals={}
2026-08-23 04:33:14.227 /testbed/scrapy/utils/sitemap.py:70 scrapy.utils.sitemap.Sitemap._process_sitemap_element event=line locals={'el': '<Element lastmod at 0x7ac8b2f47040>'}
2026-08-23 04:33:14.227 /testbed/scrapy/utils/sitemap.py:71 scrapy.utils.sitemap.Sitemap._process_sitemap_element event=line locals={}
2026-08-23 04:33:14.227 /testbed/scrapy/utils/sitemap.py:72 scrapy.utils.sitemap.Sitemap._process_sitemap_element event=line locals={'tag_name': "'lastmod'"}
2026-08-23 04:33:14.227 /testbed/scrapy/utils/sitemap.py:75 scrapy.utils.sitemap.Sitemap._process_sitemap_element event=line locals={}
2026-08-23 04:33:14.227 /testbed/scrapy/utils/sitemap.py:79 scrapy.utils.sitemap.Sitemap._process_sitemap_element event=line locals={}
2026-08-23 04:33:14.227 /testbed/scrapy/utils/sitemap.py:80 scrapy.utils.sitemap.Sitemap._process_sitemap_element event=line locals={'d': "{'changefreq': 'value-81', 'loc': 'https://example.invalid/155/3', 'lastmod': 'value-94', 'priority': 'value-98'}"}
2026-08-23 04:33:14.227 /testbed/scrapy/utils/sitemap.py:83 scrapy.utils.sitemap.Sitemap._process_sitemap_element event=line locals={}
2026-08-23 04:33:14.227 /testbed/scrapy/utils/sitemap.py:69 scrapy.utils.sitemap.Sitemap._process_sitemap_element event=line locals={}
2026-08-23 04:33:14.227 /testbed/scrapy/utils/sitemap.py:70 scrapy.utils.sitemap.Sitemap._process_sitemap_element event=line locals={'el': '<Element {http://www.w3.org/1999/xhtml}link at 0x7ac8b2f46f40>'}
2026-08-23 04:33:14.227 /testbed/scrapy/utils/sitemap.py:71 scrapy.utils.sitemap.Sitemap._process_sitemap_element event=line locals={}
2026-08-23 04:33:14.227 /testbed/scrapy/utils/sitemap.py:72 scrapy.utils.sitemap.Sitemap._process_sitemap_element event=line locals={'tag_name': "'link'"}
2026-08-23 04:33:14.227 /testbed/scrapy/utils/sitemap.py:75 scrapy.utils.sitemap.Sitemap._process_sitemap_element event=line locals={}
2026-08-23 04:33:14.227 /testbed/scrapy/utils/sitemap.py:76 scrapy.utils.sitemap.Sitemap._process_sitemap_element event=line locals={}
2026-08-23 04:33:14.227 /testbed/scrapy/utils/sitemap.py:77 scrapy.utils.sitemap.Sitemap._process_sitemap_element event=line locals={'href': "'https://mirror.invalid/11d/1'"}
2026-08-23 04:33:14.227 /testbed/scrapy/utils/sitemap.py:83 scrapy.utils.sitemap.Sitemap._process_sitemap_element event=line locals={}
2026-08-23 04:33:14.227 /testbed/scrapy/utils/sitemap.py:69 scrapy.utils.sitemap.Sitemap._process_sitemap_element event=line locals={}
2026-08-23 04:33:14.227 /testbed/scrapy/utils/sitemap.py:70 scrapy.utils.sitemap.Sitemap._process_sitemap_element event=line locals={'el': '<Element lastmod at 0x7ac8b2f46ec0>'}
2026-08-23 04:33:14.227 /testbed/scrapy/utils/sitemap.py:71 scrapy.utils.sitemap.Sitemap._process_sitemap_element event=line locals={}
2026-08-23 04:33:14.227 /testbed/scrapy/utils/sitemap.py:72 scrapy.utils.sitemap.Sitemap._process_sitemap_element event=line locals={'tag_name': "'lastmod'"}
2026-08-23 04:33:14.227 /testbed/scrapy/utils/sitemap.py:75 scrapy.utils.sitemap.Sitemap._process_sitemap_element event=line locals={}
2026-08-23 04:33:14.227 /testbed/scrapy/utils/sitemap.py:79 scrapy.utils.sitemap.Sitemap._process_sitemap_element event=line locals={}
2026-08-23 04:33:14.227 /testbed/scrapy/utils/sitemap.py:80 scrapy.utils.sitemap.Sitemap._process_sitemap_element event=line locals={'d': "{'changefreq': 'value-81', 'loc': 'https://example.invalid/155/3', 'lastmod': 'value-19', 'priority': 'value-98'}"}
2026-08-23 04:33:14.227 /testbed/scrapy/utils/sitemap.py:83 scrapy.utils.sitemap.Sitemap._process_sitemap_element event=line locals={}
2026-08-23 04:33:14.227 /testbed/scrapy/utils/sitemap.py:69 scrapy.utils.sitemap.Sitemap._process_sitemap_element event=line locals={}
2026-08-23 04:33:14.227 /testbed/scrapy/utils/sitemap.py:70 scrapy.utils.sitemap.Sitemap._process_sitemap_element event=line locals={'el': '<Element priority at 0x7ac8b2f470c0>'}
2026-08-23 04:33:14.227 /testbed/scrapy/utils/sitemap.py:71 scrapy.utils.sitemap.Sitemap._process_sitemap_element event=line locals={}
2026-08-23 04:33:14.227 /testbed/scrapy/utils/sitemap.py:72 scrapy.utils.sitemap.Sitemap._process_sitemap_element event=line locals={'tag_name': "'priority'"}
2026-08-23 04:33:14.227 /testbed/scrapy/utils/sitemap.py:75 scrapy.utils.sitemap.Sitemap._process_sitemap_element event=line locals={}
2026-08-23 04:33:14.227 /testbed/scrapy/utils/sitemap.py:79 scrapy.utils.sitemap.Sitemap._process_sitemap_element event=line locals={}
2026-08-23 04:33:14.227 /testbed/scrapy/utils/sitemap.py:80 scrapy.utils.sitemap.Sitemap._process_sitemap_element event=line locals={'d': "{'changefreq': 'value-81', 'loc': 'https://example.invalid/155/3', 'lastmod': 'value-19', 'priority': 'value-32'}"}
2026-08-23 04:33:14.227 /testbed/scrapy/utils/sitemap.py:83 scrapy.utils.sitemap.Sitemap._process_sitemap_element event=line locals={}
2026-08-23 04:33:14.227 /testbed/scrapy/utils/sitemap.py:69 scrapy.utils.sitemap.Sitemap._process_sitemap_element event=line locals={}
2026-08-23 04:33:14.227 /testbed/scrapy/utils/sitemap.py:70 scrapy.utils.sitemap.Sitemap._process_sitemap_element event=line locals={'el': '<Element lastmod at 0x7ac8b2f46f40>'}
2026-08-23 04:33:14.227 /testbed/scrapy/utils/sitemap.py:71 scrapy.utils.sitemap.Sitemap._process_sitemap_element event=line locals={}
2026-08-23 04:33:14.227 /testbed/scrapy/utils/sitemap.py:72 scrapy.utils.sitemap.Sitemap._process_sitemap_element event=line locals={'tag_name': "'lastmod'"}
2026-08-23 04:33:14.227 /testbed/scrapy/utils/sitemap.py:75 scrapy.utils.sitemap.Sitemap._process_sitemap_element event=line locals={}
2026-08-23 04:33:14.227 /testbed/scrapy/utils/sitemap.py:79 scrapy.utils.sitemap.Sitemap._process_sitemap_element event=line locals={}
2026-08-23 04:33:14.228 /testbed/scrapy/utils/sitemap.py:80 scrapy.utils.sitemap.Sitemap._process_sitemap_element event=line locals={'d': "{'changefreq': 'value-81', 'loc': 'https://example.invalid/155/3', 'lastmod': 'value-45', 'priority': 'value-32'}"}
2026-08-23 04:33:14.228 /testbed/scrapy/utils/sitemap.py:83 scrapy.utils.sitemap.Sitemap._process_sitemap_element event=line locals={}
2026-08-23 04:33:14.228 /testbed/scrapy/utils/sitemap.py:69 scrapy.utils.sitemap.Sitemap._process_sitemap_element event=line locals={}
2026-08-23 04:33:14.228 /testbed/scrapy/utils/sitemap.py:70 scrapy.utils.sitemap.Sitemap._process_sitemap_element event=line locals={'el': '<Element changefreq at 0x7ac8b2f46ec0>'}
2026-08-23 04:33:14.228 /testbed/scrapy/utils/sitemap.py:71 scrapy.utils.sitemap.Sitemap._process_sitemap_element event=line locals={}
2026-08-23 04:33:14.228 /testbed/scrapy/utils/sitemap.py:72 scrapy.utils.sitemap.Sitemap._process_sitemap_element event=line locals={'tag_name': "'changefreq'"}
2026-08-23 04:33:14.228 /testbed/scrapy/utils/sitemap.py:75 scrapy.utils.sitemap.Sitemap._process_sitemap_element event=line locals={}
2026-08-23 04:33:14.228 /testbed/scrapy/utils/sitemap.py:79 scrapy.utils.sitemap.Sitemap._process_sitemap_element event=line locals={}
2026-08-23 04:33:14.228 /testbed/scrapy/utils/sitemap.py:80 scrapy.utils.sitemap.Sitemap._process_sitemap_element event=line locals={'d': "{'changefreq': 'value-58', 'loc': 'https://example.invalid/155/3', 'lastmod': 'value-45', 'priority': 'value-32'}"}
2026-08-23 04:33:14.228 /testbed/scrapy/utils/sitemap.py:83 scrapy.utils.sitemap.Sitemap._process_sitemap_element event=line locals={}
2026-08-23 04:33:14.228 /testbed/scrapy/utils/sitemap.py:69 scrapy.utils.sitemap.Sitemap._process_sitemap_element event=line locals={}
2026-08-23 04:33:14.228 /testbed/scrapy/utils/sitemap.py:70 scrapy.utils.sitemap.Sitemap._process_sitemap_element event=line locals={'el': '<Element lastmod at 0x7ac8b2f470c0>'}
2026-08-23 04:33:14.228 /testbed/scrapy/utils/sitemap.py:71 scrapy.utils.sitemap.Sitemap._process_sitemap_element event=line locals={}
2026-08-23 04:33:14.228 /testbed/scrapy/utils/sitemap.py:72 scrapy.utils.sitemap.Sitemap._process_sitemap_element event=line locals={'tag_name': "'lastmod'"}
2026-08-23 04:33:14.228 /testbed/scrapy/utils/sitemap.py:75 scrapy.utils.sitemap.Sitemap._process_sitemap_element event=line locals={}
2026-08-23 04:33:14.228 /testbed/scrapy/utils/sitemap.py:79 scrapy.utils.sitemap.Sitemap._process_sitemap_element event=line locals={}
2026-08-23 04:33:14.228 /testbed/scrapy/utils/sitemap.py:80 scrapy.utils.sitemap.Sitemap._process_sitemap_element event=line locals={'d': "{'changefreq': 'value-58', 'loc': 'https://example.invalid/155/3', 'lastmod': 'value-71', 'priority': 'value-32'}"}
2026-08-23 04:33:14.228 /testbed/scrapy/utils/sitemap.py:83 scrapy.utils.sitemap.Sitemap._process_sitemap_element event=line locals={}
2026-08-23 04:33:14.228 /testbed/scrapy/utils/sitemap.py:69 scrapy.utils.sitemap.Sitemap._process_sitemap_element event=line locals={}
2026-08-23 04:33:14.228 /testbed/scrapy/utils/sitemap.py:70 scrapy.utils.sitemap.Sitemap._process_sitemap_element event=line locals={'el': '<Element priority at 0x7ac8b2f46f40>'}
2026-08-23 04:33:14.228 /testbed/scrapy/utils/sitemap.py:71 scrapy.utils.sitemap.Sitemap._process_sitemap_element event=line locals={}
2026-08-23 04:33:14.228 /testbed/scrapy/utils/sitemap.py:72 scrapy.utils.sitemap.Sitemap._process_sitemap_element event=line locals={'tag_name': "'priority'"}
2026-08-23 04:33:14.228 /testbed/scrapy/utils/sitemap.py:75 scrapy.utils.sitemap.Sitemap._process_sitemap_element event=line locals={}
2026-08-23 04:33:14.228 /testbed/scrapy/utils/sitemap.py:79 scrapy.utils.sitemap.Sitemap._process_sitemap_element event=line locals={}
2026-08-23 04:33:14.228 /testbed/scrapy/utils/sitemap.py:80 scrapy.utils.sitemap.Sitemap._process_sitemap_element event=line locals={'d': "{'changefreq': 'value-58', 'loc': 'https://example.invalid/155/3', 'lastmod': 'value-71', 'priority': 'value-84'}"}
2026-08-23 04:33:14.228 /testbed/scrapy/utils/sitemap.py:83 scrapy.utils.sitemap.Sitemap._process_sitemap_element event=line locals={}
2026-08-23 04:33:14.228 /testbed/scrapy/utils/sitemap.py:69 scrapy.utils.sitemap.Sitemap._process_sitemap_element event=line locals={}
2026-08-23 04:33:14.228 /testbed/scrapy/utils/sitemap.py:70 scrapy.utils.sitemap.Sitemap._process_sitemap_element event=line locals={'el': '<!--generated-292-->'}
2026-08-23 04:33:14.228 /testbed/scrapy/utils/sitemap.py:71 scrapy.utils.sitemap.Sitemap._process_sitemap_element event=line locals={}
2026-08-23 04:33:14.228 /testbed/scrapy/utils/sitemap.py:72 scrapy.utils.sitemap.Sitemap._process_sitemap_element event=line locals={'tag_name': "''"}
2026-08-23 04:33:14.228 /testbed/scrapy/utils/sitemap.py:73 scrapy.utils.sitemap.Sitemap._process_sitemap_element event=line locals={}
2026-08-23 04:33:14.228 /testbed/scrapy/utils/sitemap.py:83 scrapy.utils.sitemap.Sitemap._process_sitemap_element event=line locals={}
2026-08-23 04:33:14.228 /testbed/scrapy/utils/sitemap.py:69 scrapy.utils.sitemap.Sitemap._process_sitemap_element event=line locals={}
2026-08-23 04:33:14.228 /testbed/scrapy/utils/sitemap.py:70 scrapy.utils.sitemap.Sitemap._process_sitemap_element event=line locals={'el': '<!--generated-293-->'}
2026-08-23 04:33:14.228 /testbed/scrapy/utils/sitemap.py:71 scrapy.utils.sitemap.Sitemap._process_sitemap_element event=line locals={}
2026-08-23 04:33:14.228 /testbed/scrapy/utils/sitemap.py:72 scrapy.utils.sitemap.Sitemap._process_sitemap_element event=line locals={}
2026-08-23 04:33:14.228 /testbed/scrapy/utils/sitemap.py:73 scrapy.utils.sitemap.Sitemap._process_sitemap_element event=line locals={}
2026-08-23 04:33:14.228 /testbed/scrapy/utils/sitemap.py:83 scrapy.utils.sitemap.Sitemap._process_sitemap_element event=line locals={}
2026-08-23 04:33:14.228 /testbed/scrapy/utils/sitemap.py:69 scrapy.utils.sitemap.Sitemap._process_sitemap_element event=line locals={}
2026-08-23 04:33:14.228 /testbed/scrapy/utils/sitemap.py:70 scrapy.utils.sitemap.Sitemap._process_sitemap_element event=line locals={'el': '<Element lastmod at 0x7ac8b2f46f40>'}
2026-08-23 04:33:14.228 /testbed/scrapy/utils/sitemap.py:71 scrapy.utils.sitemap.Sitemap._process_sitemap_element event=line locals={}
2026-08-23 04:33:14.228 /testbed/scrapy/utils/sitemap.py:72 scrapy.utils.sitemap.Sitemap._process_sitemap_element event=line locals={'tag_name': "'lastmod'"}
2026-08-23 04:33:14.228 /testbed/scrapy/utils/sitemap.py:75 scrapy.utils.sitemap.Sitemap._process_sitemap_element event=line locals={}
2026-08-23 04:33:14.228 /testbed/scrapy/utils/sitemap.py:79 scrapy.utils.sitemap.Sitemap._process_sitemap_element event=line locals={}
2026-08-23 04:33:14.228 /testbed/scrapy/utils/sitemap.py:80 scrapy.utils.sitemap.Sitemap._process_sitemap_element event=line locals={'d': "{'changefreq': 'value-58', 'loc': 'https://example.invalid/155/3', 'lastmod': 'value-22', 'priority': 'value-84'}"}
2026-08-23 04:33:14.228 /testbed/scrapy/utils/sitemap.py:83 scrapy.utils.sitemap.Sitemap._process_sitemap_element event=line locals={}
2026-08-23 04:33:14.228 /testbed/scrapy/utils/sitemap.py:69 scrapy.utils.sitemap.Sitemap._process_sitemap_element event=line locals={}
2026-08-23 04:33:14.228 /testbed/scrapy/utils/sitemap.py:70 scrapy.utils.sitemap.Sitemap._process_sitemap_element event=line locals={'el': '<Element lastmod at 0x7ac8b2f47040>'}
2026-08-23 04:33:14.228 /testbed/scrapy/utils/sitemap.py:71 scrapy.utils.sitemap.Sitemap._process_sitemap_element event=line locals={}
2026-08-23 04:33:14.228 /testbed/scrapy/utils/sitemap.py:72 scrapy.utils.sitemap.Sitemap._process_sitemap_element event=line locals={}
2026-08-23 04:33:14.228 /testbed/scrapy/utils/sitemap.py:75 scrapy.utils.sitemap.Sitemap._process_sitemap_element event=line locals={}
2026-08-23 04:33:14.229 /testbed/scrapy/utils/sitemap.py:79 scrapy.utils.sitemap.Sitemap._process_sitemap_element event=line locals={}
2026-08-23 04:33:14.229 /testbed/scrapy/utils/sitemap.py:80 scrapy.utils.sitemap.Sitemap._process_sitemap_element event=line locals={'d': "{'changefreq': 'value-58', 'loc': 'https://example.invalid/155/3', 'lastmod': 'value-35', 'priority': 'value-84'}"}
2026-08-23 04:33:14.229 /testbed/scrapy/utils/sitemap.py:83 scrapy.utils.sitemap.Sitemap._process_sitemap_element event=line locals={}
2026-08-23 04:33:14.229 /testbed/scrapy/utils/sitemap.py:69 scrapy.utils.sitemap.Sitemap._process_sitemap_element event=line locals={}
2026-08-23 04:33:14.229 /testbed/scrapy/utils/sitemap.py:70 scrapy.utils.sitemap.Sitemap._process_sitemap_element event=line locals={'el': '<Element lastmod at 0x7ac8b2f46ec0>'}
2026-08-23 04:33:14.229 /testbed/scrapy/utils/sitemap.py:71 scrapy.utils.sitemap.Sitemap._process_sitemap_element event=line locals={}
2026-08-23 04:33:14.229 /testbed/scrapy/utils/sitemap.py:72 scrapy.utils.sitemap.Sitemap._process_sitemap_element event=line locals={}
2026-08-23 04:33:14.229 /testbed/scrapy/utils/sitemap.py:75 scrapy.utils.sitemap.Sitemap._process_sitemap_element event=line locals={}
2026-08-23 04:33:14.229 /testbed/scrapy/utils/sitemap.py:79 scrapy.utils.sitemap.Sitemap._process_sitemap_element event=line locals={}
2026-08-23 04:33:14.229 /testbed/scrapy/utils/sitemap.py:80 scrapy.utils.sitemap.Sitemap._process_sitemap_element event=line locals={'d': "{'changefreq': 'value-58', 'loc': 'https://example.invalid/155/3', 'lastmod': 'value-48', 'priority': 'value-84'}"}
2026-08-23 04:33:14.229 /testbed/scrapy/utils/sitemap.py:83 scrapy.utils.sitemap.Sitemap._process_sitemap_element event=line locals={}
2026-08-23 04:33:14.229 /testbed/scrapy/utils/sitemap.py:69 scrapy.utils.sitemap.Sitemap._process_sitemap_element event=line locals={}
2026-08-23 04:33:14.229 /testbed/scrapy/utils/sitemap.py:70 scrapy.utils.sitemap.Sitemap._process_sitemap_element event=line locals={'el': '<Element lastmod at 0x7ac8b2f46f40>'}
2026-08-23 04:33:14.229 /testbed/scrapy/utils/sitemap.py:71 scrapy.utils.sitemap.Sitemap._process_sitemap_element event=line locals={}
2026-08-23 04:33:14.229 /testbed/scrapy/utils/sitemap.py:72 scrapy.utils.sitemap.Sitemap._process_sitemap_element event=line locals={}
2026-08-23 04:33:14.229 /testbed/scrapy/utils/sitemap.py:75 scrapy.utils.sitemap.Sitemap._process_sitemap_element event=line locals={}
2026-08-23 04:33:14.229 /testbed/scrapy/utils/sitemap.py:79 scrapy.utils.sitemap.Sitemap._process_sitemap_element event=line locals={}
2026-08-23 04:33:14.229 /testbed/scrapy/utils/sitemap.py:80 scrapy.utils.sitemap.Sitemap._process_sitemap_element event=line locals={'d': "{'changefreq': 'value-58', 'loc': 'https://example.invalid/155/3', 'lastmod': 'value-61', 'priority': 'value-84'}"}
2026-08-23 04:33:14.229 /testbed/scrapy/utils/sitemap.py:83 scrapy.utils.sitemap.Sitemap._process_sitemap_element event=line locals={}
2026-08-23 04:33:14.229 /testbed/scrapy/utils/sitemap.py:69 scrapy.utils.sitemap.Sitemap._process_sitemap_element event=line locals={}
2026-08-23 04:33:14.229 /testbed/scrapy/utils/sitemap.py:70 scrapy.utils.sitemap.Sitemap._process_sitemap_element event=line locals={'el': '<Element priority at 0x7ac8b2f47040>'}
2026-08-23 04:33:14.229 /testbed/scrapy/utils/sitemap.py:71 scrapy.utils.sitemap.Sitemap._process_sitemap_element event=line locals={}
2026-08-23 04:33:14.229 /testbed/scrapy/utils/sitemap.py:72 scrapy.utils.sitemap.Sitemap._process_sitemap_element event=line locals={'tag_name': "'priority'"}
2026-08-23 04:33:14.229 /testbed/scrapy/utils/sitemap.py:75 scrapy.utils.sitemap.Sitemap._process_sitemap_element event=line locals={}
2026-08-23 04:33:14.229 /testbed/scrapy/utils/sitemap.py:79 scrapy.utils.sitemap.Sitemap._process_sitemap_element event=line locals={}
2026-08-23 04:33:14.229 /testbed/scrapy/utils/sitemap.py:80 scrapy.utils.sitemap.Sitemap._process_sitemap_element event=line locals={'d': "{'changefreq': 'value-58', 'loc': 'https://example.invalid/155/3', 'lastmod': 'value-61', 'priority': 'value-74'}"}
2026-08-23 04:33:14.229 /testbed/scrapy/utils/sitemap.py:83 scrapy.utils.sitemap.Sitemap._process_sitemap_element event=line locals={}
2026-08-23 04:33:14.229 /testbed/scrapy/utils/sitemap.py:69 scrapy.utils.sitemap.Sitemap._process_sitemap_element event=line locals={}
2026-08-23 04:33:14.229 /testbed/scrapy/utils/sitemap.py:70 scrapy.utils.sitemap.Sitemap._process_sitemap_element event=line locals={'el': '<Element lastmod at 0x7ac8b2f46ec0>'}
2026-08-23 04:33:14.229 /testbed/scrapy/utils/sitemap.py:71 scrapy.utils.sitemap.Sitemap._process_sitemap_element event=line locals={}
2026-08-23 04:33:14.229 /testbed/scrapy/utils/sitemap.py:72 scrapy.utils.sitemap.Sitemap._process_sitemap_element event=line locals={'tag_name': "'lastmod'"}
2026-08-23 04:33:14.229 /testbed/scrapy/utils/sitemap.py:75 scrapy.utils.sitemap.Sitemap._process_sitemap_element event=line locals={}
2026-08-23 04:33:14.229 /testbed/scrapy/utils/sitemap.py:79 scrapy.utils.sitemap.Sitemap._process_sitemap_element event=line locals={}
2026-08-23 04:33:14.229 /testbed/scrapy/utils/sitemap.py:80 scrapy.utils.sitemap.Sitemap._process_sitemap_element event=line locals={'d': "{'changefreq': 'value-58', 'loc': 'https://example.invalid/155/3', 'lastmod': 'value-87', 'priority': 'value-74'}"}
2026-08-23 04:33:14.229 /testbed/scrapy/utils/sitemap.py:83 scrapy.utils.sitemap.Sitemap._process_sitemap_element event=line locals={}
2026-08-23 04:33:14.229 /testbed/scrapy/utils/sitemap.py:69 scrapy.utils.sitemap.Sitemap._process_sitemap_element event=line locals={}
2026-08-23 04:33:14.229 /testbed/scrapy/utils/sitemap.py:70 scrapy.utils.sitemap.Sitemap._process_sitemap_element event=line locals={'el': '<Element lastmod at 0x7ac8b2f46f40>'}
2026-08-23 04:33:14.229 /testbed/scrapy/utils/sitemap.py:71 scrapy.utils.sitemap.Sitemap._process_sitemap_element event=line locals={}
2026-08-23 04:33:14.229 /testbed/scrapy/utils/sitemap.py:72 scrapy.utils.sitemap.Sitemap._process_sitemap_element event=line locals={}
2026-08-23 04:33:14.229 /testbed/scrapy/utils/sitemap.py:75 scrapy.utils.sitemap.Sitemap._process_sitemap_element event=line locals={}
2026-08-23 04:33:14.229 /testbed/scrapy/utils/sitemap.py:79 scrapy.utils.sitemap.Sitemap._process_sitemap_element event=line locals={}
2026-08-23 04:33:14.229 /testbed/scrapy/utils/sitemap.py:80 scrapy.utils.sitemap.Sitemap._process_sitemap_element event=line locals={'d': "{'changefreq': 'value-58', 'loc': 'https://example.invalid/155/3', 'lastmod': 'value-100', 'priority': 'value-74'}"}
2026-08-23 04:33:14.229 /testbed/scrapy/utils/sitemap.py:83 scrapy.utils.sitemap.Sitemap._process_sitemap_element event=line locals={}
2026-08-23 04:33:14.229 /testbed/scrapy/utils/sitemap.py:69 scrapy.utils.sitemap.Sitemap._process_sitemap_element event=line locals={}
2026-08-23 04:33:14.229 /testbed/scrapy/utils/sitemap.py:70 scrapy.utils.sitemap.Sitemap._process_sitemap_element event=line locals={'el': '<Element {http://www.w3.org/1999/xhtml}link at 0x7ac8b2f47040>'}
2026-08-23 04:33:14.229 /testbed/scrapy/utils/sitemap.py:71 scrapy.utils.sitemap.Sitemap._process_sitemap_element event=line locals={}
2026-08-23 04:33:14.229 /testbed/scrapy/utils/sitemap.py:72 scrapy.utils.sitemap.Sitemap._process_sitemap_element event=line locals={'tag_name': "'link'"}
2026-08-23 04:33:14.229 /testbed/scrapy/utils/sitemap.py:75 scrapy.utils.sitemap.Sitemap._process_sitemap_element event=line locals={}
2026-08-23 04:33:14.229 /testbed/scrapy/utils/sitemap.py:76 scrapy.utils.sitemap.Sitemap._process_sitemap_element event=line locals={}
2026-08-23 04:33:14.229 /testbed/scrapy/utils/sitemap.py:77 scrapy.utils.sitemap.Sitemap._process_sitemap_element event=line locals={'href': "'https://mirror.invalid/12d/1'"}
2026-08-23 04:33:14.229 /testbed/scrapy/utils/sitemap.py:83 scrapy.utils.sitemap.Sitemap._process_sitemap_element event=line locals={}
2026-08-23 04:33:14.229 /testbed/scrapy/utils/sitemap.py:69 scrapy.utils.sitemap.Sitemap._process_sitemap_element event=line locals={}
2026-08-23 04:33:14.230 /testbed/scrapy/utils/sitemap.py:70 scrapy.utils.sitemap.Sitemap._process_sitemap_element event=line locals={'el': '<Element changefreq at 0x7ac8b2f46ec0>'}
2026-08-23 04:33:14.230 /testbed/scrapy/utils/sitemap.py:71 scrapy.utils.sitemap.Sitemap._process_sitemap_element event=line locals={}
2026-08-23 04:33:14.230 /testbed/scrapy/utils/sitemap.py:72 scrapy.utils.sitemap.Sitemap._process_sitemap_element event=line locals={'tag_name': "'changefreq'"}
2026-08-23 04:33:14.230 /testbed/scrapy/utils/sitemap.py:75 scrapy.utils.sitemap.Sitemap._process_sitemap_element event=line locals={}
2026-08-23 04:33:14.230 /testbed/scrapy/utils/sitemap.py:79 scrapy.utils.sitemap.Sitemap._process_sitemap_element event=line locals={}
2026-08-23 04:33:14.230 /testbed/scrapy/utils/sitemap.py:80 scrapy.utils.sitemap.Sitemap._process_sitemap_element event=line locals={'d': "{'changefreq': 'value-25', 'loc': 'https://example.invalid/155/3', 'lastmod': 'value-100', 'priority': 'value-74'}"}
2026-08-23 04:33:14.230 /testbed/scrapy/utils/sitemap.py:83 scrapy.utils.sitemap.Sitemap._process_sitemap_element event=line locals={}
2026-08-23 04:33:14.230 /testbed/scrapy/utils/sitemap.py:69 scrapy.utils.sitemap.Sitemap._process_sitemap_element event=line locals={}
2026-08-23 04:33:14.230 /testbed/scrapy/utils/sitemap.py:70 scrapy.utils.sitemap.Sitemap._process_sitemap_element event=line locals={'el': '<Element changefreq at 0x7ac8b2f46dc0>'}
2026-08-23 04:33:14.230 /testbed/scrapy/utils/sitemap.py:71 scrapy.utils.sitemap.Sitemap._process_sitemap_element event=line locals={}
2026-08-23 04:33:14.230 /testbed/scrapy/utils/sitemap.py:72 scrapy.utils.sitemap.Sitemap._process_sitemap_element event=line locals={}
2026-08-23 04:33:14.230 /testbed/scrapy/utils/sitemap.py:75 scrapy.utils.sitemap.Sitemap._process_sitemap_element event=line locals={}
2026-08-23 04:33:14.230 /testbed/scrapy/utils/sitemap.py:79 scrapy.utils.sitemap.Sitemap._process_sitemap_element event=line locals={}
2026-08-23 04:33:14.230 /testbed/scrapy/utils/sitemap.py:80 scrapy.utils.sitemap.Sitemap._process_sitemap_element event=line locals={'d': "{'changefreq': 'value-38', 'loc': 'https://example.invalid/155/3', 'lastmod': 'value-100', 'priority': 'value-74'}"}
2026-08-23 04:33:14.230 /testbed/scrapy/utils/sitemap.py:83 scrapy.utils.sitemap.Sitemap._process_sitemap_element event=line locals={}
2026-08-23 04:33:14.230 /testbed/scrapy/utils/sitemap.py:69 scrapy.utils.sitemap.Sitemap._process_sitemap_element event=line locals={}
2026-08-23 04:33:14.230 /testbed/scrapy/utils/sitemap.py:70 scrapy.utils.sitemap.Sitemap._process_sitemap_element event=line locals={'el': '<Element changefreq at 0x7ac8b2f47040>'}
2026-08-23 04:33:14.230 /testbed/scrapy/utils/sitemap.py:71 scrapy.utils.sitemap.Sitemap._process_sitemap_element event=line locals={}
2026-08-23 04:33:14.230 /testbed/scrapy/utils/sitemap.py:72 scrapy.utils.sitemap.Sitemap._process_sitemap_element event=line locals={}
2026-08-23 04:33:14.230 /testbed/scrapy/utils/sitemap.py:75 scrapy.utils.sitemap.Sitemap._process_sitemap_element event=line locals={}
2026-08-23 04:33:14.230 /testbed/scrapy/utils/sitemap.py:79 scrapy.utils.sitemap.Sitemap._process_sitemap_element event=line locals={}
2026-08-23 04:33:14.230 /testbed/scrapy/utils/sitemap.py:80 scrapy.utils.sitemap.Sitemap._process_sitemap_element event=line locals={'d': "{'changefreq': 'value-51', 'loc': 'https://example.invalid/155/3', 'lastmod': 'value-100', 'priority': 'value-74'}"}
2026-08-23 04:33:14.230 /testbed/scrapy/utils/sitemap.py:83 scrapy.utils.sitemap.Sitemap._process_sitemap_element event=line locals={}
2026-08-23 04:33:14.230 /testbed/scrapy/utils/sitemap.py:69 scrapy.utils.sitemap.Sitemap._process_sitemap_element event=line locals={}
2026-08-23 04:33:14.230 /testbed/scrapy/utils/sitemap.py:70 scrapy.utils.sitemap.Sitemap._process_sitemap_element event=line locals={'el': '<Element priority at 0x7ac8b2f46ec0>'}
2026-08-23 04:33:14.230 /testbed/scrapy/utils/sitemap.py:71 scrapy.utils.sitemap.Sitemap._process_sitemap_element event=line locals={}
2026-08-23 04:33:14.230 /testbed/scrapy/utils/sitemap.py:72 scrapy.utils.sitemap.Sitemap._process_sitemap_element event=line locals={'tag_name': "'priority'"}
2026-08-23 04:33:14.230 /testbed/scrapy/utils/sitemap.py:75 scrapy.utils.sitemap.Sitemap._process_sitemap_element event=line locals={}
2026-08-23 04:33:14.230 /testbed/scrapy/utils/sitemap.py:79 scrapy.utils.sitemap.Sitemap._process_sitemap_element event=line locals={}
2026-08-23 04:33:14.230 /testbed/scrapy/utils/sitemap.py:80 scrapy.utils.sitemap.Sitemap._process_sitemap_element event=line locals={'d': "{'changefreq': 'value-51', 'loc': 'https://example.invalid/155/3', 'lastmod': 'value-100', 'priority': 'value-64'}"}
2026-08-23 04:33:14.230 /testbed/scrapy/utils/sitemap.py:83 scrapy.utils.sitemap.Sitemap._process_sitemap_element event=line locals={}
2026-08-23 04:33:14.230 /testbed/scrapy/utils/sitemap.py:69 scrapy.utils.sitemap.Sitemap._process_sitemap_element event=line locals={}
2026-08-23 04:33:14.230 /testbed/scrapy/utils/sitemap.py:70 scrapy.utils.sitemap.Sitemap._process_sitemap_element event=line locals={'el': '<Element priority at 0x7ac8b2f46dc0>'}
2026-08-23 04:33:14.230 /testbed/scrapy/utils/sitemap.py:71 scrapy.utils.sitemap.Sitemap._process_sitemap_element event=line locals={}
2026-08-23 04:33:14.230 /testbed/scrapy/utils/sitemap.py:72 scrapy.utils.sitemap.Sitemap._process_sitemap_element event=line locals={}
2026-08-23 04:33:14.230 /testbed/scrapy/utils/sitemap.py:75 scrapy.utils.sitemap.Sitemap._process_sitemap_element event=line locals={}
2026-08-23 04:33:14.230 /testbed/scrapy/utils/sitemap.py:79 scrapy.utils.sitemap.Sitemap._process_sitemap_element event=line locals={}
2026-08-23 04:33:14.230 /testbed/scrapy/utils/sitemap.py:80 scrapy.utils.sitemap.Sitemap._process_sitemap_element event=line locals={'d': "{'changefreq': 'value-51', 'loc': 'https://example.invalid/155/3', 'lastmod': 'value-100', 'priority': 'value-77'}"}
2026-08-23 04:33:14.230 /testbed/scrapy/utils/sitemap.py:83 scrapy.utils.sitemap.Sitemap._process_sitemap_element event=line locals={}
2026-08-23 04:33:14.230 /testbed/scrapy/utils/sitemap.py:69 scrapy.utils.sitemap.Sitemap._process_sitemap_element event=line locals={}
2026-08-23 04:33:14.230 /testbed/scrapy/utils/sitemap.py:70 scrapy.utils.sitemap.Sitemap._process_sitemap_element event=line locals={'el': '<Element lastmod at 0x7ac8b2f47040>'}
2026-08-23 04:33:14.230 /testbed/scrapy/utils/sitemap.py:71 scrapy.utils.sitemap.Sitemap._process_sitemap_element event=line locals={}
2026-08-23 04:33:14.230 /testbed/scrapy/utils/sitemap.py:72 scrapy.utils.sitemap.Sitemap._process_sitemap_element event=line locals={'tag_name': "'lastmod'"}
2026-08-23 04:33:14.230 /testbed/scrapy/utils/sitemap.py:75 scrapy.utils.sitemap.Sitemap._process_sitemap_element event=line locals={}
2026-08-23 04:33:14.230 /testbed/scrapy/utils/sitemap.py:79 scrapy.utils.sitemap.Sitemap._process_sitemap_element event=line locals={}
2026-08-23 04:33:14.230 /testbed/scrapy/utils/sitemap.py:80 scrapy.utils.sitemap.Sitemap._process_sitemap_element event=line locals={'d': "{'changefreq': 'value-51', 'loc': 'https://example.invalid/155/3', 'lastmod': 'value-90', 'priority': 'value-77'}"}
2026-08-23 04:33:14.230 /testbed/scrapy/utils/sitemap.py:83 scrapy.utils.sitemap.Sitemap._process_sitemap_element event=line locals={}
2026-08-23 04:33:14.230 /testbed/scrapy/utils/sitemap.py:69 scrapy.utils.sitemap.Sitemap._process_sitemap_element event=line locals={}
2026-08-23 04:33:14.230 /testbed/scrapy/utils/sitemap.py:70 scrapy.utils.sitemap.Sitemap._process_sitemap_element event=line locals={'el': '<Element priority at 0x7ac8b2f46ec0>'}
2026-08-23 04:33:14.230 /testbed/scrapy/utils/sitemap.py:71 scrapy.utils.sitemap.Sitemap._process_sitemap_element event=line locals={}
2026-08-23 04:33:14.231 /testbed/scrapy/utils/sitemap.py:72 scrapy.utils.sitemap.Sitemap._process_sitemap_element event=line locals={'tag_name': "'priority'"}
2026-08-23 04:33:14.231 /testbed/scrapy/utils/sitemap.py:75 scrapy.utils.sitemap.Sitemap._process_sitemap_element event=line locals={}
2026-08-23 04:33:14.231 /testbed/scrapy/utils/sitemap.py:79 scrapy.utils.sitemap.Sitemap._process_sitemap_element event=line locals={}
2026-08-23 04:33:14.231 /testbed/scrapy/utils/sitemap.py:80 scrapy.utils.sitemap.Sitemap._process_sitemap_element event=line locals={'d': "{'changefreq': 'value-51', 'loc': 'https://example.invalid/155/3', 'lastmod': 'value-90', 'priority': 'value-2'}"}
2026-08-23 04:33:14.231 /testbed/scrapy/utils/sitemap.py:83 scrapy.utils.sitemap.Sitemap._process_sitemap_element event=line locals={}
2026-08-23 04:33:14.231 /testbed/scrapy/utils/sitemap.py:69 scrapy.utils.sitemap.Sitemap._process_sitemap_element event=line locals={}
2026-08-23 04:33:14.231 /testbed/scrapy/utils/sitemap.py:70 scrapy.utils.sitemap.Sitemap._process_sitemap_element event=line locals={'el': '<Element lastmod at 0x7ac8b2f46dc0>'}
2026-08-23 04:33:14.231 /testbed/scrapy/utils/sitemap.py:71 scrapy.utils.sitemap.Sitemap._process_sitemap_element event=line locals={}
2026-08-23 04:33:14.231 /testbed/scrapy/utils/sitemap.py:72 scrapy.utils.sitemap.Sitemap._process_sitemap_element event=line locals={'tag_name': "'lastmod'"}
2026-08-23 04:33:14.231 /testbed/scrapy/utils/sitemap.py:75 scrapy.utils.sitemap.Sitemap._process_sitemap_element event=line locals={}
2026-08-23 04:33:14.231 /testbed/scrapy/utils/sitemap.py:79 scrapy.utils.sitemap.Sitemap._process_sitemap_element event=line locals={}
2026-08-23 04:33:14.231 /testbed/scrapy/utils/sitemap.py:80 scrapy.utils.sitemap.Sitemap._process_sitemap_element event=line locals={'d': "{'changefreq': 'value-51', 'loc': 'https://example.invalid/155/3', 'lastmod': 'value-15', 'priority': 'value-2'}"}
2026-08-23 04:33:14.231 /testbed/scrapy/utils/sitemap.py:83 scrapy.utils.sitemap.Sitemap._process_sitemap_element event=line locals={}
2026-08-23 04:33:14.231 /testbed/scrapy/utils/sitemap.py:69 scrapy.utils.sitemap.Sitemap._process_sitemap_element event=line locals={}
2026-08-23 04:33:14.231 /testbed/scrapy/utils/sitemap.py:70 scrapy.utils.sitemap.Sitemap._process_sitemap_element event=line locals={'el': '<!--generated-310-->'}
2026-08-23 04:33:14.231 /testbed/scrapy/utils/sitemap.py:71 scrapy.utils.sitemap.Sitemap._process_sitemap_element event=line locals={}
2026-08-23 04:33:14.231 /testbed/scrapy/utils/sitemap.py:72 scrapy.utils.sitemap.Sitemap._process_sitemap_element event=line locals={'tag_name': "''"}
2026-08-23 04:33:14.231 /testbed/scrapy/utils/sitemap.py:73 scrapy.utils.sitemap.Sitemap._process_sitemap_element event=line locals={}
2026-08-23 04:33:14.231 /testbed/scrapy/utils/sitemap.py:83 scrapy.utils.sitemap.Sitemap._process_sitemap_element event=line locals={}
2026-08-23 04:33:14.231 /testbed/scrapy/utils/sitemap.py:69 scrapy.utils.sitemap.Sitemap._process_sitemap_element event=line locals={}
2026-08-23 04:33:14.231 /testbed/scrapy/utils/sitemap.py:70 scrapy.utils.sitemap.Sitemap._process_sitemap_element event=line locals={'el': '<Element {http://www.w3.org/1999/xhtml}link at 0x7ac8b2f46ec0>'}
2026-08-23 04:33:14.231 /testbed/scrapy/utils/sitemap.py:71 scrapy.utils.sitemap.Sitemap._process_sitemap_element event=line locals={}
2026-08-23 04:33:14.231 /testbed/scrapy/utils/sitemap.py:72 scrapy.utils.sitemap.Sitemap._process_sitemap_element event=line locals={'tag_name': "'link'"}
2026-08-23 04:33:14.231 /testbed/scrapy/utils/sitemap.py:75 scrapy.utils.sitemap.Sitemap._process_sitemap_element event=line locals={}
2026-08-23 04:33:14.232 /testbed/scrapy/utils/sitemap.py:76 scrapy.utils.sitemap.Sitemap._process_sitemap_element event=line locals={}
2026-08-23 04:33:14.232 /testbed/scrapy/utils/sitemap.py:77 scrapy.utils.sitemap.Sitemap._process_sitemap_element event=line locals={'href': "'https://mirror.invalid/137/1'"}
2026-08-23 04:33:14.232 /testbed/scrapy/utils/sitemap.py:83 scrapy.utils.sitemap.Sitemap._process_sitemap_element event=line locals={}
2026-08-23 04:33:14.232 /testbed/scrapy/utils/sitemap.py:69 scrapy.utils.sitemap.Sitemap._process_sitemap_element event=line locals={}
2026-08-23 04:33:14.232 /testbed/scrapy/utils/sitemap.py:70 scrapy.utils.sitemap.Sitemap._process_sitemap_element event=line locals={'el': '<Element lastmod at 0x7ac8b2f46dc0>'}
2026-08-23 04:33:14.232 /testbed/scrapy/utils/sitemap.py:71 scrapy.utils.sitemap.Sitemap._process_sitemap_element event=line locals={}
2026-08-23 04:33:14.232 /testbed/scrapy/utils/sitemap.py:72 scrapy.utils.sitemap.Sitemap._process_sitemap_element event=line locals={'tag_name': "'lastmod'"}
2026-08-23 04:33:14.232 /testbed/scrapy/utils/sitemap.py:75 scrapy.utils.sitemap.Sitemap._process_sitemap_element event=line locals={}
2026-08-23 04:33:14.232 /testbed/scrapy/utils/sitemap.py:79 scrapy.utils.sitemap.Sitemap._process_sitemap_element event=line locals={}
2026-08-23 04:33:14.232 /testbed/scrapy/utils/sitemap.py:80 scrapy.utils.sitemap.Sitemap._process_sitemap_element event=line locals={'d': "{'changefreq': 'value-51', 'loc': 'https://example.invalid/155/3', 'lastmod': 'value-54', 'priority': 'value-2'}"}
2026-08-23 04:33:14.232 /testbed/scrapy/utils/sitemap.py:83 scrapy.utils.sitemap.Sitemap._process_sitemap_element event=line locals={}
2026-08-23 04:33:14.232 /testbed/scrapy/utils/sitemap.py:69 scrapy.utils.sitemap.Sitemap._process_sitemap_element event=line locals={}
2026-08-23 04:33:14.232 /testbed/scrapy/utils/sitemap.py:70 scrapy.utils.sitemap.Sitemap._process_sitemap_element event=line locals={'el': '<Element changefreq at 0x7ac8b2f47040>'}
2026-08-23 04:33:14.232 /testbed/scrapy/utils/sitemap.py:71 scrapy.utils.sitemap.Sitemap._process_sitemap_element event=line locals={}
2026-08-23 04:33:14.232 /testbed/scrapy/utils/sitemap.py:72 scrapy.utils.sitemap.Sitemap._process_sitemap_element event=line locals={'tag_name': "'changefreq'"}
2026-08-23 04:33:14.232 /testbed/scrapy/utils/sitemap.py:75 scrapy.utils.sitemap.Sitemap._process_sitemap_element event=line locals={}
2026-08-23 04:33:14.232 /testbed/scrapy/utils/sitemap.py:79 scrapy.utils.sitemap.Sitemap._process_sitemap_element event=line locals={}
2026-08-23 04:33:14.232 /testbed/scrapy/utils/sitemap.py:80 scrapy.utils.sitemap.Sitemap._process_sitemap_element event=line locals={'d': "{'changefreq': 'value-67', 'loc': 'https://example.invalid/155/3', 'lastmod': 'value-54', 'priority': 'value-2'}"}
2026-08-23 04:33:14.232 /testbed/scrapy/utils/sitemap.py:83 scrapy.utils.sitemap.Sitemap._process_sitemap_element event=line locals={}
2026-08-23 04:33:14.233 /testbed/scrapy/utils/sitemap.py:69 scrapy.utils.sitemap.Sitemap._process_sitemap_element event=line locals={}
2026-08-23 04:33:14.233 /testbed/scrapy/utils/sitemap.py:70 scrapy.utils.sitemap.Sitemap._process_sitemap_element event=line locals={'el': '<Element lastmod at 0x7ac8b2f46ec0>'}
2026-08-23 04:33:14.233 /testbed/scrapy/utils/sitemap.py:71 scrapy.utils.sitemap.Sitemap._process_sitemap_element event=line locals={}
2026-08-23 04:33:14.233 /testbed/scrapy/utils/sitemap.py:72 scrapy.utils.sitemap.Sitemap._process_sitemap_element event=line locals={'tag_name': "'lastmod'"}
2026-08-23 04:33:14.233 /testbed/scrapy/utils/sitemap.py:75 scrapy.utils.sitemap.Sitemap._process_sitemap_element event=line locals={}
2026-08-23 04:33:14.233 /testbed/scrapy/utils/sitemap.py:79 scrapy.utils.sitemap.Sitemap._process_sitemap_element event=line locals={}
2026-08-23 04:33:14.233 /testbed/scrapy/utils/sitemap.py:80 scrapy.utils.sitemap.Sitemap._process_sitemap_element event=line locals={'d': "{'changefreq': 'value-67', 'loc': 'https://example.invalid/155/3', 'lastmod': 'value-80', 'priority': 'value-2'}"}
2026-08-23 04:33:14.233 /testbed/scrapy/utils/sitemap.py:83 scrapy.utils.sitemap.Sitemap._process_sitemap_element event=line locals={}
2026-08-23 04:33:14.233 /testbed/scrapy/utils/sitemap.py:69 scrapy.utils.sitemap.Sitemap._process_sitemap_element event=line locals={}
2026-08-23 04:33:14.233 /testbed/scrapy/utils/sitemap.py:70 scrapy.utils.sitemap.Sitemap._process_sitemap_element event=line locals={'el': '<Element {http://www.w3.org/1999/xhtml}link at 0x7ac8b2f46b00>'}
2026-08-23 04:33:14.233 /testbed/scrapy/utils/sitemap.py:71 scrapy.utils.sitemap.Sitemap._process_sitemap_element event=line locals={}
2026-08-23 04:33:14.233 /testbed/scrapy/utils/sitemap.py:72 scrapy.utils.sitemap.Sitemap._process_sitemap_element event=line locals={'tag_name': "'link'"}
2026-08-23 04:33:14.233 /testbed/scrapy/utils/sitemap.py:75 scrapy.utils.sitemap.Sitemap._process_sitemap_element event=line locals={}
2026-08-23 04:33:14.233 /testbed/scrapy/utils/sitemap.py:76 scrapy.utils.sitemap.Sitemap._process_sitemap_element event=line locals={}
2026-08-23 04:33:14.233 /testbed/scrapy/utils/sitemap.py:83 scrapy.utils.sitemap.Sitemap._process_sitemap_element event=line locals={'href': 'None'}
2026-08-23 04:33:14.233 /testbed/scrapy/utils/sitemap.py:69 scrapy.utils.sitemap.Sitemap._process_sitemap_element event=line locals={}
2026-08-23 04:33:14.233 /testbed/scrapy/utils/sitemap.py:70 scrapy.utils.sitemap.Sitemap._process_sitemap_element event=line locals={'el': '<Element changefreq at 0x7ac8b2f47040>'}
2026-08-23 04:33:14.233 /testbed/scrapy/utils/sitemap.py:71 scrapy.utils.sitemap.Sitemap._process_sitemap_element event=line locals={}
2026-08-23 04:33:14.233 /testbed/scrapy/utils/sitemap.py:72 scrapy.utils.sitemap.Sitemap._process_sitemap_element event=line locals={'tag_name': "'changefreq'"}
2026-08-23 04:33:14.233 /testbed/scrapy/utils/sitemap.py:75 scrapy.utils.sitemap.Sitemap._process_sitemap_element event=line locals={}
2026-08-23 04:33:14.233 /testbed/scrapy/utils/sitemap.py:79 scrapy.utils.sitemap.Sitemap._process_sitemap_element event=line locals={}
2026-08-23 04:33:14.233 /testbed/scrapy/utils/sitemap.py:80 scrapy.utils.sitemap.Sitemap._process_sitemap_element event=line locals={'d': "{'changefreq': 'value-5', 'loc': 'https://example.invalid/155/3', 'lastmod': 'value-80', 'priority': 'value-2'}"}
2026-08-23 04:33:14.234 /testbed/scrapy/utils/sitemap.py:83 scrapy.utils.sitemap.Sitemap._process_sitemap_element event=line locals={}
2026-08-23 04:33:14.234 /testbed/scrapy/utils/sitemap.py:69 scrapy.utils.sitemap.Sitemap._process_sitemap_element event=line locals={}
2026-08-23 04:33:14.234 /testbed/scrapy/utils/sitemap.py:70 scrapy.utils.sitemap.Sitemap._process_sitemap_element event=line locals={'el': '<Element priority at 0x7ac8b2f46dc0>'}
2026-08-23 04:33:14.234 /testbed/scrapy/utils/sitemap.py:71 scrapy.utils.sitemap.Sitemap._process_sitemap_element event=line locals={}
2026-08-23 04:33:14.234 /testbed/scrapy/utils/sitemap.py:72 scrapy.utils.sitemap.Sitemap._process_sitemap_element event=line locals={'tag_name': "'priority'"}
2026-08-23 04:33:14.234 /testbed/scrapy/utils/sitemap.py:75 scrapy.utils.sitemap.Sitemap._process_sitemap_element event=line locals={}
2026-08-23 04:33:14.234 /testbed/scrapy/utils/sitemap.py:79 scrapy.utils.sitemap.Sitemap._process_sitemap_element event=line locals={}
2026-08-23 04:33:14.234 /testbed/scrapy/utils/sitemap.py:80 scrapy.utils.sitemap.Sitemap._process_sitemap_element event=line locals={'d': "{'changefreq': 'value-5', 'loc': 'https://example.invalid/155/3', 'lastmod': 'value-80', 'priority': 'value-18'}"}
2026-08-23 04:33:14.234 /testbed/scrapy/utils/sitemap.py:83 scrapy.utils.sitemap.Sitemap._process_sitemap_element event=line locals={}
2026-08-23 04:33:14.234 /testbed/scrapy/utils/sitemap.py:69 scrapy.utils.sitemap.Sitemap._process_sitemap_element event=line locals={}
2026-08-23 04:33:14.234 /testbed/scrapy/utils/sitemap.py:70 scrapy.utils.sitemap.Sitemap._process_sitemap_element event=line locals={'el': '<Element priority at 0x7ac8b2f47080>'}
2026-08-23 04:33:14.234 /testbed/scrapy/utils/sitemap.py:71 scrapy.utils.sitemap.Sitemap._process_sitemap_element event=line locals={}
2026-08-23 04:33:14.234 /testbed/scrapy/utils/sitemap.py:72 scrapy.utils.sitemap.Sitemap._process_sitemap_element event=line locals={}
2026-08-23 04:33:14.234 /testbed/scrapy/utils/sitemap.py:75 scrapy.utils.sitemap.Sitemap._process_sitemap_element event=line locals={}
2026-08-23 04:33:14.234 /testbed/scrapy/utils/sitemap.py:79 scrapy.utils.sitemap.Sitemap._process_sitemap_element event=line locals={}
2026-08-23 04:33:14.234 /testbed/scrapy/utils/sitemap.py:80 scrapy.utils.sitemap.Sitemap._process_sitemap_element event=line locals={'d': "{'changefreq': 'value-5', 'loc': 'https://example.invalid/155/3', 'lastmod': 'value-80', 'priority': 'value-31'}"}
2026-08-23 04:33:14.234 /testbed/scrapy/utils/sitemap.py:83 scrapy.utils.sitemap.Sitemap._process_sitemap_element event=line locals={}
2026-08-23 04:33:14.234 /testbed/scrapy/utils/sitemap.py:69 scrapy.utils.sitemap.Sitemap._process_sitemap_element event=line locals={}
2026-08-23 04:33:14.234 /testbed/scrapy/utils/sitemap.py:70 scrapy.utils.sitemap.Sitemap._process_sitemap_element event=line locals={'el': '<Element lastmod at 0x7ac8b2f46b80>'}
2026-08-23 04:33:14.234 /testbed/scrapy/utils/sitemap.py:71 scrapy.utils.sitemap.Sitemap._process_sitemap_element event=line locals={}
2026-08-23 04:33:14.234 /testbed/scrapy/utils/sitemap.py:72 scrapy.utils.sitemap.Sitemap._process_sitemap_element event=line locals={'tag_name': "'lastmod'"}
2026-08-23 04:33:14.235 /testbed/scrapy/utils/sitemap.py:75 scrapy.utils.sitemap.Sitemap._process_sitemap_element event=line locals={}
2026-08-23 04:33:14.235 /testbed/scrapy/utils/sitemap.py:79 scrapy.utils.sitemap.Sitemap._process_sitemap_element event=line locals={}
2026-08-23 04:33:14.235 /testbed/scrapy/utils/sitemap.py:80 scrapy.utils.sitemap.Sitemap._process_sitemap_element event=line locals={'d': "{'changefreq': 'value-5', 'loc': 'https://example.invalid/155/3', 'lastmod': 'value-44', 'priority': 'value-31'}"}
2026-08-23 04:33:14.235 /testbed/scrapy/utils/sitemap.py:83 scrapy.utils.sitemap.Sitemap._process_sitemap_element event=line locals={}
2026-08-23 04:33:14.235 /testbed/scrapy/utils/sitemap.py:69 scrapy.utils.sitemap.Sitemap._process_sitemap_element event=line locals={}
2026-08-23 04:33:14.235 /testbed/scrapy/utils/sitemap.py:84 scrapy.utils.sitemap.Sitemap._process_sitemap_element event=line locals={}
2026-08-23 04:33:14.235 /testbed/scrapy/utils/sitemap.py:85 scrapy.utils.sitemap.Sitemap._process_sitemap_element event=line locals={}
2026-08-23 04:33:14.235 /testbed/scrapy/utils/sitemap.py:86 scrapy.utils.sitemap.Sitemap._process_sitemap_element event=line locals={'parent': '<Element urlset at 0x7ac8b2f46a40>'}
2026-08-23 04:33:14.235 /testbed/scrapy/utils/sitemap.py:87 scrapy.utils.sitemap.Sitemap._process_sitemap_element event=line locals={}
2026-08-23 04:33:14.235 /testbed/scrapy/utils/sitemap.py:88 scrapy.utils.sitemap.Sitemap._process_sitemap_element event=line locals={}
2026-08-23 04:33:14.235 /testbed/scrapy/utils/sitemap.py:87 scrapy.utils.sitemap.Sitemap._process_sitemap_element event=line locals={}
2026-08-23 04:33:14.235 /testbed/scrapy/utils/sitemap.py:88 scrapy.utils.sitemap.Sitemap._process_sitemap_element event=line locals={}
2026-08-23 04:33:14.235 /testbed/scrapy/utils/sitemap.py:87 scrapy.utils.sitemap.Sitemap._process_sitemap_element event=line locals={}
2026-08-23 04:33:14.235 /testbed/scrapy/utils/sitemap.py:88 scrapy.utils.sitemap.Sitemap._process_sitemap_element event=line locals={}
2026-08-23 04:33:14.235 /testbed/scrapy/utils/sitemap.py:87 scrapy.utils.sitemap.Sitemap._process_sitemap_element event=line locals={}
2026-08-23 04:33:14.235 /testbed/scrapy/utils/sitemap.py:88 scrapy.utils.sitemap.Sitemap._process_sitemap_element event=line locals={}
2026-08-23 04:33:14.235 /testbed/scrapy/utils/sitemap.py:87 scrapy.utils.sitemap.Sitemap._process_sitemap_element event=line locals={}
2026-08-23 04:33:14.235 /testbed/scrapy/utils/sitemap.py:88 scrapy.utils.sitemap.Sitemap._process_sitemap_element event=line locals={}
2026-08-23 04:33:14.235 /testbed/scrapy/utils/sitemap.py:87 scrapy.utils.sitemap.Sitemap._process_sitemap_element event=line locals={}
2026-08-23 04:33:14.235 /testbed/scrapy/utils/sitemap.py:88 scrapy.utils.sitemap.Sitemap._process_sitemap_element event=line locals={}
2026-08-23 04:33:14.235 /testbed/scrapy/utils/sitemap.py:87 scrapy.utils.sitemap.Sitemap._process_sitemap_element event=line locals={}
2026-08-23 04:33:14.236 /testbed/scrapy/utils/sitemap.py:88 scrapy.utils.sitemap.Sitemap._process_sitemap_element event=line locals={}
2026-08-23 04:33:14.236 /testbed/scrapy/utils/sitemap.py:87 scrapy.utils.sitemap.Sitemap._process_sitemap_element event=line locals={}
2026-08-23 04:33:14.236 /testbed/scrapy/utils/sitemap.py:88 scrapy.utils.sitemap.Sitemap._process_sitemap_element event=line locals={}
2026-08-23 04:33:14.236 /testbed/scrapy/utils/sitemap.py:87 scrapy.utils.sitemap.Sitemap._process_sitemap_element event=line locals={}
2026-08-23 04:33:14.236 /testbed/scrapy/utils/sitemap.py:88 scrapy.utils.sitemap.Sitemap._process_sitemap_element event=line locals={}
2026-08-23 04:33:14.236 /testbed/scrapy/utils/sitemap.py:87 scrapy.utils.sitemap.Sitemap._process_sitemap_element event=line locals={}
2026-08-23 04:33:14.236 /testbed/scrapy/utils/sitemap.py:88 scrapy.utils.sitemap.Sitemap._process_sitemap_element event=line locals={}
2026-08-23 04:33:14.236 /testbed/scrapy/utils/sitemap.py:87 scrapy.utils.sitemap.Sitemap._process_sitemap_element event=line locals={}
2026-08-23 04:33:14.236 /testbed/scrapy/utils/sitemap.py:88 scrapy.utils.sitemap.Sitemap._process_sitemap_element event=line locals={}
2026-08-23 04:33:14.236 /testbed/scrapy/utils/sitemap.py:87 scrapy.utils.sitemap.Sitemap._process_sitemap_element event=line locals={}
2026-08-23 04:33:14.236 /testbed/scrapy/utils/sitemap.py:88 scrapy.utils.sitemap.Sitemap._process_sitemap_element event=line locals={}
2026-08-23 04:33:14.236 /testbed/scrapy/utils/sitemap.py:87 scrapy.utils.sitemap.Sitemap._process_sitemap_element event=line locals={}
2026-08-23 04:33:14.236 /testbed/scrapy/utils/sitemap.py:88 scrapy.utils.sitemap.Sitemap._process_sitemap_element event=line locals={}
2026-08-23 04:33:14.236 /testbed/scrapy/utils/sitemap.py:87 scrapy.utils.sitemap.Sitemap._process_sitemap_element event=line locals={}
2026-08-23 04:33:14.236 /testbed/scrapy/utils/sitemap.py:88 scrapy.utils.sitemap.Sitemap._process_sitemap_element event=line locals={}
2026-08-23 04:33:14.236 /testbed/scrapy/utils/sitemap.py:87 scrapy.utils.sitemap.Sitemap._process_sitemap_element event=line locals={}
2026-08-23 04:33:14.236 /testbed/scrapy/utils/sitemap.py:88 scrapy.utils.sitemap.Sitemap._process_sitemap_element event=line locals={}
2026-08-23 04:33:14.236 /testbed/scrapy/utils/sitemap.py:87 scrapy.utils.sitemap.Sitemap._process_sitemap_element event=line locals={}
2026-08-23 04:33:14.236 /testbed/scrapy/utils/sitemap.py:88 scrapy.utils.sitemap.Sitemap._process_sitemap_element event=line locals={}
2026-08-23 04:33:14.236 /testbed/scrapy/utils/sitemap.py:87 scrapy.utils.sitemap.Sitemap._process_sitemap_element event=line locals={}
2026-08-23 04:33:14.236 /testbed/scrapy/utils/sitemap.py:88 scrapy.utils.sitemap.Sitemap._process_sitemap_element event=line locals={}
2026-08-23 04:33:14.236 /testbed/scrapy/utils/sitemap.py:87 scrapy.utils.sitemap.Sitemap._process_sitemap_element event=line locals={}
2026-08-23 04:33:14.236 /testbed/scrapy/utils/sitemap.py:88 scrapy.utils.sitemap.Sitemap._process_sitemap_element event=line locals={}
2026-08-23 04:33:14.237 /testbed/scrapy/utils/sitemap.py:87 scrapy.utils.sitemap.Sitemap._process_sitemap_element event=line locals={}
2026-08-23 04:33:14.237 /testbed/scrapy/utils/sitemap.py:88 scrapy.utils.sitemap.Sitemap._process_sitemap_element event=line locals={}
2026-08-23 04:33:14.237 /testbed/scrapy/utils/sitemap.py:87 scrapy.utils.sitemap.Sitemap._process_sitemap_element event=line locals={}
2026-08-23 04:33:14.237 /testbed/scrapy/utils/sitemap.py:88 scrapy.utils.sitemap.Sitemap._process_sitemap_element event=line locals={}
2026-08-23 04:33:14.237 /testbed/scrapy/utils/sitemap.py:87 scrapy.utils.sitemap.Sitemap._process_sitemap_element event=line locals={}
2026-08-23 04:33:14.237 /testbed/scrapy/utils/sitemap.py:88 scrapy.utils.sitemap.Sitemap._process_sitemap_element event=line locals={}
2026-08-23 04:33:14.237 /testbed/scrapy/utils/sitemap.py:87 scrapy.utils.sitemap.Sitemap._process_sitemap_element event=line locals={}
2026-08-23 04:33:14.237 /testbed/scrapy/utils/sitemap.py:88 scrapy.utils.sitemap.Sitemap._process_sitemap_element event=line locals={}
2026-08-23 04:33:14.237 /testbed/scrapy/utils/sitemap.py:87 scrapy.utils.sitemap.Sitemap._process_sitemap_element event=line locals={}
2026-08-23 04:33:14.237 /testbed/scrapy/utils/sitemap.py:88 scrapy.utils.sitemap.Sitemap._process_sitemap_element event=line locals={}
2026-08-23 04:33:14.237 /testbed/scrapy/utils/sitemap.py:87 scrapy.utils.sitemap.Sitemap._process_sitemap_element event=line locals={}
2026-08-23 04:33:14.237 /testbed/scrapy/utils/sitemap.py:88 scrapy.utils.sitemap.Sitemap._process_sitemap_element event=line locals={}
2026-08-23 04:33:14.237 /testbed/scrapy/utils/sitemap.py:87 scrapy.utils.sitemap.Sitemap._process_sitemap_element event=line locals={}
2026-08-23 04:33:14.237 /testbed/scrapy/utils/sitemap.py:88 scrapy.utils.sitemap.Sitemap._process_sitemap_element event=line locals={}
2026-08-23 04:33:14.237 /testbed/scrapy/utils/sitemap.py:87 scrapy.utils.sitemap.Sitemap._process_sitemap_element event=line locals={}
2026-08-23 04:33:14.237 /testbed/scrapy/utils/sitemap.py:88 scrapy.utils.sitemap.Sitemap._process_sitemap_element event=line locals={}
2026-08-23 04:33:14.237 /testbed/scrapy/utils/sitemap.py:87 scrapy.utils.sitemap.Sitemap._process_sitemap_element event=line locals={}
2026-08-23 04:33:14.237 /testbed/scrapy/utils/sitemap.py:88 scrapy.utils.sitemap.Sitemap._process_sitemap_element event=line locals={}
2026-08-23 04:33:14.237 /testbed/scrapy/utils/sitemap.py:87 scrapy.utils.sitemap.Sitemap._process_sitemap_element event=line locals={}
2026-08-23 04:33:14.237 /testbed/scrapy/utils/sitemap.py:88 scrapy.utils.sitemap.Sitemap._process_sitemap_element event=line locals={}
2026-08-23 04:33:14.237 /testbed/scrapy/utils/sitemap.py:87 scrapy.utils.sitemap.Sitemap._process_sitemap_element event=line locals={}
2026-08-23 04:33:14.237 /testbed/scrapy/utils/sitemap.py:88 scrapy.utils.sitemap.Sitemap._process_sitemap_element event=line locals={}
2026-08-23 04:33:14.237 /testbed/scrapy/utils/sitemap.py:87 scrapy.utils.sitemap.Sitemap._process_sitemap_element event=line locals={}
2026-08-23 04:33:14.238 /testbed/scrapy/utils/sitemap.py:88 scrapy.utils.sitemap.Sitemap._process_sitemap_element event=line locals={}
2026-08-23 04:33:14.238 /testbed/scrapy/utils/sitemap.py:87 scrapy.utils.sitemap.Sitemap._process_sitemap_element event=line locals={}
2026-08-23 04:33:14.238 /testbed/scrapy/utils/sitemap.py:88 scrapy.utils.sitemap.Sitemap._process_sitemap_element event=line locals={}
2026-08-23 04:33:14.238 /testbed/scrapy/utils/sitemap.py:87 scrapy.utils.sitemap.Sitemap._process_sitemap_element event=line locals={}
2026-08-23 04:33:14.238 /testbed/scrapy/utils/sitemap.py:88 scrapy.utils.sitemap.Sitemap._process_sitemap_element event=line locals={}
2026-08-23 04:33:14.238 /testbed/scrapy/utils/sitemap.py:87 scrapy.utils.sitemap.Sitemap._process_sitemap_element event=line locals={}
2026-08-23 04:33:14.238 /testbed/scrapy/utils/sitemap.py:88 scrapy.utils.sitemap.Sitemap._process_sitemap_element event=line locals={}
2026-08-23 04:33:14.238 /testbed/scrapy/utils/sitemap.py:87 scrapy.utils.sitemap.Sitemap._process_sitemap_element event=line locals={}
2026-08-23 04:33:14.238 /testbed/scrapy/utils/sitemap.py:88 scrapy.utils.sitemap.Sitemap._process_sitemap_element event=line locals={}
2026-08-23 04:33:14.238 /testbed/scrapy/utils/sitemap.py:87 scrapy.utils.sitemap.Sitemap._process_sitemap_element event=line locals={}
2026-08-23 04:33:14.238 /testbed/scrapy/utils/sitemap.py:88 scrapy.utils.sitemap.Sitemap._process_sitemap_element event=line locals={}
2026-08-23 04:33:14.238 /testbed/scrapy/utils/sitemap.py:87 scrapy.utils.sitemap.Sitemap._process_sitemap_element event=line locals={}
2026-08-23 04:33:14.238 /testbed/scrapy/utils/sitemap.py:88 scrapy.utils.sitemap.Sitemap._process_sitemap_element event=line locals={}
2026-08-23 04:33:14.238 /testbed/scrapy/utils/sitemap.py:87 scrapy.utils.sitemap.Sitemap._process_sitemap_element event=line locals={}
2026-08-23 04:33:14.238 /testbed/scrapy/utils/sitemap.py:88 scrapy.utils.sitemap.Sitemap._process_sitemap_element event=line locals={}
2026-08-23 04:33:14.238 /testbed/scrapy/utils/sitemap.py:87 scrapy.utils.sitemap.Sitemap._process_sitemap_element event=line locals={}
2026-08-23 04:33:14.238 /testbed/scrapy/utils/sitemap.py:88 scrapy.utils.sitemap.Sitemap._process_sitemap_element event=line locals={}
2026-08-23 04:33:14.238 /testbed/scrapy/utils/sitemap.py:87 scrapy.utils.sitemap.Sitemap._process_sitemap_element event=line locals={}
2026-08-23 04:33:14.238 /testbed/scrapy/utils/sitemap.py:88 scrapy.utils.sitemap.Sitemap._process_sitemap_element event=line locals={}
2026-08-23 04:33:14.238 /testbed/scrapy/utils/sitemap.py:87 scrapy.utils.sitemap.Sitemap._process_sitemap_element event=line locals={}
2026-08-23 04:33:14.238 /testbed/scrapy/utils/sitemap.py:88 scrapy.utils.sitemap.Sitemap._process_sitemap_element event=line locals={}
2026-08-23 04:33:14.238 /testbed/scrapy/utils/sitemap.py:87 scrapy.utils.sitemap.Sitemap._process_sitemap_element event=line locals={}
2026-08-23 04:33:14.238 /testbed/scrapy/utils/sitemap.py:88 scrapy.utils.sitemap.Sitemap._process_sitemap_element event=line locals={}
2026-08-23 04:33:14.239 /testbed/scrapy/utils/sitemap.py:87 scrapy.utils.sitemap.Sitemap._process_sitemap_element event=line locals={}
2026-08-23 04:33:14.239 /testbed/scrapy/utils/sitemap.py:88 scrapy.utils.sitemap.Sitemap._process_sitemap_element event=line locals={}
2026-08-23 04:33:14.239 /testbed/scrapy/utils/sitemap.py:87 scrapy.utils.sitemap.Sitemap._process_sitemap_element event=line locals={}
2026-08-23 04:33:14.239 /testbed/scrapy/utils/sitemap.py:88 scrapy.utils.sitemap.Sitemap._process_sitemap_element event=line locals={}
2026-08-23 04:33:14.239 /testbed/scrapy/utils/sitemap.py:87 scrapy.utils.sitemap.Sitemap._process_sitemap_element event=line locals={}
2026-08-23 04:33:14.239 /testbed/scrapy/utils/sitemap.py:88 scrapy.utils.sitemap.Sitemap._process_sitemap_element event=line locals={}
2026-08-23 04:33:14.239 /testbed/scrapy/utils/sitemap.py:87 scrapy.utils.sitemap.Sitemap._process_sitemap_element event=line locals={}
2026-08-23 04:33:14.239 /testbed/scrapy/utils/sitemap.py:88 scrapy.utils.sitemap.Sitemap._process_sitemap_element event=line locals={}
2026-08-23 04:33:14.239 /testbed/scrapy/utils/sitemap.py:87 scrapy.utils.sitemap.Sitemap._process_sitemap_element event=line locals={}
2026-08-23 04:33:14.239 /testbed/scrapy/utils/sitemap.py:88 scrapy.utils.sitemap.Sitemap._process_sitemap_element event=line locals={}
2026-08-23 04:33:14.239 /testbed/scrapy/utils/sitemap.py:87 scrapy.utils.sitemap.Sitemap._process_sitemap_element event=line locals={}
2026-08-23 04:33:14.239 /testbed/scrapy/utils/sitemap.py:88 scrapy.utils.sitemap.Sitemap._process_sitemap_element event=line locals={}
2026-08-23 04:33:14.239 /testbed/scrapy/utils/sitemap.py:87 scrapy.utils.sitemap.Sitemap._process_sitemap_element event=line locals={}
2026-08-23 04:33:14.239 /testbed/scrapy/utils/sitemap.py:88 scrapy.utils.sitemap.Sitemap._process_sitemap_element event=line locals={}
2026-08-23 04:33:14.239 /testbed/scrapy/utils/sitemap.py:87 scrapy.utils.sitemap.Sitemap._process_sitemap_element event=line locals={}
2026-08-23 04:33:14.239 /testbed/scrapy/utils/sitemap.py:88 scrapy.utils.sitemap.Sitemap._process_sitemap_element event=line locals={}
2026-08-23 04:33:14.239 /testbed/scrapy/utils/sitemap.py:87 scrapy.utils.sitemap.Sitemap._process_sitemap_element event=line locals={}
2026-08-23 04:33:14.239 /testbed/scrapy/utils/sitemap.py:88 scrapy.utils.sitemap.Sitemap._process_sitemap_element event=line locals={}
2026-08-23 04:33:14.239 /testbed/scrapy/utils/sitemap.py:87 scrapy.utils.sitemap.Sitemap._process_sitemap_element event=line locals={}
2026-08-23 04:33:14.239 /testbed/scrapy/utils/sitemap.py:88 scrapy.utils.sitemap.Sitemap._process_sitemap_element event=line locals={}
2026-08-23 04:33:14.239 /testbed/scrapy/utils/sitemap.py:87 scrapy.utils.sitemap.Sitemap._process_sitemap_element event=line locals={}
2026-08-23 04:33:14.239 /testbed/scrapy/utils/sitemap.py:88 scrapy.utils.sitemap.Sitemap._process_sitemap_element event=line locals={}
2026-08-23 04:33:14.239 /testbed/scrapy/utils/sitemap.py:87 scrapy.utils.sitemap.Sitemap._process_sitemap_element event=line locals={}
2026-08-23 04:33:14.240 /testbed/scrapy/utils/sitemap.py:88 scrapy.utils.sitemap.Sitemap._process_sitemap_element event=line locals={}
2026-08-23 04:33:14.240 /testbed/scrapy/utils/sitemap.py:87 scrapy.utils.sitemap.Sitemap._process_sitemap_element event=line locals={}
2026-08-23 04:33:14.240 /testbed/scrapy/utils/sitemap.py:88 scrapy.utils.sitemap.Sitemap._process_sitemap_element event=line locals={}
2026-08-23 04:33:14.240 /testbed/scrapy/utils/sitemap.py:87 scrapy.utils.sitemap.Sitemap._process_sitemap_element event=line locals={}
2026-08-23 04:33:14.240 /testbed/scrapy/utils/sitemap.py:88 scrapy.utils.sitemap.Sitemap._process_sitemap_element event=line locals={}
2026-08-23 04:33:14.240 /testbed/scrapy/utils/sitemap.py:87 scrapy.utils.sitemap.Sitemap._process_sitemap_element event=line locals={}
2026-08-23 04:33:14.240 /testbed/scrapy/utils/sitemap.py:88 scrapy.utils.sitemap.Sitemap._process_sitemap_element event=line locals={}
2026-08-23 04:33:14.240 /testbed/scrapy/utils/sitemap.py:87 scrapy.utils.sitemap.Sitemap._process_sitemap_element event=line locals={}
2026-08-23 04:33:14.240 /testbed/scrapy/utils/sitemap.py:88 scrapy.utils.sitemap.Sitemap._process_sitemap_element event=line locals={}
2026-08-23 04:33:14.240 /testbed/scrapy/utils/sitemap.py:87 scrapy.utils.sitemap.Sitemap._process_sitemap_element event=line locals={}
2026-08-23 04:33:14.240 /testbed/scrapy/utils/sitemap.py:88 scrapy.utils.sitemap.Sitemap._process_sitemap_element event=line locals={}
2026-08-23 04:33:14.240 /testbed/scrapy/utils/sitemap.py:87 scrapy.utils.sitemap.Sitemap._process_sitemap_element event=line locals={}
2026-08-23 04:33:14.240 /testbed/scrapy/utils/sitemap.py:88 scrapy.utils.sitemap.Sitemap._process_sitemap_element event=line locals={}
2026-08-23 04:33:14.240 /testbed/scrapy/utils/sitemap.py:87 scrapy.utils.sitemap.Sitemap._process_sitemap_element event=line locals={}
2026-08-23 04:33:14.240 /testbed/scrapy/utils/sitemap.py:88 scrapy.utils.sitemap.Sitemap._process_sitemap_element event=line locals={}
2026-08-23 04:33:14.240 /testbed/scrapy/utils/sitemap.py:87 scrapy.utils.sitemap.Sitemap._process_sitemap_element event=line locals={}
2026-08-23 04:33:14.240 /testbed/scrapy/utils/sitemap.py:88 scrapy.utils.sitemap.Sitemap._process_sitemap_element event=line locals={}
2026-08-23 04:33:14.240 /testbed/scrapy/utils/sitemap.py:87 scrapy.utils.sitemap.Sitemap._process_sitemap_element event=line locals={}
2026-08-23 04:33:14.240 /testbed/scrapy/utils/sitemap.py:88 scrapy.utils.sitemap.Sitemap._process_sitemap_element event=line locals={}
2026-08-23 04:33:14.240 /testbed/scrapy/utils/sitemap.py:87 scrapy.utils.sitemap.Sitemap._process_sitemap_element event=line locals={}
2026-08-23 04:33:14.240 /testbed/scrapy/utils/sitemap.py:88 scrapy.utils.sitemap.Sitemap._process_sitemap_element event=line locals={}
2026-08-23 04:33:14.240 /testbed/scrapy/utils/sitemap.py:87 scrapy.utils.sitemap.Sitemap._process_sitemap_element event=line locals={}
2026-08-23 04:33:14.240 /testbed/scrapy/utils/sitemap.py:88 scrapy.utils.sitemap.Sitemap._process_sitemap_element event=line locals={}
2026-08-23 04:33:14.240 /testbed/scrapy/utils/sitemap.py:87 scrapy.utils.sitemap.Sitemap._process_sitemap_element event=line locals={}
2026-08-23 04:33:14.241 /testbed/scrapy/utils/sitemap.py:88 scrapy.utils.sitemap.Sitemap._process_sitemap_element event=line locals={}
2026-08-23 04:33:14.241 /testbed/scrapy/utils/sitemap.py:87 scrapy.utils.sitemap.Sitemap._process_sitemap_element event=line locals={}
2026-08-23 04:33:14.241 /testbed/scrapy/utils/sitemap.py:88 scrapy.utils.sitemap.Sitemap._process_sitemap_element event=line locals={}
2026-08-23 04:33:14.241 /testbed/scrapy/utils/sitemap.py:87 scrapy.utils.sitemap.Sitemap._process_sitemap_element event=line locals={}
2026-08-23 04:33:14.241 /testbed/scrapy/utils/sitemap.py:88 scrapy.utils.sitemap.Sitemap._process_sitemap_element event=line locals={}
2026-08-23 04:33:14.241 /testbed/scrapy/utils/sitemap.py:87 scrapy.utils.sitemap.Sitemap._process_sitemap_element event=line locals={}
2026-08-23 04:33:14.241 /testbed/scrapy/utils/sitemap.py:88 scrapy.utils.sitemap.Sitemap._process_sitemap_element event=line locals={}
2026-08-23 04:33:14.241 /testbed/scrapy/utils/sitemap.py:87 scrapy.utils.sitemap.Sitemap._process_sitemap_element event=line locals={}
2026-08-23 04:33:14.241 /testbed/scrapy/utils/sitemap.py:88 scrapy.utils.sitemap.Sitemap._process_sitemap_element event=line locals={}
2026-08-23 04:33:14.241 /testbed/scrapy/utils/sitemap.py:87 scrapy.utils.sitemap.Sitemap._process_sitemap_element event=line locals={}
2026-08-23 04:33:14.241 /testbed/scrapy/utils/sitemap.py:88 scrapy.utils.sitemap.Sitemap._process_sitemap_element event=line locals={}
2026-08-23 04:33:14.241 /testbed/scrapy/utils/sitemap.py:87 scrapy.utils.sitemap.Sitemap._process_sitemap_element event=line locals={}
2026-08-23 04:33:14.241 /testbed/scrapy/utils/sitemap.py:88 scrapy.utils.sitemap.Sitemap._process_sitemap_element event=line locals={}
2026-08-23 04:33:14.241 /testbed/scrapy/utils/sitemap.py:87 scrapy.utils.sitemap.Sitemap._process_sitemap_element event=line locals={}
2026-08-23 04:33:14.241 /testbed/scrapy/utils/sitemap.py:88 scrapy.utils.sitemap.Sitemap._process_sitemap_element event=line locals={}
2026-08-23 04:33:14.241 /testbed/scrapy/utils/sitemap.py:87 scrapy.utils.sitemap.Sitemap._process_sitemap_element event=line locals={}
2026-08-23 04:33:14.241 /testbed/scrapy/utils/sitemap.py:88 scrapy.utils.sitemap.Sitemap._process_sitemap_element event=line locals={}
2026-08-23 04:33:14.241 /testbed/scrapy/utils/sitemap.py:87 scrapy.utils.sitemap.Sitemap._process_sitemap_element event=line locals={}
2026-08-23 04:33:14.241 /testbed/scrapy/utils/sitemap.py:88 scrapy.utils.sitemap.Sitemap._process_sitemap_element event=line locals={}
2026-08-23 04:33:14.241 /testbed/scrapy/utils/sitemap.py:87 scrapy.utils.sitemap.Sitemap._process_sitemap_element event=line locals={}
2026-08-23 04:33:14.241 /testbed/scrapy/utils/sitemap.py:88 scrapy.utils.sitemap.Sitemap._process_sitemap_element event=line locals={}
2026-08-23 04:33:14.241 /testbed/scrapy/utils/sitemap.py:87 scrapy.utils.sitemap.Sitemap._process_sitemap_element event=line locals={}
2026-08-23 04:33:14.241 /testbed/scrapy/utils/sitemap.py:88 scrapy.utils.sitemap.Sitemap._process_sitemap_element event=line locals={}
2026-08-23 04:33:14.242 /testbed/scrapy/utils/sitemap.py:87 scrapy.utils.sitemap.Sitemap._process_sitemap_element event=line locals={}
2026-08-23 04:33:14.242 /testbed/scrapy/utils/sitemap.py:88 scrapy.utils.sitemap.Sitemap._process_sitemap_element event=line locals={}
2026-08-23 04:33:14.242 /testbed/scrapy/utils/sitemap.py:87 scrapy.utils.sitemap.Sitemap._process_sitemap_element event=line locals={}
2026-08-23 04:33:14.242 /testbed/scrapy/utils/sitemap.py:88 scrapy.utils.sitemap.Sitemap._process_sitemap_element event=line locals={}
2026-08-23 04:33:14.242 /testbed/scrapy/utils/sitemap.py:87 scrapy.utils.sitemap.Sitemap._process_sitemap_element event=line locals={}
2026-08-23 04:33:14.242 /testbed/scrapy/utils/sitemap.py:88 scrapy.utils.sitemap.Sitemap._process_sitemap_element event=line locals={}
2026-08-23 04:33:14.242 /testbed/scrapy/utils/sitemap.py:87 scrapy.utils.sitemap.Sitemap._process_sitemap_element event=line locals={}
2026-08-23 04:33:14.242 /testbed/scrapy/utils/sitemap.py:88 scrapy.utils.sitemap.Sitemap._process_sitemap_element event=line locals={}
2026-08-23 04:33:14.242 /testbed/scrapy/utils/sitemap.py:87 scrapy.utils.sitemap.Sitemap._process_sitemap_element event=line locals={}
2026-08-23 04:33:14.242 /testbed/scrapy/utils/sitemap.py:88 scrapy.utils.sitemap.Sitemap._process_sitemap_element event=line locals={}
2026-08-23 04:33:14.242 /testbed/scrapy/utils/sitemap.py:87 scrapy.utils.sitemap.Sitemap._process_sitemap_element event=line locals={}
2026-08-23 04:33:14.242 /testbed/scrapy/utils/sitemap.py:88 scrapy.utils.sitemap.Sitemap._process_sitemap_element event=line locals={}
2026-08-23 04:33:14.242 /testbed/scrapy/utils/sitemap.py:87 scrapy.utils.sitemap.Sitemap._process_sitemap_element event=line locals={}
2026-08-23 04:33:14.242 /testbed/scrapy/utils/sitemap.py:88 scrapy.utils.sitemap.Sitemap._process_sitemap_element event=line locals={}
2026-08-23 04:33:14.242 /testbed/scrapy/utils/sitemap.py:87 scrapy.utils.sitemap.Sitemap._process_sitemap_element event=line locals={}
2026-08-23 04:33:14.242 /testbed/scrapy/utils/sitemap.py:88 scrapy.utils.sitemap.Sitemap._process_sitemap_element event=line locals={}
2026-08-23 04:33:14.242 /testbed/scrapy/utils/sitemap.py:87 scrapy.utils.sitemap.Sitemap._process_sitemap_element event=line locals={}
2026-08-23 04:33:14.242 /testbed/scrapy/utils/sitemap.py:88 scrapy.utils.sitemap.Sitemap._process_sitemap_element event=line locals={}
2026-08-23 04:33:14.242 /testbed/scrapy/utils/sitemap.py:87 scrapy.utils.sitemap.Sitemap._process_sitemap_element event=line locals={}
2026-08-23 04:33:14.242 /testbed/scrapy/utils/sitemap.py:88 scrapy.utils.sitemap.Sitemap._process_sitemap_element event=line locals={}
2026-08-23 04:33:14.242 /testbed/scrapy/utils/sitemap.py:87 scrapy.utils.sitemap.Sitemap._process_sitemap_element event=line locals={}
2026-08-23 04:33:14.242 /testbed/scrapy/utils/sitemap.py:88 scrapy.utils.sitemap.Sitemap._process_sitemap_element event=line locals={}
2026-08-23 04:33:14.242 /testbed/scrapy/utils/sitemap.py:87 scrapy.utils.sitemap.Sitemap._process_sitemap_element event=line locals={}
2026-08-23 04:33:14.242 /testbed/scrapy/utils/sitemap.py:88 scrapy.utils.sitemap.Sitemap._process_sitemap_element event=line locals={}
2026-08-23 04:33:14.243 /testbed/scrapy/utils/sitemap.py:87 scrapy.utils.sitemap.Sitemap._process_sitemap_element event=line locals={}
2026-08-23 04:33:14.243 /testbed/scrapy/utils/sitemap.py:88 scrapy.utils.sitemap.Sitemap._process_sitemap_element event=line locals={}
2026-08-23 04:33:14.243 /testbed/scrapy/utils/sitemap.py:87 scrapy.utils.sitemap.Sitemap._process_sitemap_element event=line locals={}
2026-08-23 04:33:14.243 /testbed/scrapy/utils/sitemap.py:88 scrapy.utils.sitemap.Sitemap._process_sitemap_element event=line locals={}
2026-08-23 04:33:14.243 /testbed/scrapy/utils/sitemap.py:87 scrapy.utils.sitemap.Sitemap._process_sitemap_element event=line locals={}
2026-08-23 04:33:14.243 /testbed/scrapy/utils/sitemap.py:88 scrapy.utils.sitemap.Sitemap._process_sitemap_element event=line locals={}
2026-08-23 04:33:14.243 /testbed/scrapy/utils/sitemap.py:87 scrapy.utils.sitemap.Sitemap._process_sitemap_element event=line locals={}
2026-08-23 04:33:14.243 /testbed/scrapy/utils/sitemap.py:88 scrapy.utils.sitemap.Sitemap._process_sitemap_element event=line locals={}
2026-08-23 04:33:14.243 /testbed/scrapy/utils/sitemap.py:87 scrapy.utils.sitemap.Sitemap._process_sitemap_element event=line locals={}
2026-08-23 04:33:14.243 /testbed/scrapy/utils/sitemap.py:88 scrapy.utils.sitemap.Sitemap._process_sitemap_element event=line locals={}
2026-08-23 04:33:14.243 /testbed/scrapy/utils/sitemap.py:87 scrapy.utils.sitemap.Sitemap._process_sitemap_element event=line locals={}
2026-08-23 04:33:14.243 /testbed/scrapy/utils/sitemap.py:88 scrapy.utils.sitemap.Sitemap._process_sitemap_element event=line locals={}
2026-08-23 04:33:14.243 /testbed/scrapy/utils/sitemap.py:87 scrapy.utils.sitemap.Sitemap._process_sitemap_element event=line locals={}
2026-08-23 04:33:14.243 /testbed/scrapy/utils/sitemap.py:88 scrapy.utils.sitemap.Sitemap._process_sitemap_element event=line locals={}
2026-08-23 04:33:14.243 /testbed/scrapy/utils/sitemap.py:87 scrapy.utils.sitemap.Sitemap._process_sitemap_element event=line locals={}
2026-08-23 04:33:14.243 /testbed/scrapy/utils/sitemap.py:88 scrapy.utils.sitemap.Sitemap._process_sitemap_element event=line locals={}
2026-08-23 04:33:14.243 /testbed/scrapy/utils/sitemap.py:87 scrapy.utils.sitemap.Sitemap._process_sitemap_element event=line locals={}
2026-08-23 04:33:14.243 /testbed/scrapy/utils/sitemap.py:88 scrapy.utils.sitemap.Sitemap._process_sitemap_element event=line locals={}
2026-08-23 04:33:14.243 /testbed/scrapy/utils/sitemap.py:87 scrapy.utils.sitemap.Sitemap._process_sitemap_element event=line locals={}
2026-08-23 04:33:14.243 /testbed/scrapy/utils/sitemap.py:88 scrapy.utils.sitemap.Sitemap._process_sitemap_element event=line locals={}
2026-08-23 04:33:14.243 /testbed/scrapy/utils/sitemap.py:87 scrapy.utils.sitemap.Sitemap._process_sitemap_element event=line locals={}
2026-08-23 04:33:14.243 /testbed/scrapy/utils/sitemap.py:88 scrapy.utils.sitemap.Sitemap._process_sitemap_element event=line locals={}
2026-08-23 04:33:14.243 /testbed/scrapy/utils/sitemap.py:87 scrapy.utils.sitemap.Sitemap._process_sitemap_element event=line locals={}
2026-08-23 04:33:14.244 /testbed/scrapy/utils/sitemap.py:88 scrapy.utils.sitemap.Sitemap._process_sitemap_element event=line locals={}
2026-08-23 04:33:14.244 /testbed/scrapy/utils/sitemap.py:87 scrapy.utils.sitemap.Sitemap._process_sitemap_element event=line locals={}
2026-08-23 04:33:14.244 /testbed/scrapy/utils/sitemap.py:88 scrapy.utils.sitemap.Sitemap._process_sitemap_element event=line locals={}
2026-08-23 04:33:14.244 /testbed/scrapy/utils/sitemap.py:87 scrapy.utils.sitemap.Sitemap._process_sitemap_element event=line locals={}
2026-08-23 04:33:14.244 /testbed/scrapy/utils/sitemap.py:88 scrapy.utils.sitemap.Sitemap._process_sitemap_element event=line locals={}
2026-08-23 04:33:14.244 /testbed/scrapy/utils/sitemap.py:87 scrapy.utils.sitemap.Sitemap._process_sitemap_element event=line locals={}
2026-08-23 04:33:14.244 /testbed/scrapy/utils/sitemap.py:88 scrapy.utils.sitemap.Sitemap._process_sitemap_element event=line locals={}
2026-08-23 04:33:14.244 /testbed/scrapy/utils/sitemap.py:87 scrapy.utils.sitemap.Sitemap._process_sitemap_element event=line locals={}
2026-08-23 04:33:14.244 /testbed/scrapy/utils/sitemap.py:88 scrapy.utils.sitemap.Sitemap._process_sitemap_element event=line locals={}
2026-08-23 04:33:14.244 /testbed/scrapy/utils/sitemap.py:87 scrapy.utils.sitemap.Sitemap._process_sitemap_element event=line locals={}
2026-08-23 04:33:14.244 /testbed/scrapy/utils/sitemap.py:88 scrapy.utils.sitemap.Sitemap._process_sitemap_element event=line locals={}
2026-08-23 04:33:14.244 /testbed/scrapy/utils/sitemap.py:87 scrapy.utils.sitemap.Sitemap._process_sitemap_element event=line locals={}
2026-08-23 04:33:14.244 /testbed/scrapy/utils/sitemap.py:88 scrapy.utils.sitemap.Sitemap._process_sitemap_element event=line locals={}
2026-08-23 04:33:14.244 /testbed/scrapy/utils/sitemap.py:87 scrapy.utils.sitemap.Sitemap._process_sitemap_element event=line locals={}
2026-08-23 04:33:14.244 /testbed/scrapy/utils/sitemap.py:88 scrapy.utils.sitemap.Sitemap._process_sitemap_element event=line locals={}
2026-08-23 04:33:14.244 /testbed/scrapy/utils/sitemap.py:87 scrapy.utils.sitemap.Sitemap._process_sitemap_element event=line locals={}
2026-08-23 04:33:14.244 /testbed/scrapy/utils/sitemap.py:88 scrapy.utils.sitemap.Sitemap._process_sitemap_element event=line locals={}
2026-08-23 04:33:14.244 /testbed/scrapy/utils/sitemap.py:87 scrapy.utils.sitemap.Sitemap._process_sitemap_element event=line locals={}
2026-08-23 04:33:14.244 /testbed/scrapy/utils/sitemap.py:88 scrapy.utils.sitemap.Sitemap._process_sitemap_element event=line locals={}
2026-08-23 04:33:14.244 /testbed/scrapy/utils/sitemap.py:87 scrapy.utils.sitemap.Sitemap._process_sitemap_element event=line locals={}
2026-08-23 04:33:14.244 /testbed/scrapy/utils/sitemap.py:88 scrapy.utils.sitemap.Sitemap._process_sitemap_element event=line locals={}
2026-08-23 04:33:14.244 /testbed/scrapy/utils/sitemap.py:87 scrapy.utils.sitemap.Sitemap._process_sitemap_element event=line locals={}
2026-08-23 04:33:14.244 /testbed/scrapy/utils/sitemap.py:88 scrapy.utils.sitemap.Sitemap._process_sitemap_element event=line locals={}
2026-08-23 04:33:14.245 /testbed/scrapy/utils/sitemap.py:87 scrapy.utils.sitemap.Sitemap._process_sitemap_element event=line locals={}
2026-08-23 04:33:14.245 /testbed/scrapy/utils/sitemap.py:88 scrapy.utils.sitemap.Sitemap._process_sitemap_element event=line locals={}
2026-08-23 04:33:14.245 /testbed/scrapy/utils/sitemap.py:87 scrapy.utils.sitemap.Sitemap._process_sitemap_element event=line locals={}
2026-08-23 04:33:14.245 /testbed/scrapy/utils/sitemap.py:88 scrapy.utils.sitemap.Sitemap._process_sitemap_element event=line locals={}
2026-08-23 04:33:14.245 /testbed/scrapy/utils/sitemap.py:87 scrapy.utils.sitemap.Sitemap._process_sitemap_element event=line locals={}
2026-08-23 04:33:14.245 /testbed/scrapy/utils/sitemap.py:88 scrapy.utils.sitemap.Sitemap._process_sitemap_element event=line locals={}
2026-08-23 04:33:14.245 /testbed/scrapy/utils/sitemap.py:87 scrapy.utils.sitemap.Sitemap._process_sitemap_element event=line locals={}
2026-08-23 04:33:14.245 /testbed/scrapy/utils/sitemap.py:88 scrapy.utils.sitemap.Sitemap._process_sitemap_element event=line locals={}
2026-08-23 04:33:14.245 /testbed/scrapy/utils/sitemap.py:87 scrapy.utils.sitemap.Sitemap._process_sitemap_element event=line locals={}
2026-08-23 04:33:14.245 /testbed/scrapy/utils/sitemap.py:88 scrapy.utils.sitemap.Sitemap._process_sitemap_element event=line locals={}
2026-08-23 04:33:14.245 /testbed/scrapy/utils/sitemap.py:87 scrapy.utils.sitemap.Sitemap._process_sitemap_element event=line locals={}
2026-08-23 04:33:14.245 /testbed/scrapy/utils/sitemap.py:88 scrapy.utils.sitemap.Sitemap._process_sitemap_element event=line locals={}
2026-08-23 04:33:14.245 /testbed/scrapy/utils/sitemap.py:87 scrapy.utils.sitemap.Sitemap._process_sitemap_element event=line locals={}
2026-08-23 04:33:14.245 /testbed/scrapy/utils/sitemap.py:88 scrapy.utils.sitemap.Sitemap._process_sitemap_element event=line locals={}
2026-08-23 04:33:14.245 /testbed/scrapy/utils/sitemap.py:87 scrapy.utils.sitemap.Sitemap._process_sitemap_element event=line locals={}
2026-08-23 04:33:14.245 /testbed/scrapy/utils/sitemap.py:88 scrapy.utils.sitemap.Sitemap._process_sitemap_element event=line locals={}
2026-08-23 04:33:14.245 /testbed/scrapy/utils/sitemap.py:87 scrapy.utils.sitemap.Sitemap._process_sitemap_element event=line locals={}
2026-08-23 04:33:14.245 /testbed/scrapy/utils/sitemap.py:88 scrapy.utils.sitemap.Sitemap._process_sitemap_element event=line locals={}
2026-08-23 04:33:14.245 /testbed/scrapy/utils/sitemap.py:87 scrapy.utils.sitemap.Sitemap._process_sitemap_element event=line locals={}
2026-08-23 04:33:14.245 /testbed/scrapy/utils/sitemap.py:88 scrapy.utils.sitemap.Sitemap._process_sitemap_element event=line locals={}
2026-08-23 04:33:14.245 /testbed/scrapy/utils/sitemap.py:87 scrapy.utils.sitemap.Sitemap._process_sitemap_element event=line locals={}
2026-08-23 04:33:14.245 /testbed/scrapy/utils/sitemap.py:88 scrapy.utils.sitemap.Sitemap._process_sitemap_element event=line locals={}
2026-08-23 04:33:14.245 /testbed/scrapy/utils/sitemap.py:87 scrapy.utils.sitemap.Sitemap._process_sitemap_element event=line locals={}
2026-08-23 04:33:14.245 /testbed/scrapy/utils/sitemap.py:88 scrapy.utils.sitemap.Sitemap._process_sitemap_element event=line locals={}
2026-08-23 04:33:14.246 /testbed/scrapy/utils/sitemap.py:87 scrapy.utils.sitemap.Sitemap._process_sitemap_element event=line locals={}
2026-08-23 04:33:14.246 /testbed/scrapy/utils/sitemap.py:88 scrapy.utils.sitemap.Sitemap._process_sitemap_element event=line locals={}
2026-08-23 04:33:14.246 /testbed/scrapy/utils/sitemap.py:87 scrapy.utils.sitemap.Sitemap._process_sitemap_element event=line locals={}
2026-08-23 04:33:14.246 /testbed/scrapy/utils/sitemap.py:88 scrapy.utils.sitemap.Sitemap._process_sitemap_element event=line locals={}
2026-08-23 04:33:14.246 /testbed/scrapy/utils/sitemap.py:87 scrapy.utils.sitemap.Sitemap._process_sitemap_element event=line locals={}
2026-08-23 04:33:14.246 /testbed/scrapy/utils/sitemap.py:88 scrapy.utils.sitemap.Sitemap._process_sitemap_element event=line locals={}
2026-08-23 04:33:14.246 /testbed/scrapy/utils/sitemap.py:87 scrapy.utils.sitemap.Sitemap._process_sitemap_element event=line locals={}
2026-08-23 04:33:14.246 /testbed/scrapy/utils/sitemap.py:88 scrapy.utils.sitemap.Sitemap._process_sitemap_element event=line locals={}
2026-08-23 04:33:14.246 /testbed/scrapy/utils/sitemap.py:87 scrapy.utils.sitemap.Sitemap._process_sitemap_element event=line locals={}
2026-08-23 04:33:14.246 /testbed/scrapy/utils/sitemap.py:88 scrapy.utils.sitemap.Sitemap._process_sitemap_element event=line locals={}
2026-08-23 04:33:14.246 /testbed/scrapy/utils/sitemap.py:87 scrapy.utils.sitemap.Sitemap._process_sitemap_element event=line locals={}
2026-08-23 04:33:14.246 /testbed/scrapy/utils/sitemap.py:88 scrapy.utils.sitemap.Sitemap._process_sitemap_element event=line locals={}
2026-08-23 04:33:14.246 /testbed/scrapy/utils/sitemap.py:87 scrapy.utils.sitemap.Sitemap._process_sitemap_element event=line locals={}
2026-08-23 04:33:14.246 /testbed/scrapy/utils/sitemap.py:88 scrapy.utils.sitemap.Sitemap._process_sitemap_element event=line locals={}
2026-08-23 04:33:14.246 /testbed/scrapy/utils/sitemap.py:87 scrapy.utils.sitemap.Sitemap._process_sitemap_element event=line locals={}
2026-08-23 04:33:14.246 /testbed/scrapy/utils/sitemap.py:88 scrapy.utils.sitemap.Sitemap._process_sitemap_element event=line locals={}
2026-08-23 04:33:14.246 /testbed/scrapy/utils/sitemap.py:87 scrapy.utils.sitemap.Sitemap._process_sitemap_element event=line locals={}
2026-08-23 04:33:14.246 /testbed/scrapy/utils/sitemap.py:88 scrapy.utils.sitemap.Sitemap._process_sitemap_element event=line locals={}
2026-08-23 04:33:14.246 /testbed/scrapy/utils/sitemap.py:87 scrapy.utils.sitemap.Sitemap._process_sitemap_element event=line locals={}
2026-08-23 04:33:14.246 /testbed/scrapy/utils/sitemap.py:88 scrapy.utils.sitemap.Sitemap._process_sitemap_element event=line locals={}
2026-08-23 04:33:14.246 /testbed/scrapy/utils/sitemap.py:87 scrapy.utils.sitemap.Sitemap._process_sitemap_element event=line locals={}
2026-08-23 04:33:14.246 /testbed/scrapy/utils/sitemap.py:88 scrapy.utils.sitemap.Sitemap._process_sitemap_element event=line locals={}
2026-08-23 04:33:14.247 /testbed/scrapy/utils/sitemap.py:87 scrapy.utils.sitemap.Sitemap._process_sitemap_element event=line locals={}
2026-08-23 04:33:14.247 /testbed/scrapy/utils/sitemap.py:88 scrapy.utils.sitemap.Sitemap._process_sitemap_element event=line locals={}
2026-08-23 04:33:14.247 /testbed/scrapy/utils/sitemap.py:87 scrapy.utils.sitemap.Sitemap._process_sitemap_element event=line locals={}
2026-08-23 04:33:14.247 /testbed/scrapy/utils/sitemap.py:88 scrapy.utils.sitemap.Sitemap._process_sitemap_element event=line locals={}
2026-08-23 04:33:14.247 /testbed/scrapy/utils/sitemap.py:87 scrapy.utils.sitemap.Sitemap._process_sitemap_element event=line locals={}
2026-08-23 04:33:14.247 /testbed/scrapy/utils/sitemap.py:88 scrapy.utils.sitemap.Sitemap._process_sitemap_element event=line locals={}
2026-08-23 04:33:14.247 /testbed/scrapy/utils/sitemap.py:87 scrapy.utils.sitemap.Sitemap._process_sitemap_element event=line locals={}
2026-08-23 04:33:14.247 /testbed/scrapy/utils/sitemap.py:88 scrapy.utils.sitemap.Sitemap._process_sitemap_element event=line locals={}
2026-08-23 04:33:14.247 /testbed/scrapy/utils/sitemap.py:87 scrapy.utils.sitemap.Sitemap._process_sitemap_element event=line locals={}
2026-08-23 04:33:14.247 /testbed/scrapy/utils/sitemap.py:88 scrapy.utils.sitemap.Sitemap._process_sitemap_element event=line locals={}
2026-08-23 04:33:14.247 /testbed/scrapy/utils/sitemap.py:87 scrapy.utils.sitemap.Sitemap._process_sitemap_element event=line locals={}
2026-08-23 04:33:14.247 /testbed/scrapy/utils/sitemap.py:88 scrapy.utils.sitemap.Sitemap._process_sitemap_element event=line locals={}
2026-08-23 04:33:14.247 /testbed/scrapy/utils/sitemap.py:87 scrapy.utils.sitemap.Sitemap._process_sitemap_element event=line locals={}
2026-08-23 04:33:14.247 /testbed/scrapy/utils/sitemap.py:88 scrapy.utils.sitemap.Sitemap._process_sitemap_element event=line locals={}
2026-08-23 04:33:14.247 /testbed/scrapy/utils/sitemap.py:87 scrapy.utils.sitemap.Sitemap._process_sitemap_element event=line locals={}
2026-08-23 04:33:14.247 /testbed/scrapy/utils/sitemap.py:88 scrapy.utils.sitemap.Sitemap._process_sitemap_element event=line locals={}
2026-08-23 04:33:14.247 /testbed/scrapy/utils/sitemap.py:87 scrapy.utils.sitemap.Sitemap._process_sitemap_element event=line locals={}
2026-08-23 04:33:14.247 /testbed/scrapy/utils/sitemap.py:88 scrapy.utils.sitemap.Sitemap._process_sitemap_element event=line locals={}
2026-08-23 04:33:14.247 /testbed/scrapy/utils/sitemap.py:87 scrapy.utils.sitemap.Sitemap._process_sitemap_element event=line locals={}
2026-08-23 04:33:14.247 /testbed/scrapy/utils/sitemap.py:88 scrapy.utils.sitemap.Sitemap._process_sitemap_element event=line locals={}
2026-08-23 04:33:14.247 /testbed/scrapy/utils/sitemap.py:87 scrapy.utils.sitemap.Sitemap._process_sitemap_element event=line locals={}
2026-08-23 04:33:14.247 /testbed/scrapy/utils/sitemap.py:88 scrapy.utils.sitemap.Sitemap._process_sitemap_element event=line locals={}
2026-08-23 04:33:14.247 /testbed/scrapy/utils/sitemap.py:87 scrapy.utils.sitemap.Sitemap._process_sitemap_element event=line locals={}
2026-08-23 04:33:14.248 /testbed/scrapy/utils/sitemap.py:88 scrapy.utils.sitemap.Sitemap._process_sitemap_element event=line locals={}
2026-08-23 04:33:14.248 /testbed/scrapy/utils/sitemap.py:87 scrapy.utils.sitemap.Sitemap._process_sitemap_element event=line locals={}
2026-08-23 04:33:14.248 /testbed/scrapy/utils/sitemap.py:88 scrapy.utils.sitemap.Sitemap._process_sitemap_element event=line locals={}
2026-08-23 04:33:14.248 /testbed/scrapy/utils/sitemap.py:87 scrapy.utils.sitemap.Sitemap._process_sitemap_element event=line locals={}
2026-08-23 04:33:14.248 /testbed/scrapy/utils/sitemap.py:88 scrapy.utils.sitemap.Sitemap._process_sitemap_element event=line locals={}
2026-08-23 04:33:14.248 /testbed/scrapy/utils/sitemap.py:87 scrapy.utils.sitemap.Sitemap._process_sitemap_element event=line locals={}
2026-08-23 04:33:14.248 /testbed/scrapy/utils/sitemap.py:88 scrapy.utils.sitemap.Sitemap._process_sitemap_element event=line locals={}
2026-08-23 04:33:14.248 /testbed/scrapy/utils/sitemap.py:87 scrapy.utils.sitemap.Sitemap._process_sitemap_element event=line locals={}
2026-08-23 04:33:14.248 /testbed/scrapy/utils/sitemap.py:88 scrapy.utils.sitemap.Sitemap._process_sitemap_element event=line locals={}
2026-08-23 04:33:14.248 /testbed/scrapy/utils/sitemap.py:87 scrapy.utils.sitemap.Sitemap._process_sitemap_element event=line locals={}
2026-08-23 04:33:14.248 /testbed/scrapy/utils/sitemap.py:88 scrapy.utils.sitemap.Sitemap._process_sitemap_element event=line locals={}
2026-08-23 04:33:14.248 /testbed/scrapy/utils/sitemap.py:87 scrapy.utils.sitemap.Sitemap._process_sitemap_element event=line locals={}
2026-08-23 04:33:14.248 /testbed/scrapy/utils/sitemap.py:88 scrapy.utils.sitemap.Sitemap._process_sitemap_element event=line locals={}
2026-08-23 04:33:14.248 /testbed/scrapy/utils/sitemap.py:87 scrapy.utils.sitemap.Sitemap._process_sitemap_element event=line locals={}
2026-08-23 04:33:14.248 /testbed/scrapy/utils/sitemap.py:88 scrapy.utils.sitemap.Sitemap._process_sitemap_element event=line locals={}
2026-08-23 04:33:14.248 /testbed/scrapy/utils/sitemap.py:87 scrapy.utils.sitemap.Sitemap._process_sitemap_element event=line locals={}
2026-08-23 04:33:14.248 /testbed/scrapy/utils/sitemap.py:88 scrapy.utils.sitemap.Sitemap._process_sitemap_element event=line locals={}
2026-08-23 04:33:14.248 /testbed/scrapy/utils/sitemap.py:87 scrapy.utils.sitemap.Sitemap._process_sitemap_element event=line locals={}
2026-08-23 04:33:14.248 /testbed/scrapy/utils/sitemap.py:88 scrapy.utils.sitemap.Sitemap._process_sitemap_element event=line locals={}
2026-08-23 04:33:14.248 /testbed/scrapy/utils/sitemap.py:87 scrapy.utils.sitemap.Sitemap._process_sitemap_element event=line locals={}
2026-08-23 04:33:14.248 /testbed/scrapy/utils/sitemap.py:88 scrapy.utils.sitemap.Sitemap._process_sitemap_element event=line locals={}
2026-08-23 04:33:14.248 /testbed/scrapy/utils/sitemap.py:87 scrapy.utils.sitemap.Sitemap._process_sitemap_element event=line locals={}
2026-08-23 04:33:14.249 /testbed/scrapy/utils/sitemap.py:88 scrapy.utils.sitemap.Sitemap._process_sitemap_element event=line locals={}
2026-08-23 04:33:14.249 /testbed/scrapy/utils/sitemap.py:87 scrapy.utils.sitemap.Sitemap._process_sitemap_element event=line locals={}
2026-08-23 04:33:14.249 /testbed/scrapy/utils/sitemap.py:88 scrapy.utils.sitemap.Sitemap._process_sitemap_element event=line locals={}
2026-08-23 04:33:14.249 /testbed/scrapy/utils/sitemap.py:87 scrapy.utils.sitemap.Sitemap._process_sitemap_element event=line locals={}
2026-08-23 04:33:14.249 /testbed/scrapy/utils/sitemap.py:88 scrapy.utils.sitemap.Sitemap._process_sitemap_element event=line locals={}
2026-08-23 04:33:14.249 /testbed/scrapy/utils/sitemap.py:87 scrapy.utils.sitemap.Sitemap._process_sitemap_element event=line locals={}
2026-08-23 04:33:14.249 /testbed/scrapy/utils/sitemap.py:88 scrapy.utils.sitemap.Sitemap._process_sitemap_element event=line locals={}
2026-08-23 04:33:14.249 /testbed/scrapy/utils/sitemap.py:87 scrapy.utils.sitemap.Sitemap._process_sitemap_element event=line locals={}
2026-08-23 04:33:14.249 /testbed/scrapy/utils/sitemap.py:88 scrapy.utils.sitemap.Sitemap._process_sitemap_element event=line locals={}
2026-08-23 04:33:14.249 /testbed/scrapy/utils/sitemap.py:87 scrapy.utils.sitemap.Sitemap._process_sitemap_element event=line locals={}
2026-08-23 04:33:14.249 /testbed/scrapy/utils/sitemap.py:88 scrapy.utils.sitemap.Sitemap._process_sitemap_element event=line locals={}
2026-08-23 04:33:14.249 /testbed/scrapy/utils/sitemap.py:87 scrapy.utils.sitemap.Sitemap._process_sitemap_element event=line locals={}
2026-08-23 04:33:14.249 /testbed/scrapy/utils/sitemap.py:88 scrapy.utils.sitemap.Sitemap._process_sitemap_element event=line locals={}
2026-08-23 04:33:14.249 /testbed/scrapy/utils/sitemap.py:87 scrapy.utils.sitemap.Sitemap._process_sitemap_element event=line locals={}
2026-08-23 04:33:14.250 /testbed/scrapy/utils/sitemap.py:88 scrapy.utils.sitemap.Sitemap._process_sitemap_element event=line locals={}
2026-08-23 04:33:14.250 /testbed/scrapy/utils/sitemap.py:87 scrapy.utils.sitemap.Sitemap._process_sitemap_element event=line locals={}
2026-08-23 04:33:14.250 /testbed/scrapy/utils/sitemap.py:88 scrapy.utils.sitemap.Sitemap._process_sitemap_element event=line locals={}
2026-08-23 04:33:14.250 /testbed/scrapy/utils/sitemap.py:87 scrapy.utils.sitemap.Sitemap._process_sitemap_element event=line locals={}
2026-08-23 04:33:14.250 /testbed/scrapy/utils/sitemap.py:88 scrapy.utils.sitemap.Sitemap._process_sitemap_element event=line locals={}
2026-08-23 04:33:14.250 /testbed/scrapy/utils/sitemap.py:87 scrapy.utils.sitemap.Sitemap._process_sitemap_element event=line locals={}
2026-08-23 04:33:14.250 /testbed/scrapy/utils/sitemap.py:88 scrapy.utils.sitemap.Sitemap._process_sitemap_element event=line locals={}
2026-08-23 04:33:14.250 /testbed/scrapy/utils/sitemap.py:87 scrapy.utils.sitemap.Sitemap._process_sitemap_element event=line locals={}
2026-08-23 04:33:14.250 /testbed/scrapy/utils/sitemap.py:88 scrapy.utils.sitemap.Sitemap._process_sitemap_element event=line locals={}
2026-08-23 04:33:14.250 /testbed/scrapy/utils/sitemap.py:87 scrapy.utils.sitemap.Sitemap._process_sitemap_element event=line locals={}
2026-08-23 04:33:14.250 /testbed/scrapy/utils/sitemap.py:88 scrapy.utils.sitemap.Sitemap._process_sitemap_element event=line locals={}
2026-08-23 04:33:14.250 /testbed/scrapy/utils/sitemap.py:87 scrapy.utils.sitemap.Sitemap._process_sitemap_element event=line locals={}
2026-08-23 04:33:14.250 /testbed/scrapy/utils/sitemap.py:88 scrapy.utils.sitemap.Sitemap._process_sitemap_element event=line locals={}
2026-08-23 04:33:14.250 /testbed/scrapy/utils/sitemap.py:87 scrapy.utils.sitemap.Sitemap._process_sitemap_element event=line locals={}
2026-08-23 04:33:14.250 /testbed/scrapy/utils/sitemap.py:88 scrapy.utils.sitemap.Sitemap._process_sitemap_element event=line locals={}
2026-08-23 04:33:14.250 /testbed/scrapy/utils/sitemap.py:87 scrapy.utils.sitemap.Sitemap._process_sitemap_element event=line locals={}
2026-08-23 04:33:14.250 /testbed/scrapy/utils/sitemap.py:88 scrapy.utils.sitemap.Sitemap._process_sitemap_element event=line locals={}
2026-08-23 04:33:14.250 /testbed/scrapy/utils/sitemap.py:87 scrapy.utils.sitemap.Sitemap._process_sitemap_element event=line locals={}
2026-08-23 04:33:14.250 /testbed/scrapy/utils/sitemap.py:88 scrapy.utils.sitemap.Sitemap._process_sitemap_element event=line locals={}
2026-08-23 04:33:14.250 /testbed/scrapy/utils/sitemap.py:87 scrapy.utils.sitemap.Sitemap._process_sitemap_element event=line locals={}
2026-08-23 04:33:14.250 /testbed/scrapy/utils/sitemap.py:88 scrapy.utils.sitemap.Sitemap._process_sitemap_element event=line locals={}
2026-08-23 04:33:14.250 /testbed/scrapy/utils/sitemap.py:87 scrapy.utils.sitemap.Sitemap._process_sitemap_element event=line locals={}
2026-08-23 04:33:14.250 /testbed/scrapy/utils/sitemap.py:88 scrapy.utils.sitemap.Sitemap._process_sitemap_element event=line locals={}
2026-08-23 04:33:14.251 /testbed/scrapy/utils/sitemap.py:87 scrapy.utils.sitemap.Sitemap._process_sitemap_element event=line locals={}
2026-08-23 04:33:14.251 /testbed/scrapy/utils/sitemap.py:88 scrapy.utils.sitemap.Sitemap._process_sitemap_element event=line locals={}
2026-08-23 04:33:14.251 /testbed/scrapy/utils/sitemap.py:87 scrapy.utils.sitemap.Sitemap._process_sitemap_element event=line locals={}
2026-08-23 04:33:14.251 /testbed/scrapy/utils/sitemap.py:88 scrapy.utils.sitemap.Sitemap._process_sitemap_element event=line locals={}
2026-08-23 04:33:14.251 /testbed/scrapy/utils/sitemap.py:87 scrapy.utils.sitemap.Sitemap._process_sitemap_element event=line locals={}
2026-08-23 04:33:14.251 /testbed/scrapy/utils/sitemap.py:88 scrapy.utils.sitemap.Sitemap._process_sitemap_element event=line locals={}
2026-08-23 04:33:14.251 /testbed/scrapy/utils/sitemap.py:87 scrapy.utils.sitemap.Sitemap._process_sitemap_element event=line locals={}
2026-08-23 04:33:14.251 /testbed/scrapy/utils/sitemap.py:88 scrapy.utils.sitemap.Sitemap._process_sitemap_element event=line locals={}
2026-08-23 04:33:14.251 /testbed/scrapy/utils/sitemap.py:87 scrapy.utils.sitemap.Sitemap._process_sitemap_element event=line locals={}
2026-08-23 04:33:14.251 /testbed/scrapy/utils/sitemap.py:88 scrapy.utils.sitemap.Sitemap._process_sitemap_element event=line locals={}
2026-08-23 04:33:14.251 /testbed/scrapy/utils/sitemap.py:87 scrapy.utils.sitemap.Sitemap._process_sitemap_element event=line locals={}
2026-08-23 04:33:14.251 /testbed/scrapy/utils/sitemap.py:88 scrapy.utils.sitemap.Sitemap._process_sitemap_element event=line locals={}
2026-08-23 04:33:14.251 /testbed/scrapy/utils/sitemap.py:87 scrapy.utils.sitemap.Sitemap._process_sitemap_element event=line locals={}
2026-08-23 04:33:14.251 /testbed/scrapy/utils/sitemap.py:88 scrapy.utils.sitemap.Sitemap._process_sitemap_element event=line locals={}
2026-08-23 04:33:14.251 /testbed/scrapy/utils/sitemap.py:87 scrapy.utils.sitemap.Sitemap._process_sitemap_element event=line locals={}
2026-08-23 04:33:14.251 /testbed/scrapy/utils/sitemap.py:88 scrapy.utils.sitemap.Sitemap._process_sitemap_element event=line locals={}
2026-08-23 04:33:14.251 /testbed/scrapy/utils/sitemap.py:87 scrapy.utils.sitemap.Sitemap._process_sitemap_element event=line locals={}
2026-08-23 04:33:14.251 /testbed/scrapy/utils/sitemap.py:88 scrapy.utils.sitemap.Sitemap._process_sitemap_element event=line locals={}
2026-08-23 04:33:14.251 /testbed/scrapy/utils/sitemap.py:87 scrapy.utils.sitemap.Sitemap._process_sitemap_element event=line locals={}
2026-08-23 04:33:14.251 /testbed/scrapy/utils/sitemap.py:88 scrapy.utils.sitemap.Sitemap._process_sitemap_element event=line locals={}
2026-08-23 04:33:14.251 /testbed/scrapy/utils/sitemap.py:87 scrapy.utils.sitemap.Sitemap._process_sitemap_element event=line locals={}
2026-08-23 04:33:14.251 /testbed/scrapy/utils/sitemap.py:88 scrapy.utils.sitemap.Sitemap._process_sitemap_element event=line locals={}
2026-08-23 04:33:14.251 /testbed/scrapy/utils/sitemap.py:87 scrapy.utils.sitemap.Sitemap._process_sitemap_element event=line locals={}
2026-08-23 04:33:14.252 /testbed/scrapy/utils/sitemap.py:88 scrapy.utils.sitemap.Sitemap._process_sitemap_element event=line locals={}
2026-08-23 04:33:14.252 /testbed/scrapy/utils/sitemap.py:87 scrapy.utils.sitemap.Sitemap._process_sitemap_element event=line locals={}
2026-08-23 04:33:14.252 /testbed/scrapy/utils/sitemap.py:88 scrapy.utils.sitemap.Sitemap._process_sitemap_element event=line locals={}
2026-08-23 04:33:14.252 /testbed/scrapy/utils/sitemap.py:87 scrapy.utils.sitemap.Sitemap._process_sitemap_element event=line locals={}
2026-08-23 04:33:14.252 /testbed/scrapy/utils/sitemap.py:88 scrapy.utils.sitemap.Sitemap._process_sitemap_element event=line locals={}
2026-08-23 04:33:14.252 /testbed/scrapy/utils/sitemap.py:87 scrapy.utils.sitemap.Sitemap._process_sitemap_element event=line locals={}
2026-08-23 04:33:14.252 /testbed/scrapy/utils/sitemap.py:88 scrapy.utils.sitemap.Sitemap._process_sitemap_element event=line locals={}
2026-08-23 04:33:14.252 /testbed/scrapy/utils/sitemap.py:87 scrapy.utils.sitemap.Sitemap._process_sitemap_element event=line locals={}
2026-08-23 04:33:14.252 /testbed/scrapy/utils/sitemap.py:88 scrapy.utils.sitemap.Sitemap._process_sitemap_element event=line locals={}
2026-08-23 04:33:14.252 /testbed/scrapy/utils/sitemap.py:87 scrapy.utils.sitemap.Sitemap._process_sitemap_element event=line locals={}
2026-08-23 04:33:14.252 /testbed/scrapy/utils/sitemap.py:88 scrapy.utils.sitemap.Sitemap._process_sitemap_element event=line locals={}
2026-08-23 04:33:14.252 /testbed/scrapy/utils/sitemap.py:87 scrapy.utils.sitemap.Sitemap._process_sitemap_element event=line locals={}
2026-08-23 04:33:14.252 /testbed/scrapy/utils/sitemap.py:88 scrapy.utils.sitemap.Sitemap._process_sitemap_element event=line locals={}
2026-08-23 04:33:14.252 /testbed/scrapy/utils/sitemap.py:87 scrapy.utils.sitemap.Sitemap._process_sitemap_element event=line locals={}
2026-08-23 04:33:14.252 /testbed/scrapy/utils/sitemap.py:88 scrapy.utils.sitemap.Sitemap._process_sitemap_element event=line locals={}
2026-08-23 04:33:14.252 /testbed/scrapy/utils/sitemap.py:87 scrapy.utils.sitemap.Sitemap._process_sitemap_element event=line locals={}
2026-08-23 04:33:14.252 /testbed/scrapy/utils/sitemap.py:88 scrapy.utils.sitemap.Sitemap._process_sitemap_element event=line locals={}
2026-08-23 04:33:14.252 /testbed/scrapy/utils/sitemap.py:87 scrapy.utils.sitemap.Sitemap._process_sitemap_element event=line locals={}
2026-08-23 04:33:14.252 /testbed/scrapy/utils/sitemap.py:88 scrapy.utils.sitemap.Sitemap._process_sitemap_element event=line locals={}
2026-08-23 04:33:14.252 /testbed/scrapy/utils/sitemap.py:87 scrapy.utils.sitemap.Sitemap._process_sitemap_element event=line locals={}
2026-08-23 04:33:14.252 /testbed/scrapy/utils/sitemap.py:88 scrapy.utils.sitemap.Sitemap._process_sitemap_element event=line locals={}
2026-08-23 04:33:14.252 /testbed/scrapy/utils/sitemap.py:87 scrapy.utils.sitemap.Sitemap._process_sitemap_element event=line locals={}
2026-08-23 04:33:14.252 /testbed/scrapy/utils/sitemap.py:88 scrapy.utils.sitemap.Sitemap._process_sitemap_element event=line locals={}
2026-08-23 04:33:14.252 /testbed/scrapy/utils/sitemap.py:87 scrapy.utils.sitemap.Sitemap._process_sitemap_element event=line locals={}
2026-08-23 04:33:14.253 /testbed/scrapy/utils/sitemap.py:88 scrapy.utils.sitemap.Sitemap._process_sitemap_element event=line locals={}
2026-08-23 04:33:14.253 /testbed/scrapy/utils/sitemap.py:87 scrapy.utils.sitemap.Sitemap._process_sitemap_element event=line locals={}
2026-08-23 04:33:14.253 /testbed/scrapy/utils/sitemap.py:88 scrapy.utils.sitemap.Sitemap._process_sitemap_element event=line locals={}
2026-08-23 04:33:14.253 /testbed/scrapy/utils/sitemap.py:87 scrapy.utils.sitemap.Sitemap._process_sitemap_element event=line locals={}
2026-08-23 04:33:14.253 /testbed/scrapy/utils/sitemap.py:88 scrapy.utils.sitemap.Sitemap._process_sitemap_element event=line locals={}
2026-08-23 04:33:14.253 /testbed/scrapy/utils/sitemap.py:87 scrapy.utils.sitemap.Sitemap._process_sitemap_element event=line locals={}
2026-08-23 04:33:14.253 /testbed/scrapy/utils/sitemap.py:88 scrapy.utils.sitemap.Sitemap._process_sitemap_element event=line locals={}
2026-08-23 04:33:14.253 /testbed/scrapy/utils/sitemap.py:87 scrapy.utils.sitemap.Sitemap._process_sitemap_element event=line locals={}
2026-08-23 04:33:14.253 /testbed/scrapy/utils/sitemap.py:88 scrapy.utils.sitemap.Sitemap._process_sitemap_element event=line locals={}
2026-08-23 04:33:14.253 /testbed/scrapy/utils/sitemap.py:87 scrapy.utils.sitemap.Sitemap._process_sitemap_element event=line locals={}
2026-08-23 04:33:14.253 /testbed/scrapy/utils/sitemap.py:88 scrapy.utils.sitemap.Sitemap._process_sitemap_element event=line locals={}
2026-08-23 04:33:14.253 /testbed/scrapy/utils/sitemap.py:87 scrapy.utils.sitemap.Sitemap._process_sitemap_element event=line locals={}
2026-08-23 04:33:14.253 /testbed/scrapy/utils/sitemap.py:88 scrapy.utils.sitemap.Sitemap._process_sitemap_element event=line locals={}
2026-08-23 04:33:14.253 /testbed/scrapy/utils/sitemap.py:87 scrapy.utils.sitemap.Sitemap._process_sitemap_element event=line locals={}
2026-08-23 04:33:14.253 /testbed/scrapy/utils/sitemap.py:88 scrapy.utils.sitemap.Sitemap._process_sitemap_element event=line locals={}
2026-08-23 04:33:14.253 /testbed/scrapy/utils/sitemap.py:87 scrapy.utils.sitemap.Sitemap._process_sitemap_element event=line locals={}
2026-08-23 04:33:14.253 /testbed/scrapy/utils/sitemap.py:88 scrapy.utils.sitemap.Sitemap._process_sitemap_element event=line locals={}
2026-08-23 04:33:14.253 /testbed/scrapy/utils/sitemap.py:87 scrapy.utils.sitemap.Sitemap._process_sitemap_element event=line locals={}
2026-08-23 04:33:14.253 /testbed/scrapy/utils/sitemap.py:88 scrapy.utils.sitemap.Sitemap._process_sitemap_element event=line locals={}
2026-08-23 04:33:14.253 /testbed/scrapy/utils/sitemap.py:87 scrapy.utils.sitemap.Sitemap._process_sitemap_element event=line locals={}
2026-08-23 04:33:14.253 /testbed/scrapy/utils/sitemap.py:88 scrapy.utils.sitemap.Sitemap._process_sitemap_element event=line locals={}
2026-08-23 04:33:14.253 /testbed/scrapy/utils/sitemap.py:87 scrapy.utils.sitemap.Sitemap._process_sitemap_element event=line locals={}
2026-08-23 04:33:14.253 /testbed/scrapy/utils/sitemap.py:88 scrapy.utils.sitemap.Sitemap._process_sitemap_element event=line locals={}
2026-08-23 04:33:14.254 /testbed/scrapy/utils/sitemap.py:87 scrapy.utils.sitemap.Sitemap._process_sitemap_element event=line locals={}
2026-08-23 04:33:14.254 /testbed/scrapy/utils/sitemap.py:88 scrapy.utils.sitemap.Sitemap._process_sitemap_element event=line locals={}
2026-08-23 04:33:14.254 /testbed/scrapy/utils/sitemap.py:87 scrapy.utils.sitemap.Sitemap._process_sitemap_element event=line locals={}
2026-08-23 04:33:14.254 /testbed/scrapy/utils/sitemap.py:88 scrapy.utils.sitemap.Sitemap._process_sitemap_element event=line locals={}
2026-08-23 04:33:14.254 /testbed/scrapy/utils/sitemap.py:87 scrapy.utils.sitemap.Sitemap._process_sitemap_element event=line locals={}
2026-08-23 04:33:14.254 /testbed/scrapy/utils/sitemap.py:88 scrapy.utils.sitemap.Sitemap._process_sitemap_element event=line locals={}
2026-08-23 04:33:14.254 /testbed/scrapy/utils/sitemap.py:87 scrapy.utils.sitemap.Sitemap._process_sitemap_element event=line locals={}
2026-08-23 04:33:14.254 /testbed/scrapy/utils/sitemap.py:88 scrapy.utils.sitemap.Sitemap._process_sitemap_element event=line locals={}
2026-08-23 04:33:14.254 /testbed/scrapy/utils/sitemap.py:87 scrapy.utils.sitemap.Sitemap._process_sitemap_element event=line locals={}
2026-08-23 04:33:14.254 /testbed/scrapy/utils/sitemap.py:88 scrapy.utils.sitemap.Sitemap._process_sitemap_element event=line locals={}
2026-08-23 04:33:14.254 /testbed/scrapy/utils/sitemap.py:87 scrapy.utils.sitemap.Sitemap._process_sitemap_element event=line locals={}
2026-08-23 04:33:14.254 /testbed/scrapy/utils/sitemap.py:88 scrapy.utils.sitemap.Sitemap._process_sitemap_element event=line locals={}
2026-08-23 04:33:14.254 /testbed/scrapy/utils/sitemap.py:87 scrapy.utils.sitemap.Sitemap._process_sitemap_element event=line locals={}
2026-08-23 04:33:14.254 /testbed/scrapy/utils/sitemap.py:88 scrapy.utils.sitemap.Sitemap._process_sitemap_element event=line locals={}
2026-08-23 04:33:14.254 /testbed/scrapy/utils/sitemap.py:87 scrapy.utils.sitemap.Sitemap._process_sitemap_element event=line locals={}
2026-08-23 04:33:14.254 /testbed/scrapy/utils/sitemap.py:88 scrapy.utils.sitemap.Sitemap._process_sitemap_element event=line locals={}
2026-08-23 04:33:14.254 /testbed/scrapy/utils/sitemap.py:87 scrapy.utils.sitemap.Sitemap._process_sitemap_element event=line locals={}
2026-08-23 04:33:14.254 /testbed/scrapy/utils/sitemap.py:88 scrapy.utils.sitemap.Sitemap._process_sitemap_element event=line locals={}
2026-08-23 04:33:14.254 /testbed/scrapy/utils/sitemap.py:87 scrapy.utils.sitemap.Sitemap._process_sitemap_element event=line locals={}
2026-08-23 04:33:14.254 /testbed/scrapy/utils/sitemap.py:88 scrapy.utils.sitemap.Sitemap._process_sitemap_element event=line locals={}
2026-08-23 04:33:14.254 /testbed/scrapy/utils/sitemap.py:87 scrapy.utils.sitemap.Sitemap._process_sitemap_element event=line locals={}
2026-08-23 04:33:14.254 /testbed/scrapy/utils/sitemap.py:88 scrapy.utils.sitemap.Sitemap._process_sitemap_element event=line locals={}
2026-08-23 04:33:14.254 /testbed/scrapy/utils/sitemap.py:87 scrapy.utils.sitemap.Sitemap._process_sitemap_element event=line locals={}
2026-08-23 04:33:14.255 /testbed/scrapy/utils/sitemap.py:88 scrapy.utils.sitemap.Sitemap._process_sitemap_element event=line locals={}
2026-08-23 04:33:14.255 /testbed/scrapy/utils/sitemap.py:87 scrapy.utils.sitemap.Sitemap._process_sitemap_element event=line locals={}
2026-08-23 04:33:14.255 /testbed/scrapy/utils/sitemap.py:88 scrapy.utils.sitemap.Sitemap._process_sitemap_element event=line locals={}
2026-08-23 04:33:14.255 /testbed/scrapy/utils/sitemap.py:87 scrapy.utils.sitemap.Sitemap._process_sitemap_element event=line locals={}
2026-08-23 04:33:14.255 /testbed/scrapy/utils/sitemap.py:88 scrapy.utils.sitemap.Sitemap._process_sitemap_element event=line locals={}
2026-08-23 04:33:14.255 /testbed/scrapy/utils/sitemap.py:87 scrapy.utils.sitemap.Sitemap._process_sitemap_element event=line locals={}
2026-08-23 04:33:14.255 /testbed/scrapy/utils/sitemap.py:88 scrapy.utils.sitemap.Sitemap._process_sitemap_element event=line locals={}
2026-08-23 04:33:14.255 /testbed/scrapy/utils/sitemap.py:87 scrapy.utils.sitemap.Sitemap._process_sitemap_element event=line locals={}
2026-08-23 04:33:14.255 /testbed/scrapy/utils/sitemap.py:88 scrapy.utils.sitemap.Sitemap._process_sitemap_element event=line locals={}
2026-08-23 04:33:14.255 /testbed/scrapy/utils/sitemap.py:87 scrapy.utils.sitemap.Sitemap._process_sitemap_element event=line locals={}
2026-08-23 04:33:14.255 /testbed/scrapy/utils/sitemap.py:88 scrapy.utils.sitemap.Sitemap._process_sitemap_element event=line locals={}
2026-08-23 04:33:14.255 /testbed/scrapy/utils/sitemap.py:87 scrapy.utils.sitemap.Sitemap._process_sitemap_element event=line locals={}
2026-08-23 04:33:14.255 /testbed/scrapy/utils/sitemap.py:88 scrapy.utils.sitemap.Sitemap._process_sitemap_element event=line locals={}
2026-08-23 04:33:14.255 /testbed/scrapy/utils/sitemap.py:87 scrapy.utils.sitemap.Sitemap._process_sitemap_element event=line locals={}
2026-08-23 04:33:14.255 /testbed/scrapy/utils/sitemap.py:88 scrapy.utils.sitemap.Sitemap._process_sitemap_element event=line locals={}
2026-08-23 04:33:14.255 /testbed/scrapy/utils/sitemap.py:87 scrapy.utils.sitemap.Sitemap._process_sitemap_element event=line locals={}
2026-08-23 04:33:14.255 /testbed/scrapy/utils/sitemap.py:88 scrapy.utils.sitemap.Sitemap._process_sitemap_element event=line locals={}
2026-08-23 04:33:14.255 /testbed/scrapy/utils/sitemap.py:87 scrapy.utils.sitemap.Sitemap._process_sitemap_element event=line locals={}
2026-08-23 04:33:14.255 /testbed/scrapy/utils/sitemap.py:88 scrapy.utils.sitemap.Sitemap._process_sitemap_element event=line locals={}
2026-08-23 04:33:14.255 /testbed/scrapy/utils/sitemap.py:87 scrapy.utils.sitemap.Sitemap._process_sitemap_element event=line locals={}
2026-08-23 04:33:14.255 /testbed/scrapy/utils/sitemap.py:88 scrapy.utils.sitemap.Sitemap._process_sitemap_element event=line locals={}
2026-08-23 04:33:14.255 /testbed/scrapy/utils/sitemap.py:87 scrapy.utils.sitemap.Sitemap._process_sitemap_element event=line locals={}
2026-08-23 04:33:14.255 /testbed/scrapy/utils/sitemap.py:88 scrapy.utils.sitemap.Sitemap._process_sitemap_element event=line locals={}
2026-08-23 04:33:14.256 /testbed/scrapy/utils/sitemap.py:87 scrapy.utils.sitemap.Sitemap._process_sitemap_element event=line locals={}
2026-08-23 04:33:14.256 /testbed/scrapy/utils/sitemap.py:88 scrapy.utils.sitemap.Sitemap._process_sitemap_element event=line locals={}
2026-08-23 04:33:14.256 /testbed/scrapy/utils/sitemap.py:87 scrapy.utils.sitemap.Sitemap._process_sitemap_element event=line locals={}
2026-08-23 04:33:14.256 /testbed/scrapy/utils/sitemap.py:88 scrapy.utils.sitemap.Sitemap._process_sitemap_element event=line locals={}
2026-08-23 04:33:14.256 /testbed/scrapy/utils/sitemap.py:87 scrapy.utils.sitemap.Sitemap._process_sitemap_element event=line locals={}
2026-08-23 04:33:14.256 /testbed/scrapy/utils/sitemap.py:88 scrapy.utils.sitemap.Sitemap._process_sitemap_element event=line locals={}
2026-08-23 04:33:14.256 /testbed/scrapy/utils/sitemap.py:87 scrapy.utils.sitemap.Sitemap._process_sitemap_element event=line locals={}
2026-08-23 04:33:14.256 /testbed/scrapy/utils/sitemap.py:88 scrapy.utils.sitemap.Sitemap._process_sitemap_element event=line locals={}
2026-08-23 04:33:14.256 /testbed/scrapy/utils/sitemap.py:87 scrapy.utils.sitemap.Sitemap._process_sitemap_element event=line locals={}
2026-08-23 04:33:14.256 /testbed/scrapy/utils/sitemap.py:88 scrapy.utils.sitemap.Sitemap._process_sitemap_element event=line locals={}
2026-08-23 04:33:14.256 /testbed/scrapy/utils/sitemap.py:87 scrapy.utils.sitemap.Sitemap._process_sitemap_element event=line locals={}
2026-08-23 04:33:14.256 /testbed/scrapy/utils/sitemap.py:88 scrapy.utils.sitemap.Sitemap._process_sitemap_element event=line locals={}
2026-08-23 04:33:14.256 /testbed/scrapy/utils/sitemap.py:87 scrapy.utils.sitemap.Sitemap._process_sitemap_element event=line locals={}
2026-08-23 04:33:14.256 /testbed/scrapy/utils/sitemap.py:88 scrapy.utils.sitemap.Sitemap._process_sitemap_element event=line locals={}
2026-08-23 04:33:14.256 /testbed/scrapy/utils/sitemap.py:87 scrapy.utils.sitemap.Sitemap._process_sitemap_element event=line locals={}
2026-08-23 04:33:14.256 /testbed/scrapy/utils/sitemap.py:88 scrapy.utils.sitemap.Sitemap._process_sitemap_element event=line locals={}
2026-08-23 04:33:14.256 /testbed/scrapy/utils/sitemap.py:87 scrapy.utils.sitemap.Sitemap._process_sitemap_element event=line locals={}
2026-08-23 04:33:14.256 /testbed/scrapy/utils/sitemap.py:88 scrapy.utils.sitemap.Sitemap._process_sitemap_element event=line locals={}
2026-08-23 04:33:14.256 /testbed/scrapy/utils/sitemap.py:87 scrapy.utils.sitemap.Sitemap._process_sitemap_element event=line locals={}
2026-08-23 04:33:14.256 /testbed/scrapy/utils/sitemap.py:88 scrapy.utils.sitemap.Sitemap._process_sitemap_element event=line locals={}
2026-08-23 04:33:14.256 /testbed/scrapy/utils/sitemap.py:87 scrapy.utils.sitemap.Sitemap._process_sitemap_element event=line locals={}
2026-08-23 04:33:14.256 /testbed/scrapy/utils/sitemap.py:88 scrapy.utils.sitemap.Sitemap._process_sitemap_element event=line locals={}
2026-08-23 04:33:14.256 /testbed/scrapy/utils/sitemap.py:87 scrapy.utils.sitemap.Sitemap._process_sitemap_element event=line locals={}
2026-08-23 04:33:14.256 /testbed/scrapy/utils/sitemap.py:88 scrapy.utils.sitemap.Sitemap._process_sitemap_element event=line locals={}
2026-08-23 04:33:14.257 /testbed/scrapy/utils/sitemap.py:87 scrapy.utils.sitemap.Sitemap._process_sitemap_element event=line locals={}
2026-08-23 04:33:14.257 /testbed/scrapy/utils/sitemap.py:88 scrapy.utils.sitemap.Sitemap._process_sitemap_element event=line locals={}
2026-08-23 04:33:14.257 /testbed/scrapy/utils/sitemap.py:87 scrapy.utils.sitemap.Sitemap._process_sitemap_element event=line locals={}
2026-08-23 04:33:14.257 /testbed/scrapy/utils/sitemap.py:88 scrapy.utils.sitemap.Sitemap._process_sitemap_element event=line locals={}
2026-08-23 04:33:14.257 /testbed/scrapy/utils/sitemap.py:87 scrapy.utils.sitemap.Sitemap._process_sitemap_element event=line locals={}
2026-08-23 04:33:14.257 /testbed/scrapy/utils/sitemap.py:88 scrapy.utils.sitemap.Sitemap._process_sitemap_element event=line locals={}
2026-08-23 04:33:14.257 /testbed/scrapy/utils/sitemap.py:87 scrapy.utils.sitemap.Sitemap._process_sitemap_element event=line locals={}
2026-08-23 04:33:14.257 /testbed/scrapy/utils/sitemap.py:88 scrapy.utils.sitemap.Sitemap._process_sitemap_element event=line locals={}
2026-08-23 04:33:14.257 /testbed/scrapy/utils/sitemap.py:87 scrapy.utils.sitemap.Sitemap._process_sitemap_element event=line locals={}
2026-08-23 04:33:14.257 /testbed/scrapy/utils/sitemap.py:88 scrapy.utils.sitemap.Sitemap._process_sitemap_element event=line locals={}
2026-08-23 04:33:14.257 /testbed/scrapy/utils/sitemap.py:87 scrapy.utils.sitemap.Sitemap._process_sitemap_element event=line locals={}
2026-08-23 04:33:14.257 /testbed/scrapy/utils/sitemap.py:88 scrapy.utils.sitemap.Sitemap._process_sitemap_element event=line locals={}
2026-08-23 04:33:14.257 /testbed/scrapy/utils/sitemap.py:87 scrapy.utils.sitemap.Sitemap._process_sitemap_element event=line locals={}
2026-08-23 04:33:14.257 /testbed/scrapy/utils/sitemap.py:88 scrapy.utils.sitemap.Sitemap._process_sitemap_element event=line locals={}
2026-08-23 04:33:14.257 /testbed/scrapy/utils/sitemap.py:87 scrapy.utils.sitemap.Sitemap._process_sitemap_element event=line locals={}
2026-08-23 04:33:14.257 /testbed/scrapy/utils/sitemap.py:88 scrapy.utils.sitemap.Sitemap._process_sitemap_element event=line locals={}
2026-08-23 04:33:14.257 /testbed/scrapy/utils/sitemap.py:87 scrapy.utils.sitemap.Sitemap._process_sitemap_element event=line locals={}
2026-08-23 04:33:14.257 /testbed/scrapy/utils/sitemap.py:88 scrapy.utils.sitemap.Sitemap._process_sitemap_element event=line locals={}
2026-08-23 04:33:14.257 /testbed/scrapy/utils/sitemap.py:87 scrapy.utils.sitemap.Sitemap._process_sitemap_element event=line locals={}
2026-08-23 04:33:14.257 /testbed/scrapy/utils/sitemap.py:88 scrapy.utils.sitemap.Sitemap._process_sitemap_element event=line locals={}
2026-08-23 04:33:14.257 /testbed/scrapy/utils/sitemap.py:87 scrapy.utils.sitemap.Sitemap._process_sitemap_element event=line locals={}
2026-08-23 04:33:14.257 /testbed/scrapy/utils/sitemap.py:88 scrapy.utils.sitemap.Sitemap._process_sitemap_element event=line locals={}
2026-08-23 04:33:14.257 /testbed/scrapy/utils/sitemap.py:87 scrapy.utils.sitemap.Sitemap._process_sitemap_element event=line locals={}
2026-08-23 04:33:14.258 /testbed/scrapy/utils/sitemap.py:88 scrapy.utils.sitemap.Sitemap._process_sitemap_element event=line locals={}
2026-08-23 04:33:14.258 /testbed/scrapy/utils/sitemap.py:87 scrapy.utils.sitemap.Sitemap._process_sitemap_element event=line locals={}
2026-08-23 04:33:14.258 /testbed/scrapy/utils/sitemap.py:88 scrapy.utils.sitemap.Sitemap._process_sitemap_element event=line locals={}
2026-08-23 04:33:14.258 /testbed/scrapy/utils/sitemap.py:87 scrapy.utils.sitemap.Sitemap._process_sitemap_element event=line locals={}
2026-08-23 04:33:14.258 /testbed/scrapy/utils/sitemap.py:88 scrapy.utils.sitemap.Sitemap._process_sitemap_element event=line locals={}
2026-08-23 04:33:14.258 /testbed/scrapy/utils/sitemap.py:87 scrapy.utils.sitemap.Sitemap._process_sitemap_element event=line locals={}
2026-08-23 04:33:14.258 /testbed/scrapy/utils/sitemap.py:88 scrapy.utils.sitemap.Sitemap._process_sitemap_element event=line locals={}
2026-08-23 04:33:14.258 /testbed/scrapy/utils/sitemap.py:87 scrapy.utils.sitemap.Sitemap._process_sitemap_element event=line locals={}
2026-08-23 04:33:14.258 /testbed/scrapy/utils/sitemap.py:88 scrapy.utils.sitemap.Sitemap._process_sitemap_element event=line locals={}
2026-08-23 04:33:14.258 /testbed/scrapy/utils/sitemap.py:87 scrapy.utils.sitemap.Sitemap._process_sitemap_element event=line locals={}
2026-08-23 04:33:14.258 /testbed/scrapy/utils/sitemap.py:88 scrapy.utils.sitemap.Sitemap._process_sitemap_element event=line locals={}
2026-08-23 04:33:14.258 /testbed/scrapy/utils/sitemap.py:87 scrapy.utils.sitemap.Sitemap._process_sitemap_element event=line locals={}
2026-08-23 04:33:14.258 /testbed/scrapy/utils/sitemap.py:88 scrapy.utils.sitemap.Sitemap._process_sitemap_element event=line locals={}
2026-08-23 04:33:14.258 /testbed/scrapy/utils/sitemap.py:87 scrapy.utils.sitemap.Sitemap._process_sitemap_element event=line locals={}
2026-08-23 04:33:14.258 /testbed/scrapy/utils/sitemap.py:88 scrapy.utils.sitemap.Sitemap._process_sitemap_element event=line locals={}
2026-08-23 04:33:14.258 /testbed/scrapy/utils/sitemap.py:87 scrapy.utils.sitemap.Sitemap._process_sitemap_element event=line locals={}
2026-08-23 04:33:14.258 /testbed/scrapy/utils/sitemap.py:88 scrapy.utils.sitemap.Sitemap._process_sitemap_element event=line locals={}
2026-08-23 04:33:14.258 /testbed/scrapy/utils/sitemap.py:87 scrapy.utils.sitemap.Sitemap._process_sitemap_element event=line locals={}
2026-08-23 04:33:14.258 /testbed/scrapy/utils/sitemap.py:88 scrapy.utils.sitemap.Sitemap._process_sitemap_element event=line locals={}
2026-08-23 04:33:14.258 /testbed/scrapy/utils/sitemap.py:87 scrapy.utils.sitemap.Sitemap._process_sitemap_element event=line locals={}
2026-08-23 04:33:14.258 /testbed/scrapy/utils/sitemap.py:88 scrapy.utils.sitemap.Sitemap._process_sitemap_element event=line locals={}
2026-08-23 04:33:14.258 /testbed/scrapy/utils/sitemap.py:87 scrapy.utils.sitemap.Sitemap._process_sitemap_element event=line locals={}
2026-08-23 04:33:14.258 /testbed/scrapy/utils/sitemap.py:88 scrapy.utils.sitemap.Sitemap._process_sitemap_element event=line locals={}
2026-08-23 04:33:14.258 /testbed/scrapy/utils/sitemap.py:87 scrapy.utils.sitemap.Sitemap._process_sitemap_element event=line locals={}
2026-08-23 04:33:14.259 /testbed/scrapy/utils/sitemap.py:88 scrapy.utils.sitemap.Sitemap._process_sitemap_element event=line locals={}
2026-08-23 04:33:14.259 /testbed/scrapy/utils/sitemap.py:87 scrapy.utils.sitemap.Sitemap._process_sitemap_element event=line locals={}
2026-08-23 04:33:14.259 /testbed/scrapy/utils/sitemap.py:88 scrapy.utils.sitemap.Sitemap._process_sitemap_element event=line locals={}
2026-08-23 04:33:14.259 /testbed/scrapy/utils/sitemap.py:87 scrapy.utils.sitemap.Sitemap._process_sitemap_element event=line locals={}
2026-08-23 04:33:14.259 /testbed/scrapy/utils/sitemap.py:88 scrapy.utils.sitemap.Sitemap._process_sitemap_element event=line locals={}
2026-08-23 04:33:14.259 /testbed/scrapy/utils/sitemap.py:87 scrapy.utils.sitemap.Sitemap._process_sitemap_element event=line locals={}
2026-08-23 04:33:14.259 /testbed/scrapy/utils/sitemap.py:88 scrapy.utils.sitemap.Sitemap._process_sitemap_element event=line locals={}
2026-08-23 04:33:14.259 /testbed/scrapy/utils/sitemap.py:87 scrapy.utils.sitemap.Sitemap._process_sitemap_element event=line locals={}
2026-08-23 04:33:14.259 /testbed/scrapy/utils/sitemap.py:88 scrapy.utils.sitemap.Sitemap._process_sitemap_element event=line locals={}
2026-08-23 04:33:14.259 /testbed/scrapy/utils/sitemap.py:87 scrapy.utils.sitemap.Sitemap._process_sitemap_element event=line locals={}
2026-08-23 04:33:14.259 /testbed/scrapy/utils/sitemap.py:88 scrapy.utils.sitemap.Sitemap._process_sitemap_element event=line locals={}
2026-08-23 04:33:14.259 /testbed/scrapy/utils/sitemap.py:87 scrapy.utils.sitemap.Sitemap._process_sitemap_element event=line locals={}
2026-08-23 04:33:14.259 /testbed/scrapy/utils/sitemap.py:88 scrapy.utils.sitemap.Sitemap._process_sitemap_element event=line locals={}
2026-08-23 04:33:14.259 /testbed/scrapy/utils/sitemap.py:87 scrapy.utils.sitemap.Sitemap._process_sitemap_element event=line locals={}
2026-08-23 04:33:14.259 /testbed/scrapy/utils/sitemap.py:88 scrapy.utils.sitemap.Sitemap._process_sitemap_element event=line locals={}
2026-08-23 04:33:14.259 /testbed/scrapy/utils/sitemap.py:87 scrapy.utils.sitemap.Sitemap._process_sitemap_element event=line locals={}
2026-08-23 04:33:14.259 /testbed/scrapy/utils/sitemap.py:88 scrapy.utils.sitemap.Sitemap._process_sitemap_element event=line locals={}
2026-08-23 04:33:14.259 /testbed/scrapy/utils/sitemap.py:87 scrapy.utils.sitemap.Sitemap._process_sitemap_element event=line locals={}
2026-08-23 04:33:14.259 /testbed/scrapy/utils/sitemap.py:88 scrapy.utils.sitemap.Sitemap._process_sitemap_element event=line locals={}
2026-08-23 04:33:14.259 /testbed/scrapy/utils/sitemap.py:87 scrapy.utils.sitemap.Sitemap._process_sitemap_element event=line locals={}
2026-08-23 04:33:14.259 /testbed/scrapy/utils/sitemap.py:88 scrapy.utils.sitemap.Sitemap._process_sitemap_element event=line locals={}
2026-08-23 04:33:14.259 /testbed/scrapy/utils/sitemap.py:87 scrapy.utils.sitemap.Sitemap._process_sitemap_element event=line locals={}
2026-08-23 04:33:14.259 /testbed/scrapy/utils/sitemap.py:88 scrapy.utils.sitemap.Sitemap._process_sitemap_element event=line locals={}
2026-08-23 04:33:14.259 /testbed/scrapy/utils/sitemap.py:87 scrapy.utils.sitemap.Sitemap._process_sitemap_element event=line locals={}
2026-08-23 04:33:14.259 /testbed/scrapy/utils/sitemap.py:88 scrapy.utils.sitemap.Sitemap._process_sitemap_element event=line locals={}
2026-08-23 04:33:14.259 /testbed/scrapy/utils/sitemap.py:87 scrapy.utils.sitemap.Sitemap._process_sitemap_element event=line locals={}
2026-08-23 04:33:14.259 /testbed/scrapy/utils/sitemap.py:88 scrapy.utils.sitemap.Sitemap._process_sitemap_element event=line locals={}
2026-08-23 04:33:14.259 /testbed/scrapy/utils/sitemap.py:87 scrapy.utils.sitemap.Sitemap._process_sitemap_element event=line locals={}
2026-08-23 04:33:14.259 /testbed/scrapy/utils/sitemap.py:88 scrapy.utils.sitemap.Sitemap._process_sitemap_element event=line locals={}
2026-08-23 04:33:14.259 /testbed/scrapy/utils/sitemap.py:87 scrapy.utils.sitemap.Sitemap._process_sitemap_element event=line locals={}
2026-08-23 04:33:14.259 /testbed/scrapy/utils/sitemap.py:88 scrapy.utils.sitemap.Sitemap._process_sitemap_element event=line locals={}
2026-08-23 04:33:14.259 /testbed/scrapy/utils/sitemap.py:87 scrapy.utils.sitemap.Sitemap._process_sitemap_element event=line locals={}
2026-08-23 04:33:14.259 /testbed/scrapy/utils/sitemap.py:88 scrapy.utils.sitemap.Sitemap._process_sitemap_element event=line locals={}
2026-08-23 04:33:14.259 /testbed/scrapy/utils/sitemap.py:87 scrapy.utils.sitemap.Sitemap._process_sitemap_element event=line locals={}
2026-08-23 04:33:14.259 /testbed/scrapy/utils/sitemap.py:88 scrapy.utils.sitemap.Sitemap._process_sitemap_element event=line locals={}
2026-08-23 04:33:14.259 /testbed/scrapy/utils/sitemap.py:87 scrapy.utils.sitemap.Sitemap._process_sitemap_element event=line locals={}
2026-08-23 04:33:14.259 /testbed/scrapy/utils/sitemap.py:88 scrapy.utils.sitemap.Sitemap._process_sitemap_element event=line locals={}
2026-08-23 04:33:14.259 /testbed/scrapy/utils/sitemap.py:87 scrapy.utils.sitemap.Sitemap._process_sitemap_element event=line locals={}
2026-08-23 04:33:14.259 /testbed/scrapy/utils/sitemap.py:88 scrapy.utils.sitemap.Sitemap._process_sitemap_element event=line locals={}
2026-08-23 04:33:14.259 /testbed/scrapy/utils/sitemap.py:87 scrapy.utils.sitemap.Sitemap._process_sitemap_element event=line locals={}
2026-08-23 04:33:14.259 /testbed/scrapy/utils/sitemap.py:88 scrapy.utils.sitemap.Sitemap._process_sitemap_element event=line locals={}
2026-08-23 04:33:14.259 /testbed/scrapy/utils/sitemap.py:87 scrapy.utils.sitemap.Sitemap._process_sitemap_element event=line locals={}
2026-08-23 04:33:14.260 /testbed/scrapy/utils/sitemap.py:88 scrapy.utils.sitemap.Sitemap._process_sitemap_element event=line locals={}
2026-08-23 04:33:14.260 /testbed/scrapy/utils/sitemap.py:87 scrapy.utils.sitemap.Sitemap._process_sitemap_element event=line locals={}
2026-08-23 04:33:14.260 /testbed/scrapy/utils/sitemap.py:88 scrapy.utils.sitemap.Sitemap._process_sitemap_element event=line locals={}
2026-08-23 04:33:14.260 /testbed/scrapy/utils/sitemap.py:87 scrapy.utils.sitemap.Sitemap._process_sitemap_element event=line locals={}
2026-08-23 04:33:14.260 /testbed/scrapy/utils/sitemap.py:88 scrapy.utils.sitemap.Sitemap._process_sitemap_element event=line locals={}
2026-08-23 04:33:14.260 /testbed/scrapy/utils/sitemap.py:87 scrapy.utils.sitemap.Sitemap._process_sitemap_element event=line locals={}
2026-08-23 04:33:14.260 /testbed/scrapy/utils/sitemap.py:88 scrapy.utils.sitemap.Sitemap._process_sitemap_element event=line locals={}
2026-08-23 04:33:14.260 /testbed/scrapy/utils/sitemap.py:87 scrapy.utils.sitemap.Sitemap._process_sitemap_element event=line locals={}
2026-08-23 04:33:14.260 /testbed/scrapy/utils/sitemap.py:88 scrapy.utils.sitemap.Sitemap._process_sitemap_element event=line locals={}
2026-08-23 04:33:14.260 /testbed/scrapy/utils/sitemap.py:87 scrapy.utils.sitemap.Sitemap._process_sitemap_element event=line locals={}
2026-08-23 04:33:14.260 /testbed/scrapy/utils/sitemap.py:88 scrapy.utils.sitemap.Sitemap._process_sitemap_element event=line locals={}
2026-08-23 04:33:14.260 /testbed/scrapy/utils/sitemap.py:87 scrapy.utils.sitemap.Sitemap._process_sitemap_element event=line locals={}
2026-08-23 04:33:14.260 /testbed/scrapy/utils/sitemap.py:88 scrapy.utils.sitemap.Sitemap._process_sitemap_element event=line locals={}
2026-08-23 04:33:14.260 /testbed/scrapy/utils/sitemap.py:87 scrapy.utils.sitemap.Sitemap._process_sitemap_element event=line locals={}
2026-08-23 04:33:14.260 /testbed/scrapy/utils/sitemap.py:88 scrapy.utils.sitemap.Sitemap._process_sitemap_element event=line locals={}
2026-08-23 04:33:14.260 /testbed/scrapy/utils/sitemap.py:87 scrapy.utils.sitemap.Sitemap._process_sitemap_element event=line locals={}
2026-08-23 04:33:14.260 /testbed/scrapy/utils/sitemap.py:88 scrapy.utils.sitemap.Sitemap._process_sitemap_element event=line locals={}
2026-08-23 04:33:14.260 /testbed/scrapy/utils/sitemap.py:87 scrapy.utils.sitemap.Sitemap._process_sitemap_element event=line locals={}
2026-08-23 04:33:14.260 /testbed/scrapy/utils/sitemap.py:88 scrapy.utils.sitemap.Sitemap._process_sitemap_element event=line locals={}
2026-08-23 04:33:14.260 /testbed/scrapy/utils/sitemap.py:87 scrapy.utils.sitemap.Sitemap._process_sitemap_element event=line locals={}
2026-08-23 04:33:14.260 /testbed/scrapy/utils/sitemap.py:88 scrapy.utils.sitemap.Sitemap._process_sitemap_element event=line locals={}
2026-08-23 04:33:14.260 /testbed/scrapy/utils/sitemap.py:87 scrapy.utils.sitemap.Sitemap._process_sitemap_element event=line locals={}
2026-08-23 04:33:14.260 /testbed/scrapy/utils/sitemap.py:88 scrapy.utils.sitemap.Sitemap._process_sitemap_element event=line locals={}
2026-08-23 04:33:14.260 /testbed/scrapy/utils/sitemap.py:87 scrapy.utils.sitemap.Sitemap._process_sitemap_element event=line locals={}
2026-08-23 04:33:14.260 /testbed/scrapy/utils/sitemap.py:88 scrapy.utils.sitemap.Sitemap._process_sitemap_element event=line locals={}
2026-08-23 04:33:14.260 /testbed/scrapy/utils/sitemap.py:87 scrapy.utils.sitemap.Sitemap._process_sitemap_element event=line locals={}
2026-08-23 04:33:14.260 /testbed/scrapy/utils/sitemap.py:88 scrapy.utils.sitemap.Sitemap._process_sitemap_element event=line locals={}
2026-08-23 04:33:14.260 /testbed/scrapy/utils/sitemap.py:87 scrapy.utils.sitemap.Sitemap._process_sitemap_element event=line locals={}
2026-08-23 04:33:14.260 /testbed/scrapy/utils/sitemap.py:88 scrapy.utils.sitemap.Sitemap._process_sitemap_element event=line locals={}
2026-08-23 04:33:14.260 /testbed/scrapy/utils/sitemap.py:87 scrapy.utils.sitemap.Sitemap._process_sitemap_element event=line locals={}
2026-08-23 04:33:14.260 /testbed/scrapy/utils/sitemap.py:88 scrapy.utils.sitemap.Sitemap._process_sitemap_element event=line locals={}
2026-08-23 04:33:14.260 /testbed/scrapy/utils/sitemap.py:87 scrapy.utils.sitemap.Sitemap._process_sitemap_element event=line locals={}
2026-08-23 04:33:14.260 /testbed/scrapy/utils/sitemap.py:88 scrapy.utils.sitemap.Sitemap._process_sitemap_element event=line locals={}
2026-08-23 04:33:14.260 /testbed/scrapy/utils/sitemap.py:87 scrapy.utils.sitemap.Sitemap._process_sitemap_element event=line locals={}
2026-08-23 04:33:14.260 /testbed/scrapy/utils/sitemap.py:88 scrapy.utils.sitemap.Sitemap._process_sitemap_element event=line locals={}
2026-08-23 04:33:14.260 /testbed/scrapy/utils/sitemap.py:87 scrapy.utils.sitemap.Sitemap._process_sitemap_element event=line locals={}
2026-08-23 04:33:14.260 /testbed/scrapy/utils/sitemap.py:88 scrapy.utils.sitemap.Sitemap._process_sitemap_element event=line locals={}
2026-08-23 04:33:14.260 /testbed/scrapy/utils/sitemap.py:87 scrapy.utils.sitemap.Sitemap._process_sitemap_element event=line locals={}
2026-08-23 04:33:14.260 /testbed/scrapy/utils/sitemap.py:88 scrapy.utils.sitemap.Sitemap._process_sitemap_element event=line locals={}
2026-08-23 04:33:14.260 /testbed/scrapy/utils/sitemap.py:87 scrapy.utils.sitemap.Sitemap._process_sitemap_element event=line locals={}
2026-08-23 04:33:14.260 /testbed/scrapy/utils/sitemap.py:88 scrapy.utils.sitemap.Sitemap._process_sitemap_element event=line locals={}
2026-08-23 04:33:14.260 /testbed/scrapy/utils/sitemap.py:87 scrapy.utils.sitemap.Sitemap._process_sitemap_element event=line locals={}
2026-08-23 04:33:14.260 /testbed/scrapy/utils/sitemap.py:88 scrapy.utils.sitemap.Sitemap._process_sitemap_element event=line locals={}
2026-08-23 04:33:14.260 /testbed/scrapy/utils/sitemap.py:87 scrapy.utils.sitemap.Sitemap._process_sitemap_element event=line locals={}
2026-08-23 04:33:14.260 /testbed/scrapy/utils/sitemap.py:88 scrapy.utils.sitemap.Sitemap._process_sitemap_element event=line locals={}
2026-08-23 04:33:14.260 /testbed/scrapy/utils/sitemap.py:87 scrapy.utils.sitemap.Sitemap._process_sitemap_element event=line locals={}
2026-08-23 04:33:14.260 /testbed/scrapy/utils/sitemap.py:88 scrapy.utils.sitemap.Sitemap._process_sitemap_element event=line locals={}
2026-08-23 04:33:14.260 /testbed/scrapy/utils/sitemap.py:87 scrapy.utils.sitemap.Sitemap._process_sitemap_element event=line locals={}
2026-08-23 04:33:14.260 /testbed/scrapy/utils/sitemap.py:88 scrapy.utils.sitemap.Sitemap._process_sitemap_element event=line locals={}
2026-08-23 04:33:14.260 /testbed/scrapy/utils/sitemap.py:87 scrapy.utils.sitemap.Sitemap._process_sitemap_element event=line locals={}
2026-08-23 04:33:14.260 /testbed/scrapy/utils/sitemap.py:88 scrapy.utils.sitemap.Sitemap._process_sitemap_element event=line locals={}
2026-08-23 04:33:14.260 /testbed/scrapy/utils/sitemap.py:87 scrapy.utils.sitemap.Sitemap._process_sitemap_element event=line locals={}
2026-08-23 04:33:14.260 /testbed/scrapy/utils/sitemap.py:88 scrapy.utils.sitemap.Sitemap._process_sitemap_element event=line locals={}
2026-08-23 04:33:14.260 /testbed/scrapy/utils/sitemap.py:87 scrapy.utils.sitemap.Sitemap._process_sitemap_element event=line locals={}
2026-08-23 04:33:14.261 /testbed/scrapy/utils/sitemap.py:88 scrapy.utils.sitemap.Sitemap._process_sitemap_element event=line locals={}
2026-08-23 04:33:14.261 /testbed/scrapy/utils/sitemap.py:87 scrapy.utils.sitemap.Sitemap._process_sitemap_element event=line locals={}
2026-08-23 04:33:14.261 /testbed/scrapy/utils/sitemap.py:88 scrapy.utils.sitemap.Sitemap._process_sitemap_element event=line locals={}
2026-08-23 04:33:14.261 /testbed/scrapy/utils/sitemap.py:87 scrapy.utils.sitemap.Sitemap._process_sitemap_element event=line locals={}
2026-08-23 04:33:14.261 /testbed/scrapy/utils/sitemap.py:88 scrapy.utils.sitemap.Sitemap._process_sitemap_element event=line locals={}
2026-08-23 04:33:14.261 /testbed/scrapy/utils/sitemap.py:87 scrapy.utils.sitemap.Sitemap._process_sitemap_element event=line locals={}
2026-08-23 04:33:14.261 /testbed/scrapy/utils/sitemap.py:88 scrapy.utils.sitemap.Sitemap._process_sitemap_element event=line locals={}
2026-08-23 04:33:14.261 /testbed/scrapy/utils/sitemap.py:87 scrapy.utils.sitemap.Sitemap._process_sitemap_element event=line locals={}
2026-08-23 04:33:14.261 /testbed/scrapy/utils/sitemap.py:88 scrapy.utils.sitemap.Sitemap._process_sitemap_element event=line locals={}
2026-08-23 04:33:14.261 /testbed/scrapy/utils/sitemap.py:87 scrapy.utils.sitemap.Sitemap._process_sitemap_element event=line locals={}
2026-08-23 04:33:14.261 /testbed/scrapy/utils/sitemap.py:88 scrapy.utils.sitemap.Sitemap._process_sitemap_element event=line locals={}
2026-08-23 04:33:14.261 /testbed/scrapy/utils/sitemap.py:87 scrapy.utils.sitemap.Sitemap._process_sitemap_element event=line locals={}
2026-08-23 04:33:14.261 /testbed/scrapy/utils/sitemap.py:88 scrapy.utils.sitemap.Sitemap._process_sitemap_element event=line locals={}
2026-08-23 04:33:14.261 /testbed/scrapy/utils/sitemap.py:87 scrapy.utils.sitemap.Sitemap._process_sitemap_element event=line locals={}
2026-08-23 04:33:14.261 /testbed/scrapy/utils/sitemap.py:88 scrapy.utils.sitemap.Sitemap._process_sitemap_element event=line locals={}
2026-08-23 04:33:14.261 /testbed/scrapy/utils/sitemap.py:87 scrapy.utils.sitemap.Sitemap._process_sitemap_element event=line locals={}
2026-08-23 04:33:14.261 /testbed/scrapy/utils/sitemap.py:88 scrapy.utils.sitemap.Sitemap._process_sitemap_element event=line locals={}
2026-08-23 04:33:14.261 /testbed/scrapy/utils/sitemap.py:87 scrapy.utils.sitemap.Sitemap._process_sitemap_element event=line locals={}
2026-08-23 04:33:14.261 /testbed/scrapy/utils/sitemap.py:88 scrapy.utils.sitemap.Sitemap._process_sitemap_element event=line locals={}
2026-08-23 04:33:14.261 /testbed/scrapy/utils/sitemap.py:87 scrapy.utils.sitemap.Sitemap._process_sitemap_element event=line locals={}
2026-08-23 04:33:14.261 /testbed/scrapy/utils/sitemap.py:88 scrapy.utils.sitemap.Sitemap._process_sitemap_element event=line locals={}
2026-08-23 04:33:14.261 /testbed/scrapy/utils/sitemap.py:87 scrapy.utils.sitemap.Sitemap._process_sitemap_element event=line locals={}
2026-08-23 04:33:14.261 /testbed/scrapy/utils/sitemap.py:88 scrapy.utils.sitemap.Sitemap._process_sitemap_element event=line locals={}
2026-08-23 04:33:14.261 /testbed/scrapy/utils/sitemap.py:87 scrapy.utils.sitemap.Sitemap._process_sitemap_element event=line locals={}
2026-08-23 04:33:14.261 /testbed/scrapy/utils/sitemap.py:88 scrapy.utils.sitemap.Sitemap._process_sitemap_element event=line locals={}
2026-08-23 04:33:14.261 /testbed/scrapy/utils/sitemap.py:87 scrapy.utils.sitemap.Sitemap._process_sitemap_element event=line locals={}
2026-08-23 04:33:14.261 /testbed/scrapy/utils/sitemap.py:88 scrapy.utils.sitemap.Sitemap._process_sitemap_element event=line locals={}
2026-08-23 04:33:14.261 /testbed/scrapy/utils/sitemap.py:87 scrapy.utils.sitemap.Sitemap._process_sitemap_element event=line locals={}
2026-08-23 04:33:14.261 /testbed/scrapy/utils/sitemap.py:88 scrapy.utils.sitemap.Sitemap._process_sitemap_element event=line locals={}
2026-08-23 04:33:14.261 /testbed/scrapy/utils/sitemap.py:87 scrapy.utils.sitemap.Sitemap._process_sitemap_element event=line locals={}
2026-08-23 04:33:14.261 /testbed/scrapy/utils/sitemap.py:88 scrapy.utils.sitemap.Sitemap._process_sitemap_element event=line locals={}
2026-08-23 04:33:14.261 /testbed/scrapy/utils/sitemap.py:87 scrapy.utils.sitemap.Sitemap._process_sitemap_element event=line locals={}
2026-08-23 04:33:14.261 /testbed/scrapy/utils/sitemap.py:88 scrapy.utils.sitemap.Sitemap._process_sitemap_element event=line locals={}
2026-08-23 04:33:14.261 /testbed/scrapy/utils/sitemap.py:87 scrapy.utils.sitemap.Sitemap._process_sitemap_element event=line locals={}
2026-08-23 04:33:14.261 /testbed/scrapy/utils/sitemap.py:88 scrapy.utils.sitemap.Sitemap._process_sitemap_element event=line locals={}
2026-08-23 04:33:14.261 /testbed/scrapy/utils/sitemap.py:87 scrapy.utils.sitemap.Sitemap._process_sitemap_element event=line locals={}
2026-08-23 04:33:14.261 /testbed/scrapy/utils/sitemap.py:88 scrapy.utils.sitemap.Sitemap._process_sitemap_element event=line locals={}
2026-08-23 04:33:14.261 /testbed/scrapy/utils/sitemap.py:87 scrapy.utils.sitemap.Sitemap._process_sitemap_element event=line locals={}
2026-08-23 04:33:14.261 /testbed/scrapy/utils/sitemap.py:88 scrapy.utils.sitemap.Sitemap._process_sitemap_element event=line locals={}
2026-08-23 04:33:14.261 /testbed/scrapy/utils/sitemap.py:87 scrapy.utils.sitemap.Sitemap._process_sitemap_element event=line locals={}
2026-08-23 04:33:14.261 /testbed/scrapy/utils/sitemap.py:88 scrapy.utils.sitemap.Sitemap._process_sitemap_element event=line locals={}
2026-08-23 04:33:14.261 /testbed/scrapy/utils/sitemap.py:87 scrapy.utils.sitemap.Sitemap._process_sitemap_element event=line locals={}
2026-08-23 04:33:14.261 /testbed/scrapy/utils/sitemap.py:88 scrapy.utils.sitemap.Sitemap._process_sitemap_element event=line locals={}
2026-08-23 04:33:14.261 /testbed/scrapy/utils/sitemap.py:87 scrapy.utils.sitemap.Sitemap._process_sitemap_element event=line locals={}
2026-08-23 04:33:14.261 /testbed/scrapy/utils/sitemap.py:88 scrapy.utils.sitemap.Sitemap._process_sitemap_element event=line locals={}
2026-08-23 04:33:14.261 /testbed/scrapy/utils/sitemap.py:87 scrapy.utils.sitemap.Sitemap._process_sitemap_element event=line locals={}
2026-08-23 04:33:14.261 /testbed/scrapy/utils/sitemap.py:88 scrapy.utils.sitemap.Sitemap._process_sitemap_element event=line locals={}
2026-08-23 04:33:14.261 /testbed/scrapy/utils/sitemap.py:87 scrapy.utils.sitemap.Sitemap._process_sitemap_element event=line locals={}
2026-08-23 04:33:14.261 /testbed/scrapy/utils/sitemap.py:88 scrapy.utils.sitemap.Sitemap._process_sitemap_element event=line locals={}
2026-08-23 04:33:14.261 /testbed/scrapy/utils/sitemap.py:87 scrapy.utils.sitemap.Sitemap._process_sitemap_element event=line locals={}
2026-08-23 04:33:14.261 /testbed/scrapy/utils/sitemap.py:88 scrapy.utils.sitemap.Sitemap._process_sitemap_element event=line locals={}
2026-08-23 04:33:14.261 /testbed/scrapy/utils/sitemap.py:87 scrapy.utils.sitemap.Sitemap._process_sitemap_element event=line locals={}
2026-08-23 04:33:14.261 /testbed/scrapy/utils/sitemap.py:88 scrapy.utils.sitemap.Sitemap._process_sitemap_element event=line locals={}
2026-08-23 04:33:14.262 /testbed/scrapy/utils/sitemap.py:87 scrapy.utils.sitemap.Sitemap._process_sitemap_element event=line locals={}
2026-08-23 04:33:14.262 /testbed/scrapy/utils/sitemap.py:88 scrapy.utils.sitemap.Sitemap._process_sitemap_element event=line locals={}
2026-08-23 04:33:14.262 /testbed/scrapy/utils/sitemap.py:87 scrapy.utils.sitemap.Sitemap._process_sitemap_element event=line locals={}
2026-08-23 04:33:14.262 /testbed/scrapy/utils/sitemap.py:88 scrapy.utils.sitemap.Sitemap._process_sitemap_element event=line locals={}
2026-08-23 04:33:14.262 /testbed/scrapy/utils/sitemap.py:87 scrapy.utils.sitemap.Sitemap._process_sitemap_element event=line locals={}
2026-08-23 04:33:14.262 /testbed/scrapy/utils/sitemap.py:88 scrapy.utils.sitemap.Sitemap._process_sitemap_element event=line locals={}
2026-08-23 04:33:14.262 /testbed/scrapy/utils/sitemap.py:87 scrapy.utils.sitemap.Sitemap._process_sitemap_element event=line locals={}
2026-08-23 04:33:14.262 /testbed/scrapy/utils/sitemap.py:88 scrapy.utils.sitemap.Sitemap._process_sitemap_element event=line locals={}
2026-08-23 04:33:14.262 /testbed/scrapy/utils/sitemap.py:87 scrapy.utils.sitemap.Sitemap._process_sitemap_element event=line locals={}
2026-08-23 04:33:14.262 /testbed/scrapy/utils/sitemap.py:88 scrapy.utils.sitemap.Sitemap._process_sitemap_element event=line locals={}
2026-08-23 04:33:14.262 /testbed/scrapy/utils/sitemap.py:87 scrapy.utils.sitemap.Sitemap._process_sitemap_element event=line locals={}
2026-08-23 04:33:14.262 /testbed/scrapy/utils/sitemap.py:88 scrapy.utils.sitemap.Sitemap._process_sitemap_element event=line locals={}
2026-08-23 04:33:14.262 /testbed/scrapy/utils/sitemap.py:87 scrapy.utils.sitemap.Sitemap._process_sitemap_element event=line locals={}
2026-08-23 04:33:14.262 /testbed/scrapy/utils/sitemap.py:88 scrapy.utils.sitemap.Sitemap._process_sitemap_element event=line locals={}
2026-08-23 04:33:14.262 /testbed/scrapy/utils/sitemap.py:87 scrapy.utils.sitemap.Sitemap._process_sitemap_element event=line locals={}
2026-08-23 04:33:14.262 /testbed/scrapy/utils/sitemap.py:88 scrapy.utils.sitemap.Sitemap._process_sitemap_element event=line locals={}
2026-08-23 04:33:14.262 /testbed/scrapy/utils/sitemap.py:87 scrapy.utils.sitemap.Sitemap._process_sitemap_element event=line locals={}
2026-08-23 04:33:14.262 /testbed/scrapy/utils/sitemap.py:88 scrapy.utils.sitemap.Sitemap._process_sitemap_element event=line locals={}
2026-08-23 04:33:14.262 /testbed/scrapy/utils/sitemap.py:87 scrapy.utils.sitemap.Sitemap._process_sitemap_element event=line locals={}
2026-08-23 04:33:14.262 /testbed/scrapy/utils/sitemap.py:88 scrapy.utils.sitemap.Sitemap._process_sitemap_element event=line locals={}
2026-08-23 04:33:14.262 /testbed/scrapy/utils/sitemap.py:87 scrapy.utils.sitemap.Sitemap._process_sitemap_element event=line locals={}
2026-08-23 04:33:14.262 /testbed/scrapy/utils/sitemap.py:88 scrapy.utils.sitemap.Sitemap._process_sitemap_element event=line locals={}
2026-08-23 04:33:14.262 /testbed/scrapy/utils/sitemap.py:87 scrapy.utils.sitemap.Sitemap._process_sitemap_element event=line locals={}
2026-08-23 04:33:14.262 /testbed/scrapy/utils/sitemap.py:88 scrapy.utils.sitemap.Sitemap._process_sitemap_element event=line locals={}
2026-08-23 04:33:14.262 /testbed/scrapy/utils/sitemap.py:87 scrapy.utils.sitemap.Sitemap._process_sitemap_element event=line locals={}
2026-08-23 04:33:14.262 /testbed/scrapy/utils/sitemap.py:88 scrapy.utils.sitemap.Sitemap._process_sitemap_element event=line locals={}
2026-08-23 04:33:14.262 /testbed/scrapy/utils/sitemap.py:87 scrapy.utils.sitemap.Sitemap._process_sitemap_element event=line locals={}
2026-08-23 04:33:14.262 /testbed/scrapy/utils/sitemap.py:88 scrapy.utils.sitemap.Sitemap._process_sitemap_element event=line locals={}
2026-08-23 04:33:14.262 /testbed/scrapy/utils/sitemap.py:87 scrapy.utils.sitemap.Sitemap._process_sitemap_element event=line locals={}
2026-08-23 04:33:14.262 /testbed/scrapy/utils/sitemap.py:88 scrapy.utils.sitemap.Sitemap._process_sitemap_element event=line locals={}
2026-08-23 04:33:14.262 /testbed/scrapy/utils/sitemap.py:87 scrapy.utils.sitemap.Sitemap._process_sitemap_element event=line locals={}
2026-08-23 04:33:14.262 /testbed/scrapy/utils/sitemap.py:88 scrapy.utils.sitemap.Sitemap._process_sitemap_element event=line locals={}
2026-08-23 04:33:14.262 /testbed/scrapy/utils/sitemap.py:87 scrapy.utils.sitemap.Sitemap._process_sitemap_element event=line locals={}
2026-08-23 04:33:14.262 /testbed/scrapy/utils/sitemap.py:88 scrapy.utils.sitemap.Sitemap._process_sitemap_element event=line locals={}
2026-08-23 04:33:14.262 /testbed/scrapy/utils/sitemap.py:87 scrapy.utils.sitemap.Sitemap._process_sitemap_element event=line locals={}
2026-08-23 04:33:14.262 /testbed/scrapy/utils/sitemap.py:88 scrapy.utils.sitemap.Sitemap._process_sitemap_element event=line locals={}
2026-08-23 04:33:14.262 /testbed/scrapy/utils/sitemap.py:87 scrapy.utils.sitemap.Sitemap._process_sitemap_element event=line locals={}
2026-08-23 04:33:14.262 /testbed/scrapy/utils/sitemap.py:88 scrapy.utils.sitemap.Sitemap._process_sitemap_element event=line locals={}
2026-08-23 04:33:14.262 /testbed/scrapy/utils/sitemap.py:87 scrapy.utils.sitemap.Sitemap._process_sitemap_element event=line locals={}
2026-08-23 04:33:14.262 /testbed/scrapy/utils/sitemap.py:88 scrapy.utils.sitemap.Sitemap._process_sitemap_element event=line locals={}
2026-08-23 04:33:14.262 /testbed/scrapy/utils/sitemap.py:87 scrapy.utils.sitemap.Sitemap._process_sitemap_element event=line locals={}
2026-08-23 04:33:14.262 /testbed/scrapy/utils/sitemap.py:88 scrapy.utils.sitemap.Sitemap._process_sitemap_element event=line locals={}
2026-08-23 04:33:14.262 /testbed/scrapy/utils/sitemap.py:87 scrapy.utils.sitemap.Sitemap._process_sitemap_element event=line locals={}
2026-08-23 04:33:14.262 /testbed/scrapy/utils/sitemap.py:88 scrapy.utils.sitemap.Sitemap._process_sitemap_element event=line locals={}
2026-08-23 04:33:14.262 /testbed/scrapy/utils/sitemap.py:87 scrapy.utils.sitemap.Sitemap._process_sitemap_element event=line locals={}
2026-08-23 04:33:14.262 /testbed/scrapy/utils/sitemap.py:88 scrapy.utils.sitemap.Sitemap._process_sitemap_element event=line locals={}
2026-08-23 04:33:14.262 /testbed/scrapy/utils/sitemap.py:87 scrapy.utils.sitemap.Sitemap._process_sitemap_element event=line locals={}
2026-08-23 04:33:14.262 /testbed/scrapy/utils/sitemap.py:88 scrapy.utils.sitemap.Sitemap._process_sitemap_element event=line locals={}
2026-08-23 04:33:14.262 /testbed/scrapy/utils/sitemap.py:87 scrapy.utils.sitemap.Sitemap._process_sitemap_element event=line locals={}
2026-08-23 04:33:14.263 /testbed/scrapy/utils/sitemap.py:88 scrapy.utils.sitemap.Sitemap._process_sitemap_element event=line locals={}
2026-08-23 04:33:14.263 /testbed/scrapy/utils/sitemap.py:87 scrapy.utils.sitemap.Sitemap._process_sitemap_element event=line locals={}
2026-08-23 04:33:14.263 /testbed/scrapy/utils/sitemap.py:88 scrapy.utils.sitemap.Sitemap._process_sitemap_element event=line locals={}
2026-08-23 04:33:14.263 /testbed/scrapy/utils/sitemap.py:87 scrapy.utils.sitemap.Sitemap._process_sitemap_element event=line locals={}
2026-08-23 04:33:14.263 /testbed/scrapy/utils/sitemap.py:88 scrapy.utils.sitemap.Sitemap._process_sitemap_element event=line locals={}
2026-08-23 04:33:14.263 /testbed/scrapy/utils/sitemap.py:87 scrapy.utils.sitemap.Sitemap._process_sitemap_element event=line locals={}
2026-08-23 04:33:14.263 /testbed/scrapy/utils/sitemap.py:88 scrapy.utils.sitemap.Sitemap._process_sitemap_element event=line locals={}
2026-08-23 04:33:14.263 /testbed/scrapy/utils/sitemap.py:87 scrapy.utils.sitemap.Sitemap._process_sitemap_element event=line locals={}
2026-08-23 04:33:14.263 /testbed/scrapy/utils/sitemap.py:88 scrapy.utils.sitemap.Sitemap._process_sitemap_element event=line locals={}
2026-08-23 04:33:14.263 /testbed/scrapy/utils/sitemap.py:87 scrapy.utils.sitemap.Sitemap._process_sitemap_element event=line locals={}
2026-08-23 04:33:14.263 /testbed/scrapy/utils/sitemap.py:88 scrapy.utils.sitemap.Sitemap._process_sitemap_element event=line locals={}
2026-08-23 04:33:14.263 /testbed/scrapy/utils/sitemap.py:87 scrapy.utils.sitemap.Sitemap._process_sitemap_element event=line locals={}
2026-08-23 04:33:14.263 /testbed/scrapy/utils/sitemap.py:88 scrapy.utils.sitemap.Sitemap._process_sitemap_element event=line locals={}
2026-08-23 04:33:14.263 /testbed/scrapy/utils/sitemap.py:87 scrapy.utils.sitemap.Sitemap._process_sitemap_element event=line locals={}
2026-08-23 04:33:14.263 /testbed/scrapy/utils/sitemap.py:88 scrapy.utils.sitemap.Sitemap._process_sitemap_element event=line locals={}
2026-08-23 04:33:14.263 /testbed/scrapy/utils/sitemap.py:87 scrapy.utils.sitemap.Sitemap._process_sitemap_element event=line locals={}
2026-08-23 04:33:14.263 /testbed/scrapy/utils/sitemap.py:88 scrapy.utils.sitemap.Sitemap._process_sitemap_element event=line locals={}
2026-08-23 04:33:14.263 /testbed/scrapy/utils/sitemap.py:87 scrapy.utils.sitemap.Sitemap._process_sitemap_element event=line locals={}
2026-08-23 04:33:14.263 /testbed/scrapy/utils/sitemap.py:88 scrapy.utils.sitemap.Sitemap._process_sitemap_element event=line locals={}
2026-08-23 04:33:14.263 /testbed/scrapy/utils/sitemap.py:87 scrapy.utils.sitemap.Sitemap._process_sitemap_element event=line locals={}
2026-08-23 04:33:14.263 /testbed/scrapy/utils/sitemap.py:88 scrapy.utils.sitemap.Sitemap._process_sitemap_element event=line locals={}
2026-08-23 04:33:14.263 /testbed/scrapy/utils/sitemap.py:87 scrapy.utils.sitemap.Sitemap._process_sitemap_element event=line locals={}
2026-08-23 04:33:14.263 /testbed/scrapy/utils/sitemap.py:88 scrapy.utils.sitemap.Sitemap._process_sitemap_element event=line locals={}
2026-08-23 04:33:14.263 /testbed/scrapy/utils/sitemap.py:87 scrapy.utils.sitemap.Sitemap._process_sitemap_element event=line locals={}
2026-08-23 04:33:14.263 /testbed/scrapy/utils/sitemap.py:88 scrapy.utils.sitemap.Sitemap._process_sitemap_element event=line locals={}
2026-08-23 04:33:14.263 /testbed/scrapy/utils/sitemap.py:87 scrapy.utils.sitemap.Sitemap._process_sitemap_element event=line locals={}
2026-08-23 04:33:14.263 /testbed/scrapy/utils/sitemap.py:88 scrapy.utils.sitemap.Sitemap._process_sitemap_element event=line locals={}
2026-08-23 04:33:14.263 /testbed/scrapy/utils/sitemap.py:87 scrapy.utils.sitemap.Sitemap._process_sitemap_element event=line locals={}
2026-08-23 04:33:14.263 /testbed/scrapy/utils/sitemap.py:88 scrapy.utils.sitemap.Sitemap._process_sitemap_element event=line locals={}
2026-08-23 04:33:14.263 /testbed/scrapy/utils/sitemap.py:87 scrapy.utils.sitemap.Sitemap._process_sitemap_element event=line locals={}
2026-08-23 04:33:14.263 /testbed/scrapy/utils/sitemap.py:88 scrapy.utils.sitemap.Sitemap._process_sitemap_element event=line locals={}
2026-08-23 04:33:14.263 /testbed/scrapy/utils/sitemap.py:87 scrapy.utils.sitemap.Sitemap._process_sitemap_element event=line locals={}
2026-08-23 04:33:14.263 /testbed/scrapy/utils/sitemap.py:88 scrapy.utils.sitemap.Sitemap._process_sitemap_element event=line locals={}
2026-08-23 04:33:14.263 /testbed/scrapy/utils/sitemap.py:87 scrapy.utils.sitemap.Sitemap._process_sitemap_element event=line locals={}
2026-08-23 04:33:14.263 /testbed/scrapy/utils/sitemap.py:88 scrapy.utils.sitemap.Sitemap._process_sitemap_element event=line locals={}
2026-08-23 04:33:14.263 /testbed/scrapy/utils/sitemap.py:87 scrapy.utils.sitemap.Sitemap._process_sitemap_element event=line locals={}
2026-08-23 04:33:14.263 /testbed/scrapy/utils/sitemap.py:88 scrapy.utils.sitemap.Sitemap._process_sitemap_element event=line locals={}
2026-08-23 04:33:14.263 /testbed/scrapy/utils/sitemap.py:87 scrapy.utils.sitemap.Sitemap._process_sitemap_element event=line locals={}
2026-08-23 04:33:14.263 /testbed/scrapy/utils/sitemap.py:88 scrapy.utils.sitemap.Sitemap._process_sitemap_element event=line locals={}
2026-08-23 04:33:14.263 /testbed/scrapy/utils/sitemap.py:87 scrapy.utils.sitemap.Sitemap._process_sitemap_element event=line locals={}
2026-08-23 04:33:14.263 /testbed/scrapy/utils/sitemap.py:88 scrapy.utils.sitemap.Sitemap._process_sitemap_element event=line locals={}
2026-08-23 04:33:14.263 /testbed/scrapy/utils/sitemap.py:87 scrapy.utils.sitemap.Sitemap._process_sitemap_element event=line locals={}
2026-08-23 04:33:14.263 /testbed/scrapy/utils/sitemap.py:88 scrapy.utils.sitemap.Sitemap._process_sitemap_element event=line locals={}
2026-08-23 04:33:14.263 /testbed/scrapy/utils/sitemap.py:87 scrapy.utils.sitemap.Sitemap._process_sitemap_element event=line locals={}
2026-08-23 04:33:14.263 /testbed/scrapy/utils/sitemap.py:88 scrapy.utils.sitemap.Sitemap._process_sitemap_element event=line locals={}
2026-08-23 04:33:14.263 /testbed/scrapy/utils/sitemap.py:87 scrapy.utils.sitemap.Sitemap._process_sitemap_element event=line locals={}
2026-08-23 04:33:14.263 /testbed/scrapy/utils/sitemap.py:88 scrapy.utils.sitemap.Sitemap._process_sitemap_element event=line locals={}
2026-08-23 04:33:14.263 /testbed/scrapy/utils/sitemap.py:87 scrapy.utils.sitemap.Sitemap._process_sitemap_element event=line locals={}
2026-08-23 04:33:14.263 /testbed/scrapy/utils/sitemap.py:88 scrapy.utils.sitemap.Sitemap._process_sitemap_element event=line locals={}
2026-08-23 04:33:14.263 /testbed/scrapy/utils/sitemap.py:87 scrapy.utils.sitemap.Sitemap._process_sitemap_element event=line locals={}
2026-08-23 04:33:14.263 /testbed/scrapy/utils/sitemap.py:88 scrapy.utils.sitemap.Sitemap._process_sitemap_element event=line locals={}
2026-08-23 04:33:14.263 /testbed/scrapy/utils/sitemap.py:87 scrapy.utils.sitemap.Sitemap._process_sitemap_element event=line locals={}
2026-08-23 04:33:14.263 /testbed/scrapy/utils/sitemap.py:88 scrapy.utils.sitemap.Sitemap._process_sitemap_element event=line locals={}
2026-08-23 04:33:14.264 /testbed/scrapy/utils/sitemap.py:87 scrapy.utils.sitemap.Sitemap._process_sitemap_element event=line locals={}
2026-08-23 04:33:14.264 /testbed/scrapy/utils/sitemap.py:88 scrapy.utils.sitemap.Sitemap._process_sitemap_element event=line locals={}
2026-08-23 04:33:14.264 /testbed/scrapy/utils/sitemap.py:87 scrapy.utils.sitemap.Sitemap._process_sitemap_element event=line locals={}
2026-08-23 04:33:14.264 /testbed/scrapy/utils/sitemap.py:88 scrapy.utils.sitemap.Sitemap._process_sitemap_element event=line locals={}
2026-08-23 04:33:14.264 /testbed/scrapy/utils/sitemap.py:87 scrapy.utils.sitemap.Sitemap._process_sitemap_element event=line locals={}
2026-08-23 04:33:14.264 /testbed/scrapy/utils/sitemap.py:88 scrapy.utils.sitemap.Sitemap._process_sitemap_element event=line locals={}
2026-08-23 04:33:14.264 /testbed/scrapy/utils/sitemap.py:87 scrapy.utils.sitemap.Sitemap._process_sitemap_element event=line locals={}
2026-08-23 04:33:14.264 /testbed/scrapy/utils/sitemap.py:88 scrapy.utils.sitemap.Sitemap._process_sitemap_element event=line locals={}
2026-08-23 04:33:14.264 /testbed/scrapy/utils/sitemap.py:87 scrapy.utils.sitemap.Sitemap._process_sitemap_element event=line locals={}
2026-08-23 04:33:14.264 /testbed/scrapy/utils/sitemap.py:88 scrapy.utils.sitemap.Sitemap._process_sitemap_element event=line locals={}
2026-08-23 04:33:14.264 /testbed/scrapy/utils/sitemap.py:87 scrapy.utils.sitemap.Sitemap._process_sitemap_element event=line locals={}
2026-08-23 04:33:14.264 /testbed/scrapy/utils/sitemap.py:88 scrapy.utils.sitemap.Sitemap._process_sitemap_element event=line locals={}
2026-08-23 04:33:14.264 /testbed/scrapy/utils/sitemap.py:87 scrapy.utils.sitemap.Sitemap._process_sitemap_element event=line locals={}
2026-08-23 04:33:14.264 /testbed/scrapy/utils/sitemap.py:88 scrapy.utils.sitemap.Sitemap._process_sitemap_element event=line locals={}
2026-08-23 04:33:14.264 /testbed/scrapy/utils/sitemap.py:87 scrapy.utils.sitemap.Sitemap._process_sitemap_element event=line locals={}
2026-08-23 04:33:14.264 /testbed/scrapy/utils/sitemap.py:88 scrapy.utils.sitemap.Sitemap._process_sitemap_element event=line locals={}
2026-08-23 04:33:14.264 /testbed/scrapy/utils/sitemap.py:87 scrapy.utils.sitemap.Sitemap._process_sitemap_element event=line locals={}
2026-08-23 04:33:14.264 /testbed/scrapy/utils/sitemap.py:88 scrapy.utils.sitemap.Sitemap._process_sitemap_element event=line locals={}
2026-08-23 04:33:14.264 /testbed/scrapy/utils/sitemap.py:87 scrapy.utils.sitemap.Sitemap._process_sitemap_element event=line locals={}
2026-08-23 04:33:14.264 /testbed/scrapy/utils/sitemap.py:88 scrapy.utils.sitemap.Sitemap._process_sitemap_element event=line locals={}
2026-08-23 04:33:14.264 /testbed/scrapy/utils/sitemap.py:87 scrapy.utils.sitemap.Sitemap._process_sitemap_element event=line locals={}
2026-08-23 04:33:14.264 /testbed/scrapy/utils/sitemap.py:88 scrapy.utils.sitemap.Sitemap._process_sitemap_element event=line locals={}
2026-08-23 04:33:14.264 /testbed/scrapy/utils/sitemap.py:87 scrapy.utils.sitemap.Sitemap._process_sitemap_element event=line locals={}
2026-08-23 04:33:14.264 /testbed/scrapy/utils/sitemap.py:88 scrapy.utils.sitemap.Sitemap._process_sitemap_element event=line locals={}
2026-08-23 04:33:14.264 /testbed/scrapy/utils/sitemap.py:87 scrapy.utils.sitemap.Sitemap._process_sitemap_element event=line locals={}
2026-08-23 04:33:14.264 /testbed/scrapy/utils/sitemap.py:88 scrapy.utils.sitemap.Sitemap._process_sitemap_element event=line locals={}
2026-08-23 04:33:14.264 /testbed/scrapy/utils/sitemap.py:87 scrapy.utils.sitemap.Sitemap._process_sitemap_element event=line locals={}
2026-08-23 04:33:14.264 /testbed/scrapy/utils/sitemap.py:88 scrapy.utils.sitemap.Sitemap._process_sitemap_element event=line locals={}
2026-08-23 04:33:14.264 /testbed/scrapy/utils/sitemap.py:87 scrapy.utils.sitemap.Sitemap._process_sitemap_element event=line locals={}
2026-08-23 04:33:14.264 /testbed/scrapy/utils/sitemap.py:88 scrapy.utils.sitemap.Sitemap._process_sitemap_element event=line locals={}
2026-08-23 04:33:14.264 /testbed/scrapy/utils/sitemap.py:87 scrapy.utils.sitemap.Sitemap._process_sitemap_element event=line locals={}
2026-08-23 04:33:14.264 /testbed/scrapy/utils/sitemap.py:88 scrapy.utils.sitemap.Sitemap._process_sitemap_element event=line locals={}
2026-08-23 04:33:14.264 /testbed/scrapy/utils/sitemap.py:87 scrapy.utils.sitemap.Sitemap._process_sitemap_element event=line locals={}
2026-08-23 04:33:14.264 /testbed/scrapy/utils/sitemap.py:88 scrapy.utils.sitemap.Sitemap._process_sitemap_element event=line locals={}
2026-08-23 04:33:14.264 /testbed/scrapy/utils/sitemap.py:87 scrapy.utils.sitemap.Sitemap._process_sitemap_element event=line locals={}
2026-08-23 04:33:14.264 /testbed/scrapy/utils/sitemap.py:88 scrapy.utils.sitemap.Sitemap._process_sitemap_element event=line locals={}
2026-08-23 04:33:14.264 /testbed/scrapy/utils/sitemap.py:87 scrapy.utils.sitemap.Sitemap._process_sitemap_element event=line locals={}
2026-08-23 04:33:14.264 /testbed/scrapy/utils/sitemap.py:88 scrapy.utils.sitemap.Sitemap._process_sitemap_element event=line locals={}
2026-08-23 04:33:14.264 /testbed/scrapy/utils/sitemap.py:87 scrapy.utils.sitemap.Sitemap._process_sitemap_element event=line locals={}
2026-08-23 04:33:14.264 /testbed/scrapy/utils/sitemap.py:88 scrapy.utils.sitemap.Sitemap._process_sitemap_element event=line locals={}
2026-08-23 04:33:14.264 /testbed/scrapy/utils/sitemap.py:87 scrapy.utils.sitemap.Sitemap._process_sitemap_element event=line locals={}
2026-08-23 04:33:14.264 /testbed/scrapy/utils/sitemap.py:88 scrapy.utils.sitemap.Sitemap._process_sitemap_element event=line locals={}
2026-08-23 04:33:14.265 /testbed/scrapy/utils/sitemap.py:87 scrapy.utils.sitemap.Sitemap._process_sitemap_element event=line locals={}
2026-08-23 04:33:14.265 /testbed/scrapy/utils/sitemap.py:88 scrapy.utils.sitemap.Sitemap._process_sitemap_element event=line locals={}
2026-08-23 04:33:14.265 /testbed/scrapy/utils/sitemap.py:87 scrapy.utils.sitemap.Sitemap._process_sitemap_element event=line locals={}
2026-08-23 04:33:14.265 /testbed/scrapy/utils/sitemap.py:88 scrapy.utils.sitemap.Sitemap._process_sitemap_element event=line locals={}
2026-08-23 04:33:14.265 /testbed/scrapy/utils/sitemap.py:87 scrapy.utils.sitemap.Sitemap._process_sitemap_element event=line locals={}
2026-08-23 04:33:14.265 /testbed/scrapy/utils/sitemap.py:88 scrapy.utils.sitemap.Sitemap._process_sitemap_element event=line locals={}
2026-08-23 04:33:14.265 /testbed/scrapy/utils/sitemap.py:87 scrapy.utils.sitemap.Sitemap._process_sitemap_element event=line locals={}
2026-08-23 04:33:14.265 /testbed/scrapy/utils/sitemap.py:88 scrapy.utils.sitemap.Sitemap._process_sitemap_element event=line locals={}
2026-08-23 04:33:14.265 /testbed/scrapy/utils/sitemap.py:87 scrapy.utils.sitemap.Sitemap._process_sitemap_element event=line locals={}
2026-08-23 04:33:14.265 /testbed/scrapy/utils/sitemap.py:88 scrapy.utils.sitemap.Sitemap._process_sitemap_element event=line locals={}
2026-08-23 04:33:14.265 /testbed/scrapy/utils/sitemap.py:87 scrapy.utils.sitemap.Sitemap._process_sitemap_element event=line locals={}
2026-08-23 04:33:14.265 /testbed/scrapy/utils/sitemap.py:88 scrapy.utils.sitemap.Sitemap._process_sitemap_element event=line locals={}
2026-08-23 04:33:14.265 /testbed/scrapy/utils/sitemap.py:87 scrapy.utils.sitemap.Sitemap._process_sitemap_element event=line locals={}
2026-08-23 04:33:14.265 /testbed/scrapy/utils/sitemap.py:88 scrapy.utils.sitemap.Sitemap._process_sitemap_element event=line locals={}
2026-08-23 04:33:14.265 /testbed/scrapy/utils/sitemap.py:87 scrapy.utils.sitemap.Sitemap._process_sitemap_element event=line locals={}
2026-08-23 04:33:14.265 /testbed/scrapy/utils/sitemap.py:88 scrapy.utils.sitemap.Sitemap._process_sitemap_element event=line locals={}
2026-08-23 04:33:14.265 /testbed/scrapy/utils/sitemap.py:87 scrapy.utils.sitemap.Sitemap._process_sitemap_element event=line locals={}
2026-08-23 04:33:14.265 /testbed/scrapy/utils/sitemap.py:88 scrapy.utils.sitemap.Sitemap._process_sitemap_element event=line locals={}
2026-08-23 04:33:14.265 /testbed/scrapy/utils/sitemap.py:87 scrapy.utils.sitemap.Sitemap._process_sitemap_element event=line locals={}
2026-08-23 04:33:14.265 /testbed/scrapy/utils/sitemap.py:88 scrapy.utils.sitemap.Sitemap._process_sitemap_element event=line locals={}
2026-08-23 04:33:14.265 /testbed/scrapy/utils/sitemap.py:87 scrapy.utils.sitemap.Sitemap._process_sitemap_element event=line locals={}
2026-08-23 04:33:14.265 /testbed/scrapy/utils/sitemap.py:88 scrapy.utils.sitemap.Sitemap._process_sitemap_element event=line locals={}
2026-08-23 04:33:14.265 /testbed/scrapy/utils/sitemap.py:87 scrapy.utils.sitemap.Sitemap._process_sitemap_element event=line locals={}
2026-08-23 04:33:14.265 /testbed/scrapy/utils/sitemap.py:88 scrapy.utils.sitemap.Sitemap._process_sitemap_element event=line locals={}
2026-08-23 04:33:14.265 /testbed/scrapy/utils/sitemap.py:87 scrapy.utils.sitemap.Sitemap._process_sitemap_element event=line locals={}
2026-08-23 04:33:14.265 /testbed/scrapy/utils/sitemap.py:88 scrapy.utils.sitemap.Sitemap._process_sitemap_element event=line locals={}
2026-08-23 04:33:14.265 /testbed/scrapy/utils/sitemap.py:87 scrapy.utils.sitemap.Sitemap._process_sitemap_element event=line locals={}
2026-08-23 04:33:14.265 /testbed/scrapy/utils/sitemap.py:88 scrapy.utils.sitemap.Sitemap._process_sitemap_element event=line locals={}
2026-08-23 04:33:14.265 /testbed/scrapy/utils/sitemap.py:87 scrapy.utils.sitemap.Sitemap._process_sitemap_element event=line locals={}
2026-08-23 04:33:14.265 /testbed/scrapy/utils/sitemap.py:88 scrapy.utils.sitemap.Sitemap._process_sitemap_element event=line locals={}
2026-08-23 04:33:14.265 /testbed/scrapy/utils/sitemap.py:87 scrapy.utils.sitemap.Sitemap._process_sitemap_element event=line locals={}
2026-08-23 04:33:14.265 /testbed/scrapy/utils/sitemap.py:88 scrapy.utils.sitemap.Sitemap._process_sitemap_element event=line locals={}
2026-08-23 04:33:14.265 /testbed/scrapy/utils/sitemap.py:87 scrapy.utils.sitemap.Sitemap._process_sitemap_element event=line locals={}
2026-08-23 04:33:14.265 /testbed/scrapy/utils/sitemap.py:88 scrapy.utils.sitemap.Sitemap._process_sitemap_element event=line locals={}
2026-08-23 04:33:14.265 /testbed/scrapy/utils/sitemap.py:87 scrapy.utils.sitemap.Sitemap._process_sitemap_element event=line locals={}
2026-08-23 04:33:14.265 /testbed/scrapy/utils/sitemap.py:88 scrapy.utils.sitemap.Sitemap._process_sitemap_element event=line locals={}
2026-08-23 04:33:14.265 /testbed/scrapy/utils/sitemap.py:87 scrapy.utils.sitemap.Sitemap._process_sitemap_element event=line locals={}
2026-08-23 04:33:14.265 /testbed/scrapy/utils/sitemap.py:88 scrapy.utils.sitemap.Sitemap._process_sitemap_element event=line locals={}
2026-08-23 04:33:14.265 /testbed/scrapy/utils/sitemap.py:87 scrapy.utils.sitemap.Sitemap._process_sitemap_element event=line locals={}
2026-08-23 04:33:14.265 /testbed/scrapy/utils/sitemap.py:88 scrapy.utils.sitemap.Sitemap._process_sitemap_element event=line locals={}
2026-08-23 04:33:14.265 /testbed/scrapy/utils/sitemap.py:87 scrapy.utils.sitemap.Sitemap._process_sitemap_element event=line locals={}
2026-08-23 04:33:14.265 /testbed/scrapy/utils/sitemap.py:88 scrapy.utils.sitemap.Sitemap._process_sitemap_element event=line locals={}
2026-08-23 04:33:14.265 /testbed/scrapy/utils/sitemap.py:87 scrapy.utils.sitemap.Sitemap._process_sitemap_element event=line locals={}
2026-08-23 04:33:14.265 /testbed/scrapy/utils/sitemap.py:88 scrapy.utils.sitemap.Sitemap._process_sitemap_element event=line locals={}
2026-08-23 04:33:14.265 /testbed/scrapy/utils/sitemap.py:87 scrapy.utils.sitemap.Sitemap._process_sitemap_element event=line locals={}
2026-08-23 04:33:14.265 /testbed/scrapy/utils/sitemap.py:88 scrapy.utils.sitemap.Sitemap._process_sitemap_element event=line locals={}
2026-08-23 04:33:14.265 /testbed/scrapy/utils/sitemap.py:87 scrapy.utils.sitemap.Sitemap._process_sitemap_element event=line locals={}
2026-08-23 04:33:14.266 /testbed/scrapy/utils/sitemap.py:88 scrapy.utils.sitemap.Sitemap._process_sitemap_element event=line locals={}
2026-08-23 04:33:14.266 /testbed/scrapy/utils/sitemap.py:87 scrapy.utils.sitemap.Sitemap._process_sitemap_element event=line locals={}
2026-08-23 04:33:14.266 /testbed/scrapy/utils/sitemap.py:88 scrapy.utils.sitemap.Sitemap._process_sitemap_element event=line locals={}
2026-08-23 04:33:14.266 /testbed/scrapy/utils/sitemap.py:87 scrapy.utils.sitemap.Sitemap._process_sitemap_element event=line locals={}
2026-08-23 04:33:14.266 /testbed/scrapy/utils/sitemap.py:88 scrapy.utils.sitemap.Sitemap._process_sitemap_element event=line locals={}
2026-08-23 04:33:14.266 /testbed/scrapy/utils/sitemap.py:87 scrapy.utils.sitemap.Sitemap._process_sitemap_element event=line locals={}
2026-08-23 04:33:14.266 /testbed/scrapy/utils/sitemap.py:88 scrapy.utils.sitemap.Sitemap._process_sitemap_element event=line locals={}
2026-08-23 04:33:14.266 /testbed/scrapy/utils/sitemap.py:87 scrapy.utils.sitemap.Sitemap._process_sitemap_element event=line locals={}
2026-08-23 04:33:14.266 /testbed/scrapy/utils/sitemap.py:88 scrapy.utils.sitemap.Sitemap._process_sitemap_element event=line locals={}
2026-08-23 04:33:14.266 /testbed/scrapy/utils/sitemap.py:87 scrapy.utils.sitemap.Sitemap._process_sitemap_element event=line locals={}
2026-08-23 04:33:14.266 /testbed/scrapy/utils/sitemap.py:88 scrapy.utils.sitemap.Sitemap._process_sitemap_element event=line locals={}
2026-08-23 04:33:14.266 /testbed/scrapy/utils/sitemap.py:87 scrapy.utils.sitemap.Sitemap._process_sitemap_element event=line locals={}
2026-08-23 04:33:14.266 /testbed/scrapy/utils/sitemap.py:88 scrapy.utils.sitemap.Sitemap._process_sitemap_element event=line locals={}
2026-08-23 04:33:14.266 /testbed/scrapy/utils/sitemap.py:87 scrapy.utils.sitemap.Sitemap._process_sitemap_element event=line locals={}
2026-08-23 04:33:14.266 /testbed/scrapy/utils/sitemap.py:88 scrapy.utils.sitemap.Sitemap._process_sitemap_element event=line locals={}
2026-08-23 04:33:14.266 /testbed/scrapy/utils/sitemap.py:87 scrapy.utils.sitemap.Sitemap._process_sitemap_element event=line locals={}
2026-08-23 04:33:14.266 /testbed/scrapy/utils/sitemap.py:88 scrapy.utils.sitemap.Sitemap._process_sitemap_element event=line locals={}
2026-08-23 04:33:14.266 /testbed/scrapy/utils/sitemap.py:87 scrapy.utils.sitemap.Sitemap._process_sitemap_element event=line locals={}
2026-08-23 04:33:14.266 /testbed/scrapy/utils/sitemap.py:88 scrapy.utils.sitemap.Sitemap._process_sitemap_element event=line locals={}
2026-08-23 04:33:14.266 /testbed/scrapy/utils/sitemap.py:87 scrapy.utils.sitemap.Sitemap._process_sitemap_element event=line locals={}
2026-08-23 04:33:14.266 /testbed/scrapy/utils/sitemap.py:88 scrapy.utils.sitemap.Sitemap._process_sitemap_element event=line locals={}
2026-08-23 04:33:14.266 /testbed/scrapy/utils/sitemap.py:87 scrapy.utils.sitemap.Sitemap._process_sitemap_element event=line locals={}
2026-08-23 04:33:14.266 /testbed/scrapy/utils/sitemap.py:88 scrapy.utils.sitemap.Sitemap._process_sitemap_element event=line locals={}
2026-08-23 04:33:14.266 /testbed/scrapy/utils/sitemap.py:87 scrapy.utils.sitemap.Sitemap._process_sitemap_element event=line locals={}
2026-08-23 04:33:14.266 /testbed/scrapy/utils/sitemap.py:88 scrapy.utils.sitemap.Sitemap._process_sitemap_element event=line locals={}
2026-08-23 04:33:14.266 /testbed/scrapy/utils/sitemap.py:87 scrapy.utils.sitemap.Sitemap._process_sitemap_element event=line locals={}
2026-08-23 04:33:14.266 /testbed/scrapy/utils/sitemap.py:88 scrapy.utils.sitemap.Sitemap._process_sitemap_element event=line locals={}
2026-08-23 04:33:14.266 /testbed/scrapy/utils/sitemap.py:87 scrapy.utils.sitemap.Sitemap._process_sitemap_element event=line locals={}
2026-08-23 04:33:14.266 /testbed/scrapy/utils/sitemap.py:88 scrapy.utils.sitemap.Sitemap._process_sitemap_element event=line locals={}
2026-08-23 04:33:14.266 /testbed/scrapy/utils/sitemap.py:87 scrapy.utils.sitemap.Sitemap._process_sitemap_element event=line locals={}
2026-08-23 04:33:14.266 /testbed/scrapy/utils/sitemap.py:88 scrapy.utils.sitemap.Sitemap._process_sitemap_element event=line locals={}
2026-08-23 04:33:14.266 /testbed/scrapy/utils/sitemap.py:87 scrapy.utils.sitemap.Sitemap._process_sitemap_element event=line locals={}
2026-08-23 04:33:14.266 /testbed/scrapy/utils/sitemap.py:88 scrapy.utils.sitemap.Sitemap._process_sitemap_element event=line locals={}
2026-08-23 04:33:14.266 /testbed/scrapy/utils/sitemap.py:87 scrapy.utils.sitemap.Sitemap._process_sitemap_element event=line locals={}
2026-08-23 04:33:14.266 /testbed/scrapy/utils/sitemap.py:88 scrapy.utils.sitemap.Sitemap._process_sitemap_element event=line locals={}
2026-08-23 04:33:14.266 /testbed/scrapy/utils/sitemap.py:87 scrapy.utils.sitemap.Sitemap._process_sitemap_element event=line locals={}
2026-08-23 04:33:14.266 /testbed/scrapy/utils/sitemap.py:88 scrapy.utils.sitemap.Sitemap._process_sitemap_element event=line locals={}
2026-08-23 04:33:14.266 /testbed/scrapy/utils/sitemap.py:87 scrapy.utils.sitemap.Sitemap._process_sitemap_element event=line locals={}
2026-08-23 04:33:14.266 /testbed/scrapy/utils/sitemap.py:88 scrapy.utils.sitemap.Sitemap._process_sitemap_element event=line locals={}
2026-08-23 04:33:14.266 /testbed/scrapy/utils/sitemap.py:87 scrapy.utils.sitemap.Sitemap._process_sitemap_element event=line locals={}
2026-08-23 04:33:14.267 /testbed/scrapy/utils/sitemap.py:88 scrapy.utils.sitemap.Sitemap._process_sitemap_element event=line locals={}
2026-08-23 04:33:14.267 /testbed/scrapy/utils/sitemap.py:87 scrapy.utils.sitemap.Sitemap._process_sitemap_element event=line locals={}
2026-08-23 04:33:14.267 /testbed/scrapy/utils/sitemap.py:88 scrapy.utils.sitemap.Sitemap._process_sitemap_element event=line locals={}
2026-08-23 04:33:14.267 /testbed/scrapy/utils/sitemap.py:87 scrapy.utils.sitemap.Sitemap._process_sitemap_element event=line locals={}
2026-08-23 04:33:14.267 /testbed/scrapy/utils/sitemap.py:88 scrapy.utils.sitemap.Sitemap._process_sitemap_element event=line locals={}
2026-08-23 04:33:14.267 /testbed/scrapy/utils/sitemap.py:87 scrapy.utils.sitemap.Sitemap._process_sitemap_element event=line locals={}
2026-08-23 04:33:14.267 /testbed/scrapy/utils/sitemap.py:88 scrapy.utils.sitemap.Sitemap._process_sitemap_element event=line locals={}
2026-08-23 04:33:14.267 /testbed/scrapy/utils/sitemap.py:87 scrapy.utils.sitemap.Sitemap._process_sitemap_element event=line locals={}
2026-08-23 04:33:14.267 /testbed/scrapy/utils/sitemap.py:88 scrapy.utils.sitemap.Sitemap._process_sitemap_element event=line locals={}
2026-08-23 04:33:14.267 /testbed/scrapy/utils/sitemap.py:87 scrapy.utils.sitemap.Sitemap._process_sitemap_element event=line locals={}
2026-08-23 04:33:14.267 /testbed/scrapy/utils/sitemap.py:88 scrapy.utils.sitemap.Sitemap._process_sitemap_element event=line locals={}
2026-08-23 04:33:14.267 /testbed/scrapy/utils/sitemap.py:87 scrapy.utils.sitemap.Sitemap._process_sitemap_element event=line locals={}
2026-08-23 04:33:14.267 /testbed/scrapy/utils/sitemap.py:90 scrapy.utils.sitemap.Sitemap._process_sitemap_element event=line locals={}
2026-08-23 04:33:14.267 /testbed/scrapy/utils/sitemap.py:93 scrapy.utils.sitemap.Sitemap._process_sitemap_element event=line locals={}
2026-08-23 04:33:14.267 /testbed/scrapy/utils/sitemap.py:94 scrapy.utils.sitemap.Sitemap._process_sitemap_element event=line locals={}
2026-08-23 04:33:14.267 /testbed/scrapy/utils/sitemap.py:96 scrapy.utils.sitemap.Sitemap._process_sitemap_element event=line locals={'d': "{'changefreq': 'value-5', 'loc': 'https://example.invalid/155/3', 'lastmod': 'value-44', 'priority': 'value-31', 'alternate': ['https://mirror.invalid/0/1', 'https://mirror.invalid/1/1', 'https://mirror.invalid/9/1', 'https://mirror.invalid/a/1', 'https://mirror.invalid/24/1', 'https://mirror.invalid/26/1', 'https://mirror.invalid/2f/1', 'https://mirror.invalid/35/1', 'https://mirror.invalid/3b/1', 'https://mirror.invalid/50/1', 'https://mirror.invalid/53/1', 'https://mirror.invalid/58/1', 'http..."}
2026-08-23 04:33:14.267 /testbed/scrapy/utils/sitemap.py:96 scrapy.utils.sitemap.Sitemap._process_sitemap_element event=return retval={'changefreq': 'value-5', 'loc': 'https://example.invalid/155/3', 'lastmod': 'value-44', 'priority': 'value-31', 'alternate': ['https://mirror.invalid/0/1', 'https://mirror.invalid/1/1', 'https://mirror.invalid/9/1', 'https://mirror.invalid/a/1', 'https://mirror.invalid/24/1', 'https://mirror.invalid/26/1', 'https://mirror.invalid/2f/1', 'https://mirror.invalid/35/1', 'https://mirror.invalid/3b/1', 'https://mirror.invalid/50/1', 'https://mirror.invalid/53/1', 'https://mirror.invalid/58/1', 'http... locals={'alternate': "['https://mirror.invalid/0/1', 'https://mirror.invalid/1/1', 'https://mirror.invalid/9/1', 'https://mirror.invalid/a/1', 'https://mirror.invalid/24/1', 'https://mirror.invalid/26/1', 'https://mirror.invalid/2f/1', 'https://mirror.invalid/35/1', 'https://mirror.invalid/3b/1', 'https://mirror.invalid/50/1', 'https://mirror.invalid/53/1', 'https://mirror.invalid/58/1', 'https://mirror.invalid/6e/1', 'https://mirror.invalid/79/1', 'https://mirror.invalid/7c/1', 'https://mirror.invalid/80/1', 'https:...", 'd': "{'changefreq': 'value-5', 'loc': 'https://example.invalid/155/3', 'lastmod': 'value-44', 'priority': 'value-31', 'alternate': ['https://mirror.invalid/0/1', 'https://mirror.invalid/1/1', 'https://mirror.invalid/9/1', 'https://mirror.invalid/a/1', 'https://mirror.invalid/24/1', 'https://mirror.invalid/26/1', 'https://mirror.invalid/2f/1', 'https://mirror.invalid/35/1', 'https://mirror.invalid/3b/1', 'https://mirror.invalid/50/1', 'https://mirror.invalid/53/1', 'https://mirror.invalid/58/1', 'http...", 'el': '<Element lastmod at 0x7ac8b2f46b80>', 'elem': '<Element url at 0x7ac8b2f46ac0>', 'has_loc': 'True', 'href': 'None', 'parent': '<Element urlset at 0x7ac8b2f46a40>', 'self': '<scrapy.utils.sitemap.Sitemap object at 0x7ac8b2f27760>', 'tag_name': "'lastmod'"}
