2026-08-22 23:52:08.202 [TRACE][START] pid=47 TRACE_OUT='/testbed/logs/flask_qa/cli_find_app_by_string_s3_state__pert_llm_s0/trace.log' TRACE_FILE='src/flask/cli.py' TRACE_FUNCS=['find_app_by_string'] TRACE_EVENTS=['call', 'exception', 'line', 'return']
2026-08-22 23:52:08.210 /testbed/src/flask/cli.py:120 flask.cli.find_app_by_string event=call locals={'app_name': '"build_app([206, 475, 1509, 703, 684, 487, 948, 1497, 1433, 260, 1130, 518, 113, 173], {\'mask\': 128, \'phase\': 21, \'seed\': 4135, \'checksum\': 4113, \'tier\': 4, \'anchor\': 68, \'pairs\': (), \'nested\': {\'values\': [206, 1509, 684, 948, 1433], \'turn\': 0, \'active\': True}}, scale=6, offset=923, tags=(\'tag-079\', \'tag-099\', \'tag-122\', \'tag-083\', \'tag-069\', \'tag-004\', \'tag-089\', \'tag-008\', \'tag-076\', \'tag-051\'))"', 'module': "<module 'qa_factory_bench_module'>"}
2026-08-22 23:52:08.210 /testbed/src/flask/cli.py:124 flask.cli.find_app_by_string event=line locals={}
2026-08-22 23:52:08.210 /testbed/src/flask/cli.py:128 flask.cli.find_app_by_string event=line locals={'Flask': "<class 'flask.app.Flask'>"}
2026-08-22 23:52:08.210 /testbed/src/flask/cli.py:129 flask.cli.find_app_by_string event=line locals={}
2026-08-22 23:52:08.210 /testbed/src/flask/cli.py:135 flask.cli.find_app_by_string event=line locals={'expr': '<ast.Call object at 0x73e937e866b0>'}
2026-08-22 23:52:08.210 /testbed/src/flask/cli.py:139 flask.cli.find_app_by_string event=line locals={}
2026-08-22 23:52:08.210 /testbed/src/flask/cli.py:141 flask.cli.find_app_by_string event=line locals={}
2026-08-22 23:52:08.211 /testbed/src/flask/cli.py:146 flask.cli.find_app_by_string event=line locals={}
2026-08-22 23:52:08.211 /testbed/src/flask/cli.py:149 flask.cli.find_app_by_string event=line locals={'name': "'build_app'"}
2026-08-22 23:52:08.211 /testbed/src/flask/cli.py:150 flask.cli.find_app_by_string event=line locals={}
2026-08-22 23:52:08.211 /testbed/src/flask/cli.py:151 flask.cli.find_app_by_string event=line locals={'args': "[[206, 475, 1509, 703, 684, 487, 948, 1497, 1433, 260, 1130, 518, 113, 173], {'mask': 128, 'phase': 21, 'seed': 4135, 'checksum': 4113, 'tier': 4, 'anchor': 68, 'pairs': (), 'nested': {'values': [206, 1509, 684, 948, 1433], 'turn': 0, 'active': True}}]"}
2026-08-22 23:52:08.211 /testbed/src/flask/cli.py:153 flask.cli.find_app_by_string event=line locals={}
2026-08-22 23:52:08.211 /testbed/src/flask/cli.py:151 flask.cli.find_app_by_string event=line locals={}
2026-08-22 23:52:08.211 /testbed/src/flask/cli.py:167 flask.cli.find_app_by_string event=line locals={'kwargs': "{'scale': 6, 'offset': 923, 'tags': ('tag-079', 'tag-099', 'tag-122', 'tag-083', 'tag-069', 'tag-004', 'tag-089', 'tag-008', 'tag-076', 'tag-051')}"}
2026-08-22 23:52:08.211 /testbed/src/flask/cli.py:168 flask.cli.find_app_by_string event=line locals={}
2026-08-22 23:52:08.211 /testbed/src/flask/cli.py:176 flask.cli.find_app_by_string event=line locals={'attr': '<function build_app at 0x73e937e96840>'}
2026-08-22 23:52:08.211 /testbed/src/flask/cli.py:177 flask.cli.find_app_by_string event=line locals={}
2026-08-22 23:52:08.211 /testbed/src/flask/cli.py:178 flask.cli.find_app_by_string event=line locals={}
2026-08-22 23:52:08.226 /testbed/src/flask/cli.py:191 flask.cli.find_app_by_string event=line locals={'app': "<Flask 'runtime-444834'>"}
2026-08-22 23:52:08.226 /testbed/src/flask/cli.py:192 flask.cli.find_app_by_string event=line locals={}
2026-08-22 23:52:08.226 /testbed/src/flask/cli.py:192 flask.cli.find_app_by_string event=return retval=<Flask 'runtime-444834'> locals={'Flask': "<class 'flask.app.Flask'>", 'app': "<Flask 'runtime-444834'>", 'app_name': '"build_app([206, 475, 1509, 703, 684, 487, 948, 1497, 1433, 260, 1130, 518, 113, 173], {\'mask\': 128, \'phase\': 21, \'seed\': 4135, \'checksum\': 4113, \'tier\': 4, \'anchor\': 68, \'pairs\': (), \'nested\': {\'values\': [206, 1509, 684, 948, 1433], \'turn\': 0, \'active\': True}}, scale=6, offset=923, tags=(\'tag-079\', \'tag-099\', \'tag-122\', \'tag-083\', \'tag-069\', \'tag-004\', \'tag-089\', \'tag-008\', \'tag-076\', \'tag-051\'))"', 'args': "[[206, 475, 1509, 703, 684, 487, 948, 1497, 1433, 260, 1130, 518, 113, 173], {'mask': 128, 'phase': 21, 'seed': 4135, 'checksum': 4113, 'tier': 4, 'anchor': 68, 'pairs': (), 'nested': {'values': [206, 1509, 684, 948, 1433], 'turn': 0, 'active': True}}]", 'attr': '<function build_app at 0x73e937e96840>', 'expr': '<ast.Call object at 0x73e937e866b0>', 'kwargs': "{'scale': 6, 'offset': 923, 'tags': ('tag-079', 'tag-099', 'tag-122', 'tag-083', 'tag-069', 'tag-004', 'tag-089', 'tag-008', 'tag-076', 'tag-051')}", 'module': "<module 'qa_factory_bench_module'>", 'name': "'build_app'"}
2026-08-22 23:52:08.228 /testbed/src/flask/cli.py:120 flask.cli.find_app_by_string event=call locals={'app_name': '"build_app([1202, 1517, 837, 800, 797, 994, 1191, 1170, 106, 1106, 259, 1218, 374, 469], {\'mask\': 174, \'phase\': 22, \'seed\': 1113, \'checksum\': 7274, \'tier\': 10, \'anchor\': None, \'pairs\': (1202,), \'nested\': {\'values\': [1202, 837, 797, 1191, 106], \'turn\': 1, \'active\': False}}, scale=13, offset=515, tags=(\'tag-070\', \'tag-009\', \'tag-096\', \'tag-064\', \'tag-066\', \'tag-014\', \'tag-089\', \'tag-073\', \'tag-030\', \'tag-019\'))"', 'module': "<module 'qa_factory_bench_module'>"}
2026-08-22 23:52:08.228 /testbed/src/flask/cli.py:124 flask.cli.find_app_by_string event=line locals={}
2026-08-22 23:52:08.228 /testbed/src/flask/cli.py:128 flask.cli.find_app_by_string event=line locals={'Flask': "<class 'flask.app.Flask'>"}
2026-08-22 23:52:08.228 /testbed/src/flask/cli.py:129 flask.cli.find_app_by_string event=line locals={}
2026-08-22 23:52:08.228 /testbed/src/flask/cli.py:135 flask.cli.find_app_by_string event=line locals={'expr': '<ast.Call object at 0x73e937e86a70>'}
2026-08-22 23:52:08.228 /testbed/src/flask/cli.py:139 flask.cli.find_app_by_string event=line locals={}
2026-08-22 23:52:08.228 /testbed/src/flask/cli.py:141 flask.cli.find_app_by_string event=line locals={}
2026-08-22 23:52:08.228 /testbed/src/flask/cli.py:146 flask.cli.find_app_by_string event=line locals={}
2026-08-22 23:52:08.228 /testbed/src/flask/cli.py:149 flask.cli.find_app_by_string event=line locals={'name': "'build_app'"}
2026-08-22 23:52:08.228 /testbed/src/flask/cli.py:150 flask.cli.find_app_by_string event=line locals={}
2026-08-22 23:52:08.228 /testbed/src/flask/cli.py:151 flask.cli.find_app_by_string event=line locals={'args': "[[1202, 1517, 837, 800, 797, 994, 1191, 1170, 106, 1106, 259, 1218, 374, 469], {'mask': 174, 'phase': 22, 'seed': 1113, 'checksum': 7274, 'tier': 10, 'anchor': None, 'pairs': (1202,), 'nested': {'values': [1202, 837, 797, 1191, 106], 'turn': 1, 'active': False}}]"}
2026-08-22 23:52:08.228 /testbed/src/flask/cli.py:153 flask.cli.find_app_by_string event=line locals={}
2026-08-22 23:52:08.228 /testbed/src/flask/cli.py:151 flask.cli.find_app_by_string event=line locals={}
2026-08-22 23:52:08.228 /testbed/src/flask/cli.py:167 flask.cli.find_app_by_string event=line locals={'kwargs': "{'scale': 13, 'offset': 515, 'tags': ('tag-070', 'tag-009', 'tag-096', 'tag-064', 'tag-066', 'tag-014', 'tag-089', 'tag-073', 'tag-030', 'tag-019')}"}
2026-08-22 23:52:08.228 /testbed/src/flask/cli.py:168 flask.cli.find_app_by_string event=line locals={}
2026-08-22 23:52:08.228 /testbed/src/flask/cli.py:176 flask.cli.find_app_by_string event=line locals={'attr': '<function build_app at 0x73e937e96840>'}
2026-08-22 23:52:08.228 /testbed/src/flask/cli.py:177 flask.cli.find_app_by_string event=line locals={}
2026-08-22 23:52:08.228 /testbed/src/flask/cli.py:178 flask.cli.find_app_by_string event=line locals={}
2026-08-22 23:52:08.242 /testbed/src/flask/cli.py:191 flask.cli.find_app_by_string event=line locals={'app': "<Flask 'runtime-042369'>"}
2026-08-22 23:52:08.242 /testbed/src/flask/cli.py:192 flask.cli.find_app_by_string event=line locals={}
2026-08-22 23:52:08.242 /testbed/src/flask/cli.py:192 flask.cli.find_app_by_string event=return retval=<Flask 'runtime-042369'> locals={'Flask': "<class 'flask.app.Flask'>", 'app': "<Flask 'runtime-042369'>", 'app_name': '"build_app([1202, 1517, 837, 800, 797, 994, 1191, 1170, 106, 1106, 259, 1218, 374, 469], {\'mask\': 174, \'phase\': 22, \'seed\': 1113, \'checksum\': 7274, \'tier\': 10, \'anchor\': None, \'pairs\': (1202,), \'nested\': {\'values\': [1202, 837, 797, 1191, 106], \'turn\': 1, \'active\': False}}, scale=13, offset=515, tags=(\'tag-070\', \'tag-009\', \'tag-096\', \'tag-064\', \'tag-066\', \'tag-014\', \'tag-089\', \'tag-073\', \'tag-030\', \'tag-019\'))"', 'args': "[[1202, 1517, 837, 800, 797, 994, 1191, 1170, 106, 1106, 259, 1218, 374, 469], {'mask': 174, 'phase': 22, 'seed': 1113, 'checksum': 7274, 'tier': 10, 'anchor': None, 'pairs': (1202,), 'nested': {'values': [1202, 837, 797, 1191, 106], 'turn': 1, 'active': False}}]", 'attr': '<function build_app at 0x73e937e96840>', 'expr': '<ast.Call object at 0x73e937e86a70>', 'kwargs': "{'scale': 13, 'offset': 515, 'tags': ('tag-070', 'tag-009', 'tag-096', 'tag-064', 'tag-066', 'tag-014', 'tag-089', 'tag-073', 'tag-030', 'tag-019')}", 'module': "<module 'qa_factory_bench_module'>", 'name': "'build_app'"}
2026-08-22 23:52:08.243 /testbed/src/flask/cli.py:120 flask.cli.find_app_by_string event=call locals={'app_name': '"build_app([717, 72, 564, 331, 954, 1373, 1272, 955, 755, 424, 674, 41, 68, 461], {\'mask\': 79, \'phase\': 43, \'seed\': 1762, \'checksum\': 3657, \'tier\': 7, \'anchor\': None, \'pairs\': (717, 72), \'nested\': {\'values\': [717, 564, 954, 1272, 755], \'turn\': 2, \'active\': True}}, scale=16, offset=803, tags=(\'tag-104\', \'tag-099\', \'tag-088\', \'tag-114\', \'tag-107\', \'tag-023\', \'tag-054\', \'tag-123\', \'tag-055\', \'tag-110\'))"', 'module': "<module 'qa_factory_bench_module'>"}
2026-08-22 23:52:08.244 /testbed/src/flask/cli.py:124 flask.cli.find_app_by_string event=line locals={}
2026-08-22 23:52:08.244 /testbed/src/flask/cli.py:128 flask.cli.find_app_by_string event=line locals={'Flask': "<class 'flask.app.Flask'>"}
2026-08-22 23:52:08.244 /testbed/src/flask/cli.py:129 flask.cli.find_app_by_string event=line locals={}
2026-08-22 23:52:08.244 /testbed/src/flask/cli.py:135 flask.cli.find_app_by_string event=line locals={'expr': '<ast.Call object at 0x73e937e87400>'}
2026-08-22 23:52:08.244 /testbed/src/flask/cli.py:139 flask.cli.find_app_by_string event=line locals={}
2026-08-22 23:52:08.244 /testbed/src/flask/cli.py:141 flask.cli.find_app_by_string event=line locals={}
2026-08-22 23:52:08.244 /testbed/src/flask/cli.py:146 flask.cli.find_app_by_string event=line locals={}
2026-08-22 23:52:08.244 /testbed/src/flask/cli.py:149 flask.cli.find_app_by_string event=line locals={'name': "'build_app'"}
2026-08-22 23:52:08.244 /testbed/src/flask/cli.py:150 flask.cli.find_app_by_string event=line locals={}
2026-08-22 23:52:08.244 /testbed/src/flask/cli.py:151 flask.cli.find_app_by_string event=line locals={'args': "[[717, 72, 564, 331, 954, 1373, 1272, 955, 755, 424, 674, 41, 68, 461], {'mask': 79, 'phase': 43, 'seed': 1762, 'checksum': 3657, 'tier': 7, 'anchor': None, 'pairs': (717, 72), 'nested': {'values': [717, 564, 954, 1272, 755], 'turn': 2, 'active': True}}]"}
2026-08-22 23:52:08.244 /testbed/src/flask/cli.py:153 flask.cli.find_app_by_string event=line locals={}
2026-08-22 23:52:08.244 /testbed/src/flask/cli.py:151 flask.cli.find_app_by_string event=line locals={}
2026-08-22 23:52:08.244 /testbed/src/flask/cli.py:167 flask.cli.find_app_by_string event=line locals={'kwargs': "{'scale': 16, 'offset': 803, 'tags': ('tag-104', 'tag-099', 'tag-088', 'tag-114', 'tag-107', 'tag-023', 'tag-054', 'tag-123', 'tag-055', 'tag-110')}"}
2026-08-22 23:52:08.244 /testbed/src/flask/cli.py:168 flask.cli.find_app_by_string event=line locals={}
2026-08-22 23:52:08.244 /testbed/src/flask/cli.py:176 flask.cli.find_app_by_string event=line locals={'attr': '<function build_app at 0x73e937e96840>'}
2026-08-22 23:52:08.244 /testbed/src/flask/cli.py:177 flask.cli.find_app_by_string event=line locals={}
2026-08-22 23:52:08.244 /testbed/src/flask/cli.py:178 flask.cli.find_app_by_string event=line locals={}
2026-08-22 23:52:08.258 /testbed/src/flask/cli.py:191 flask.cli.find_app_by_string event=line locals={'app': "<Flask 'runtime-975397'>"}
2026-08-22 23:52:08.258 /testbed/src/flask/cli.py:192 flask.cli.find_app_by_string event=line locals={}
2026-08-22 23:52:08.258 /testbed/src/flask/cli.py:192 flask.cli.find_app_by_string event=return retval=<Flask 'runtime-975397'> locals={'Flask': "<class 'flask.app.Flask'>", 'app': "<Flask 'runtime-975397'>", 'app_name': '"build_app([717, 72, 564, 331, 954, 1373, 1272, 955, 755, 424, 674, 41, 68, 461], {\'mask\': 79, \'phase\': 43, \'seed\': 1762, \'checksum\': 3657, \'tier\': 7, \'anchor\': None, \'pairs\': (717, 72), \'nested\': {\'values\': [717, 564, 954, 1272, 755], \'turn\': 2, \'active\': True}}, scale=16, offset=803, tags=(\'tag-104\', \'tag-099\', \'tag-088\', \'tag-114\', \'tag-107\', \'tag-023\', \'tag-054\', \'tag-123\', \'tag-055\', \'tag-110\'))"', 'args': "[[717, 72, 564, 331, 954, 1373, 1272, 955, 755, 424, 674, 41, 68, 461], {'mask': 79, 'phase': 43, 'seed': 1762, 'checksum': 3657, 'tier': 7, 'anchor': None, 'pairs': (717, 72), 'nested': {'values': [717, 564, 954, 1272, 755], 'turn': 2, 'active': True}}]", 'attr': '<function build_app at 0x73e937e96840>', 'expr': '<ast.Call object at 0x73e937e87400>', 'kwargs': "{'scale': 16, 'offset': 803, 'tags': ('tag-104', 'tag-099', 'tag-088', 'tag-114', 'tag-107', 'tag-023', 'tag-054', 'tag-123', 'tag-055', 'tag-110')}", 'module': "<module 'qa_factory_bench_module'>", 'name': "'build_app'"}
2026-08-22 23:52:08.260 /testbed/src/flask/cli.py:120 flask.cli.find_app_by_string event=call locals={'app_name': '"build_app([229, 59, 389, 498, 374, 1396, 187, 158, 789, 491, 1226, 13, 123, 868], {\'mask\': 160, \'phase\': 30, \'seed\': 4551, \'checksum\': 3483, \'tier\': 17, \'anchor\': None, \'pairs\': (229, 59, 389), \'nested\': {\'values\': [229, 389, 374, 187, 789], \'turn\': 3, \'active\': False}}, scale=6, offset=582, tags=(\'tag-008\', \'tag-097\', \'tag-051\', \'tag-038\', \'tag-046\', \'tag-057\', \'tag-123\', \'tag-099\', \'tag-100\', \'tag-061\'))"', 'module': "<module 'qa_factory_bench_module'>"}
2026-08-22 23:52:08.260 /testbed/src/flask/cli.py:124 flask.cli.find_app_by_string event=line locals={}
2026-08-22 23:52:08.260 /testbed/src/flask/cli.py:128 flask.cli.find_app_by_string event=line locals={'Flask': "<class 'flask.app.Flask'>"}
2026-08-22 23:52:08.260 /testbed/src/flask/cli.py:129 flask.cli.find_app_by_string event=line locals={}
2026-08-22 23:52:08.260 /testbed/src/flask/cli.py:135 flask.cli.find_app_by_string event=line locals={'expr': '<ast.Call object at 0x73e937e872e0>'}
2026-08-22 23:52:08.260 /testbed/src/flask/cli.py:139 flask.cli.find_app_by_string event=line locals={}
2026-08-22 23:52:08.260 /testbed/src/flask/cli.py:141 flask.cli.find_app_by_string event=line locals={}
2026-08-22 23:52:08.260 /testbed/src/flask/cli.py:146 flask.cli.find_app_by_string event=line locals={}
2026-08-22 23:52:08.260 /testbed/src/flask/cli.py:149 flask.cli.find_app_by_string event=line locals={'name': "'build_app'"}
2026-08-22 23:52:08.260 /testbed/src/flask/cli.py:150 flask.cli.find_app_by_string event=line locals={}
2026-08-22 23:52:08.260 /testbed/src/flask/cli.py:151 flask.cli.find_app_by_string event=line locals={'args': "[[229, 59, 389, 498, 374, 1396, 187, 158, 789, 491, 1226, 13, 123, 868], {'mask': 160, 'phase': 30, 'seed': 4551, 'checksum': 3483, 'tier': 17, 'anchor': None, 'pairs': (229, 59, 389), 'nested': {'values': [229, 389, 374, 187, 789], 'turn': 3, 'active': False}}]"}
2026-08-22 23:52:08.260 /testbed/src/flask/cli.py:153 flask.cli.find_app_by_string event=line locals={}
2026-08-22 23:52:08.261 /testbed/src/flask/cli.py:151 flask.cli.find_app_by_string event=line locals={}
2026-08-22 23:52:08.261 /testbed/src/flask/cli.py:167 flask.cli.find_app_by_string event=line locals={'kwargs': "{'scale': 6, 'offset': 582, 'tags': ('tag-008', 'tag-097', 'tag-051', 'tag-038', 'tag-046', 'tag-057', 'tag-123', 'tag-099', 'tag-100', 'tag-061')}"}
2026-08-22 23:52:08.261 /testbed/src/flask/cli.py:168 flask.cli.find_app_by_string event=line locals={}
2026-08-22 23:52:08.261 /testbed/src/flask/cli.py:176 flask.cli.find_app_by_string event=line locals={'attr': '<function build_app at 0x73e937e96840>'}
2026-08-22 23:52:08.261 /testbed/src/flask/cli.py:177 flask.cli.find_app_by_string event=line locals={}
2026-08-22 23:52:08.261 /testbed/src/flask/cli.py:178 flask.cli.find_app_by_string event=line locals={}
2026-08-22 23:52:08.275 /testbed/src/flask/cli.py:191 flask.cli.find_app_by_string event=line locals={'app': "<Flask 'runtime-347150'>"}
2026-08-22 23:52:08.275 /testbed/src/flask/cli.py:192 flask.cli.find_app_by_string event=line locals={}
2026-08-22 23:52:08.275 /testbed/src/flask/cli.py:192 flask.cli.find_app_by_string event=return retval=<Flask 'runtime-347150'> locals={'Flask': "<class 'flask.app.Flask'>", 'app': "<Flask 'runtime-347150'>", 'app_name': '"build_app([229, 59, 389, 498, 374, 1396, 187, 158, 789, 491, 1226, 13, 123, 868], {\'mask\': 160, \'phase\': 30, \'seed\': 4551, \'checksum\': 3483, \'tier\': 17, \'anchor\': None, \'pairs\': (229, 59, 389), \'nested\': {\'values\': [229, 389, 374, 187, 789], \'turn\': 3, \'active\': False}}, scale=6, offset=582, tags=(\'tag-008\', \'tag-097\', \'tag-051\', \'tag-038\', \'tag-046\', \'tag-057\', \'tag-123\', \'tag-099\', \'tag-100\', \'tag-061\'))"', 'args': "[[229, 59, 389, 498, 374, 1396, 187, 158, 789, 491, 1226, 13, 123, 868], {'mask': 160, 'phase': 30, 'seed': 4551, 'checksum': 3483, 'tier': 17, 'anchor': None, 'pairs': (229, 59, 389), 'nested': {'values': [229, 389, 374, 187, 789], 'turn': 3, 'active': False}}]", 'attr': '<function build_app at 0x73e937e96840>', 'expr': '<ast.Call object at 0x73e937e872e0>', 'kwargs': "{'scale': 6, 'offset': 582, 'tags': ('tag-008', 'tag-097', 'tag-051', 'tag-038', 'tag-046', 'tag-057', 'tag-123', 'tag-099', 'tag-100', 'tag-061')}", 'module': "<module 'qa_factory_bench_module'>", 'name': "'build_app'"}
2026-08-22 23:52:08.276 /testbed/src/flask/cli.py:120 flask.cli.find_app_by_string event=call locals={'app_name': '"build_app([834, 1408, 334, 1157, 541, 528, 689, 85, 589, 557, 1491, 681, 1068, 599], {\'mask\': 397, \'phase\': 36, \'seed\': 5306, \'checksum\': 5015, \'tier\': 15, \'anchor\': None, \'pairs\': (), \'nested\': {\'values\': [834, 334, 541, 689, 589], \'turn\': 4, \'active\': True}}, scale=10, offset=45, tags=(\'tag-116\', \'tag-060\', \'tag-007\', \'tag-073\', \'tag-097\', \'tag-089\', \'tag-001\', \'tag-037\', \'tag-038\', \'tag-011\'))"', 'module': "<module 'qa_factory_bench_module'>"}
2026-08-22 23:52:08.276 /testbed/src/flask/cli.py:124 flask.cli.find_app_by_string event=line locals={}
2026-08-22 23:52:08.276 /testbed/src/flask/cli.py:128 flask.cli.find_app_by_string event=line locals={'Flask': "<class 'flask.app.Flask'>"}
2026-08-22 23:52:08.276 /testbed/src/flask/cli.py:129 flask.cli.find_app_by_string event=line locals={}
2026-08-22 23:52:08.277 /testbed/src/flask/cli.py:135 flask.cli.find_app_by_string event=line locals={'expr': '<ast.Call object at 0x73e937e860b0>'}
2026-08-22 23:52:08.277 /testbed/src/flask/cli.py:139 flask.cli.find_app_by_string event=line locals={}
2026-08-22 23:52:08.277 /testbed/src/flask/cli.py:141 flask.cli.find_app_by_string event=line locals={}
2026-08-22 23:52:08.277 /testbed/src/flask/cli.py:146 flask.cli.find_app_by_string event=line locals={}
2026-08-22 23:52:08.277 /testbed/src/flask/cli.py:149 flask.cli.find_app_by_string event=line locals={'name': "'build_app'"}
2026-08-22 23:52:08.277 /testbed/src/flask/cli.py:150 flask.cli.find_app_by_string event=line locals={}
2026-08-22 23:52:08.277 /testbed/src/flask/cli.py:151 flask.cli.find_app_by_string event=line locals={'args': "[[834, 1408, 334, 1157, 541, 528, 689, 85, 589, 557, 1491, 681, 1068, 599], {'mask': 397, 'phase': 36, 'seed': 5306, 'checksum': 5015, 'tier': 15, 'anchor': None, 'pairs': (), 'nested': {'values': [834, 334, 541, 689, 589], 'turn': 4, 'active': True}}]"}
2026-08-22 23:52:08.277 /testbed/src/flask/cli.py:153 flask.cli.find_app_by_string event=line locals={}
2026-08-22 23:52:08.277 /testbed/src/flask/cli.py:151 flask.cli.find_app_by_string event=line locals={}
2026-08-22 23:52:08.277 /testbed/src/flask/cli.py:167 flask.cli.find_app_by_string event=line locals={'kwargs': "{'scale': 10, 'offset': 45, 'tags': ('tag-116', 'tag-060', 'tag-007', 'tag-073', 'tag-097', 'tag-089', 'tag-001', 'tag-037', 'tag-038', 'tag-011')}"}
2026-08-22 23:52:08.277 /testbed/src/flask/cli.py:168 flask.cli.find_app_by_string event=line locals={}
2026-08-22 23:52:08.277 /testbed/src/flask/cli.py:176 flask.cli.find_app_by_string event=line locals={'attr': '<function build_app at 0x73e937e96840>'}
2026-08-22 23:52:08.277 /testbed/src/flask/cli.py:177 flask.cli.find_app_by_string event=line locals={}
2026-08-22 23:52:08.277 /testbed/src/flask/cli.py:178 flask.cli.find_app_by_string event=line locals={}
2026-08-22 23:52:08.291 /testbed/src/flask/cli.py:191 flask.cli.find_app_by_string event=line locals={'app': "<Flask 'runtime-804032'>"}
2026-08-22 23:52:08.291 /testbed/src/flask/cli.py:192 flask.cli.find_app_by_string event=line locals={}
2026-08-22 23:52:08.291 /testbed/src/flask/cli.py:192 flask.cli.find_app_by_string event=return retval=<Flask 'runtime-804032'> locals={'Flask': "<class 'flask.app.Flask'>", 'app': "<Flask 'runtime-804032'>", 'app_name': '"build_app([834, 1408, 334, 1157, 541, 528, 689, 85, 589, 557, 1491, 681, 1068, 599], {\'mask\': 397, \'phase\': 36, \'seed\': 5306, \'checksum\': 5015, \'tier\': 15, \'anchor\': None, \'pairs\': (), \'nested\': {\'values\': [834, 334, 541, 689, 589], \'turn\': 4, \'active\': True}}, scale=10, offset=45, tags=(\'tag-116\', \'tag-060\', \'tag-007\', \'tag-073\', \'tag-097\', \'tag-089\', \'tag-001\', \'tag-037\', \'tag-038\', \'tag-011\'))"', 'args': "[[834, 1408, 334, 1157, 541, 528, 689, 85, 589, 557, 1491, 681, 1068, 599], {'mask': 397, 'phase': 36, 'seed': 5306, 'checksum': 5015, 'tier': 15, 'anchor': None, 'pairs': (), 'nested': {'values': [834, 334, 541, 689, 589], 'turn': 4, 'active': True}}]", 'attr': '<function build_app at 0x73e937e96840>', 'expr': '<ast.Call object at 0x73e937e860b0>', 'kwargs': "{'scale': 10, 'offset': 45, 'tags': ('tag-116', 'tag-060', 'tag-007', 'tag-073', 'tag-097', 'tag-089', 'tag-001', 'tag-037', 'tag-038', 'tag-011')}", 'module': "<module 'qa_factory_bench_module'>", 'name': "'build_app'"}
2026-08-22 23:52:08.293 /testbed/src/flask/cli.py:120 flask.cli.find_app_by_string event=call locals={'app_name': '"build_app([593, 1099, 1177, 1121, 803, 475, 285, 1416, 1084, 688, 559, 23, 211, 1369], {\'mask\': 755, \'phase\': 41, \'seed\': 4012, \'checksum\': 6191, \'tier\': 17, \'anchor\': 79, \'pairs\': (593,), \'nested\': {\'values\': [593, 1177, 803, 285, 1084], \'turn\': 5, \'active\': False}}, scale=8, offset=678, tags=(\'tag-013\', \'tag-016\', \'tag-099\', \'tag-048\', \'tag-116\', \'tag-047\', \'tag-116\', \'tag-109\', \'tag-036\', \'tag-026\'))"', 'module': "<module 'qa_factory_bench_module'>"}
2026-08-22 23:52:08.293 /testbed/src/flask/cli.py:124 flask.cli.find_app_by_string event=line locals={}
2026-08-22 23:52:08.293 /testbed/src/flask/cli.py:128 flask.cli.find_app_by_string event=line locals={'Flask': "<class 'flask.app.Flask'>"}
2026-08-22 23:52:08.293 /testbed/src/flask/cli.py:129 flask.cli.find_app_by_string event=line locals={}
2026-08-22 23:52:08.293 /testbed/src/flask/cli.py:135 flask.cli.find_app_by_string event=line locals={'expr': '<ast.Call object at 0x73e937e87550>'}
2026-08-22 23:52:08.293 /testbed/src/flask/cli.py:139 flask.cli.find_app_by_string event=line locals={}
2026-08-22 23:52:08.293 /testbed/src/flask/cli.py:141 flask.cli.find_app_by_string event=line locals={}
2026-08-22 23:52:08.293 /testbed/src/flask/cli.py:146 flask.cli.find_app_by_string event=line locals={}
2026-08-22 23:52:08.293 /testbed/src/flask/cli.py:149 flask.cli.find_app_by_string event=line locals={'name': "'build_app'"}
2026-08-22 23:52:08.293 /testbed/src/flask/cli.py:150 flask.cli.find_app_by_string event=line locals={}
2026-08-22 23:52:08.293 /testbed/src/flask/cli.py:151 flask.cli.find_app_by_string event=line locals={'args': "[[593, 1099, 1177, 1121, 803, 475, 285, 1416, 1084, 688, 559, 23, 211, 1369], {'mask': 755, 'phase': 41, 'seed': 4012, 'checksum': 6191, 'tier': 17, 'anchor': 79, 'pairs': (593,), 'nested': {'values': [593, 1177, 803, 285, 1084], 'turn': 5, 'active': False}}]"}
2026-08-22 23:52:08.293 /testbed/src/flask/cli.py:153 flask.cli.find_app_by_string event=line locals={}
2026-08-22 23:52:08.293 /testbed/src/flask/cli.py:151 flask.cli.find_app_by_string event=line locals={}
2026-08-22 23:52:08.294 /testbed/src/flask/cli.py:167 flask.cli.find_app_by_string event=line locals={'kwargs': "{'scale': 8, 'offset': 678, 'tags': ('tag-013', 'tag-016', 'tag-099', 'tag-048', 'tag-116', 'tag-047', 'tag-116', 'tag-109', 'tag-036', 'tag-026')}"}
2026-08-22 23:52:08.294 /testbed/src/flask/cli.py:168 flask.cli.find_app_by_string event=line locals={}
2026-08-22 23:52:08.294 /testbed/src/flask/cli.py:176 flask.cli.find_app_by_string event=line locals={'attr': '<function build_app at 0x73e937e96840>'}
2026-08-22 23:52:08.294 /testbed/src/flask/cli.py:177 flask.cli.find_app_by_string event=line locals={}
2026-08-22 23:52:08.294 /testbed/src/flask/cli.py:178 flask.cli.find_app_by_string event=line locals={}
2026-08-22 23:52:08.310 /testbed/src/flask/cli.py:191 flask.cli.find_app_by_string event=line locals={'app': "<Flask 'runtime-629901'>"}
2026-08-22 23:52:08.310 /testbed/src/flask/cli.py:192 flask.cli.find_app_by_string event=line locals={}
2026-08-22 23:52:08.310 /testbed/src/flask/cli.py:192 flask.cli.find_app_by_string event=return retval=<Flask 'runtime-629901'> locals={'Flask': "<class 'flask.app.Flask'>", 'app': "<Flask 'runtime-629901'>", 'app_name': '"build_app([593, 1099, 1177, 1121, 803, 475, 285, 1416, 1084, 688, 559, 23, 211, 1369], {\'mask\': 755, \'phase\': 41, \'seed\': 4012, \'checksum\': 6191, \'tier\': 17, \'anchor\': 79, \'pairs\': (593,), \'nested\': {\'values\': [593, 1177, 803, 285, 1084], \'turn\': 5, \'active\': False}}, scale=8, offset=678, tags=(\'tag-013\', \'tag-016\', \'tag-099\', \'tag-048\', \'tag-116\', \'tag-047\', \'tag-116\', \'tag-109\', \'tag-036\', \'tag-026\'))"', 'args': "[[593, 1099, 1177, 1121, 803, 475, 285, 1416, 1084, 688, 559, 23, 211, 1369], {'mask': 755, 'phase': 41, 'seed': 4012, 'checksum': 6191, 'tier': 17, 'anchor': 79, 'pairs': (593,), 'nested': {'values': [593, 1177, 803, 285, 1084], 'turn': 5, 'active': False}}]", 'attr': '<function build_app at 0x73e937e96840>', 'expr': '<ast.Call object at 0x73e937e87550>', 'kwargs': "{'scale': 8, 'offset': 678, 'tags': ('tag-013', 'tag-016', 'tag-099', 'tag-048', 'tag-116', 'tag-047', 'tag-116', 'tag-109', 'tag-036', 'tag-026')}", 'module': "<module 'qa_factory_bench_module'>", 'name': "'build_app'"}
2026-08-22 23:52:08.311 /testbed/src/flask/cli.py:120 flask.cli.find_app_by_string event=call locals={'app_name': '"build_app([1483, 646, 1452, 130, 1164, 1250, 1121, 1136, 1133, 649, 72, 916, 1101, 1064], {\'mask\': 640, \'phase\': 31, \'seed\': 1481, \'checksum\': 5791, \'tier\': 4, \'anchor\': None, \'pairs\': (1483, 646), \'nested\': {\'values\': [1483, 1452, 1164, 1121, 1133], \'turn\': 6, \'active\': True}}, scale=11, offset=249, tags=(\'tag-025\', \'tag-082\', \'tag-004\', \'tag-084\', \'tag-107\', \'tag-071\', \'tag-074\', \'tag-094\', \'tag-096\', \'tag-125\'))"', 'module': "<module 'qa_factory_bench_module'>"}
2026-08-22 23:52:08.311 /testbed/src/flask/cli.py:124 flask.cli.find_app_by_string event=line locals={}
2026-08-22 23:52:08.311 /testbed/src/flask/cli.py:128 flask.cli.find_app_by_string event=line locals={'Flask': "<class 'flask.app.Flask'>"}
2026-08-22 23:52:08.311 /testbed/src/flask/cli.py:129 flask.cli.find_app_by_string event=line locals={}
2026-08-22 23:52:08.312 /testbed/src/flask/cli.py:135 flask.cli.find_app_by_string event=line locals={'expr': '<ast.Call object at 0x73e937e876d0>'}
2026-08-22 23:52:08.312 /testbed/src/flask/cli.py:139 flask.cli.find_app_by_string event=line locals={}
2026-08-22 23:52:08.312 /testbed/src/flask/cli.py:141 flask.cli.find_app_by_string event=line locals={}
2026-08-22 23:52:08.312 /testbed/src/flask/cli.py:146 flask.cli.find_app_by_string event=line locals={}
2026-08-22 23:52:08.312 /testbed/src/flask/cli.py:149 flask.cli.find_app_by_string event=line locals={'name': "'build_app'"}
2026-08-22 23:52:08.312 /testbed/src/flask/cli.py:150 flask.cli.find_app_by_string event=line locals={}
2026-08-22 23:52:08.312 /testbed/src/flask/cli.py:151 flask.cli.find_app_by_string event=line locals={'args': "[[1483, 646, 1452, 130, 1164, 1250, 1121, 1136, 1133, 649, 72, 916, 1101, 1064], {'mask': 640, 'phase': 31, 'seed': 1481, 'checksum': 5791, 'tier': 4, 'anchor': None, 'pairs': (1483, 646), 'nested': {'values': [1483, 1452, 1164, 1121, 1133], 'turn': 6, 'active': True}}]"}
2026-08-22 23:52:08.312 /testbed/src/flask/cli.py:153 flask.cli.find_app_by_string event=line locals={}
2026-08-22 23:52:08.312 /testbed/src/flask/cli.py:151 flask.cli.find_app_by_string event=line locals={}
2026-08-22 23:52:08.312 /testbed/src/flask/cli.py:167 flask.cli.find_app_by_string event=line locals={'kwargs': "{'scale': 11, 'offset': 249, 'tags': ('tag-025', 'tag-082', 'tag-004', 'tag-084', 'tag-107', 'tag-071', 'tag-074', 'tag-094', 'tag-096', 'tag-125')}"}
2026-08-22 23:52:08.312 /testbed/src/flask/cli.py:168 flask.cli.find_app_by_string event=line locals={}
2026-08-22 23:52:08.312 /testbed/src/flask/cli.py:176 flask.cli.find_app_by_string event=line locals={'attr': '<function build_app at 0x73e937e96840>'}
2026-08-22 23:52:08.312 /testbed/src/flask/cli.py:177 flask.cli.find_app_by_string event=line locals={}
2026-08-22 23:52:08.312 /testbed/src/flask/cli.py:178 flask.cli.find_app_by_string event=line locals={}
2026-08-22 23:52:08.327 /testbed/src/flask/cli.py:191 flask.cli.find_app_by_string event=line locals={'app': "<Flask 'runtime-076921'>"}
2026-08-22 23:52:08.327 /testbed/src/flask/cli.py:192 flask.cli.find_app_by_string event=line locals={}
2026-08-22 23:52:08.327 /testbed/src/flask/cli.py:192 flask.cli.find_app_by_string event=return retval=<Flask 'runtime-076921'> locals={'Flask': "<class 'flask.app.Flask'>", 'app': "<Flask 'runtime-076921'>", 'app_name': '"build_app([1483, 646, 1452, 130, 1164, 1250, 1121, 1136, 1133, 649, 72, 916, 1101, 1064], {\'mask\': 640, \'phase\': 31, \'seed\': 1481, \'checksum\': 5791, \'tier\': 4, \'anchor\': None, \'pairs\': (1483, 646), \'nested\': {\'values\': [1483, 1452, 1164, 1121, 1133], \'turn\': 6, \'active\': True}}, scale=11, offset=249, tags=(\'tag-025\', \'tag-082\', \'tag-004\', \'tag-084\', \'tag-107\', \'tag-071\', \'tag-074\', \'tag-094\', \'tag-096\', \'tag-125\'))"', 'args': "[[1483, 646, 1452, 130, 1164, 1250, 1121, 1136, 1133, 649, 72, 916, 1101, 1064], {'mask': 640, 'phase': 31, 'seed': 1481, 'checksum': 5791, 'tier': 4, 'anchor': None, 'pairs': (1483, 646), 'nested': {'values': [1483, 1452, 1164, 1121, 1133], 'turn': 6, 'active': True}}]", 'attr': '<function build_app at 0x73e937e96840>', 'expr': '<ast.Call object at 0x73e937e876d0>', 'kwargs': "{'scale': 11, 'offset': 249, 'tags': ('tag-025', 'tag-082', 'tag-004', 'tag-084', 'tag-107', 'tag-071', 'tag-074', 'tag-094', 'tag-096', 'tag-125')}", 'module': "<module 'qa_factory_bench_module'>", 'name': "'build_app'"}
2026-08-22 23:52:08.329 /testbed/src/flask/cli.py:120 flask.cli.find_app_by_string event=call locals={'app_name': '"build_app([970, 1024, 718, 72, 269, 510, 1014, 1432, 335, 33, 1052, 559, 841, 1360], {\'mask\': 774, \'phase\': 30, \'seed\': 7103, \'checksum\': 4990, \'tier\': 9, \'anchor\': None, \'pairs\': (970, 1024, 718), \'nested\': {\'values\': [970, 718, 269, 1014, 335], \'turn\': 7, \'active\': False}}, scale=17, offset=733, tags=(\'tag-031\', \'tag-090\', \'tag-043\', \'tag-037\', \'tag-112\', \'tag-104\', \'tag-105\', \'tag-020\', \'tag-071\', \'tag-028\'))"', 'module': "<module 'qa_factory_bench_module'>"}
2026-08-22 23:52:08.329 /testbed/src/flask/cli.py:124 flask.cli.find_app_by_string event=line locals={}
2026-08-22 23:52:08.329 /testbed/src/flask/cli.py:128 flask.cli.find_app_by_string event=line locals={'Flask': "<class 'flask.app.Flask'>"}
2026-08-22 23:52:08.329 /testbed/src/flask/cli.py:129 flask.cli.find_app_by_string event=line locals={}
2026-08-22 23:52:08.329 /testbed/src/flask/cli.py:135 flask.cli.find_app_by_string event=line locals={'expr': '<ast.Call object at 0x73e937e86830>'}
2026-08-22 23:52:08.329 /testbed/src/flask/cli.py:139 flask.cli.find_app_by_string event=line locals={}
2026-08-22 23:52:08.329 /testbed/src/flask/cli.py:141 flask.cli.find_app_by_string event=line locals={}
2026-08-22 23:52:08.329 /testbed/src/flask/cli.py:146 flask.cli.find_app_by_string event=line locals={}
2026-08-22 23:52:08.329 /testbed/src/flask/cli.py:149 flask.cli.find_app_by_string event=line locals={'name': "'build_app'"}
2026-08-22 23:52:08.329 /testbed/src/flask/cli.py:150 flask.cli.find_app_by_string event=line locals={}
2026-08-22 23:52:08.329 /testbed/src/flask/cli.py:151 flask.cli.find_app_by_string event=line locals={'args': "[[970, 1024, 718, 72, 269, 510, 1014, 1432, 335, 33, 1052, 559, 841, 1360], {'mask': 774, 'phase': 30, 'seed': 7103, 'checksum': 4990, 'tier': 9, 'anchor': None, 'pairs': (970, 1024, 718), 'nested': {'values': [970, 718, 269, 1014, 335], 'turn': 7, 'active': False}}]"}
2026-08-22 23:52:08.329 /testbed/src/flask/cli.py:153 flask.cli.find_app_by_string event=line locals={}
2026-08-22 23:52:08.329 /testbed/src/flask/cli.py:151 flask.cli.find_app_by_string event=line locals={}
2026-08-22 23:52:08.330 /testbed/src/flask/cli.py:167 flask.cli.find_app_by_string event=line locals={'kwargs': "{'scale': 17, 'offset': 733, 'tags': ('tag-031', 'tag-090', 'tag-043', 'tag-037', 'tag-112', 'tag-104', 'tag-105', 'tag-020', 'tag-071', 'tag-028')}"}
2026-08-22 23:52:08.330 /testbed/src/flask/cli.py:168 flask.cli.find_app_by_string event=line locals={}
2026-08-22 23:52:08.330 /testbed/src/flask/cli.py:176 flask.cli.find_app_by_string event=line locals={'attr': '<function build_app at 0x73e937e96840>'}
2026-08-22 23:52:08.330 /testbed/src/flask/cli.py:177 flask.cli.find_app_by_string event=line locals={}
2026-08-22 23:52:08.330 /testbed/src/flask/cli.py:178 flask.cli.find_app_by_string event=line locals={}
2026-08-22 23:52:08.345 /testbed/src/flask/cli.py:191 flask.cli.find_app_by_string event=line locals={'app': "<Flask 'runtime-383730'>"}
2026-08-22 23:52:08.345 /testbed/src/flask/cli.py:192 flask.cli.find_app_by_string event=line locals={}
2026-08-22 23:52:08.345 /testbed/src/flask/cli.py:192 flask.cli.find_app_by_string event=return retval=<Flask 'runtime-383730'> locals={'Flask': "<class 'flask.app.Flask'>", 'app': "<Flask 'runtime-383730'>", 'app_name': '"build_app([970, 1024, 718, 72, 269, 510, 1014, 1432, 335, 33, 1052, 559, 841, 1360], {\'mask\': 774, \'phase\': 30, \'seed\': 7103, \'checksum\': 4990, \'tier\': 9, \'anchor\': None, \'pairs\': (970, 1024, 718), \'nested\': {\'values\': [970, 718, 269, 1014, 335], \'turn\': 7, \'active\': False}}, scale=17, offset=733, tags=(\'tag-031\', \'tag-090\', \'tag-043\', \'tag-037\', \'tag-112\', \'tag-104\', \'tag-105\', \'tag-020\', \'tag-071\', \'tag-028\'))"', 'args': "[[970, 1024, 718, 72, 269, 510, 1014, 1432, 335, 33, 1052, 559, 841, 1360], {'mask': 774, 'phase': 30, 'seed': 7103, 'checksum': 4990, 'tier': 9, 'anchor': None, 'pairs': (970, 1024, 718), 'nested': {'values': [970, 718, 269, 1014, 335], 'turn': 7, 'active': False}}]", 'attr': '<function build_app at 0x73e937e96840>', 'expr': '<ast.Call object at 0x73e937e86830>', 'kwargs': "{'scale': 17, 'offset': 733, 'tags': ('tag-031', 'tag-090', 'tag-043', 'tag-037', 'tag-112', 'tag-104', 'tag-105', 'tag-020', 'tag-071', 'tag-028')}", 'module': "<module 'qa_factory_bench_module'>", 'name': "'build_app'"}
2026-08-22 23:52:08.346 /testbed/src/flask/cli.py:120 flask.cli.find_app_by_string event=call locals={'app_name': '"build_app([788, 1487, 1111, 872, 1404, 1070, 458, 1416, 1066, 1438, 711, 352, 1410, 630], {\'mask\': 590, \'phase\': 0, \'seed\': 748, \'checksum\': 7265, \'tier\': 2, \'anchor\': None, \'pairs\': (), \'nested\': {\'values\': [788, 1111, 1404, 458, 1066], \'turn\': 8, \'active\': True}}, scale=15, offset=24, tags=(\'tag-114\', \'tag-056\', \'tag-066\', \'tag-086\', \'tag-115\', \'tag-040\', \'tag-068\', \'tag-015\', \'tag-051\', \'tag-047\'))"', 'module': "<module 'qa_factory_bench_module'>"}
2026-08-22 23:52:08.346 /testbed/src/flask/cli.py:124 flask.cli.find_app_by_string event=line locals={}
2026-08-22 23:52:08.346 /testbed/src/flask/cli.py:128 flask.cli.find_app_by_string event=line locals={'Flask': "<class 'flask.app.Flask'>"}
2026-08-22 23:52:08.346 /testbed/src/flask/cli.py:129 flask.cli.find_app_by_string event=line locals={}
2026-08-22 23:52:08.347 /testbed/src/flask/cli.py:135 flask.cli.find_app_by_string event=line locals={'expr': '<ast.Call object at 0x73e937e867a0>'}
2026-08-22 23:52:08.347 /testbed/src/flask/cli.py:139 flask.cli.find_app_by_string event=line locals={}
2026-08-22 23:52:08.347 /testbed/src/flask/cli.py:141 flask.cli.find_app_by_string event=line locals={}
2026-08-22 23:52:08.347 /testbed/src/flask/cli.py:146 flask.cli.find_app_by_string event=line locals={}
2026-08-22 23:52:08.347 /testbed/src/flask/cli.py:149 flask.cli.find_app_by_string event=line locals={'name': "'build_app'"}
2026-08-22 23:52:08.347 /testbed/src/flask/cli.py:150 flask.cli.find_app_by_string event=line locals={}
2026-08-22 23:52:08.347 /testbed/src/flask/cli.py:151 flask.cli.find_app_by_string event=line locals={'args': "[[788, 1487, 1111, 872, 1404, 1070, 458, 1416, 1066, 1438, 711, 352, 1410, 630], {'mask': 590, 'phase': 0, 'seed': 748, 'checksum': 7265, 'tier': 2, 'anchor': None, 'pairs': (), 'nested': {'values': [788, 1111, 1404, 458, 1066], 'turn': 8, 'active': True}}]"}
2026-08-22 23:52:08.347 /testbed/src/flask/cli.py:153 flask.cli.find_app_by_string event=line locals={}
2026-08-22 23:52:08.347 /testbed/src/flask/cli.py:151 flask.cli.find_app_by_string event=line locals={}
2026-08-22 23:52:08.347 /testbed/src/flask/cli.py:167 flask.cli.find_app_by_string event=line locals={'kwargs': "{'scale': 15, 'offset': 24, 'tags': ('tag-114', 'tag-056', 'tag-066', 'tag-086', 'tag-115', 'tag-040', 'tag-068', 'tag-015', 'tag-051', 'tag-047')}"}
2026-08-22 23:52:08.347 /testbed/src/flask/cli.py:168 flask.cli.find_app_by_string event=line locals={}
2026-08-22 23:52:08.347 /testbed/src/flask/cli.py:176 flask.cli.find_app_by_string event=line locals={'attr': '<function build_app at 0x73e937e96840>'}
2026-08-22 23:52:08.347 /testbed/src/flask/cli.py:177 flask.cli.find_app_by_string event=line locals={}
2026-08-22 23:52:08.347 /testbed/src/flask/cli.py:178 flask.cli.find_app_by_string event=line locals={}
2026-08-22 23:52:08.362 /testbed/src/flask/cli.py:191 flask.cli.find_app_by_string event=line locals={'app': "<Flask 'runtime-553296'>"}
2026-08-22 23:52:08.362 /testbed/src/flask/cli.py:192 flask.cli.find_app_by_string event=line locals={}
2026-08-22 23:52:08.362 /testbed/src/flask/cli.py:192 flask.cli.find_app_by_string event=return retval=<Flask 'runtime-553296'> locals={'Flask': "<class 'flask.app.Flask'>", 'app': "<Flask 'runtime-553296'>", 'app_name': '"build_app([788, 1487, 1111, 872, 1404, 1070, 458, 1416, 1066, 1438, 711, 352, 1410, 630], {\'mask\': 590, \'phase\': 0, \'seed\': 748, \'checksum\': 7265, \'tier\': 2, \'anchor\': None, \'pairs\': (), \'nested\': {\'values\': [788, 1111, 1404, 458, 1066], \'turn\': 8, \'active\': True}}, scale=15, offset=24, tags=(\'tag-114\', \'tag-056\', \'tag-066\', \'tag-086\', \'tag-115\', \'tag-040\', \'tag-068\', \'tag-015\', \'tag-051\', \'tag-047\'))"', 'args': "[[788, 1487, 1111, 872, 1404, 1070, 458, 1416, 1066, 1438, 711, 352, 1410, 630], {'mask': 590, 'phase': 0, 'seed': 748, 'checksum': 7265, 'tier': 2, 'anchor': None, 'pairs': (), 'nested': {'values': [788, 1111, 1404, 458, 1066], 'turn': 8, 'active': True}}]", 'attr': '<function build_app at 0x73e937e96840>', 'expr': '<ast.Call object at 0x73e937e867a0>', 'kwargs': "{'scale': 15, 'offset': 24, 'tags': ('tag-114', 'tag-056', 'tag-066', 'tag-086', 'tag-115', 'tag-040', 'tag-068', 'tag-015', 'tag-051', 'tag-047')}", 'module': "<module 'qa_factory_bench_module'>", 'name': "'build_app'"}
2026-08-22 23:52:08.364 /testbed/src/flask/cli.py:120 flask.cli.find_app_by_string event=call locals={'app_name': '"build_app([609, 876, 75, 86, 1200, 306, 1268, 1053, 647, 454, 657, 1532, 1253, 713], {\'mask\': 67, \'phase\': 22, \'seed\': 503, \'checksum\': 5020, \'tier\': 13, \'anchor\': None, \'pairs\': (609,), \'nested\': {\'values\': [609, 75, 1200, 1268, 647], \'turn\': 9, \'active\': False}}, scale=13, offset=184, tags=(\'tag-073\', \'tag-091\', \'tag-057\', \'tag-073\', \'tag-049\', \'tag-049\', \'tag-000\', \'tag-044\', \'tag-024\', \'tag-090\'))"', 'module': "<module 'qa_factory_bench_module'>"}
2026-08-22 23:52:08.364 /testbed/src/flask/cli.py:124 flask.cli.find_app_by_string event=line locals={}
2026-08-22 23:52:08.364 /testbed/src/flask/cli.py:128 flask.cli.find_app_by_string event=line locals={'Flask': "<class 'flask.app.Flask'>"}
2026-08-22 23:52:08.364 /testbed/src/flask/cli.py:129 flask.cli.find_app_by_string event=line locals={}
2026-08-22 23:52:08.364 /testbed/src/flask/cli.py:135 flask.cli.find_app_by_string event=line locals={'expr': '<ast.Call object at 0x73e937e86b90>'}
2026-08-22 23:52:08.364 /testbed/src/flask/cli.py:139 flask.cli.find_app_by_string event=line locals={}
2026-08-22 23:52:08.364 /testbed/src/flask/cli.py:141 flask.cli.find_app_by_string event=line locals={}
2026-08-22 23:52:08.364 /testbed/src/flask/cli.py:146 flask.cli.find_app_by_string event=line locals={}
2026-08-22 23:52:08.364 /testbed/src/flask/cli.py:149 flask.cli.find_app_by_string event=line locals={'name': "'build_app'"}
2026-08-22 23:52:08.364 /testbed/src/flask/cli.py:150 flask.cli.find_app_by_string event=line locals={}
2026-08-22 23:52:08.365 /testbed/src/flask/cli.py:151 flask.cli.find_app_by_string event=line locals={'args': "[[609, 876, 75, 86, 1200, 306, 1268, 1053, 647, 454, 657, 1532, 1253, 713], {'mask': 67, 'phase': 22, 'seed': 503, 'checksum': 5020, 'tier': 13, 'anchor': None, 'pairs': (609,), 'nested': {'values': [609, 75, 1200, 1268, 647], 'turn': 9, 'active': False}}]"}
2026-08-22 23:52:08.365 /testbed/src/flask/cli.py:153 flask.cli.find_app_by_string event=line locals={}
2026-08-22 23:52:08.365 /testbed/src/flask/cli.py:151 flask.cli.find_app_by_string event=line locals={}
2026-08-22 23:52:08.365 /testbed/src/flask/cli.py:167 flask.cli.find_app_by_string event=line locals={'kwargs': "{'scale': 13, 'offset': 184, 'tags': ('tag-073', 'tag-091', 'tag-057', 'tag-073', 'tag-049', 'tag-049', 'tag-000', 'tag-044', 'tag-024', 'tag-090')}"}
2026-08-22 23:52:08.365 /testbed/src/flask/cli.py:168 flask.cli.find_app_by_string event=line locals={}
2026-08-22 23:52:08.365 /testbed/src/flask/cli.py:176 flask.cli.find_app_by_string event=line locals={'attr': '<function build_app at 0x73e937e96840>'}
2026-08-22 23:52:08.365 /testbed/src/flask/cli.py:177 flask.cli.find_app_by_string event=line locals={}
2026-08-22 23:52:08.365 /testbed/src/flask/cli.py:178 flask.cli.find_app_by_string event=line locals={}
2026-08-22 23:52:08.381 /testbed/src/flask/cli.py:191 flask.cli.find_app_by_string event=line locals={'app': "<Flask 'runtime-193760'>"}
2026-08-22 23:52:08.381 /testbed/src/flask/cli.py:192 flask.cli.find_app_by_string event=line locals={}
2026-08-22 23:52:08.381 /testbed/src/flask/cli.py:192 flask.cli.find_app_by_string event=return retval=<Flask 'runtime-193760'> locals={'Flask': "<class 'flask.app.Flask'>", 'app': "<Flask 'runtime-193760'>", 'app_name': '"build_app([609, 876, 75, 86, 1200, 306, 1268, 1053, 647, 454, 657, 1532, 1253, 713], {\'mask\': 67, \'phase\': 22, \'seed\': 503, \'checksum\': 5020, \'tier\': 13, \'anchor\': None, \'pairs\': (609,), \'nested\': {\'values\': [609, 75, 1200, 1268, 647], \'turn\': 9, \'active\': False}}, scale=13, offset=184, tags=(\'tag-073\', \'tag-091\', \'tag-057\', \'tag-073\', \'tag-049\', \'tag-049\', \'tag-000\', \'tag-044\', \'tag-024\', \'tag-090\'))"', 'args': "[[609, 876, 75, 86, 1200, 306, 1268, 1053, 647, 454, 657, 1532, 1253, 713], {'mask': 67, 'phase': 22, 'seed': 503, 'checksum': 5020, 'tier': 13, 'anchor': None, 'pairs': (609,), 'nested': {'values': [609, 75, 1200, 1268, 647], 'turn': 9, 'active': False}}]", 'attr': '<function build_app at 0x73e937e96840>', 'expr': '<ast.Call object at 0x73e937e86b90>', 'kwargs': "{'scale': 13, 'offset': 184, 'tags': ('tag-073', 'tag-091', 'tag-057', 'tag-073', 'tag-049', 'tag-049', 'tag-000', 'tag-044', 'tag-024', 'tag-090')}", 'module': "<module 'qa_factory_bench_module'>", 'name': "'build_app'"}
2026-08-22 23:52:08.383 /testbed/src/flask/cli.py:120 flask.cli.find_app_by_string event=call locals={'app_name': '"build_app([564, 42, 14, 442, 905, 700, 697, 321, 279, 806, 1073, 1042, 669, 1516], {\'mask\': 707, \'phase\': 2, \'seed\': 386, \'checksum\': 4869, \'tier\': 14, \'anchor\': 40, \'pairs\': (564, 42), \'nested\': {\'values\': [564, 14, 905, 697, 279], \'turn\': 10, \'active\': True}}, scale=15, offset=108, tags=(\'tag-039\', \'tag-030\', \'tag-007\', \'tag-059\', \'tag-019\', \'tag-073\', \'tag-075\', \'tag-085\', \'tag-048\', \'tag-072\'))"', 'module': "<module 'qa_factory_bench_module'>"}
2026-08-22 23:52:08.383 /testbed/src/flask/cli.py:124 flask.cli.find_app_by_string event=line locals={}
2026-08-22 23:52:08.383 /testbed/src/flask/cli.py:128 flask.cli.find_app_by_string event=line locals={'Flask': "<class 'flask.app.Flask'>"}
2026-08-22 23:52:08.383 /testbed/src/flask/cli.py:129 flask.cli.find_app_by_string event=line locals={}
2026-08-22 23:52:08.383 /testbed/src/flask/cli.py:135 flask.cli.find_app_by_string event=line locals={'expr': '<ast.Call object at 0x73e937e86ce0>'}
2026-08-22 23:52:08.383 /testbed/src/flask/cli.py:139 flask.cli.find_app_by_string event=line locals={}
2026-08-22 23:52:08.383 /testbed/src/flask/cli.py:141 flask.cli.find_app_by_string event=line locals={}
2026-08-22 23:52:08.383 /testbed/src/flask/cli.py:146 flask.cli.find_app_by_string event=line locals={}
2026-08-22 23:52:08.383 /testbed/src/flask/cli.py:149 flask.cli.find_app_by_string event=line locals={'name': "'build_app'"}
2026-08-22 23:52:08.383 /testbed/src/flask/cli.py:150 flask.cli.find_app_by_string event=line locals={}
2026-08-22 23:52:08.384 /testbed/src/flask/cli.py:151 flask.cli.find_app_by_string event=line locals={'args': "[[564, 42, 14, 442, 905, 700, 697, 321, 279, 806, 1073, 1042, 669, 1516], {'mask': 707, 'phase': 2, 'seed': 386, 'checksum': 4869, 'tier': 14, 'anchor': 40, 'pairs': (564, 42), 'nested': {'values': [564, 14, 905, 697, 279], 'turn': 10, 'active': True}}]"}
2026-08-22 23:52:08.384 /testbed/src/flask/cli.py:153 flask.cli.find_app_by_string event=line locals={}
2026-08-22 23:52:08.384 /testbed/src/flask/cli.py:151 flask.cli.find_app_by_string event=line locals={}
2026-08-22 23:52:08.384 /testbed/src/flask/cli.py:167 flask.cli.find_app_by_string event=line locals={'kwargs': "{'scale': 15, 'offset': 108, 'tags': ('tag-039', 'tag-030', 'tag-007', 'tag-059', 'tag-019', 'tag-073', 'tag-075', 'tag-085', 'tag-048', 'tag-072')}"}
2026-08-22 23:52:08.384 /testbed/src/flask/cli.py:168 flask.cli.find_app_by_string event=line locals={}
2026-08-22 23:52:08.384 /testbed/src/flask/cli.py:176 flask.cli.find_app_by_string event=line locals={'attr': '<function build_app at 0x73e937e96840>'}
2026-08-22 23:52:08.384 /testbed/src/flask/cli.py:177 flask.cli.find_app_by_string event=line locals={}
2026-08-22 23:52:08.384 /testbed/src/flask/cli.py:178 flask.cli.find_app_by_string event=line locals={}
2026-08-22 23:52:08.400 /testbed/src/flask/cli.py:191 flask.cli.find_app_by_string event=line locals={'app': "<Flask 'runtime-272960'>"}
2026-08-22 23:52:08.400 /testbed/src/flask/cli.py:192 flask.cli.find_app_by_string event=line locals={}
2026-08-22 23:52:08.400 /testbed/src/flask/cli.py:192 flask.cli.find_app_by_string event=return retval=<Flask 'runtime-272960'> locals={'Flask': "<class 'flask.app.Flask'>", 'app': "<Flask 'runtime-272960'>", 'app_name': '"build_app([564, 42, 14, 442, 905, 700, 697, 321, 279, 806, 1073, 1042, 669, 1516], {\'mask\': 707, \'phase\': 2, \'seed\': 386, \'checksum\': 4869, \'tier\': 14, \'anchor\': 40, \'pairs\': (564, 42), \'nested\': {\'values\': [564, 14, 905, 697, 279], \'turn\': 10, \'active\': True}}, scale=15, offset=108, tags=(\'tag-039\', \'tag-030\', \'tag-007\', \'tag-059\', \'tag-019\', \'tag-073\', \'tag-075\', \'tag-085\', \'tag-048\', \'tag-072\'))"', 'args': "[[564, 42, 14, 442, 905, 700, 697, 321, 279, 806, 1073, 1042, 669, 1516], {'mask': 707, 'phase': 2, 'seed': 386, 'checksum': 4869, 'tier': 14, 'anchor': 40, 'pairs': (564, 42), 'nested': {'values': [564, 14, 905, 697, 279], 'turn': 10, 'active': True}}]", 'attr': '<function build_app at 0x73e937e96840>', 'expr': '<ast.Call object at 0x73e937e86ce0>', 'kwargs': "{'scale': 15, 'offset': 108, 'tags': ('tag-039', 'tag-030', 'tag-007', 'tag-059', 'tag-019', 'tag-073', 'tag-075', 'tag-085', 'tag-048', 'tag-072')}", 'module': "<module 'qa_factory_bench_module'>", 'name': "'build_app'"}
2026-08-22 23:52:08.401 /testbed/src/flask/cli.py:120 flask.cli.find_app_by_string event=call locals={'app_name': '"build_app([1307, 551, 1387, 546, 795, 1392, 1483, 435, 1525, 1273, 320, 763, 1271, 89], {\'mask\': 426, \'phase\': 27, \'seed\': 4961, \'checksum\': 5049, \'tier\': 7, \'anchor\': None, \'pairs\': (1307, 551, 1387), \'nested\': {\'values\': [1307, 1387, 795, 1483, 1525], \'turn\': 11, \'active\': False}}, scale=4, offset=40, tags=(\'tag-031\', \'tag-042\', \'tag-121\', \'tag-047\', \'tag-047\', \'tag-014\', \'tag-110\', \'tag-083\', \'tag-035\', \'tag-042\'))"', 'module': "<module 'qa_factory_bench_module'>"}
2026-08-22 23:52:08.401 /testbed/src/flask/cli.py:124 flask.cli.find_app_by_string event=line locals={}
2026-08-22 23:52:08.401 /testbed/src/flask/cli.py:128 flask.cli.find_app_by_string event=line locals={'Flask': "<class 'flask.app.Flask'>"}
2026-08-22 23:52:08.401 /testbed/src/flask/cli.py:129 flask.cli.find_app_by_string event=line locals={}
2026-08-22 23:52:08.401 /testbed/src/flask/cli.py:135 flask.cli.find_app_by_string event=line locals={'expr': '<ast.Call object at 0x73e937e87c10>'}
2026-08-22 23:52:08.401 /testbed/src/flask/cli.py:139 flask.cli.find_app_by_string event=line locals={}
2026-08-22 23:52:08.402 /testbed/src/flask/cli.py:141 flask.cli.find_app_by_string event=line locals={}
2026-08-22 23:52:08.402 /testbed/src/flask/cli.py:146 flask.cli.find_app_by_string event=line locals={}
2026-08-22 23:52:08.402 /testbed/src/flask/cli.py:149 flask.cli.find_app_by_string event=line locals={'name': "'build_app'"}
2026-08-22 23:52:08.402 /testbed/src/flask/cli.py:150 flask.cli.find_app_by_string event=line locals={}
2026-08-22 23:52:08.402 /testbed/src/flask/cli.py:151 flask.cli.find_app_by_string event=line locals={'args': "[[1307, 551, 1387, 546, 795, 1392, 1483, 435, 1525, 1273, 320, 763, 1271, 89], {'mask': 426, 'phase': 27, 'seed': 4961, 'checksum': 5049, 'tier': 7, 'anchor': None, 'pairs': (1307, 551, 1387), 'nested': {'values': [1307, 1387, 795, 1483, 1525], 'turn': 11, 'active': False}}]"}
2026-08-22 23:52:08.402 /testbed/src/flask/cli.py:153 flask.cli.find_app_by_string event=line locals={}
2026-08-22 23:52:08.402 /testbed/src/flask/cli.py:151 flask.cli.find_app_by_string event=line locals={}
2026-08-22 23:52:08.402 /testbed/src/flask/cli.py:167 flask.cli.find_app_by_string event=line locals={'kwargs': "{'scale': 4, 'offset': 40, 'tags': ('tag-031', 'tag-042', 'tag-121', 'tag-047', 'tag-047', 'tag-014', 'tag-110', 'tag-083', 'tag-035', 'tag-042')}"}
2026-08-22 23:52:08.402 /testbed/src/flask/cli.py:168 flask.cli.find_app_by_string event=line locals={}
2026-08-22 23:52:08.402 /testbed/src/flask/cli.py:176 flask.cli.find_app_by_string event=line locals={'attr': '<function build_app at 0x73e937e96840>'}
2026-08-22 23:52:08.402 /testbed/src/flask/cli.py:177 flask.cli.find_app_by_string event=line locals={}
2026-08-22 23:52:08.402 /testbed/src/flask/cli.py:178 flask.cli.find_app_by_string event=line locals={}
2026-08-22 23:52:08.418 /testbed/src/flask/cli.py:191 flask.cli.find_app_by_string event=line locals={'app': "<Flask 'runtime-384513'>"}
2026-08-22 23:52:08.418 /testbed/src/flask/cli.py:192 flask.cli.find_app_by_string event=line locals={}
2026-08-22 23:52:08.418 /testbed/src/flask/cli.py:192 flask.cli.find_app_by_string event=return retval=<Flask 'runtime-384513'> locals={'Flask': "<class 'flask.app.Flask'>", 'app': "<Flask 'runtime-384513'>", 'app_name': '"build_app([1307, 551, 1387, 546, 795, 1392, 1483, 435, 1525, 1273, 320, 763, 1271, 89], {\'mask\': 426, \'phase\': 27, \'seed\': 4961, \'checksum\': 5049, \'tier\': 7, \'anchor\': None, \'pairs\': (1307, 551, 1387), \'nested\': {\'values\': [1307, 1387, 795, 1483, 1525], \'turn\': 11, \'active\': False}}, scale=4, offset=40, tags=(\'tag-031\', \'tag-042\', \'tag-121\', \'tag-047\', \'tag-047\', \'tag-014\', \'tag-110\', \'tag-083\', \'tag-035\', \'tag-042\'))"', 'args': "[[1307, 551, 1387, 546, 795, 1392, 1483, 435, 1525, 1273, 320, 763, 1271, 89], {'mask': 426, 'phase': 27, 'seed': 4961, 'checksum': 5049, 'tier': 7, 'anchor': None, 'pairs': (1307, 551, 1387), 'nested': {'values': [1307, 1387, 795, 1483, 1525], 'turn': 11, 'active': False}}]", 'attr': '<function build_app at 0x73e937e96840>', 'expr': '<ast.Call object at 0x73e937e87c10>', 'kwargs': "{'scale': 4, 'offset': 40, 'tags': ('tag-031', 'tag-042', 'tag-121', 'tag-047', 'tag-047', 'tag-014', 'tag-110', 'tag-083', 'tag-035', 'tag-042')}", 'module': "<module 'qa_factory_bench_module'>", 'name': "'build_app'"}
2026-08-22 23:52:08.420 /testbed/src/flask/cli.py:120 flask.cli.find_app_by_string event=call locals={'app_name': '"build_app([330, 851, 626, 339, 1323, 997, 695, 1106, 982, 1227, 921, 1506, 710, 910], {\'mask\': 553, \'phase\': 35, \'seed\': 2687, \'checksum\': 6936, \'tier\': 13, \'anchor\': None, \'pairs\': (), \'nested\': {\'values\': [330, 626, 1323, 695, 982], \'turn\': 12, \'active\': True}}, scale=17, offset=19, tags=(\'tag-081\', \'tag-099\', \'tag-006\', \'tag-105\', \'tag-078\', \'tag-011\', \'tag-095\', \'tag-003\', \'tag-011\', \'tag-007\'))"', 'module': "<module 'qa_factory_bench_module'>"}
2026-08-22 23:52:08.420 /testbed/src/flask/cli.py:124 flask.cli.find_app_by_string event=line locals={}
2026-08-22 23:52:08.420 /testbed/src/flask/cli.py:128 flask.cli.find_app_by_string event=line locals={'Flask': "<class 'flask.app.Flask'>"}
2026-08-22 23:52:08.420 /testbed/src/flask/cli.py:129 flask.cli.find_app_by_string event=line locals={}
2026-08-22 23:52:08.420 /testbed/src/flask/cli.py:135 flask.cli.find_app_by_string event=line locals={'expr': '<ast.Call object at 0x73e937e87ee0>'}
2026-08-22 23:52:08.420 /testbed/src/flask/cli.py:139 flask.cli.find_app_by_string event=line locals={}
2026-08-22 23:52:08.420 /testbed/src/flask/cli.py:141 flask.cli.find_app_by_string event=line locals={}
2026-08-22 23:52:08.420 /testbed/src/flask/cli.py:146 flask.cli.find_app_by_string event=line locals={}
2026-08-22 23:52:08.420 /testbed/src/flask/cli.py:149 flask.cli.find_app_by_string event=line locals={'name': "'build_app'"}
2026-08-22 23:52:08.420 /testbed/src/flask/cli.py:150 flask.cli.find_app_by_string event=line locals={}
2026-08-22 23:52:08.420 /testbed/src/flask/cli.py:151 flask.cli.find_app_by_string event=line locals={'args': "[[330, 851, 626, 339, 1323, 997, 695, 1106, 982, 1227, 921, 1506, 710, 910], {'mask': 553, 'phase': 35, 'seed': 2687, 'checksum': 6936, 'tier': 13, 'anchor': None, 'pairs': (), 'nested': {'values': [330, 626, 1323, 695, 982], 'turn': 12, 'active': True}}]"}
2026-08-22 23:52:08.420 /testbed/src/flask/cli.py:153 flask.cli.find_app_by_string event=line locals={}
2026-08-22 23:52:08.420 /testbed/src/flask/cli.py:151 flask.cli.find_app_by_string event=line locals={}
2026-08-22 23:52:08.421 /testbed/src/flask/cli.py:167 flask.cli.find_app_by_string event=line locals={'kwargs': "{'scale': 17, 'offset': 19, 'tags': ('tag-081', 'tag-099', 'tag-006', 'tag-105', 'tag-078', 'tag-011', 'tag-095', 'tag-003', 'tag-011', 'tag-007')}"}
2026-08-22 23:52:08.421 /testbed/src/flask/cli.py:168 flask.cli.find_app_by_string event=line locals={}
2026-08-22 23:52:08.421 /testbed/src/flask/cli.py:176 flask.cli.find_app_by_string event=line locals={'attr': '<function build_app at 0x73e937e96840>'}
2026-08-22 23:52:08.421 /testbed/src/flask/cli.py:177 flask.cli.find_app_by_string event=line locals={}
2026-08-22 23:52:08.421 /testbed/src/flask/cli.py:178 flask.cli.find_app_by_string event=line locals={}
2026-08-22 23:52:08.437 /testbed/src/flask/cli.py:191 flask.cli.find_app_by_string event=line locals={'app': "<Flask 'runtime-771511'>"}
2026-08-22 23:52:08.437 /testbed/src/flask/cli.py:192 flask.cli.find_app_by_string event=line locals={}
2026-08-22 23:52:08.437 /testbed/src/flask/cli.py:192 flask.cli.find_app_by_string event=return retval=<Flask 'runtime-771511'> locals={'Flask': "<class 'flask.app.Flask'>", 'app': "<Flask 'runtime-771511'>", 'app_name': '"build_app([330, 851, 626, 339, 1323, 997, 695, 1106, 982, 1227, 921, 1506, 710, 910], {\'mask\': 553, \'phase\': 35, \'seed\': 2687, \'checksum\': 6936, \'tier\': 13, \'anchor\': None, \'pairs\': (), \'nested\': {\'values\': [330, 626, 1323, 695, 982], \'turn\': 12, \'active\': True}}, scale=17, offset=19, tags=(\'tag-081\', \'tag-099\', \'tag-006\', \'tag-105\', \'tag-078\', \'tag-011\', \'tag-095\', \'tag-003\', \'tag-011\', \'tag-007\'))"', 'args': "[[330, 851, 626, 339, 1323, 997, 695, 1106, 982, 1227, 921, 1506, 710, 910], {'mask': 553, 'phase': 35, 'seed': 2687, 'checksum': 6936, 'tier': 13, 'anchor': None, 'pairs': (), 'nested': {'values': [330, 626, 1323, 695, 982], 'turn': 12, 'active': True}}]", 'attr': '<function build_app at 0x73e937e96840>', 'expr': '<ast.Call object at 0x73e937e87ee0>', 'kwargs': "{'scale': 17, 'offset': 19, 'tags': ('tag-081', 'tag-099', 'tag-006', 'tag-105', 'tag-078', 'tag-011', 'tag-095', 'tag-003', 'tag-011', 'tag-007')}", 'module': "<module 'qa_factory_bench_module'>", 'name': "'build_app'"}
2026-08-22 23:52:08.439 /testbed/src/flask/cli.py:120 flask.cli.find_app_by_string event=call locals={'app_name': '"build_app([1229, 74, 891, 1450, 579, 1297, 448, 427, 976, 587, 1515, 1143, 261, 1336], {\'mask\': 800, \'phase\': 6, \'seed\': 1454, \'checksum\': 6314, \'tier\': 18, \'anchor\': None, \'pairs\': (1229,), \'nested\': {\'values\': [1229, 891, 579, 448, 976], \'turn\': 13, \'active\': False}}, scale=9, offset=735, tags=(\'tag-102\', \'tag-095\', \'tag-028\', \'tag-084\', \'tag-107\', \'tag-068\', \'tag-113\', \'tag-097\', \'tag-016\', \'tag-013\'))"', 'module': "<module 'qa_factory_bench_module'>"}
2026-08-22 23:52:08.439 /testbed/src/flask/cli.py:124 flask.cli.find_app_by_string event=line locals={}
2026-08-22 23:52:08.439 /testbed/src/flask/cli.py:128 flask.cli.find_app_by_string event=line locals={'Flask': "<class 'flask.app.Flask'>"}
2026-08-22 23:52:08.439 /testbed/src/flask/cli.py:129 flask.cli.find_app_by_string event=line locals={}
2026-08-22 23:52:08.439 /testbed/src/flask/cli.py:135 flask.cli.find_app_by_string event=line locals={'expr': '<ast.Call object at 0x73e937e868c0>'}
2026-08-22 23:52:08.439 /testbed/src/flask/cli.py:139 flask.cli.find_app_by_string event=line locals={}
2026-08-22 23:52:08.439 /testbed/src/flask/cli.py:141 flask.cli.find_app_by_string event=line locals={}
2026-08-22 23:52:08.439 /testbed/src/flask/cli.py:146 flask.cli.find_app_by_string event=line locals={}
2026-08-22 23:52:08.439 /testbed/src/flask/cli.py:149 flask.cli.find_app_by_string event=line locals={'name': "'build_app'"}
2026-08-22 23:52:08.439 /testbed/src/flask/cli.py:150 flask.cli.find_app_by_string event=line locals={}
2026-08-22 23:52:08.439 /testbed/src/flask/cli.py:151 flask.cli.find_app_by_string event=line locals={'args': "[[1229, 74, 891, 1450, 579, 1297, 448, 427, 976, 587, 1515, 1143, 261, 1336], {'mask': 800, 'phase': 6, 'seed': 1454, 'checksum': 6314, 'tier': 18, 'anchor': None, 'pairs': (1229,), 'nested': {'values': [1229, 891, 579, 448, 976], 'turn': 13, 'active': False}}]"}
2026-08-22 23:52:08.439 /testbed/src/flask/cli.py:153 flask.cli.find_app_by_string event=line locals={}
2026-08-22 23:52:08.439 /testbed/src/flask/cli.py:151 flask.cli.find_app_by_string event=line locals={}
2026-08-22 23:52:08.440 /testbed/src/flask/cli.py:167 flask.cli.find_app_by_string event=line locals={'kwargs': "{'scale': 9, 'offset': 735, 'tags': ('tag-102', 'tag-095', 'tag-028', 'tag-084', 'tag-107', 'tag-068', 'tag-113', 'tag-097', 'tag-016', 'tag-013')}"}
2026-08-22 23:52:08.440 /testbed/src/flask/cli.py:168 flask.cli.find_app_by_string event=line locals={}
2026-08-22 23:52:08.440 /testbed/src/flask/cli.py:176 flask.cli.find_app_by_string event=line locals={'attr': '<function build_app at 0x73e937e96840>'}
2026-08-22 23:52:08.440 /testbed/src/flask/cli.py:177 flask.cli.find_app_by_string event=line locals={}
2026-08-22 23:52:08.440 /testbed/src/flask/cli.py:178 flask.cli.find_app_by_string event=line locals={}
2026-08-22 23:52:08.467 /testbed/src/flask/cli.py:191 flask.cli.find_app_by_string event=line locals={'app': "<Flask 'runtime-870159'>"}
2026-08-22 23:52:08.467 /testbed/src/flask/cli.py:192 flask.cli.find_app_by_string event=line locals={}
2026-08-22 23:52:08.467 /testbed/src/flask/cli.py:192 flask.cli.find_app_by_string event=return retval=<Flask 'runtime-870159'> locals={'Flask': "<class 'flask.app.Flask'>", 'app': "<Flask 'runtime-870159'>", 'app_name': '"build_app([1229, 74, 891, 1450, 579, 1297, 448, 427, 976, 587, 1515, 1143, 261, 1336], {\'mask\': 800, \'phase\': 6, \'seed\': 1454, \'checksum\': 6314, \'tier\': 18, \'anchor\': None, \'pairs\': (1229,), \'nested\': {\'values\': [1229, 891, 579, 448, 976], \'turn\': 13, \'active\': False}}, scale=9, offset=735, tags=(\'tag-102\', \'tag-095\', \'tag-028\', \'tag-084\', \'tag-107\', \'tag-068\', \'tag-113\', \'tag-097\', \'tag-016\', \'tag-013\'))"', 'args': "[[1229, 74, 891, 1450, 579, 1297, 448, 427, 976, 587, 1515, 1143, 261, 1336], {'mask': 800, 'phase': 6, 'seed': 1454, 'checksum': 6314, 'tier': 18, 'anchor': None, 'pairs': (1229,), 'nested': {'values': [1229, 891, 579, 448, 976], 'turn': 13, 'active': False}}]", 'attr': '<function build_app at 0x73e937e96840>', 'expr': '<ast.Call object at 0x73e937e868c0>', 'kwargs': "{'scale': 9, 'offset': 735, 'tags': ('tag-102', 'tag-095', 'tag-028', 'tag-084', 'tag-107', 'tag-068', 'tag-113', 'tag-097', 'tag-016', 'tag-013')}", 'module': "<module 'qa_factory_bench_module'>", 'name': "'build_app'"}
2026-08-22 23:52:08.469 /testbed/src/flask/cli.py:120 flask.cli.find_app_by_string event=call locals={'app_name': '"build_app([646, 904, 414, 1155, 1109, 1162, 150, 849, 245, 1431, 462, 143, 1161, 1335], {\'mask\': 608, \'phase\': 12, \'seed\': 2486, \'checksum\': 6979, \'tier\': 2, \'anchor\': None, \'pairs\': (646, 904), \'nested\': {\'values\': [646, 414, 1109, 150, 245], \'turn\': 14, \'active\': True}}, scale=12, offset=522, tags=(\'tag-038\', \'tag-047\', \'tag-070\', \'tag-054\', \'tag-013\', \'tag-071\', \'tag-080\', \'tag-022\', \'tag-058\', \'tag-106\'))"', 'module': "<module 'qa_factory_bench_module'>"}
2026-08-22 23:52:08.469 /testbed/src/flask/cli.py:124 flask.cli.find_app_by_string event=line locals={}
2026-08-22 23:52:08.469 /testbed/src/flask/cli.py:128 flask.cli.find_app_by_string event=line locals={'Flask': "<class 'flask.app.Flask'>"}
2026-08-22 23:52:08.469 /testbed/src/flask/cli.py:129 flask.cli.find_app_by_string event=line locals={}
2026-08-22 23:52:08.469 /testbed/src/flask/cli.py:135 flask.cli.find_app_by_string event=line locals={'expr': '<ast.Call object at 0x73e937e86bc0>'}
2026-08-22 23:52:08.469 /testbed/src/flask/cli.py:139 flask.cli.find_app_by_string event=line locals={}
2026-08-22 23:52:08.469 /testbed/src/flask/cli.py:141 flask.cli.find_app_by_string event=line locals={}
2026-08-22 23:52:08.469 /testbed/src/flask/cli.py:146 flask.cli.find_app_by_string event=line locals={}
2026-08-22 23:52:08.469 /testbed/src/flask/cli.py:149 flask.cli.find_app_by_string event=line locals={'name': "'build_app'"}
2026-08-22 23:52:08.469 /testbed/src/flask/cli.py:150 flask.cli.find_app_by_string event=line locals={}
2026-08-22 23:52:08.469 /testbed/src/flask/cli.py:151 flask.cli.find_app_by_string event=line locals={'args': "[[646, 904, 414, 1155, 1109, 1162, 150, 849, 245, 1431, 462, 143, 1161, 1335], {'mask': 608, 'phase': 12, 'seed': 2486, 'checksum': 6979, 'tier': 2, 'anchor': None, 'pairs': (646, 904), 'nested': {'values': [646, 414, 1109, 150, 245], 'turn': 14, 'active': True}}]"}
2026-08-22 23:52:08.469 /testbed/src/flask/cli.py:153 flask.cli.find_app_by_string event=line locals={}
2026-08-22 23:52:08.469 /testbed/src/flask/cli.py:151 flask.cli.find_app_by_string event=line locals={}
2026-08-22 23:52:08.470 /testbed/src/flask/cli.py:167 flask.cli.find_app_by_string event=line locals={'kwargs': "{'scale': 12, 'offset': 522, 'tags': ('tag-038', 'tag-047', 'tag-070', 'tag-054', 'tag-013', 'tag-071', 'tag-080', 'tag-022', 'tag-058', 'tag-106')}"}
2026-08-22 23:52:08.470 /testbed/src/flask/cli.py:168 flask.cli.find_app_by_string event=line locals={}
2026-08-22 23:52:08.470 /testbed/src/flask/cli.py:176 flask.cli.find_app_by_string event=line locals={'attr': '<function build_app at 0x73e937e96840>'}
2026-08-22 23:52:08.470 /testbed/src/flask/cli.py:177 flask.cli.find_app_by_string event=line locals={}
2026-08-22 23:52:08.470 /testbed/src/flask/cli.py:178 flask.cli.find_app_by_string event=line locals={}
2026-08-22 23:52:08.486 /testbed/src/flask/cli.py:191 flask.cli.find_app_by_string event=line locals={'app': "<Flask 'runtime-054263'>"}
2026-08-22 23:52:08.487 /testbed/src/flask/cli.py:192 flask.cli.find_app_by_string event=line locals={}
2026-08-22 23:52:08.487 /testbed/src/flask/cli.py:192 flask.cli.find_app_by_string event=return retval=<Flask 'runtime-054263'> locals={'Flask': "<class 'flask.app.Flask'>", 'app': "<Flask 'runtime-054263'>", 'app_name': '"build_app([646, 904, 414, 1155, 1109, 1162, 150, 849, 245, 1431, 462, 143, 1161, 1335], {\'mask\': 608, \'phase\': 12, \'seed\': 2486, \'checksum\': 6979, \'tier\': 2, \'anchor\': None, \'pairs\': (646, 904), \'nested\': {\'values\': [646, 414, 1109, 150, 245], \'turn\': 14, \'active\': True}}, scale=12, offset=522, tags=(\'tag-038\', \'tag-047\', \'tag-070\', \'tag-054\', \'tag-013\', \'tag-071\', \'tag-080\', \'tag-022\', \'tag-058\', \'tag-106\'))"', 'args': "[[646, 904, 414, 1155, 1109, 1162, 150, 849, 245, 1431, 462, 143, 1161, 1335], {'mask': 608, 'phase': 12, 'seed': 2486, 'checksum': 6979, 'tier': 2, 'anchor': None, 'pairs': (646, 904), 'nested': {'values': [646, 414, 1109, 150, 245], 'turn': 14, 'active': True}}]", 'attr': '<function build_app at 0x73e937e96840>', 'expr': '<ast.Call object at 0x73e937e86bc0>', 'kwargs': "{'scale': 12, 'offset': 522, 'tags': ('tag-038', 'tag-047', 'tag-070', 'tag-054', 'tag-013', 'tag-071', 'tag-080', 'tag-022', 'tag-058', 'tag-106')}", 'module': "<module 'qa_factory_bench_module'>", 'name': "'build_app'"}
2026-08-22 23:52:08.488 /testbed/src/flask/cli.py:120 flask.cli.find_app_by_string event=call locals={'app_name': '"build_app([1124, 196, 1045, 683, 448, 471, 1438, 788, 1387, 95, 453, 638, 881, 1265], {\'mask\': 398, \'phase\': 21, \'seed\': 6473, \'checksum\': 4136, \'tier\': 17, \'anchor\': 39, \'pairs\': (1124, 196, 1045), \'nested\': {\'values\': [1124, 1045, 448, 1438, 1387], \'turn\': 15, \'active\': False}}, scale=8, offset=779, tags=(\'tag-019\', \'tag-112\', \'tag-077\', \'tag-101\', \'tag-125\', \'tag-026\', \'tag-109\', \'tag-099\', \'tag-068\', \'tag-051\'))"', 'module': "<module 'qa_factory_bench_module'>"}
2026-08-22 23:52:08.488 /testbed/src/flask/cli.py:124 flask.cli.find_app_by_string event=line locals={}
2026-08-22 23:52:08.488 /testbed/src/flask/cli.py:128 flask.cli.find_app_by_string event=line locals={'Flask': "<class 'flask.app.Flask'>"}
2026-08-22 23:52:08.488 /testbed/src/flask/cli.py:129 flask.cli.find_app_by_string event=line locals={}
2026-08-22 23:52:08.488 /testbed/src/flask/cli.py:135 flask.cli.find_app_by_string event=line locals={'expr': '<ast.Call object at 0x73e937e87d90>'}
2026-08-22 23:52:08.488 /testbed/src/flask/cli.py:139 flask.cli.find_app_by_string event=line locals={}
2026-08-22 23:52:08.488 /testbed/src/flask/cli.py:141 flask.cli.find_app_by_string event=line locals={}
2026-08-22 23:52:08.488 /testbed/src/flask/cli.py:146 flask.cli.find_app_by_string event=line locals={}
2026-08-22 23:52:08.488 /testbed/src/flask/cli.py:149 flask.cli.find_app_by_string event=line locals={'name': "'build_app'"}
2026-08-22 23:52:08.488 /testbed/src/flask/cli.py:150 flask.cli.find_app_by_string event=line locals={}
2026-08-22 23:52:08.489 /testbed/src/flask/cli.py:151 flask.cli.find_app_by_string event=line locals={'args': "[[1124, 196, 1045, 683, 448, 471, 1438, 788, 1387, 95, 453, 638, 881, 1265], {'mask': 398, 'phase': 21, 'seed': 6473, 'checksum': 4136, 'tier': 17, 'anchor': 39, 'pairs': (1124, 196, 1045), 'nested': {'values': [1124, 1045, 448, 1438, 1387], 'turn': 15, 'active': False}}]"}
2026-08-22 23:52:08.489 /testbed/src/flask/cli.py:153 flask.cli.find_app_by_string event=line locals={}
2026-08-22 23:52:08.489 /testbed/src/flask/cli.py:151 flask.cli.find_app_by_string event=line locals={}
2026-08-22 23:52:08.489 /testbed/src/flask/cli.py:167 flask.cli.find_app_by_string event=line locals={'kwargs': "{'scale': 8, 'offset': 779, 'tags': ('tag-019', 'tag-112', 'tag-077', 'tag-101', 'tag-125', 'tag-026', 'tag-109', 'tag-099', 'tag-068', 'tag-051')}"}
2026-08-22 23:52:08.489 /testbed/src/flask/cli.py:168 flask.cli.find_app_by_string event=line locals={}
2026-08-22 23:52:08.489 /testbed/src/flask/cli.py:176 flask.cli.find_app_by_string event=line locals={'attr': '<function build_app at 0x73e937e96840>'}
2026-08-22 23:52:08.489 /testbed/src/flask/cli.py:177 flask.cli.find_app_by_string event=line locals={}
2026-08-22 23:52:08.489 /testbed/src/flask/cli.py:178 flask.cli.find_app_by_string event=line locals={}
2026-08-22 23:52:08.507 /testbed/src/flask/cli.py:191 flask.cli.find_app_by_string event=line locals={'app': "<Flask 'runtime-690858'>"}
2026-08-22 23:52:08.507 /testbed/src/flask/cli.py:192 flask.cli.find_app_by_string event=line locals={}
2026-08-22 23:52:08.507 /testbed/src/flask/cli.py:192 flask.cli.find_app_by_string event=return retval=<Flask 'runtime-690858'> locals={'Flask': "<class 'flask.app.Flask'>", 'app': "<Flask 'runtime-690858'>", 'app_name': '"build_app([1124, 196, 1045, 683, 448, 471, 1438, 788, 1387, 95, 453, 638, 881, 1265], {\'mask\': 398, \'phase\': 21, \'seed\': 6473, \'checksum\': 4136, \'tier\': 17, \'anchor\': 39, \'pairs\': (1124, 196, 1045), \'nested\': {\'values\': [1124, 1045, 448, 1438, 1387], \'turn\': 15, \'active\': False}}, scale=8, offset=779, tags=(\'tag-019\', \'tag-112\', \'tag-077\', \'tag-101\', \'tag-125\', \'tag-026\', \'tag-109\', \'tag-099\', \'tag-068\', \'tag-051\'))"', 'args': "[[1124, 196, 1045, 683, 448, 471, 1438, 788, 1387, 95, 453, 638, 881, 1265], {'mask': 398, 'phase': 21, 'seed': 6473, 'checksum': 4136, 'tier': 17, 'anchor': 39, 'pairs': (1124, 196, 1045), 'nested': {'values': [1124, 1045, 448, 1438, 1387], 'turn': 15, 'active': False}}]", 'attr': '<function build_app at 0x73e937e96840>', 'expr': '<ast.Call object at 0x73e937e87d90>', 'kwargs': "{'scale': 8, 'offset': 779, 'tags': ('tag-019', 'tag-112', 'tag-077', 'tag-101', 'tag-125', 'tag-026', 'tag-109', 'tag-099', 'tag-068', 'tag-051')}", 'module': "<module 'qa_factory_bench_module'>", 'name': "'build_app'"}
2026-08-22 23:52:08.508 /testbed/src/flask/cli.py:120 flask.cli.find_app_by_string event=call locals={'app_name': '"build_app([546, 677, 965, 270, 877, 1131, 401, 848, 1090, 1238, 362, 715, 1059, 246], {\'mask\': 221, \'phase\': 21, \'seed\': 6647, \'checksum\': 5125, \'tier\': 16, \'anchor\': None, \'pairs\': (), \'nested\': {\'values\': [546, 965, 877, 401, 1090], \'turn\': 16, \'active\': True}}, scale=11, offset=720, tags=(\'tag-087\', \'tag-096\', \'tag-008\', \'tag-080\', \'tag-057\', \'tag-062\', \'tag-099\', \'tag-043\', \'tag-036\', \'tag-062\'))"', 'module': "<module 'qa_factory_bench_module'>"}
2026-08-22 23:52:08.508 /testbed/src/flask/cli.py:124 flask.cli.find_app_by_string event=line locals={}
2026-08-22 23:52:08.508 /testbed/src/flask/cli.py:128 flask.cli.find_app_by_string event=line locals={'Flask': "<class 'flask.app.Flask'>"}
2026-08-22 23:52:08.508 /testbed/src/flask/cli.py:129 flask.cli.find_app_by_string event=line locals={}
2026-08-22 23:52:08.509 /testbed/src/flask/cli.py:135 flask.cli.find_app_by_string event=line locals={'expr': '<ast.Call object at 0x73e937e86680>'}
2026-08-22 23:52:08.509 /testbed/src/flask/cli.py:139 flask.cli.find_app_by_string event=line locals={}
2026-08-22 23:52:08.509 /testbed/src/flask/cli.py:141 flask.cli.find_app_by_string event=line locals={}
2026-08-22 23:52:08.509 /testbed/src/flask/cli.py:146 flask.cli.find_app_by_string event=line locals={}
2026-08-22 23:52:08.509 /testbed/src/flask/cli.py:149 flask.cli.find_app_by_string event=line locals={'name': "'build_app'"}
2026-08-22 23:52:08.509 /testbed/src/flask/cli.py:150 flask.cli.find_app_by_string event=line locals={}
2026-08-22 23:52:08.509 /testbed/src/flask/cli.py:151 flask.cli.find_app_by_string event=line locals={'args': "[[546, 677, 965, 270, 877, 1131, 401, 848, 1090, 1238, 362, 715, 1059, 246], {'mask': 221, 'phase': 21, 'seed': 6647, 'checksum': 5125, 'tier': 16, 'anchor': None, 'pairs': (), 'nested': {'values': [546, 965, 877, 401, 1090], 'turn': 16, 'active': True}}]"}
2026-08-22 23:52:08.509 /testbed/src/flask/cli.py:153 flask.cli.find_app_by_string event=line locals={}
2026-08-22 23:52:08.509 /testbed/src/flask/cli.py:151 flask.cli.find_app_by_string event=line locals={}
2026-08-22 23:52:08.509 /testbed/src/flask/cli.py:167 flask.cli.find_app_by_string event=line locals={'kwargs': "{'scale': 11, 'offset': 720, 'tags': ('tag-087', 'tag-096', 'tag-008', 'tag-080', 'tag-057', 'tag-062', 'tag-099', 'tag-043', 'tag-036', 'tag-062')}"}
2026-08-22 23:52:08.509 /testbed/src/flask/cli.py:168 flask.cli.find_app_by_string event=line locals={}
2026-08-22 23:52:08.509 /testbed/src/flask/cli.py:176 flask.cli.find_app_by_string event=line locals={'attr': '<function build_app at 0x73e937e96840>'}
2026-08-22 23:52:08.509 /testbed/src/flask/cli.py:177 flask.cli.find_app_by_string event=line locals={}
2026-08-22 23:52:08.510 /testbed/src/flask/cli.py:178 flask.cli.find_app_by_string event=line locals={}
2026-08-22 23:52:08.527 /testbed/src/flask/cli.py:191 flask.cli.find_app_by_string event=line locals={'app': "<Flask 'runtime-884072'>"}
2026-08-22 23:52:08.527 /testbed/src/flask/cli.py:192 flask.cli.find_app_by_string event=line locals={}
2026-08-22 23:52:08.527 /testbed/src/flask/cli.py:192 flask.cli.find_app_by_string event=return retval=<Flask 'runtime-884072'> locals={'Flask': "<class 'flask.app.Flask'>", 'app': "<Flask 'runtime-884072'>", 'app_name': '"build_app([546, 677, 965, 270, 877, 1131, 401, 848, 1090, 1238, 362, 715, 1059, 246], {\'mask\': 221, \'phase\': 21, \'seed\': 6647, \'checksum\': 5125, \'tier\': 16, \'anchor\': None, \'pairs\': (), \'nested\': {\'values\': [546, 965, 877, 401, 1090], \'turn\': 16, \'active\': True}}, scale=11, offset=720, tags=(\'tag-087\', \'tag-096\', \'tag-008\', \'tag-080\', \'tag-057\', \'tag-062\', \'tag-099\', \'tag-043\', \'tag-036\', \'tag-062\'))"', 'args': "[[546, 677, 965, 270, 877, 1131, 401, 848, 1090, 1238, 362, 715, 1059, 246], {'mask': 221, 'phase': 21, 'seed': 6647, 'checksum': 5125, 'tier': 16, 'anchor': None, 'pairs': (), 'nested': {'values': [546, 965, 877, 401, 1090], 'turn': 16, 'active': True}}]", 'attr': '<function build_app at 0x73e937e96840>', 'expr': '<ast.Call object at 0x73e937e86680>', 'kwargs': "{'scale': 11, 'offset': 720, 'tags': ('tag-087', 'tag-096', 'tag-008', 'tag-080', 'tag-057', 'tag-062', 'tag-099', 'tag-043', 'tag-036', 'tag-062')}", 'module': "<module 'qa_factory_bench_module'>", 'name': "'build_app'"}
2026-08-22 23:52:08.529 /testbed/src/flask/cli.py:120 flask.cli.find_app_by_string event=call locals={'app_name': '"build_app([663, 1012, 1403, 888, 427, 894, 756, 1032, 221, 513, 781, 529, 125, 39], {\'mask\': 212, \'phase\': 18, \'seed\': 2440, \'checksum\': 4907, \'tier\': 9, \'anchor\': None, \'pairs\': (663,), \'nested\': {\'values\': [663, 1403, 427, 756, 221], \'turn\': 17, \'active\': False}}, scale=7, offset=878, tags=(\'tag-088\', \'tag-061\', \'tag-076\', \'tag-074\', \'tag-126\', \'tag-090\', \'tag-084\', \'tag-111\', \'tag-067\', \'tag-110\'))"', 'module': "<module 'qa_factory_bench_module'>"}
2026-08-22 23:52:08.529 /testbed/src/flask/cli.py:124 flask.cli.find_app_by_string event=line locals={}
2026-08-22 23:52:08.529 /testbed/src/flask/cli.py:128 flask.cli.find_app_by_string event=line locals={'Flask': "<class 'flask.app.Flask'>"}
2026-08-22 23:52:08.529 /testbed/src/flask/cli.py:129 flask.cli.find_app_by_string event=line locals={}
2026-08-22 23:52:08.529 /testbed/src/flask/cli.py:135 flask.cli.find_app_by_string event=line locals={'expr': '<ast.Call object at 0x73e937e87310>'}
2026-08-22 23:52:08.529 /testbed/src/flask/cli.py:139 flask.cli.find_app_by_string event=line locals={}
2026-08-22 23:52:08.529 /testbed/src/flask/cli.py:141 flask.cli.find_app_by_string event=line locals={}
2026-08-22 23:52:08.529 /testbed/src/flask/cli.py:146 flask.cli.find_app_by_string event=line locals={}
2026-08-22 23:52:08.529 /testbed/src/flask/cli.py:149 flask.cli.find_app_by_string event=line locals={'name': "'build_app'"}
2026-08-22 23:52:08.529 /testbed/src/flask/cli.py:150 flask.cli.find_app_by_string event=line locals={}
2026-08-22 23:52:08.530 /testbed/src/flask/cli.py:151 flask.cli.find_app_by_string event=line locals={'args': "[[663, 1012, 1403, 888, 427, 894, 756, 1032, 221, 513, 781, 529, 125, 39], {'mask': 212, 'phase': 18, 'seed': 2440, 'checksum': 4907, 'tier': 9, 'anchor': None, 'pairs': (663,), 'nested': {'values': [663, 1403, 427, 756, 221], 'turn': 17, 'active': False}}]"}
2026-08-22 23:52:08.530 /testbed/src/flask/cli.py:153 flask.cli.find_app_by_string event=line locals={}
2026-08-22 23:52:08.530 /testbed/src/flask/cli.py:151 flask.cli.find_app_by_string event=line locals={}
2026-08-22 23:52:08.530 /testbed/src/flask/cli.py:167 flask.cli.find_app_by_string event=line locals={'kwargs': "{'scale': 7, 'offset': 878, 'tags': ('tag-088', 'tag-061', 'tag-076', 'tag-074', 'tag-126', 'tag-090', 'tag-084', 'tag-111', 'tag-067', 'tag-110')}"}
2026-08-22 23:52:08.530 /testbed/src/flask/cli.py:168 flask.cli.find_app_by_string event=line locals={}
2026-08-22 23:52:08.530 /testbed/src/flask/cli.py:176 flask.cli.find_app_by_string event=line locals={'attr': '<function build_app at 0x73e937e96840>'}
2026-08-22 23:52:08.530 /testbed/src/flask/cli.py:177 flask.cli.find_app_by_string event=line locals={}
2026-08-22 23:52:08.530 /testbed/src/flask/cli.py:178 flask.cli.find_app_by_string event=line locals={}
2026-08-22 23:52:08.547 /testbed/src/flask/cli.py:191 flask.cli.find_app_by_string event=line locals={'app': "<Flask 'runtime-406584'>"}
2026-08-22 23:52:08.548 /testbed/src/flask/cli.py:192 flask.cli.find_app_by_string event=line locals={}
2026-08-22 23:52:08.548 /testbed/src/flask/cli.py:192 flask.cli.find_app_by_string event=return retval=<Flask 'runtime-406584'> locals={'Flask': "<class 'flask.app.Flask'>", 'app': "<Flask 'runtime-406584'>", 'app_name': '"build_app([663, 1012, 1403, 888, 427, 894, 756, 1032, 221, 513, 781, 529, 125, 39], {\'mask\': 212, \'phase\': 18, \'seed\': 2440, \'checksum\': 4907, \'tier\': 9, \'anchor\': None, \'pairs\': (663,), \'nested\': {\'values\': [663, 1403, 427, 756, 221], \'turn\': 17, \'active\': False}}, scale=7, offset=878, tags=(\'tag-088\', \'tag-061\', \'tag-076\', \'tag-074\', \'tag-126\', \'tag-090\', \'tag-084\', \'tag-111\', \'tag-067\', \'tag-110\'))"', 'args': "[[663, 1012, 1403, 888, 427, 894, 756, 1032, 221, 513, 781, 529, 125, 39], {'mask': 212, 'phase': 18, 'seed': 2440, 'checksum': 4907, 'tier': 9, 'anchor': None, 'pairs': (663,), 'nested': {'values': [663, 1403, 427, 756, 221], 'turn': 17, 'active': False}}]", 'attr': '<function build_app at 0x73e937e96840>', 'expr': '<ast.Call object at 0x73e937e87310>', 'kwargs': "{'scale': 7, 'offset': 878, 'tags': ('tag-088', 'tag-061', 'tag-076', 'tag-074', 'tag-126', 'tag-090', 'tag-084', 'tag-111', 'tag-067', 'tag-110')}", 'module': "<module 'qa_factory_bench_module'>", 'name': "'build_app'"}
2026-08-22 23:52:08.549 /testbed/src/flask/cli.py:120 flask.cli.find_app_by_string event=call locals={'app_name': '"build_app([1076, 1222, 997, 851, 1031, 114, 637, 145, 633, 1106, 30, 912, 454, 507], {\'mask\': 865, \'phase\': 24, \'seed\': 1855, \'checksum\': 4857, \'tier\': 1, \'anchor\': None, \'pairs\': (1076, 1222), \'nested\': {\'values\': [1076, 997, 1031, 637, 633], \'turn\': 18, \'active\': True}}, scale=7, offset=990, tags=(\'tag-004\', \'tag-028\', \'tag-062\', \'tag-048\', \'tag-106\', \'tag-083\', \'tag-103\', \'tag-124\', \'tag-109\', \'tag-079\'))"', 'module': "<module 'qa_factory_bench_module'>"}
2026-08-22 23:52:08.549 /testbed/src/flask/cli.py:124 flask.cli.find_app_by_string event=line locals={}
2026-08-22 23:52:08.549 /testbed/src/flask/cli.py:128 flask.cli.find_app_by_string event=line locals={'Flask': "<class 'flask.app.Flask'>"}
2026-08-22 23:52:08.549 /testbed/src/flask/cli.py:129 flask.cli.find_app_by_string event=line locals={}
2026-08-22 23:52:08.549 /testbed/src/flask/cli.py:135 flask.cli.find_app_by_string event=line locals={'expr': '<ast.Call object at 0x73e937e87820>'}
2026-08-22 23:52:08.549 /testbed/src/flask/cli.py:139 flask.cli.find_app_by_string event=line locals={}
2026-08-22 23:52:08.549 /testbed/src/flask/cli.py:141 flask.cli.find_app_by_string event=line locals={}
2026-08-22 23:52:08.549 /testbed/src/flask/cli.py:146 flask.cli.find_app_by_string event=line locals={}
2026-08-22 23:52:08.550 /testbed/src/flask/cli.py:149 flask.cli.find_app_by_string event=line locals={'name': "'build_app'"}
2026-08-22 23:52:08.550 /testbed/src/flask/cli.py:150 flask.cli.find_app_by_string event=line locals={}
2026-08-22 23:52:08.550 /testbed/src/flask/cli.py:151 flask.cli.find_app_by_string event=line locals={'args': "[[1076, 1222, 997, 851, 1031, 114, 637, 145, 633, 1106, 30, 912, 454, 507], {'mask': 865, 'phase': 24, 'seed': 1855, 'checksum': 4857, 'tier': 1, 'anchor': None, 'pairs': (1076, 1222), 'nested': {'values': [1076, 997, 1031, 637, 633], 'turn': 18, 'active': True}}]"}
2026-08-22 23:52:08.550 /testbed/src/flask/cli.py:153 flask.cli.find_app_by_string event=line locals={}
2026-08-22 23:52:08.550 /testbed/src/flask/cli.py:151 flask.cli.find_app_by_string event=line locals={}
2026-08-22 23:52:08.550 /testbed/src/flask/cli.py:167 flask.cli.find_app_by_string event=line locals={'kwargs': "{'scale': 7, 'offset': 990, 'tags': ('tag-004', 'tag-028', 'tag-062', 'tag-048', 'tag-106', 'tag-083', 'tag-103', 'tag-124', 'tag-109', 'tag-079')}"}
2026-08-22 23:52:08.550 /testbed/src/flask/cli.py:168 flask.cli.find_app_by_string event=line locals={}
2026-08-22 23:52:08.550 /testbed/src/flask/cli.py:176 flask.cli.find_app_by_string event=line locals={'attr': '<function build_app at 0x73e937e96840>'}
2026-08-22 23:52:08.550 /testbed/src/flask/cli.py:177 flask.cli.find_app_by_string event=line locals={}
2026-08-22 23:52:08.550 /testbed/src/flask/cli.py:178 flask.cli.find_app_by_string event=line locals={}
2026-08-22 23:52:08.567 /testbed/src/flask/cli.py:191 flask.cli.find_app_by_string event=line locals={'app': "<Flask 'runtime-456599'>"}
2026-08-22 23:52:08.567 /testbed/src/flask/cli.py:192 flask.cli.find_app_by_string event=line locals={}
2026-08-22 23:52:08.567 /testbed/src/flask/cli.py:192 flask.cli.find_app_by_string event=return retval=<Flask 'runtime-456599'> locals={'Flask': "<class 'flask.app.Flask'>", 'app': "<Flask 'runtime-456599'>", 'app_name': '"build_app([1076, 1222, 997, 851, 1031, 114, 637, 145, 633, 1106, 30, 912, 454, 507], {\'mask\': 865, \'phase\': 24, \'seed\': 1855, \'checksum\': 4857, \'tier\': 1, \'anchor\': None, \'pairs\': (1076, 1222), \'nested\': {\'values\': [1076, 997, 1031, 637, 633], \'turn\': 18, \'active\': True}}, scale=7, offset=990, tags=(\'tag-004\', \'tag-028\', \'tag-062\', \'tag-048\', \'tag-106\', \'tag-083\', \'tag-103\', \'tag-124\', \'tag-109\', \'tag-079\'))"', 'args': "[[1076, 1222, 997, 851, 1031, 114, 637, 145, 633, 1106, 30, 912, 454, 507], {'mask': 865, 'phase': 24, 'seed': 1855, 'checksum': 4857, 'tier': 1, 'anchor': None, 'pairs': (1076, 1222), 'nested': {'values': [1076, 997, 1031, 637, 633], 'turn': 18, 'active': True}}]", 'attr': '<function build_app at 0x73e937e96840>', 'expr': '<ast.Call object at 0x73e937e87820>', 'kwargs': "{'scale': 7, 'offset': 990, 'tags': ('tag-004', 'tag-028', 'tag-062', 'tag-048', 'tag-106', 'tag-083', 'tag-103', 'tag-124', 'tag-109', 'tag-079')}", 'module': "<module 'qa_factory_bench_module'>", 'name': "'build_app'"}
2026-08-22 23:52:08.569 /testbed/src/flask/cli.py:120 flask.cli.find_app_by_string event=call locals={'app_name': '"build_app([1006, 705, 459, 536, 113, 681, 660, 878, 620, 1262, 1291, 854, 778, 604], {\'mask\': 170, \'phase\': 3, \'seed\': 7337, \'checksum\': 5520, \'tier\': 9, \'anchor\': None, \'pairs\': (1006, 705, 459), \'nested\': {\'values\': [1006, 459, 113, 660, 620], \'turn\': 19, \'active\': False}}, scale=16, offset=126, tags=(\'tag-072\', \'tag-030\', \'tag-043\', \'tag-125\', \'tag-088\', \'tag-026\', \'tag-010\', \'tag-106\', \'tag-107\', \'tag-119\'))"', 'module': "<module 'qa_factory_bench_module'>"}
2026-08-22 23:52:08.569 /testbed/src/flask/cli.py:124 flask.cli.find_app_by_string event=line locals={}
2026-08-22 23:52:08.569 /testbed/src/flask/cli.py:128 flask.cli.find_app_by_string event=line locals={'Flask': "<class 'flask.app.Flask'>"}
2026-08-22 23:52:08.569 /testbed/src/flask/cli.py:129 flask.cli.find_app_by_string event=line locals={}
2026-08-22 23:52:08.569 /testbed/src/flask/cli.py:135 flask.cli.find_app_by_string event=line locals={'expr': '<ast.Call object at 0x73e937e86d10>'}
2026-08-22 23:52:08.569 /testbed/src/flask/cli.py:139 flask.cli.find_app_by_string event=line locals={}
2026-08-22 23:52:08.569 /testbed/src/flask/cli.py:141 flask.cli.find_app_by_string event=line locals={}
2026-08-22 23:52:08.569 /testbed/src/flask/cli.py:146 flask.cli.find_app_by_string event=line locals={}
2026-08-22 23:52:08.569 /testbed/src/flask/cli.py:149 flask.cli.find_app_by_string event=line locals={'name': "'build_app'"}
2026-08-22 23:52:08.569 /testbed/src/flask/cli.py:150 flask.cli.find_app_by_string event=line locals={}
2026-08-22 23:52:08.570 /testbed/src/flask/cli.py:151 flask.cli.find_app_by_string event=line locals={'args': "[[1006, 705, 459, 536, 113, 681, 660, 878, 620, 1262, 1291, 854, 778, 604], {'mask': 170, 'phase': 3, 'seed': 7337, 'checksum': 5520, 'tier': 9, 'anchor': None, 'pairs': (1006, 705, 459), 'nested': {'values': [1006, 459, 113, 660, 620], 'turn': 19, 'active': False}}]"}
2026-08-22 23:52:08.570 /testbed/src/flask/cli.py:153 flask.cli.find_app_by_string event=line locals={}
2026-08-22 23:52:08.570 /testbed/src/flask/cli.py:151 flask.cli.find_app_by_string event=line locals={}
2026-08-22 23:52:08.570 /testbed/src/flask/cli.py:167 flask.cli.find_app_by_string event=line locals={'kwargs': "{'scale': 16, 'offset': 126, 'tags': ('tag-072', 'tag-030', 'tag-043', 'tag-125', 'tag-088', 'tag-026', 'tag-010', 'tag-106', 'tag-107', 'tag-119')}"}
2026-08-22 23:52:08.570 /testbed/src/flask/cli.py:168 flask.cli.find_app_by_string event=line locals={}
2026-08-22 23:52:08.570 /testbed/src/flask/cli.py:176 flask.cli.find_app_by_string event=line locals={'attr': '<function build_app at 0x73e937e96840>'}
2026-08-22 23:52:08.570 /testbed/src/flask/cli.py:177 flask.cli.find_app_by_string event=line locals={}
2026-08-22 23:52:08.570 /testbed/src/flask/cli.py:178 flask.cli.find_app_by_string event=line locals={}
2026-08-22 23:52:08.588 /testbed/src/flask/cli.py:191 flask.cli.find_app_by_string event=line locals={'app': "<Flask 'runtime-356866'>"}
2026-08-22 23:52:08.588 /testbed/src/flask/cli.py:192 flask.cli.find_app_by_string event=line locals={}
2026-08-22 23:52:08.588 /testbed/src/flask/cli.py:192 flask.cli.find_app_by_string event=return retval=<Flask 'runtime-356866'> locals={'Flask': "<class 'flask.app.Flask'>", 'app': "<Flask 'runtime-356866'>", 'app_name': '"build_app([1006, 705, 459, 536, 113, 681, 660, 878, 620, 1262, 1291, 854, 778, 604], {\'mask\': 170, \'phase\': 3, \'seed\': 7337, \'checksum\': 5520, \'tier\': 9, \'anchor\': None, \'pairs\': (1006, 705, 459), \'nested\': {\'values\': [1006, 459, 113, 660, 620], \'turn\': 19, \'active\': False}}, scale=16, offset=126, tags=(\'tag-072\', \'tag-030\', \'tag-043\', \'tag-125\', \'tag-088\', \'tag-026\', \'tag-010\', \'tag-106\', \'tag-107\', \'tag-119\'))"', 'args': "[[1006, 705, 459, 536, 113, 681, 660, 878, 620, 1262, 1291, 854, 778, 604], {'mask': 170, 'phase': 3, 'seed': 7337, 'checksum': 5520, 'tier': 9, 'anchor': None, 'pairs': (1006, 705, 459), 'nested': {'values': [1006, 459, 113, 660, 620], 'turn': 19, 'active': False}}]", 'attr': '<function build_app at 0x73e937e96840>', 'expr': '<ast.Call object at 0x73e937e86d10>', 'kwargs': "{'scale': 16, 'offset': 126, 'tags': ('tag-072', 'tag-030', 'tag-043', 'tag-125', 'tag-088', 'tag-026', 'tag-010', 'tag-106', 'tag-107', 'tag-119')}", 'module': "<module 'qa_factory_bench_module'>", 'name': "'build_app'"}
2026-08-22 23:52:08.589 /testbed/src/flask/cli.py:120 flask.cli.find_app_by_string event=call locals={'app_name': '"build_app([497, 1532, 740, 974, 116, 301, 1045, 1162, 922, 14, 1010, 1118, 892, 1117], {\'mask\': 360, \'phase\': 31, \'seed\': 6882, \'checksum\': 6218, \'tier\': 15, \'anchor\': 95, \'pairs\': (), \'nested\': {\'values\': [497, 740, 116, 1045, 922], \'turn\': 20, \'active\': True}}, scale=7, offset=460, tags=(\'tag-082\', \'tag-106\', \'tag-081\', \'tag-066\', \'tag-102\', \'tag-038\', \'tag-025\', \'tag-020\', \'tag-039\', \'tag-025\'))"', 'module': "<module 'qa_factory_bench_module'>"}
2026-08-22 23:52:08.589 /testbed/src/flask/cli.py:124 flask.cli.find_app_by_string event=line locals={}
2026-08-22 23:52:08.589 /testbed/src/flask/cli.py:128 flask.cli.find_app_by_string event=line locals={'Flask': "<class 'flask.app.Flask'>"}
2026-08-22 23:52:08.589 /testbed/src/flask/cli.py:129 flask.cli.find_app_by_string event=line locals={}
2026-08-22 23:52:08.590 /testbed/src/flask/cli.py:135 flask.cli.find_app_by_string event=line locals={'expr': '<ast.Call object at 0x73e937e86c50>'}
2026-08-22 23:52:08.590 /testbed/src/flask/cli.py:139 flask.cli.find_app_by_string event=line locals={}
2026-08-22 23:52:08.590 /testbed/src/flask/cli.py:141 flask.cli.find_app_by_string event=line locals={}
2026-08-22 23:52:08.590 /testbed/src/flask/cli.py:146 flask.cli.find_app_by_string event=line locals={}
2026-08-22 23:52:08.590 /testbed/src/flask/cli.py:149 flask.cli.find_app_by_string event=line locals={'name': "'build_app'"}
2026-08-22 23:52:08.590 /testbed/src/flask/cli.py:150 flask.cli.find_app_by_string event=line locals={}
2026-08-22 23:52:08.590 /testbed/src/flask/cli.py:151 flask.cli.find_app_by_string event=line locals={'args': "[[497, 1532, 740, 974, 116, 301, 1045, 1162, 922, 14, 1010, 1118, 892, 1117], {'mask': 360, 'phase': 31, 'seed': 6882, 'checksum': 6218, 'tier': 15, 'anchor': 95, 'pairs': (), 'nested': {'values': [497, 740, 116, 1045, 922], 'turn': 20, 'active': True}}]"}
2026-08-22 23:52:08.590 /testbed/src/flask/cli.py:153 flask.cli.find_app_by_string event=line locals={}
2026-08-22 23:52:08.590 /testbed/src/flask/cli.py:151 flask.cli.find_app_by_string event=line locals={}
2026-08-22 23:52:08.590 /testbed/src/flask/cli.py:167 flask.cli.find_app_by_string event=line locals={'kwargs': "{'scale': 7, 'offset': 460, 'tags': ('tag-082', 'tag-106', 'tag-081', 'tag-066', 'tag-102', 'tag-038', 'tag-025', 'tag-020', 'tag-039', 'tag-025')}"}
2026-08-22 23:52:08.590 /testbed/src/flask/cli.py:168 flask.cli.find_app_by_string event=line locals={}
2026-08-22 23:52:08.590 /testbed/src/flask/cli.py:176 flask.cli.find_app_by_string event=line locals={'attr': '<function build_app at 0x73e937e96840>'}
2026-08-22 23:52:08.590 /testbed/src/flask/cli.py:177 flask.cli.find_app_by_string event=line locals={}
2026-08-22 23:52:08.591 /testbed/src/flask/cli.py:178 flask.cli.find_app_by_string event=line locals={}
2026-08-22 23:52:08.608 /testbed/src/flask/cli.py:191 flask.cli.find_app_by_string event=line locals={'app': "<Flask 'runtime-639765'>"}
2026-08-22 23:52:08.608 /testbed/src/flask/cli.py:192 flask.cli.find_app_by_string event=line locals={}
2026-08-22 23:52:08.608 /testbed/src/flask/cli.py:192 flask.cli.find_app_by_string event=return retval=<Flask 'runtime-639765'> locals={'Flask': "<class 'flask.app.Flask'>", 'app': "<Flask 'runtime-639765'>", 'app_name': '"build_app([497, 1532, 740, 974, 116, 301, 1045, 1162, 922, 14, 1010, 1118, 892, 1117], {\'mask\': 360, \'phase\': 31, \'seed\': 6882, \'checksum\': 6218, \'tier\': 15, \'anchor\': 95, \'pairs\': (), \'nested\': {\'values\': [497, 740, 116, 1045, 922], \'turn\': 20, \'active\': True}}, scale=7, offset=460, tags=(\'tag-082\', \'tag-106\', \'tag-081\', \'tag-066\', \'tag-102\', \'tag-038\', \'tag-025\', \'tag-020\', \'tag-039\', \'tag-025\'))"', 'args': "[[497, 1532, 740, 974, 116, 301, 1045, 1162, 922, 14, 1010, 1118, 892, 1117], {'mask': 360, 'phase': 31, 'seed': 6882, 'checksum': 6218, 'tier': 15, 'anchor': 95, 'pairs': (), 'nested': {'values': [497, 740, 116, 1045, 922], 'turn': 20, 'active': True}}]", 'attr': '<function build_app at 0x73e937e96840>', 'expr': '<ast.Call object at 0x73e937e86c50>', 'kwargs': "{'scale': 7, 'offset': 460, 'tags': ('tag-082', 'tag-106', 'tag-081', 'tag-066', 'tag-102', 'tag-038', 'tag-025', 'tag-020', 'tag-039', 'tag-025')}", 'module': "<module 'qa_factory_bench_module'>", 'name': "'build_app'"}
2026-08-22 23:52:08.609 /testbed/src/flask/cli.py:120 flask.cli.find_app_by_string event=call locals={'app_name': '"build_app([1450, 153, 595, 1319, 187, 960, 1236, 874, 455, 956, 954, 244, 461, 381], {\'mask\': 375, \'phase\': 12, \'seed\': 5026, \'checksum\': 4887, \'tier\': 9, \'anchor\': None, \'pairs\': (1450,), \'nested\': {\'values\': [1450, 595, 187, 1236, 455], \'turn\': 21, \'active\': False}}, scale=13, offset=723, tags=(\'tag-030\', \'tag-008\', \'tag-074\', \'tag-041\', \'tag-057\', \'tag-073\', \'tag-100\', \'tag-124\', \'tag-091\', \'tag-089\'))"', 'module': "<module 'qa_factory_bench_module'>"}
2026-08-22 23:52:08.609 /testbed/src/flask/cli.py:124 flask.cli.find_app_by_string event=line locals={}
2026-08-22 23:52:08.609 /testbed/src/flask/cli.py:128 flask.cli.find_app_by_string event=line locals={'Flask': "<class 'flask.app.Flask'>"}
2026-08-22 23:52:08.609 /testbed/src/flask/cli.py:129 flask.cli.find_app_by_string event=line locals={}
2026-08-22 23:52:08.610 /testbed/src/flask/cli.py:135 flask.cli.find_app_by_string event=line locals={'expr': '<ast.Call object at 0x73e937e87280>'}
2026-08-22 23:52:08.610 /testbed/src/flask/cli.py:139 flask.cli.find_app_by_string event=line locals={}
2026-08-22 23:52:08.610 /testbed/src/flask/cli.py:141 flask.cli.find_app_by_string event=line locals={}
2026-08-22 23:52:08.610 /testbed/src/flask/cli.py:146 flask.cli.find_app_by_string event=line locals={}
2026-08-22 23:52:08.610 /testbed/src/flask/cli.py:149 flask.cli.find_app_by_string event=line locals={'name': "'build_app'"}
2026-08-22 23:52:08.610 /testbed/src/flask/cli.py:150 flask.cli.find_app_by_string event=line locals={}
2026-08-22 23:52:08.610 /testbed/src/flask/cli.py:151 flask.cli.find_app_by_string event=line locals={'args': "[[1450, 153, 595, 1319, 187, 960, 1236, 874, 455, 956, 954, 244, 461, 381], {'mask': 375, 'phase': 12, 'seed': 5026, 'checksum': 4887, 'tier': 9, 'anchor': None, 'pairs': (1450,), 'nested': {'values': [1450, 595, 187, 1236, 455], 'turn': 21, 'active': False}}]"}
2026-08-22 23:52:08.610 /testbed/src/flask/cli.py:153 flask.cli.find_app_by_string event=line locals={}
2026-08-22 23:52:08.610 /testbed/src/flask/cli.py:151 flask.cli.find_app_by_string event=line locals={}
2026-08-22 23:52:08.610 /testbed/src/flask/cli.py:167 flask.cli.find_app_by_string event=line locals={'kwargs': "{'scale': 13, 'offset': 723, 'tags': ('tag-030', 'tag-008', 'tag-074', 'tag-041', 'tag-057', 'tag-073', 'tag-100', 'tag-124', 'tag-091', 'tag-089')}"}
2026-08-22 23:52:08.610 /testbed/src/flask/cli.py:168 flask.cli.find_app_by_string event=line locals={}
2026-08-22 23:52:08.610 /testbed/src/flask/cli.py:176 flask.cli.find_app_by_string event=line locals={'attr': '<function build_app at 0x73e937e96840>'}
2026-08-22 23:52:08.610 /testbed/src/flask/cli.py:177 flask.cli.find_app_by_string event=line locals={}
2026-08-22 23:52:08.610 /testbed/src/flask/cli.py:178 flask.cli.find_app_by_string event=line locals={}
2026-08-22 23:52:08.628 /testbed/src/flask/cli.py:191 flask.cli.find_app_by_string event=line locals={'app': "<Flask 'runtime-923040'>"}
2026-08-22 23:52:08.628 /testbed/src/flask/cli.py:192 flask.cli.find_app_by_string event=line locals={}
2026-08-22 23:52:08.628 /testbed/src/flask/cli.py:192 flask.cli.find_app_by_string event=return retval=<Flask 'runtime-923040'> locals={'Flask': "<class 'flask.app.Flask'>", 'app': "<Flask 'runtime-923040'>", 'app_name': '"build_app([1450, 153, 595, 1319, 187, 960, 1236, 874, 455, 956, 954, 244, 461, 381], {\'mask\': 375, \'phase\': 12, \'seed\': 5026, \'checksum\': 4887, \'tier\': 9, \'anchor\': None, \'pairs\': (1450,), \'nested\': {\'values\': [1450, 595, 187, 1236, 455], \'turn\': 21, \'active\': False}}, scale=13, offset=723, tags=(\'tag-030\', \'tag-008\', \'tag-074\', \'tag-041\', \'tag-057\', \'tag-073\', \'tag-100\', \'tag-124\', \'tag-091\', \'tag-089\'))"', 'args': "[[1450, 153, 595, 1319, 187, 960, 1236, 874, 455, 956, 954, 244, 461, 381], {'mask': 375, 'phase': 12, 'seed': 5026, 'checksum': 4887, 'tier': 9, 'anchor': None, 'pairs': (1450,), 'nested': {'values': [1450, 595, 187, 1236, 455], 'turn': 21, 'active': False}}]", 'attr': '<function build_app at 0x73e937e96840>', 'expr': '<ast.Call object at 0x73e937e87280>', 'kwargs': "{'scale': 13, 'offset': 723, 'tags': ('tag-030', 'tag-008', 'tag-074', 'tag-041', 'tag-057', 'tag-073', 'tag-100', 'tag-124', 'tag-091', 'tag-089')}", 'module': "<module 'qa_factory_bench_module'>", 'name': "'build_app'"}
2026-08-22 23:52:08.630 /testbed/src/flask/cli.py:120 flask.cli.find_app_by_string event=call locals={'app_name': '"build_app([7, 90, 1492, 961, 1408, 654, 479, 617, 643, 303, 540, 1080, 683, 486], {\'mask\': 477, \'phase\': 33, \'seed\': 995, \'checksum\': 4191, \'tier\': 8, \'anchor\': None, \'pairs\': (7, 90), \'nested\': {\'values\': [7, 1492, 1408, 479, 643], \'turn\': 22, \'active\': True}}, scale=13, offset=47, tags=(\'tag-122\', \'tag-083\', \'tag-093\', \'tag-075\', \'tag-019\', \'tag-032\', \'tag-116\', \'tag-005\', \'tag-036\', \'tag-082\'))"', 'module': "<module 'qa_factory_bench_module'>"}
2026-08-22 23:52:08.630 /testbed/src/flask/cli.py:124 flask.cli.find_app_by_string event=line locals={}
2026-08-22 23:52:08.630 /testbed/src/flask/cli.py:128 flask.cli.find_app_by_string event=line locals={'Flask': "<class 'flask.app.Flask'>"}
2026-08-22 23:52:08.630 /testbed/src/flask/cli.py:129 flask.cli.find_app_by_string event=line locals={}
2026-08-22 23:52:08.630 /testbed/src/flask/cli.py:135 flask.cli.find_app_by_string event=line locals={'expr': '<ast.Call object at 0x73e937e87790>'}
2026-08-22 23:52:08.630 /testbed/src/flask/cli.py:139 flask.cli.find_app_by_string event=line locals={}
2026-08-22 23:52:08.630 /testbed/src/flask/cli.py:141 flask.cli.find_app_by_string event=line locals={}
2026-08-22 23:52:08.630 /testbed/src/flask/cli.py:146 flask.cli.find_app_by_string event=line locals={}
2026-08-22 23:52:08.630 /testbed/src/flask/cli.py:149 flask.cli.find_app_by_string event=line locals={'name': "'build_app'"}
2026-08-22 23:52:08.630 /testbed/src/flask/cli.py:150 flask.cli.find_app_by_string event=line locals={}
2026-08-22 23:52:08.631 /testbed/src/flask/cli.py:151 flask.cli.find_app_by_string event=line locals={'args': "[[7, 90, 1492, 961, 1408, 654, 479, 617, 643, 303, 540, 1080, 683, 486], {'mask': 477, 'phase': 33, 'seed': 995, 'checksum': 4191, 'tier': 8, 'anchor': None, 'pairs': (7, 90), 'nested': {'values': [7, 1492, 1408, 479, 643], 'turn': 22, 'active': True}}]"}
2026-08-22 23:52:08.631 /testbed/src/flask/cli.py:153 flask.cli.find_app_by_string event=line locals={}
2026-08-22 23:52:08.631 /testbed/src/flask/cli.py:151 flask.cli.find_app_by_string event=line locals={}
2026-08-22 23:52:08.631 /testbed/src/flask/cli.py:167 flask.cli.find_app_by_string event=line locals={'kwargs': "{'scale': 13, 'offset': 47, 'tags': ('tag-122', 'tag-083', 'tag-093', 'tag-075', 'tag-019', 'tag-032', 'tag-116', 'tag-005', 'tag-036', 'tag-082')}"}
2026-08-22 23:52:08.631 /testbed/src/flask/cli.py:168 flask.cli.find_app_by_string event=line locals={}
2026-08-22 23:52:08.631 /testbed/src/flask/cli.py:176 flask.cli.find_app_by_string event=line locals={'attr': '<function build_app at 0x73e937e96840>'}
2026-08-22 23:52:08.631 /testbed/src/flask/cli.py:177 flask.cli.find_app_by_string event=line locals={}
2026-08-22 23:52:08.631 /testbed/src/flask/cli.py:178 flask.cli.find_app_by_string event=line locals={}
2026-08-22 23:52:08.647 /testbed/src/flask/cli.py:191 flask.cli.find_app_by_string event=line locals={'app': "<Flask 'runtime-944168'>"}
2026-08-22 23:52:08.648 /testbed/src/flask/cli.py:192 flask.cli.find_app_by_string event=line locals={}
2026-08-22 23:52:08.648 /testbed/src/flask/cli.py:192 flask.cli.find_app_by_string event=return retval=<Flask 'runtime-944168'> locals={'Flask': "<class 'flask.app.Flask'>", 'app': "<Flask 'runtime-944168'>", 'app_name': '"build_app([7, 90, 1492, 961, 1408, 654, 479, 617, 643, 303, 540, 1080, 683, 486], {\'mask\': 477, \'phase\': 33, \'seed\': 995, \'checksum\': 4191, \'tier\': 8, \'anchor\': None, \'pairs\': (7, 90), \'nested\': {\'values\': [7, 1492, 1408, 479, 643], \'turn\': 22, \'active\': True}}, scale=13, offset=47, tags=(\'tag-122\', \'tag-083\', \'tag-093\', \'tag-075\', \'tag-019\', \'tag-032\', \'tag-116\', \'tag-005\', \'tag-036\', \'tag-082\'))"', 'args': "[[7, 90, 1492, 961, 1408, 654, 479, 617, 643, 303, 540, 1080, 683, 486], {'mask': 477, 'phase': 33, 'seed': 995, 'checksum': 4191, 'tier': 8, 'anchor': None, 'pairs': (7, 90), 'nested': {'values': [7, 1492, 1408, 479, 643], 'turn': 22, 'active': True}}]", 'attr': '<function build_app at 0x73e937e96840>', 'expr': '<ast.Call object at 0x73e937e87790>', 'kwargs': "{'scale': 13, 'offset': 47, 'tags': ('tag-122', 'tag-083', 'tag-093', 'tag-075', 'tag-019', 'tag-032', 'tag-116', 'tag-005', 'tag-036', 'tag-082')}", 'module': "<module 'qa_factory_bench_module'>", 'name': "'build_app'"}
2026-08-22 23:52:08.649 /testbed/src/flask/cli.py:120 flask.cli.find_app_by_string event=call locals={'app_name': '"build_app([1002, 1153, 469, 1473, 1295, 0, 407, 476, 134, 1382, 1166, 748, 1523, 917], {\'mask\': 765, \'phase\': 5, \'seed\': 8676, \'checksum\': 6149, \'tier\': 6, \'anchor\': None, \'pairs\': (1002, 1153, 469), \'nested\': {\'values\': [1002, 469, 1295, 407, 134], \'turn\': 23, \'active\': False}}, scale=11, offset=614, tags=(\'tag-112\', \'tag-014\', \'tag-097\', \'tag-090\', \'tag-044\', \'tag-024\', \'tag-055\', \'tag-002\', \'tag-046\', \'tag-029\'))"', 'module': "<module 'qa_factory_bench_module'>"}
2026-08-22 23:52:08.649 /testbed/src/flask/cli.py:124 flask.cli.find_app_by_string event=line locals={}
2026-08-22 23:52:08.649 /testbed/src/flask/cli.py:128 flask.cli.find_app_by_string event=line locals={'Flask': "<class 'flask.app.Flask'>"}
2026-08-22 23:52:08.649 /testbed/src/flask/cli.py:129 flask.cli.find_app_by_string event=line locals={}
2026-08-22 23:52:08.649 /testbed/src/flask/cli.py:135 flask.cli.find_app_by_string event=line locals={'expr': '<ast.Call object at 0x73e937e87850>'}
2026-08-22 23:52:08.649 /testbed/src/flask/cli.py:139 flask.cli.find_app_by_string event=line locals={}
2026-08-22 23:52:08.649 /testbed/src/flask/cli.py:141 flask.cli.find_app_by_string event=line locals={}
2026-08-22 23:52:08.649 /testbed/src/flask/cli.py:146 flask.cli.find_app_by_string event=line locals={}
2026-08-22 23:52:08.649 /testbed/src/flask/cli.py:149 flask.cli.find_app_by_string event=line locals={'name': "'build_app'"}
2026-08-22 23:52:08.649 /testbed/src/flask/cli.py:150 flask.cli.find_app_by_string event=line locals={}
2026-08-22 23:52:08.650 /testbed/src/flask/cli.py:151 flask.cli.find_app_by_string event=line locals={'args': "[[1002, 1153, 469, 1473, 1295, 0, 407, 476, 134, 1382, 1166, 748, 1523, 917], {'mask': 765, 'phase': 5, 'seed': 8676, 'checksum': 6149, 'tier': 6, 'anchor': None, 'pairs': (1002, 1153, 469), 'nested': {'values': [1002, 469, 1295, 407, 134], 'turn': 23, 'active': False}}]"}
2026-08-22 23:52:08.650 /testbed/src/flask/cli.py:153 flask.cli.find_app_by_string event=line locals={}
2026-08-22 23:52:08.650 /testbed/src/flask/cli.py:151 flask.cli.find_app_by_string event=line locals={}
2026-08-22 23:52:08.650 /testbed/src/flask/cli.py:167 flask.cli.find_app_by_string event=line locals={'kwargs': "{'scale': 11, 'offset': 614, 'tags': ('tag-112', 'tag-014', 'tag-097', 'tag-090', 'tag-044', 'tag-024', 'tag-055', 'tag-002', 'tag-046', 'tag-029')}"}
2026-08-22 23:52:08.650 /testbed/src/flask/cli.py:168 flask.cli.find_app_by_string event=line locals={}
2026-08-22 23:52:08.650 /testbed/src/flask/cli.py:176 flask.cli.find_app_by_string event=line locals={'attr': '<function build_app at 0x73e937e96840>'}
2026-08-22 23:52:08.650 /testbed/src/flask/cli.py:177 flask.cli.find_app_by_string event=line locals={}
2026-08-22 23:52:08.650 /testbed/src/flask/cli.py:178 flask.cli.find_app_by_string event=line locals={}
2026-08-22 23:52:08.666 /testbed/src/flask/cli.py:191 flask.cli.find_app_by_string event=line locals={'app': "<Flask 'runtime-049454'>"}
2026-08-22 23:52:08.666 /testbed/src/flask/cli.py:192 flask.cli.find_app_by_string event=line locals={}
2026-08-22 23:52:08.666 /testbed/src/flask/cli.py:192 flask.cli.find_app_by_string event=return retval=<Flask 'runtime-049454'> locals={'Flask': "<class 'flask.app.Flask'>", 'app': "<Flask 'runtime-049454'>", 'app_name': '"build_app([1002, 1153, 469, 1473, 1295, 0, 407, 476, 134, 1382, 1166, 748, 1523, 917], {\'mask\': 765, \'phase\': 5, \'seed\': 8676, \'checksum\': 6149, \'tier\': 6, \'anchor\': None, \'pairs\': (1002, 1153, 469), \'nested\': {\'values\': [1002, 469, 1295, 407, 134], \'turn\': 23, \'active\': False}}, scale=11, offset=614, tags=(\'tag-112\', \'tag-014\', \'tag-097\', \'tag-090\', \'tag-044\', \'tag-024\', \'tag-055\', \'tag-002\', \'tag-046\', \'tag-029\'))"', 'args': "[[1002, 1153, 469, 1473, 1295, 0, 407, 476, 134, 1382, 1166, 748, 1523, 917], {'mask': 765, 'phase': 5, 'seed': 8676, 'checksum': 6149, 'tier': 6, 'anchor': None, 'pairs': (1002, 1153, 469), 'nested': {'values': [1002, 469, 1295, 407, 134], 'turn': 23, 'active': False}}]", 'attr': '<function build_app at 0x73e937e96840>', 'expr': '<ast.Call object at 0x73e937e87850>', 'kwargs': "{'scale': 11, 'offset': 614, 'tags': ('tag-112', 'tag-014', 'tag-097', 'tag-090', 'tag-044', 'tag-024', 'tag-055', 'tag-002', 'tag-046', 'tag-029')}", 'module': "<module 'qa_factory_bench_module'>", 'name': "'build_app'"}
2026-08-22 23:52:08.668 /testbed/src/flask/cli.py:120 flask.cli.find_app_by_string event=call locals={'app_name': '"build_app([136, 344, 114, 936, 400, 1001, 1287, 1222, 728, 746, 6, 511, 52, 181], {\'mask\': 408, \'phase\': 9, \'seed\': 7566, \'checksum\': 4941, \'tier\': 10, \'anchor\': None, \'pairs\': (), \'nested\': {\'values\': [136, 114, 400, 1287, 728], \'turn\': 24, \'active\': True}}, scale=11, offset=215, tags=(\'tag-019\', \'tag-105\', \'tag-007\', \'tag-072\', \'tag-049\', \'tag-020\', \'tag-057\', \'tag-124\', \'tag-016\', \'tag-039\'))"', 'module': "<module 'qa_factory_bench_module'>"}
2026-08-22 23:52:08.668 /testbed/src/flask/cli.py:124 flask.cli.find_app_by_string event=line locals={}
2026-08-22 23:52:08.668 /testbed/src/flask/cli.py:128 flask.cli.find_app_by_string event=line locals={'Flask': "<class 'flask.app.Flask'>"}
2026-08-22 23:52:08.668 /testbed/src/flask/cli.py:129 flask.cli.find_app_by_string event=line locals={}
2026-08-22 23:52:08.668 /testbed/src/flask/cli.py:135 flask.cli.find_app_by_string event=line locals={'expr': '<ast.Call object at 0x73e937e86860>'}
2026-08-22 23:52:08.668 /testbed/src/flask/cli.py:139 flask.cli.find_app_by_string event=line locals={}
2026-08-22 23:52:08.668 /testbed/src/flask/cli.py:141 flask.cli.find_app_by_string event=line locals={}
2026-08-22 23:52:08.668 /testbed/src/flask/cli.py:146 flask.cli.find_app_by_string event=line locals={}
2026-08-22 23:52:08.668 /testbed/src/flask/cli.py:149 flask.cli.find_app_by_string event=line locals={'name': "'build_app'"}
2026-08-22 23:52:08.668 /testbed/src/flask/cli.py:150 flask.cli.find_app_by_string event=line locals={}
2026-08-22 23:52:08.669 /testbed/src/flask/cli.py:151 flask.cli.find_app_by_string event=line locals={'args': "[[136, 344, 114, 936, 400, 1001, 1287, 1222, 728, 746, 6, 511, 52, 181], {'mask': 408, 'phase': 9, 'seed': 7566, 'checksum': 4941, 'tier': 10, 'anchor': None, 'pairs': (), 'nested': {'values': [136, 114, 400, 1287, 728], 'turn': 24, 'active': True}}]"}
2026-08-22 23:52:08.669 /testbed/src/flask/cli.py:153 flask.cli.find_app_by_string event=line locals={}
2026-08-22 23:52:08.669 /testbed/src/flask/cli.py:151 flask.cli.find_app_by_string event=line locals={}
2026-08-22 23:52:08.669 /testbed/src/flask/cli.py:167 flask.cli.find_app_by_string event=line locals={'kwargs': "{'scale': 11, 'offset': 215, 'tags': ('tag-019', 'tag-105', 'tag-007', 'tag-072', 'tag-049', 'tag-020', 'tag-057', 'tag-124', 'tag-016', 'tag-039')}"}
2026-08-22 23:52:08.669 /testbed/src/flask/cli.py:168 flask.cli.find_app_by_string event=line locals={}
2026-08-22 23:52:08.669 /testbed/src/flask/cli.py:176 flask.cli.find_app_by_string event=line locals={'attr': '<function build_app at 0x73e937e96840>'}
2026-08-22 23:52:08.669 /testbed/src/flask/cli.py:177 flask.cli.find_app_by_string event=line locals={}
2026-08-22 23:52:08.669 /testbed/src/flask/cli.py:178 flask.cli.find_app_by_string event=line locals={}
2026-08-22 23:52:08.685 /testbed/src/flask/cli.py:191 flask.cli.find_app_by_string event=line locals={'app': "<Flask 'runtime-622548'>"}
2026-08-22 23:52:08.685 /testbed/src/flask/cli.py:192 flask.cli.find_app_by_string event=line locals={}
2026-08-22 23:52:08.685 /testbed/src/flask/cli.py:192 flask.cli.find_app_by_string event=return retval=<Flask 'runtime-622548'> locals={'Flask': "<class 'flask.app.Flask'>", 'app': "<Flask 'runtime-622548'>", 'app_name': '"build_app([136, 344, 114, 936, 400, 1001, 1287, 1222, 728, 746, 6, 511, 52, 181], {\'mask\': 408, \'phase\': 9, \'seed\': 7566, \'checksum\': 4941, \'tier\': 10, \'anchor\': None, \'pairs\': (), \'nested\': {\'values\': [136, 114, 400, 1287, 728], \'turn\': 24, \'active\': True}}, scale=11, offset=215, tags=(\'tag-019\', \'tag-105\', \'tag-007\', \'tag-072\', \'tag-049\', \'tag-020\', \'tag-057\', \'tag-124\', \'tag-016\', \'tag-039\'))"', 'args': "[[136, 344, 114, 936, 400, 1001, 1287, 1222, 728, 746, 6, 511, 52, 181], {'mask': 408, 'phase': 9, 'seed': 7566, 'checksum': 4941, 'tier': 10, 'anchor': None, 'pairs': (), 'nested': {'values': [136, 114, 400, 1287, 728], 'turn': 24, 'active': True}}]", 'attr': '<function build_app at 0x73e937e96840>', 'expr': '<ast.Call object at 0x73e937e86860>', 'kwargs': "{'scale': 11, 'offset': 215, 'tags': ('tag-019', 'tag-105', 'tag-007', 'tag-072', 'tag-049', 'tag-020', 'tag-057', 'tag-124', 'tag-016', 'tag-039')}", 'module': "<module 'qa_factory_bench_module'>", 'name': "'build_app'"}
2026-08-22 23:52:08.687 /testbed/src/flask/cli.py:120 flask.cli.find_app_by_string event=call locals={'app_name': '"build_app([1088, 327, 1456, 1141, 1089, 1432, 103, 1397, 1413, 42, 1468, 843, 495, 372], {\'mask\': 378, \'phase\': 5, \'seed\': 3461, \'checksum\': 5554, \'tier\': 6, \'anchor\': 70, \'pairs\': (1088,), \'nested\': {\'values\': [1088, 1456, 1089, 103, 1413], \'turn\': 25, \'active\': False}}, scale=13, offset=285, tags=(\'tag-093\', \'tag-099\', \'tag-090\', \'tag-034\', \'tag-114\', \'tag-081\', \'tag-027\', \'tag-056\', \'tag-077\', \'tag-108\'))"', 'module': "<module 'qa_factory_bench_module'>"}
2026-08-22 23:52:08.687 /testbed/src/flask/cli.py:124 flask.cli.find_app_by_string event=line locals={}
2026-08-22 23:52:08.687 /testbed/src/flask/cli.py:128 flask.cli.find_app_by_string event=line locals={'Flask': "<class 'flask.app.Flask'>"}
2026-08-22 23:52:08.687 /testbed/src/flask/cli.py:129 flask.cli.find_app_by_string event=line locals={}
2026-08-22 23:52:08.687 /testbed/src/flask/cli.py:135 flask.cli.find_app_by_string event=line locals={'expr': '<ast.Call object at 0x73e937e86dd0>'}
2026-08-22 23:52:08.687 /testbed/src/flask/cli.py:139 flask.cli.find_app_by_string event=line locals={}
2026-08-22 23:52:08.687 /testbed/src/flask/cli.py:141 flask.cli.find_app_by_string event=line locals={}
2026-08-22 23:52:08.687 /testbed/src/flask/cli.py:146 flask.cli.find_app_by_string event=line locals={}
2026-08-22 23:52:08.687 /testbed/src/flask/cli.py:149 flask.cli.find_app_by_string event=line locals={'name': "'build_app'"}
2026-08-22 23:52:08.687 /testbed/src/flask/cli.py:150 flask.cli.find_app_by_string event=line locals={}
2026-08-22 23:52:08.688 /testbed/src/flask/cli.py:151 flask.cli.find_app_by_string event=line locals={'args': "[[1088, 327, 1456, 1141, 1089, 1432, 103, 1397, 1413, 42, 1468, 843, 495, 372], {'mask': 378, 'phase': 5, 'seed': 3461, 'checksum': 5554, 'tier': 6, 'anchor': 70, 'pairs': (1088,), 'nested': {'values': [1088, 1456, 1089, 103, 1413], 'turn': 25, 'active': False}}]"}
2026-08-22 23:52:08.688 /testbed/src/flask/cli.py:153 flask.cli.find_app_by_string event=line locals={}
2026-08-22 23:52:08.688 /testbed/src/flask/cli.py:151 flask.cli.find_app_by_string event=line locals={}
2026-08-22 23:52:08.688 /testbed/src/flask/cli.py:167 flask.cli.find_app_by_string event=line locals={'kwargs': "{'scale': 13, 'offset': 285, 'tags': ('tag-093', 'tag-099', 'tag-090', 'tag-034', 'tag-114', 'tag-081', 'tag-027', 'tag-056', 'tag-077', 'tag-108')}"}
2026-08-22 23:52:08.688 /testbed/src/flask/cli.py:168 flask.cli.find_app_by_string event=line locals={}
2026-08-22 23:52:08.688 /testbed/src/flask/cli.py:176 flask.cli.find_app_by_string event=line locals={'attr': '<function build_app at 0x73e937e96840>'}
2026-08-22 23:52:08.688 /testbed/src/flask/cli.py:177 flask.cli.find_app_by_string event=line locals={}
2026-08-22 23:52:08.688 /testbed/src/flask/cli.py:178 flask.cli.find_app_by_string event=line locals={}
2026-08-22 23:52:08.704 /testbed/src/flask/cli.py:191 flask.cli.find_app_by_string event=line locals={'app': "<Flask 'runtime-160413'>"}
2026-08-22 23:52:08.704 /testbed/src/flask/cli.py:192 flask.cli.find_app_by_string event=line locals={}
2026-08-22 23:52:08.704 /testbed/src/flask/cli.py:192 flask.cli.find_app_by_string event=return retval=<Flask 'runtime-160413'> locals={'Flask': "<class 'flask.app.Flask'>", 'app': "<Flask 'runtime-160413'>", 'app_name': '"build_app([1088, 327, 1456, 1141, 1089, 1432, 103, 1397, 1413, 42, 1468, 843, 495, 372], {\'mask\': 378, \'phase\': 5, \'seed\': 3461, \'checksum\': 5554, \'tier\': 6, \'anchor\': 70, \'pairs\': (1088,), \'nested\': {\'values\': [1088, 1456, 1089, 103, 1413], \'turn\': 25, \'active\': False}}, scale=13, offset=285, tags=(\'tag-093\', \'tag-099\', \'tag-090\', \'tag-034\', \'tag-114\', \'tag-081\', \'tag-027\', \'tag-056\', \'tag-077\', \'tag-108\'))"', 'args': "[[1088, 327, 1456, 1141, 1089, 1432, 103, 1397, 1413, 42, 1468, 843, 495, 372], {'mask': 378, 'phase': 5, 'seed': 3461, 'checksum': 5554, 'tier': 6, 'anchor': 70, 'pairs': (1088,), 'nested': {'values': [1088, 1456, 1089, 103, 1413], 'turn': 25, 'active': False}}]", 'attr': '<function build_app at 0x73e937e96840>', 'expr': '<ast.Call object at 0x73e937e86dd0>', 'kwargs': "{'scale': 13, 'offset': 285, 'tags': ('tag-093', 'tag-099', 'tag-090', 'tag-034', 'tag-114', 'tag-081', 'tag-027', 'tag-056', 'tag-077', 'tag-108')}", 'module': "<module 'qa_factory_bench_module'>", 'name': "'build_app'"}
2026-08-22 23:52:08.706 /testbed/src/flask/cli.py:120 flask.cli.find_app_by_string event=call locals={'app_name': '"build_app([76, 1132, 1028, 127, 169, 10, 592, 1336, 196, 724, 1141, 852, 1121, 203], {\'mask\': 770, \'phase\': 13, \'seed\': 4616, \'checksum\': 4384, \'tier\': 11, \'anchor\': None, \'pairs\': (76, 1132), \'nested\': {\'values\': [76, 1028, 169, 592, 196], \'turn\': 26, \'active\': True}}, scale=15, offset=871, tags=(\'tag-108\', \'tag-026\', \'tag-054\', \'tag-047\', \'tag-094\', \'tag-067\', \'tag-019\', \'tag-006\', \'tag-014\', \'tag-039\'))"', 'module': "<module 'qa_factory_bench_module'>"}
2026-08-22 23:52:08.706 /testbed/src/flask/cli.py:124 flask.cli.find_app_by_string event=line locals={}
2026-08-22 23:52:08.706 /testbed/src/flask/cli.py:128 flask.cli.find_app_by_string event=line locals={'Flask': "<class 'flask.app.Flask'>"}
2026-08-22 23:52:08.706 /testbed/src/flask/cli.py:129 flask.cli.find_app_by_string event=line locals={}
2026-08-22 23:52:08.706 /testbed/src/flask/cli.py:135 flask.cli.find_app_by_string event=line locals={'expr': '<ast.Call object at 0x73e937e87a90>'}
2026-08-22 23:52:08.706 /testbed/src/flask/cli.py:139 flask.cli.find_app_by_string event=line locals={}
2026-08-22 23:52:08.706 /testbed/src/flask/cli.py:141 flask.cli.find_app_by_string event=line locals={}
2026-08-22 23:52:08.706 /testbed/src/flask/cli.py:146 flask.cli.find_app_by_string event=line locals={}
2026-08-22 23:52:08.706 /testbed/src/flask/cli.py:149 flask.cli.find_app_by_string event=line locals={'name': "'build_app'"}
2026-08-22 23:52:08.706 /testbed/src/flask/cli.py:150 flask.cli.find_app_by_string event=line locals={}
2026-08-22 23:52:08.706 /testbed/src/flask/cli.py:151 flask.cli.find_app_by_string event=line locals={'args': "[[76, 1132, 1028, 127, 169, 10, 592, 1336, 196, 724, 1141, 852, 1121, 203], {'mask': 770, 'phase': 13, 'seed': 4616, 'checksum': 4384, 'tier': 11, 'anchor': None, 'pairs': (76, 1132), 'nested': {'values': [76, 1028, 169, 592, 196], 'turn': 26, 'active': True}}]"}
2026-08-22 23:52:08.706 /testbed/src/flask/cli.py:153 flask.cli.find_app_by_string event=line locals={}
2026-08-22 23:52:08.706 /testbed/src/flask/cli.py:151 flask.cli.find_app_by_string event=line locals={}
2026-08-22 23:52:08.707 /testbed/src/flask/cli.py:167 flask.cli.find_app_by_string event=line locals={'kwargs': "{'scale': 15, 'offset': 871, 'tags': ('tag-108', 'tag-026', 'tag-054', 'tag-047', 'tag-094', 'tag-067', 'tag-019', 'tag-006', 'tag-014', 'tag-039')}"}
2026-08-22 23:52:08.707 /testbed/src/flask/cli.py:168 flask.cli.find_app_by_string event=line locals={}
2026-08-22 23:52:08.707 /testbed/src/flask/cli.py:176 flask.cli.find_app_by_string event=line locals={'attr': '<function build_app at 0x73e937e96840>'}
2026-08-22 23:52:08.707 /testbed/src/flask/cli.py:177 flask.cli.find_app_by_string event=line locals={}
2026-08-22 23:52:08.707 /testbed/src/flask/cli.py:178 flask.cli.find_app_by_string event=line locals={}
2026-08-22 23:52:08.722 /testbed/src/flask/cli.py:191 flask.cli.find_app_by_string event=line locals={'app': "<Flask 'runtime-089777'>"}
2026-08-22 23:52:08.722 /testbed/src/flask/cli.py:192 flask.cli.find_app_by_string event=line locals={}
2026-08-22 23:52:08.722 /testbed/src/flask/cli.py:192 flask.cli.find_app_by_string event=return retval=<Flask 'runtime-089777'> locals={'Flask': "<class 'flask.app.Flask'>", 'app': "<Flask 'runtime-089777'>", 'app_name': '"build_app([76, 1132, 1028, 127, 169, 10, 592, 1336, 196, 724, 1141, 852, 1121, 203], {\'mask\': 770, \'phase\': 13, \'seed\': 4616, \'checksum\': 4384, \'tier\': 11, \'anchor\': None, \'pairs\': (76, 1132), \'nested\': {\'values\': [76, 1028, 169, 592, 196], \'turn\': 26, \'active\': True}}, scale=15, offset=871, tags=(\'tag-108\', \'tag-026\', \'tag-054\', \'tag-047\', \'tag-094\', \'tag-067\', \'tag-019\', \'tag-006\', \'tag-014\', \'tag-039\'))"', 'args': "[[76, 1132, 1028, 127, 169, 10, 592, 1336, 196, 724, 1141, 852, 1121, 203], {'mask': 770, 'phase': 13, 'seed': 4616, 'checksum': 4384, 'tier': 11, 'anchor': None, 'pairs': (76, 1132), 'nested': {'values': [76, 1028, 169, 592, 196], 'turn': 26, 'active': True}}]", 'attr': '<function build_app at 0x73e937e96840>', 'expr': '<ast.Call object at 0x73e937e87a90>', 'kwargs': "{'scale': 15, 'offset': 871, 'tags': ('tag-108', 'tag-026', 'tag-054', 'tag-047', 'tag-094', 'tag-067', 'tag-019', 'tag-006', 'tag-014', 'tag-039')}", 'module': "<module 'qa_factory_bench_module'>", 'name': "'build_app'"}
2026-08-22 23:52:08.724 /testbed/src/flask/cli.py:120 flask.cli.find_app_by_string event=call locals={'app_name': '"build_app([1067, 1160, 1372, 534, 29, 877, 538, 725, 901, 193, 878, 692, 204, 1221], {\'mask\': 378, \'phase\': 5, \'seed\': 9671, \'checksum\': 5402, \'tier\': 5, \'anchor\': None, \'pairs\': (1067, 1160, 1372), \'nested\': {\'values\': [1067, 1372, 29, 538, 901], \'turn\': 27, \'active\': False}}, scale=3, offset=701, tags=(\'tag-094\', \'tag-065\', \'tag-028\', \'tag-084\', \'tag-092\', \'tag-056\', \'tag-103\', \'tag-041\', \'tag-095\', \'tag-027\'))"', 'module': "<module 'qa_factory_bench_module'>"}
2026-08-22 23:52:08.724 /testbed/src/flask/cli.py:124 flask.cli.find_app_by_string event=line locals={}
2026-08-22 23:52:08.724 /testbed/src/flask/cli.py:128 flask.cli.find_app_by_string event=line locals={'Flask': "<class 'flask.app.Flask'>"}
2026-08-22 23:52:08.724 /testbed/src/flask/cli.py:129 flask.cli.find_app_by_string event=line locals={}
2026-08-22 23:52:08.724 /testbed/src/flask/cli.py:135 flask.cli.find_app_by_string event=line locals={'expr': '<ast.Call object at 0x73e937e87160>'}
2026-08-22 23:52:08.724 /testbed/src/flask/cli.py:139 flask.cli.find_app_by_string event=line locals={}
2026-08-22 23:52:08.724 /testbed/src/flask/cli.py:141 flask.cli.find_app_by_string event=line locals={}
2026-08-22 23:52:08.724 /testbed/src/flask/cli.py:146 flask.cli.find_app_by_string event=line locals={}
2026-08-22 23:52:08.724 /testbed/src/flask/cli.py:149 flask.cli.find_app_by_string event=line locals={'name': "'build_app'"}
2026-08-22 23:52:08.724 /testbed/src/flask/cli.py:150 flask.cli.find_app_by_string event=line locals={}
2026-08-22 23:52:08.724 /testbed/src/flask/cli.py:151 flask.cli.find_app_by_string event=line locals={'args': "[[1067, 1160, 1372, 534, 29, 877, 538, 725, 901, 193, 878, 692, 204, 1221], {'mask': 378, 'phase': 5, 'seed': 9671, 'checksum': 5402, 'tier': 5, 'anchor': None, 'pairs': (1067, 1160, 1372), 'nested': {'values': [1067, 1372, 29, 538, 901], 'turn': 27, 'active': False}}]"}
2026-08-22 23:52:08.724 /testbed/src/flask/cli.py:153 flask.cli.find_app_by_string event=line locals={}
2026-08-22 23:52:08.724 /testbed/src/flask/cli.py:151 flask.cli.find_app_by_string event=line locals={}
2026-08-22 23:52:08.725 /testbed/src/flask/cli.py:167 flask.cli.find_app_by_string event=line locals={'kwargs': "{'scale': 3, 'offset': 701, 'tags': ('tag-094', 'tag-065', 'tag-028', 'tag-084', 'tag-092', 'tag-056', 'tag-103', 'tag-041', 'tag-095', 'tag-027')}"}
2026-08-22 23:52:08.725 /testbed/src/flask/cli.py:168 flask.cli.find_app_by_string event=line locals={}
2026-08-22 23:52:08.725 /testbed/src/flask/cli.py:176 flask.cli.find_app_by_string event=line locals={'attr': '<function build_app at 0x73e937e96840>'}
2026-08-22 23:52:08.725 /testbed/src/flask/cli.py:177 flask.cli.find_app_by_string event=line locals={}
2026-08-22 23:52:08.725 /testbed/src/flask/cli.py:178 flask.cli.find_app_by_string event=line locals={}
2026-08-22 23:52:08.740 /testbed/src/flask/cli.py:191 flask.cli.find_app_by_string event=line locals={'app': "<Flask 'runtime-233859'>"}
2026-08-22 23:52:08.740 /testbed/src/flask/cli.py:192 flask.cli.find_app_by_string event=line locals={}
2026-08-22 23:52:08.740 /testbed/src/flask/cli.py:192 flask.cli.find_app_by_string event=return retval=<Flask 'runtime-233859'> locals={'Flask': "<class 'flask.app.Flask'>", 'app': "<Flask 'runtime-233859'>", 'app_name': '"build_app([1067, 1160, 1372, 534, 29, 877, 538, 725, 901, 193, 878, 692, 204, 1221], {\'mask\': 378, \'phase\': 5, \'seed\': 9671, \'checksum\': 5402, \'tier\': 5, \'anchor\': None, \'pairs\': (1067, 1160, 1372), \'nested\': {\'values\': [1067, 1372, 29, 538, 901], \'turn\': 27, \'active\': False}}, scale=3, offset=701, tags=(\'tag-094\', \'tag-065\', \'tag-028\', \'tag-084\', \'tag-092\', \'tag-056\', \'tag-103\', \'tag-041\', \'tag-095\', \'tag-027\'))"', 'args': "[[1067, 1160, 1372, 534, 29, 877, 538, 725, 901, 193, 878, 692, 204, 1221], {'mask': 378, 'phase': 5, 'seed': 9671, 'checksum': 5402, 'tier': 5, 'anchor': None, 'pairs': (1067, 1160, 1372), 'nested': {'values': [1067, 1372, 29, 538, 901], 'turn': 27, 'active': False}}]", 'attr': '<function build_app at 0x73e937e96840>', 'expr': '<ast.Call object at 0x73e937e87160>', 'kwargs': "{'scale': 3, 'offset': 701, 'tags': ('tag-094', 'tag-065', 'tag-028', 'tag-084', 'tag-092', 'tag-056', 'tag-103', 'tag-041', 'tag-095', 'tag-027')}", 'module': "<module 'qa_factory_bench_module'>", 'name': "'build_app'"}
2026-08-22 23:52:08.742 /testbed/src/flask/cli.py:120 flask.cli.find_app_by_string event=call locals={'app_name': '"build_app([775, 85, 1183, 150, 924, 921, 616, 1392, 831, 1246, 458, 21, 626, 605], {\'mask\': 721, \'phase\': 38, \'seed\': 7576, \'checksum\': 4420, \'tier\': 11, \'anchor\': None, \'pairs\': (), \'nested\': {\'values\': [775, 1183, 924, 616, 831], \'turn\': 28, \'active\': True}}, scale=18, offset=950, tags=(\'tag-067\', \'tag-017\', \'tag-104\', \'tag-092\', \'tag-109\', \'tag-111\', \'tag-065\', \'tag-084\', \'tag-036\', \'tag-075\'))"', 'module': "<module 'qa_factory_bench_module'>"}
2026-08-22 23:52:08.742 /testbed/src/flask/cli.py:124 flask.cli.find_app_by_string event=line locals={}
2026-08-22 23:52:08.742 /testbed/src/flask/cli.py:128 flask.cli.find_app_by_string event=line locals={'Flask': "<class 'flask.app.Flask'>"}
2026-08-22 23:52:08.742 /testbed/src/flask/cli.py:129 flask.cli.find_app_by_string event=line locals={}
2026-08-22 23:52:08.742 /testbed/src/flask/cli.py:135 flask.cli.find_app_by_string event=line locals={'expr': '<ast.Call object at 0x73e937e876a0>'}
2026-08-22 23:52:08.742 /testbed/src/flask/cli.py:139 flask.cli.find_app_by_string event=line locals={}
2026-08-22 23:52:08.742 /testbed/src/flask/cli.py:141 flask.cli.find_app_by_string event=line locals={}
2026-08-22 23:52:08.742 /testbed/src/flask/cli.py:146 flask.cli.find_app_by_string event=line locals={}
2026-08-22 23:52:08.742 /testbed/src/flask/cli.py:149 flask.cli.find_app_by_string event=line locals={'name': "'build_app'"}
2026-08-22 23:52:08.742 /testbed/src/flask/cli.py:150 flask.cli.find_app_by_string event=line locals={}
2026-08-22 23:52:08.742 /testbed/src/flask/cli.py:151 flask.cli.find_app_by_string event=line locals={'args': "[[775, 85, 1183, 150, 924, 921, 616, 1392, 831, 1246, 458, 21, 626, 605], {'mask': 721, 'phase': 38, 'seed': 7576, 'checksum': 4420, 'tier': 11, 'anchor': None, 'pairs': (), 'nested': {'values': [775, 1183, 924, 616, 831], 'turn': 28, 'active': True}}]"}
2026-08-22 23:52:08.742 /testbed/src/flask/cli.py:153 flask.cli.find_app_by_string event=line locals={}
2026-08-22 23:52:08.742 /testbed/src/flask/cli.py:151 flask.cli.find_app_by_string event=line locals={}
2026-08-22 23:52:08.743 /testbed/src/flask/cli.py:167 flask.cli.find_app_by_string event=line locals={'kwargs': "{'scale': 18, 'offset': 950, 'tags': ('tag-067', 'tag-017', 'tag-104', 'tag-092', 'tag-109', 'tag-111', 'tag-065', 'tag-084', 'tag-036', 'tag-075')}"}
2026-08-22 23:52:08.743 /testbed/src/flask/cli.py:168 flask.cli.find_app_by_string event=line locals={}
2026-08-22 23:52:08.743 /testbed/src/flask/cli.py:176 flask.cli.find_app_by_string event=line locals={'attr': '<function build_app at 0x73e937e96840>'}
2026-08-22 23:52:08.743 /testbed/src/flask/cli.py:177 flask.cli.find_app_by_string event=line locals={}
2026-08-22 23:52:08.743 /testbed/src/flask/cli.py:178 flask.cli.find_app_by_string event=line locals={}
2026-08-22 23:52:08.758 /testbed/src/flask/cli.py:191 flask.cli.find_app_by_string event=line locals={'app': "<Flask 'runtime-328241'>"}
2026-08-22 23:52:08.758 /testbed/src/flask/cli.py:192 flask.cli.find_app_by_string event=line locals={}
2026-08-22 23:52:08.758 /testbed/src/flask/cli.py:192 flask.cli.find_app_by_string event=return retval=<Flask 'runtime-328241'> locals={'Flask': "<class 'flask.app.Flask'>", 'app': "<Flask 'runtime-328241'>", 'app_name': '"build_app([775, 85, 1183, 150, 924, 921, 616, 1392, 831, 1246, 458, 21, 626, 605], {\'mask\': 721, \'phase\': 38, \'seed\': 7576, \'checksum\': 4420, \'tier\': 11, \'anchor\': None, \'pairs\': (), \'nested\': {\'values\': [775, 1183, 924, 616, 831], \'turn\': 28, \'active\': True}}, scale=18, offset=950, tags=(\'tag-067\', \'tag-017\', \'tag-104\', \'tag-092\', \'tag-109\', \'tag-111\', \'tag-065\', \'tag-084\', \'tag-036\', \'tag-075\'))"', 'args': "[[775, 85, 1183, 150, 924, 921, 616, 1392, 831, 1246, 458, 21, 626, 605], {'mask': 721, 'phase': 38, 'seed': 7576, 'checksum': 4420, 'tier': 11, 'anchor': None, 'pairs': (), 'nested': {'values': [775, 1183, 924, 616, 831], 'turn': 28, 'active': True}}]", 'attr': '<function build_app at 0x73e937e96840>', 'expr': '<ast.Call object at 0x73e937e876a0>', 'kwargs': "{'scale': 18, 'offset': 950, 'tags': ('tag-067', 'tag-017', 'tag-104', 'tag-092', 'tag-109', 'tag-111', 'tag-065', 'tag-084', 'tag-036', 'tag-075')}", 'module': "<module 'qa_factory_bench_module'>", 'name': "'build_app'"}
2026-08-22 23:52:08.759 /testbed/src/flask/cli.py:120 flask.cli.find_app_by_string event=call locals={'app_name': '"build_app([1099, 1290, 49, 723, 971, 1504, 185, 538, 59, 633, 677, 1122, 328, 507], {\'mask\': 638, \'phase\': 18, \'seed\': 2188, \'checksum\': 6317, \'tier\': 16, \'anchor\': None, \'pairs\': (1099,), \'nested\': {\'values\': [1099, 49, 971, 185, 59], \'turn\': 29, \'active\': False}}, scale=17, offset=103, tags=(\'tag-021\', \'tag-090\', \'tag-124\', \'tag-041\', \'tag-040\', \'tag-070\', \'tag-026\', \'tag-003\', \'tag-037\', \'tag-108\'))"', 'module': "<module 'qa_factory_bench_module'>"}
2026-08-22 23:52:08.759 /testbed/src/flask/cli.py:124 flask.cli.find_app_by_string event=line locals={}
2026-08-22 23:52:08.759 /testbed/src/flask/cli.py:128 flask.cli.find_app_by_string event=line locals={'Flask': "<class 'flask.app.Flask'>"}
2026-08-22 23:52:08.759 /testbed/src/flask/cli.py:129 flask.cli.find_app_by_string event=line locals={}
2026-08-22 23:52:08.760 /testbed/src/flask/cli.py:135 flask.cli.find_app_by_string event=line locals={'expr': '<ast.Call object at 0x73e937ccbfa0>'}
2026-08-22 23:52:08.760 /testbed/src/flask/cli.py:139 flask.cli.find_app_by_string event=line locals={}
2026-08-22 23:52:08.760 /testbed/src/flask/cli.py:141 flask.cli.find_app_by_string event=line locals={}
2026-08-22 23:52:08.760 /testbed/src/flask/cli.py:146 flask.cli.find_app_by_string event=line locals={}
2026-08-22 23:52:08.760 /testbed/src/flask/cli.py:149 flask.cli.find_app_by_string event=line locals={'name': "'build_app'"}
2026-08-22 23:52:08.760 /testbed/src/flask/cli.py:150 flask.cli.find_app_by_string event=line locals={}
2026-08-22 23:52:08.760 /testbed/src/flask/cli.py:151 flask.cli.find_app_by_string event=line locals={'args': "[[1099, 1290, 49, 723, 971, 1504, 185, 538, 59, 633, 677, 1122, 328, 507], {'mask': 638, 'phase': 18, 'seed': 2188, 'checksum': 6317, 'tier': 16, 'anchor': None, 'pairs': (1099,), 'nested': {'values': [1099, 49, 971, 185, 59], 'turn': 29, 'active': False}}]"}
2026-08-22 23:52:08.760 /testbed/src/flask/cli.py:153 flask.cli.find_app_by_string event=line locals={}
2026-08-22 23:52:08.760 /testbed/src/flask/cli.py:151 flask.cli.find_app_by_string event=line locals={}
2026-08-22 23:52:08.760 /testbed/src/flask/cli.py:167 flask.cli.find_app_by_string event=line locals={'kwargs': "{'scale': 17, 'offset': 103, 'tags': ('tag-021', 'tag-090', 'tag-124', 'tag-041', 'tag-040', 'tag-070', 'tag-026', 'tag-003', 'tag-037', 'tag-108')}"}
2026-08-22 23:52:08.760 /testbed/src/flask/cli.py:168 flask.cli.find_app_by_string event=line locals={}
2026-08-22 23:52:08.760 /testbed/src/flask/cli.py:176 flask.cli.find_app_by_string event=line locals={'attr': '<function build_app at 0x73e937e96840>'}
2026-08-22 23:52:08.760 /testbed/src/flask/cli.py:177 flask.cli.find_app_by_string event=line locals={}
2026-08-22 23:52:08.760 /testbed/src/flask/cli.py:178 flask.cli.find_app_by_string event=line locals={}
2026-08-22 23:52:08.775 /testbed/src/flask/cli.py:191 flask.cli.find_app_by_string event=line locals={'app': "<Flask 'runtime-133259'>"}
2026-08-22 23:52:08.776 /testbed/src/flask/cli.py:192 flask.cli.find_app_by_string event=line locals={}
2026-08-22 23:52:08.776 /testbed/src/flask/cli.py:192 flask.cli.find_app_by_string event=return retval=<Flask 'runtime-133259'> locals={'Flask': "<class 'flask.app.Flask'>", 'app': "<Flask 'runtime-133259'>", 'app_name': '"build_app([1099, 1290, 49, 723, 971, 1504, 185, 538, 59, 633, 677, 1122, 328, 507], {\'mask\': 638, \'phase\': 18, \'seed\': 2188, \'checksum\': 6317, \'tier\': 16, \'anchor\': None, \'pairs\': (1099,), \'nested\': {\'values\': [1099, 49, 971, 185, 59], \'turn\': 29, \'active\': False}}, scale=17, offset=103, tags=(\'tag-021\', \'tag-090\', \'tag-124\', \'tag-041\', \'tag-040\', \'tag-070\', \'tag-026\', \'tag-003\', \'tag-037\', \'tag-108\'))"', 'args': "[[1099, 1290, 49, 723, 971, 1504, 185, 538, 59, 633, 677, 1122, 328, 507], {'mask': 638, 'phase': 18, 'seed': 2188, 'checksum': 6317, 'tier': 16, 'anchor': None, 'pairs': (1099,), 'nested': {'values': [1099, 49, 971, 185, 59], 'turn': 29, 'active': False}}]", 'attr': '<function build_app at 0x73e937e96840>', 'expr': '<ast.Call object at 0x73e937ccbfa0>', 'kwargs': "{'scale': 17, 'offset': 103, 'tags': ('tag-021', 'tag-090', 'tag-124', 'tag-041', 'tag-040', 'tag-070', 'tag-026', 'tag-003', 'tag-037', 'tag-108')}", 'module': "<module 'qa_factory_bench_module'>", 'name': "'build_app'"}
2026-08-22 23:52:08.777 /testbed/src/flask/cli.py:120 flask.cli.find_app_by_string event=call locals={'app_name': '"build_app([184, 74, 1115, 504, 753, 791, 258, 1531, 1050, 1362, 403, 1315, 95, 423], {\'mask\': 192, \'phase\': 19, \'seed\': 1089, \'checksum\': 6000, \'tier\': 3, \'anchor\': 47, \'pairs\': (184, 74), \'nested\': {\'values\': [184, 1115, 753, 258, 1050], \'turn\': 30, \'active\': True}}, scale=7, offset=373, tags=(\'tag-006\', \'tag-028\', \'tag-058\', \'tag-087\', \'tag-087\', \'tag-003\', \'tag-110\', \'tag-118\', \'tag-023\', \'tag-086\'))"', 'module': "<module 'qa_factory_bench_module'>"}
2026-08-22 23:52:08.777 /testbed/src/flask/cli.py:124 flask.cli.find_app_by_string event=line locals={}
2026-08-22 23:52:08.777 /testbed/src/flask/cli.py:128 flask.cli.find_app_by_string event=line locals={'Flask': "<class 'flask.app.Flask'>"}
2026-08-22 23:52:08.777 /testbed/src/flask/cli.py:129 flask.cli.find_app_by_string event=line locals={}
2026-08-22 23:52:08.777 /testbed/src/flask/cli.py:135 flask.cli.find_app_by_string event=line locals={'expr': '<ast.Call object at 0x73e937cc8520>'}
2026-08-22 23:52:08.777 /testbed/src/flask/cli.py:139 flask.cli.find_app_by_string event=line locals={}
2026-08-22 23:52:08.777 /testbed/src/flask/cli.py:141 flask.cli.find_app_by_string event=line locals={}
2026-08-22 23:52:08.777 /testbed/src/flask/cli.py:146 flask.cli.find_app_by_string event=line locals={}
2026-08-22 23:52:08.777 /testbed/src/flask/cli.py:149 flask.cli.find_app_by_string event=line locals={'name': "'build_app'"}
2026-08-22 23:52:08.777 /testbed/src/flask/cli.py:150 flask.cli.find_app_by_string event=line locals={}
2026-08-22 23:52:08.778 /testbed/src/flask/cli.py:151 flask.cli.find_app_by_string event=line locals={'args': "[[184, 74, 1115, 504, 753, 791, 258, 1531, 1050, 1362, 403, 1315, 95, 423], {'mask': 192, 'phase': 19, 'seed': 1089, 'checksum': 6000, 'tier': 3, 'anchor': 47, 'pairs': (184, 74), 'nested': {'values': [184, 1115, 753, 258, 1050], 'turn': 30, 'active': True}}]"}
2026-08-22 23:52:08.778 /testbed/src/flask/cli.py:153 flask.cli.find_app_by_string event=line locals={}
2026-08-22 23:52:08.778 /testbed/src/flask/cli.py:151 flask.cli.find_app_by_string event=line locals={}
2026-08-22 23:52:08.778 /testbed/src/flask/cli.py:167 flask.cli.find_app_by_string event=line locals={'kwargs': "{'scale': 7, 'offset': 373, 'tags': ('tag-006', 'tag-028', 'tag-058', 'tag-087', 'tag-087', 'tag-003', 'tag-110', 'tag-118', 'tag-023', 'tag-086')}"}
2026-08-22 23:52:08.778 /testbed/src/flask/cli.py:168 flask.cli.find_app_by_string event=line locals={}
2026-08-22 23:52:08.778 /testbed/src/flask/cli.py:176 flask.cli.find_app_by_string event=line locals={'attr': '<function build_app at 0x73e937e96840>'}
2026-08-22 23:52:08.778 /testbed/src/flask/cli.py:177 flask.cli.find_app_by_string event=line locals={}
2026-08-22 23:52:08.778 /testbed/src/flask/cli.py:178 flask.cli.find_app_by_string event=line locals={}
2026-08-22 23:52:08.793 /testbed/src/flask/cli.py:191 flask.cli.find_app_by_string event=line locals={'app': "<Flask 'runtime-567507'>"}
2026-08-22 23:52:08.793 /testbed/src/flask/cli.py:192 flask.cli.find_app_by_string event=line locals={}
2026-08-22 23:52:08.793 /testbed/src/flask/cli.py:192 flask.cli.find_app_by_string event=return retval=<Flask 'runtime-567507'> locals={'Flask': "<class 'flask.app.Flask'>", 'app': "<Flask 'runtime-567507'>", 'app_name': '"build_app([184, 74, 1115, 504, 753, 791, 258, 1531, 1050, 1362, 403, 1315, 95, 423], {\'mask\': 192, \'phase\': 19, \'seed\': 1089, \'checksum\': 6000, \'tier\': 3, \'anchor\': 47, \'pairs\': (184, 74), \'nested\': {\'values\': [184, 1115, 753, 258, 1050], \'turn\': 30, \'active\': True}}, scale=7, offset=373, tags=(\'tag-006\', \'tag-028\', \'tag-058\', \'tag-087\', \'tag-087\', \'tag-003\', \'tag-110\', \'tag-118\', \'tag-023\', \'tag-086\'))"', 'args': "[[184, 74, 1115, 504, 753, 791, 258, 1531, 1050, 1362, 403, 1315, 95, 423], {'mask': 192, 'phase': 19, 'seed': 1089, 'checksum': 6000, 'tier': 3, 'anchor': 47, 'pairs': (184, 74), 'nested': {'values': [184, 1115, 753, 258, 1050], 'turn': 30, 'active': True}}]", 'attr': '<function build_app at 0x73e937e96840>', 'expr': '<ast.Call object at 0x73e937cc8520>', 'kwargs': "{'scale': 7, 'offset': 373, 'tags': ('tag-006', 'tag-028', 'tag-058', 'tag-087', 'tag-087', 'tag-003', 'tag-110', 'tag-118', 'tag-023', 'tag-086')}", 'module': "<module 'qa_factory_bench_module'>", 'name': "'build_app'"}
2026-08-22 23:52:08.794 /testbed/src/flask/cli.py:120 flask.cli.find_app_by_string event=call locals={'app_name': '"build_app([1041, 1088, 76, 1152, 811, 536, 209, 1182, 148, 236, 461, 1070, 497, 1504], {\'mask\': 118, \'phase\': 1, \'seed\': 8870, \'checksum\': 6768, \'tier\': 1, \'anchor\': None, \'pairs\': (1041, 1088, 76), \'nested\': {\'values\': [1041, 76, 811, 209, 148], \'turn\': 31, \'active\': False}}, scale=14, offset=169, tags=(\'tag-112\', \'tag-037\', \'tag-046\', \'tag-111\', \'tag-029\', \'tag-013\', \'tag-072\', \'tag-034\', \'tag-021\', \'tag-114\'))"', 'module': "<module 'qa_factory_bench_module'>"}
2026-08-22 23:52:08.794 /testbed/src/flask/cli.py:124 flask.cli.find_app_by_string event=line locals={}
2026-08-22 23:52:08.794 /testbed/src/flask/cli.py:128 flask.cli.find_app_by_string event=line locals={'Flask': "<class 'flask.app.Flask'>"}
2026-08-22 23:52:08.794 /testbed/src/flask/cli.py:129 flask.cli.find_app_by_string event=line locals={}
2026-08-22 23:52:08.794 /testbed/src/flask/cli.py:135 flask.cli.find_app_by_string event=line locals={'expr': '<ast.Call object at 0x73e937cc8040>'}
2026-08-22 23:52:08.794 /testbed/src/flask/cli.py:139 flask.cli.find_app_by_string event=line locals={}
2026-08-22 23:52:08.794 /testbed/src/flask/cli.py:141 flask.cli.find_app_by_string event=line locals={}
2026-08-22 23:52:08.794 /testbed/src/flask/cli.py:146 flask.cli.find_app_by_string event=line locals={}
2026-08-22 23:52:08.794 /testbed/src/flask/cli.py:149 flask.cli.find_app_by_string event=line locals={'name': "'build_app'"}
2026-08-22 23:52:08.794 /testbed/src/flask/cli.py:150 flask.cli.find_app_by_string event=line locals={}
2026-08-22 23:52:08.795 /testbed/src/flask/cli.py:151 flask.cli.find_app_by_string event=line locals={'args': "[[1041, 1088, 76, 1152, 811, 536, 209, 1182, 148, 236, 461, 1070, 497, 1504], {'mask': 118, 'phase': 1, 'seed': 8870, 'checksum': 6768, 'tier': 1, 'anchor': None, 'pairs': (1041, 1088, 76), 'nested': {'values': [1041, 76, 811, 209, 148], 'turn': 31, 'active': False}}]"}
2026-08-22 23:52:08.795 /testbed/src/flask/cli.py:153 flask.cli.find_app_by_string event=line locals={}
2026-08-22 23:52:08.795 /testbed/src/flask/cli.py:151 flask.cli.find_app_by_string event=line locals={}
2026-08-22 23:52:08.795 /testbed/src/flask/cli.py:167 flask.cli.find_app_by_string event=line locals={'kwargs': "{'scale': 14, 'offset': 169, 'tags': ('tag-112', 'tag-037', 'tag-046', 'tag-111', 'tag-029', 'tag-013', 'tag-072', 'tag-034', 'tag-021', 'tag-114')}"}
2026-08-22 23:52:08.795 /testbed/src/flask/cli.py:168 flask.cli.find_app_by_string event=line locals={}
2026-08-22 23:52:08.795 /testbed/src/flask/cli.py:176 flask.cli.find_app_by_string event=line locals={'attr': '<function build_app at 0x73e937e96840>'}
2026-08-22 23:52:08.795 /testbed/src/flask/cli.py:177 flask.cli.find_app_by_string event=line locals={}
2026-08-22 23:52:08.795 /testbed/src/flask/cli.py:178 flask.cli.find_app_by_string event=line locals={}
2026-08-22 23:52:08.810 /testbed/src/flask/cli.py:191 flask.cli.find_app_by_string event=line locals={'app': "<Flask 'runtime-074996'>"}
2026-08-22 23:52:08.810 /testbed/src/flask/cli.py:192 flask.cli.find_app_by_string event=line locals={}
2026-08-22 23:52:08.810 /testbed/src/flask/cli.py:192 flask.cli.find_app_by_string event=return retval=<Flask 'runtime-074996'> locals={'Flask': "<class 'flask.app.Flask'>", 'app': "<Flask 'runtime-074996'>", 'app_name': '"build_app([1041, 1088, 76, 1152, 811, 536, 209, 1182, 148, 236, 461, 1070, 497, 1504], {\'mask\': 118, \'phase\': 1, \'seed\': 8870, \'checksum\': 6768, \'tier\': 1, \'anchor\': None, \'pairs\': (1041, 1088, 76), \'nested\': {\'values\': [1041, 76, 811, 209, 148], \'turn\': 31, \'active\': False}}, scale=14, offset=169, tags=(\'tag-112\', \'tag-037\', \'tag-046\', \'tag-111\', \'tag-029\', \'tag-013\', \'tag-072\', \'tag-034\', \'tag-021\', \'tag-114\'))"', 'args': "[[1041, 1088, 76, 1152, 811, 536, 209, 1182, 148, 236, 461, 1070, 497, 1504], {'mask': 118, 'phase': 1, 'seed': 8870, 'checksum': 6768, 'tier': 1, 'anchor': None, 'pairs': (1041, 1088, 76), 'nested': {'values': [1041, 76, 811, 209, 148], 'turn': 31, 'active': False}}]", 'attr': '<function build_app at 0x73e937e96840>', 'expr': '<ast.Call object at 0x73e937cc8040>', 'kwargs': "{'scale': 14, 'offset': 169, 'tags': ('tag-112', 'tag-037', 'tag-046', 'tag-111', 'tag-029', 'tag-013', 'tag-072', 'tag-034', 'tag-021', 'tag-114')}", 'module': "<module 'qa_factory_bench_module'>", 'name': "'build_app'"}
2026-08-22 23:52:08.811 /testbed/src/flask/cli.py:120 flask.cli.find_app_by_string event=call locals={'app_name': '"build_app([104, 376, 1521, 49, 74, 1417, 947, 1320, 550, 401, 399, 266, 1305, 282], {\'mask\': 68, \'phase\': 3, \'seed\': 5961, \'checksum\': 4111, \'tier\': 13, \'anchor\': None, \'pairs\': (), \'nested\': {\'values\': [104, 1521, 74, 947, 550], \'turn\': 32, \'active\': True}}, scale=17, offset=219, tags=(\'tag-075\', \'tag-098\', \'tag-105\', \'tag-035\', \'tag-065\', \'tag-016\', \'tag-059\', \'tag-056\', \'tag-053\', \'tag-036\'))"', 'module': "<module 'qa_factory_bench_module'>"}
2026-08-22 23:52:08.811 /testbed/src/flask/cli.py:124 flask.cli.find_app_by_string event=line locals={}
2026-08-22 23:52:08.811 /testbed/src/flask/cli.py:128 flask.cli.find_app_by_string event=line locals={'Flask': "<class 'flask.app.Flask'>"}
2026-08-22 23:52:08.811 /testbed/src/flask/cli.py:129 flask.cli.find_app_by_string event=line locals={}
2026-08-22 23:52:08.811 /testbed/src/flask/cli.py:135 flask.cli.find_app_by_string event=line locals={'expr': '<ast.Call object at 0x73e937e87d00>'}
2026-08-22 23:52:08.811 /testbed/src/flask/cli.py:139 flask.cli.find_app_by_string event=line locals={}
2026-08-22 23:52:08.812 /testbed/src/flask/cli.py:141 flask.cli.find_app_by_string event=line locals={}
2026-08-22 23:52:08.812 /testbed/src/flask/cli.py:146 flask.cli.find_app_by_string event=line locals={}
2026-08-22 23:52:08.812 /testbed/src/flask/cli.py:149 flask.cli.find_app_by_string event=line locals={'name': "'build_app'"}
2026-08-22 23:52:08.812 /testbed/src/flask/cli.py:150 flask.cli.find_app_by_string event=line locals={}
2026-08-22 23:52:08.812 /testbed/src/flask/cli.py:151 flask.cli.find_app_by_string event=line locals={'args': "[[104, 376, 1521, 49, 74, 1417, 947, 1320, 550, 401, 399, 266, 1305, 282], {'mask': 68, 'phase': 3, 'seed': 5961, 'checksum': 4111, 'tier': 13, 'anchor': None, 'pairs': (), 'nested': {'values': [104, 1521, 74, 947, 550], 'turn': 32, 'active': True}}]"}
2026-08-22 23:52:08.812 /testbed/src/flask/cli.py:153 flask.cli.find_app_by_string event=line locals={}
2026-08-22 23:52:08.812 /testbed/src/flask/cli.py:151 flask.cli.find_app_by_string event=line locals={}
2026-08-22 23:52:08.812 /testbed/src/flask/cli.py:167 flask.cli.find_app_by_string event=line locals={'kwargs': "{'scale': 17, 'offset': 219, 'tags': ('tag-075', 'tag-098', 'tag-105', 'tag-035', 'tag-065', 'tag-016', 'tag-059', 'tag-056', 'tag-053', 'tag-036')}"}
2026-08-22 23:52:08.812 /testbed/src/flask/cli.py:168 flask.cli.find_app_by_string event=line locals={}
2026-08-22 23:52:08.812 /testbed/src/flask/cli.py:176 flask.cli.find_app_by_string event=line locals={'attr': '<function build_app at 0x73e937e96840>'}
2026-08-22 23:52:08.812 /testbed/src/flask/cli.py:177 flask.cli.find_app_by_string event=line locals={}
2026-08-22 23:52:08.812 /testbed/src/flask/cli.py:178 flask.cli.find_app_by_string event=line locals={}
2026-08-22 23:52:08.827 /testbed/src/flask/cli.py:191 flask.cli.find_app_by_string event=line locals={'app': "<Flask 'runtime-196394'>"}
2026-08-22 23:52:08.827 /testbed/src/flask/cli.py:192 flask.cli.find_app_by_string event=line locals={}
2026-08-22 23:52:08.827 /testbed/src/flask/cli.py:192 flask.cli.find_app_by_string event=return retval=<Flask 'runtime-196394'> locals={'Flask': "<class 'flask.app.Flask'>", 'app': "<Flask 'runtime-196394'>", 'app_name': '"build_app([104, 376, 1521, 49, 74, 1417, 947, 1320, 550, 401, 399, 266, 1305, 282], {\'mask\': 68, \'phase\': 3, \'seed\': 5961, \'checksum\': 4111, \'tier\': 13, \'anchor\': None, \'pairs\': (), \'nested\': {\'values\': [104, 1521, 74, 947, 550], \'turn\': 32, \'active\': True}}, scale=17, offset=219, tags=(\'tag-075\', \'tag-098\', \'tag-105\', \'tag-035\', \'tag-065\', \'tag-016\', \'tag-059\', \'tag-056\', \'tag-053\', \'tag-036\'))"', 'args': "[[104, 376, 1521, 49, 74, 1417, 947, 1320, 550, 401, 399, 266, 1305, 282], {'mask': 68, 'phase': 3, 'seed': 5961, 'checksum': 4111, 'tier': 13, 'anchor': None, 'pairs': (), 'nested': {'values': [104, 1521, 74, 947, 550], 'turn': 32, 'active': True}}]", 'attr': '<function build_app at 0x73e937e96840>', 'expr': '<ast.Call object at 0x73e937e87d00>', 'kwargs': "{'scale': 17, 'offset': 219, 'tags': ('tag-075', 'tag-098', 'tag-105', 'tag-035', 'tag-065', 'tag-016', 'tag-059', 'tag-056', 'tag-053', 'tag-036')}", 'module': "<module 'qa_factory_bench_module'>", 'name': "'build_app'"}
2026-08-22 23:52:08.828 /testbed/src/flask/cli.py:120 flask.cli.find_app_by_string event=call locals={'app_name': '"build_app([853, 1261, 1201, 1458, 847, 1075, 1410, 326, 1529, 756, 1495, 519, 234, 1397], {\'mask\': 261, \'phase\': 30, \'seed\': 9831, \'checksum\': 6792, \'tier\': 0, \'anchor\': None, \'pairs\': (853,), \'nested\': {\'values\': [853, 1201, 847, 1410, 1529], \'turn\': 33, \'active\': False}}, scale=9, offset=492, tags=(\'tag-073\', \'tag-105\', \'tag-050\', \'tag-058\', \'tag-087\', \'tag-066\', \'tag-025\', \'tag-089\', \'tag-027\', \'tag-021\'))"', 'module': "<module 'qa_factory_bench_module'>"}
2026-08-22 23:52:08.828 /testbed/src/flask/cli.py:124 flask.cli.find_app_by_string event=line locals={}
2026-08-22 23:52:08.828 /testbed/src/flask/cli.py:128 flask.cli.find_app_by_string event=line locals={'Flask': "<class 'flask.app.Flask'>"}
2026-08-22 23:52:08.828 /testbed/src/flask/cli.py:129 flask.cli.find_app_by_string event=line locals={}
2026-08-22 23:52:08.829 /testbed/src/flask/cli.py:135 flask.cli.find_app_by_string event=line locals={'expr': '<ast.Call object at 0x73e937ccbee0>'}
2026-08-22 23:52:08.829 /testbed/src/flask/cli.py:139 flask.cli.find_app_by_string event=line locals={}
2026-08-22 23:52:08.829 /testbed/src/flask/cli.py:141 flask.cli.find_app_by_string event=line locals={}
2026-08-22 23:52:08.829 /testbed/src/flask/cli.py:146 flask.cli.find_app_by_string event=line locals={}
2026-08-22 23:52:08.829 /testbed/src/flask/cli.py:149 flask.cli.find_app_by_string event=line locals={'name': "'build_app'"}
2026-08-22 23:52:08.829 /testbed/src/flask/cli.py:150 flask.cli.find_app_by_string event=line locals={}
2026-08-22 23:52:08.829 /testbed/src/flask/cli.py:151 flask.cli.find_app_by_string event=line locals={'args': "[[853, 1261, 1201, 1458, 847, 1075, 1410, 326, 1529, 756, 1495, 519, 234, 1397], {'mask': 261, 'phase': 30, 'seed': 9831, 'checksum': 6792, 'tier': 0, 'anchor': None, 'pairs': (853,), 'nested': {'values': [853, 1201, 847, 1410, 1529], 'turn': 33, 'active': False}}]"}
2026-08-22 23:52:08.829 /testbed/src/flask/cli.py:153 flask.cli.find_app_by_string event=line locals={}
2026-08-22 23:52:08.829 /testbed/src/flask/cli.py:151 flask.cli.find_app_by_string event=line locals={}
2026-08-22 23:52:08.829 /testbed/src/flask/cli.py:167 flask.cli.find_app_by_string event=line locals={'kwargs': "{'scale': 9, 'offset': 492, 'tags': ('tag-073', 'tag-105', 'tag-050', 'tag-058', 'tag-087', 'tag-066', 'tag-025', 'tag-089', 'tag-027', 'tag-021')}"}
2026-08-22 23:52:08.829 /testbed/src/flask/cli.py:168 flask.cli.find_app_by_string event=line locals={}
2026-08-22 23:52:08.829 /testbed/src/flask/cli.py:176 flask.cli.find_app_by_string event=line locals={'attr': '<function build_app at 0x73e937e96840>'}
2026-08-22 23:52:08.829 /testbed/src/flask/cli.py:177 flask.cli.find_app_by_string event=line locals={}
2026-08-22 23:52:08.829 /testbed/src/flask/cli.py:178 flask.cli.find_app_by_string event=line locals={}
2026-08-22 23:52:08.844 /testbed/src/flask/cli.py:191 flask.cli.find_app_by_string event=line locals={'app': "<Flask 'runtime-944616'>"}
2026-08-22 23:52:08.844 /testbed/src/flask/cli.py:192 flask.cli.find_app_by_string event=line locals={}
2026-08-22 23:52:08.844 /testbed/src/flask/cli.py:192 flask.cli.find_app_by_string event=return retval=<Flask 'runtime-944616'> locals={'Flask': "<class 'flask.app.Flask'>", 'app': "<Flask 'runtime-944616'>", 'app_name': '"build_app([853, 1261, 1201, 1458, 847, 1075, 1410, 326, 1529, 756, 1495, 519, 234, 1397], {\'mask\': 261, \'phase\': 30, \'seed\': 9831, \'checksum\': 6792, \'tier\': 0, \'anchor\': None, \'pairs\': (853,), \'nested\': {\'values\': [853, 1201, 847, 1410, 1529], \'turn\': 33, \'active\': False}}, scale=9, offset=492, tags=(\'tag-073\', \'tag-105\', \'tag-050\', \'tag-058\', \'tag-087\', \'tag-066\', \'tag-025\', \'tag-089\', \'tag-027\', \'tag-021\'))"', 'args': "[[853, 1261, 1201, 1458, 847, 1075, 1410, 326, 1529, 756, 1495, 519, 234, 1397], {'mask': 261, 'phase': 30, 'seed': 9831, 'checksum': 6792, 'tier': 0, 'anchor': None, 'pairs': (853,), 'nested': {'values': [853, 1201, 847, 1410, 1529], 'turn': 33, 'active': False}}]", 'attr': '<function build_app at 0x73e937e96840>', 'expr': '<ast.Call object at 0x73e937ccbee0>', 'kwargs': "{'scale': 9, 'offset': 492, 'tags': ('tag-073', 'tag-105', 'tag-050', 'tag-058', 'tag-087', 'tag-066', 'tag-025', 'tag-089', 'tag-027', 'tag-021')}", 'module': "<module 'qa_factory_bench_module'>", 'name': "'build_app'"}
2026-08-22 23:52:08.845 /testbed/src/flask/cli.py:120 flask.cli.find_app_by_string event=call locals={'app_name': '"build_app([611, 1297, 888, 1482, 1131, 75, 1263, 22, 759, 98, 1063, 1320, 1104, 1088], {\'mask\': 216, \'phase\': 20, \'seed\': 4501, \'checksum\': 5382, \'tier\': 10, \'anchor\': None, \'pairs\': (611, 1297), \'nested\': {\'values\': [611, 888, 1131, 1263, 759], \'turn\': 34, \'active\': True}}, scale=19, offset=942, tags=(\'tag-096\', \'tag-025\', \'tag-002\', \'tag-093\', \'tag-001\', \'tag-093\', \'tag-016\', \'tag-050\', \'tag-030\', \'tag-009\'))"', 'module': "<module 'qa_factory_bench_module'>"}
2026-08-22 23:52:08.845 /testbed/src/flask/cli.py:124 flask.cli.find_app_by_string event=line locals={}
2026-08-22 23:52:08.845 /testbed/src/flask/cli.py:128 flask.cli.find_app_by_string event=line locals={'Flask': "<class 'flask.app.Flask'>"}
2026-08-22 23:52:08.845 /testbed/src/flask/cli.py:129 flask.cli.find_app_by_string event=line locals={}
2026-08-22 23:52:08.845 /testbed/src/flask/cli.py:135 flask.cli.find_app_by_string event=line locals={'expr': '<ast.Call object at 0x73e937e86d10>'}
2026-08-22 23:52:08.845 /testbed/src/flask/cli.py:139 flask.cli.find_app_by_string event=line locals={}
2026-08-22 23:52:08.845 /testbed/src/flask/cli.py:141 flask.cli.find_app_by_string event=line locals={}
2026-08-22 23:52:08.845 /testbed/src/flask/cli.py:146 flask.cli.find_app_by_string event=line locals={}
2026-08-22 23:52:08.845 /testbed/src/flask/cli.py:149 flask.cli.find_app_by_string event=line locals={'name': "'build_app'"}
2026-08-22 23:52:08.845 /testbed/src/flask/cli.py:150 flask.cli.find_app_by_string event=line locals={}
2026-08-22 23:52:08.846 /testbed/src/flask/cli.py:151 flask.cli.find_app_by_string event=line locals={'args': "[[611, 1297, 888, 1482, 1131, 75, 1263, 22, 759, 98, 1063, 1320, 1104, 1088], {'mask': 216, 'phase': 20, 'seed': 4501, 'checksum': 5382, 'tier': 10, 'anchor': None, 'pairs': (611, 1297), 'nested': {'values': [611, 888, 1131, 1263, 759], 'turn': 34, 'active': True}}]"}
2026-08-22 23:52:08.846 /testbed/src/flask/cli.py:153 flask.cli.find_app_by_string event=line locals={}
2026-08-22 23:52:08.846 /testbed/src/flask/cli.py:151 flask.cli.find_app_by_string event=line locals={}
2026-08-22 23:52:08.846 /testbed/src/flask/cli.py:167 flask.cli.find_app_by_string event=line locals={'kwargs': "{'scale': 19, 'offset': 942, 'tags': ('tag-096', 'tag-025', 'tag-002', 'tag-093', 'tag-001', 'tag-093', 'tag-016', 'tag-050', 'tag-030', 'tag-009')}"}
2026-08-22 23:52:08.846 /testbed/src/flask/cli.py:168 flask.cli.find_app_by_string event=line locals={}
2026-08-22 23:52:08.846 /testbed/src/flask/cli.py:176 flask.cli.find_app_by_string event=line locals={'attr': '<function build_app at 0x73e937e96840>'}
2026-08-22 23:52:08.846 /testbed/src/flask/cli.py:177 flask.cli.find_app_by_string event=line locals={}
2026-08-22 23:52:08.846 /testbed/src/flask/cli.py:178 flask.cli.find_app_by_string event=line locals={}
2026-08-22 23:52:08.860 /testbed/src/flask/cli.py:191 flask.cli.find_app_by_string event=line locals={'app': "<Flask 'runtime-771022'>"}
2026-08-22 23:52:08.860 /testbed/src/flask/cli.py:192 flask.cli.find_app_by_string event=line locals={}
2026-08-22 23:52:08.860 /testbed/src/flask/cli.py:192 flask.cli.find_app_by_string event=return retval=<Flask 'runtime-771022'> locals={'Flask': "<class 'flask.app.Flask'>", 'app': "<Flask 'runtime-771022'>", 'app_name': '"build_app([611, 1297, 888, 1482, 1131, 75, 1263, 22, 759, 98, 1063, 1320, 1104, 1088], {\'mask\': 216, \'phase\': 20, \'seed\': 4501, \'checksum\': 5382, \'tier\': 10, \'anchor\': None, \'pairs\': (611, 1297), \'nested\': {\'values\': [611, 888, 1131, 1263, 759], \'turn\': 34, \'active\': True}}, scale=19, offset=942, tags=(\'tag-096\', \'tag-025\', \'tag-002\', \'tag-093\', \'tag-001\', \'tag-093\', \'tag-016\', \'tag-050\', \'tag-030\', \'tag-009\'))"', 'args': "[[611, 1297, 888, 1482, 1131, 75, 1263, 22, 759, 98, 1063, 1320, 1104, 1088], {'mask': 216, 'phase': 20, 'seed': 4501, 'checksum': 5382, 'tier': 10, 'anchor': None, 'pairs': (611, 1297), 'nested': {'values': [611, 888, 1131, 1263, 759], 'turn': 34, 'active': True}}]", 'attr': '<function build_app at 0x73e937e96840>', 'expr': '<ast.Call object at 0x73e937e86d10>', 'kwargs': "{'scale': 19, 'offset': 942, 'tags': ('tag-096', 'tag-025', 'tag-002', 'tag-093', 'tag-001', 'tag-093', 'tag-016', 'tag-050', 'tag-030', 'tag-009')}", 'module': "<module 'qa_factory_bench_module'>", 'name': "'build_app'"}
2026-08-22 23:52:08.862 /testbed/src/flask/cli.py:120 flask.cli.find_app_by_string event=call locals={'app_name': '"build_app([1289, 635, 625, 1075, 555, 1478, 683, 46, 759, 202, 879, 382, 714, 1132], {\'mask\': 317, \'phase\': 38, \'seed\': 7415, \'checksum\': 4950, \'tier\': 8, \'anchor\': 17, \'pairs\': (1289, 635, 625), \'nested\': {\'values\': [1289, 625, 555, 683, 759], \'turn\': 35, \'active\': False}}, scale=17, offset=350, tags=(\'tag-023\', \'tag-009\', \'tag-004\', \'tag-078\', \'tag-071\', \'tag-110\', \'tag-082\', \'tag-085\', \'tag-041\', \'tag-124\'))"', 'module': "<module 'qa_factory_bench_module'>"}
2026-08-22 23:52:08.862 /testbed/src/flask/cli.py:124 flask.cli.find_app_by_string event=line locals={}
2026-08-22 23:52:08.862 /testbed/src/flask/cli.py:128 flask.cli.find_app_by_string event=line locals={'Flask': "<class 'flask.app.Flask'>"}
2026-08-22 23:52:08.862 /testbed/src/flask/cli.py:129 flask.cli.find_app_by_string event=line locals={}
2026-08-22 23:52:08.862 /testbed/src/flask/cli.py:135 flask.cli.find_app_by_string event=line locals={'expr': '<ast.Call object at 0x73e937e86710>'}
2026-08-22 23:52:08.862 /testbed/src/flask/cli.py:139 flask.cli.find_app_by_string event=line locals={}
2026-08-22 23:52:08.862 /testbed/src/flask/cli.py:141 flask.cli.find_app_by_string event=line locals={}
2026-08-22 23:52:08.862 /testbed/src/flask/cli.py:146 flask.cli.find_app_by_string event=line locals={}
2026-08-22 23:52:08.862 /testbed/src/flask/cli.py:149 flask.cli.find_app_by_string event=line locals={'name': "'build_app'"}
2026-08-22 23:52:08.862 /testbed/src/flask/cli.py:150 flask.cli.find_app_by_string event=line locals={}
2026-08-22 23:52:08.862 /testbed/src/flask/cli.py:151 flask.cli.find_app_by_string event=line locals={'args': "[[1289, 635, 625, 1075, 555, 1478, 683, 46, 759, 202, 879, 382, 714, 1132], {'mask': 317, 'phase': 38, 'seed': 7415, 'checksum': 4950, 'tier': 8, 'anchor': 17, 'pairs': (1289, 635, 625), 'nested': {'values': [1289, 625, 555, 683, 759], 'turn': 35, 'active': False}}]"}
2026-08-22 23:52:08.862 /testbed/src/flask/cli.py:153 flask.cli.find_app_by_string event=line locals={}
2026-08-22 23:52:08.862 /testbed/src/flask/cli.py:151 flask.cli.find_app_by_string event=line locals={}
2026-08-22 23:52:08.862 /testbed/src/flask/cli.py:167 flask.cli.find_app_by_string event=line locals={'kwargs': "{'scale': 17, 'offset': 350, 'tags': ('tag-023', 'tag-009', 'tag-004', 'tag-078', 'tag-071', 'tag-110', 'tag-082', 'tag-085', 'tag-041', 'tag-124')}"}
2026-08-22 23:52:08.862 /testbed/src/flask/cli.py:168 flask.cli.find_app_by_string event=line locals={}
2026-08-22 23:52:08.862 /testbed/src/flask/cli.py:176 flask.cli.find_app_by_string event=line locals={'attr': '<function build_app at 0x73e937e96840>'}
2026-08-22 23:52:08.862 /testbed/src/flask/cli.py:177 flask.cli.find_app_by_string event=line locals={}
2026-08-22 23:52:08.862 /testbed/src/flask/cli.py:178 flask.cli.find_app_by_string event=line locals={}
2026-08-22 23:52:08.877 /testbed/src/flask/cli.py:191 flask.cli.find_app_by_string event=line locals={'app': "<Flask 'runtime-277142'>"}
2026-08-22 23:52:08.877 /testbed/src/flask/cli.py:192 flask.cli.find_app_by_string event=line locals={}
2026-08-22 23:52:08.877 /testbed/src/flask/cli.py:192 flask.cli.find_app_by_string event=return retval=<Flask 'runtime-277142'> locals={'Flask': "<class 'flask.app.Flask'>", 'app': "<Flask 'runtime-277142'>", 'app_name': '"build_app([1289, 635, 625, 1075, 555, 1478, 683, 46, 759, 202, 879, 382, 714, 1132], {\'mask\': 317, \'phase\': 38, \'seed\': 7415, \'checksum\': 4950, \'tier\': 8, \'anchor\': 17, \'pairs\': (1289, 635, 625), \'nested\': {\'values\': [1289, 625, 555, 683, 759], \'turn\': 35, \'active\': False}}, scale=17, offset=350, tags=(\'tag-023\', \'tag-009\', \'tag-004\', \'tag-078\', \'tag-071\', \'tag-110\', \'tag-082\', \'tag-085\', \'tag-041\', \'tag-124\'))"', 'args': "[[1289, 635, 625, 1075, 555, 1478, 683, 46, 759, 202, 879, 382, 714, 1132], {'mask': 317, 'phase': 38, 'seed': 7415, 'checksum': 4950, 'tier': 8, 'anchor': 17, 'pairs': (1289, 635, 625), 'nested': {'values': [1289, 625, 555, 683, 759], 'turn': 35, 'active': False}}]", 'attr': '<function build_app at 0x73e937e96840>', 'expr': '<ast.Call object at 0x73e937e86710>', 'kwargs': "{'scale': 17, 'offset': 350, 'tags': ('tag-023', 'tag-009', 'tag-004', 'tag-078', 'tag-071', 'tag-110', 'tag-082', 'tag-085', 'tag-041', 'tag-124')}", 'module': "<module 'qa_factory_bench_module'>", 'name': "'build_app'"}
2026-08-22 23:52:08.878 /testbed/src/flask/cli.py:120 flask.cli.find_app_by_string event=call locals={'app_name': '"build_app([629, 935, 544, 488, 979, 915, 496, 635, 1137, 836, 1205, 1368, 1422, 372], {\'mask\': 252, \'phase\': 42, \'seed\': 1926, \'checksum\': 5549, \'tier\': 4, \'anchor\': None, \'pairs\': (), \'nested\': {\'values\': [629, 544, 979, 496, 1137], \'turn\': 36, \'active\': True}}, scale=6, offset=231, tags=(\'tag-009\', \'tag-066\', \'tag-061\', \'tag-010\', \'tag-125\', \'tag-066\', \'tag-033\', \'tag-050\', \'tag-049\', \'tag-007\'))"', 'module': "<module 'qa_factory_bench_module'>"}
2026-08-22 23:52:08.878 /testbed/src/flask/cli.py:124 flask.cli.find_app_by_string event=line locals={}
2026-08-22 23:52:08.878 /testbed/src/flask/cli.py:128 flask.cli.find_app_by_string event=line locals={'Flask': "<class 'flask.app.Flask'>"}
2026-08-22 23:52:08.878 /testbed/src/flask/cli.py:129 flask.cli.find_app_by_string event=line locals={}
2026-08-22 23:52:08.878 /testbed/src/flask/cli.py:135 flask.cli.find_app_by_string event=line locals={'expr': '<ast.Call object at 0x73e937cca170>'}
2026-08-22 23:52:08.878 /testbed/src/flask/cli.py:139 flask.cli.find_app_by_string event=line locals={}
2026-08-22 23:52:08.878 /testbed/src/flask/cli.py:141 flask.cli.find_app_by_string event=line locals={}
2026-08-22 23:52:08.878 /testbed/src/flask/cli.py:146 flask.cli.find_app_by_string event=line locals={}
2026-08-22 23:52:08.878 /testbed/src/flask/cli.py:149 flask.cli.find_app_by_string event=line locals={'name': "'build_app'"}
2026-08-22 23:52:08.878 /testbed/src/flask/cli.py:150 flask.cli.find_app_by_string event=line locals={}
2026-08-22 23:52:08.879 /testbed/src/flask/cli.py:151 flask.cli.find_app_by_string event=line locals={'args': "[[629, 935, 544, 488, 979, 915, 496, 635, 1137, 836, 1205, 1368, 1422, 372], {'mask': 252, 'phase': 42, 'seed': 1926, 'checksum': 5549, 'tier': 4, 'anchor': None, 'pairs': (), 'nested': {'values': [629, 544, 979, 496, 1137], 'turn': 36, 'active': True}}]"}
2026-08-22 23:52:08.879 /testbed/src/flask/cli.py:153 flask.cli.find_app_by_string event=line locals={}
2026-08-22 23:52:08.879 /testbed/src/flask/cli.py:151 flask.cli.find_app_by_string event=line locals={}
2026-08-22 23:52:08.879 /testbed/src/flask/cli.py:167 flask.cli.find_app_by_string event=line locals={'kwargs': "{'scale': 6, 'offset': 231, 'tags': ('tag-009', 'tag-066', 'tag-061', 'tag-010', 'tag-125', 'tag-066', 'tag-033', 'tag-050', 'tag-049', 'tag-007')}"}
2026-08-22 23:52:08.879 /testbed/src/flask/cli.py:168 flask.cli.find_app_by_string event=line locals={}
2026-08-22 23:52:08.879 /testbed/src/flask/cli.py:176 flask.cli.find_app_by_string event=line locals={'attr': '<function build_app at 0x73e937e96840>'}
2026-08-22 23:52:08.879 /testbed/src/flask/cli.py:177 flask.cli.find_app_by_string event=line locals={}
2026-08-22 23:52:08.879 /testbed/src/flask/cli.py:178 flask.cli.find_app_by_string event=line locals={}
2026-08-22 23:52:08.893 /testbed/src/flask/cli.py:191 flask.cli.find_app_by_string event=line locals={'app': "<Flask 'runtime-599195'>"}
2026-08-22 23:52:08.893 /testbed/src/flask/cli.py:192 flask.cli.find_app_by_string event=line locals={}
2026-08-22 23:52:08.893 /testbed/src/flask/cli.py:192 flask.cli.find_app_by_string event=return retval=<Flask 'runtime-599195'> locals={'Flask': "<class 'flask.app.Flask'>", 'app': "<Flask 'runtime-599195'>", 'app_name': '"build_app([629, 935, 544, 488, 979, 915, 496, 635, 1137, 836, 1205, 1368, 1422, 372], {\'mask\': 252, \'phase\': 42, \'seed\': 1926, \'checksum\': 5549, \'tier\': 4, \'anchor\': None, \'pairs\': (), \'nested\': {\'values\': [629, 544, 979, 496, 1137], \'turn\': 36, \'active\': True}}, scale=6, offset=231, tags=(\'tag-009\', \'tag-066\', \'tag-061\', \'tag-010\', \'tag-125\', \'tag-066\', \'tag-033\', \'tag-050\', \'tag-049\', \'tag-007\'))"', 'args': "[[629, 935, 544, 488, 979, 915, 496, 635, 1137, 836, 1205, 1368, 1422, 372], {'mask': 252, 'phase': 42, 'seed': 1926, 'checksum': 5549, 'tier': 4, 'anchor': None, 'pairs': (), 'nested': {'values': [629, 544, 979, 496, 1137], 'turn': 36, 'active': True}}]", 'attr': '<function build_app at 0x73e937e96840>', 'expr': '<ast.Call object at 0x73e937cca170>', 'kwargs': "{'scale': 6, 'offset': 231, 'tags': ('tag-009', 'tag-066', 'tag-061', 'tag-010', 'tag-125', 'tag-066', 'tag-033', 'tag-050', 'tag-049', 'tag-007')}", 'module': "<module 'qa_factory_bench_module'>", 'name': "'build_app'"}
2026-08-22 23:52:08.894 /testbed/src/flask/cli.py:120 flask.cli.find_app_by_string event=call locals={'app_name': '"build_app([670, 730, 1192, 409, 1047, 517, 1531, 1118, 1457, 1235, 842, 692, 430, 584], {\'mask\': 335, \'phase\': 25, \'seed\': 7699, \'checksum\': 5285, \'tier\': 12, \'anchor\': None, \'pairs\': (670,), \'nested\': {\'values\': [670, 1192, 1047, 1531, 1457], \'turn\': 37, \'active\': False}}, scale=19, offset=309, tags=(\'tag-061\', \'tag-126\', \'tag-085\', \'tag-069\', \'tag-077\', \'tag-060\', \'tag-063\', \'tag-036\', \'tag-126\', \'tag-036\'))"', 'module': "<module 'qa_factory_bench_module'>"}
2026-08-22 23:52:08.894 /testbed/src/flask/cli.py:124 flask.cli.find_app_by_string event=line locals={}
2026-08-22 23:52:08.894 /testbed/src/flask/cli.py:128 flask.cli.find_app_by_string event=line locals={'Flask': "<class 'flask.app.Flask'>"}
2026-08-22 23:52:08.894 /testbed/src/flask/cli.py:129 flask.cli.find_app_by_string event=line locals={}
2026-08-22 23:52:08.894 /testbed/src/flask/cli.py:135 flask.cli.find_app_by_string event=line locals={'expr': '<ast.Call object at 0x73e937e87b20>'}
2026-08-22 23:52:08.894 /testbed/src/flask/cli.py:139 flask.cli.find_app_by_string event=line locals={}
2026-08-22 23:52:08.894 /testbed/src/flask/cli.py:141 flask.cli.find_app_by_string event=line locals={}
2026-08-22 23:52:08.894 /testbed/src/flask/cli.py:146 flask.cli.find_app_by_string event=line locals={}
2026-08-22 23:52:08.894 /testbed/src/flask/cli.py:149 flask.cli.find_app_by_string event=line locals={'name': "'build_app'"}
2026-08-22 23:52:08.894 /testbed/src/flask/cli.py:150 flask.cli.find_app_by_string event=line locals={}
2026-08-22 23:52:08.895 /testbed/src/flask/cli.py:151 flask.cli.find_app_by_string event=line locals={'args': "[[670, 730, 1192, 409, 1047, 517, 1531, 1118, 1457, 1235, 842, 692, 430, 584], {'mask': 335, 'phase': 25, 'seed': 7699, 'checksum': 5285, 'tier': 12, 'anchor': None, 'pairs': (670,), 'nested': {'values': [670, 1192, 1047, 1531, 1457], 'turn': 37, 'active': False}}]"}
2026-08-22 23:52:08.895 /testbed/src/flask/cli.py:153 flask.cli.find_app_by_string event=line locals={}
2026-08-22 23:52:08.895 /testbed/src/flask/cli.py:151 flask.cli.find_app_by_string event=line locals={}
2026-08-22 23:52:08.895 /testbed/src/flask/cli.py:167 flask.cli.find_app_by_string event=line locals={'kwargs': "{'scale': 19, 'offset': 309, 'tags': ('tag-061', 'tag-126', 'tag-085', 'tag-069', 'tag-077', 'tag-060', 'tag-063', 'tag-036', 'tag-126', 'tag-036')}"}
2026-08-22 23:52:08.895 /testbed/src/flask/cli.py:168 flask.cli.find_app_by_string event=line locals={}
2026-08-22 23:52:08.895 /testbed/src/flask/cli.py:176 flask.cli.find_app_by_string event=line locals={'attr': '<function build_app at 0x73e937e96840>'}
2026-08-22 23:52:08.895 /testbed/src/flask/cli.py:177 flask.cli.find_app_by_string event=line locals={}
2026-08-22 23:52:08.895 /testbed/src/flask/cli.py:178 flask.cli.find_app_by_string event=line locals={}
2026-08-22 23:52:08.909 /testbed/src/flask/cli.py:191 flask.cli.find_app_by_string event=line locals={'app': "<Flask 'runtime-776865'>"}
2026-08-22 23:52:08.909 /testbed/src/flask/cli.py:192 flask.cli.find_app_by_string event=line locals={}
2026-08-22 23:52:08.909 /testbed/src/flask/cli.py:192 flask.cli.find_app_by_string event=return retval=<Flask 'runtime-776865'> locals={'Flask': "<class 'flask.app.Flask'>", 'app': "<Flask 'runtime-776865'>", 'app_name': '"build_app([670, 730, 1192, 409, 1047, 517, 1531, 1118, 1457, 1235, 842, 692, 430, 584], {\'mask\': 335, \'phase\': 25, \'seed\': 7699, \'checksum\': 5285, \'tier\': 12, \'anchor\': None, \'pairs\': (670,), \'nested\': {\'values\': [670, 1192, 1047, 1531, 1457], \'turn\': 37, \'active\': False}}, scale=19, offset=309, tags=(\'tag-061\', \'tag-126\', \'tag-085\', \'tag-069\', \'tag-077\', \'tag-060\', \'tag-063\', \'tag-036\', \'tag-126\', \'tag-036\'))"', 'args': "[[670, 730, 1192, 409, 1047, 517, 1531, 1118, 1457, 1235, 842, 692, 430, 584], {'mask': 335, 'phase': 25, 'seed': 7699, 'checksum': 5285, 'tier': 12, 'anchor': None, 'pairs': (670,), 'nested': {'values': [670, 1192, 1047, 1531, 1457], 'turn': 37, 'active': False}}]", 'attr': '<function build_app at 0x73e937e96840>', 'expr': '<ast.Call object at 0x73e937e87b20>', 'kwargs': "{'scale': 19, 'offset': 309, 'tags': ('tag-061', 'tag-126', 'tag-085', 'tag-069', 'tag-077', 'tag-060', 'tag-063', 'tag-036', 'tag-126', 'tag-036')}", 'module': "<module 'qa_factory_bench_module'>", 'name': "'build_app'"}
2026-08-22 23:52:08.910 /testbed/src/flask/cli.py:120 flask.cli.find_app_by_string event=call locals={'app_name': '"build_app([907, 526, 582, 747, 727, 1329, 1300, 871, 373, 919, 91, 422, 921, 455], {\'mask\': 181, \'phase\': 29, \'seed\': 3673, \'checksum\': 5269, \'tier\': 2, \'anchor\': None, \'pairs\': (907, 526), \'nested\': {\'values\': [907, 582, 727, 1300, 373], \'turn\': 38, \'active\': True}}, scale=6, offset=648, tags=(\'tag-055\', \'tag-060\', \'tag-121\', \'tag-037\', \'tag-022\', \'tag-121\', \'tag-097\', \'tag-054\', \'tag-069\', \'tag-112\'))"', 'module': "<module 'qa_factory_bench_module'>"}
2026-08-22 23:52:08.910 /testbed/src/flask/cli.py:124 flask.cli.find_app_by_string event=line locals={}
2026-08-22 23:52:08.910 /testbed/src/flask/cli.py:128 flask.cli.find_app_by_string event=line locals={'Flask': "<class 'flask.app.Flask'>"}
2026-08-22 23:52:08.910 /testbed/src/flask/cli.py:129 flask.cli.find_app_by_string event=line locals={}
2026-08-22 23:52:08.910 /testbed/src/flask/cli.py:135 flask.cli.find_app_by_string event=line locals={'expr': '<ast.Call object at 0x73e937ccadd0>'}
2026-08-22 23:52:08.910 /testbed/src/flask/cli.py:139 flask.cli.find_app_by_string event=line locals={}
2026-08-22 23:52:08.910 /testbed/src/flask/cli.py:141 flask.cli.find_app_by_string event=line locals={}
2026-08-22 23:52:08.910 /testbed/src/flask/cli.py:146 flask.cli.find_app_by_string event=line locals={}
2026-08-22 23:52:08.910 /testbed/src/flask/cli.py:149 flask.cli.find_app_by_string event=line locals={'name': "'build_app'"}
2026-08-22 23:52:08.910 /testbed/src/flask/cli.py:150 flask.cli.find_app_by_string event=line locals={}
2026-08-22 23:52:08.911 /testbed/src/flask/cli.py:151 flask.cli.find_app_by_string event=line locals={'args': "[[907, 526, 582, 747, 727, 1329, 1300, 871, 373, 919, 91, 422, 921, 455], {'mask': 181, 'phase': 29, 'seed': 3673, 'checksum': 5269, 'tier': 2, 'anchor': None, 'pairs': (907, 526), 'nested': {'values': [907, 582, 727, 1300, 373], 'turn': 38, 'active': True}}]"}
2026-08-22 23:52:08.911 /testbed/src/flask/cli.py:153 flask.cli.find_app_by_string event=line locals={}
2026-08-22 23:52:08.911 /testbed/src/flask/cli.py:151 flask.cli.find_app_by_string event=line locals={}
2026-08-22 23:52:08.911 /testbed/src/flask/cli.py:167 flask.cli.find_app_by_string event=line locals={'kwargs': "{'scale': 6, 'offset': 648, 'tags': ('tag-055', 'tag-060', 'tag-121', 'tag-037', 'tag-022', 'tag-121', 'tag-097', 'tag-054', 'tag-069', 'tag-112')}"}
2026-08-22 23:52:08.911 /testbed/src/flask/cli.py:168 flask.cli.find_app_by_string event=line locals={}
2026-08-22 23:52:08.911 /testbed/src/flask/cli.py:176 flask.cli.find_app_by_string event=line locals={'attr': '<function build_app at 0x73e937e96840>'}
2026-08-22 23:52:08.911 /testbed/src/flask/cli.py:177 flask.cli.find_app_by_string event=line locals={}
2026-08-22 23:52:08.911 /testbed/src/flask/cli.py:178 flask.cli.find_app_by_string event=line locals={}
2026-08-22 23:52:08.925 /testbed/src/flask/cli.py:191 flask.cli.find_app_by_string event=line locals={'app': "<Flask 'runtime-444338'>"}
2026-08-22 23:52:08.925 /testbed/src/flask/cli.py:192 flask.cli.find_app_by_string event=line locals={}
2026-08-22 23:52:08.925 /testbed/src/flask/cli.py:192 flask.cli.find_app_by_string event=return retval=<Flask 'runtime-444338'> locals={'Flask': "<class 'flask.app.Flask'>", 'app': "<Flask 'runtime-444338'>", 'app_name': '"build_app([907, 526, 582, 747, 727, 1329, 1300, 871, 373, 919, 91, 422, 921, 455], {\'mask\': 181, \'phase\': 29, \'seed\': 3673, \'checksum\': 5269, \'tier\': 2, \'anchor\': None, \'pairs\': (907, 526), \'nested\': {\'values\': [907, 582, 727, 1300, 373], \'turn\': 38, \'active\': True}}, scale=6, offset=648, tags=(\'tag-055\', \'tag-060\', \'tag-121\', \'tag-037\', \'tag-022\', \'tag-121\', \'tag-097\', \'tag-054\', \'tag-069\', \'tag-112\'))"', 'args': "[[907, 526, 582, 747, 727, 1329, 1300, 871, 373, 919, 91, 422, 921, 455], {'mask': 181, 'phase': 29, 'seed': 3673, 'checksum': 5269, 'tier': 2, 'anchor': None, 'pairs': (907, 526), 'nested': {'values': [907, 582, 727, 1300, 373], 'turn': 38, 'active': True}}]", 'attr': '<function build_app at 0x73e937e96840>', 'expr': '<ast.Call object at 0x73e937ccadd0>', 'kwargs': "{'scale': 6, 'offset': 648, 'tags': ('tag-055', 'tag-060', 'tag-121', 'tag-037', 'tag-022', 'tag-121', 'tag-097', 'tag-054', 'tag-069', 'tag-112')}", 'module': "<module 'qa_factory_bench_module'>", 'name': "'build_app'"}
2026-08-22 23:52:08.926 /testbed/src/flask/cli.py:120 flask.cli.find_app_by_string event=call locals={'app_name': '"build_app([1508, 1460, 197, 366, 1327, 566, 840, 1076, 955, 1151, 1220, 12, 1025, 467], {\'mask\': 219, \'phase\': 33, \'seed\': 58, \'checksum\': 5098, \'tier\': 9, \'anchor\': None, \'pairs\': (1508, 1460, 197), \'nested\': {\'values\': [1508, 197, 1327, 840, 955], \'turn\': 39, \'active\': False}}, scale=16, offset=970, tags=(\'tag-032\', \'tag-116\', \'tag-001\', \'tag-048\', \'tag-125\', \'tag-004\', \'tag-029\', \'tag-016\', \'tag-027\', \'tag-101\'))"', 'module': "<module 'qa_factory_bench_module'>"}
2026-08-22 23:52:08.926 /testbed/src/flask/cli.py:124 flask.cli.find_app_by_string event=line locals={}
2026-08-22 23:52:08.926 /testbed/src/flask/cli.py:128 flask.cli.find_app_by_string event=line locals={'Flask': "<class 'flask.app.Flask'>"}
2026-08-22 23:52:08.926 /testbed/src/flask/cli.py:129 flask.cli.find_app_by_string event=line locals={}
2026-08-22 23:52:08.926 /testbed/src/flask/cli.py:135 flask.cli.find_app_by_string event=line locals={'expr': '<ast.Call object at 0x73e937e87130>'}
2026-08-22 23:52:08.926 /testbed/src/flask/cli.py:139 flask.cli.find_app_by_string event=line locals={}
2026-08-22 23:52:08.926 /testbed/src/flask/cli.py:141 flask.cli.find_app_by_string event=line locals={}
2026-08-22 23:52:08.926 /testbed/src/flask/cli.py:146 flask.cli.find_app_by_string event=line locals={}
2026-08-22 23:52:08.926 /testbed/src/flask/cli.py:149 flask.cli.find_app_by_string event=line locals={'name': "'build_app'"}
2026-08-22 23:52:08.926 /testbed/src/flask/cli.py:150 flask.cli.find_app_by_string event=line locals={}
2026-08-22 23:52:08.927 /testbed/src/flask/cli.py:151 flask.cli.find_app_by_string event=line locals={'args': "[[1508, 1460, 197, 366, 1327, 566, 840, 1076, 955, 1151, 1220, 12, 1025, 467], {'mask': 219, 'phase': 33, 'seed': 58, 'checksum': 5098, 'tier': 9, 'anchor': None, 'pairs': (1508, 1460, 197), 'nested': {'values': [1508, 197, 1327, 840, 955], 'turn': 39, 'active': False}}]"}
2026-08-22 23:52:08.927 /testbed/src/flask/cli.py:153 flask.cli.find_app_by_string event=line locals={}
2026-08-22 23:52:08.927 /testbed/src/flask/cli.py:151 flask.cli.find_app_by_string event=line locals={}
2026-08-22 23:52:08.927 /testbed/src/flask/cli.py:167 flask.cli.find_app_by_string event=line locals={'kwargs': "{'scale': 16, 'offset': 970, 'tags': ('tag-032', 'tag-116', 'tag-001', 'tag-048', 'tag-125', 'tag-004', 'tag-029', 'tag-016', 'tag-027', 'tag-101')}"}
2026-08-22 23:52:08.927 /testbed/src/flask/cli.py:168 flask.cli.find_app_by_string event=line locals={}
2026-08-22 23:52:08.927 /testbed/src/flask/cli.py:176 flask.cli.find_app_by_string event=line locals={'attr': '<function build_app at 0x73e937e96840>'}
2026-08-22 23:52:08.927 /testbed/src/flask/cli.py:177 flask.cli.find_app_by_string event=line locals={}
2026-08-22 23:52:08.927 /testbed/src/flask/cli.py:178 flask.cli.find_app_by_string event=line locals={}
2026-08-22 23:52:08.941 /testbed/src/flask/cli.py:191 flask.cli.find_app_by_string event=line locals={'app': "<Flask 'runtime-376818'>"}
2026-08-22 23:52:08.941 /testbed/src/flask/cli.py:192 flask.cli.find_app_by_string event=line locals={}
2026-08-22 23:52:08.941 /testbed/src/flask/cli.py:192 flask.cli.find_app_by_string event=return retval=<Flask 'runtime-376818'> locals={'Flask': "<class 'flask.app.Flask'>", 'app': "<Flask 'runtime-376818'>", 'app_name': '"build_app([1508, 1460, 197, 366, 1327, 566, 840, 1076, 955, 1151, 1220, 12, 1025, 467], {\'mask\': 219, \'phase\': 33, \'seed\': 58, \'checksum\': 5098, \'tier\': 9, \'anchor\': None, \'pairs\': (1508, 1460, 197), \'nested\': {\'values\': [1508, 197, 1327, 840, 955], \'turn\': 39, \'active\': False}}, scale=16, offset=970, tags=(\'tag-032\', \'tag-116\', \'tag-001\', \'tag-048\', \'tag-125\', \'tag-004\', \'tag-029\', \'tag-016\', \'tag-027\', \'tag-101\'))"', 'args': "[[1508, 1460, 197, 366, 1327, 566, 840, 1076, 955, 1151, 1220, 12, 1025, 467], {'mask': 219, 'phase': 33, 'seed': 58, 'checksum': 5098, 'tier': 9, 'anchor': None, 'pairs': (1508, 1460, 197), 'nested': {'values': [1508, 197, 1327, 840, 955], 'turn': 39, 'active': False}}]", 'attr': '<function build_app at 0x73e937e96840>', 'expr': '<ast.Call object at 0x73e937e87130>', 'kwargs': "{'scale': 16, 'offset': 970, 'tags': ('tag-032', 'tag-116', 'tag-001', 'tag-048', 'tag-125', 'tag-004', 'tag-029', 'tag-016', 'tag-027', 'tag-101')}", 'module': "<module 'qa_factory_bench_module'>", 'name': "'build_app'"}
2026-08-22 23:52:08.942 /testbed/src/flask/cli.py:120 flask.cli.find_app_by_string event=call locals={'app_name': '"build_app([272, 473, 240, 505, 582, 770, 796, 640, 544, 1119, 322, 1486, 685, 741], {\'mask\': 218, \'phase\': 26, \'seed\': 9851, \'checksum\': 5734, \'tier\': 14, \'anchor\': 34, \'pairs\': (), \'nested\': {\'values\': [272, 240, 582, 796, 544], \'turn\': 40, \'active\': True}}, scale=17, offset=624, tags=(\'tag-077\', \'tag-029\', \'tag-055\', \'tag-071\', \'tag-026\', \'tag-092\', \'tag-123\', \'tag-099\', \'tag-008\', \'tag-080\'))"', 'module': "<module 'qa_factory_bench_module'>"}
2026-08-22 23:52:08.942 /testbed/src/flask/cli.py:124 flask.cli.find_app_by_string event=line locals={}
2026-08-22 23:52:08.942 /testbed/src/flask/cli.py:128 flask.cli.find_app_by_string event=line locals={'Flask': "<class 'flask.app.Flask'>"}
2026-08-22 23:52:08.942 /testbed/src/flask/cli.py:129 flask.cli.find_app_by_string event=line locals={}
2026-08-22 23:52:08.943 /testbed/src/flask/cli.py:135 flask.cli.find_app_by_string event=line locals={'expr': '<ast.Call object at 0x73e937e87790>'}
2026-08-22 23:52:08.943 /testbed/src/flask/cli.py:139 flask.cli.find_app_by_string event=line locals={}
2026-08-22 23:52:08.943 /testbed/src/flask/cli.py:141 flask.cli.find_app_by_string event=line locals={}
2026-08-22 23:52:08.943 /testbed/src/flask/cli.py:146 flask.cli.find_app_by_string event=line locals={}
2026-08-22 23:52:08.943 /testbed/src/flask/cli.py:149 flask.cli.find_app_by_string event=line locals={'name': "'build_app'"}
2026-08-22 23:52:08.943 /testbed/src/flask/cli.py:150 flask.cli.find_app_by_string event=line locals={}
2026-08-22 23:52:08.943 /testbed/src/flask/cli.py:151 flask.cli.find_app_by_string event=line locals={'args': "[[272, 473, 240, 505, 582, 770, 796, 640, 544, 1119, 322, 1486, 685, 741], {'mask': 218, 'phase': 26, 'seed': 9851, 'checksum': 5734, 'tier': 14, 'anchor': 34, 'pairs': (), 'nested': {'values': [272, 240, 582, 796, 544], 'turn': 40, 'active': True}}]"}
2026-08-22 23:52:08.943 /testbed/src/flask/cli.py:153 flask.cli.find_app_by_string event=line locals={}
2026-08-22 23:52:08.943 /testbed/src/flask/cli.py:151 flask.cli.find_app_by_string event=line locals={}
2026-08-22 23:52:08.943 /testbed/src/flask/cli.py:167 flask.cli.find_app_by_string event=line locals={'kwargs': "{'scale': 17, 'offset': 624, 'tags': ('tag-077', 'tag-029', 'tag-055', 'tag-071', 'tag-026', 'tag-092', 'tag-123', 'tag-099', 'tag-008', 'tag-080')}"}
2026-08-22 23:52:08.943 /testbed/src/flask/cli.py:168 flask.cli.find_app_by_string event=line locals={}
2026-08-22 23:52:08.943 /testbed/src/flask/cli.py:176 flask.cli.find_app_by_string event=line locals={'attr': '<function build_app at 0x73e937e96840>'}
2026-08-22 23:52:08.943 /testbed/src/flask/cli.py:177 flask.cli.find_app_by_string event=line locals={}
2026-08-22 23:52:08.943 /testbed/src/flask/cli.py:178 flask.cli.find_app_by_string event=line locals={}
2026-08-22 23:52:08.957 /testbed/src/flask/cli.py:191 flask.cli.find_app_by_string event=line locals={'app': "<Flask 'runtime-362688'>"}
2026-08-22 23:52:08.957 /testbed/src/flask/cli.py:192 flask.cli.find_app_by_string event=line locals={}
2026-08-22 23:52:08.957 /testbed/src/flask/cli.py:192 flask.cli.find_app_by_string event=return retval=<Flask 'runtime-362688'> locals={'Flask': "<class 'flask.app.Flask'>", 'app': "<Flask 'runtime-362688'>", 'app_name': '"build_app([272, 473, 240, 505, 582, 770, 796, 640, 544, 1119, 322, 1486, 685, 741], {\'mask\': 218, \'phase\': 26, \'seed\': 9851, \'checksum\': 5734, \'tier\': 14, \'anchor\': 34, \'pairs\': (), \'nested\': {\'values\': [272, 240, 582, 796, 544], \'turn\': 40, \'active\': True}}, scale=17, offset=624, tags=(\'tag-077\', \'tag-029\', \'tag-055\', \'tag-071\', \'tag-026\', \'tag-092\', \'tag-123\', \'tag-099\', \'tag-008\', \'tag-080\'))"', 'args': "[[272, 473, 240, 505, 582, 770, 796, 640, 544, 1119, 322, 1486, 685, 741], {'mask': 218, 'phase': 26, 'seed': 9851, 'checksum': 5734, 'tier': 14, 'anchor': 34, 'pairs': (), 'nested': {'values': [272, 240, 582, 796, 544], 'turn': 40, 'active': True}}]", 'attr': '<function build_app at 0x73e937e96840>', 'expr': '<ast.Call object at 0x73e937e87790>', 'kwargs': "{'scale': 17, 'offset': 624, 'tags': ('tag-077', 'tag-029', 'tag-055', 'tag-071', 'tag-026', 'tag-092', 'tag-123', 'tag-099', 'tag-008', 'tag-080')}", 'module': "<module 'qa_factory_bench_module'>", 'name': "'build_app'"}
2026-08-22 23:52:08.958 /testbed/src/flask/cli.py:120 flask.cli.find_app_by_string event=call locals={'app_name': '"build_app([246, 783, 44, 259, 243, 487, 940, 1121, 472, 315, 1252, 1306, 895, 982], {\'mask\': 882, \'phase\': 11, \'seed\': 2526, \'checksum\': 5253, \'tier\': 16, \'anchor\': None, \'pairs\': (246,), \'nested\': {\'values\': [246, 44, 243, 940, 472], \'turn\': 41, \'active\': False}}, scale=17, offset=236, tags=(\'tag-062\', \'tag-096\', \'tag-124\', \'tag-090\', \'tag-079\', \'tag-074\', \'tag-024\', \'tag-083\', \'tag-074\', \'tag-049\'))"', 'module': "<module 'qa_factory_bench_module'>"}
2026-08-22 23:52:08.958 /testbed/src/flask/cli.py:124 flask.cli.find_app_by_string event=line locals={}
2026-08-22 23:52:08.958 /testbed/src/flask/cli.py:128 flask.cli.find_app_by_string event=line locals={'Flask': "<class 'flask.app.Flask'>"}
2026-08-22 23:52:08.958 /testbed/src/flask/cli.py:129 flask.cli.find_app_by_string event=line locals={}
2026-08-22 23:52:08.958 /testbed/src/flask/cli.py:135 flask.cli.find_app_by_string event=line locals={'expr': '<ast.Call object at 0x73e937ccaf50>'}
2026-08-22 23:52:08.959 /testbed/src/flask/cli.py:139 flask.cli.find_app_by_string event=line locals={}
2026-08-22 23:52:08.959 /testbed/src/flask/cli.py:141 flask.cli.find_app_by_string event=line locals={}
2026-08-22 23:52:08.959 /testbed/src/flask/cli.py:146 flask.cli.find_app_by_string event=line locals={}
2026-08-22 23:52:08.959 /testbed/src/flask/cli.py:149 flask.cli.find_app_by_string event=line locals={'name': "'build_app'"}
2026-08-22 23:52:08.959 /testbed/src/flask/cli.py:150 flask.cli.find_app_by_string event=line locals={}
2026-08-22 23:52:08.959 /testbed/src/flask/cli.py:151 flask.cli.find_app_by_string event=line locals={'args': "[[246, 783, 44, 259, 243, 487, 940, 1121, 472, 315, 1252, 1306, 895, 982], {'mask': 882, 'phase': 11, 'seed': 2526, 'checksum': 5253, 'tier': 16, 'anchor': None, 'pairs': (246,), 'nested': {'values': [246, 44, 243, 940, 472], 'turn': 41, 'active': False}}]"}
2026-08-22 23:52:08.959 /testbed/src/flask/cli.py:153 flask.cli.find_app_by_string event=line locals={}
2026-08-22 23:52:08.959 /testbed/src/flask/cli.py:151 flask.cli.find_app_by_string event=line locals={}
2026-08-22 23:52:08.959 /testbed/src/flask/cli.py:167 flask.cli.find_app_by_string event=line locals={'kwargs': "{'scale': 17, 'offset': 236, 'tags': ('tag-062', 'tag-096', 'tag-124', 'tag-090', 'tag-079', 'tag-074', 'tag-024', 'tag-083', 'tag-074', 'tag-049')}"}
2026-08-22 23:52:08.959 /testbed/src/flask/cli.py:168 flask.cli.find_app_by_string event=line locals={}
2026-08-22 23:52:08.959 /testbed/src/flask/cli.py:176 flask.cli.find_app_by_string event=line locals={'attr': '<function build_app at 0x73e937e96840>'}
2026-08-22 23:52:08.959 /testbed/src/flask/cli.py:177 flask.cli.find_app_by_string event=line locals={}
2026-08-22 23:52:08.959 /testbed/src/flask/cli.py:178 flask.cli.find_app_by_string event=line locals={}
2026-08-22 23:52:08.973 /testbed/src/flask/cli.py:191 flask.cli.find_app_by_string event=line locals={'app': "<Flask 'runtime-465775'>"}
2026-08-22 23:52:08.973 /testbed/src/flask/cli.py:192 flask.cli.find_app_by_string event=line locals={}
2026-08-22 23:52:08.973 /testbed/src/flask/cli.py:192 flask.cli.find_app_by_string event=return retval=<Flask 'runtime-465775'> locals={'Flask': "<class 'flask.app.Flask'>", 'app': "<Flask 'runtime-465775'>", 'app_name': '"build_app([246, 783, 44, 259, 243, 487, 940, 1121, 472, 315, 1252, 1306, 895, 982], {\'mask\': 882, \'phase\': 11, \'seed\': 2526, \'checksum\': 5253, \'tier\': 16, \'anchor\': None, \'pairs\': (246,), \'nested\': {\'values\': [246, 44, 243, 940, 472], \'turn\': 41, \'active\': False}}, scale=17, offset=236, tags=(\'tag-062\', \'tag-096\', \'tag-124\', \'tag-090\', \'tag-079\', \'tag-074\', \'tag-024\', \'tag-083\', \'tag-074\', \'tag-049\'))"', 'args': "[[246, 783, 44, 259, 243, 487, 940, 1121, 472, 315, 1252, 1306, 895, 982], {'mask': 882, 'phase': 11, 'seed': 2526, 'checksum': 5253, 'tier': 16, 'anchor': None, 'pairs': (246,), 'nested': {'values': [246, 44, 243, 940, 472], 'turn': 41, 'active': False}}]", 'attr': '<function build_app at 0x73e937e96840>', 'expr': '<ast.Call object at 0x73e937ccaf50>', 'kwargs': "{'scale': 17, 'offset': 236, 'tags': ('tag-062', 'tag-096', 'tag-124', 'tag-090', 'tag-079', 'tag-074', 'tag-024', 'tag-083', 'tag-074', 'tag-049')}", 'module': "<module 'qa_factory_bench_module'>", 'name': "'build_app'"}
2026-08-22 23:52:08.974 /testbed/src/flask/cli.py:120 flask.cli.find_app_by_string event=call locals={'app_name': '"build_app([980, 1391, 1414, 1126, 27, 108, 1446, 898, 1021, 769, 353, 457, 654, 1073], {\'mask\': 446, \'phase\': 30, \'seed\': 5882, \'checksum\': 5822, \'tier\': 7, \'anchor\': None, \'pairs\': (980, 1391), \'nested\': {\'values\': [980, 1414, 27, 1446, 1021], \'turn\': 42, \'active\': True}}, scale=11, offset=906, tags=(\'tag-045\', \'tag-080\', \'tag-108\', \'tag-079\', \'tag-001\', \'tag-087\', \'tag-033\', \'tag-125\', \'tag-126\', \'tag-006\'))"', 'module': "<module 'qa_factory_bench_module'>"}
2026-08-22 23:52:08.974 /testbed/src/flask/cli.py:124 flask.cli.find_app_by_string event=line locals={}
2026-08-22 23:52:08.974 /testbed/src/flask/cli.py:128 flask.cli.find_app_by_string event=line locals={'Flask': "<class 'flask.app.Flask'>"}
2026-08-22 23:52:08.974 /testbed/src/flask/cli.py:129 flask.cli.find_app_by_string event=line locals={}
2026-08-22 23:52:08.975 /testbed/src/flask/cli.py:135 flask.cli.find_app_by_string event=line locals={'expr': '<ast.Call object at 0x73e937e87550>'}
2026-08-22 23:52:08.975 /testbed/src/flask/cli.py:139 flask.cli.find_app_by_string event=line locals={}
2026-08-22 23:52:08.975 /testbed/src/flask/cli.py:141 flask.cli.find_app_by_string event=line locals={}
2026-08-22 23:52:08.975 /testbed/src/flask/cli.py:146 flask.cli.find_app_by_string event=line locals={}
2026-08-22 23:52:08.975 /testbed/src/flask/cli.py:149 flask.cli.find_app_by_string event=line locals={'name': "'build_app'"}
2026-08-22 23:52:08.975 /testbed/src/flask/cli.py:150 flask.cli.find_app_by_string event=line locals={}
2026-08-22 23:52:08.975 /testbed/src/flask/cli.py:151 flask.cli.find_app_by_string event=line locals={'args': "[[980, 1391, 1414, 1126, 27, 108, 1446, 898, 1021, 769, 353, 457, 654, 1073], {'mask': 446, 'phase': 30, 'seed': 5882, 'checksum': 5822, 'tier': 7, 'anchor': None, 'pairs': (980, 1391), 'nested': {'values': [980, 1414, 27, 1446, 1021], 'turn': 42, 'active': True}}]"}
2026-08-22 23:52:08.975 /testbed/src/flask/cli.py:153 flask.cli.find_app_by_string event=line locals={}
2026-08-22 23:52:08.975 /testbed/src/flask/cli.py:151 flask.cli.find_app_by_string event=line locals={}
2026-08-22 23:52:08.975 /testbed/src/flask/cli.py:167 flask.cli.find_app_by_string event=line locals={'kwargs': "{'scale': 11, 'offset': 906, 'tags': ('tag-045', 'tag-080', 'tag-108', 'tag-079', 'tag-001', 'tag-087', 'tag-033', 'tag-125', 'tag-126', 'tag-006')}"}
2026-08-22 23:52:08.975 /testbed/src/flask/cli.py:168 flask.cli.find_app_by_string event=line locals={}
2026-08-22 23:52:08.975 /testbed/src/flask/cli.py:176 flask.cli.find_app_by_string event=line locals={'attr': '<function build_app at 0x73e937e96840>'}
2026-08-22 23:52:08.975 /testbed/src/flask/cli.py:177 flask.cli.find_app_by_string event=line locals={}
2026-08-22 23:52:08.975 /testbed/src/flask/cli.py:178 flask.cli.find_app_by_string event=line locals={}
2026-08-22 23:52:08.989 /testbed/src/flask/cli.py:191 flask.cli.find_app_by_string event=line locals={'app': "<Flask 'runtime-903967'>"}
2026-08-22 23:52:08.989 /testbed/src/flask/cli.py:192 flask.cli.find_app_by_string event=line locals={}
2026-08-22 23:52:08.989 /testbed/src/flask/cli.py:192 flask.cli.find_app_by_string event=return retval=<Flask 'runtime-903967'> locals={'Flask': "<class 'flask.app.Flask'>", 'app': "<Flask 'runtime-903967'>", 'app_name': '"build_app([980, 1391, 1414, 1126, 27, 108, 1446, 898, 1021, 769, 353, 457, 654, 1073], {\'mask\': 446, \'phase\': 30, \'seed\': 5882, \'checksum\': 5822, \'tier\': 7, \'anchor\': None, \'pairs\': (980, 1391), \'nested\': {\'values\': [980, 1414, 27, 1446, 1021], \'turn\': 42, \'active\': True}}, scale=11, offset=906, tags=(\'tag-045\', \'tag-080\', \'tag-108\', \'tag-079\', \'tag-001\', \'tag-087\', \'tag-033\', \'tag-125\', \'tag-126\', \'tag-006\'))"', 'args': "[[980, 1391, 1414, 1126, 27, 108, 1446, 898, 1021, 769, 353, 457, 654, 1073], {'mask': 446, 'phase': 30, 'seed': 5882, 'checksum': 5822, 'tier': 7, 'anchor': None, 'pairs': (980, 1391), 'nested': {'values': [980, 1414, 27, 1446, 1021], 'turn': 42, 'active': True}}]", 'attr': '<function build_app at 0x73e937e96840>', 'expr': '<ast.Call object at 0x73e937e87550>', 'kwargs': "{'scale': 11, 'offset': 906, 'tags': ('tag-045', 'tag-080', 'tag-108', 'tag-079', 'tag-001', 'tag-087', 'tag-033', 'tag-125', 'tag-126', 'tag-006')}", 'module': "<module 'qa_factory_bench_module'>", 'name': "'build_app'"}
2026-08-22 23:52:08.991 /testbed/src/flask/cli.py:120 flask.cli.find_app_by_string event=call locals={'app_name': '"build_app([408, 1395, 20, 453, 471, 123, 1104, 1016, 1320, 918, 476, 8, 525, 1447], {\'mask\': 250, \'phase\': 16, \'seed\': 1613, \'checksum\': 5360, \'tier\': 12, \'anchor\': None, \'pairs\': (408, 1395, 20), \'nested\': {\'values\': [408, 20, 471, 1104, 1320], \'turn\': 43, \'active\': False}}, scale=12, offset=512, tags=(\'tag-119\', \'tag-095\', \'tag-122\', \'tag-052\', \'tag-075\', \'tag-113\', \'tag-083\', \'tag-000\', \'tag-055\', \'tag-039\'))"', 'module': "<module 'qa_factory_bench_module'>"}
2026-08-22 23:52:08.991 /testbed/src/flask/cli.py:124 flask.cli.find_app_by_string event=line locals={}
2026-08-22 23:52:08.991 /testbed/src/flask/cli.py:128 flask.cli.find_app_by_string event=line locals={'Flask': "<class 'flask.app.Flask'>"}
2026-08-22 23:52:08.991 /testbed/src/flask/cli.py:129 flask.cli.find_app_by_string event=line locals={}
2026-08-22 23:52:08.991 /testbed/src/flask/cli.py:135 flask.cli.find_app_by_string event=line locals={'expr': '<ast.Call object at 0x73e937e86b30>'}
2026-08-22 23:52:08.991 /testbed/src/flask/cli.py:139 flask.cli.find_app_by_string event=line locals={}
2026-08-22 23:52:08.991 /testbed/src/flask/cli.py:141 flask.cli.find_app_by_string event=line locals={}
2026-08-22 23:52:08.991 /testbed/src/flask/cli.py:146 flask.cli.find_app_by_string event=line locals={}
2026-08-22 23:52:08.991 /testbed/src/flask/cli.py:149 flask.cli.find_app_by_string event=line locals={'name': "'build_app'"}
2026-08-22 23:52:08.991 /testbed/src/flask/cli.py:150 flask.cli.find_app_by_string event=line locals={}
2026-08-22 23:52:08.991 /testbed/src/flask/cli.py:151 flask.cli.find_app_by_string event=line locals={'args': "[[408, 1395, 20, 453, 471, 123, 1104, 1016, 1320, 918, 476, 8, 525, 1447], {'mask': 250, 'phase': 16, 'seed': 1613, 'checksum': 5360, 'tier': 12, 'anchor': None, 'pairs': (408, 1395, 20), 'nested': {'values': [408, 20, 471, 1104, 1320], 'turn': 43, 'active': False}}]"}
2026-08-22 23:52:08.991 /testbed/src/flask/cli.py:153 flask.cli.find_app_by_string event=line locals={}
2026-08-22 23:52:08.991 /testbed/src/flask/cli.py:151 flask.cli.find_app_by_string event=line locals={}
2026-08-22 23:52:08.991 /testbed/src/flask/cli.py:167 flask.cli.find_app_by_string event=line locals={'kwargs': "{'scale': 12, 'offset': 512, 'tags': ('tag-119', 'tag-095', 'tag-122', 'tag-052', 'tag-075', 'tag-113', 'tag-083', 'tag-000', 'tag-055', 'tag-039')}"}
2026-08-22 23:52:08.991 /testbed/src/flask/cli.py:168 flask.cli.find_app_by_string event=line locals={}
2026-08-22 23:52:08.991 /testbed/src/flask/cli.py:176 flask.cli.find_app_by_string event=line locals={'attr': '<function build_app at 0x73e937e96840>'}
2026-08-22 23:52:08.991 /testbed/src/flask/cli.py:177 flask.cli.find_app_by_string event=line locals={}
2026-08-22 23:52:08.991 /testbed/src/flask/cli.py:178 flask.cli.find_app_by_string event=line locals={}
2026-08-22 23:52:09.005 /testbed/src/flask/cli.py:191 flask.cli.find_app_by_string event=line locals={'app': "<Flask 'runtime-948821'>"}
2026-08-22 23:52:09.005 /testbed/src/flask/cli.py:192 flask.cli.find_app_by_string event=line locals={}
2026-08-22 23:52:09.005 /testbed/src/flask/cli.py:192 flask.cli.find_app_by_string event=return retval=<Flask 'runtime-948821'> locals={'Flask': "<class 'flask.app.Flask'>", 'app': "<Flask 'runtime-948821'>", 'app_name': '"build_app([408, 1395, 20, 453, 471, 123, 1104, 1016, 1320, 918, 476, 8, 525, 1447], {\'mask\': 250, \'phase\': 16, \'seed\': 1613, \'checksum\': 5360, \'tier\': 12, \'anchor\': None, \'pairs\': (408, 1395, 20), \'nested\': {\'values\': [408, 20, 471, 1104, 1320], \'turn\': 43, \'active\': False}}, scale=12, offset=512, tags=(\'tag-119\', \'tag-095\', \'tag-122\', \'tag-052\', \'tag-075\', \'tag-113\', \'tag-083\', \'tag-000\', \'tag-055\', \'tag-039\'))"', 'args': "[[408, 1395, 20, 453, 471, 123, 1104, 1016, 1320, 918, 476, 8, 525, 1447], {'mask': 250, 'phase': 16, 'seed': 1613, 'checksum': 5360, 'tier': 12, 'anchor': None, 'pairs': (408, 1395, 20), 'nested': {'values': [408, 20, 471, 1104, 1320], 'turn': 43, 'active': False}}]", 'attr': '<function build_app at 0x73e937e96840>', 'expr': '<ast.Call object at 0x73e937e86b30>', 'kwargs': "{'scale': 12, 'offset': 512, 'tags': ('tag-119', 'tag-095', 'tag-122', 'tag-052', 'tag-075', 'tag-113', 'tag-083', 'tag-000', 'tag-055', 'tag-039')}", 'module': "<module 'qa_factory_bench_module'>", 'name': "'build_app'"}
2026-08-22 23:52:09.006 /testbed/src/flask/cli.py:120 flask.cli.find_app_by_string event=call locals={'app_name': '"build_app([1371, 1334, 104, 1509, 631, 428, 80, 1415, 1254, 984, 1520, 42, 986, 868], {\'mask\': 893, \'phase\': 36, \'seed\': 4456, \'checksum\': 6580, \'tier\': 11, \'anchor\': None, \'pairs\': (), \'nested\': {\'values\': [1371, 104, 631, 80, 1254], \'turn\': 44, \'active\': True}}, scale=12, offset=129, tags=(\'tag-077\', \'tag-045\', \'tag-090\', \'tag-103\', \'tag-119\', \'tag-048\', \'tag-086\', \'tag-029\', \'tag-000\', \'tag-116\'))"', 'module': "<module 'qa_factory_bench_module'>"}
2026-08-22 23:52:09.006 /testbed/src/flask/cli.py:124 flask.cli.find_app_by_string event=line locals={}
2026-08-22 23:52:09.006 /testbed/src/flask/cli.py:128 flask.cli.find_app_by_string event=line locals={'Flask': "<class 'flask.app.Flask'>"}
2026-08-22 23:52:09.006 /testbed/src/flask/cli.py:129 flask.cli.find_app_by_string event=line locals={}
2026-08-22 23:52:09.007 /testbed/src/flask/cli.py:135 flask.cli.find_app_by_string event=line locals={'expr': '<ast.Call object at 0x73e937cca710>'}
2026-08-22 23:52:09.007 /testbed/src/flask/cli.py:139 flask.cli.find_app_by_string event=line locals={}
2026-08-22 23:52:09.007 /testbed/src/flask/cli.py:141 flask.cli.find_app_by_string event=line locals={}
2026-08-22 23:52:09.007 /testbed/src/flask/cli.py:146 flask.cli.find_app_by_string event=line locals={}
2026-08-22 23:52:09.007 /testbed/src/flask/cli.py:149 flask.cli.find_app_by_string event=line locals={'name': "'build_app'"}
2026-08-22 23:52:09.007 /testbed/src/flask/cli.py:150 flask.cli.find_app_by_string event=line locals={}
2026-08-22 23:52:09.007 /testbed/src/flask/cli.py:151 flask.cli.find_app_by_string event=line locals={'args': "[[1371, 1334, 104, 1509, 631, 428, 80, 1415, 1254, 984, 1520, 42, 986, 868], {'mask': 893, 'phase': 36, 'seed': 4456, 'checksum': 6580, 'tier': 11, 'anchor': None, 'pairs': (), 'nested': {'values': [1371, 104, 631, 80, 1254], 'turn': 44, 'active': True}}]"}
2026-08-22 23:52:09.007 /testbed/src/flask/cli.py:153 flask.cli.find_app_by_string event=line locals={}
2026-08-22 23:52:09.007 /testbed/src/flask/cli.py:151 flask.cli.find_app_by_string event=line locals={}
2026-08-22 23:52:09.007 /testbed/src/flask/cli.py:167 flask.cli.find_app_by_string event=line locals={'kwargs': "{'scale': 12, 'offset': 129, 'tags': ('tag-077', 'tag-045', 'tag-090', 'tag-103', 'tag-119', 'tag-048', 'tag-086', 'tag-029', 'tag-000', 'tag-116')}"}
2026-08-22 23:52:09.007 /testbed/src/flask/cli.py:168 flask.cli.find_app_by_string event=line locals={}
2026-08-22 23:52:09.007 /testbed/src/flask/cli.py:176 flask.cli.find_app_by_string event=line locals={'attr': '<function build_app at 0x73e937e96840>'}
2026-08-22 23:52:09.007 /testbed/src/flask/cli.py:177 flask.cli.find_app_by_string event=line locals={}
2026-08-22 23:52:09.007 /testbed/src/flask/cli.py:178 flask.cli.find_app_by_string event=line locals={}
2026-08-22 23:52:09.021 /testbed/src/flask/cli.py:191 flask.cli.find_app_by_string event=line locals={'app': "<Flask 'runtime-118699'>"}
2026-08-22 23:52:09.021 /testbed/src/flask/cli.py:192 flask.cli.find_app_by_string event=line locals={}
2026-08-22 23:52:09.021 /testbed/src/flask/cli.py:192 flask.cli.find_app_by_string event=return retval=<Flask 'runtime-118699'> locals={'Flask': "<class 'flask.app.Flask'>", 'app': "<Flask 'runtime-118699'>", 'app_name': '"build_app([1371, 1334, 104, 1509, 631, 428, 80, 1415, 1254, 984, 1520, 42, 986, 868], {\'mask\': 893, \'phase\': 36, \'seed\': 4456, \'checksum\': 6580, \'tier\': 11, \'anchor\': None, \'pairs\': (), \'nested\': {\'values\': [1371, 104, 631, 80, 1254], \'turn\': 44, \'active\': True}}, scale=12, offset=129, tags=(\'tag-077\', \'tag-045\', \'tag-090\', \'tag-103\', \'tag-119\', \'tag-048\', \'tag-086\', \'tag-029\', \'tag-000\', \'tag-116\'))"', 'args': "[[1371, 1334, 104, 1509, 631, 428, 80, 1415, 1254, 984, 1520, 42, 986, 868], {'mask': 893, 'phase': 36, 'seed': 4456, 'checksum': 6580, 'tier': 11, 'anchor': None, 'pairs': (), 'nested': {'values': [1371, 104, 631, 80, 1254], 'turn': 44, 'active': True}}]", 'attr': '<function build_app at 0x73e937e96840>', 'expr': '<ast.Call object at 0x73e937cca710>', 'kwargs': "{'scale': 12, 'offset': 129, 'tags': ('tag-077', 'tag-045', 'tag-090', 'tag-103', 'tag-119', 'tag-048', 'tag-086', 'tag-029', 'tag-000', 'tag-116')}", 'module': "<module 'qa_factory_bench_module'>", 'name': "'build_app'"}
2026-08-22 23:52:09.022 /testbed/src/flask/cli.py:120 flask.cli.find_app_by_string event=call locals={'app_name': '"build_app([159, 506, 1400, 291, 1451, 518, 1030, 1012, 375, 879, 1058, 317, 1319, 910], {\'mask\': 596, \'phase\': 8, \'seed\': 5917, \'checksum\': 4433, \'tier\': 5, \'anchor\': 76, \'pairs\': (159,), \'nested\': {\'values\': [159, 1400, 1451, 1030, 375], \'turn\': 45, \'active\': False}}, scale=12, offset=463, tags=(\'tag-019\', \'tag-117\', \'tag-000\', \'tag-039\', \'tag-061\', \'tag-022\', \'tag-031\', \'tag-018\', \'tag-021\', \'tag-022\'))"', 'module': "<module 'qa_factory_bench_module'>"}
2026-08-22 23:52:09.022 /testbed/src/flask/cli.py:124 flask.cli.find_app_by_string event=line locals={}
2026-08-22 23:52:09.022 /testbed/src/flask/cli.py:128 flask.cli.find_app_by_string event=line locals={'Flask': "<class 'flask.app.Flask'>"}
2026-08-22 23:52:09.022 /testbed/src/flask/cli.py:129 flask.cli.find_app_by_string event=line locals={}
2026-08-22 23:52:09.022 /testbed/src/flask/cli.py:135 flask.cli.find_app_by_string event=line locals={'expr': '<ast.Call object at 0x73e937ccb820>'}
2026-08-22 23:52:09.022 /testbed/src/flask/cli.py:139 flask.cli.find_app_by_string event=line locals={}
2026-08-22 23:52:09.022 /testbed/src/flask/cli.py:141 flask.cli.find_app_by_string event=line locals={}
2026-08-22 23:52:09.022 /testbed/src/flask/cli.py:146 flask.cli.find_app_by_string event=line locals={}
2026-08-22 23:52:09.022 /testbed/src/flask/cli.py:149 flask.cli.find_app_by_string event=line locals={'name': "'build_app'"}
2026-08-22 23:52:09.022 /testbed/src/flask/cli.py:150 flask.cli.find_app_by_string event=line locals={}
2026-08-22 23:52:09.023 /testbed/src/flask/cli.py:151 flask.cli.find_app_by_string event=line locals={'args': "[[159, 506, 1400, 291, 1451, 518, 1030, 1012, 375, 879, 1058, 317, 1319, 910], {'mask': 596, 'phase': 8, 'seed': 5917, 'checksum': 4433, 'tier': 5, 'anchor': 76, 'pairs': (159,), 'nested': {'values': [159, 1400, 1451, 1030, 375], 'turn': 45, 'active': False}}]"}
2026-08-22 23:52:09.023 /testbed/src/flask/cli.py:153 flask.cli.find_app_by_string event=line locals={}
2026-08-22 23:52:09.023 /testbed/src/flask/cli.py:151 flask.cli.find_app_by_string event=line locals={}
2026-08-22 23:52:09.023 /testbed/src/flask/cli.py:167 flask.cli.find_app_by_string event=line locals={'kwargs': "{'scale': 12, 'offset': 463, 'tags': ('tag-019', 'tag-117', 'tag-000', 'tag-039', 'tag-061', 'tag-022', 'tag-031', 'tag-018', 'tag-021', 'tag-022')}"}
2026-08-22 23:52:09.023 /testbed/src/flask/cli.py:168 flask.cli.find_app_by_string event=line locals={}
2026-08-22 23:52:09.023 /testbed/src/flask/cli.py:176 flask.cli.find_app_by_string event=line locals={'attr': '<function build_app at 0x73e937e96840>'}
2026-08-22 23:52:09.023 /testbed/src/flask/cli.py:177 flask.cli.find_app_by_string event=line locals={}
2026-08-22 23:52:09.023 /testbed/src/flask/cli.py:178 flask.cli.find_app_by_string event=line locals={}
2026-08-22 23:52:09.036 /testbed/src/flask/cli.py:191 flask.cli.find_app_by_string event=line locals={'app': "<Flask 'runtime-099911'>"}
2026-08-22 23:52:09.036 /testbed/src/flask/cli.py:192 flask.cli.find_app_by_string event=line locals={}
2026-08-22 23:52:09.036 /testbed/src/flask/cli.py:192 flask.cli.find_app_by_string event=return retval=<Flask 'runtime-099911'> locals={'Flask': "<class 'flask.app.Flask'>", 'app': "<Flask 'runtime-099911'>", 'app_name': '"build_app([159, 506, 1400, 291, 1451, 518, 1030, 1012, 375, 879, 1058, 317, 1319, 910], {\'mask\': 596, \'phase\': 8, \'seed\': 5917, \'checksum\': 4433, \'tier\': 5, \'anchor\': 76, \'pairs\': (159,), \'nested\': {\'values\': [159, 1400, 1451, 1030, 375], \'turn\': 45, \'active\': False}}, scale=12, offset=463, tags=(\'tag-019\', \'tag-117\', \'tag-000\', \'tag-039\', \'tag-061\', \'tag-022\', \'tag-031\', \'tag-018\', \'tag-021\', \'tag-022\'))"', 'args': "[[159, 506, 1400, 291, 1451, 518, 1030, 1012, 375, 879, 1058, 317, 1319, 910], {'mask': 596, 'phase': 8, 'seed': 5917, 'checksum': 4433, 'tier': 5, 'anchor': 76, 'pairs': (159,), 'nested': {'values': [159, 1400, 1451, 1030, 375], 'turn': 45, 'active': False}}]", 'attr': '<function build_app at 0x73e937e96840>', 'expr': '<ast.Call object at 0x73e937ccb820>', 'kwargs': "{'scale': 12, 'offset': 463, 'tags': ('tag-019', 'tag-117', 'tag-000', 'tag-039', 'tag-061', 'tag-022', 'tag-031', 'tag-018', 'tag-021', 'tag-022')}", 'module': "<module 'qa_factory_bench_module'>", 'name': "'build_app'"}
2026-08-22 23:52:09.037 /testbed/src/flask/cli.py:120 flask.cli.find_app_by_string event=call locals={'app_name': '"build_app([595, 96, 572, 117, 613, 54, 1056, 1363, 1246, 575, 1102, 826, 829, 1264], {\'mask\': 75, \'phase\': 21, \'seed\': 6713, \'checksum\': 4295, \'tier\': 4, \'anchor\': None, \'pairs\': (595, 96), \'nested\': {\'values\': [595, 572, 613, 1056, 1246], \'turn\': 46, \'active\': True}}, scale=15, offset=325, tags=(\'tag-085\', \'tag-099\', \'tag-072\', \'tag-003\', \'tag-123\', \'tag-077\', \'tag-068\', \'tag-126\', \'tag-014\', \'tag-110\'))"', 'module': "<module 'qa_factory_bench_module'>"}
2026-08-22 23:52:09.037 /testbed/src/flask/cli.py:124 flask.cli.find_app_by_string event=line locals={}
2026-08-22 23:52:09.037 /testbed/src/flask/cli.py:128 flask.cli.find_app_by_string event=line locals={'Flask': "<class 'flask.app.Flask'>"}
2026-08-22 23:52:09.037 /testbed/src/flask/cli.py:129 flask.cli.find_app_by_string event=line locals={}
2026-08-22 23:52:09.038 /testbed/src/flask/cli.py:135 flask.cli.find_app_by_string event=line locals={'expr': '<ast.Call object at 0x73e937e87cd0>'}
2026-08-22 23:52:09.038 /testbed/src/flask/cli.py:139 flask.cli.find_app_by_string event=line locals={}
2026-08-22 23:52:09.038 /testbed/src/flask/cli.py:141 flask.cli.find_app_by_string event=line locals={}
2026-08-22 23:52:09.038 /testbed/src/flask/cli.py:146 flask.cli.find_app_by_string event=line locals={}
2026-08-22 23:52:09.038 /testbed/src/flask/cli.py:149 flask.cli.find_app_by_string event=line locals={'name': "'build_app'"}
2026-08-22 23:52:09.038 /testbed/src/flask/cli.py:150 flask.cli.find_app_by_string event=line locals={}
2026-08-22 23:52:09.038 /testbed/src/flask/cli.py:151 flask.cli.find_app_by_string event=line locals={'args': "[[595, 96, 572, 117, 613, 54, 1056, 1363, 1246, 575, 1102, 826, 829, 1264], {'mask': 75, 'phase': 21, 'seed': 6713, 'checksum': 4295, 'tier': 4, 'anchor': None, 'pairs': (595, 96), 'nested': {'values': [595, 572, 613, 1056, 1246], 'turn': 46, 'active': True}}]"}
2026-08-22 23:52:09.038 /testbed/src/flask/cli.py:153 flask.cli.find_app_by_string event=line locals={}
2026-08-22 23:52:09.038 /testbed/src/flask/cli.py:151 flask.cli.find_app_by_string event=line locals={}
2026-08-22 23:52:09.038 /testbed/src/flask/cli.py:167 flask.cli.find_app_by_string event=line locals={'kwargs': "{'scale': 15, 'offset': 325, 'tags': ('tag-085', 'tag-099', 'tag-072', 'tag-003', 'tag-123', 'tag-077', 'tag-068', 'tag-126', 'tag-014', 'tag-110')}"}
2026-08-22 23:52:09.038 /testbed/src/flask/cli.py:168 flask.cli.find_app_by_string event=line locals={}
2026-08-22 23:52:09.038 /testbed/src/flask/cli.py:176 flask.cli.find_app_by_string event=line locals={'attr': '<function build_app at 0x73e937e96840>'}
2026-08-22 23:52:09.038 /testbed/src/flask/cli.py:177 flask.cli.find_app_by_string event=line locals={}
2026-08-22 23:52:09.038 /testbed/src/flask/cli.py:178 flask.cli.find_app_by_string event=line locals={}
2026-08-22 23:52:09.052 /testbed/src/flask/cli.py:191 flask.cli.find_app_by_string event=line locals={'app': "<Flask 'runtime-402651'>"}
2026-08-22 23:52:09.052 /testbed/src/flask/cli.py:192 flask.cli.find_app_by_string event=line locals={}
2026-08-22 23:52:09.052 /testbed/src/flask/cli.py:192 flask.cli.find_app_by_string event=return retval=<Flask 'runtime-402651'> locals={'Flask': "<class 'flask.app.Flask'>", 'app': "<Flask 'runtime-402651'>", 'app_name': '"build_app([595, 96, 572, 117, 613, 54, 1056, 1363, 1246, 575, 1102, 826, 829, 1264], {\'mask\': 75, \'phase\': 21, \'seed\': 6713, \'checksum\': 4295, \'tier\': 4, \'anchor\': None, \'pairs\': (595, 96), \'nested\': {\'values\': [595, 572, 613, 1056, 1246], \'turn\': 46, \'active\': True}}, scale=15, offset=325, tags=(\'tag-085\', \'tag-099\', \'tag-072\', \'tag-003\', \'tag-123\', \'tag-077\', \'tag-068\', \'tag-126\', \'tag-014\', \'tag-110\'))"', 'args': "[[595, 96, 572, 117, 613, 54, 1056, 1363, 1246, 575, 1102, 826, 829, 1264], {'mask': 75, 'phase': 21, 'seed': 6713, 'checksum': 4295, 'tier': 4, 'anchor': None, 'pairs': (595, 96), 'nested': {'values': [595, 572, 613, 1056, 1246], 'turn': 46, 'active': True}}]", 'attr': '<function build_app at 0x73e937e96840>', 'expr': '<ast.Call object at 0x73e937e87cd0>', 'kwargs': "{'scale': 15, 'offset': 325, 'tags': ('tag-085', 'tag-099', 'tag-072', 'tag-003', 'tag-123', 'tag-077', 'tag-068', 'tag-126', 'tag-014', 'tag-110')}", 'module': "<module 'qa_factory_bench_module'>", 'name': "'build_app'"}
2026-08-22 23:52:09.053 /testbed/src/flask/cli.py:120 flask.cli.find_app_by_string event=call locals={'app_name': '"build_app([1400, 952, 582, 1169, 46, 1120, 926, 1150, 801, 282, 1072, 1244, 516, 293], {\'mask\': 150, \'phase\': 16, \'seed\': 2662, \'checksum\': 6210, \'tier\': 17, \'anchor\': None, \'pairs\': (1400, 952, 582), \'nested\': {\'values\': [1400, 582, 46, 926, 801], \'turn\': 47, \'active\': False}}, scale=10, offset=188, tags=(\'tag-012\', \'tag-077\', \'tag-093\', \'tag-050\', \'tag-075\', \'tag-011\', \'tag-076\', \'tag-051\', \'tag-088\', \'tag-082\'))"', 'module': "<module 'qa_factory_bench_module'>"}
2026-08-22 23:52:09.053 /testbed/src/flask/cli.py:124 flask.cli.find_app_by_string event=line locals={}
2026-08-22 23:52:09.053 /testbed/src/flask/cli.py:128 flask.cli.find_app_by_string event=line locals={'Flask': "<class 'flask.app.Flask'>"}
2026-08-22 23:52:09.053 /testbed/src/flask/cli.py:129 flask.cli.find_app_by_string event=line locals={}
2026-08-22 23:52:09.053 /testbed/src/flask/cli.py:135 flask.cli.find_app_by_string event=line locals={'expr': '<ast.Call object at 0x73e937e87df0>'}
2026-08-22 23:52:09.053 /testbed/src/flask/cli.py:139 flask.cli.find_app_by_string event=line locals={}
2026-08-22 23:52:09.053 /testbed/src/flask/cli.py:141 flask.cli.find_app_by_string event=line locals={}
2026-08-22 23:52:09.053 /testbed/src/flask/cli.py:146 flask.cli.find_app_by_string event=line locals={}
2026-08-22 23:52:09.053 /testbed/src/flask/cli.py:149 flask.cli.find_app_by_string event=line locals={'name': "'build_app'"}
2026-08-22 23:52:09.053 /testbed/src/flask/cli.py:150 flask.cli.find_app_by_string event=line locals={}
2026-08-22 23:52:09.054 /testbed/src/flask/cli.py:151 flask.cli.find_app_by_string event=line locals={'args': "[[1400, 952, 582, 1169, 46, 1120, 926, 1150, 801, 282, 1072, 1244, 516, 293], {'mask': 150, 'phase': 16, 'seed': 2662, 'checksum': 6210, 'tier': 17, 'anchor': None, 'pairs': (1400, 952, 582), 'nested': {'values': [1400, 582, 46, 926, 801], 'turn': 47, 'active': False}}]"}
2026-08-22 23:52:09.054 /testbed/src/flask/cli.py:153 flask.cli.find_app_by_string event=line locals={}
2026-08-22 23:52:09.054 /testbed/src/flask/cli.py:151 flask.cli.find_app_by_string event=line locals={}
2026-08-22 23:52:09.054 /testbed/src/flask/cli.py:167 flask.cli.find_app_by_string event=line locals={'kwargs': "{'scale': 10, 'offset': 188, 'tags': ('tag-012', 'tag-077', 'tag-093', 'tag-050', 'tag-075', 'tag-011', 'tag-076', 'tag-051', 'tag-088', 'tag-082')}"}
2026-08-22 23:52:09.054 /testbed/src/flask/cli.py:168 flask.cli.find_app_by_string event=line locals={}
2026-08-22 23:52:09.054 /testbed/src/flask/cli.py:176 flask.cli.find_app_by_string event=line locals={'attr': '<function build_app at 0x73e937e96840>'}
2026-08-22 23:52:09.054 /testbed/src/flask/cli.py:177 flask.cli.find_app_by_string event=line locals={}
2026-08-22 23:52:09.054 /testbed/src/flask/cli.py:178 flask.cli.find_app_by_string event=line locals={}
2026-08-22 23:52:09.067 /testbed/src/flask/cli.py:191 flask.cli.find_app_by_string event=line locals={'app': "<Flask 'runtime-819128'>"}
2026-08-22 23:52:09.068 /testbed/src/flask/cli.py:192 flask.cli.find_app_by_string event=line locals={}
2026-08-22 23:52:09.068 /testbed/src/flask/cli.py:192 flask.cli.find_app_by_string event=return retval=<Flask 'runtime-819128'> locals={'Flask': "<class 'flask.app.Flask'>", 'app': "<Flask 'runtime-819128'>", 'app_name': '"build_app([1400, 952, 582, 1169, 46, 1120, 926, 1150, 801, 282, 1072, 1244, 516, 293], {\'mask\': 150, \'phase\': 16, \'seed\': 2662, \'checksum\': 6210, \'tier\': 17, \'anchor\': None, \'pairs\': (1400, 952, 582), \'nested\': {\'values\': [1400, 582, 46, 926, 801], \'turn\': 47, \'active\': False}}, scale=10, offset=188, tags=(\'tag-012\', \'tag-077\', \'tag-093\', \'tag-050\', \'tag-075\', \'tag-011\', \'tag-076\', \'tag-051\', \'tag-088\', \'tag-082\'))"', 'args': "[[1400, 952, 582, 1169, 46, 1120, 926, 1150, 801, 282, 1072, 1244, 516, 293], {'mask': 150, 'phase': 16, 'seed': 2662, 'checksum': 6210, 'tier': 17, 'anchor': None, 'pairs': (1400, 952, 582), 'nested': {'values': [1400, 582, 46, 926, 801], 'turn': 47, 'active': False}}]", 'attr': '<function build_app at 0x73e937e96840>', 'expr': '<ast.Call object at 0x73e937e87df0>', 'kwargs': "{'scale': 10, 'offset': 188, 'tags': ('tag-012', 'tag-077', 'tag-093', 'tag-050', 'tag-075', 'tag-011', 'tag-076', 'tag-051', 'tag-088', 'tag-082')}", 'module': "<module 'qa_factory_bench_module'>", 'name': "'build_app'"}
2026-08-22 23:52:09.069 /testbed/src/flask/cli.py:120 flask.cli.find_app_by_string event=call locals={'app_name': '"build_app([1241, 1448, 698, 443, 346, 301, 182, 958, 1367, 499, 557, 796, 574, 835], {\'mask\': 298, \'phase\': 27, \'seed\': 5834, \'checksum\': 5280, \'tier\': 4, \'anchor\': None, \'pairs\': (), \'nested\': {\'values\': [1241, 698, 346, 182, 1367], \'turn\': 48, \'active\': True}}, scale=3, offset=512, tags=(\'tag-118\', \'tag-076\', \'tag-093\', \'tag-097\', \'tag-005\', \'tag-092\', \'tag-105\', \'tag-124\', \'tag-030\', \'tag-056\'))"', 'module': "<module 'qa_factory_bench_module'>"}
2026-08-22 23:52:09.069 /testbed/src/flask/cli.py:124 flask.cli.find_app_by_string event=line locals={}
2026-08-22 23:52:09.069 /testbed/src/flask/cli.py:128 flask.cli.find_app_by_string event=line locals={'Flask': "<class 'flask.app.Flask'>"}
2026-08-22 23:52:09.069 /testbed/src/flask/cli.py:129 flask.cli.find_app_by_string event=line locals={}
2026-08-22 23:52:09.069 /testbed/src/flask/cli.py:135 flask.cli.find_app_by_string event=line locals={'expr': '<ast.Call object at 0x73e937e86dd0>'}
2026-08-22 23:52:09.069 /testbed/src/flask/cli.py:139 flask.cli.find_app_by_string event=line locals={}
2026-08-22 23:52:09.069 /testbed/src/flask/cli.py:141 flask.cli.find_app_by_string event=line locals={}
2026-08-22 23:52:09.069 /testbed/src/flask/cli.py:146 flask.cli.find_app_by_string event=line locals={}
2026-08-22 23:52:09.069 /testbed/src/flask/cli.py:149 flask.cli.find_app_by_string event=line locals={'name': "'build_app'"}
2026-08-22 23:52:09.069 /testbed/src/flask/cli.py:150 flask.cli.find_app_by_string event=line locals={}
2026-08-22 23:52:09.069 /testbed/src/flask/cli.py:151 flask.cli.find_app_by_string event=line locals={'args': "[[1241, 1448, 698, 443, 346, 301, 182, 958, 1367, 499, 557, 796, 574, 835], {'mask': 298, 'phase': 27, 'seed': 5834, 'checksum': 5280, 'tier': 4, 'anchor': None, 'pairs': (), 'nested': {'values': [1241, 698, 346, 182, 1367], 'turn': 48, 'active': True}}]"}
2026-08-22 23:52:09.069 /testbed/src/flask/cli.py:153 flask.cli.find_app_by_string event=line locals={}
2026-08-22 23:52:09.069 /testbed/src/flask/cli.py:151 flask.cli.find_app_by_string event=line locals={}
2026-08-22 23:52:09.070 /testbed/src/flask/cli.py:167 flask.cli.find_app_by_string event=line locals={'kwargs': "{'scale': 3, 'offset': 512, 'tags': ('tag-118', 'tag-076', 'tag-093', 'tag-097', 'tag-005', 'tag-092', 'tag-105', 'tag-124', 'tag-030', 'tag-056')}"}
2026-08-22 23:52:09.070 /testbed/src/flask/cli.py:168 flask.cli.find_app_by_string event=line locals={}
2026-08-22 23:52:09.070 /testbed/src/flask/cli.py:176 flask.cli.find_app_by_string event=line locals={'attr': '<function build_app at 0x73e937e96840>'}
2026-08-22 23:52:09.070 /testbed/src/flask/cli.py:177 flask.cli.find_app_by_string event=line locals={}
2026-08-22 23:52:09.070 /testbed/src/flask/cli.py:178 flask.cli.find_app_by_string event=line locals={}
2026-08-22 23:52:09.083 /testbed/src/flask/cli.py:191 flask.cli.find_app_by_string event=line locals={'app': "<Flask 'runtime-231265'>"}
2026-08-22 23:52:09.083 /testbed/src/flask/cli.py:192 flask.cli.find_app_by_string event=line locals={}
2026-08-22 23:52:09.083 /testbed/src/flask/cli.py:192 flask.cli.find_app_by_string event=return retval=<Flask 'runtime-231265'> locals={'Flask': "<class 'flask.app.Flask'>", 'app': "<Flask 'runtime-231265'>", 'app_name': '"build_app([1241, 1448, 698, 443, 346, 301, 182, 958, 1367, 499, 557, 796, 574, 835], {\'mask\': 298, \'phase\': 27, \'seed\': 5834, \'checksum\': 5280, \'tier\': 4, \'anchor\': None, \'pairs\': (), \'nested\': {\'values\': [1241, 698, 346, 182, 1367], \'turn\': 48, \'active\': True}}, scale=3, offset=512, tags=(\'tag-118\', \'tag-076\', \'tag-093\', \'tag-097\', \'tag-005\', \'tag-092\', \'tag-105\', \'tag-124\', \'tag-030\', \'tag-056\'))"', 'args': "[[1241, 1448, 698, 443, 346, 301, 182, 958, 1367, 499, 557, 796, 574, 835], {'mask': 298, 'phase': 27, 'seed': 5834, 'checksum': 5280, 'tier': 4, 'anchor': None, 'pairs': (), 'nested': {'values': [1241, 698, 346, 182, 1367], 'turn': 48, 'active': True}}]", 'attr': '<function build_app at 0x73e937e96840>', 'expr': '<ast.Call object at 0x73e937e86dd0>', 'kwargs': "{'scale': 3, 'offset': 512, 'tags': ('tag-118', 'tag-076', 'tag-093', 'tag-097', 'tag-005', 'tag-092', 'tag-105', 'tag-124', 'tag-030', 'tag-056')}", 'module': "<module 'qa_factory_bench_module'>", 'name': "'build_app'"}
2026-08-22 23:52:09.084 /testbed/src/flask/cli.py:120 flask.cli.find_app_by_string event=call locals={'app_name': '"build_app([277, 424, 910, 597, 1514, 896, 1273, 675, 47, 1130, 1105, 1362, 210, 1098], {\'mask\': 607, \'phase\': 13, \'seed\': 5621, \'checksum\': 6182, \'tier\': 7, \'anchor\': None, \'pairs\': (277,), \'nested\': {\'values\': [277, 910, 1514, 1273, 47], \'turn\': 49, \'active\': False}}, scale=5, offset=87, tags=(\'tag-054\', \'tag-079\', \'tag-062\', \'tag-008\', \'tag-041\', \'tag-063\', \'tag-064\', \'tag-106\', \'tag-118\', \'tag-063\'))"', 'module': "<module 'qa_factory_bench_module'>"}
2026-08-22 23:52:09.084 /testbed/src/flask/cli.py:124 flask.cli.find_app_by_string event=line locals={}
2026-08-22 23:52:09.085 /testbed/src/flask/cli.py:128 flask.cli.find_app_by_string event=line locals={'Flask': "<class 'flask.app.Flask'>"}
2026-08-22 23:52:09.085 /testbed/src/flask/cli.py:129 flask.cli.find_app_by_string event=line locals={}
2026-08-22 23:52:09.085 /testbed/src/flask/cli.py:135 flask.cli.find_app_by_string event=line locals={'expr': '<ast.Call object at 0x73e937cc8c40>'}
2026-08-22 23:52:09.085 /testbed/src/flask/cli.py:139 flask.cli.find_app_by_string event=line locals={}
2026-08-22 23:52:09.085 /testbed/src/flask/cli.py:141 flask.cli.find_app_by_string event=line locals={}
2026-08-22 23:52:09.085 /testbed/src/flask/cli.py:146 flask.cli.find_app_by_string event=line locals={}
2026-08-22 23:52:09.085 /testbed/src/flask/cli.py:149 flask.cli.find_app_by_string event=line locals={'name': "'build_app'"}
2026-08-22 23:52:09.085 /testbed/src/flask/cli.py:150 flask.cli.find_app_by_string event=line locals={}
2026-08-22 23:52:09.085 /testbed/src/flask/cli.py:151 flask.cli.find_app_by_string event=line locals={'args': "[[277, 424, 910, 597, 1514, 896, 1273, 675, 47, 1130, 1105, 1362, 210, 1098], {'mask': 607, 'phase': 13, 'seed': 5621, 'checksum': 6182, 'tier': 7, 'anchor': None, 'pairs': (277,), 'nested': {'values': [277, 910, 1514, 1273, 47], 'turn': 49, 'active': False}}]"}
2026-08-22 23:52:09.085 /testbed/src/flask/cli.py:153 flask.cli.find_app_by_string event=line locals={}
2026-08-22 23:52:09.085 /testbed/src/flask/cli.py:151 flask.cli.find_app_by_string event=line locals={}
2026-08-22 23:52:09.085 /testbed/src/flask/cli.py:167 flask.cli.find_app_by_string event=line locals={'kwargs': "{'scale': 5, 'offset': 87, 'tags': ('tag-054', 'tag-079', 'tag-062', 'tag-008', 'tag-041', 'tag-063', 'tag-064', 'tag-106', 'tag-118', 'tag-063')}"}
2026-08-22 23:52:09.085 /testbed/src/flask/cli.py:168 flask.cli.find_app_by_string event=line locals={}
2026-08-22 23:52:09.085 /testbed/src/flask/cli.py:176 flask.cli.find_app_by_string event=line locals={'attr': '<function build_app at 0x73e937e96840>'}
2026-08-22 23:52:09.085 /testbed/src/flask/cli.py:177 flask.cli.find_app_by_string event=line locals={}
2026-08-22 23:52:09.085 /testbed/src/flask/cli.py:178 flask.cli.find_app_by_string event=line locals={}
2026-08-22 23:52:09.099 /testbed/src/flask/cli.py:191 flask.cli.find_app_by_string event=line locals={'app': "<Flask 'runtime-478736'>"}
2026-08-22 23:52:09.099 /testbed/src/flask/cli.py:192 flask.cli.find_app_by_string event=line locals={}
2026-08-22 23:52:09.099 /testbed/src/flask/cli.py:192 flask.cli.find_app_by_string event=return retval=<Flask 'runtime-478736'> locals={'Flask': "<class 'flask.app.Flask'>", 'app': "<Flask 'runtime-478736'>", 'app_name': '"build_app([277, 424, 910, 597, 1514, 896, 1273, 675, 47, 1130, 1105, 1362, 210, 1098], {\'mask\': 607, \'phase\': 13, \'seed\': 5621, \'checksum\': 6182, \'tier\': 7, \'anchor\': None, \'pairs\': (277,), \'nested\': {\'values\': [277, 910, 1514, 1273, 47], \'turn\': 49, \'active\': False}}, scale=5, offset=87, tags=(\'tag-054\', \'tag-079\', \'tag-062\', \'tag-008\', \'tag-041\', \'tag-063\', \'tag-064\', \'tag-106\', \'tag-118\', \'tag-063\'))"', 'args': "[[277, 424, 910, 597, 1514, 896, 1273, 675, 47, 1130, 1105, 1362, 210, 1098], {'mask': 607, 'phase': 13, 'seed': 5621, 'checksum': 6182, 'tier': 7, 'anchor': None, 'pairs': (277,), 'nested': {'values': [277, 910, 1514, 1273, 47], 'turn': 49, 'active': False}}]", 'attr': '<function build_app at 0x73e937e96840>', 'expr': '<ast.Call object at 0x73e937cc8c40>', 'kwargs': "{'scale': 5, 'offset': 87, 'tags': ('tag-054', 'tag-079', 'tag-062', 'tag-008', 'tag-041', 'tag-063', 'tag-064', 'tag-106', 'tag-118', 'tag-063')}", 'module': "<module 'qa_factory_bench_module'>", 'name': "'build_app'"}
2026-08-22 23:52:09.100 /testbed/src/flask/cli.py:120 flask.cli.find_app_by_string event=call locals={'app_name': '"build_app([975, 1394, 454, 1404, 1369, 490, 1272, 415, 583, 977, 883, 200, 1300, 476], {\'mask\': 565, \'phase\': 12, \'seed\': 5334, \'checksum\': 5356, \'tier\': 2, \'anchor\': 74, \'pairs\': (975, 1394), \'nested\': {\'values\': [975, 454, 1369, 1272, 583], \'turn\': 50, \'active\': True}}, scale=13, offset=545, tags=(\'tag-001\', \'tag-044\', \'tag-125\', \'tag-064\', \'tag-034\', \'tag-049\', \'tag-074\', \'tag-111\', \'tag-030\', \'tag-048\'))"', 'module': "<module 'qa_factory_bench_module'>"}
2026-08-22 23:52:09.100 /testbed/src/flask/cli.py:124 flask.cli.find_app_by_string event=line locals={}
2026-08-22 23:52:09.100 /testbed/src/flask/cli.py:128 flask.cli.find_app_by_string event=line locals={'Flask': "<class 'flask.app.Flask'>"}
2026-08-22 23:52:09.100 /testbed/src/flask/cli.py:129 flask.cli.find_app_by_string event=line locals={}
2026-08-22 23:52:09.100 /testbed/src/flask/cli.py:135 flask.cli.find_app_by_string event=line locals={'expr': '<ast.Call object at 0x73e937ccb730>'}
2026-08-22 23:52:09.100 /testbed/src/flask/cli.py:139 flask.cli.find_app_by_string event=line locals={}
2026-08-22 23:52:09.100 /testbed/src/flask/cli.py:141 flask.cli.find_app_by_string event=line locals={}
2026-08-22 23:52:09.100 /testbed/src/flask/cli.py:146 flask.cli.find_app_by_string event=line locals={}
2026-08-22 23:52:09.100 /testbed/src/flask/cli.py:149 flask.cli.find_app_by_string event=line locals={'name': "'build_app'"}
2026-08-22 23:52:09.100 /testbed/src/flask/cli.py:150 flask.cli.find_app_by_string event=line locals={}
2026-08-22 23:52:09.101 /testbed/src/flask/cli.py:151 flask.cli.find_app_by_string event=line locals={'args': "[[975, 1394, 454, 1404, 1369, 490, 1272, 415, 583, 977, 883, 200, 1300, 476], {'mask': 565, 'phase': 12, 'seed': 5334, 'checksum': 5356, 'tier': 2, 'anchor': 74, 'pairs': (975, 1394), 'nested': {'values': [975, 454, 1369, 1272, 583], 'turn': 50, 'active': True}}]"}
2026-08-22 23:52:09.101 /testbed/src/flask/cli.py:153 flask.cli.find_app_by_string event=line locals={}
2026-08-22 23:52:09.101 /testbed/src/flask/cli.py:151 flask.cli.find_app_by_string event=line locals={}
2026-08-22 23:52:09.101 /testbed/src/flask/cli.py:167 flask.cli.find_app_by_string event=line locals={'kwargs': "{'scale': 13, 'offset': 545, 'tags': ('tag-001', 'tag-044', 'tag-125', 'tag-064', 'tag-034', 'tag-049', 'tag-074', 'tag-111', 'tag-030', 'tag-048')}"}
2026-08-22 23:52:09.101 /testbed/src/flask/cli.py:168 flask.cli.find_app_by_string event=line locals={}
2026-08-22 23:52:09.101 /testbed/src/flask/cli.py:176 flask.cli.find_app_by_string event=line locals={'attr': '<function build_app at 0x73e937e96840>'}
2026-08-22 23:52:09.101 /testbed/src/flask/cli.py:177 flask.cli.find_app_by_string event=line locals={}
2026-08-22 23:52:09.101 /testbed/src/flask/cli.py:178 flask.cli.find_app_by_string event=line locals={}
2026-08-22 23:52:09.114 /testbed/src/flask/cli.py:191 flask.cli.find_app_by_string event=line locals={'app': "<Flask 'runtime-109724'>"}
2026-08-22 23:52:09.114 /testbed/src/flask/cli.py:192 flask.cli.find_app_by_string event=line locals={}
2026-08-22 23:52:09.114 /testbed/src/flask/cli.py:192 flask.cli.find_app_by_string event=return retval=<Flask 'runtime-109724'> locals={'Flask': "<class 'flask.app.Flask'>", 'app': "<Flask 'runtime-109724'>", 'app_name': '"build_app([975, 1394, 454, 1404, 1369, 490, 1272, 415, 583, 977, 883, 200, 1300, 476], {\'mask\': 565, \'phase\': 12, \'seed\': 5334, \'checksum\': 5356, \'tier\': 2, \'anchor\': 74, \'pairs\': (975, 1394), \'nested\': {\'values\': [975, 454, 1369, 1272, 583], \'turn\': 50, \'active\': True}}, scale=13, offset=545, tags=(\'tag-001\', \'tag-044\', \'tag-125\', \'tag-064\', \'tag-034\', \'tag-049\', \'tag-074\', \'tag-111\', \'tag-030\', \'tag-048\'))"', 'args': "[[975, 1394, 454, 1404, 1369, 490, 1272, 415, 583, 977, 883, 200, 1300, 476], {'mask': 565, 'phase': 12, 'seed': 5334, 'checksum': 5356, 'tier': 2, 'anchor': 74, 'pairs': (975, 1394), 'nested': {'values': [975, 454, 1369, 1272, 583], 'turn': 50, 'active': True}}]", 'attr': '<function build_app at 0x73e937e96840>', 'expr': '<ast.Call object at 0x73e937ccb730>', 'kwargs': "{'scale': 13, 'offset': 545, 'tags': ('tag-001', 'tag-044', 'tag-125', 'tag-064', 'tag-034', 'tag-049', 'tag-074', 'tag-111', 'tag-030', 'tag-048')}", 'module': "<module 'qa_factory_bench_module'>", 'name': "'build_app'"}
2026-08-22 23:52:09.115 /testbed/src/flask/cli.py:120 flask.cli.find_app_by_string event=call locals={'app_name': '"build_app([730, 1045, 443, 537, 1049, 910, 565, 173, 161, 1002, 204, 1283, 420, 1067], {\'mask\': 732, \'phase\': 19, \'seed\': 9141, \'checksum\': 6017, \'tier\': 17, \'anchor\': None, \'pairs\': (730, 1045, 443), \'nested\': {\'values\': [730, 443, 1049, 565, 161], \'turn\': 51, \'active\': False}}, scale=12, offset=702, tags=(\'tag-021\', \'tag-087\', \'tag-125\', \'tag-097\', \'tag-106\', \'tag-099\', \'tag-013\', \'tag-007\', \'tag-000\', \'tag-084\'))"', 'module': "<module 'qa_factory_bench_module'>"}
2026-08-22 23:52:09.115 /testbed/src/flask/cli.py:124 flask.cli.find_app_by_string event=line locals={}
2026-08-22 23:52:09.115 /testbed/src/flask/cli.py:128 flask.cli.find_app_by_string event=line locals={'Flask': "<class 'flask.app.Flask'>"}
2026-08-22 23:52:09.115 /testbed/src/flask/cli.py:129 flask.cli.find_app_by_string event=line locals={}
2026-08-22 23:52:09.115 /testbed/src/flask/cli.py:135 flask.cli.find_app_by_string event=line locals={'expr': '<ast.Call object at 0x73e937e87cd0>'}
2026-08-22 23:52:09.115 /testbed/src/flask/cli.py:139 flask.cli.find_app_by_string event=line locals={}
2026-08-22 23:52:09.115 /testbed/src/flask/cli.py:141 flask.cli.find_app_by_string event=line locals={}
2026-08-22 23:52:09.115 /testbed/src/flask/cli.py:146 flask.cli.find_app_by_string event=line locals={}
2026-08-22 23:52:09.115 /testbed/src/flask/cli.py:149 flask.cli.find_app_by_string event=line locals={'name': "'build_app'"}
2026-08-22 23:52:09.115 /testbed/src/flask/cli.py:150 flask.cli.find_app_by_string event=line locals={}
2026-08-22 23:52:09.116 /testbed/src/flask/cli.py:151 flask.cli.find_app_by_string event=line locals={'args': "[[730, 1045, 443, 537, 1049, 910, 565, 173, 161, 1002, 204, 1283, 420, 1067], {'mask': 732, 'phase': 19, 'seed': 9141, 'checksum': 6017, 'tier': 17, 'anchor': None, 'pairs': (730, 1045, 443), 'nested': {'values': [730, 443, 1049, 565, 161], 'turn': 51, 'active': False}}]"}
2026-08-22 23:52:09.116 /testbed/src/flask/cli.py:153 flask.cli.find_app_by_string event=line locals={}
2026-08-22 23:52:09.116 /testbed/src/flask/cli.py:151 flask.cli.find_app_by_string event=line locals={}
2026-08-22 23:52:09.116 /testbed/src/flask/cli.py:167 flask.cli.find_app_by_string event=line locals={'kwargs': "{'scale': 12, 'offset': 702, 'tags': ('tag-021', 'tag-087', 'tag-125', 'tag-097', 'tag-106', 'tag-099', 'tag-013', 'tag-007', 'tag-000', 'tag-084')}"}
2026-08-22 23:52:09.116 /testbed/src/flask/cli.py:168 flask.cli.find_app_by_string event=line locals={}
2026-08-22 23:52:09.116 /testbed/src/flask/cli.py:176 flask.cli.find_app_by_string event=line locals={'attr': '<function build_app at 0x73e937e96840>'}
2026-08-22 23:52:09.116 /testbed/src/flask/cli.py:177 flask.cli.find_app_by_string event=line locals={}
2026-08-22 23:52:09.116 /testbed/src/flask/cli.py:178 flask.cli.find_app_by_string event=line locals={}
2026-08-22 23:52:09.129 /testbed/src/flask/cli.py:191 flask.cli.find_app_by_string event=line locals={'app': "<Flask 'runtime-883497'>"}
2026-08-22 23:52:09.129 /testbed/src/flask/cli.py:192 flask.cli.find_app_by_string event=line locals={}
2026-08-22 23:52:09.129 /testbed/src/flask/cli.py:192 flask.cli.find_app_by_string event=return retval=<Flask 'runtime-883497'> locals={'Flask': "<class 'flask.app.Flask'>", 'app': "<Flask 'runtime-883497'>", 'app_name': '"build_app([730, 1045, 443, 537, 1049, 910, 565, 173, 161, 1002, 204, 1283, 420, 1067], {\'mask\': 732, \'phase\': 19, \'seed\': 9141, \'checksum\': 6017, \'tier\': 17, \'anchor\': None, \'pairs\': (730, 1045, 443), \'nested\': {\'values\': [730, 443, 1049, 565, 161], \'turn\': 51, \'active\': False}}, scale=12, offset=702, tags=(\'tag-021\', \'tag-087\', \'tag-125\', \'tag-097\', \'tag-106\', \'tag-099\', \'tag-013\', \'tag-007\', \'tag-000\', \'tag-084\'))"', 'args': "[[730, 1045, 443, 537, 1049, 910, 565, 173, 161, 1002, 204, 1283, 420, 1067], {'mask': 732, 'phase': 19, 'seed': 9141, 'checksum': 6017, 'tier': 17, 'anchor': None, 'pairs': (730, 1045, 443), 'nested': {'values': [730, 443, 1049, 565, 161], 'turn': 51, 'active': False}}]", 'attr': '<function build_app at 0x73e937e96840>', 'expr': '<ast.Call object at 0x73e937e87cd0>', 'kwargs': "{'scale': 12, 'offset': 702, 'tags': ('tag-021', 'tag-087', 'tag-125', 'tag-097', 'tag-106', 'tag-099', 'tag-013', 'tag-007', 'tag-000', 'tag-084')}", 'module': "<module 'qa_factory_bench_module'>", 'name': "'build_app'"}
2026-08-22 23:52:09.130 /testbed/src/flask/cli.py:120 flask.cli.find_app_by_string event=call locals={'app_name': '"build_app([654, 289, 868, 1038, 648, 406, 405, 1343, 23, 804, 994, 287, 1110, 734], {\'mask\': 884, \'phase\': 26, \'seed\': 6199, \'checksum\': 4901, \'tier\': 17, \'anchor\': None, \'pairs\': (), \'nested\': {\'values\': [654, 868, 648, 405, 23], \'turn\': 52, \'active\': True}}, scale=6, offset=889, tags=(\'tag-083\', \'tag-104\', \'tag-053\', \'tag-101\', \'tag-097\', \'tag-114\', \'tag-118\', \'tag-045\', \'tag-000\', \'tag-024\'))"', 'module': "<module 'qa_factory_bench_module'>"}
2026-08-22 23:52:09.130 /testbed/src/flask/cli.py:124 flask.cli.find_app_by_string event=line locals={}
2026-08-22 23:52:09.131 /testbed/src/flask/cli.py:128 flask.cli.find_app_by_string event=line locals={'Flask': "<class 'flask.app.Flask'>"}
2026-08-22 23:52:09.131 /testbed/src/flask/cli.py:129 flask.cli.find_app_by_string event=line locals={}
2026-08-22 23:52:09.131 /testbed/src/flask/cli.py:135 flask.cli.find_app_by_string event=line locals={'expr': '<ast.Call object at 0x73e937e877f0>'}
2026-08-22 23:52:09.131 /testbed/src/flask/cli.py:139 flask.cli.find_app_by_string event=line locals={}
2026-08-22 23:52:09.131 /testbed/src/flask/cli.py:141 flask.cli.find_app_by_string event=line locals={}
2026-08-22 23:52:09.131 /testbed/src/flask/cli.py:146 flask.cli.find_app_by_string event=line locals={}
2026-08-22 23:52:09.131 /testbed/src/flask/cli.py:149 flask.cli.find_app_by_string event=line locals={'name': "'build_app'"}
2026-08-22 23:52:09.131 /testbed/src/flask/cli.py:150 flask.cli.find_app_by_string event=line locals={}
2026-08-22 23:52:09.131 /testbed/src/flask/cli.py:151 flask.cli.find_app_by_string event=line locals={'args': "[[654, 289, 868, 1038, 648, 406, 405, 1343, 23, 804, 994, 287, 1110, 734], {'mask': 884, 'phase': 26, 'seed': 6199, 'checksum': 4901, 'tier': 17, 'anchor': None, 'pairs': (), 'nested': {'values': [654, 868, 648, 405, 23], 'turn': 52, 'active': True}}]"}
2026-08-22 23:52:09.131 /testbed/src/flask/cli.py:153 flask.cli.find_app_by_string event=line locals={}
2026-08-22 23:52:09.131 /testbed/src/flask/cli.py:151 flask.cli.find_app_by_string event=line locals={}
2026-08-22 23:52:09.131 /testbed/src/flask/cli.py:167 flask.cli.find_app_by_string event=line locals={'kwargs': "{'scale': 6, 'offset': 889, 'tags': ('tag-083', 'tag-104', 'tag-053', 'tag-101', 'tag-097', 'tag-114', 'tag-118', 'tag-045', 'tag-000', 'tag-024')}"}
2026-08-22 23:52:09.131 /testbed/src/flask/cli.py:168 flask.cli.find_app_by_string event=line locals={}
2026-08-22 23:52:09.131 /testbed/src/flask/cli.py:176 flask.cli.find_app_by_string event=line locals={'attr': '<function build_app at 0x73e937e96840>'}
2026-08-22 23:52:09.131 /testbed/src/flask/cli.py:177 flask.cli.find_app_by_string event=line locals={}
2026-08-22 23:52:09.131 /testbed/src/flask/cli.py:178 flask.cli.find_app_by_string event=line locals={}
2026-08-22 23:52:09.144 /testbed/src/flask/cli.py:191 flask.cli.find_app_by_string event=line locals={'app': "<Flask 'runtime-464382'>"}
2026-08-22 23:52:09.144 /testbed/src/flask/cli.py:192 flask.cli.find_app_by_string event=line locals={}
2026-08-22 23:52:09.144 /testbed/src/flask/cli.py:192 flask.cli.find_app_by_string event=return retval=<Flask 'runtime-464382'> locals={'Flask': "<class 'flask.app.Flask'>", 'app': "<Flask 'runtime-464382'>", 'app_name': '"build_app([654, 289, 868, 1038, 648, 406, 405, 1343, 23, 804, 994, 287, 1110, 734], {\'mask\': 884, \'phase\': 26, \'seed\': 6199, \'checksum\': 4901, \'tier\': 17, \'anchor\': None, \'pairs\': (), \'nested\': {\'values\': [654, 868, 648, 405, 23], \'turn\': 52, \'active\': True}}, scale=6, offset=889, tags=(\'tag-083\', \'tag-104\', \'tag-053\', \'tag-101\', \'tag-097\', \'tag-114\', \'tag-118\', \'tag-045\', \'tag-000\', \'tag-024\'))"', 'args': "[[654, 289, 868, 1038, 648, 406, 405, 1343, 23, 804, 994, 287, 1110, 734], {'mask': 884, 'phase': 26, 'seed': 6199, 'checksum': 4901, 'tier': 17, 'anchor': None, 'pairs': (), 'nested': {'values': [654, 868, 648, 405, 23], 'turn': 52, 'active': True}}]", 'attr': '<function build_app at 0x73e937e96840>', 'expr': '<ast.Call object at 0x73e937e877f0>', 'kwargs': "{'scale': 6, 'offset': 889, 'tags': ('tag-083', 'tag-104', 'tag-053', 'tag-101', 'tag-097', 'tag-114', 'tag-118', 'tag-045', 'tag-000', 'tag-024')}", 'module': "<module 'qa_factory_bench_module'>", 'name': "'build_app'"}
2026-08-22 23:52:09.146 /testbed/src/flask/cli.py:120 flask.cli.find_app_by_string event=call locals={'app_name': '"build_app([1067, 1005, 591, 362, 678, 446, 176, 693, 1478, 379, 245, 162, 1391, 1239], {\'mask\': 189, \'phase\': 3, \'seed\': 8649, \'checksum\': 4286, \'tier\': 12, \'anchor\': None, \'pairs\': (1067,), \'nested\': {\'values\': [1067, 591, 678, 176, 1478], \'turn\': 53, \'active\': False}}, scale=11, offset=477, tags=(\'tag-126\', \'tag-069\', \'tag-041\', \'tag-071\', \'tag-011\', \'tag-038\', \'tag-027\', \'tag-041\', \'tag-069\', \'tag-118\'))"', 'module': "<module 'qa_factory_bench_module'>"}
2026-08-22 23:52:09.146 /testbed/src/flask/cli.py:124 flask.cli.find_app_by_string event=line locals={}
2026-08-22 23:52:09.146 /testbed/src/flask/cli.py:128 flask.cli.find_app_by_string event=line locals={'Flask': "<class 'flask.app.Flask'>"}
2026-08-22 23:52:09.146 /testbed/src/flask/cli.py:129 flask.cli.find_app_by_string event=line locals={}
2026-08-22 23:52:09.146 /testbed/src/flask/cli.py:135 flask.cli.find_app_by_string event=line locals={'expr': '<ast.Call object at 0x73e937cca110>'}
2026-08-22 23:52:09.146 /testbed/src/flask/cli.py:139 flask.cli.find_app_by_string event=line locals={}
2026-08-22 23:52:09.146 /testbed/src/flask/cli.py:141 flask.cli.find_app_by_string event=line locals={}
2026-08-22 23:52:09.146 /testbed/src/flask/cli.py:146 flask.cli.find_app_by_string event=line locals={}
2026-08-22 23:52:09.146 /testbed/src/flask/cli.py:149 flask.cli.find_app_by_string event=line locals={'name': "'build_app'"}
2026-08-22 23:52:09.146 /testbed/src/flask/cli.py:150 flask.cli.find_app_by_string event=line locals={}
2026-08-22 23:52:09.146 /testbed/src/flask/cli.py:151 flask.cli.find_app_by_string event=line locals={'args': "[[1067, 1005, 591, 362, 678, 446, 176, 693, 1478, 379, 245, 162, 1391, 1239], {'mask': 189, 'phase': 3, 'seed': 8649, 'checksum': 4286, 'tier': 12, 'anchor': None, 'pairs': (1067,), 'nested': {'values': [1067, 591, 678, 176, 1478], 'turn': 53, 'active': False}}]"}
2026-08-22 23:52:09.146 /testbed/src/flask/cli.py:153 flask.cli.find_app_by_string event=line locals={}
2026-08-22 23:52:09.146 /testbed/src/flask/cli.py:151 flask.cli.find_app_by_string event=line locals={}
2026-08-22 23:52:09.146 /testbed/src/flask/cli.py:167 flask.cli.find_app_by_string event=line locals={'kwargs': "{'scale': 11, 'offset': 477, 'tags': ('tag-126', 'tag-069', 'tag-041', 'tag-071', 'tag-011', 'tag-038', 'tag-027', 'tag-041', 'tag-069', 'tag-118')}"}
2026-08-22 23:52:09.146 /testbed/src/flask/cli.py:168 flask.cli.find_app_by_string event=line locals={}
2026-08-22 23:52:09.146 /testbed/src/flask/cli.py:176 flask.cli.find_app_by_string event=line locals={'attr': '<function build_app at 0x73e937e96840>'}
2026-08-22 23:52:09.146 /testbed/src/flask/cli.py:177 flask.cli.find_app_by_string event=line locals={}
2026-08-22 23:52:09.146 /testbed/src/flask/cli.py:178 flask.cli.find_app_by_string event=line locals={}
2026-08-22 23:52:09.159 /testbed/src/flask/cli.py:191 flask.cli.find_app_by_string event=line locals={'app': "<Flask 'runtime-857187'>"}
2026-08-22 23:52:09.160 /testbed/src/flask/cli.py:192 flask.cli.find_app_by_string event=line locals={}
2026-08-22 23:52:09.160 /testbed/src/flask/cli.py:192 flask.cli.find_app_by_string event=return retval=<Flask 'runtime-857187'> locals={'Flask': "<class 'flask.app.Flask'>", 'app': "<Flask 'runtime-857187'>", 'app_name': '"build_app([1067, 1005, 591, 362, 678, 446, 176, 693, 1478, 379, 245, 162, 1391, 1239], {\'mask\': 189, \'phase\': 3, \'seed\': 8649, \'checksum\': 4286, \'tier\': 12, \'anchor\': None, \'pairs\': (1067,), \'nested\': {\'values\': [1067, 591, 678, 176, 1478], \'turn\': 53, \'active\': False}}, scale=11, offset=477, tags=(\'tag-126\', \'tag-069\', \'tag-041\', \'tag-071\', \'tag-011\', \'tag-038\', \'tag-027\', \'tag-041\', \'tag-069\', \'tag-118\'))"', 'args': "[[1067, 1005, 591, 362, 678, 446, 176, 693, 1478, 379, 245, 162, 1391, 1239], {'mask': 189, 'phase': 3, 'seed': 8649, 'checksum': 4286, 'tier': 12, 'anchor': None, 'pairs': (1067,), 'nested': {'values': [1067, 591, 678, 176, 1478], 'turn': 53, 'active': False}}]", 'attr': '<function build_app at 0x73e937e96840>', 'expr': '<ast.Call object at 0x73e937cca110>', 'kwargs': "{'scale': 11, 'offset': 477, 'tags': ('tag-126', 'tag-069', 'tag-041', 'tag-071', 'tag-011', 'tag-038', 'tag-027', 'tag-041', 'tag-069', 'tag-118')}", 'module': "<module 'qa_factory_bench_module'>", 'name': "'build_app'"}
2026-08-22 23:52:09.161 /testbed/src/flask/cli.py:120 flask.cli.find_app_by_string event=call locals={'app_name': '"build_app([275, 158, 382, 527, 1158, 1007, 1009, 1126, 134, 1389, 553, 1282, 585, 376], {\'mask\': 856, \'phase\': 39, \'seed\': 2129, \'checksum\': 5865, \'tier\': 2, \'anchor\': None, \'pairs\': (275, 158), \'nested\': {\'values\': [275, 382, 1158, 1009, 134], \'turn\': 54, \'active\': True}}, scale=3, offset=767, tags=(\'tag-107\', \'tag-122\', \'tag-097\', \'tag-120\', \'tag-121\', \'tag-102\', \'tag-109\', \'tag-104\', \'tag-006\', \'tag-123\'))"', 'module': "<module 'qa_factory_bench_module'>"}
2026-08-22 23:52:09.161 /testbed/src/flask/cli.py:124 flask.cli.find_app_by_string event=line locals={}
2026-08-22 23:52:09.161 /testbed/src/flask/cli.py:128 flask.cli.find_app_by_string event=line locals={'Flask': "<class 'flask.app.Flask'>"}
2026-08-22 23:52:09.161 /testbed/src/flask/cli.py:129 flask.cli.find_app_by_string event=line locals={}
2026-08-22 23:52:09.161 /testbed/src/flask/cli.py:135 flask.cli.find_app_by_string event=line locals={'expr': '<ast.Call object at 0x73e937e87fd0>'}
2026-08-22 23:52:09.161 /testbed/src/flask/cli.py:139 flask.cli.find_app_by_string event=line locals={}
2026-08-22 23:52:09.161 /testbed/src/flask/cli.py:141 flask.cli.find_app_by_string event=line locals={}
2026-08-22 23:52:09.161 /testbed/src/flask/cli.py:146 flask.cli.find_app_by_string event=line locals={}
2026-08-22 23:52:09.161 /testbed/src/flask/cli.py:149 flask.cli.find_app_by_string event=line locals={'name': "'build_app'"}
2026-08-22 23:52:09.161 /testbed/src/flask/cli.py:150 flask.cli.find_app_by_string event=line locals={}
2026-08-22 23:52:09.161 /testbed/src/flask/cli.py:151 flask.cli.find_app_by_string event=line locals={'args': "[[275, 158, 382, 527, 1158, 1007, 1009, 1126, 134, 1389, 553, 1282, 585, 376], {'mask': 856, 'phase': 39, 'seed': 2129, 'checksum': 5865, 'tier': 2, 'anchor': None, 'pairs': (275, 158), 'nested': {'values': [275, 382, 1158, 1009, 134], 'turn': 54, 'active': True}}]"}
2026-08-22 23:52:09.161 /testbed/src/flask/cli.py:153 flask.cli.find_app_by_string event=line locals={}
2026-08-22 23:52:09.161 /testbed/src/flask/cli.py:151 flask.cli.find_app_by_string event=line locals={}
2026-08-22 23:52:09.162 /testbed/src/flask/cli.py:167 flask.cli.find_app_by_string event=line locals={'kwargs': "{'scale': 3, 'offset': 767, 'tags': ('tag-107', 'tag-122', 'tag-097', 'tag-120', 'tag-121', 'tag-102', 'tag-109', 'tag-104', 'tag-006', 'tag-123')}"}
2026-08-22 23:52:09.162 /testbed/src/flask/cli.py:168 flask.cli.find_app_by_string event=line locals={}
2026-08-22 23:52:09.162 /testbed/src/flask/cli.py:176 flask.cli.find_app_by_string event=line locals={'attr': '<function build_app at 0x73e937e96840>'}
2026-08-22 23:52:09.162 /testbed/src/flask/cli.py:177 flask.cli.find_app_by_string event=line locals={}
2026-08-22 23:52:09.162 /testbed/src/flask/cli.py:178 flask.cli.find_app_by_string event=line locals={}
2026-08-22 23:52:09.175 /testbed/src/flask/cli.py:191 flask.cli.find_app_by_string event=line locals={'app': "<Flask 'runtime-260274'>"}
2026-08-22 23:52:09.175 /testbed/src/flask/cli.py:192 flask.cli.find_app_by_string event=line locals={}
2026-08-22 23:52:09.175 /testbed/src/flask/cli.py:192 flask.cli.find_app_by_string event=return retval=<Flask 'runtime-260274'> locals={'Flask': "<class 'flask.app.Flask'>", 'app': "<Flask 'runtime-260274'>", 'app_name': '"build_app([275, 158, 382, 527, 1158, 1007, 1009, 1126, 134, 1389, 553, 1282, 585, 376], {\'mask\': 856, \'phase\': 39, \'seed\': 2129, \'checksum\': 5865, \'tier\': 2, \'anchor\': None, \'pairs\': (275, 158), \'nested\': {\'values\': [275, 382, 1158, 1009, 134], \'turn\': 54, \'active\': True}}, scale=3, offset=767, tags=(\'tag-107\', \'tag-122\', \'tag-097\', \'tag-120\', \'tag-121\', \'tag-102\', \'tag-109\', \'tag-104\', \'tag-006\', \'tag-123\'))"', 'args': "[[275, 158, 382, 527, 1158, 1007, 1009, 1126, 134, 1389, 553, 1282, 585, 376], {'mask': 856, 'phase': 39, 'seed': 2129, 'checksum': 5865, 'tier': 2, 'anchor': None, 'pairs': (275, 158), 'nested': {'values': [275, 382, 1158, 1009, 134], 'turn': 54, 'active': True}}]", 'attr': '<function build_app at 0x73e937e96840>', 'expr': '<ast.Call object at 0x73e937e87fd0>', 'kwargs': "{'scale': 3, 'offset': 767, 'tags': ('tag-107', 'tag-122', 'tag-097', 'tag-120', 'tag-121', 'tag-102', 'tag-109', 'tag-104', 'tag-006', 'tag-123')}", 'module': "<module 'qa_factory_bench_module'>", 'name': "'build_app'"}
2026-08-22 23:52:09.176 /testbed/src/flask/cli.py:120 flask.cli.find_app_by_string event=call locals={'app_name': '"build_app([259, 192, 191, 474, 856, 411, 361, 1503, 1231, 1403, 291, 1163, 401, 438], {\'mask\': 603, \'phase\': 0, \'seed\': 9369, \'checksum\': 5584, \'tier\': 9, \'anchor\': 0, \'pairs\': (259, 192, 191), \'nested\': {\'values\': [259, 191, 856, 361, 1231], \'turn\': 55, \'active\': False}}, scale=7, offset=165, tags=(\'tag-102\', \'tag-040\', \'tag-044\', \'tag-078\', \'tag-084\', \'tag-025\', \'tag-107\', \'tag-111\', \'tag-098\', \'tag-021\'))"', 'module': "<module 'qa_factory_bench_module'>"}
2026-08-22 23:52:09.176 /testbed/src/flask/cli.py:124 flask.cli.find_app_by_string event=line locals={}
2026-08-22 23:52:09.176 /testbed/src/flask/cli.py:128 flask.cli.find_app_by_string event=line locals={'Flask': "<class 'flask.app.Flask'>"}
2026-08-22 23:52:09.176 /testbed/src/flask/cli.py:129 flask.cli.find_app_by_string event=line locals={}
2026-08-22 23:52:09.176 /testbed/src/flask/cli.py:135 flask.cli.find_app_by_string event=line locals={'expr': '<ast.Call object at 0x73e937cca680>'}
2026-08-22 23:52:09.176 /testbed/src/flask/cli.py:139 flask.cli.find_app_by_string event=line locals={}
2026-08-22 23:52:09.176 /testbed/src/flask/cli.py:141 flask.cli.find_app_by_string event=line locals={}
2026-08-22 23:52:09.176 /testbed/src/flask/cli.py:146 flask.cli.find_app_by_string event=line locals={}
2026-08-22 23:52:09.176 /testbed/src/flask/cli.py:149 flask.cli.find_app_by_string event=line locals={'name': "'build_app'"}
2026-08-22 23:52:09.176 /testbed/src/flask/cli.py:150 flask.cli.find_app_by_string event=line locals={}
2026-08-22 23:52:09.177 /testbed/src/flask/cli.py:151 flask.cli.find_app_by_string event=line locals={'args': "[[259, 192, 191, 474, 856, 411, 361, 1503, 1231, 1403, 291, 1163, 401, 438], {'mask': 603, 'phase': 0, 'seed': 9369, 'checksum': 5584, 'tier': 9, 'anchor': 0, 'pairs': (259, 192, 191), 'nested': {'values': [259, 191, 856, 361, 1231], 'turn': 55, 'active': False}}]"}
2026-08-22 23:52:09.177 /testbed/src/flask/cli.py:153 flask.cli.find_app_by_string event=line locals={}
2026-08-22 23:52:09.177 /testbed/src/flask/cli.py:151 flask.cli.find_app_by_string event=line locals={}
2026-08-22 23:52:09.177 /testbed/src/flask/cli.py:167 flask.cli.find_app_by_string event=line locals={'kwargs': "{'scale': 7, 'offset': 165, 'tags': ('tag-102', 'tag-040', 'tag-044', 'tag-078', 'tag-084', 'tag-025', 'tag-107', 'tag-111', 'tag-098', 'tag-021')}"}
2026-08-22 23:52:09.177 /testbed/src/flask/cli.py:168 flask.cli.find_app_by_string event=line locals={}
2026-08-22 23:52:09.177 /testbed/src/flask/cli.py:176 flask.cli.find_app_by_string event=line locals={'attr': '<function build_app at 0x73e937e96840>'}
2026-08-22 23:52:09.177 /testbed/src/flask/cli.py:177 flask.cli.find_app_by_string event=line locals={}
2026-08-22 23:52:09.177 /testbed/src/flask/cli.py:178 flask.cli.find_app_by_string event=line locals={}
2026-08-22 23:52:09.190 /testbed/src/flask/cli.py:191 flask.cli.find_app_by_string event=line locals={'app': "<Flask 'runtime-567536'>"}
2026-08-22 23:52:09.190 /testbed/src/flask/cli.py:192 flask.cli.find_app_by_string event=line locals={}
2026-08-22 23:52:09.190 /testbed/src/flask/cli.py:192 flask.cli.find_app_by_string event=return retval=<Flask 'runtime-567536'> locals={'Flask': "<class 'flask.app.Flask'>", 'app': "<Flask 'runtime-567536'>", 'app_name': '"build_app([259, 192, 191, 474, 856, 411, 361, 1503, 1231, 1403, 291, 1163, 401, 438], {\'mask\': 603, \'phase\': 0, \'seed\': 9369, \'checksum\': 5584, \'tier\': 9, \'anchor\': 0, \'pairs\': (259, 192, 191), \'nested\': {\'values\': [259, 191, 856, 361, 1231], \'turn\': 55, \'active\': False}}, scale=7, offset=165, tags=(\'tag-102\', \'tag-040\', \'tag-044\', \'tag-078\', \'tag-084\', \'tag-025\', \'tag-107\', \'tag-111\', \'tag-098\', \'tag-021\'))"', 'args': "[[259, 192, 191, 474, 856, 411, 361, 1503, 1231, 1403, 291, 1163, 401, 438], {'mask': 603, 'phase': 0, 'seed': 9369, 'checksum': 5584, 'tier': 9, 'anchor': 0, 'pairs': (259, 192, 191), 'nested': {'values': [259, 191, 856, 361, 1231], 'turn': 55, 'active': False}}]", 'attr': '<function build_app at 0x73e937e96840>', 'expr': '<ast.Call object at 0x73e937cca680>', 'kwargs': "{'scale': 7, 'offset': 165, 'tags': ('tag-102', 'tag-040', 'tag-044', 'tag-078', 'tag-084', 'tag-025', 'tag-107', 'tag-111', 'tag-098', 'tag-021')}", 'module': "<module 'qa_factory_bench_module'>", 'name': "'build_app'"}
